date,ticker,open,high,low,close,volume,ret,shares_out,market_cap,permno,gvkey
2026-01-02,ACLS,82.79,86.97,81.23,86.12,173790,,,,,
2026-01-05,ACLS,86.99,91.5,86.45,89.04,219858,0.03390617742684632,,,,
2026-01-06,ACLS,89.31,95.3,89.04,93.9,189365,0.05458221024258769,,,,
2026-01-07,ACLS,93.4,94.6,91.25,92.99,215497,-0.009691160809371824,,,,
2026-01-08,ACLS,92.73,92.87,87.73,89.885,364046,-0.0333906871706634,,,,
2026-01-09,ACLS,89.89,94.65,89.89,93.1,171900,0.035767925682816726,,,,
2026-01-12,ACLS,91.5,97.74,91.5,95.72,202576,0.028141783029001166,,,,
2026-01-13,ACLS,96.37,97.85,95.49,97.04,175239,0.013790221479314635,,,,
2026-01-14,ACLS,96.75,96.75,92.23,93.22,183394,-0.039365210222588654,,,,
2026-01-15,ACLS,96.35,100.62,95.82,97.26,181462,0.04333833941214338,,,,
2026-01-16,ACLS,97.7,99.82,93.04,93.07,184812,-0.043080403043389004,,,,
2026-01-20,ACLS,91.48,92.16,88.07,88.86,191913,-0.04523476952831196,,,,
2026-01-21,ACLS,89.94,94.7,88.33,93.42,174640,0.05131667792032424,,,,
2026-01-22,ACLS,94.55,96.225,93.54,94.96,177807,0.01648469278527065,,,,
2026-01-23,ACLS,94.86,94.86,89.2,90.03,212325,-0.05191659646166802,,,,
2026-01-26,ACLS,90.85,92.05,89.0,89.0,134265,-0.011440630900810822,,,,
2026-01-27,ACLS,90.25,92.55,90.01,91.04,170746,0.022921348314606904,,,,
2026-01-28,ACLS,93.51,94.47,89.22,92.59,153074,0.017025483304042188,,,,
2026-01-29,ACLS,92.0,93.315,88.545,91.14,166423,-0.01566043849227783,,,,
2026-01-30,ACLS,91.04,92.49,87.39,88.05,224616,-0.0339038841342989,,,,
2026-02-02,ACLS,86.47,90.36,85.89,88.81,179766,0.008631459398069419,,,,
2026-02-03,ACLS,90.05,91.0,81.3,84.37,324393,-0.04999437000337792,,,,
2026-02-04,ACLS,84.93,87.33,82.57,85.0,298119,0.007467109162024421,,,,
2026-02-05,ACLS,83.87,83.87,79.36,80.27,355455,-0.055647058823529494,,,,
2026-02-06,ACLS,82.84,87.66,81.94,86.84,255413,0.08184876043353695,,,,
2026-02-09,ACLS,86.18,86.6,83.71,85.47,229066,-0.015776140027637053,,,,
2026-02-10,ACLS,85.6,90.83,85.36,89.74,194819,0.04995904995904987,,,,
2026-02-11,ACLS,89.99,93.5,89.9,92.57,205440,0.03153554713617113,,,,
2026-02-12,ACLS,92.37,94.5,89.805,93.5,203405,0.010046451334125628,,,,
2026-02-13,ACLS,92.15,95.65,91.2,95.23,330752,0.01850267379679149,,,,
2026-02-17,ACLS,94.02,99.11,81.48,84.35,569525,-0.11424971122545424,,,,
2026-02-18,ACLS,85.55,86.84,75.29,82.01,1394383,-0.027741553052756274,,,,
2026-02-19,ACLS,81.9,82.77,77.56,80.38,481186,-0.019875624923789914,,,,
2026-02-20,ACLS,81.49,81.49,76.34,80.2,392010,-0.002239363025628216,,,,
2026-02-23,ACLS,79.0,80.16,77.75,78.49,272728,-0.021321695760598613,,,,
2026-02-24,ACLS,79.77,82.61,78.79,80.55,231670,0.026245381577270965,,,,
2026-02-25,ACLS,81.78,82.68,78.9,79.99,194315,-0.006952203600248286,,,,
2026-02-26,ACLS,80.8,83.98,78.94,83.98,300563,0.049881235154394465,,,,
2026-02-27,ACLS,82.58,84.39,81.0,82.61,296736,-0.016313407954274828,,,,
2026-01-02,AD,54.06,54.06,53.41,53.96,10100,,,,,
2026-01-05,AD,53.7,54.74,53.7,54.54,21549,0.010748702742772398,,,,
2026-01-06,AD,54.095,54.395,53.6,53.83,11687,-0.013017968463512997,,,,
2026-01-07,AD,54.43,55.12,53.71,54.725,26741,0.01662641649637764,,,,
2026-01-08,AD,54.8,55.08,51.97,52.015,79629,-0.04952032891731384,,,,
2026-01-09,AD,53.96,53.96,52.19,52.66,17248,0.012400269153128862,,,,
2026-01-12,AD,53.01,53.63,51.79,52.79,12428,0.0024686669198632494,,,,
2026-01-13,AD,53.89,55.99,52.45,55.68,21653,0.054745216897139626,,,,
2026-01-14,AD,55.19,58.15,55.19,57.145,51473,0.02631106321839094,,,,
2026-01-15,AD,57.27,57.27,55.22,56.97,36497,-0.003062385160556569,,,,
2026-01-16,AD,56.65,57.79,55.26,57.79,38625,0.014393540459891163,,,,
2026-01-20,AD,58.0,58.25,56.35,56.535,46326,-0.021716559958470327,,,,
2026-01-21,AD,56.61,58.61,56.61,58.2,36297,0.02945078270098178,,,,
2026-01-22,AD,58.99,60.82,58.99,60.42,76220,0.0381443298969073,,,,
2026-01-23,AD,50.88,50.88,47.62,47.92,79052,-0.2068851373717312,,,,
2026-01-26,AD,48.0,48.085,46.49,47.12,149497,-0.016694490818030094,,,,
2026-01-27,AD,46.8,47.17,45.99,46.9,32037,-0.004668930390492321,,,,
2026-01-28,AD,47.035,47.52,46.18,46.58,21518,-0.006823027718550145,,,,
2026-01-29,AD,46.685,47.48,46.32,47.41,15328,0.01781880635465871,,,,
2026-01-30,AD,47.97,48.35,47.33,48.2,25309,0.01666315123391704,,,,
2026-02-02,AD,47.01,49.16,47.01,48.52,46775,0.00663900414937757,,,,
2026-02-03,AD,48.5,49.62,48.4,48.88,18912,0.007419620774938185,,,,
2026-02-04,AD,49.24,49.75,48.84,49.635,15268,0.015445990180032565,,,,
2026-02-05,AD,49.45,49.77,48.0,48.39,11695,-0.025083106678754907,,,,
2026-02-06,AD,48.84,48.99,48.26,48.8,11259,0.008472824963835501,,,,
2026-02-09,AD,48.74,49.11,48.29,48.99,14277,0.0038934426229508823,,,,
2026-02-10,AD,48.34,49.32,48.34,48.975,11450,-0.00030618493570122585,,,,
2026-02-11,AD,48.725,49.64,48.725,49.395,16207,0.008575803981623276,,,,
2026-02-12,AD,49.455,50.73,49.455,50.53,19000,0.02297803421398914,,,,
2026-02-13,AD,50.82,51.28,50.47,50.86,13309,0.006530773797743805,,,,
2026-02-17,AD,51.39,51.99,50.75,50.8,29576,-0.0011797090051121062,,,,
2026-02-18,AD,50.5,50.89,49.26,49.67,13884,-0.02224409448818887,,,,
2026-02-19,AD,49.66,50.47,49.45,50.43,21101,0.015300986510972336,,,,
2026-02-20,AD,51.0,52.0,48.51,49.6,53709,-0.016458457267499504,,,,
2026-02-23,AD,49.1,49.955,48.17,48.45,47714,-0.02318548387096775,,,,
2026-02-24,AD,48.47,49.02,47.5,47.935,28538,-0.010629514963880315,,,,
2026-02-25,AD,48.15,49.35,48.01,49.06,22185,0.02346928131845205,,,,
2026-02-26,AD,49.4,49.4,47.85,48.03,15365,-0.020994700366897656,,,,
2026-02-27,AD,48.01,48.74,47.94,48.69,19647,0.013741411617738786,,,,
2026-01-02,AES,14.42,14.865,14.385,14.83,500584,,,,,
2026-01-05,AES,14.89,15.02,14.465,14.73,682325,-0.006743088334457137,,,,
2026-01-06,AES,14.71,14.985,14.69,14.8,578511,0.004752206381534396,,,,
2026-01-07,AES,14.88,14.93,14.43,14.44,667321,-0.02432432432432441,,,,
2026-01-08,AES,14.44,14.555,14.205,14.23,601397,-0.01454293628808856,,,,
2026-01-09,AES,14.23,14.73,14.22,14.43,555967,0.014054813773717534,,,,
2026-01-12,AES,14.37,14.37,13.905,14.07,649726,-0.02494802494802495,,,,
2026-01-13,AES,14.11,14.155,13.905,13.99,655186,-0.005685856432125047,,,,
2026-01-14,AES,14.01,14.2,13.9,14.0,796755,0.0007147962830593713,,,,
2026-01-15,AES,14.13,14.615,14.03,14.5,949816,0.03571428571428581,,,,
2026-01-16,AES,14.53,14.8,14.145,14.18,932623,-0.022068965517241357,,,,
2026-01-20,AES,14.17,14.17,13.64,13.8,851543,-0.026798307475317307,,,,
2026-01-21,AES,13.79,14.4,13.78,14.28,656842,0.03478260869565197,,,,
2026-01-22,AES,14.33,14.655,14.135,14.605,717936,0.022759103641456724,,,,
2026-01-23,AES,14.61,14.61,14.15,14.25,576184,-0.024306744265662483,,,,
2026-01-26,AES,14.3,14.875,14.21,14.7,632103,0.03157894736842093,,,,
2026-01-27,AES,14.65,14.985,14.53,14.93,490645,0.0156462585034014,,,,
2026-01-28,AES,14.97,15.28,14.85,15.28,995833,0.023442732752846585,,,,
2026-01-29,AES,15.21,15.345,14.605,15.12,1101213,-0.010471204188481686,,,,
2026-01-30,AES,14.71,14.92,14.495,14.66,963555,-0.030423280423280352,,,,
2026-02-02,AES,14.41,17.06,14.32,15.74,1102559,0.07366984993178716,,,,
2026-02-03,AES,15.84,16.18,15.45,16.06,2330700,0.020330368487928796,,,,
2026-02-04,AES,16.02,16.25,15.56,15.67,1265499,-0.024283935242839227,,,,
2026-02-05,AES,15.67,15.76,15.36,15.58,1001071,-0.00574345883854499,,,,
2026-02-06,AES,15.82,16.14,15.715,16.06,766207,0.03080872913992283,,,,
2026-02-09,AES,16.13,16.265,15.855,16.05,783495,-0.0006226650062265415,,,,
2026-02-10,AES,16.11,16.39,15.81,16.26,794917,0.013084112149532867,,,,
2026-02-11,AES,16.3,16.585,16.25,16.53,665255,0.016605166051660403,,,,
2026-02-12,AES,16.5,16.78,16.13,16.24,890864,-0.017543859649122973,,,,
2026-02-13,AES,16.3,16.595,16.0,16.22,670860,-0.0012315270935960854,,,,
2026-02-17,AES,16.3,16.495,16.17,16.42,624933,0.01233045622688067,,,,
2026-02-18,AES,16.36,16.48,16.225,16.3,588595,-0.0073081607795372205,,,,
2026-02-19,AES,16.31,16.385,16.17,16.36,375390,0.0036809815950920033,,,,
2026-02-20,AES,16.44,16.66,16.065,16.46,830518,0.006112469437652868,,,,
2026-02-23,AES,16.45,16.49,16.035,16.35,799616,-0.006682867557715633,,,,
2026-02-24,AES,16.35,17.13,16.125,16.33,855091,-0.0012232415902142524,,,,
2026-02-25,AES,16.43,16.465,16.26,16.42,560763,0.005511328842621177,,,,
2026-02-26,AES,16.45,16.46,15.925,16.16,704742,-0.015834348355663885,,,,
2026-02-27,AES,16.06,18.58,16.0,17.22,2634374,0.06559405940594054,,,,
2026-01-02,AFBI,20.54,21.11,20.44,20.45,482,,,,,
2026-01-05,AFBI,20.5,20.605,20.42,20.58,241,0.006356968215158965,,,,
2026-01-06,AFBI,20.41,20.42,20.05,20.05,6385,-0.0257531584062195,,,,
2026-01-07,AFBI,20.12,20.33,20.07,20.12,257,0.003491271820448949,,,,
2026-01-08,AFBI,20.18,20.6,20.18,20.43,463,0.015407554671968082,,,,
2026-01-09,AFBI,20.32,20.38,20.15,20.15,1344,-0.013705335291238407,,,,
2026-01-12,AFBI,20.42,20.47,20.15,20.47,728,0.01588089330024811,,,,
2026-01-13,AFBI,20.36,20.36,20.15,20.15,616,-0.015632633121641426,,,,
2026-01-14,AFBI,20.16,20.25,20.15,20.15,1043,0.0,,,,
2026-01-15,AFBI,20.15,20.46,20.12,20.46,378,0.015384615384615552,,,,
2026-01-16,AFBI,20.32,20.57,20.15,20.57,268,0.005376344086021501,,,,
2026-01-20,AFBI,20.3,20.33,20.15,20.17,989,-0.01944579484686426,,,,
2026-01-21,AFBI,20.34,20.51,20.25,20.27,264,0.004957858205255183,,,,
2026-01-22,AFBI,20.44,20.44,20.25,20.35,1794,0.003946719289590561,,,,
2026-01-23,AFBI,20.31,20.46,20.15,20.31,4358,-0.0019656019656021373,,,,
2026-01-26,AFBI,20.51,20.51,20.18,20.51,454,0.009847365829640742,,,,
2026-01-27,AFBI,20.32,20.59,20.15,20.59,1296,0.003900536323744541,,,,
2026-01-28,AFBI,20.59,20.59,19.91,20.29,5485,-0.014570179698882968,,,,
2026-01-29,AFBI,20.27,20.46,20.15,20.46,313,0.008378511582060266,,,,
2026-01-30,AFBI,20.27,20.45,20.15,20.17,1431,-0.014173998044965774,,,,
2026-02-02,AFBI,20.14,20.33,20.14,20.25,3173,0.00396628656420428,,,,
2026-02-03,AFBI,20.17,20.59,20.17,20.59,673,0.016790123456790207,,,,
2026-02-04,AFBI,20.6,20.6,20.19,20.29,145,-0.014570179698882968,,,,
2026-02-05,AFBI,20.45,20.6,20.18,20.46,1737,0.008378511582060266,,,,
2026-02-06,AFBI,20.39,20.6,20.39,20.47,1751,0.0004887585532746819,,,,
2026-02-09,AFBI,20.6,20.67,20.39,20.5,855,0.0014655593551540225,,,,
2026-02-10,AFBI,20.37,20.74,20.37,20.63,694,0.006341463414634152,,,,
2026-02-11,AFBI,20.55,20.88,20.55,20.6,777,-0.0014541929229276995,,,,
2026-02-12,AFBI,20.77,20.77,20.6,20.75,368,0.007281553398058138,,,,
2026-02-13,AFBI,20.7,20.7,20.6,20.7,320,-0.002409638554216942,,,,
2026-02-17,AFBI,20.7,20.85,20.7,20.72,439,0.0009661835748790981,,,,
2026-02-18,AFBI,20.71,20.87,20.7,20.7,149,-0.0009652509652509078,,,,
2026-02-19,AFBI,20.82,20.9,20.7,20.7,125,0.0,,,,
2026-02-20,AFBI,20.7,20.73,20.26,20.26,646,-0.021256038647342934,,,,
2026-02-23,AFBI,20.37,20.55,20.13,20.13,482,-0.006416584402764158,,,,
2026-02-24,AFBI,20.06,20.4,19.72,19.72,1448,-0.02036761053154501,,,,
2026-02-25,AFBI,19.89,20.11,19.75,20.08,886,0.018255578093306246,,,,
2026-02-26,AFBI,19.89,19.94,19.75,19.75,696,-0.016434262948207046,,,,
2026-02-27,AFBI,19.8,20.045,19.8,19.9,891,0.007594936708860578,,,,
2026-01-02,AIRI,3.1,3.105,3.04,3.08,1034,,,,,
2026-01-05,AIRI,3.19,3.21,3.14,3.19,474,0.03571428571428559,,,,
2026-01-06,AIRI,3.075,3.175,3.07,3.175,322,-0.004702194357366851,,,,
2026-01-07,AIRI,3.16,3.18,3.11,3.18,1190,0.0015748031496063408,,,,
2026-01-08,AIRI,3.18,3.32,3.18,3.295,4401,0.03616352201257844,,,,
2026-01-09,AIRI,3.34,3.34,3.3,3.31,549,0.004552352048558417,,,,
2026-01-12,AIRI,3.32,3.32,3.27,3.3,190,-0.0030211480362538623,,,,
2026-01-13,AIRI,3.3,3.33,3.29,3.33,3261,0.00909090909090926,,,,
2026-01-14,AIRI,3.26,3.35,3.26,3.35,4261,0.006006006006006093,,,,
2026-01-15,AIRI,3.38,3.38,3.245,3.31,1004,-0.011940298507462699,,,,
2026-01-16,AIRI,3.34,3.36,3.28,3.28,742,-0.009063444108761365,,,,
2026-01-20,AIRI,3.22,3.33,3.19,3.2,2241,-0.024390243902438935,,,,
2026-01-21,AIRI,3.25,3.34,3.16,3.34,3806,0.043749999999999956,,,,
2026-01-22,AIRI,3.35,3.38,3.33,3.37,1498,0.008982035928143839,,,,
2026-01-23,AIRI,3.37,3.37,3.23,3.31,1099,-0.017804154302670683,,,,
2026-01-26,AIRI,3.33,3.455,3.33,3.365,2846,0.0166163141993958,,,,
2026-01-27,AIRI,3.27,3.46,3.27,3.37,1157,0.0014858841010401136,,,,
2026-01-28,AIRI,3.41,3.41,3.35,3.39,3210,0.005934718100890191,,,,
2026-01-29,AIRI,3.39,3.39,3.31,3.35,213,-0.01179941002949858,,,,
2026-01-30,AIRI,3.31,3.37,3.31,3.35,708,0.0,,,,
2026-02-02,AIRI,3.32,3.32,3.3,3.3,52,-0.014925373134328401,,,,
2026-02-03,AIRI,3.32,3.35,3.32,3.32,1627,0.0060606060606061,,,,
2026-02-04,AIRI,3.3,3.41,3.3,3.33,2374,0.003012048192771122,,,,
2026-02-05,AIRI,3.34,3.345,3.285,3.32,385,-0.0030030030030030463,,,,
2026-02-06,AIRI,3.36,3.395,3.33,3.38,2659,0.01807228915662651,,,,
2026-02-09,AIRI,3.35,3.47,3.35,3.42,617,0.01183431952662728,,,,
2026-02-10,AIRI,3.38,3.38,3.31,3.34,628,-0.023391812865497075,,,,
2026-02-11,AIRI,3.27,3.3,3.265,3.295,694,-0.013473053892215536,,,,
2026-02-12,AIRI,3.27,3.27,3.18,3.23,675,-0.019726858877086473,,,,
2026-02-13,AIRI,3.19,3.25,3.19,3.25,400,0.006191950464396356,,,,
2026-02-17,AIRI,3.7,3.7,2.55,3.13,42420,-0.03692307692307695,,,,
2026-02-18,AIRI,3.14,3.15,2.895,3.025,17078,-0.033546325878594296,,,,
2026-02-19,AIRI,3.015,3.03,2.94,2.98,2624,-0.014876033057851235,,,,
2026-02-20,AIRI,2.92,3.05,2.89,3.02,3570,0.01342281879194629,,,,
2026-02-23,AIRI,3.0,3.21,3.0,3.1,1806,0.026490066225165476,,,,
2026-02-24,AIRI,3.18,3.31,3.18,3.3,6349,0.06451612903225801,,,,
2026-02-25,AIRI,3.34,3.41,3.3,3.4,15705,0.030303030303030276,,,,
2026-02-26,AIRI,3.42,3.43,3.39,3.42,6445,0.00588235294117645,,,,
2026-02-27,AIRI,3.34,3.43,3.3,3.43,2590,0.0029239766081872176,,,,
2026-01-02,ALB,142.37,144.69,141.44,143.57,207143,,,,,
2026-01-05,ALB,146.84,148.695,145.06,146.48,290756,0.020268858396600864,,,,
2026-01-06,ALB,147.82,164.98,147.82,158.51,626631,0.08212725286728562,,,,
2026-01-07,ALB,160.89,164.76,157.29,160.91,328203,0.015141000567787666,,,,
2026-01-08,ALB,160.08,162.6,155.38,158.3,333869,-0.01622024734323524,,,,
2026-01-09,ALB,158.35,163.2,156.91,162.0,185069,0.023373341756159016,,,,
2026-01-12,ALB,165.06,171.3,164.55,170.12,267859,0.05012345679012342,,,,
2026-01-13,ALB,173.15,177.69,172.15,177.28,293366,0.04208793792616983,,,,
2026-01-14,ALB,176.88,179.11,171.78,177.7,208829,0.002369133574007254,,,,
2026-01-15,ALB,177.97,179.1,170.86,173.78,306381,-0.02205965109735497,,,,
2026-01-16,ALB,169.83,173.03,161.97,162.38,510032,-0.06560018414086777,,,,
2026-01-20,ALB,165.02,172.63,156.0,171.91,400295,0.058689493780022195,,,,
2026-01-21,ALB,176.06,181.01,175.28,180.99,502517,0.05281833517538259,,,,
2026-01-22,ALB,181.94,189.17,175.24,188.88,408957,0.04359356870545317,,,,
2026-01-23,ALB,190.81,191.87,185.29,189.89,274688,0.005347310461668808,,,,
2026-01-26,ALB,190.07,192.81,187.36,189.39,362614,-0.0026331033756384903,,,,
2026-01-27,ALB,189.78,195.22,186.77,194.58,227859,0.027403769998416205,,,,
2026-01-28,ALB,193.5,195.25,179.28,181.68,407472,-0.06629663891458526,,,,
2026-01-29,ALB,182.6,187.1,177.12,180.8,268007,-0.004843681197710281,,,,
2026-01-30,ALB,170.16,173.37,162.65,169.1,701546,-0.06471238938053103,,,,
2026-02-02,ALB,157.98,173.0,156.55,165.4,420494,-0.02188054405677109,,,,
2026-02-03,ALB,170.76,174.99,167.91,170.26,292849,0.02938331318016929,,,,
2026-02-04,ALB,172.0,175.205,162.89,168.71,303060,-0.009103723716668566,,,,
2026-02-05,ALB,164.12,165.015,151.34,151.34,452225,-0.1029577381305199,,,,
2026-02-06,ALB,157.0,164.4,157.0,163.61,223116,0.08107572353640813,,,,
2026-02-09,ALB,164.05,167.14,159.2,166.44,208393,0.017297231220585463,,,,
2026-02-10,ALB,164.88,168.99,162.8,167.62,194389,0.007089641913001765,,,,
2026-02-11,ALB,173.6,176.94,161.85,170.0,495144,0.014198782961460488,,,,
2026-02-12,ALB,171.0,182.45,157.51,159.8,544189,-0.05999999999999994,,,,
2026-02-13,ALB,159.08,167.88,156.72,164.61,335771,0.030100125156445667,,,,
2026-02-17,ALB,164.9,170.98,164.3,168.59,165319,0.024178360974424384,,,,
2026-02-18,ALB,170.35,175.2,169.75,169.87,171808,0.007592383889910348,,,,
2026-02-19,ALB,170.23,170.47,164.2,168.4,188946,-0.008653676340731109,,,,
2026-02-20,ALB,168.71,172.2,165.3,167.88,145513,-0.0030878859857482732,,,,
2026-02-23,ALB,168.88,178.25,167.27,178.25,267123,0.061770312127710225,,,,
2026-02-24,ALB,179.15,188.97,179.11,187.34,277262,0.05099579242636754,,,,
2026-02-25,ALB,190.65,206.0,190.0,198.0,565496,0.056901889612469336,,,,
2026-02-26,ALB,194.87,195.0,181.93,184.02,252863,-0.07060606060606056,,,,
2026-02-27,ALB,187.0,187.0,177.28,178.6,223098,-0.02945332029127279,,,,
2026-01-02,ALIS,9.935,9.95,9.935,9.95,20200,,,,,
2026-01-05,ALIS,9.94,9.95,9.94,9.95,49139,0.0,,,,
2026-01-06,ALIS,9.94,9.94,9.94,9.94,27029,-0.0010050251256281673,,,,
2026-01-08,ALIS,9.96,9.96,9.96,9.96,100,0.00201207243460777,,,,
2026-01-15,ALIS,9.96,9.96,9.95,9.95,400,-0.0010040160642571516,,,,
2026-01-20,ALIS,9.98,9.98,9.98,9.98,2000,0.0030150753768845018,,,,
2026-01-21,ALIS,9.98,9.98,9.98,9.98,127,0.0,,,,
2026-01-22,ALIS,10.04,10.04,10.04,10.04,11,0.006012024048096087,,,,
2026-01-23,ALIS,10.0,10.04,10.0,10.04,3710,0.0,,,,
2026-01-26,ALIS,10.07,10.07,9.99,9.99,81638,-0.004980079681274785,,,,
2026-01-27,ALIS,10.05,10.05,10.02,10.02,1194,0.0030030030030030463,,,,
2026-01-28,ALIS,10.02,10.02,9.99,10.01,50040,-0.0009980039920159944,,,,
2026-01-29,ALIS,9.99,10.005,9.99,10.005,15995,-0.0004995004995004271,,,,
2026-01-30,ALIS,10.01,10.01,10.0,10.0,14942,-0.0004997501249376368,,,,
2026-02-02,ALIS,10.0,10.0,9.99,9.99,155,-0.0010000000000000009,,,,
2026-02-03,ALIS,10.0,10.0,10.0,10.0,120,0.0010010010010010895,,,,
2026-02-04,ALIS,10.0,10.05,10.0,10.0,32451,0.0,,,,
2026-02-09,ALIS,10.0,10.0,10.0,10.0,4,0.0,,,,
2026-02-10,ALIS,10.0,10.0,9.99,9.99,235,-0.0010000000000000009,,,,
2026-02-12,ALIS,9.99,9.99,9.99,9.99,37,0.0,,,,
2026-02-13,ALIS,10.0,10.01,9.99,9.99,32300,0.0,,,,
2026-02-17,ALIS,9.99,9.99,9.985,9.985,1939,-0.0005005005005005447,,,,
2026-02-26,ALIS,10.0,10.0,10.0,10.0,1,0.001502253380070151,,,,
2026-01-02,AMZN,232.89,235.45,224.7,226.68,14751135,,,,,
2026-01-05,AMZN,227.13,234.0,226.9,232.85,16804392,0.027218987118404758,,,,
2026-01-06,AMZN,232.8,243.16,231.74,241.17,15541573,0.03573115739746613,,,,
2026-01-07,AMZN,240.39,245.28,239.51,241.47,11878675,0.0012439358129121558,,,,
2026-01-08,AMZN,241.6,246.5,240.58,245.92,11353623,0.018428790325920374,,,,
2026-01-09,AMZN,245.78,247.86,242.24,247.45,11250299,0.006221535458685867,,,,
2026-01-12,AMZN,246.0,248.94,244.2,245.88,11769243,-0.006344716104263459,,,,
2026-01-13,AMZN,245.89,247.69,240.25,242.56,12527518,-0.01350252155523013,,,,
2026-01-14,AMZN,242.12,242.84,236.2,236.67,13717919,-0.024282651715039627,,,,
2026-01-15,AMZN,237.55,240.66,236.64,237.82,12369811,0.004859086491739495,,,,
2026-01-16,AMZN,239.39,240.75,236.41,238.82,16313152,0.004204860819106981,,,,
2026-01-20,AMZN,234.57,235.09,229.34,231.2,15860264,-0.031906875471066076,,,,
2026-01-21,AMZN,232.34,233.06,226.89,231.83,13968803,0.002724913494809744,,,,
2026-01-22,AMZN,233.8,235.73,230.91,235.29,10021547,0.014924729327524311,,,,
2026-01-23,AMZN,234.88,240.435,233.33,238.84,9655640,0.015087764035870643,,,,
2026-01-26,AMZN,238.55,240.95,237.55,238.87,11210150,0.0001256071009880788,,,,
2026-01-27,AMZN,239.68,245.2,238.08,244.9,10023034,0.025243856490978267,,,,
2026-01-28,AMZN,245.65,247.77,238.2,240.95,14347730,-0.016129032258064613,,,,
2026-01-29,AMZN,242.92,243.18,236.75,241.36,14108151,0.001701597841875957,,,,
2026-01-30,AMZN,240.0,243.32,237.64,239.3,16369804,-0.008534968511766716,,,,
2026-02-02,AMZN,236.87,245.62,236.56,243.8,11968239,0.018804847471792785,,,,
2026-02-03,AMZN,244.29,246.35,235.46,238.95,15395021,-0.019893355209188,,,,
2026-02-04,AMZN,239.28,240.32,231.83,233.67,17181597,-0.022096672944130535,,,,
2026-02-05,AMZN,233.39,233.81,197.75,198.06,32837897,-0.15239440236230573,,,,
2026-02-06,AMZN,201.38,211.41,199.25,209.8,46158400,0.05927496718166214,,,,
2026-02-09,AMZN,211.81,212.815,203.35,208.94,25229361,-0.0040991420400382506,,,,
2026-02-10,AMZN,209.22,212.64,206.42,207.7,17053146,-0.005934718100890302,,,,
2026-02-11,AMZN,207.61,209.14,202.49,204.17,17074374,-0.016995666827154587,,,,
2026-02-12,AMZN,205.11,205.5,197.56,199.18,22414832,-0.024440417299309347,,,,
2026-02-13,AMZN,199.11,201.16,197.275,198.84,17978368,-0.0017069986946480764,,,,
2026-02-17,AMZN,198.66,201.73,196.13,200.6,16530751,0.008851337759002265,,,,
2026-02-18,AMZN,202.37,206.86,201.51,205.16,15892065,0.022731804586241244,,,,
2026-02-19,AMZN,205.19,205.63,202.82,205.06,10043171,-0.00048742444921034966,,,,
2026-02-20,AMZN,205.57,211.16,203.75,209.98,18877997,0.023992977665073578,,,,
2026-02-23,AMZN,207.2,209.66,203.11,205.3,13715818,-0.02228783693685099,,,,
2026-02-24,AMZN,205.27,210.36,203.25,208.69,13057236,0.01651242084754001,,,,
2026-02-25,AMZN,209.19,211.59,208.4,209.16,11761400,0.002252144328908967,,,,
2026-02-26,AMZN,209.97,211.18,205.35,206.36,13611138,-0.01338688085676032,,,,
2026-02-27,AMZN,207.63,210.34,204.81,209.46,21150531,0.015022291141694177,,,,
2026-01-02,APO,145.34,146.93,144.15,146.5,229197,,,,,
2026-01-05,APO,146.19,151.94,146.07,149.76,307337,0.022252559726962495,,,,
2026-01-06,APO,149.1,153.28,149.1,152.68,154126,0.01949786324786329,,,,
2026-01-07,APO,152.08,153.0,143.0,143.9,454842,-0.05750589468168721,,,,
2026-01-08,APO,143.59,148.68,142.79,146.19,220275,0.015913829047949912,,,,
2026-01-09,APO,147.06,147.98,142.73,145.96,262457,-0.0015732950270195278,,,,
2026-01-12,APO,144.54,145.4,142.24,144.0,264343,-0.013428336530556417,,,,
2026-01-13,APO,144.49,144.54,139.945,143.04,252672,-0.00666666666666671,,,,
2026-01-14,APO,143.01,144.42,140.24,143.8,198378,0.005313199105145605,,,,
2026-01-15,APO,144.06,146.29,143.63,144.17,171014,0.002573018080667344,,,,
2026-01-16,APO,144.2,146.135,143.14,143.86,202552,-0.002150239300825252,,,,
2026-01-20,APO,141.0,143.66,138.16,138.65,388971,-0.03621576532740167,,,,
2026-01-21,APO,139.75,141.7,139.1,139.26,453639,0.004399567255679582,,,,
2026-01-22,APO,141.57,141.57,139.33,139.75,280423,0.003518598305328302,,,,
2026-01-23,APO,139.26,139.8,135.78,135.99,345405,-0.026905187835420286,,,,
2026-01-26,APO,136.01,137.0,130.49,131.33,708553,-0.034267225531289025,,,,
2026-01-27,APO,132.1,132.49,128.91,131.67,386808,0.002588898195385436,,,,
2026-01-28,APO,131.92,133.15,130.24,132.89,367328,0.009265588212956644,,,,
2026-01-29,APO,133.45,135.55,132.97,133.1,475291,0.0015802543456995277,,,,
2026-01-30,APO,134.28,135.96,133.65,134.55,273937,0.010894064613073073,,,,
2026-02-02,APO,134.5,135.87,131.13,133.26,400980,-0.009587513935340186,,,,
2026-02-03,APO,133.27,133.27,122.155,127.0,1347217,-0.046975836710190566,,,,
2026-02-04,APO,126.18,134.32,125.36,132.0,973457,0.03937007874015741,,,,
2026-02-05,APO,132.5,132.6,125.03,125.82,828772,-0.04681818181818187,,,,
2026-02-06,APO,127.85,134.5,127.06,133.3,787607,0.05945000794786215,,,,
2026-02-09,APO,134.02,140.28,133.18,134.1,895949,0.006001500375093727,,,,
2026-02-10,APO,133.95,137.87,132.0,132.72,525720,-0.01029082774049217,,,,
2026-02-11,APO,132.05,132.94,126.33,127.5,887939,-0.0393309222423146,,,,
2026-02-12,APO,126.95,129.84,122.71,125.51,1165323,-0.015607843137254829,,,,
2026-02-13,APO,125.37,126.73,123.81,125.07,545548,-0.0035056967572305586,,,,
2026-02-17,APO,125.32,126.23,123.5,125.28,435960,0.0016790597265532448,,,,
2026-02-18,APO,125.65,126.73,123.9,124.65,332389,-0.005028735632183867,,,,
2026-02-19,APO,124.03,124.35,116.56,118.69,1214214,-0.047813878860810344,,,,
2026-02-20,APO,119.2,120.79,115.86,119.9,627887,0.010194624652456019,,,,
2026-02-23,APO,119.19,119.88,111.43,113.29,1209067,-0.05512927439532944,,,,
2026-02-24,APO,114.62,116.65,112.18,114.35,992360,0.009356518668902636,,,,
2026-02-25,APO,115.05,118.9,114.7,117.49,681282,0.02745955400087441,,,,
2026-02-26,APO,117.22,118.66,111.73,114.19,900155,-0.028087496808238965,,,,
2026-02-27,APO,113.95,114.04,104.0,105.0,2034854,-0.08047990191785614,,,,
2026-01-02,APUS,1.61,1.68,1.61,1.66,581,,,,,
2026-01-05,APUS,1.73,1.855,1.73,1.85,626,0.1144578313253013,,,,
2026-01-06,APUS,1.945,1.945,1.69,1.77,2193,-0.043243243243243246,,,,
2026-01-08,APUS,1.74,1.81,1.68,1.68,1948,-0.05084745762711873,,,,
2026-01-09,APUS,1.72,1.72,1.66,1.66,326,-0.011904761904761862,,,,
2026-01-12,APUS,1.66,2.2,1.64,1.87,10213,0.12650602409638556,,,,
2026-01-13,APUS,1.78,1.89,1.69,1.69,3408,-0.09625668449197866,,,,
2026-01-15,APUS,1.65,1.79,1.64,1.77,170,0.047337278106508895,,,,
2026-01-16,APUS,1.71,1.73,1.71,1.73,106,-0.02259887005649719,,,,
2026-01-20,APUS,1.68,1.73,1.68,1.7,649,-0.017341040462427793,,,,
2026-01-21,APUS,1.76,1.895,1.645,1.86,5158,0.09411764705882364,,,,
2026-01-22,APUS,2.06,2.275,1.925,2.09,12024,0.12365591397849451,,,,
2026-01-23,APUS,2.22,3.0,2.125,2.13,37317,0.019138755980861344,,,,
2026-01-26,APUS,2.18,2.29,1.57,1.64,13487,-0.2300469483568075,,,,
2026-01-27,APUS,1.68,1.78,1.68,1.72,1522,0.04878048780487809,,,,
2026-01-28,APUS,1.82,2.07,1.81,1.96,8410,0.13953488372093026,,,,
2026-01-29,APUS,2.035,2.05,1.86,1.95,6699,-0.005102040816326481,,,,
2026-01-30,APUS,1.87,1.945,1.82,1.93,2005,-0.01025641025641022,,,,
2026-02-02,APUS,1.87,2.01,1.81,1.83,3015,-0.051813471502590636,,,,
2026-02-03,APUS,1.89,1.89,1.71,1.74,1228,-0.049180327868852514,,,,
2026-02-04,APUS,1.74,1.77,1.675,1.7,701,-0.02298850574712641,,,,
2026-02-05,APUS,1.695,1.695,1.44,1.48,802,-0.12941176470588234,,,,
2026-02-06,APUS,1.48,1.66,1.45,1.66,8895,0.12162162162162149,,,,
2026-02-09,APUS,1.6,1.605,1.56,1.56,144,-0.06024096385542166,,,,
2026-02-10,APUS,1.57,1.57,1.57,1.57,102,0.0064102564102563875,,,,
2026-02-11,APUS,1.5,2.09,1.36,1.48,82231,-0.05732484076433131,,,,
2026-02-12,APUS,1.36,1.4,1.05,1.05,6099,-0.29054054054054046,,,,
2026-02-13,APUS,1.08,1.36,1.08,1.31,11895,0.24761904761904763,,,,
2026-02-17,APUS,1.215,1.24,1.21,1.21,667,-0.07633587786259544,,,,
2026-02-18,APUS,1.23,1.28,1.23,1.28,94,0.05785123966942152,,,,
2026-02-19,APUS,1.36,1.74,1.35,1.56,64767,0.21875,,,,
2026-02-20,APUS,1.54,1.54,1.3,1.41,8266,-0.09615384615384626,,,,
2026-02-23,APUS,1.4,1.4,1.21,1.26,6567,-0.10638297872340419,,,,
2026-02-24,APUS,1.26,1.34,1.255,1.3,1198,0.031746031746031855,,,,
2026-02-25,APUS,1.28,1.34,1.28,1.34,1288,0.030769230769230882,,,,
2026-02-26,APUS,1.335,1.35,1.33,1.35,761,0.00746268656716409,,,,
2026-02-27,APUS,1.35,1.35,1.32,1.35,3215,0.0,,,,
2026-01-02,ASRT,9.02,9.365,9.02,9.14,11716,,,,,
2026-01-05,ASRT,9.0,9.86,9.0,9.86,11909,0.07877461706783362,,,,
2026-01-06,ASRT,9.56,9.735,9.45,9.53,8124,-0.03346855983772823,,,,
2026-01-07,ASRT,9.52,9.74,9.26,9.43,12307,-0.01049317943336825,,,,
2026-01-08,ASRT,9.43,9.49,9.25,9.31,7426,-0.012725344644750725,,,,
2026-01-09,ASRT,9.32,9.415,9.1,9.19,21784,-0.012889366272824998,,,,
2026-01-12,ASRT,8.92,9.39,8.92,9.33,24601,0.015233949945593128,,,,
2026-01-13,ASRT,9.36,10.38,9.26,10.335,11678,0.10771704180064323,,,,
2026-01-14,ASRT,10.63,10.63,9.91,10.21,11067,-0.012094823415578104,,,,
2026-01-15,ASRT,10.21,11.21,10.01,11.1,16357,0.08716944172380003,,,,
2026-01-16,ASRT,11.16,11.68,10.71,11.66,22698,0.0504504504504506,,,,
2026-01-20,ASRT,11.3,12.25,11.24,11.92,22537,0.022298456260720467,,,,
2026-01-21,ASRT,11.77,11.92,11.2,11.48,9424,-0.03691275167785235,,,,
2026-01-22,ASRT,11.61,11.82,11.5,11.64,9255,0.013937282229965264,,,,
2026-01-23,ASRT,11.64,11.695,11.43,11.51,5195,-0.011168384879725157,,,,
2026-01-26,ASRT,11.3,12.13,11.25,12.11,15766,0.052128583840139076,,,,
2026-01-27,ASRT,12.18,12.54,12.02,12.26,7238,0.012386457473162693,,,,
2026-01-28,ASRT,12.26,12.52,11.81,11.81,7095,-0.036704730831973786,,,,
2026-01-29,ASRT,11.81,12.0,11.44,11.73,6710,-0.006773920406435208,,,,
2026-01-30,ASRT,11.55,12.01,11.4,11.78,21800,0.004262574595055302,,,,
2026-02-02,ASRT,11.67,12.35,11.67,12.24,8900,0.039049235993208864,,,,
2026-02-03,ASRT,12.28,12.49,11.73,11.76,7997,-0.03921568627450989,,,,
2026-02-04,ASRT,11.89,12.02,11.6,11.85,5031,0.007653061224489832,,,,
2026-02-05,ASRT,11.65,11.76,11.43,11.62,28597,-0.01940928270042197,,,,
2026-02-06,ASRT,11.69,12.95,11.69,12.49,14629,0.07487091222030995,,,,
2026-02-09,ASRT,12.01,12.82,11.95,12.02,13324,-0.03763010408326661,,,,
2026-02-10,ASRT,12.13,12.28,11.44,11.68,16911,-0.028286189683860208,,,,
2026-02-11,ASRT,11.81,12.09,11.58,11.95,6776,0.023116438356164393,,,,
2026-02-12,ASRT,11.95,12.3,11.56,12.21,14933,0.02175732217573234,,,,
2026-02-13,ASRT,12.34,12.525,12.03,12.375,16760,0.013513513513513375,,,,
2026-02-17,ASRT,12.23,12.29,11.87,12.05,11231,-0.02626262626262621,,,,
2026-02-18,ASRT,12.05,12.14,11.71,11.87,5246,-0.014937759336099754,,,,
2026-02-19,ASRT,11.96,12.19,11.61,12.06,6981,0.016006739679865323,,,,
2026-02-20,ASRT,12.0,12.13,11.5,12.0,5104,-0.004975124378109541,,,,
2026-02-23,ASRT,12.05,12.06,11.64,11.96,11107,-0.0033333333333332993,,,,
2026-02-24,ASRT,12.0,12.22,11.82,11.94,4977,-0.0016722408026756952,,,,
2026-02-25,ASRT,12.0,12.0,11.82,11.82,9050,-0.01005025125628134,,,,
2026-02-26,ASRT,11.88,12.05,11.75,11.97,8248,0.012690355329949332,,,,
2026-02-27,ASRT,12.0,12.07,11.59,11.66,23388,-0.02589807852965753,,,,
2026-01-02,ATII,10.36,10.36,10.35,10.35,1853,,,,,
2026-01-05,ATII,10.45,10.45,10.35,10.35,1930,0.0,,,,
2026-01-06,ATII,10.45,10.45,10.35,10.35,372,0.0,,,,
2026-01-07,ATII,10.4,10.4,10.36,10.36,2635,0.0009661835748790981,,,,
2026-01-08,ATII,10.4,10.4,10.36,10.36,166,0.0,,,,
2026-01-09,ATII,10.36,10.42,10.36,10.4,6013,0.0038610038610038533,,,,
2026-01-12,ATII,10.39,10.39,10.36,10.39,1500,-0.0009615384615384581,,,,
2026-01-13,ATII,10.42,10.42,10.42,10.42,836,0.002887391722810273,,,,
2026-01-14,ATII,10.42,10.42,10.39,10.415,1482,-0.0004798464491363452,,,,
2026-01-15,ATII,10.42,10.46,10.42,10.45,21200,0.00336053768602973,,,,
2026-01-16,ATII,10.44,10.46,10.44,10.46,1060,0.000956937799043267,,,,
2026-01-20,ATII,10.46,10.46,10.46,10.46,1742,0.0,,,,
2026-01-21,ATII,10.48,10.5,10.47,10.5,9641,0.003824091778202643,,,,
2026-01-22,ATII,10.47,10.56,10.47,10.56,25159,0.005714285714285783,,,,
2026-01-23,ATII,10.6,10.69,10.54,10.65,106694,0.008522727272727293,,,,
2026-01-26,ATII,10.6,10.695,10.59,10.685,32148,0.0032863849765258912,,,,
2026-01-27,ATII,10.6,10.7,10.6,10.7,37396,0.0014038371548898976,,,,
2026-01-28,ATII,10.65,10.7,10.65,10.67,2123,-0.002803738317756932,,,,
2026-01-29,ATII,10.65,10.68,10.6,10.68,6370,0.0009372071227740086,,,,
2026-01-30,ATII,10.27,10.65,10.27,10.65,11641,-0.002808988764044895,,,,
2026-02-02,ATII,10.52,10.65,10.52,10.64,1168,-0.0009389671361501595,,,,
2026-02-03,ATII,10.64,10.66,10.62,10.65,59426,0.0009398496240602405,,,,
2026-02-04,ATII,10.67,10.67,10.6,10.6,3603,-0.0046948356807512415,,,,
2026-02-05,ATII,10.6,10.63,10.595,10.63,1003,0.002830188679245449,,,,
2026-02-06,ATII,10.63,10.66,10.63,10.65,2150,0.0018814675446847673,,,,
2026-02-09,ATII,10.51,10.65,10.51,10.65,1686,0.0,,,,
2026-02-10,ATII,10.65,10.65,10.56,10.56,104,-0.008450704225352101,,,,
2026-02-11,ATII,10.5,10.65,10.5,10.56,698,0.0,,,,
2026-02-12,ATII,10.5,10.62,10.5,10.55,615,-0.0009469696969697239,,,,
2026-02-13,ATII,10.58,10.58,10.58,10.58,660,0.0028436018957345155,,,,
2026-02-17,ATII,10.51,10.6,10.51,10.56,717,-0.001890359168241873,,,,
2026-02-18,ATII,10.56,10.56,10.56,10.56,1000,0.0,,,,
2026-02-20,ATII,10.58,10.58,10.58,10.58,1,0.0018939393939394478,,,,
2026-02-23,ATII,10.52,10.55,10.52,10.55,1541,-0.002835538752362865,,,,
2026-02-24,ATII,10.5,10.5,10.48,10.48,178,-0.006635071090047462,,,,
2026-02-25,ATII,10.48,10.62,10.48,10.56,7860,0.007633587786259444,,,,
2026-02-27,ATII,10.55,10.56,10.53,10.53,3581,-0.0028409090909091717,,,,
2026-01-02,AUUD,0.9741,1.02,0.9741,1.02,1917,,,,,
2026-01-05,AUUD,1.0,1.05,1.0,1.01,2574,-0.009803921568627416,,,,
2026-01-06,AUUD,1.04,1.04,1.01,1.01,1184,0.0,,,,
2026-01-07,AUUD,1.02,1.08,1.01,1.01,13179,0.0,,,,
2026-01-08,AUUD,1.01,1.05,1.0,1.02,3557,0.00990099009900991,,,,
2026-01-09,AUUD,1.0,1.025,1.0,1.0,3876,-0.019607843137254943,,,,
2026-01-12,AUUD,1.01,1.01,0.9599,0.97,2929,-0.030000000000000027,,,,
2026-01-13,AUUD,0.9604,0.976,0.96,0.96,2433,-0.010309278350515427,,,,
2026-01-14,AUUD,0.98,1.02,0.9299,0.9365,20385,-0.024479166666666607,,,,
2026-01-15,AUUD,0.95,1.59,0.94,1.28,326911,0.3667912439935932,,,,
2026-01-16,AUUD,1.08,1.09,0.8166,0.89,79072,-0.3046875,,,,
2026-01-20,AUUD,0.9799,1.21,0.8576,1.1,146003,0.2359550561797754,,,,
2026-01-21,AUUD,1.04,1.09,0.9588,1.0,14941,-0.09090909090909094,,,,
2026-01-22,AUUD,0.9969,1.0,0.956,1.0,11878,0.0,,,,
2026-01-23,AUUD,0.99,1.09,0.99,1.08,19606,0.08000000000000007,,,,
2026-01-26,AUUD,1.04,1.07,0.9901,1.0,16981,-0.07407407407407418,,,,
2026-01-27,AUUD,1.0,1.01,0.9805,1.0,5776,0.0,,,,
2026-01-28,AUUD,0.9979,1.04,0.9801,1.04,6794,0.040000000000000036,,,,
2026-01-29,AUUD,1.01,1.02,0.942,0.9534,2354,-0.08326923076923076,,,,
2026-01-30,AUUD,0.94,0.96,0.9103,0.9125,3176,-0.042899097965177324,,,,
2026-02-02,AUUD,0.92,0.9739,0.92,0.946,22789,0.03671232876712316,,,,
2026-02-03,AUUD,0.91,0.9153,0.8514,0.866,4366,-0.08456659619450313,,,,
2026-02-04,AUUD,0.863,0.883,0.8505,0.8515,4948,-0.016743648960738988,,,,
2026-02-05,AUUD,0.838,0.838,0.7564,0.77,14074,-0.09571344685848504,,,,
2026-02-06,AUUD,0.7612,0.8208,0.7329,0.801,8449,0.04025974025974022,,,,
2026-02-09,AUUD,0.8134,0.8134,0.7855,0.8,1393,-0.0012484394506866447,,,,
2026-02-10,AUUD,0.7998,0.8168,0.7947,0.7984,1075,-0.0020000000000000018,,,,
2026-02-11,AUUD,0.778,0.79,0.7364,0.7364,4883,-0.07765531062124242,,,,
2026-02-12,AUUD,0.7313,0.7899,0.6683,0.6717,16010,-0.08785985877240643,,,,
2026-02-13,AUUD,0.6847,0.6999,0.6724,0.6726,3096,0.0013398838767306742,,,,
2026-02-17,AUUD,0.729,1.54,0.673,1.41,584008,1.0963425512934881,,,,
2026-02-18,AUUD,1.4,1.71,1.01,1.25,6868934,-0.11347517730496448,,,,
2026-02-19,AUUD,1.16,1.22,0.94,1.11,399062,-0.11199999999999988,,,,
2026-02-20,AUUD,1.04,1.1,0.95,0.969,87051,-0.12702702702702717,,,,
2026-02-23,AUUD,0.9549,1.06,0.93,0.99,58637,0.021671826625387025,,,,
2026-02-24,AUUD,1.0,1.035,0.914,0.9485,59829,-0.04191919191919191,,,,
2026-02-25,AUUD,0.945,0.9601,0.87,0.889,28640,-0.0627306273062731,,,,
2026-02-26,AUUD,0.8639,0.87,0.8101,0.8104,32035,-0.08841394825646798,,,,
2026-02-27,AUUD,0.8217,0.8656,0.8166,0.8413,16361,0.038129318854886574,,,,
2026-01-02,AVB,181.31,181.72,178.75,180.46,62904,,,,,
2026-01-05,AVB,181.4,181.4,178.94,180.34,116774,-0.0006649673057741445,,,,
2026-01-06,AVB,179.265,184.21,179.265,183.7,55801,0.01863147388266606,,,,
2026-01-07,AVB,184.59,185.33,179.39,179.48,120081,-0.02297223734349485,,,,
2026-01-08,AVB,178.745,185.33,178.745,184.1,55492,0.025741029641185742,,,,
2026-01-09,AVB,183.2,184.62,178.0,179.37,115157,-0.0256925583921781,,,,
2026-01-12,AVB,179.16,179.78,177.91,179.0,104783,-0.002062775268997119,,,,
2026-01-13,AVB,178.3,179.28,175.0,178.8,48345,-0.0011173184357541333,,,,
2026-01-14,AVB,178.71,182.49,178.31,180.1,84498,0.007270693512304138,,,,
2026-01-15,AVB,180.2,181.87,179.83,180.74,75861,0.003553581343697987,,,,
2026-01-16,AVB,180.58,182.96,178.14,182.43,126454,0.009350448157574354,,,,
2026-01-20,AVB,179.68,180.525,176.71,178.255,86565,-0.022885490325056268,,,,
2026-01-21,AVB,178.46,179.59,177.18,177.73,59785,-0.0029452189279403074,,,,
2026-01-22,AVB,178.56,179.8,174.535,175.7,133646,-0.011421819614021222,,,,
2026-01-23,AVB,175.24,178.835,175.02,178.57,92884,0.016334661354581614,,,,
2026-01-26,AVB,179.22,179.22,177.05,177.75,101841,-0.004592036736293825,,,,
2026-01-27,AVB,177.805,179.06,175.95,175.98,127766,-0.0099578059071731,,,,
2026-01-28,AVB,176.0,176.685,172.07,174.16,82249,-0.010342084327764511,,,,
2026-01-29,AVB,173.83,175.68,172.94,174.23,179694,0.000401929260450018,,,,
2026-01-30,AVB,174.29,177.76,173.41,177.66,127940,0.019686621132985138,,,,
2026-02-02,AVB,177.71,177.99,175.14,175.33,112300,-0.013114938646853425,,,,
2026-02-03,AVB,175.39,177.27,173.3,174.28,132242,-0.005988707009639049,,,,
2026-02-04,AVB,175.835,180.16,174.85,177.15,184685,0.016467753041083277,,,,
2026-02-05,AVB,177.49,179.075,168.83,173.0,217154,-0.0234264747389219,,,,
2026-02-06,AVB,169.92,173.92,169.59,173.11,139247,0.0006358381502891142,,,,
2026-02-09,AVB,174.85,175.0,171.825,173.42,63812,0.001790768875281401,,,,
2026-02-10,AVB,173.75,178.0,173.75,177.43,112417,0.02312305385768676,,,,
2026-02-11,AVB,177.43,181.17,175.79,179.84,148382,0.01358282139435274,,,,
2026-02-12,AVB,178.77,181.2,173.73,175.25,209046,-0.025522686832740282,,,,
2026-02-13,AVB,176.22,177.6,174.26,176.18,88594,0.005306704707560561,,,,
2026-02-17,AVB,177.44,178.11,173.55,177.73,91975,0.008797820410943347,,,,
2026-02-18,AVB,178.0,178.61,176.54,178.07,62568,0.001913014122545409,,,,
2026-02-19,AVB,177.91,178.98,175.72,177.68,39138,-0.0021901499410343916,,,,
2026-02-20,AVB,178.25,179.02,176.97,177.36,62246,-0.0018009905447996521,,,,
2026-02-23,AVB,178.82,179.73,175.39,176.38,125125,-0.005525484889490451,,,,
2026-02-24,AVB,175.69,177.71,175.31,177.625,51373,0.007058623426692501,,,,
2026-02-25,AVB,177.0,178.86,176.31,178.31,84300,0.0038564391273752108,,,,
2026-02-26,AVB,179.03,180.18,178.46,179.69,210786,0.0077393303796757795,,,,
2026-02-27,AVB,179.15,179.3,174.76,177.0,185889,-0.014970226501196504,,,,
2026-01-02,AVNS,11.295,11.31,11.06,11.195,66016,,,,,
2026-01-05,AVNS,11.3,11.525,11.07,11.31,103627,0.010272443054935243,,,,
2026-01-06,AVNS,11.285,11.785,11.25,11.73,133227,0.037135278514588865,,,,
2026-01-07,AVNS,11.79,11.79,11.51,11.7,45456,-0.002557544757033292,,,,
2026-01-08,AVNS,11.71,12.32,11.71,12.255,63933,0.04743589743589749,,,,
2026-01-09,AVNS,12.36,12.375,11.85,12.37,72267,0.009383924928600518,,,,
2026-01-12,AVNS,12.245,12.245,11.86,11.965,47849,-0.03274050121261107,,,,
2026-01-13,AVNS,12.03,12.03,11.375,11.4,34998,-0.047221061429168376,,,,
2026-01-14,AVNS,11.48,11.96,11.48,11.89,39357,0.0429824561403509,,,,
2026-01-15,AVNS,11.8,12.41,11.8,12.35,100532,0.038687973086627414,,,,
2026-01-16,AVNS,12.22,12.38,12.16,12.23,57453,-0.009716599190283337,,,,
2026-01-20,AVNS,11.94,12.49,11.94,12.34,62233,0.008994276369582943,,,,
2026-01-21,AVNS,12.5,12.9,12.46,12.9,110622,0.04538087520259326,,,,
2026-01-22,AVNS,13.0,13.31,12.86,13.11,87889,0.016279069767441756,,,,
2026-01-23,AVNS,13.2,13.2,12.87,13.085,71819,-0.0019069412662089391,,,,
2026-01-26,AVNS,13.09,13.175,12.67,13.17,43948,0.006495987772258349,,,,
2026-01-27,AVNS,13.01,13.2,12.96,13.15,74707,-0.0015186028853454436,,,,
2026-01-28,AVNS,13.13,13.13,12.77,12.87,65889,-0.021292775665399333,,,,
2026-01-29,AVNS,12.905,12.96,12.75,12.91,105615,0.0031080031080030768,,,,
2026-01-30,AVNS,12.91,13.39,12.91,13.11,69032,0.015491866769945739,,,,
2026-02-02,AVNS,13.24,13.66,13.205,13.465,71810,0.02707856598016778,,,,
2026-02-03,AVNS,13.27,13.96,13.01,13.4,65537,-0.004827330115113271,,,,
2026-02-04,AVNS,13.22,14.13,13.22,13.91,78128,0.038059701492537235,,,,
2026-02-05,AVNS,13.51,14.09,13.51,13.86,99244,-0.0035945363048167644,,,,
2026-02-06,AVNS,13.84,14.61,13.84,14.56,91466,0.05050505050505061,,,,
2026-02-09,AVNS,14.33,14.59,14.04,14.24,64531,-0.02197802197802201,,,,
2026-02-10,AVNS,14.99,14.99,14.04,14.71,48985,0.03300561797752821,,,,
2026-02-11,AVNS,14.655,15.15,14.6,15.11,91965,0.027192386131883017,,,,
2026-02-12,AVNS,15.15,15.32,14.54,14.69,61128,-0.02779616148246189,,,,
2026-02-13,AVNS,14.85,15.2,14.825,14.91,56724,0.014976174268209741,,,,
2026-02-17,AVNS,14.92,15.15,14.84,14.91,47686,0.0,,,,
2026-02-18,AVNS,14.99,15.22,14.82,15.2,46410,0.019450033534540445,,,,
2026-02-19,AVNS,15.12,15.2,14.91,15.2,67084,0.0,,,,
2026-02-20,AVNS,15.35,15.69,15.1,15.6,49051,0.026315789473684292,,,,
2026-02-23,AVNS,15.56,15.56,15.17,15.26,80251,-0.02179487179487183,,,,
2026-02-24,AVNS,14.49,14.57,13.455,13.56,155930,-0.11140235910878105,,,,
2026-02-25,AVNS,13.53,14.38,13.49,14.35,145709,0.05825958702064882,,,,
2026-02-26,AVNS,14.25,15.065,14.25,14.5,164699,0.010452961672473782,,,,
2026-02-27,AVNS,14.64,14.64,13.8,14.08,124467,-0.0289655172413793,,,,
2026-01-02,AWK,130.13,131.36,129.13,130.32,74492,,,,,
2026-01-05,AWK,129.52,129.58,125.57,127.5,232538,-0.02163904235727432,,,,
2026-01-06,AWK,128.0,129.91,127.1,128.76,176718,0.009882352941176453,,,,
2026-01-07,AWK,129.97,130.26,127.19,127.86,119782,-0.006989748369058635,,,,
2026-01-08,AWK,127.27,129.95,127.05,129.95,168147,0.01634600344126369,,,,
2026-01-09,AWK,128.625,129.88,127.58,127.96,186164,-0.015313582146979532,,,,
2026-01-12,AWK,128.14,132.29,128.14,131.58,154509,0.028290090653329214,,,,
2026-01-13,AWK,129.72,131.73,128.68,131.71,177839,0.0009879920960631505,,,,
2026-01-14,AWK,131.24,132.95,130.9,132.95,122366,0.009414623035456593,,,,
2026-01-15,AWK,132.67,133.64,131.88,133.33,100758,0.002858217374953176,,,,
2026-01-16,AWK,132.71,133.72,132.23,133.3,90683,-0.0002250056251406063,,,,
2026-01-20,AWK,133.28,133.48,129.85,131.51,145885,-0.01342835708927248,,,,
2026-01-21,AWK,131.96,132.84,130.53,130.975,133945,-0.004068131701011279,,,,
2026-01-22,AWK,131.15,132.67,129.95,132.5,120743,0.011643443405230158,,,,
2026-01-23,AWK,131.6,132.56,129.27,129.33,112040,-0.02392452830188674,,,,
2026-01-26,AWK,130.04,132.14,129.78,130.72,73927,0.010747699682981393,,,,
2026-01-27,AWK,130.74,131.62,129.51,130.51,105206,-0.001606487148102853,,,,
2026-01-28,AWK,130.4,131.16,126.37,127.05,180200,-0.026511378438433764,,,,
2026-01-29,AWK,127.05,130.0,127.05,128.99,142569,0.015269578905942716,,,,
2026-01-30,AWK,128.81,129.27,127.5,129.14,94493,0.001162880843476044,,,,
2026-02-02,AWK,129.84,130.04,126.37,126.57,108482,-0.019900882762892924,,,,
2026-02-03,AWK,127.3,129.95,125.525,126.0,209810,-0.0045034368333727315,,,,
2026-02-04,AWK,126.98,127.43,124.23,124.56,262997,-0.011428571428571455,,,,
2026-02-05,AWK,124.7,127.47,124.58,125.98,157312,0.011400128452151659,,,,
2026-02-06,AWK,125.8,127.26,124.15,124.73,109912,-0.009922209874583254,,,,
2026-02-09,AWK,125.18,125.18,121.29,122.95,144199,-0.014270824981961083,,,,
2026-02-10,AWK,122.13,126.375,121.08,126.0,152390,0.02480683204554701,,,,
2026-02-11,AWK,125.0,125.0,122.94,123.68,214211,-0.018412698412698325,,,,
2026-02-12,AWK,123.73,129.89,123.71,128.32,386582,0.03751617076325986,,,,
2026-02-13,AWK,129.15,133.67,127.52,133.39,380574,0.0395105985037405,,,,
2026-02-17,AWK,132.58,134.71,132.09,133.49,198095,0.000749681385411316,,,,
2026-02-18,AWK,134.0,134.0,130.44,131.21,281073,-0.017079931080979827,,,,
2026-02-19,AWK,131.2,134.265,129.195,130.4,138162,-0.006173309961131079,,,,
2026-02-20,AWK,132.18,132.18,129.22,129.88,197482,-0.003987730061349781,,,,
2026-02-23,AWK,130.32,133.21,130.32,132.89,247824,0.02317523868186,,,,
2026-02-24,AWK,133.2,134.1,131.75,133.97,232554,0.008127022349311508,,,,
2026-02-25,AWK,134.08,134.48,131.335,134.3,204435,0.0024632380383668995,,,,
2026-02-26,AWK,134.27,135.15,133.22,134.3,158645,0.0,,,,
2026-02-27,AWK,133.71,137.73,133.71,137.08,205008,0.020699925539836128,,,,
2026-01-02,AXTA,32.55,33.13,32.46,33.025,193344,,,,,
2026-01-05,AXTA,33.0,33.63,32.92,33.07,203816,0.0013626040878123025,,,,
2026-01-06,AXTA,32.48,33.19,32.39,33.0,264339,-0.002116722104626545,,,,
2026-01-07,AXTA,32.68,32.7,32.27,32.435,249279,-0.017121212121212093,,,,
2026-01-08,AXTA,32.1,32.76,31.78,32.415,308086,-0.0006166178510869091,,,,
2026-01-09,AXTA,32.7,33.27,32.63,33.0,267048,0.018047200370199024,,,,
2026-01-12,AXTA,32.79,33.24,32.74,32.98,210732,-0.000606060606060721,,,,
2026-01-13,AXTA,32.9,33.165,32.85,33.04,243777,0.0018192844147968401,,,,
2026-01-14,AXTA,33.125,33.28,32.92,33.04,461987,0.0,,,,
2026-01-15,AXTA,33.2,33.595,32.92,33.595,512456,0.016797820823244436,,,,
2026-01-16,AXTA,33.48,33.6,32.93,33.57,886003,-0.000744158356898339,,,,
2026-01-20,AXTA,32.92,33.44,32.7,33.27,490330,-0.008936550491510209,,,,
2026-01-21,AXTA,33.73,34.015,33.29,33.475,284791,0.0061617072437631926,,,,
2026-01-22,AXTA,34.01,34.29,33.775,34.13,197780,0.01956684092606431,,,,
2026-01-23,AXTA,33.78,34.1,33.4,33.62,228993,-0.014942865514210535,,,,
2026-01-26,AXTA,33.75,34.09,33.65,33.69,186857,0.0020820939916716963,,,,
2026-01-27,AXTA,33.57,33.76,33.43,33.6,200142,-0.002671415850400649,,,,
2026-01-28,AXTA,33.61,34.46,33.47,34.05,473281,0.013392857142856984,,,,
2026-01-29,AXTA,33.88,34.5,33.505,34.08,397923,0.0008810572687225626,,,,
2026-01-30,AXTA,34.05,34.31,33.34,33.58,240414,-0.01467136150234738,,,,
2026-02-02,AXTA,33.6,33.86,33.5,33.54,491633,-0.001191185229303171,,,,
2026-02-03,AXTA,31.97,32.81,30.99,32.285,1007187,-0.03741800834824094,,,,
2026-02-04,AXTA,32.6,34.425,32.6,34.295,542310,0.06225801455784441,,,,
2026-02-05,AXTA,34.1,34.415,33.62,33.805,458738,-0.014287797054964302,,,,
2026-02-06,AXTA,33.39,33.925,33.2,33.83,391745,0.0007395355716610652,,,,
2026-02-09,AXTA,33.885,34.35,33.53,34.2,467493,0.010937038131835886,,,,
2026-02-10,AXTA,35.21,36.19,31.0,34.45,710541,0.007309941520467822,,,,
2026-02-11,AXTA,34.6,34.72,33.51,33.56,455541,-0.025834542815674877,,,,
2026-02-12,AXTA,34.0,34.83,33.595,33.79,447131,0.0068533969010726725,,,,
2026-02-13,AXTA,34.38,34.93,33.52,34.12,498245,0.009766203018644504,,,,
2026-02-17,AXTA,34.34,35.01,34.255,34.975,316011,0.02505861664712783,,,,
2026-02-18,AXTA,35.15,35.71,34.84,35.57,231170,0.017012151536812015,,,,
2026-02-19,AXTA,35.08,35.3,34.17,34.61,254253,-0.026989035704245157,,,,
2026-02-20,AXTA,34.38,35.16,34.32,34.5,221534,-0.0031782721756717924,,,,
2026-02-23,AXTA,34.45,34.8,33.955,34.08,220983,-0.012173913043478257,,,,
2026-02-24,AXTA,34.55,34.89,34.025,34.18,247689,0.002934272300469498,,,,
2026-02-25,AXTA,34.37,34.6,33.52,33.73,276306,-0.013165593914570062,,,,
2026-02-26,AXTA,33.94,34.195,33.36,33.61,214883,-0.003557663800770716,,,,
2026-02-27,AXTA,33.51,33.71,33.08,33.42,264792,-0.005653079440642639,,,,
2026-01-02,BACC,10.25,10.25,10.22,10.22,2087,,,,,
2026-01-05,BACC,10.29,10.29,10.22,10.22,74,0.0,,,,
2026-01-06,BACC,10.22,10.22,10.22,10.22,2513,0.0,,,,
2026-01-07,BACC,10.23,10.23,10.22,10.22,14227,0.0,,,,
2026-01-08,BACC,10.22,10.22,10.22,10.22,60735,0.0,,,,
2026-01-09,BACC,10.22,10.22,10.22,10.22,22635,0.0,,,,
2026-01-12,BACC,10.22,10.25,10.22,10.22,215,0.0,,,,
2026-01-13,BACC,10.24,10.25,10.22,10.25,182,0.0029354207436398383,,,,
2026-01-14,BACC,10.25,10.255,10.22,10.25,3091,0.0,,,,
2026-01-15,BACC,10.28,10.29,10.28,10.29,223,0.0039024390243902474,,,,
2026-01-16,BACC,10.29,10.29,10.29,10.29,120,0.0,,,,
2026-01-20,BACC,10.29,10.29,10.29,10.29,676,0.0,,,,
2026-01-21,BACC,10.29,10.29,10.26,10.26,121,-0.002915451895043719,,,,
2026-01-22,BACC,10.28,10.29,10.26,10.29,200,0.0029239766081869956,,,,
2026-01-23,BACC,10.23,10.27,10.23,10.27,296,-0.0019436345966957758,,,,
2026-01-26,BACC,10.23,10.3,10.23,10.23,2225,-0.003894839337877265,,,,
2026-01-27,BACC,10.3,10.3,10.23,10.23,38,0.0,,,,
2026-01-28,BACC,10.23,10.3,10.23,10.23,666,0.0,,,,
2026-01-29,BACC,10.23,10.29,10.23,10.29,552,0.00586510263929596,,,,
2026-01-30,BACC,10.29,10.29,10.23,10.23,3328,-0.005830903790087327,,,,
2026-02-02,BACC,10.23,10.27,10.22,10.22,9777,-0.0009775171065493637,,,,
2026-02-03,BACC,10.23,10.26,10.225,10.25,313794,0.0029354207436398383,,,,
2026-02-04,BACC,10.29,10.29,10.25,10.25,1428,0.0,,,,
2026-02-05,BACC,10.22,10.26,10.22,10.26,3419,0.0009756097560975618,,,,
2026-02-06,BACC,10.29,10.29,10.26,10.26,38,0.0,,,,
2026-02-09,BACC,10.22,10.24,10.2,10.24,351,-0.0019493177387913674,,,,
2026-02-10,BACC,10.21,10.24,10.2,10.24,134,0.0,,,,
2026-02-11,BACC,10.23,10.265,10.23,10.26,13780,0.001953125,,,,
2026-02-12,BACC,10.28,10.28,10.18,10.2,3442,-0.005847953216374324,,,,
2026-02-13,BACC,10.2,10.2,10.18,10.19,7498,-0.0009803921568627416,,,,
2026-02-17,BACC,10.2,10.2,10.17,10.18,23702,-0.0009813542688910104,,,,
2026-02-18,BACC,10.18,10.18,10.15,10.17,15115,-0.0009823182711198308,,,,
2026-02-19,BACC,10.18,10.18,10.15,10.16,32902,-0.000983284169124854,,,,
2026-02-20,BACC,10.17,10.17,10.15,10.16,2528,0.0,,,,
2026-02-23,BACC,10.15,10.16,10.14,10.16,17478,0.0,,,,
2026-02-24,BACC,10.16,10.17,10.15,10.17,6045,0.0009842519685039353,,,,
2026-02-25,BACC,10.17,10.17,10.15,10.17,39646,0.0,,,,
2026-02-26,BACC,10.17,10.18,10.16,10.18,3270,0.000983284169124854,,,,
2026-02-27,BACC,10.18,10.19,10.16,10.19,8115,0.0009823182711197198,,,,
2026-01-02,BARK,0.585,0.6208,0.573,0.5755,37391,,,,,
2026-01-05,BARK,0.5799,0.5891,0.5601,0.5806,36789,0.008861859252823567,,,,
2026-01-06,BARK,0.5683,0.58,0.5471,0.5556,29950,-0.04305890458146744,,,,
2026-01-07,BARK,0.589,0.61,0.5301,0.5383,49421,-0.031137508999280028,,,,
2026-01-08,BARK,0.5491,0.5737,0.54,0.5617,44692,0.04347018391231661,,,,
2026-01-09,BARK,0.58,0.87,0.5667,0.8179,739505,0.45611536407334885,,,,
2026-01-12,BARK,0.7431,0.82,0.724,0.8019,525819,-0.019562293678933917,,,,
2026-01-13,BARK,0.7799,0.8689,0.7701,0.815,115654,0.016336201521386817,,,,
2026-01-14,BARK,0.7916,0.988,0.7914,0.9215,363227,0.130674846625767,,,,
2026-01-15,BARK,0.977,0.977,0.8985,0.9464,92512,0.0270211611502984,,,,
2026-01-16,BARK,0.9329,0.9573,0.9139,0.9175,50182,-0.03053677092138629,,,,
2026-01-20,BARK,0.9,0.9299,0.892,0.912,76399,-0.0059945504087193235,,,,
2026-01-21,BARK,0.92,0.949,0.8869,0.9421,81211,0.033004385964912286,,,,
2026-01-22,BARK,0.9669,0.989,0.9101,0.9279,37071,-0.015072709903407366,,,,
2026-01-23,BARK,0.9132,0.929,0.903,0.9204,29971,-0.008082767539605462,,,,
2026-01-26,BARK,0.93,0.99,0.9025,0.9047,78482,-0.017057800956106095,,,,
2026-01-27,BARK,0.9057,0.9057,0.8709,0.9,27209,-0.005195092295788628,,,,
2026-01-28,BARK,0.86,0.9026,0.854,0.8592,24413,-0.04533333333333345,,,,
2026-01-29,BARK,0.8424,0.87,0.8309,0.8603,15027,0.0012802607076349837,,,,
2026-01-30,BARK,0.8431,0.8839,0.8261,0.841,56144,-0.022434034639079337,,,,
2026-02-02,BARK,0.8781,0.911,0.853,0.8566,35977,0.018549346016646817,,,,
2026-02-03,BARK,0.8591,0.8764,0.8101,0.8453,60780,-0.013191688069110419,,,,
2026-02-04,BARK,0.8366,0.8583,0.83,0.836,14835,-0.011002011120312405,,,,
2026-02-05,BARK,0.8278,0.8393,0.8037,0.8263,38486,-0.01160287081339706,,,,
2026-02-06,BARK,0.8087,0.8566,0.8026,0.8397,17217,0.016216870386058346,,,,
2026-02-09,BARK,0.8094,0.8399,0.8065,0.8282,18377,-0.013695367393116498,,,,
2026-02-10,BARK,0.8329,0.836,0.7927,0.8005,25860,-0.033446027529582256,,,,
2026-02-11,BARK,0.81,0.8599,0.7782,0.7789,60610,-0.026983135540287306,,,,
2026-02-12,BARK,0.7902,0.7998,0.7651,0.77,39676,-0.011426370522531815,,,,
2026-02-13,BARK,0.802,0.802,0.7602,0.8009,39667,0.040129870129870016,,,,
2026-02-17,BARK,0.79,0.7939,0.74,0.74,27323,-0.07603945561243597,,,,
2026-02-18,BARK,0.7709,0.7821,0.7503,0.7618,30257,0.02945945945945949,,,,
2026-02-19,BARK,0.7483,0.7561,0.735,0.7516,18715,-0.013389341034392266,,,,
2026-02-20,BARK,0.7602,0.8132,0.7516,0.81,38594,0.077700904736562,,,,
2026-02-23,BARK,0.798,0.798,0.756,0.7849,21551,-0.030987654320987712,,,,
2026-02-24,BARK,0.7799,0.7799,0.7606,0.7701,14420,-0.018855905210854895,,,,
2026-02-25,BARK,0.78,0.8094,0.7655,0.7898,22680,0.025581093364497987,,,,
2026-02-26,BARK,0.79,0.7955,0.7802,0.7838,20592,-0.007596859964547842,,,,
2026-02-27,BARK,0.7806,0.7933,0.764,0.7922,25661,0.010717019647869197,,,,
2026-01-28,BBCQ,9.95,9.95,9.93,9.93,14150,,,,,
2026-01-29,BBCQ,9.91,9.94,9.91,9.94,800,0.001007049345417954,,,,
2026-01-30,BBCQ,9.92,9.93,9.92,9.93,8000,-0.001006036217303774,,,,
2026-02-02,BBCQ,9.95,9.95,9.93,9.93,425,0.0,,,,
2026-02-03,BBCQ,9.95,9.95,9.95,9.95,2,0.002014098690835908,,,,
2026-02-04,BBCQ,9.95,10.05,9.95,10.05,7455,0.01005025125628145,,,,
2026-02-05,BBCQ,9.92,9.95,9.92,9.92,1120,-0.012935323383084674,,,,
2026-02-06,BBCQ,9.92,9.95,9.92,9.92,48501,0.0,,,,
2026-02-09,BBCQ,9.92,9.92,9.92,9.92,561,0.0,,,,
2026-02-10,BBCQ,9.96,9.96,9.96,9.96,102,0.0040322580645162365,,,,
2026-02-11,BBCQ,9.97,9.98,9.95,9.95,59778,-0.0010040160642571516,,,,
2026-02-12,BBCQ,9.97,9.97,9.95,9.95,23230,0.0,,,,
2026-02-13,BBCQ,9.95,9.95,9.95,9.95,436,0.0,,,,
2026-02-17,BBCQ,9.95,9.95,9.95,9.95,26885,0.0,,,,
2026-02-18,BBCQ,9.95,9.95,9.95,9.95,417,0.0,,,,
2026-02-19,BBCQ,9.94,9.94,9.94,9.94,238,-0.0010050251256281673,,,,
2026-02-20,BBCQ,9.95,9.97,9.95,9.97,33,0.003018108651911655,,,,
2026-02-24,BBCQ,9.95,9.97,9.95,9.97,25889,0.0,,,,
2026-02-25,BBCQ,9.98,9.98,9.96,9.96,227,-0.0010030090270811698,,,,
2026-02-26,BBCQ,9.97,9.97,9.92,9.92,38378,-0.004016064257028162,,,,
2026-02-27,BBCQ,9.96,9.96,9.92,9.92,2893,0.0,,,,
2026-01-02,BCAR,10.055,10.065,10.05,10.05,39177,,,,,
2026-01-05,BCAR,10.055,10.07,10.04,10.04,8950,-0.0009950248756220859,,,,
2026-01-06,BCAR,10.05,10.05,10.04,10.04,2375,0.0,,,,
2026-01-07,BCAR,10.055,10.055,10.05,10.05,4618,0.0009960159362552012,,,,
2026-01-08,BCAR,10.055,10.055,10.04,10.04,7143,-0.0009950248756220859,,,,
2026-01-09,BCAR,10.05,10.05,10.04,10.04,5151,0.0,,,,
2026-01-12,BCAR,10.05,10.29,10.03,10.11,300602,0.006972111553784854,,,,
2026-01-13,BCAR,10.2,10.4,10.2,10.4,2919272,0.028684470820969477,,,,
2026-01-14,BCAR,10.5,10.65,10.4,10.51,922457,0.01057692307692304,,,,
2026-01-15,BCAR,10.6,10.6,10.44,10.54,114508,0.0028544243577544037,,,,
2026-01-16,BCAR,10.49,10.56,10.42,10.56,516480,0.00189753320683117,,,,
2026-01-20,BCAR,10.4,10.44,10.29,10.29,202459,-0.02556818181818199,,,,
2026-01-21,BCAR,10.34,10.37,10.26,10.28,106344,-0.0009718172983479434,,,,
2026-01-22,BCAR,10.29,10.3,10.22,10.26,187165,-0.0019455252918287869,,,,
2026-01-23,BCAR,10.26,10.28,10.25,10.25,66207,-0.0009746588693957392,,,,
2026-01-26,BCAR,10.25,10.27,10.23,10.23,36600,-0.0019512195121951237,,,,
2026-01-27,BCAR,10.23,10.265,10.23,10.25,49521,0.0019550342130987275,,,,
2026-01-28,BCAR,10.27,10.27,10.22,10.23,33288,-0.0019512195121951237,,,,
2026-01-29,BCAR,10.21,10.235,10.21,10.23,52317,0.0,,,,
2026-01-30,BCAR,10.22,10.23,10.19,10.2,122003,-0.0029325513196482023,,,,
2026-02-02,BCAR,10.27,10.27,10.18,10.18,57080,-0.0019607843137254832,,,,
2026-02-03,BCAR,10.18,10.2,10.14,10.16,118839,-0.0019646365422396617,,,,
2026-02-04,BCAR,10.17,10.19,10.15,10.15,127631,-0.0009842519685039353,,,,
2026-02-05,BCAR,10.15,10.205,10.145,10.16,186072,0.0009852216748769127,,,,
2026-02-06,BCAR,10.14,10.165,10.14,10.15,37958,-0.0009842519685039353,,,,
2026-02-09,BCAR,10.15,10.165,10.15,10.16,8181,0.0009852216748769127,,,,
2026-02-10,BCAR,10.16,10.16,10.14,10.15,22644,-0.0009842519685039353,,,,
2026-02-11,BCAR,10.17,10.18,10.13,10.13,44540,-0.0019704433497536034,,,,
2026-02-12,BCAR,10.14,10.14,10.1,10.13,77694,0.0,,,,
2026-02-13,BCAR,10.13,10.13,10.11,10.11,22238,-0.001974333662389083,,,,
2026-02-17,BCAR,10.11,10.12,10.1,10.12,29486,0.0009891196834816984,,,,
2026-02-18,BCAR,10.11,10.12,10.11,10.12,6370,0.0,,,,
2026-02-19,BCAR,10.12,10.12,10.09,10.1,93280,-0.0019762845849802257,,,,
2026-02-20,BCAR,10.1,10.11,10.09,10.09,11878,-0.000990099009900991,,,,
2026-02-23,BCAR,10.1,10.1,10.09,10.09,99073,0.0,,,,
2026-02-24,BCAR,10.08,10.1,10.08,10.1,12531,0.0009910802775023875,,,,
2026-02-25,BCAR,10.09,10.1,10.09,10.09,12479,-0.000990099009900991,,,,
2026-02-26,BCAR,10.09,10.1,10.09,10.09,6777,0.0,,,,
2026-02-27,BCAR,10.09,10.1,10.085,10.085,68798,-0.0004955401387511937,,,,
2026-01-02,BHF,64.83,64.83,64.07,64.57,468492,,,,,
2026-01-05,BHF,64.4,64.81,64.4,64.62,279786,0.0007743534148987319,,,,
2026-01-06,BHF,64.4,65.075,64.4,65.05,336413,0.006654286598576142,,,,
2026-01-07,BHF,65.05,65.38,64.88,64.93,159716,-0.0018447348193695312,,,,
2026-01-08,BHF,64.96,65.08,64.515,64.76,340935,-0.002618204219929199,,,,
2026-01-09,BHF,64.65,64.86,64.35,64.7,230747,-0.0009264978381717803,,,,
2026-01-12,BHF,64.44,64.69,64.31,64.37,188629,-0.005100463678516243,,,,
2026-01-13,BHF,64.43,64.47,63.85,64.0,505054,-0.00574801926363222,,,,
2026-01-14,BHF,63.97,64.105,63.8,63.8,317087,-0.0031250000000000444,,,,
2026-01-15,BHF,63.76,64.18,63.76,64.09,204467,0.00454545454545463,,,,
2026-01-16,BHF,64.26,64.49,63.77,63.77,188760,-0.004992978623810318,,,,
2026-01-20,BHF,64.0,64.44,64.0,64.42,405074,0.010192880664889437,,,,
2026-01-21,BHF,64.1,64.5,63.96,64.14,261766,-0.00434647624961193,,,,
2026-01-22,BHF,64.49,64.49,64.16,64.32,363454,0.002806361085126108,,,,
2026-01-23,BHF,64.35,64.445,64.07,64.11,150301,-0.0032649253731342753,,,,
2026-01-26,BHF,64.24,64.37,64.15,64.32,369719,0.0032756200280765757,,,,
2026-01-27,BHF,64.38,64.39,64.11,64.17,89208,-0.0023320895522386254,,,,
2026-01-28,BHF,64.18,64.4,64.01,64.35,278429,0.0028050490883588797,,,,
2026-01-29,BHF,64.35,64.4,64.09,64.2,154266,-0.002331002331002252,,,,
2026-01-30,BHF,64.2,64.24,64.0,64.06,268876,-0.002180685358255441,,,,
2026-02-02,BHF,64.71,64.71,64.05,64.14,273171,0.0012488292226038311,,,,
2026-02-03,BHF,64.18,64.27,63.65,63.68,258827,-0.007171811661989436,,,,
2026-02-04,BHF,63.88,64.02,63.71,63.85,180637,0.0026695979899498123,,,,
2026-02-05,BHF,63.8,64.1,63.68,64.1,331136,0.003915426781519127,,,,
2026-02-06,BHF,64.03,64.05,63.69,63.73,226540,-0.005772230889235508,,,,
2026-02-09,BHF,63.8,63.82,63.45,63.7,154996,-0.0004707359171504111,,,,
2026-02-10,BHF,63.7,63.96,63.53,63.82,190871,0.0018838304552590834,,,,
2026-02-11,BHF,63.9,63.95,63.78,63.87,145050,0.0007834534628643475,,,,
2026-02-12,BHF,64.44,64.44,63.795,64.05,290467,0.0028182245185532917,,,,
2026-02-13,BHF,64.01,64.11,63.76,63.84,190064,-0.003278688524590012,,,,
2026-02-17,BHF,64.39,64.39,63.8,63.91,127585,0.0010964912280699846,,,,
2026-02-18,BHF,63.82,64.0,63.81,63.98,85881,0.0010952902519167917,,,,
2026-02-19,BHF,63.9,64.38,63.6,63.68,144928,-0.0046889653016567445,,,,
2026-02-20,BHF,64.32,64.32,63.41,63.93,163152,0.003925879396984966,,,,
2026-02-23,BHF,63.75,63.75,62.54,62.54,390786,-0.021742530893164358,,,,
2026-02-24,BHF,62.52,62.54,60.15,61.86,650092,-0.01087304125359767,,,,
2026-02-25,BHF,61.94,61.94,60.7,60.8,458335,-0.01713546718396386,,,,
2026-02-26,BHF,60.92,61.31,59.96,60.21,381209,-0.009703947368420951,,,,
2026-02-27,BHF,60.2,60.22,59.45,59.98,406580,-0.0038199634612191558,,,,
2026-01-02,BKH,69.2,70.0,68.64,69.67,72302,,,,,
2026-01-05,BKH,69.585,69.585,68.33,69.375,60933,-0.004234247165207483,,,,
2026-01-06,BKH,69.28,69.55,68.69,69.39,85182,0.00021621621621625842,,,,
2026-01-07,BKH,69.39,71.97,69.22,71.9,246422,0.03617235912955774,,,,
2026-01-08,BKH,71.92,72.905,70.05,71.17,207276,-0.010152990264255979,,,,
2026-01-09,BKH,71.73,72.09,69.94,70.73,100881,-0.0061823802163832875,,,,
2026-01-12,BKH,70.435,71.43,70.14,70.58,46618,-0.0021207408454687604,,,,
2026-01-13,BKH,70.6,71.76,70.3,70.73,86278,0.0021252479455937667,,,,
2026-01-14,BKH,70.71,72.21,70.63,72.02,73768,0.018238371271030562,,,,
2026-01-15,BKH,72.33,73.77,72.245,73.16,66022,0.015828936406553806,,,,
2026-01-16,BKH,72.85,73.35,72.2,73.34,76664,0.002460360852925225,,,,
2026-01-20,BKH,73.01,73.04,71.76,72.51,53487,-0.01131715298609215,,,,
2026-01-21,BKH,72.6,73.52,72.24,73.32,72055,0.01117087298303665,,,,
2026-01-22,BKH,72.87,73.73,71.34,72.39,57873,-0.012684124386251994,,,,
2026-01-23,BKH,72.11,72.56,71.14,71.66,83590,-0.010084265782566715,,,,
2026-01-26,BKH,72.68,73.01,71.77,72.72,83637,0.014792073681272777,,,,
2026-01-27,BKH,72.59,74.18,72.59,73.62,67977,0.012376237623762387,,,,
2026-01-28,BKH,73.12,73.58,71.83,72.135,139091,-0.02017114914425422,,,,
2026-01-29,BKH,72.16,73.19,72.09,72.27,101870,0.0018714909544601532,,,,
2026-01-30,BKH,71.76,73.29,71.76,72.96,126171,0.009547530095475265,,,,
2026-02-02,BKH,73.04,73.33,72.11,72.42,128040,-0.0074013157894735615,,,,
2026-02-03,BKH,72.44,74.12,72.44,74.075,115100,0.02285280309306814,,,,
2026-02-04,BKH,74.04,74.94,73.15,73.715,119099,-0.0048599392507593375,,,,
2026-02-05,BKH,74.46,75.37,73.56,74.28,120055,0.007664654412263383,,,,
2026-02-06,BKH,75.19,75.94,72.29,72.56,75029,-0.023155627355950448,,,,
2026-02-09,BKH,71.81,72.38,70.45,71.47,91858,-0.015022050716648305,,,,
2026-02-10,BKH,71.73,72.61,71.35,72.39,103896,0.012872533930320396,,,,
2026-02-11,BKH,72.89,73.37,72.14,72.62,93839,0.0031772344246443485,,,,
2026-02-12,BKH,73.185,74.035,72.5,73.18,113263,0.007711374277058702,,,,
2026-02-13,BKH,73.67,74.24,73.33,74.08,70564,0.012298442197321569,,,,
2026-02-17,BKH,74.5,75.12,73.45,73.575,99569,-0.0068169546436284145,,,,
2026-02-18,BKH,73.525,74.65,73.06,73.92,111657,0.00468909276248719,,,,
2026-02-19,BKH,72.42,73.79,72.34,73.09,115382,-0.011228354978354949,,,,
2026-02-20,BKH,72.75,73.45,72.45,73.33,80813,0.0032836229306334452,,,,
2026-02-23,BKH,73.29,74.54,72.82,73.5,83533,0.0023182871948725925,,,,
2026-02-24,BKH,73.51,73.75,72.3,73.73,68534,0.0031292517006802356,,,,
2026-02-25,BKH,74.22,74.22,72.61,73.41,68374,-0.004340160043401653,,,,
2026-02-26,BKH,73.42,74.02,73.21,73.83,57841,0.00572129137719668,,,,
2026-02-27,BKH,73.62,74.28,73.43,73.71,69358,-0.001625355546525875,,,,
2026-01-02,BKR,45.86,47.405,45.35,47.15,1913485,,,,,
2026-01-05,BKR,50.6,51.04,48.27,49.35,5652489,0.046659597030753064,,,,
2026-01-06,BKR,49.37,49.9,48.54,49.49,3430023,0.0028368794326241176,,,,
2026-01-07,BKR,49.37,50.12,48.31,48.91,3156290,-0.011719539300868997,,,,
2026-01-08,BKR,48.73,50.44,48.73,50.38,2491549,0.03005520343488044,,,,
2026-01-09,BKR,50.62,50.73,49.64,50.01,2125241,-0.00734418420007954,,,,
2026-01-12,BKR,49.74,50.16,47.68,47.95,3327854,-0.041191761647670355,,,,
2026-01-13,BKR,47.96,49.195,47.96,49.0,3454504,0.021897810218977964,,,,
2026-01-14,BKR,48.86,50.335,48.86,50.1,3318022,0.022448979591836782,,,,
2026-01-15,BKR,50.07,52.16,49.58,52.01,4140125,0.03812375249500999,,,,
2026-01-16,BKR,52.31,52.7,51.14,52.1,3626427,0.0017304364545280837,,,,
2026-01-20,BKR,51.46,51.97,50.62,51.32,3905090,-0.01497120921305184,,,,
2026-01-21,BKR,51.4,53.93,51.4,53.59,3831366,0.04423226812159009,,,,
2026-01-22,BKR,53.64,54.76,52.9,54.76,4112504,0.021832431423773002,,,,
2026-01-23,BKR,54.73,55.45,53.71,53.81,6098704,-0.017348429510591568,,,,
2026-01-26,BKR,55.81,56.895,54.52,56.62,5962190,0.052220776807284874,,,,
2026-01-27,BKR,56.74,57.58,55.87,56.61,4411819,-0.00017661603673613246,,,,
2026-01-28,BKR,56.92,57.5,56.09,56.7,3836570,0.0015898251192369983,,,,
2026-01-29,BKR,57.28,58.48,56.435,56.52,6812467,-0.0031746031746031633,,,,
2026-01-30,BKR,55.76,56.45,55.04,56.21,3991509,-0.005484784147204547,,,,
2026-02-02,BKR,54.97,56.85,54.96,56.85,3351899,0.011385874399572948,,,,
2026-02-03,BKR,56.19,58.43,55.83,58.18,4019216,0.023394898856640145,,,,
2026-02-04,BKR,58.28,59.53,57.96,59.37,4219619,0.020453764180130563,,,,
2026-02-05,BKR,59.17,59.28,56.915,57.48,4411168,-0.03183425972713494,,,,
2026-02-06,BKR,58.59,59.54,57.53,58.9,3450726,0.024704244954766974,,,,
2026-02-09,BKR,58.9,59.89,58.6,59.55,3710124,0.011035653650254718,,,,
2026-02-10,BKR,59.52,59.87,58.42,59.34,3169337,-0.0035264483627203136,,,,
2026-02-11,BKR,59.26,62.08,59.0,61.2,4786666,0.03134479271991908,,,,
2026-02-12,BKR,61.8,62.265,60.62,61.2,3850382,0.0,,,,
2026-02-13,BKR,61.23,61.62,60.26,61.34,3262763,0.002287581699346397,,,,
2026-02-17,BKR,61.22,61.8,58.98,59.98,3558473,-0.022171503097489498,,,,
2026-02-18,BKR,60.44,61.74,60.13,61.61,2343786,0.027175725241747273,,,,
2026-02-19,BKR,61.67,62.79,61.64,62.43,3066956,0.013309527674078891,,,,
2026-02-20,BKR,62.86,62.89,61.59,62.25,2255446,-0.0028832292167226825,,,,
2026-02-23,BKR,62.09,64.255,61.92,64.06,3369292,0.029076305220883558,,,,
2026-02-24,BKR,63.78,65.2,63.1,64.67,3267901,0.00952232282235399,,,,
2026-02-25,BKR,65.02,65.5,64.13,64.74,2547980,0.0010824184320394892,,,,
2026-02-26,BKR,64.99,65.66,63.765,65.09,2969173,0.005406240345999569,,,,
2026-02-27,BKR,65.21,65.78,64.77,65.25,4020938,0.0024581348901520084,,,,
2026-01-02,BLD,417.2,431.91,415.33,431.4,14195,,,,,
2026-01-05,BLD,430.61,448.06,430.61,442.9,31591,0.02665739452943905,,,,
2026-01-06,BLD,436.775,448.08,436.72,444.67,15381,0.003996387446376204,,,,
2026-01-07,BLD,446.51,447.66,420.66,422.2,48608,-0.050531855083545185,,,,
2026-01-08,BLD,420.0,444.66,420.0,442.0,36337,0.04689720511605877,,,,
2026-01-09,BLD,444.61,466.85,444.61,466.56,112433,0.05556561085972844,,,,
2026-01-12,BLD,462.72,479.63,460.95,474.27,54795,0.016525205761316775,,,,
2026-01-13,BLD,473.99,491.01,470.61,488.12,42478,0.02920277479073108,,,,
2026-01-14,BLD,489.0,491.98,480.37,486.05,32068,-0.004240760468737226,,,,
2026-01-15,BLD,499.34,502.88,489.68,501.96,31961,0.032733257895278145,,,,
2026-01-16,BLD,504.18,508.1,490.77,493.76,29185,-0.016335963024942224,,,,
2026-01-20,BLD,488.18,491.82,478.04,482.5,31355,-0.02280460142579388,,,,
2026-01-21,BLD,486.075,503.125,483.35,494.23,50410,0.024310880829015558,,,,
2026-01-22,BLD,494.5,507.0,488.83,492.655,32306,-0.003186775387977403,,,,
2026-01-23,BLD,490.5,494.5,481.79,488.77,23682,-0.007885843034171947,,,,
2026-01-26,BLD,486.4,490.46,477.84,480.0,35379,-0.01794299977494529,,,,
2026-01-27,BLD,479.03,481.82,470.94,480.55,19213,0.0011458333333334014,,,,
2026-01-28,BLD,477.91,489.38,475.28,482.38,22857,0.003808136510248694,,,,
2026-01-29,BLD,480.115,488.22,470.14,478.86,25990,-0.007297151623201548,,,,
2026-01-30,BLD,471.75,477.26,462.02,467.86,21373,-0.02297122332205659,,,,
2026-02-02,BLD,466.41,470.99,461.3,463.84,16889,-0.008592313940067653,,,,
2026-02-03,BLD,468.54,490.82,464.97,479.0,37051,0.03268368402897548,,,,
2026-02-04,BLD,484.35,505.55,484.35,499.815,50092,0.04345511482254705,,,,
2026-02-05,BLD,499.28,504.39,479.21,479.21,38031,-0.04122525334373717,,,,
2026-02-06,BLD,500.93,521.25,500.835,517.97,59955,0.0808831201352227,,,,
2026-02-09,BLD,518.94,523.14,512.67,522.33,34138,0.008417475915593498,,,,
2026-02-10,BLD,523.72,541.0,523.72,541.0,35430,0.03574368694120578,,,,
2026-02-11,BLD,545.0,547.98,523.65,547.98,42907,0.012902033271719127,,,,
2026-02-12,BLD,549.5,555.98,537.36,537.435,29502,-0.019243403043906815,,,,
2026-02-13,BLD,536.44,553.85,532.78,550.9,45715,0.025054192600035385,,,,
2026-02-17,BLD,546.0,556.23,536.75,545.06,33857,-0.010600834997277264,,,,
2026-02-18,BLD,545.56,548.99,531.77,532.91,21247,-0.022291123912963617,,,,
2026-02-19,BLD,534.43,534.43,520.0,521.82,54193,-0.020810268150344147,,,,
2026-02-20,BLD,520.02,528.51,512.82,518.63,33381,-0.006113219117703572,,,,
2026-02-23,BLD,518.71,519.195,498.52,507.16,28752,-0.022115959354452985,,,,
2026-02-24,BLD,506.0,511.74,504.645,510.66,47528,0.006901175171543539,,,,
2026-02-25,BLD,511.42,513.98,480.6,485.0,43479,-0.05024869776367846,,,,
2026-02-26,BLD,490.0,492.46,441.71,467.3,86550,-0.0364948453608247,,,,
2026-02-27,BLD,467.88,468.0,445.92,447.71,53458,-0.04192167772309019,,,,
2026-01-06,BPAC,9.96,9.96,9.87,9.91,18775,,,,,
2026-01-07,BPAC,9.91,9.93,9.9,9.93,173803,0.0020181634712410634,,,,
2026-01-08,BPAC,9.93,9.93,9.91,9.92,7498,-0.001007049345417954,,,,
2026-01-09,BPAC,9.92,9.93,9.92,9.93,61645,0.0010080645161290036,,,,
2026-01-12,BPAC,9.91,9.93,9.91,9.93,22947,0.0,,,,
2026-01-13,BPAC,9.94,9.94,9.94,9.94,267,0.001007049345417954,,,,
2026-01-14,BPAC,9.94,9.94,9.94,9.94,13,0.0,,,,
2026-01-15,BPAC,9.94,9.95,9.93,9.95,350363,0.001006036217303885,,,,
2026-01-20,BPAC,9.97,9.97,9.95,9.96,1827,0.0010050251256283893,,,,
2026-01-21,BPAC,9.98,9.98,9.98,9.98,61,0.002008032128514081,,,,
2026-01-22,BPAC,9.98,10.07,9.98,9.99,22205,0.0010020040080160886,,,,
2026-01-23,BPAC,10.45,10.45,9.98,9.98,21,-0.0010010010010009784,,,,
2026-01-26,BPAC,9.94,9.985,9.94,9.985,16020,0.0005010020040079333,,,,
2026-01-27,BPAC,9.98,9.985,9.98,9.985,400,0.0,,,,
2026-01-28,BPAC,9.98,9.98,9.96,9.97,320,-0.001502253380069929,,,,
2026-01-29,BPAC,9.97,9.99,9.97,9.99,1776,0.0020060180541623396,,,,
2026-02-02,BPAC,9.99,9.99,9.99,9.99,35,0.0,,,,
2026-02-04,BPAC,9.98,9.98,9.98,9.98,1,-0.0010010010010009784,,,,
2026-02-06,BPAC,9.98,9.98,9.98,9.98,10000,0.0,,,,
2026-02-11,BPAC,9.985,9.985,9.985,9.985,10,0.0005010020040079333,,,,
2026-02-17,BPAC,9.98,9.98,9.98,9.98,1100,-0.0005007511266899023,,,,
2026-02-20,BPAC,9.97,9.97,9.97,9.97,3,-0.0010020040080159776,,,,
2026-02-24,BPAC,9.97,9.97,9.97,9.97,1,0.0,,,,
2026-01-02,BRK.B,502.6,502.68,492.9,497.22,584721,,,,,
2026-01-05,BRK.B,496.86,503.45,494.54,498.8,312520,0.00317766783315232,,,,
2026-01-06,BRK.B,499.0,500.67,496.06,498.8,250811,0.0,,,,
2026-01-07,BRK.B,499.02,499.14,493.09,495.83,316933,-0.005954290296712128,,,,
2026-01-08,BRK.B,495.91,504.03,494.0,499.99,316399,0.008389972369562182,,,,
2026-01-09,BRK.B,499.8,500.28,496.44,498.99,290184,-0.0020000400008000074,,,,
2026-01-12,BRK.B,498.41,500.02,495.1,498.43,296429,-0.001122266979298181,,,,
2026-01-13,BRK.B,498.67,498.67,493.35,495.1,347853,-0.006680978271773386,,,,
2026-01-14,BRK.B,495.2,497.7,492.0,494.43,403813,-0.0013532619672793622,,,,
2026-01-15,BRK.B,494.55,495.575,490.76,492.52,235440,-0.0038630342009992047,,,,
2026-01-16,BRK.B,492.63,495.1,490.96,493.68,234593,0.002355234305206011,,,,
2026-01-20,BRK.B,489.71,491.0,482.75,485.37,480894,-0.016832766164316948,,,,
2026-01-21,BRK.B,485.47,487.88,481.57,483.84,504023,-0.003152234377897356,,,,
2026-01-22,BRK.B,484.5,485.62,481.72,484.35,336523,0.0010540674603176647,,,,
2026-01-23,BRK.B,484.73,485.22,478.45,479.3,434483,-0.010426344585527048,,,,
2026-01-26,BRK.B,478.96,484.88,477.01,483.11,395146,0.007949092426455362,,,,
2026-01-27,BRK.B,483.3,483.5,474.7,475.3,510398,-0.01616609053838669,,,,
2026-01-28,BRK.B,472.88,476.87,471.91,472.81,359089,-0.00523879654954762,,,,
2026-01-29,BRK.B,473.46,477.3,473.01,476.1,350246,0.006958397665024041,,,,
2026-01-30,BRK.B,476.5,481.485,474.75,480.93,317321,0.010144927536231751,,,,
2026-02-02,BRK.B,481.17,488.07,478.69,486.74,309590,0.012080760193791118,,,,
2026-02-03,BRK.B,486.76,496.04,482.32,493.51,488836,0.013908863048033737,,,,
2026-02-04,BRK.B,493.08,512.13,491.55,503.43,967076,0.020100909809324996,,,,
2026-02-05,BRK.B,502.15,506.68,497.77,504.13,523302,0.0013904614345590094,,,,
2026-02-06,BRK.B,502.54,509.57,500.58,508.06,390619,0.007795608275643184,,,,
2026-02-09,BRK.B,506.9,507.75,497.3,498.0,292858,-0.019800810927843138,,,,
2026-02-10,BRK.B,498.32,501.28,496.4,500.1,278659,0.004216867469879482,,,,
2026-02-11,BRK.B,499.8,503.22,497.35,499.28,263723,-0.0016396720655870167,,,,
2026-02-12,BRK.B,499.96,507.67,498.96,500.33,436084,0.0021030283608396427,,,,
2026-02-13,BRK.B,499.09,502.16,495.55,498.0,373142,-0.004656926428557084,,,,
2026-02-17,BRK.B,498.2,506.03,498.01,504.13,358578,0.012309236947791069,,,,
2026-02-18,BRK.B,503.98,505.26,497.7,498.8,299871,-0.010572669747882513,,,,
2026-02-19,BRK.B,499.98,500.44,495.69,497.23,196288,-0.003147554129911745,,,,
2026-02-20,BRK.B,497.65,498.32,491.98,497.98,260948,0.0015083562938680295,,,,
2026-02-23,BRK.B,497.31,503.44,493.69,494.4,261563,-0.007189043736696377,,,,
2026-02-24,BRK.B,494.43,495.21,488.35,494.0,252404,-0.0008090614886731018,,,,
2026-02-25,BRK.B,494.48,497.225,491.0,493.9,270474,-0.00020242914979762272,,,,
2026-02-26,BRK.B,493.4,503.7,492.0,500.93,397044,0.014233650536545905,,,,
2026-02-27,BRK.B,501.2,506.5,499.3,504.83,420356,0.007785518934781299,,,,
2026-01-02,BRNS,0.729,0.735,0.71,0.71,4012,,,,,
2026-01-05,BRNS,0.739,0.739,0.7001,0.7271,2624,0.02408450704225351,,,,
2026-01-06,BRNS,0.72,0.7246,0.7,0.7101,9472,-0.023380552881309358,,,,
2026-01-07,BRNS,0.711,0.725,0.711,0.725,4587,0.020982960146458174,,,,
2026-01-08,BRNS,0.7217,0.7579,0.7201,0.7579,12606,0.04537931034482767,,,,
2026-01-09,BRNS,0.76,0.76,0.74,0.7595,1385,0.002111096450718941,,,,
2026-01-12,BRNS,0.76,0.76,0.745,0.76,3715,0.0006583278472680476,,,,
2026-01-13,BRNS,0.76,0.76,0.73,0.7594,21296,-0.0007894736842105621,,,,
2026-01-14,BRNS,0.708,0.7548,0.708,0.7548,8218,-0.006057413747695417,,,,
2026-01-15,BRNS,0.75,0.75,0.7275,0.73,19502,-0.03285638579756234,,,,
2026-01-16,BRNS,0.74,0.74,0.725,0.7251,2210,-0.0067123287671233545,,,,
2026-01-20,BRNS,0.7251,0.7251,0.7158,0.72,8382,-0.007033512618949134,,,,
2026-01-21,BRNS,0.7183,0.7299,0.71,0.71,1501,-0.01388888888888895,,,,
2026-01-22,BRNS,0.7115,0.7442,0.7115,0.728,4076,0.025352112676056304,,,,
2026-01-23,BRNS,0.73,0.73,0.721,0.721,729,-0.009615384615384581,,,,
2026-01-26,BRNS,0.7318,0.7318,0.7116,0.7126,1669,-0.011650485436893177,,,,
2026-01-27,BRNS,0.7144,0.733,0.7144,0.733,649,0.028627561044064054,,,,
2026-01-28,BRNS,0.745,0.745,0.72,0.7379,434,0.0066848567530695124,,,,
2026-01-29,BRNS,0.71,0.7214,0.71,0.7214,298,-0.022360753489632734,,,,
2026-01-30,BRNS,0.735,0.735,0.7213,0.73,1078,0.011921264208483384,,,,
2026-02-02,BRNS,0.7335,0.7335,0.71,0.725,662,-0.006849315068493178,,,,
2026-02-03,BRNS,0.74,0.745,0.718,0.7235,3228,-0.002068965517241339,,,,
2026-02-04,BRNS,0.7372,0.739,0.7225,0.739,604,0.0214236351071182,,,,
2026-02-05,BRNS,0.7338,0.7426,0.712,0.7426,1353,0.004871447902571102,,,,
2026-02-06,BRNS,0.76,0.76,0.7,0.705,1282,-0.05063291139240511,,,,
2026-02-09,BRNS,0.637,0.7075,0.637,0.7075,8779,0.0035460992907803135,,,,
2026-02-10,BRNS,0.2845,0.726,0.2845,0.71,10480,0.0035335689045936647,,,,
2026-02-11,BRNS,0.706,0.7099,0.5601,0.661,33568,-0.06901408450704216,,,,
2026-02-12,BRNS,0.6774,0.6774,0.6256,0.6256,3375,-0.05355521936459906,,,,
2026-02-13,BRNS,0.6362,0.688,0.619,0.629,33402,0.005434782608695565,,,,
2026-02-17,BRNS,0.6394,0.64,0.612,0.614,5585,-0.02384737678855331,,,,
2026-02-18,BRNS,0.65,0.6838,0.62,0.66,2169,0.07491856677524433,,,,
2026-02-19,BRNS,0.674,0.68,0.58,0.58,14834,-0.12121212121212133,,,,
2026-02-20,BRNS,0.5911,0.625,0.5911,0.625,3155,0.07758620689655182,,,,
2026-02-23,BRNS,0.635,0.635,0.5801,0.5801,2821,-0.07184000000000013,,,,
2026-02-24,BRNS,0.59,0.6313,0.59,0.6,1125,0.034304430270643005,,,,
2026-02-25,BRNS,0.6182,0.6182,0.61,0.61,885,0.016666666666666607,,,,
2026-02-26,BRNS,0.583,0.583,0.583,0.583,100,-0.04426229508196722,,,,
2026-02-27,BRNS,0.5873,0.5873,0.5841,0.5841,801,0.0018867924528300772,,,,
2026-01-02,BSX,95.51,95.92,94.24,94.5,734728,,,,,
2026-01-05,BSX,94.38,95.84,93.86,95.84,893650,0.014179894179894292,,,,
2026-01-06,BSX,95.42,98.09,95.185,97.23,784332,0.014503338898163687,,,,
2026-01-07,BSX,97.91,99.22,97.72,98.75,1128578,0.01563303507147995,,,,
2026-01-08,BSX,98.65,100.9,98.3,98.3,857777,-0.004556962025316524,,,,
2026-01-09,BSX,99.06,99.06,97.235,97.615,718570,-0.006968463886063092,,,,
2026-01-12,BSX,97.65,97.94,95.35,95.61,704295,-0.020539876043640826,,,,
2026-01-13,BSX,95.77,95.87,92.69,94.0,1426254,-0.016839242757033746,,,,
2026-01-14,BSX,94.09,94.11,92.81,93.85,727898,-0.0015957446808511078,,,,
2026-01-15,BSX,94.0,94.0,86.77,90.05,3553418,-0.040490143846563686,,,,
2026-01-16,BSX,90.59,90.59,87.9,88.2,1869551,-0.02054414214325373,,,,
2026-01-20,BSX,88.0,91.99,87.06,91.45,2871267,0.036848072562358336,,,,
2026-01-21,BSX,91.31,92.29,90.45,91.82,1895890,0.00404592673592119,,,,
2026-01-22,BSX,92.28,93.06,90.91,91.59,1632099,-0.0025049008930515537,,,,
2026-01-23,BSX,91.7,92.595,90.89,92.5,1514069,0.009935582487170969,,,,
2026-01-26,BSX,92.5,94.24,91.93,93.56,1511893,0.011459459459459476,,,,
2026-01-27,BSX,93.35,93.95,92.7,93.95,1811169,0.004168448054724161,,,,
2026-01-28,BSX,93.11,94.46,92.7,93.32,1214896,-0.006705694518360894,,,,
2026-01-29,BSX,93.82,94.24,91.46,91.9,1992987,-0.015216459494213352,,,,
2026-01-30,BSX,92.9,94.245,92.02,93.52,1327742,0.017627856365614702,,,,
2026-02-02,BSX,93.51,94.17,91.65,92.04,1913316,-0.01582549187339599,,,,
2026-02-03,BSX,91.5,93.13,90.84,91.75,2264936,-0.003150803998261731,,,,
2026-02-04,BSX,92.18,93.27,75.0,77.05,10157545,-0.1602179836512262,,,,
2026-02-05,BSX,76.55,78.62,74.86,77.85,4984581,0.010382868267358791,,,,
2026-02-06,BSX,78.38,79.13,75.11,76.5,4282344,-0.01734104046242768,,,,
2026-02-09,BSX,76.71,76.81,74.0,74.22,3199988,-0.029803921568627434,,,,
2026-02-10,BSX,74.33,75.37,73.92,74.5,2744478,0.0037725680409592677,,,,
2026-02-11,BSX,74.22,74.5,72.7,73.61,1928394,-0.011946308724832266,,,,
2026-02-12,BSX,73.56,75.29,73.15,74.12,2128225,0.006928406466512715,,,,
2026-02-13,BSX,74.48,76.36,73.91,74.46,1758080,0.004587155963302614,,,,
2026-02-17,BSX,74.89,76.79,74.51,76.29,1933566,0.02457695406929905,,,,
2026-02-18,BSX,76.64,76.64,75.34,76.28,1005604,-0.00013107877834583892,,,,
2026-02-19,BSX,76.72,76.86,75.53,75.81,1297031,-0.006161510225485056,,,,
2026-02-20,BSX,76.09,76.3,74.46,74.82,1457153,-0.013058963197467466,,,,
2026-02-23,BSX,74.65,75.81,74.2,74.73,1052956,-0.001202886928628577,,,,
2026-02-24,BSX,74.8,75.69,73.79,75.53,1169966,0.010705205406128737,,,,
2026-02-25,BSX,75.15,75.15,73.45,73.67,1434159,-0.0246259764332053,,,,
2026-02-26,BSX,73.73,75.86,73.58,75.75,1335392,0.028234016560336528,,,,
2026-02-27,BSX,75.47,76.87,75.47,76.39,1321368,0.008448844884488382,,,,
2026-01-02,CAPN,10.7,10.7,10.65,10.65,1112,,,,,
2026-01-05,CAPN,10.62,10.62,10.61,10.61,1046,-0.003755868544600971,,,,
2026-01-06,CAPN,10.65,10.68,10.65,10.68,1868,0.006597549481621057,,,,
2026-01-07,CAPN,10.66,10.66,10.65,10.65,914,-0.002808988764044895,,,,
2026-01-08,CAPN,10.75,10.75,10.67,10.69,269,0.00375586854460086,,,,
2026-01-09,CAPN,10.75,10.75,10.66,10.71,5881,0.00187090739008422,,,,
2026-01-12,CAPN,10.68,10.7,10.68,10.7,1623,-0.0009337068160598649,,,,
2026-01-13,CAPN,10.7,10.71,10.7,10.7,179,0.0,,,,
2026-01-14,CAPN,10.7,10.75,10.7,10.75,2687,0.004672897196261738,,,,
2026-01-15,CAPN,10.75,10.75,10.66,10.73,5480,-0.0018604651162790198,,,,
2026-01-16,CAPN,10.71,10.79,10.7,10.7,4068,-0.002795899347623587,,,,
2026-01-20,CAPN,10.72,10.75,10.72,10.75,2746,0.004672897196261738,,,,
2026-01-21,CAPN,10.72,10.73,10.72,10.73,24184,-0.0018604651162790198,,,,
2026-01-22,CAPN,10.73,10.73,10.715,10.715,1339,-0.0013979496738117936,,,,
2026-01-23,CAPN,10.72,10.74,10.72,10.74,6242,0.002333177788147456,,,,
2026-01-26,CAPN,10.72,10.75,10.72,10.75,1814,0.0009310986964619072,,,,
2026-01-27,CAPN,10.71,10.75,10.7,10.75,1283,0.0,,,,
2026-01-28,CAPN,10.7,10.75,10.7,10.75,3627,0.0,,,,
2026-01-29,CAPN,10.74,10.74,10.71,10.74,2623,-0.0009302325581395099,,,,
2026-01-30,CAPN,10.73,10.73,10.73,10.73,37,-0.0009310986964617962,,,,
2026-02-02,CAPN,10.74,10.85,10.735,10.75,1697,0.0018639328984155767,,,,
2026-02-03,CAPN,10.69,10.74,10.69,10.72,1991,-0.0027906976744185297,,,,
2026-02-05,CAPN,10.72,10.75,10.72,10.75,3982,0.002798507462686617,,,,
2026-02-06,CAPN,10.77,10.77,10.77,10.77,56,0.0018604651162790198,,,,
2026-02-09,CAPN,10.77,10.77,10.77,10.77,56,0.0,,,,
2026-02-10,CAPN,10.77,10.77,10.77,10.77,33,0.0,,,,
2026-02-13,CAPN,10.75,10.75,10.74,10.74,217,-0.0027855153203342198,,,,
2026-02-17,CAPN,10.75,10.75,10.745,10.745,19,0.0004655493482308426,,,,
2026-02-18,CAPN,10.75,10.75,10.75,10.75,18,0.00046533271288984324,,,,
2026-02-20,CAPN,10.79,10.79,10.78,10.78,24,0.0027906976744185297,,,,
2026-02-24,CAPN,10.79,10.85,10.78,10.8,9226,0.0018552875695734272,,,,
2026-02-25,CAPN,10.88,10.88,10.82,10.82,27,0.0018518518518517713,,,,
2026-02-26,CAPN,10.8,10.8,10.78,10.79,8071,-0.0027726432532348966,,,,
2026-02-27,CAPN,10.82,10.82,10.82,10.82,139,0.002780352177942591,,,,
2026-01-02,CCO,2.24,2.29,2.115,2.125,143143,,,,,
2026-01-05,CCO,2.13,2.15,2.105,2.125,144196,0.0,,,,
2026-01-06,CCO,2.12,2.17,2.105,2.155,142398,0.014117647058823346,,,,
2026-01-07,CCO,2.19,2.19,2.035,2.09,246679,-0.030162412993039456,,,,
2026-01-08,CCO,2.09,2.105,2.075,2.08,102752,-0.004784688995215225,,,,
2026-01-09,CCO,2.095,2.1,2.06,2.065,64035,-0.007211538461538547,,,,
2026-01-12,CCO,2.03,2.08,2.03,2.055,138719,-0.004842615012106477,,,,
2026-01-13,CCO,2.04,2.105,2.04,2.065,76618,0.0048661800486617945,,,,
2026-01-14,CCO,2.05,2.065,1.97,1.985,584340,-0.03874092009685226,,,,
2026-01-15,CCO,2.01,2.1,2.005,2.095,109267,0.055415617128463435,,,,
2026-01-16,CCO,2.1,2.165,2.075,2.15,146607,0.026252983293555854,,,,
2026-01-20,CCO,2.09,2.145,2.07,2.115,84783,-0.016279069767441756,,,,
2026-01-21,CCO,2.12,2.13,2.055,2.08,149542,-0.01654846335697402,,,,
2026-01-22,CCO,2.11,2.125,2.075,2.105,129450,0.012019230769230616,,,,
2026-01-23,CCO,2.1,2.105,2.04,2.055,80875,-0.02375296912114011,,,,
2026-01-26,CCO,2.0,2.055,1.98,1.98,208854,-0.03649635036496357,,,,
2026-01-27,CCO,2.01,2.04,1.955,2.04,169414,0.030303030303030276,,,,
2026-01-28,CCO,1.98,2.27,1.98,2.27,591820,0.11274509803921573,,,,
2026-01-29,CCO,2.24,2.295,2.22,2.25,197027,-0.008810572687224627,,,,
2026-01-30,CCO,2.235,2.275,2.055,2.15,507870,-0.04444444444444451,,,,
2026-02-02,CCO,2.15,2.265,2.12,2.19,184351,0.018604651162790642,,,,
2026-02-03,CCO,2.21,2.225,2.105,2.165,234363,-0.011415525114155223,,,,
2026-02-04,CCO,2.17,2.17,2.085,2.13,108065,-0.01616628175519641,,,,
2026-02-05,CCO,2.125,2.135,2.06,2.075,136353,-0.025821596244131273,,,,
2026-02-06,CCO,2.07,2.19,2.07,2.18,210630,0.050602409638554224,,,,
2026-02-09,CCO,2.18,2.55,2.17,2.35,329651,0.07798165137614665,,,,
2026-02-10,CCO,2.34,2.41,2.34,2.37,5237292,0.008510638297872353,,,,
2026-02-11,CCO,2.36,2.385,2.36,2.37,1085823,0.0,,,,
2026-02-12,CCO,2.38,2.385,2.37,2.38,1252737,0.00421940928270037,,,,
2026-02-13,CCO,2.38,2.385,2.375,2.38,920689,0.0,,,,
2026-02-17,CCO,2.39,2.4,2.38,2.38,526143,0.0,,,,
2026-02-18,CCO,2.385,2.42,2.385,2.39,758132,0.004201680672269115,,,,
2026-02-19,CCO,2.4,2.42,2.395,2.42,950376,0.012552301255229992,,,,
2026-02-20,CCO,2.41,2.425,2.395,2.395,477422,-0.010330578512396604,,,,
2026-02-23,CCO,2.39,2.425,2.38,2.38,400555,-0.006263048016701522,,,,
2026-02-24,CCO,2.39,2.395,2.365,2.375,925399,-0.0021008403361344463,,,,
2026-02-25,CCO,2.38,2.4,2.38,2.395,491135,0.008421052631578885,,,,
2026-02-26,CCO,2.39,2.41,2.38,2.38,397285,-0.006263048016701522,,,,
2026-02-27,CCO,2.38,2.395,2.38,2.395,311317,0.006302521008403339,,,,
2026-01-02,CCRN,8.1,8.26,8.01,8.06,238323,,,,,
2026-01-05,CCRN,8.06,8.61,7.99,8.51,319844,0.05583126550868478,,,,
2026-01-06,CCRN,8.44,8.63,8.21,8.35,198424,-0.018801410105757976,,,,
2026-01-07,CCRN,8.48,8.48,8.14,8.3,206982,-0.0059880239520956335,,,,
2026-01-08,CCRN,8.3,8.56,8.17,8.21,185395,-0.010843373493975905,,,,
2026-01-09,CCRN,8.21,8.345,8.0,8.24,210736,0.0036540803897684437,,,,
2026-01-12,CCRN,8.19,8.6,8.09,8.41,199507,0.020631067961164984,,,,
2026-01-13,CCRN,8.55,8.58,8.34,8.45,125171,0.0047562425683709275,,,,
2026-01-14,CCRN,8.58,8.98,8.37,8.94,291003,0.05798816568047349,,,,
2026-01-15,CCRN,8.94,9.35,8.86,9.11,340269,0.019015659955257336,,,,
2026-01-16,CCRN,9.07,9.32,9.01,9.16,307269,0.005488474204171423,,,,
2026-01-20,CCRN,9.09,9.09,8.7,8.75,143114,-0.04475982532751088,,,,
2026-01-21,CCRN,8.73,9.0,8.68,8.86,168589,0.012571428571428456,,,,
2026-01-22,CCRN,8.92,9.035,8.84,8.88,137622,0.0022573363431153126,,,,
2026-01-23,CCRN,8.93,9.245,8.84,9.02,167815,0.015765765765765716,,,,
2026-01-26,CCRN,9.12,9.19,8.925,9.06,143100,0.004434589800443645,,,,
2026-01-27,CCRN,9.02,9.35,8.88,9.22,155207,0.017660044150110465,,,,
2026-01-28,CCRN,9.22,9.32,9.02,9.07,150252,-0.01626898047722347,,,,
2026-01-29,CCRN,9.11,9.22,9.015,9.17,130758,0.011025358324145529,,,,
2026-01-30,CCRN,9.08,9.38,9.08,9.32,191579,0.016357688113413316,,,,
2026-02-02,CCRN,9.29,9.325,9.125,9.23,120511,-0.00965665236051505,,,,
2026-02-03,CCRN,9.18,9.4,8.47,9.0,293302,-0.024918743228602436,,,,
2026-02-04,CCRN,9.06,9.14,8.9,8.91,126260,-0.010000000000000009,,,,
2026-02-05,CCRN,8.93,9.17,8.58,8.74,155210,-0.019079685746352437,,,,
2026-02-06,CCRN,8.77,8.84,8.64,8.69,107110,-0.005720823798627039,,,,
2026-02-09,CCRN,8.64,8.75,8.41,8.44,88095,-0.028768699654775576,,,,
2026-02-10,CCRN,8.48,8.65,8.38,8.4,100291,-0.004739336492890933,,,,
2026-02-11,CCRN,8.42,8.565,8.17,8.25,159126,-0.017857142857142905,,,,
2026-02-12,CCRN,8.29,8.32,7.81,7.95,179176,-0.036363636363636376,,,,
2026-02-13,CCRN,7.94,8.31,7.89,8.08,129866,0.01635220125786163,,,,
2026-02-17,CCRN,8.02,8.37,7.98,8.22,139629,0.017326732673267342,,,,
2026-02-18,CCRN,8.23,8.44,8.21,8.32,109344,0.012165450121654375,,,,
2026-02-19,CCRN,8.28,8.46,8.25,8.45,139830,0.015624999999999778,,,,
2026-02-20,CCRN,8.36,8.64,8.3,8.5,355542,0.00591715976331364,,,,
2026-02-23,CCRN,8.6,8.77,8.45,8.57,182412,0.008235294117647118,,,,
2026-02-24,CCRN,8.61,8.85,8.59,8.74,120586,0.019836639439906545,,,,
2026-02-25,CCRN,8.76,8.96,8.69,8.93,176211,0.021739130434782483,,,,
2026-02-26,CCRN,8.91,9.015,8.58,8.77,185549,-0.017917133258678608,,,,
2026-02-27,CCRN,8.77,8.8,8.61,8.7,149465,-0.007981755986317007,,,,
2026-01-02,CD,5.07,5.115,4.3,4.36,79538,,,,,
2026-01-05,CD,4.46,5.95,4.42,5.6,90870,0.2844036697247705,,,,
2026-01-06,CD,5.58,6.07,5.34,5.8,75188,0.03571428571428581,,,,
2026-01-07,CD,5.84,6.07,4.72,4.95,57929,-0.14655172413793094,,,,
2026-01-08,CD,4.86,5.25,4.86,4.875,40403,-0.015151515151515138,,,,
2026-01-09,CD,4.86,5.33,4.64,4.85,56751,-0.005128205128205221,,,,
2026-01-12,CD,4.93,5.15,4.61,4.78,60492,-0.014432989690721487,,,,
2026-01-13,CD,4.84,5.175,4.64,5.02,61671,0.05020920502092041,,,,
2026-01-14,CD,5.15,5.65,4.94,5.6,50423,0.11553784860557781,,,,
2026-01-15,CD,5.58,5.77,5.32,5.4,49901,-0.03571428571428559,,,,
2026-01-16,CD,5.36,5.55,5.11,5.11,74573,-0.0537037037037037,,,,
2026-01-20,CD,5.22,5.72,4.71,5.22,41408,0.02152641878669259,,,,
2026-01-21,CD,5.14,6.33,5.12,6.22,60420,0.1915708812260537,,,,
2026-01-22,CD,6.3,6.595,6.01,6.33,54031,0.01768488745980723,,,,
2026-01-23,CD,6.26,6.42,5.88,6.14,47886,-0.03001579778830965,,,,
2026-01-26,CD,6.0,6.6,6.0,6.47,34102,0.05374592833876224,,,,
2026-01-27,CD,6.63,6.64,6.31,6.52,36619,0.007727975270479082,,,,
2026-01-28,CD,6.59,6.59,6.0,6.2,35482,-0.04907975460122693,,,,
2026-01-29,CD,6.17,6.19,5.7,6.09,37884,-0.01774193548387104,,,,
2026-01-30,CD,5.93,6.19,5.68,5.74,48278,-0.05747126436781602,,,,
2026-02-02,CD,5.66,6.52,5.51,6.14,61801,0.06968641114982566,,,,
2026-02-03,CD,6.12,6.25,5.295,5.47,40538,-0.10912052117263848,,,,
2026-02-04,CD,5.47,5.6,4.96,5.39,51329,-0.014625228519195677,,,,
2026-02-05,CD,5.24,5.48,4.77,4.84,40069,-0.10204081632653061,,,,
2026-02-06,CD,4.8,5.71,4.8,5.58,61187,0.15289256198347112,,,,
2026-02-09,CD,5.63,5.69,5.33,5.48,30886,-0.017921146953404965,,,,
2026-02-10,CD,5.5,6.23,5.5,5.74,40560,0.04744525547445244,,,,
2026-02-11,CD,5.67,5.875,5.17,5.58,42765,-0.027874564459930307,,,,
2026-02-12,CD,5.42,5.46,4.99,5.15,31083,-0.07706093189964147,,,,
2026-02-13,CD,5.27,5.315,4.81,4.98,73497,-0.03300970873786402,,,,
2026-02-17,CD,5.0,5.0,4.7,4.93,23017,-0.010040160642570406,,,,
2026-02-18,CD,5.02,5.65,4.81,4.89,53385,-0.008113590263691739,,,,
2026-02-19,CD,4.63,4.86,4.36,4.365,30264,-0.10736196319018398,,,,
2026-02-20,CD,4.37,4.45,3.845,3.95,74361,-0.09507445589919816,,,,
2026-02-23,CD,3.96,4.185,3.73,4.06,54387,0.02784810126582271,,,,
2026-02-24,CD,4.24,4.48,3.94,4.27,40347,0.051724137931034475,,,,
2026-02-25,CD,4.4,4.61,3.83,3.87,58256,-0.09367681498829028,,,,
2026-02-26,CD,3.91,4.19,3.7,4.07,40032,0.05167958656330751,,,,
2026-02-27,CD,4.01,6.19,3.87,5.5,355559,0.3513513513513513,,,,
2026-01-02,CEPO,10.44,10.5,10.41,10.41,4374,,,,,
2026-01-05,CEPO,10.43,10.5,10.43,10.47,33204,0.0057636887608070175,,,,
2026-01-06,CEPO,10.49,10.49,10.43,10.43,2587,-0.003820439350525451,,,,
2026-01-07,CEPO,10.45,10.47,10.43,10.44,2880,0.0009587727708533222,,,,
2026-01-08,CEPO,10.43,10.44,10.43,10.44,6971,0.0,,,,
2026-01-09,CEPO,10.425,10.47,10.425,10.45,2715,0.0009578544061301653,,,,
2026-01-12,CEPO,10.43,10.45,10.43,10.45,3213,0.0,,,,
2026-01-13,CEPO,10.44,10.47,10.425,10.44,7638,-0.000956937799043045,,,,
2026-01-14,CEPO,10.44,10.45,10.43,10.45,5629,0.0009578544061301653,,,,
2026-01-15,CEPO,10.43,10.5,10.43,10.46,10205,0.000956937799043267,,,,
2026-01-16,CEPO,10.46,10.46,10.44,10.46,11155,0.0,,,,
2026-01-20,CEPO,10.44,10.52,10.44,10.52,15416,0.005736137667303964,,,,
2026-01-21,CEPO,10.52,10.52,10.45,10.46,30363,-0.005703422053231821,,,,
2026-01-22,CEPO,10.48,10.48,10.44,10.44,10826,-0.0019120458891014325,,,,
2026-01-23,CEPO,10.44,10.46,10.44,10.46,4146,0.0019157088122607746,,,,
2026-01-26,CEPO,10.45,10.49,10.445,10.455,9651,-0.0004780114722754414,,,,
2026-01-27,CEPO,10.44,10.46,10.44,10.45,10691,-0.0004782400765185324,,,,
2026-01-28,CEPO,10.47,10.49,10.45,10.45,220,0.0,,,,
2026-01-29,CEPO,10.46,10.46,10.45,10.45,5643,0.0,,,,
2026-01-30,CEPO,10.45,10.46,10.45,10.46,11319,0.000956937799043267,,,,
2026-02-02,CEPO,10.45,10.45,10.43,10.44,27675,-0.0019120458891014325,,,,
2026-02-03,CEPO,10.42,10.49,10.42,10.42,15056,-0.0019157088122604415,,,,
2026-02-04,CEPO,10.43,10.47,10.42,10.43,6901,0.0009596928982724684,,,,
2026-02-05,CEPO,10.34,10.44,10.34,10.44,9411,0.0009587727708533222,,,,
2026-02-06,CEPO,10.43,10.43,10.42,10.43,14858,-0.0009578544061302763,,,,
2026-02-09,CEPO,10.43,10.46,10.42,10.43,2419,0.0,,,,
2026-02-10,CEPO,10.44,10.44,10.39,10.44,117276,0.0009587727708533222,,,,
2026-02-11,CEPO,10.42,10.435,10.42,10.435,1758,-0.00047892720306508263,,,,
2026-02-12,CEPO,10.43,10.43,10.42,10.42,341,-0.0014374700527073347,,,,
2026-02-13,CEPO,10.42,10.44,10.42,10.44,19089,0.0019193857965451588,,,,
2026-02-17,CEPO,10.42,10.44,10.41,10.43,18390,-0.0009578544061302763,,,,
2026-02-18,CEPO,10.44,10.47,10.44,10.45,6908,0.0019175455417066445,,,,
2026-02-19,CEPO,10.47,10.47,10.44,10.45,5496,0.0,,,,
2026-02-20,CEPO,10.45,10.46,10.44,10.46,11913,0.000956937799043267,,,,
2026-02-23,CEPO,10.46,10.46,10.44,10.455,26256,-0.0004780114722754414,,,,
2026-02-24,CEPO,10.44,10.46,10.44,10.45,2277,-0.0004782400765185324,,,,
2026-02-25,CEPO,10.46,10.47,10.46,10.46,357,0.000956937799043267,,,,
2026-02-26,CEPO,10.46,10.47,10.46,10.46,1810,0.0,,,,
2026-02-27,CEPO,10.465,10.47,10.465,10.47,920,0.0009560229445506607,,,,
2026-01-02,CEPT,11.26,11.39,11.24,11.25,41701,,,,,
2026-01-05,CEPT,11.4,11.41,11.25,11.36,146317,0.009777777777777663,,,,
2026-01-06,CEPT,11.43,11.44,11.3,11.35,34394,-0.0008802816901408717,,,,
2026-01-07,CEPT,11.34,11.425,11.31,11.4,13786,0.004405286343612369,,,,
2026-01-08,CEPT,11.32,11.4,11.31,11.34,28275,-0.0052631578947368585,,,,
2026-01-09,CEPT,11.48,11.48,11.16,11.34,20444,0.0,,,,
2026-01-12,CEPT,11.23,11.325,10.945,11.11,25428,-0.020282186948853642,,,,
2026-01-13,CEPT,11.32,11.32,10.95,11.11,57149,0.0,,,,
2026-01-14,CEPT,11.19,11.73,11.12,11.71,104538,0.054005400540054094,,,,
2026-01-15,CEPT,11.75,13.21,11.63,12.0,809082,0.024765157984628416,,,,
2026-01-16,CEPT,12.23,12.97,12.16,12.89,409700,0.07416666666666671,,,,
2026-01-20,CEPT,13.99,14.14,12.75,13.48,261657,0.04577191621411947,,,,
2026-01-21,CEPT,13.8,13.8,12.89,13.0,172726,-0.035608308605341255,,,,
2026-01-22,CEPT,13.35,13.5,12.24,12.73,148521,-0.020769230769230762,,,,
2026-01-23,CEPT,12.89,12.89,11.83,12.1,126325,-0.049489395129615144,,,,
2026-01-26,CEPT,12.0,12.25,11.67,11.89,131674,-0.017355371900826366,,,,
2026-01-27,CEPT,12.19,12.21,11.8,12.05,90624,0.01345668629100083,,,,
2026-01-28,CEPT,12.0,12.45,12.0,12.2,155372,0.012448132780082943,,,,
2026-01-29,CEPT,12.4,13.02,12.12,12.92,140923,0.059016393442623105,,,,
2026-01-30,CEPT,13.0,13.015,12.29,12.43,121477,-0.03792569659442724,,,,
2026-02-02,CEPT,12.33,12.58,12.16,12.34,97021,-0.007240547063555924,,,,
2026-02-03,CEPT,12.34,12.48,11.5,11.96,197708,-0.030794165316045286,,,,
2026-02-04,CEPT,11.93,11.98,11.5,11.58,126823,-0.03177257525083621,,,,
2026-02-05,CEPT,11.45,11.61,11.27,11.27,100488,-0.02677029360967187,,,,
2026-02-06,CEPT,11.5,11.5,11.23,11.46,57854,0.01685891748003554,,,,
2026-02-09,CEPT,11.37,11.55,11.33,11.55,37297,0.007853403141361293,,,,
2026-02-10,CEPT,11.41,11.7,11.36,11.41,46655,-0.0121212121212122,,,,
2026-02-11,CEPT,11.41,11.5,11.28,11.28,41214,-0.011393514460999232,,,,
2026-02-12,CEPT,11.31,11.35,11.15,11.15,70112,-0.011524822695035408,,,,
2026-02-13,CEPT,11.2,11.86,11.11,11.63,102968,0.043049327354260036,,,,
2026-02-17,CEPT,11.62,11.62,11.3,11.42,28042,-0.018056749785038795,,,,
2026-02-18,CEPT,11.37,11.78,11.34,11.55,90591,0.011383537653240072,,,,
2026-02-19,CEPT,11.43,11.715,11.41,11.43,74363,-0.010389610389610504,,,,
2026-02-20,CEPT,11.49,11.5,11.22,11.3,42101,-0.011373578302712128,,,,
2026-02-23,CEPT,11.36,11.36,11.06,11.17,62070,-0.011504424778761124,,,,
2026-02-24,CEPT,11.1,11.3,11.06,11.3,39065,0.011638316920322467,,,,
2026-02-25,CEPT,11.25,11.62,11.25,11.51,64477,0.018584070796460184,,,,
2026-02-26,CEPT,11.6,11.6,11.48,11.52,47402,0.0008688097306690512,,,,
2026-02-27,CEPT,11.51,11.61,11.07,11.1,62137,-0.03645833333333337,,,,
2026-01-02,CHSCP,27.86,27.92,27.78,27.88,1572,,,,,
2026-01-05,CHSCP,27.95,28.07,27.82,27.84,2628,-0.001434720229555153,,,,
2026-01-06,CHSCP,27.95,27.95,27.8,27.89,2735,0.0017959770114943652,,,,
2026-01-07,CHSCP,27.95,27.95,27.84,27.9,4063,0.00035855145213337103,,,,
2026-01-08,CHSCP,27.86,28.06,27.84,27.95,2924,0.0017921146953405742,,,,
2026-01-09,CHSCP,27.9,27.95,27.75,27.88,3429,-0.002504472271914193,,,,
2026-01-12,CHSCP,27.92,28.0,27.76,27.9,5297,0.0007173601147776321,,,,
2026-01-13,CHSCP,27.97,27.98,27.87,27.95,2513,0.0017921146953405742,,,,
2026-01-14,CHSCP,28.01,28.15,27.89,28.05,4271,0.003577817531305927,,,,
2026-01-15,CHSCP,27.9,28.08,27.9,27.92,6091,-0.004634581105169344,,,,
2026-01-16,CHSCP,27.99,27.99,27.9,27.93,1884,0.00035816618911166387,,,,
2026-01-20,CHSCP,27.9,27.9,27.79,27.8,5833,-0.0046544933762978635,,,,
2026-01-21,CHSCP,27.88,27.9,27.79,27.89,1791,0.003237410071942337,,,,
2026-01-22,CHSCP,27.86,27.94,27.86,27.88,621,-0.00035855145213348205,,,,
2026-01-23,CHSCP,27.85,27.88,27.81,27.81,1043,-0.0025107604017217122,,,,
2026-01-26,CHSCP,27.82,27.93,27.77,27.81,2327,0.0,,,,
2026-01-27,CHSCP,27.77,27.87,27.77,27.83,1218,0.0007191657677094732,,,,
2026-01-28,CHSCP,27.9,27.99,27.67,27.71,8293,-0.004311893639956765,,,,
2026-01-29,CHSCP,27.66,27.97,27.66,27.83,10978,0.004330566582461115,,,,
2026-01-30,CHSCP,27.98,27.98,27.86,27.98,8474,0.005389867049946151,,,,
2026-02-02,CHSCP,27.99,28.28,27.98,28.24,10972,0.00929235167977116,,,,
2026-02-03,CHSCP,28.19,28.28,28.19,28.22,1268,-0.0007082152974504652,,,,
2026-02-04,CHSCP,28.32,28.4,28.19,28.39,3355,0.006024096385542244,,,,
2026-02-05,CHSCP,28.24,28.42,28.22,28.34,3293,-0.0017611835153222843,,,,
2026-02-06,CHSCP,28.28,28.31,28.26,28.31,121,-0.0010585744530698937,,,,
2026-02-09,CHSCP,28.28,28.42,28.2,28.4,3853,0.0031790886612503844,,,,
2026-02-10,CHSCP,28.33,28.41,28.33,28.4,749,0.0,,,,
2026-02-11,CHSCP,28.4,28.44,28.34,28.44,1658,0.0014084507042253502,,,,
2026-02-12,CHSCP,28.33,28.45,28.3,28.45,2971,0.00035161744022493835,,,,
2026-02-13,CHSCP,28.3,28.43,28.28,28.43,993,-0.0007029876977152627,,,,
2026-02-17,CHSCP,28.4,28.44,28.23,28.42,4271,-0.00035174111853664147,,,,
2026-02-18,CHSCP,28.45,28.45,28.14,28.14,2057,-0.009852216748768461,,,,
2026-02-19,CHSCP,28.09,28.35,28.09,28.2,2676,0.002132196162046851,,,,
2026-02-20,CHSCP,28.22,28.29,28.17,28.21,1667,0.00035460992907809796,,,,
2026-02-23,CHSCP,28.3,28.3,28.07,28.13,1764,-0.0028358738036158293,,,,
2026-02-24,CHSCP,28.1,28.1,27.9,28.0,5371,-0.004621400639886253,,,,
2026-02-25,CHSCP,27.96,28.01,27.83,27.98,2962,-0.0007142857142856673,,,,
2026-02-26,CHSCP,28.0,28.13,27.85,28.05,5218,0.0025017869907075774,,,,
2026-02-27,CHSCP,28.0,28.07,27.78,27.79,71948,-0.009269162210338688,,,,
2026-01-02,CLBK,15.62,15.62,15.28,15.42,67441,,,,,
2026-01-05,CLBK,15.4,15.91,15.39,15.64,57092,0.014267185473411104,,,,
2026-01-06,CLBK,15.68,15.68,15.34,15.43,45776,-0.013427109974424645,,,,
2026-01-07,CLBK,15.42,15.575,15.1,15.22,61760,-0.013609850939727774,,,,
2026-01-08,CLBK,15.12,15.6,15.12,15.57,63764,0.022996057818659654,,,,
2026-01-09,CLBK,15.6,15.83,15.27,15.3,44079,-0.01734104046242768,,,,
2026-01-12,CLBK,15.13,15.6,15.13,15.51,49137,0.013725490196078383,,,,
2026-01-13,CLBK,15.52,15.52,15.26,15.37,33106,-0.009026434558349505,,,,
2026-01-14,CLBK,15.37,15.56,15.25,15.56,35528,0.0123617436564738,,,,
2026-01-15,CLBK,15.54,15.98,15.43,15.84,60107,0.01799485861182526,,,,
2026-01-16,CLBK,15.82,15.98,15.79,15.84,50985,0.0,,,,
2026-01-20,CLBK,15.61,15.72,15.49,15.65,44750,-0.011994949494949503,,,,
2026-01-21,CLBK,15.77,16.44,15.77,16.43,107261,0.049840255591054206,,,,
2026-01-22,CLBK,16.47,16.895,16.435,16.47,57641,0.002434570906877598,,,,
2026-01-23,CLBK,16.38,16.52,15.9,15.91,53711,-0.034001214329083096,,,,
2026-01-26,CLBK,15.96,16.09,15.66,15.85,71200,-0.0037712130735386706,,,,
2026-01-27,CLBK,15.84,16.1,15.84,15.96,65499,0.006940063091482651,,,,
2026-01-28,CLBK,15.98,16.13,15.8,16.03,82043,0.004385964912280826,,,,
2026-01-29,CLBK,16.13,16.32,15.95,16.32,45955,0.01809107922645037,,,,
2026-01-30,CLBK,16.18,16.77,16.05,16.27,85218,-0.0030637254901960675,,,,
2026-02-02,CLBK,16.25,19.15,16.25,17.71,390114,0.08850645359557485,,,,
2026-02-03,CLBK,17.64,17.86,17.015,17.49,316019,-0.01242236024844734,,,,
2026-02-04,CLBK,17.5,18.71,17.44,18.41,333334,0.05260148656375074,,,,
2026-02-05,CLBK,18.4,18.44,17.85,17.98,136541,-0.023356871265616475,,,,
2026-02-06,CLBK,18.22,18.715,18.08,18.52,211090,0.030033370411568283,,,,
2026-02-09,CLBK,18.57,18.64,18.3,18.33,113921,-0.01025917926565878,,,,
2026-02-10,CLBK,18.3,18.49,18.11,18.19,121395,-0.007637752318603197,,,,
2026-02-11,CLBK,18.2,18.48,17.975,18.03,135388,-0.008796041781198416,,,,
2026-02-12,CLBK,18.15,18.29,17.82,18.19,109952,0.0088740987243483,,,,
2026-02-13,CLBK,18.2,18.55,18.07,18.41,93070,0.01209455744914778,,,,
2026-02-17,CLBK,18.44,18.64,18.31,18.38,77227,-0.0016295491580663457,,,,
2026-02-18,CLBK,18.39,18.67,18.19,18.19,109565,-0.010337323177366575,,,,
2026-02-19,CLBK,18.15,18.29,18.02,18.17,89571,-0.0010995052226497881,,,,
2026-02-20,CLBK,18.08,18.54,18.07,18.53,93867,0.019812878370941034,,,,
2026-02-23,CLBK,18.3,18.51,17.79,18.14,186619,-0.021046950890447946,,,,
2026-02-24,CLBK,18.11,18.41,17.875,17.98,117109,-0.008820286659316445,,,,
2026-02-25,CLBK,18.1,18.29,17.97,18.26,92529,0.015572858731924377,,,,
2026-02-26,CLBK,18.31,18.39,18.06,18.21,90686,-0.0027382256297919794,,,,
2026-02-27,CLBK,17.99,18.085,17.6,17.9,205834,-0.017023613399231308,,,,
2026-01-02,CPRX,23.06,23.43,22.94,23.15,256083,,,,,
2026-01-05,CPRX,23.2,23.2,22.29,22.85,456492,-0.01295896328293722,,,,
2026-01-06,CPRX,22.73,22.73,22.15,22.65,475125,-0.00875273522975939,,,,
2026-01-07,CPRX,22.7,23.43,22.53,22.72,495074,0.003090507726269287,,,,
2026-01-08,CPRX,22.9,22.92,22.46,22.6,826266,-0.005281690140845008,,,,
2026-01-09,CPRX,22.62,23.09,22.62,22.72,804337,0.005309734513274211,,,,
2026-01-12,CPRX,22.66,23.29,22.25,23.16,425582,0.019366197183098732,,,,
2026-01-13,CPRX,23.01,23.26,22.13,22.6,672615,-0.024179620034542215,,,,
2026-01-14,CPRX,22.4,23.245,22.3,23.06,610103,0.02035398230088492,,,,
2026-01-15,CPRX,23.12,23.2,22.55,22.96,496828,-0.004336513443191636,,,,
2026-01-16,CPRX,22.96,23.16,22.675,22.7,418313,-0.011324041811846763,,,,
2026-01-20,CPRX,22.44,23.405,22.33,23.23,512102,0.023348017621145356,,,,
2026-01-21,CPRX,23.33,24.16,23.26,24.16,374449,0.04003443822643127,,,,
2026-01-22,CPRX,24.23,24.57,23.98,24.07,395677,-0.0037251655629139124,,,,
2026-01-23,CPRX,24.5,24.6,23.57,24.04,469872,-0.0012463647694225255,,,,
2026-01-26,CPRX,23.82,24.83,23.8,23.99,485872,-0.002079866888519133,,,,
2026-01-27,CPRX,24.1,24.16,23.72,24.07,313552,0.0033347228011673113,,,,
2026-01-28,CPRX,24.04,24.32,23.73,24.18,380290,0.004570004154549112,,,,
2026-01-29,CPRX,24.18,24.6,24.05,24.26,361584,0.003308519437551727,,,,
2026-01-30,CPRX,24.48,24.82,24.15,24.15,459263,-0.004534212695795681,,,,
2026-02-02,CPRX,24.25,25.13,24.2,24.95,462653,0.0331262939958592,,,,
2026-02-03,CPRX,25.25,25.53,24.73,25.17,494982,0.008817635270541135,,,,
2026-02-04,CPRX,25.3,25.35,24.8,24.8,466775,-0.014700039729837133,,,,
2026-02-05,CPRX,25.03,25.4,23.83,23.83,566857,-0.03911290322580652,,,,
2026-02-06,CPRX,24.27,24.83,23.73,24.83,493079,0.04196391103650865,,,,
2026-02-09,CPRX,24.45,24.85,24.28,24.46,369883,-0.014901329037454558,,,,
2026-02-10,CPRX,24.38,24.56,24.03,24.1,683772,-0.014717906786590351,,,,
2026-02-11,CPRX,24.22,24.31,23.28,23.58,754945,-0.021576763485477324,,,,
2026-02-12,CPRX,24.0,24.17,23.39,23.39,345861,-0.008057675996607228,,,,
2026-02-13,CPRX,23.68,24.67,23.65,24.33,385384,0.04018811457887983,,,,
2026-02-17,CPRX,24.67,24.86,24.12,24.64,507965,0.012741471434443152,,,,
2026-02-18,CPRX,24.54,24.8,23.93,23.93,381678,-0.028814935064935154,,,,
2026-02-19,CPRX,24.25,24.49,24.07,24.42,346698,0.020476389469285428,,,,
2026-02-20,CPRX,24.4,24.61,23.89,24.2,473040,-0.009009009009009139,,,,
2026-02-23,CPRX,24.3,24.81,23.74,24.11,454990,-0.0037190082644628086,,,,
2026-02-24,CPRX,24.1,24.355,23.72,23.72,475911,-0.016175860638739104,,,,
2026-02-25,CPRX,24.3,25.14,23.85,24.45,394659,0.030775716694772415,,,,
2026-02-26,CPRX,25.0,25.01,23.5,24.88,567172,0.01758691206543972,,,,
2026-02-27,CPRX,24.55,25.14,22.96,23.54,677237,-0.053858520900321505,,,,
2026-01-02,CRBG,30.07,30.475,29.89,30.375,218883,,,,,
2026-01-05,CRBG,30.06,31.49,29.75,31.055,293733,0.022386831275720054,,,,
2026-01-06,CRBG,31.29,31.29,30.55,31.02,246234,-0.0011270326839478706,,,,
2026-01-07,CRBG,30.85,31.08,30.09,30.12,229057,-0.029013539651837505,,,,
2026-01-08,CRBG,30.01,31.12,30.01,30.765,231913,0.021414342629482164,,,,
2026-01-09,CRBG,31.055,31.18,30.585,31.09,249296,0.010563952543474642,,,,
2026-01-12,CRBG,31.07,31.07,30.33,30.51,285527,-0.01865551624316497,,,,
2026-01-13,CRBG,30.69,30.72,29.99,30.36,338848,-0.004916420845624492,,,,
2026-01-14,CRBG,30.15,30.69,29.81,30.515,291164,0.005105401844532231,,,,
2026-01-15,CRBG,30.73,30.92,30.34,30.45,210739,-0.0021300999508439,,,,
2026-01-16,CRBG,30.66,30.805,30.26,30.5,296970,0.0016420361247948545,,,,
2026-01-20,CRBG,29.94,30.45,29.355,29.75,210074,-0.024590163934426257,,,,
2026-01-21,CRBG,29.74,30.42,29.73,30.07,318256,0.010756302521008454,,,,
2026-01-22,CRBG,30.48,30.69,30.32,30.525,272761,0.01513136015962746,,,,
2026-01-23,CRBG,30.41,30.45,29.56,30.055,352780,-0.015397215397215391,,,,
2026-01-26,CRBG,30.19,30.42,29.96,30.38,314388,0.010813508567625973,,,,
2026-01-27,CRBG,30.355,30.42,29.95,30.2,236791,-0.005924950625411429,,,,
2026-01-28,CRBG,30.2,30.54,30.08,30.37,222165,0.005629139072847789,,,,
2026-01-29,CRBG,30.78,31.045,30.43,31.03,240467,0.021731972341126005,,,,
2026-01-30,CRBG,31.0,31.2,30.515,30.83,272031,-0.0064453754431196275,,,,
2026-02-02,CRBG,30.76,31.285,30.56,30.78,265814,-0.0016217969510216035,,,,
2026-02-03,CRBG,30.94,31.405,29.885,30.105,339336,-0.021929824561403577,,,,
2026-02-04,CRBG,30.23,31.345,30.15,31.2,427199,0.036372695565520585,,,,
2026-02-05,CRBG,30.97,31.49,29.615,29.78,624171,-0.04551282051282046,,,,
2026-02-06,CRBG,30.39,31.325,30.09,31.17,461740,0.04667562122229696,,,,
2026-02-09,CRBG,31.06,32.02,31.06,31.52,326024,0.011228745588707012,,,,
2026-02-10,CRBG,30.78,31.655,30.59,31.44,529909,-0.0025380710659898,,,,
2026-02-11,CRBG,31.56,31.68,30.36,31.13,716532,-0.009860050890585281,,,,
2026-02-12,CRBG,31.26,31.97,30.11,30.85,308209,-0.008994539029874682,,,,
2026-02-13,CRBG,30.44,31.54,30.25,31.07,356961,0.007131280388978922,,,,
2026-02-17,CRBG,31.53,31.86,30.86,30.91,253225,-0.005149662053427706,,,,
2026-02-18,CRBG,31.17,31.285,30.82,31.025,232829,0.0037204788094467034,,,,
2026-02-19,CRBG,30.69,30.92,29.89,30.07,356953,-0.03078162771958093,,,,
2026-02-20,CRBG,29.96,29.98,29.315,29.98,297849,-0.002993016295310902,,,,
2026-02-23,CRBG,29.85,30.0,27.07,27.07,553745,-0.0970647098065377,,,,
2026-02-24,CRBG,27.35,27.835,26.95,27.54,237504,0.017362393793867614,,,,
2026-02-25,CRBG,27.795,27.95,27.27,27.27,234667,-0.009803921568627416,,,,
2026-02-26,CRBG,27.75,28.3,27.34,27.88,253452,0.022368903557022257,,,,
2026-02-27,CRBG,27.3,27.305,25.68,25.85,238219,-0.07281205164992821,,,,
2026-01-02,CTAS,188.0,188.0,184.46,184.65,536174,,,,,
2026-01-05,CTAS,184.63,187.25,183.365,185.0,701271,0.0018954779312212455,,,,
2026-01-06,CTAS,186.6,188.16,184.34,187.13,601951,0.011513513513513596,,,,
2026-01-07,CTAS,187.36,188.915,186.17,186.36,700510,-0.004114786512050328,,,,
2026-01-08,CTAS,186.08,190.34,185.86,190.34,560135,0.02135651427344909,,,,
2026-01-09,CTAS,189.43,194.49,188.2,193.22,693568,0.015130818535252777,,,,
2026-01-12,CTAS,191.6,194.72,191.6,193.0,532074,-0.0011385984887692935,,,,
2026-01-13,CTAS,192.2,194.24,190.05,192.42,564715,-0.003005181347150332,,,,
2026-01-14,CTAS,192.44,195.6,191.97,194.29,800614,0.009718324498492859,,,,
2026-01-15,CTAS,194.6,197.24,194.0,195.25,842751,0.004941067476452732,,,,
2026-01-16,CTAS,195.5,196.21,193.73,195.52,1182040,0.0013828425096031882,,,,
2026-01-20,CTAS,194.69,195.29,192.75,193.87,1274559,-0.008439034369885468,,,,
2026-01-21,CTAS,192.49,197.49,192.49,195.3,862579,0.007376076752463101,,,,
2026-01-22,CTAS,196.29,196.35,192.415,193.25,970987,-0.010496671786994427,,,,
2026-01-23,CTAS,193.39,195.07,192.3,192.3,687646,-0.004915912031047798,,,,
2026-01-26,CTAS,194.12,194.77,192.62,193.96,916028,0.008632345293811738,,,,
2026-01-27,CTAS,192.63,193.19,190.82,191.2,517175,-0.014229738090328015,,,,
2026-01-28,CTAS,190.36,191.11,188.21,188.22,767219,-0.015585774058577306,,,,
2026-01-29,CTAS,188.59,191.07,187.98,189.5,582989,0.006800552544894201,,,,
2026-01-30,CTAS,187.62,191.67,187.62,191.52,853472,0.01065963060686026,,,,
2026-02-02,CTAS,191.63,192.39,188.5,190.98,912380,-0.0028195488721806106,,,,
2026-02-03,CTAS,190.41,191.24,186.08,191.24,1178872,0.0013613990993821545,,,,
2026-02-04,CTAS,191.0,194.88,190.02,192.22,993776,0.005124450951683679,,,,
2026-02-05,CTAS,192.48,196.9,192.35,195.27,981185,0.015867235459369633,,,,
2026-02-06,CTAS,194.26,196.33,192.4,195.04,635031,-0.0011778563015313326,,,,
2026-02-09,CTAS,195.95,196.26,194.5,194.5,640952,-0.0027686628383920553,,,,
2026-02-10,CTAS,194.21,202.12,193.49,199.31,1111091,0.024730077120822536,,,,
2026-02-11,CTAS,199.38,202.52,199.32,200.36,694732,0.005268175204455439,,,,
2026-02-12,CTAS,201.19,202.99,194.77,195.11,914222,-0.026202834897185112,,,,
2026-02-13,CTAS,193.52,197.23,192.35,193.26,695681,-0.009481830762134269,,,,
2026-02-17,CTAS,193.41,197.29,193.2,194.92,538141,0.008589464969471106,,,,
2026-02-18,CTAS,195.05,196.57,193.17,196.41,501410,0.0076441617073672585,,,,
2026-02-19,CTAS,197.56,198.11,196.29,198.1,458331,0.008604449875260878,,,,
2026-02-20,CTAS,197.45,200.17,195.44,199.82,1122387,0.008682483594144363,,,,
2026-02-23,CTAS,199.02,201.2,197.71,198.68,631134,-0.005705134621158958,,,,
2026-02-24,CTAS,198.42,199.8,197.27,198.55,556224,-0.0006543185021139486,,,,
2026-02-25,CTAS,197.78,199.19,196.29,198.2,603330,-0.001762780156132071,,,,
2026-02-26,CTAS,196.79,200.01,196.51,196.51,966108,-0.008526740665993904,,,,
2026-02-27,CTAS,197.92,202.84,195.9,201.14,1002535,0.02356114192661951,,,,
2026-01-02,CWAN,24.17,24.175,24.045,24.115,1173023,,,,,
2026-01-05,CWAN,24.11,24.165,24.06,24.06,1783069,-0.0022807381297946794,,,,
2026-01-06,CWAN,24.09,24.165,24.04,24.04,884751,-0.0008312551953449931,,,,
2026-01-07,CWAN,24.0,24.11,24.0,24.07,506605,0.0012479201331114798,,,,
2026-01-08,CWAN,24.08,24.105,24.06,24.06,740244,-0.00041545492314087884,,,,
2026-01-09,CWAN,24.11,24.185,24.07,24.11,652281,0.0020781379883625384,,,,
2026-01-12,CWAN,24.1,24.145,24.07,24.08,572929,-0.0012442969722107344,,,,
2026-01-13,CWAN,24.08,24.135,24.08,24.12,990085,0.0016611295681063787,,,,
2026-01-14,CWAN,24.1,24.16,24.09,24.13,557289,0.00041459369817564706,,,,
2026-01-15,CWAN,24.15,24.2,23.97,24.05,1082274,-0.0033153750518026825,,,,
2026-01-16,CWAN,24.04,24.29,24.04,24.29,1282466,0.00997920997920998,,,,
2026-01-20,CWAN,24.01,24.345,24.01,24.31,1302565,0.0008233841086866533,,,,
2026-01-21,CWAN,24.34,24.375,24.245,24.33,1092710,0.0008227067050596837,,,,
2026-01-22,CWAN,24.35,24.385,24.25,24.32,454232,-0.0004110152075625928,,,,
2026-01-23,CWAN,24.25,24.33,24.13,24.17,911348,-0.00616776315789469,,,,
2026-01-26,CWAN,24.14,24.18,24.1,24.15,2474274,-0.0008274720728176366,,,,
2026-01-27,CWAN,24.11,24.16,24.1,24.1,660858,-0.0020703933747411307,,,,
2026-01-28,CWAN,24.17,24.18,24.1,24.1,539590,0.0,,,,
2026-01-29,CWAN,24.14,24.16,24.075,24.13,1362866,0.0012448132780082943,,,,
2026-01-30,CWAN,24.06,24.13,24.06,24.095,521175,-0.0014504765851637291,,,,
2026-02-02,CWAN,24.08,24.155,24.07,24.07,1025627,-0.0010375596596803316,,,,
2026-02-03,CWAN,24.08,24.12,23.655,23.81,4788694,-0.01080182800166185,,,,
2026-02-04,CWAN,23.7,23.765,23.215,23.46,5270088,-0.014699706005879776,,,,
2026-02-05,CWAN,23.51,23.655,23.34,23.42,2652172,-0.0017050298380221207,,,,
2026-02-06,CWAN,23.9,23.91,23.61,23.86,855190,0.018787361229718025,,,,
2026-02-09,CWAN,23.89,23.96,23.785,23.81,499437,-0.002095557418273275,,,,
2026-02-10,CWAN,23.81,23.91,23.795,23.805,542415,-0.0002099958000839619,,,,
2026-02-11,CWAN,23.83,23.84,23.605,23.69,779860,-0.004830917874396046,,,,
2026-02-12,CWAN,23.7,23.75,23.31,23.475,1492366,-0.009075559307724745,,,,
2026-02-13,CWAN,23.5,23.57,23.11,23.15,838428,-0.013844515441959637,,,,
2026-02-17,CWAN,23.22,23.24,22.62,23.0,1472446,-0.00647948164146861,,,,
2026-02-18,CWAN,23.02,23.75,23.02,23.31,1031653,0.013478260869565162,,,,
2026-02-19,CWAN,23.5,23.62,23.29,23.315,1455598,0.00021450021450042378,,,,
2026-02-20,CWAN,23.31,23.42,23.2,23.28,690102,-0.0015011794981771853,,,,
2026-02-23,CWAN,23.32,23.38,23.05,23.14,628324,-0.006013745704467333,,,,
2026-02-24,CWAN,23.15,23.8,22.975,23.56,932776,0.01815038893690568,,,,
2026-02-25,CWAN,23.56,23.6,23.42,23.42,552372,-0.005942275042444711,,,,
2026-02-26,CWAN,23.53,23.56,23.36,23.42,373436,0.0,,,,
2026-02-27,CWAN,23.4,23.5,23.285,23.405,457669,-0.0006404782237404705,,,,
2026-01-02,CYCN,1.25,1.36,1.25,1.34,1209,,,,,
2026-01-05,CYCN,1.34,2.14,1.3,2.05,842665,0.5298507462686566,,,,
2026-01-06,CYCN,2.01,2.34,1.84,1.93,5612768,-0.0585365853658536,,,,
2026-01-07,CYCN,1.87,1.96,1.58,1.7,252810,-0.11917098445595853,,,,
2026-01-08,CYCN,1.69,1.99,1.64,1.9,144935,0.11764705882352944,,,,
2026-01-09,CYCN,1.85,2.0,1.65,1.85,119613,-0.02631578947368407,,,,
2026-01-12,CYCN,1.76,1.83,1.66,1.68,31254,-0.09189189189189195,,,,
2026-01-13,CYCN,1.7,1.71,1.53,1.53,40558,-0.08928571428571419,,,,
2026-01-14,CYCN,1.53,1.6,1.5,1.51,14173,-0.013071895424836666,,,,
2026-01-15,CYCN,1.49,1.49,1.31,1.31,30073,-0.13245033112582782,,,,
2026-01-16,CYCN,1.36,1.42,1.34,1.36,11753,0.03816793893129766,,,,
2026-01-20,CYCN,1.36,1.37,1.34,1.35,5816,-0.007352941176470562,,,,
2026-01-21,CYCN,1.33,1.4,1.33,1.36,8733,0.007407407407407307,,,,
2026-01-22,CYCN,1.36,1.4,1.36,1.38,7394,0.014705882352941124,,,,
2026-01-23,CYCN,1.35,1.67,1.35,1.54,69350,0.11594202898550732,,,,
2026-01-26,CYCN,1.5,1.53,1.47,1.48,8408,-0.038961038961038974,,,,
2026-01-27,CYCN,1.45,1.5,1.44,1.5,5884,0.013513513513513598,,,,
2026-01-28,CYCN,1.49,1.51,1.42,1.45,7375,-0.033333333333333326,,,,
2026-01-29,CYCN,1.44,1.44,1.36,1.36,21663,-0.06206896551724128,,,,
2026-01-30,CYCN,1.36,1.395,1.34,1.34,3595,-0.014705882352941235,,,,
2026-02-02,CYCN,1.34,1.48,1.34,1.38,8324,0.02985074626865658,,,,
2026-02-03,CYCN,1.38,1.51,1.24,1.3,22932,-0.05797101449275355,,,,
2026-02-04,CYCN,1.25,1.27,1.16,1.21,3658,-0.06923076923076932,,,,
2026-02-05,CYCN,1.23,1.23,1.04,1.04,18477,-0.14049586776859502,,,,
2026-02-06,CYCN,1.03,1.12,1.03,1.1,12194,0.05769230769230771,,,,
2026-02-09,CYCN,1.1,1.18,1.045,1.18,29581,0.07272727272727253,,,,
2026-02-10,CYCN,1.18,1.21,1.15,1.17,3369,-0.008474576271186418,,,,
2026-02-11,CYCN,1.04,1.26,1.04,1.22,8158,0.042735042735042805,,,,
2026-02-12,CYCN,1.24,1.26,1.18,1.21,4133,-0.008196721311475419,,,,
2026-02-13,CYCN,1.19,1.3,1.19,1.25,8473,0.03305785123966953,,,,
2026-02-17,CYCN,1.25,1.3,1.18,1.23,4255,-0.016000000000000014,,,,
2026-02-18,CYCN,1.27,1.39,1.27,1.35,20160,0.09756097560975618,,,,
2026-02-19,CYCN,1.32,1.36,1.32,1.35,1228,0.0,,,,
2026-02-20,CYCN,1.35,1.35,1.32,1.33,1602,-0.014814814814814836,,,,
2026-02-23,CYCN,1.3,1.32,1.28,1.32,1230,-0.007518796992481258,,,,
2026-02-24,CYCN,1.3,1.35,1.3,1.32,5857,0.0,,,,
2026-02-25,CYCN,1.3,1.32,1.24,1.24,1368,-0.06060606060606066,,,,
2026-02-26,CYCN,1.25,1.31,1.18,1.31,7946,0.056451612903225756,,,,
2026-02-27,CYCN,1.14,1.39,1.14,1.35,9548,0.03053435114503822,,,,
2026-01-02,CZR,23.46,23.775,23.12,23.56,998778,,,,,
2026-01-05,CZR,23.78,24.54,23.505,24.17,1547113,0.02589134125636683,,,,
2026-01-06,CZR,24.26,24.55,23.57,23.85,1327531,-0.013239553165080742,,,,
2026-01-07,CZR,23.72,23.79,22.8,22.8,1150526,-0.04402515723270439,,,,
2026-01-08,CZR,23.0,25.48,23.0,25.07,2634558,0.09956140350877196,,,,
2026-01-09,CZR,25.65,26.1,24.4,24.4,1696537,-0.026725169525329107,,,,
2026-01-12,CZR,24.62,24.95,24.0,24.56,2640456,0.006557377049180246,,,,
2026-01-13,CZR,24.67,25.02,24.26,24.86,1474562,0.012214983713355165,,,,
2026-01-14,CZR,24.64,25.025,23.955,24.47,1369017,-0.015687851971037836,,,,
2026-01-15,CZR,24.69,25.36,23.96,25.36,1724915,0.03637106661217815,,,,
2026-01-16,CZR,25.36,25.36,24.26,24.35,1483713,-0.03982649842271291,,,,
2026-01-20,CZR,23.96,24.0,22.69,22.84,1696255,-0.0620123203285422,,,,
2026-01-21,CZR,23.29,23.755,22.59,23.04,1563814,0.008756567425569184,,,,
2026-01-22,CZR,23.95,24.23,23.275,23.61,1192069,0.02473958333333326,,,,
2026-01-23,CZR,23.67,23.74,23.01,23.46,1570535,-0.006353240152477735,,,,
2026-01-26,CZR,23.35,23.35,22.29,22.38,1681933,-0.04603580562659859,,,,
2026-01-27,CZR,22.39,22.44,21.58,21.73,1295206,-0.029043789097408346,,,,
2026-01-28,CZR,21.61,22.02,21.15,21.29,1620357,-0.02024850437183623,,,,
2026-01-29,CZR,21.51,21.92,20.98,21.3,2449605,0.00046970408642565964,,,,
2026-01-30,CZR,21.12,21.31,20.345,21.02,1869953,-0.013145539906103343,,,,
2026-02-02,CZR,20.6,21.09,20.35,20.59,1438234,-0.020456707897240745,,,,
2026-02-03,CZR,20.74,21.325,20.32,20.57,1831888,-0.0009713453132588201,,,,
2026-02-04,CZR,20.75,22.55,20.75,21.96,2492167,0.06757413709285376,,,,
2026-02-05,CZR,21.9,21.9,20.09,20.3,2264455,-0.07559198542805101,,,,
2026-02-06,CZR,20.31,21.09,20.13,20.5,4265140,0.009852216748768461,,,,
2026-02-09,CZR,20.68,20.91,20.46,20.65,1596897,0.007317073170731714,,,,
2026-02-10,CZR,20.77,21.07,20.545,20.74,2448260,0.004358353510895974,,,,
2026-02-11,CZR,20.88,21.05,19.73,19.84,1959629,-0.043394406943105035,,,,
2026-02-12,CZR,19.87,20.06,17.95,18.72,3491978,-0.05645161290322587,,,,
2026-02-13,CZR,19.0,19.01,18.03,18.16,2863902,-0.029914529914529808,,,,
2026-02-17,CZR,18.13,19.8,17.85,19.61,2823554,0.0798458149779735,,,,
2026-02-18,CZR,19.67,22.375,19.67,21.36,4776010,0.08924018357980623,,,,
2026-02-19,CZR,21.31,21.99,21.09,21.9,2301129,0.02528089887640439,,,,
2026-02-20,CZR,21.89,22.06,21.065,21.13,1649947,-0.03515981735159812,,,,
2026-02-23,CZR,21.18,21.2,19.79,20.53,2327995,-0.028395646000946462,,,,
2026-02-24,CZR,20.35,20.79,20.17,20.34,1843569,-0.009254749147588948,,,,
2026-02-25,CZR,20.41,20.8,19.67,20.77,1939789,0.021140609636184804,,,,
2026-02-26,CZR,20.69,25.1,20.69,24.43,5726927,0.17621569571497342,,,,
2026-02-27,CZR,24.6,25.9,23.92,25.24,5364476,0.03315595579205888,,,,
2026-01-02,D,58.52,59.38,58.27,59.28,317972,,,,,
2026-01-05,D,59.11,59.13,57.49,58.68,346941,-0.010121457489878583,,,,
2026-01-06,D,58.8,59.205,58.58,58.81,472668,0.0022154055896388414,,,,
2026-01-07,D,58.77,58.98,56.91,57.1,715927,-0.02907668763815674,,,,
2026-01-08,D,57.28,58.31,57.0,57.79,568860,0.012084063047285376,,,,
2026-01-09,D,57.88,58.52,57.78,58.02,458941,0.00397992732306629,,,,
2026-01-12,D,58.0,58.82,57.48,58.31,1428064,0.004998276456394279,,,,
2026-01-13,D,58.41,59.295,57.86,59.0,1123268,0.011833304750471507,,,,
2026-01-14,D,59.22,60.495,59.12,60.28,706708,0.02169491525423739,,,,
2026-01-15,D,60.25,60.72,59.9,60.61,494190,0.005474452554744547,,,,
2026-01-16,D,60.56,61.49,59.84,61.125,761300,0.008496947698399593,,,,
2026-01-20,D,61.02,61.15,60.28,61.1,810228,-0.00040899795501014857,,,,
2026-01-21,D,61.11,61.81,60.49,60.93,762819,-0.0027823240589198717,,,,
2026-01-22,D,61.15,61.15,59.9,59.97,539265,-0.015755785327424943,,,,
2026-01-23,D,60.28,60.28,58.985,59.6,827629,-0.006169751542437818,,,,
2026-01-26,D,59.7,60.705,59.58,60.245,549004,0.010822147651006642,,,,
2026-01-27,D,60.7,61.185,59.96,61.01,460984,0.01269814922400192,,,,
2026-01-28,D,61.19,61.56,60.45,60.51,567337,-0.008195377806916926,,,,
2026-01-29,D,61.03,61.37,60.32,60.56,590566,0.0008263097008760489,,,,
2026-01-30,D,60.85,60.95,59.61,60.0,1344863,-0.009247027741083214,,,,
2026-02-02,D,60.13,60.95,59.53,59.93,847167,-0.0011666666666666492,,,,
2026-02-03,D,60.16,61.73,59.94,61.5,769817,0.02619723010178543,,,,
2026-02-04,D,61.66,62.97,61.44,62.97,768039,0.023902439024390265,,,,
2026-02-05,D,62.42,63.41,62.09,63.1,514555,0.0020644751468954503,,,,
2026-02-06,D,63.02,63.38,61.665,62.33,545323,-0.012202852614897064,,,,
2026-02-09,D,62.36,62.49,61.61,62.45,451344,0.0019252366436708357,,,,
2026-02-10,D,62.42,64.42,62.32,64.0,630106,0.024819855884707698,,,,
2026-02-11,D,64.17,64.835,63.515,64.73,561868,0.011406250000000062,,,,
2026-02-12,D,64.67,66.15,64.67,64.81,1241204,0.0012359029816160216,,,,
2026-02-13,D,65.0,66.79,65.0,66.5,792032,0.026076222805122562,,,,
2026-02-17,D,66.59,67.5,65.38,65.9,983154,-0.009022556390977376,,,,
2026-02-18,D,65.65,66.0,64.56,64.56,918203,-0.020333839150227684,,,,
2026-02-19,D,64.72,65.545,64.575,65.47,1358394,0.014095415117719945,,,,
2026-02-20,D,65.39,66.165,65.23,65.9,1102594,0.006567893691767246,,,,
2026-02-23,D,66.33,66.43,63.97,64.22,1584424,-0.02549317147192731,,,,
2026-02-24,D,64.2,64.25,63.05,63.89,896497,-0.0051385861102459796,,,,
2026-02-25,D,63.5,64.13,62.66,63.56,607156,-0.005165127562998917,,,,
2026-02-26,D,63.97,64.07,63.2,63.36,736133,-0.003146633102580232,,,,
2026-02-27,D,62.86,63.23,62.59,63.05,2137107,-0.004892676767676796,,,,
2026-01-02,DAAQ,10.25,10.25,10.175,10.18,3761,,,,,
2026-01-05,DAAQ,10.1,10.24,10.1,10.21,2731,0.0029469548133596035,,,,
2026-01-06,DAAQ,10.17,10.2,10.17,10.2,888,-0.0009794319294810228,,,,
2026-01-07,DAAQ,10.22,10.22,10.195,10.2,328,0.0,,,,
2026-01-08,DAAQ,10.21,10.25,10.19,10.2,4453,0.0,,,,
2026-01-09,DAAQ,10.22,10.22,10.2,10.21,560,0.0009803921568629637,,,,
2026-01-12,DAAQ,10.23,10.25,10.205,10.25,3329,0.003917727717923425,,,,
2026-01-13,DAAQ,10.84,10.92,10.21,10.32,75684,0.006829268292682933,,,,
2026-01-14,DAAQ,10.25,10.25,10.21,10.25,8688,-0.006782945736434121,,,,
2026-01-15,DAAQ,10.25,10.25,10.2,10.25,28137,0.0,,,,
2026-01-16,DAAQ,10.22,10.25,10.21,10.25,69019,0.0,,,,
2026-01-20,DAAQ,10.22,10.22,10.2,10.2,12354,-0.00487804878048792,,,,
2026-01-21,DAAQ,10.2,10.23,10.2,10.21,8853,0.0009803921568629637,,,,
2026-01-22,DAAQ,10.22,10.25,10.21,10.22,15447,0.0009794319294809117,,,,
2026-01-23,DAAQ,10.23,10.23,10.22,10.22,1308,0.0,,,,
2026-01-26,DAAQ,10.23,10.23,10.21,10.21,2535,-0.0009784735812132794,,,,
2026-01-27,DAAQ,10.21,10.22,10.21,10.21,1708,0.0,,,,
2026-01-28,DAAQ,9.97,10.22,9.97,10.21,2341,0.0,,,,
2026-01-29,DAAQ,10.2,10.24,10.2,10.215,5923,0.0004897159647403448,,,,
2026-01-30,DAAQ,10.22,10.25,10.215,10.23,4225,0.001468428781204123,,,,
2026-02-02,DAAQ,10.22,10.25,10.22,10.23,83026,0.0,,,,
2026-02-03,DAAQ,10.24,10.24,10.22,10.22,14132,-0.0009775171065493637,,,,
2026-02-04,DAAQ,10.22,10.23,10.22,10.23,3978,0.0009784735812132794,,,,
2026-02-05,DAAQ,10.23,10.23,10.21,10.21,1066,-0.0019550342130987275,,,,
2026-02-06,DAAQ,10.22,10.22,10.2,10.2,5027,-0.0009794319294810228,,,,
2026-02-09,DAAQ,10.23,10.23,10.22,10.23,346,0.002941176470588447,,,,
2026-02-10,DAAQ,10.23,10.23,10.21,10.21,3514,-0.0019550342130987275,,,,
2026-02-11,DAAQ,10.22,10.23,10.22,10.23,2035,0.0019588638589618235,,,,
2026-02-12,DAAQ,10.22,10.23,10.22,10.23,194,0.0,,,,
2026-02-13,DAAQ,10.22,10.23,10.22,10.22,1601,-0.0009775171065493637,,,,
2026-02-17,DAAQ,10.22,10.25,10.22,10.23,17817,0.0009784735812132794,,,,
2026-02-18,DAAQ,10.24,10.24,10.23,10.235,2253,0.0004887585532746819,,,,
2026-02-19,DAAQ,10.24,10.24,10.23,10.23,422,-0.0004885197850511558,,,,
2026-02-20,DAAQ,10.23,10.24,10.23,10.23,1211,0.0,,,,
2026-02-23,DAAQ,10.25,10.25,10.23,10.23,314,0.0,,,,
2026-02-24,DAAQ,10.25,10.25,10.24,10.24,643,0.0009775171065493637,,,,
2026-02-25,DAAQ,10.24,10.24,10.22,10.23,3084,-0.0009765625,,,,
2026-02-26,DAAQ,10.25,10.25,10.23,10.235,59,0.0004887585532746819,,,,
2026-02-27,DAAQ,10.24,10.25,10.24,10.25,201,0.0014655593551540225,,,,
2026-01-02,DBRG,15.35,15.41,15.26,15.36,960426,,,,,
2026-01-05,DBRG,15.32,15.44,15.315,15.325,1516933,-0.0022786458333333703,,,,
2026-01-06,DBRG,15.29,15.36,15.29,15.34,427042,0.0009787928221860476,,,,
2026-01-07,DBRG,15.35,15.41,15.335,15.4,335417,0.003911342894393766,,,,
2026-01-08,DBRG,15.37,15.39,15.35,15.36,285840,-0.0025974025974027093,,,,
2026-01-09,DBRG,15.35,15.385,15.31,15.31,278876,-0.0032552083333332593,,,,
2026-01-12,DBRG,15.35,15.38,15.33,15.34,180124,0.0019595035924231397,,,,
2026-01-13,DBRG,15.34,15.39,15.34,15.35,621603,0.0006518904823988869,,,,
2026-01-14,DBRG,15.34,15.365,15.32,15.32,144654,-0.00195439739413672,,,,
2026-01-15,DBRG,15.32,15.37,15.32,15.33,287273,0.0006527415143602333,,,,
2026-01-16,DBRG,15.35,15.36,15.335,15.35,217605,0.001304631441617632,,,,
2026-01-20,DBRG,15.26,15.355,15.24,15.35,479899,0.0,,,,
2026-01-21,DBRG,15.35,15.36,15.29,15.29,387233,-0.003908794788273662,,,,
2026-01-22,DBRG,15.35,15.38,15.34,15.36,377593,0.00457815565729236,,,,
2026-01-23,DBRG,15.34,15.48,15.34,15.45,258093,0.005859375,,,,
2026-01-26,DBRG,15.42,15.495,15.35,15.35,394158,-0.006472491909385036,,,,
2026-01-27,DBRG,15.39,15.42,15.35,15.36,446932,0.0006514657980456473,,,,
2026-01-28,DBRG,15.36,15.4,15.36,15.4,368071,0.0026041666666667407,,,,
2026-01-29,DBRG,15.37,15.45,15.36,15.39,434347,-0.0006493506493506773,,,,
2026-01-30,DBRG,15.34,15.44,15.33,15.39,338920,0.0,,,,
2026-02-02,DBRG,15.35,15.45,15.35,15.41,589442,0.001299545159194171,,,,
2026-02-03,DBRG,15.46,15.47,15.42,15.45,508830,0.002595717066839587,,,,
2026-02-04,DBRG,15.45,15.47,15.32,15.45,785684,0.0,,,,
2026-02-05,DBRG,15.42,15.45,15.35,15.39,513044,-0.003883495145631022,,,,
2026-02-06,DBRG,15.4,15.46,15.4,15.43,234711,0.002599090318388564,,,,
2026-02-09,DBRG,15.42,15.45,15.395,15.41,228432,-0.0012961762799740262,,,,
2026-02-10,DBRG,15.46,15.49,15.395,15.395,124423,-0.0009733939000649006,,,,
2026-02-11,DBRG,15.41,15.47,15.38,15.4,195127,0.00032478077297826147,,,,
2026-02-12,DBRG,15.41,15.465,15.39,15.45,317487,0.0032467532467532756,,,,
2026-02-13,DBRG,15.45,15.47,15.395,15.42,308389,-0.001941747572815511,,,,
2026-02-17,DBRG,15.39,15.445,15.37,15.43,158639,0.0006485084306095956,,,,
2026-02-18,DBRG,15.42,15.455,15.36,15.36,213981,-0.004536616979909258,,,,
2026-02-19,DBRG,15.43,15.44,15.415,15.415,192533,0.0035807291666667407,,,,
2026-02-20,DBRG,15.41,15.45,15.37,15.39,504852,-0.0016217969510216035,,,,
2026-02-23,DBRG,15.37,15.425,15.35,15.39,336386,0.0,,,,
2026-02-24,DBRG,15.375,15.405,15.36,15.4,393021,0.0006497725795970855,,,,
2026-02-25,DBRG,15.39,15.425,15.35,15.355,230365,-0.0029220779220778814,,,,
2026-02-26,DBRG,15.37,15.4,15.37,15.37,138450,0.0009768804949528143,,,,
2026-02-27,DBRG,15.38,15.455,15.38,15.41,127829,0.002602472348731455,,,,
2026-01-02,DHR,228.92,232.01,227.27,230.44,233514,,,,,
2026-01-05,DHR,229.58,235.6,228.07,235.58,328773,0.022305155354973127,,,,
2026-01-06,DHR,235.31,240.4,234.86,236.32,346578,0.0031411834620935775,,,,
2026-01-07,DHR,237.0,238.02,233.25,235.57,341178,-0.0031736628300609304,,,,
2026-01-08,DHR,234.59,237.52,233.57,236.04,223557,0.001995160674109542,,,,
2026-01-09,DHR,235.94,238.5,234.04,238.24,242471,0.009320454160311797,,,,
2026-01-12,DHR,237.75,240.2,233.47,238.97,399328,0.003064137004701095,,,,
2026-01-13,DHR,238.41,241.14,228.12,235.64,656830,-0.01393480353182408,,,,
2026-01-14,DHR,235.12,239.15,235.12,237.55,346018,0.008105584790358389,,,,
2026-01-15,DHR,237.42,240.21,234.94,239.82,231259,0.009555882972005714,,,,
2026-01-16,DHR,239.42,240.38,235.75,236.0,392329,-0.015928613126511504,,,,
2026-01-20,DHR,233.24,238.76,231.17,234.0,449840,-0.008474576271186418,,,,
2026-01-21,DHR,235.31,242.22,233.91,241.7,516587,0.03290598290598279,,,,
2026-01-22,DHR,243.29,243.64,239.46,240.85,347187,-0.003516756309474567,,,,
2026-01-23,DHR,240.93,240.93,233.58,235.3,358657,-0.02304338800083028,,,,
2026-01-26,DHR,235.0,238.66,235.0,236.75,347554,0.006162345941351344,,,,
2026-01-27,DHR,236.2,237.05,233.0,235.81,482983,-0.003970432946145741,,,,
2026-01-28,DHR,236.0,236.0,222.59,224.99,868085,-0.04588439845638437,,,,
2026-01-29,DHR,225.02,226.57,218.44,219.0,1006001,-0.026623405484688223,,,,
2026-01-30,DHR,218.16,221.01,217.66,219.2,551707,0.0009132420091324533,,,,
2026-02-02,DHR,218.95,224.1,216.985,222.22,479470,0.013777372262773868,,,,
2026-02-03,DHR,222.75,225.73,216.18,216.6,483600,-0.025290252902529065,,,,
2026-02-04,DHR,216.85,220.27,216.65,219.18,557405,0.011911357340720352,,,,
2026-02-05,DHR,220.47,220.6,214.94,217.5,426283,-0.007664932931836899,,,,
2026-02-06,DHR,216.5,218.44,214.43,216.5,604699,-0.0045977011494252595,,,,
2026-02-09,DHR,216.75,217.805,212.84,216.65,362555,0.000692840646651316,,,,
2026-02-10,DHR,216.72,221.0,214.76,221.0,558677,0.02007846757442877,,,,
2026-02-11,DHR,219.82,220.44,216.57,219.92,731184,-0.0048868778280543035,,,,
2026-02-12,DHR,219.7,220.45,208.69,214.75,675295,-0.023508548563113796,,,,
2026-02-13,DHR,213.93,218.63,210.84,212.5,701045,-0.010477299185098987,,,,
2026-02-17,DHR,208.27,208.58,195.99,206.6,1100251,-0.027764705882352914,,,,
2026-02-18,DHR,206.8,209.28,204.25,208.27,545110,0.008083252662149265,,,,
2026-02-19,DHR,207.71,211.31,206.6,211.31,473822,0.014596437316944266,,,,
2026-02-20,DHR,212.14,212.56,208.12,209.57,557200,-0.008234347640906803,,,,
2026-02-23,DHR,207.43,211.34,207.43,210.77,280257,0.005726010402252291,,,,
2026-02-24,DHR,210.91,212.45,209.05,209.5,260713,-0.006025525454286695,,,,
2026-02-25,DHR,208.88,211.0,208.0,209.57,267519,0.0003341288782816587,,,,
2026-02-26,DHR,209.52,210.29,206.78,208.3,363942,-0.006060027675716895,,,,
2026-02-27,DHR,207.96,210.67,206.86,210.5,610751,0.01056168987037931,,,,
2026-01-02,DMAA,10.39,10.4,10.37,10.37,56,,,,,
2026-01-05,DMAA,10.37,10.38,10.37,10.37,839,0.0,,,,
2026-01-06,DMAA,10.38,10.38,10.38,10.38,1009,0.0009643201542912649,,,,
2026-01-07,DMAA,10.38,10.38,10.38,10.38,8,0.0,,,,
2026-01-08,DMAA,10.38,10.4,10.38,10.4,101,0.0019267822736031004,,,,
2026-01-09,DMAA,10.4,10.4,10.37,10.37,1816,-0.0028846153846154854,,,,
2026-01-12,DMAA,10.37,10.4,10.37,10.4,6,0.002892960462873795,,,,
2026-01-13,DMAA,10.4,10.4,10.38,10.38,2002,-0.0019230769230769162,,,,
2026-01-14,DMAA,10.39,10.4,10.39,10.395,224,0.0014450867052022698,,,,
2026-01-15,DMAA,10.4,10.4,10.4,10.4,31340,0.0004810004810005264,,,,
2026-01-16,DMAA,10.41,10.41,10.39,10.39,241,-0.0009615384615384581,,,,
2026-01-20,DMAA,10.41,10.42,10.4,10.4,319,0.0009624639076033503,,,,
2026-01-21,DMAA,10.42,10.44,10.42,10.435,26530,0.0033653846153847145,,,,
2026-01-22,DMAA,10.44,10.44,10.44,10.44,9654,0.00047915668423570423,,,,
2026-01-23,DMAA,10.45,10.45,10.41,10.41,2823,-0.002873563218390718,,,,
2026-01-26,DMAA,10.45,10.45,10.44,10.44,474,0.0028818443804032867,,,,
2026-01-27,DMAA,10.44,10.44,10.42,10.42,35,-0.0019157088122604415,,,,
2026-01-28,DMAA,10.41,10.41,10.41,10.41,20,-0.0009596928982725794,,,,
2026-01-29,DMAA,10.44,10.45,10.44,10.45,7949,0.003842459173871271,,,,
2026-01-30,DMAA,10.45,10.45,10.42,10.42,1201,-0.002870813397129135,,,,
2026-02-02,DMAA,10.45,10.45,10.42,10.44,2124,0.0019193857965451588,,,,
2026-02-03,DMAA,10.44,10.44,10.42,10.42,269,-0.0019157088122604415,,,,
2026-02-04,DMAA,10.44,10.44,10.42,10.42,243,0.0,,,,
2026-02-05,DMAA,10.43,10.45,10.43,10.45,177,0.0028790786948176272,,,,
2026-02-06,DMAA,10.44,10.44,10.44,10.44,163,-0.000956937799043045,,,,
2026-02-09,DMAA,10.43,10.45,10.43,10.45,992,0.0009578544061301653,,,,
2026-02-10,DMAA,10.45,10.45,10.45,10.45,1002,0.0,,,,
2026-02-11,DMAA,10.44,10.445,10.44,10.445,2,-0.00047846889952141147,,,,
2026-02-12,DMAA,10.45,10.45,10.435,10.435,13111,-0.0009573958831976537,,,,
2026-02-13,DMAA,10.44,10.445,10.44,10.445,126,0.0009583133684714085,,,,
2026-02-17,DMAA,10.45,10.45,10.44,10.44,13,-0.00047869794159893786,,,,
2026-02-18,DMAA,10.45,10.45,10.43,10.43,7,-0.0009578544061302763,,,,
2026-02-19,DMAA,10.43,10.45,10.43,10.45,114,0.0019175455417066445,,,,
2026-02-20,DMAA,10.445,10.45,10.445,10.45,101,0.0,,,,
2026-02-23,DMAA,10.45,10.46,10.45,10.46,1043,0.000956937799043267,,,,
2026-02-24,DMAA,10.47,10.47,10.45,10.45,217,-0.0009560229445507717,,,,
2026-02-25,DMAA,10.47,10.47,10.45,10.45,114,0.0,,,,
2026-02-26,DMAA,10.45,10.5,10.45,10.5,986,0.004784688995215447,,,,
2026-02-27,DMAA,10.48,10.48,10.455,10.455,102,-0.004285714285714226,,,,
2026-01-08,DRDB,10.43,10.43,10.43,10.43,2018,,,,,
2026-01-09,DRDB,10.43,10.43,10.43,10.43,2500,0.0,,,,
2026-01-12,DRDB,10.43,10.43,10.43,10.43,66,0.0,,,,
2026-01-13,DRDB,10.43,10.48,10.43,10.48,13285,0.004793863854266611,,,,
2026-01-14,DRDB,10.48,10.51,10.48,10.51,21319,0.002862595419847347,,,,
2026-01-15,DRDB,10.54,10.54,10.5,10.54,599,0.0028544243577544037,,,,
2026-01-16,DRDB,10.54,10.54,10.53,10.53,33,-0.000948766603415585,,,,
2026-01-20,DRDB,10.54,10.54,10.46,10.46,110,-0.006647673314339797,,,,
2026-01-21,DRDB,10.53,10.53,10.48,10.48,429,0.0019120458891013214,,,,
2026-01-22,DRDB,10.53,10.55,10.48,10.515,95590,0.0033396946564885344,,,,
2026-01-23,DRDB,10.58,10.58,10.51,10.51,73,-0.0004755111745127216,,,,
2026-01-26,DRDB,10.58,10.58,10.48,10.48,4412,-0.0028544243577544037,,,,
2026-01-27,DRDB,10.58,10.58,10.51,10.51,123,0.002862595419847347,,,,
2026-01-28,DRDB,10.58,10.58,10.5,10.51,2926,0.0,,,,
2026-01-29,DRDB,10.58,10.58,10.49,10.51,135,0.0,,,,
2026-01-30,DRDB,10.48,10.51,10.48,10.51,637,0.0,,,,
2026-02-02,DRDB,10.49,10.51,10.49,10.51,611,0.0,,,,
2026-02-03,DRDB,10.51,10.51,10.49,10.5,273,-0.0009514747859181716,,,,
2026-02-04,DRDB,10.49,10.49,10.49,10.49,700,-0.0009523809523809268,,,,
2026-02-05,DRDB,10.49,10.49,10.48,10.48,258,-0.0009532888465204614,,,,
2026-02-06,DRDB,10.48,10.48,10.46,10.46,576,-0.001908396946564861,,,,
2026-02-09,DRDB,10.47,10.47,10.47,10.47,143,0.0009560229445506607,,,,
2026-02-10,DRDB,10.51,10.51,10.47,10.47,3957,0.0,,,,
2026-02-11,DRDB,10.51,10.51,10.46,10.46,1985,-0.0009551098376312517,,,,
2026-02-12,DRDB,10.49,10.49,10.46,10.46,684,0.0,,,,
2026-02-13,DRDB,10.48,10.48,10.46,10.46,31,0.0,,,,
2026-02-17,DRDB,10.49,10.49,10.46,10.47,354,0.0009560229445506607,,,,
2026-02-18,DRDB,10.49,10.49,10.44,10.44,8220,-0.002865329512894088,,,,
2026-02-19,DRDB,10.46,10.46,10.435,10.435,12602,-0.00047892720306508263,,,,
2026-02-20,DRDB,10.44,10.44,10.43,10.43,4194,-0.00047915668423581526,,,,
2026-02-23,DRDB,10.46,10.46,10.44,10.44,6074,0.0009587727708533222,,,,
2026-02-24,DRDB,10.46,10.46,10.43,10.43,1125,-0.0009578544061302763,,,,
2026-02-25,DRDB,10.44,10.44,10.43,10.43,147,0.0,,,,
2026-02-26,DRDB,10.45,10.46,10.45,10.45,886,0.0019175455417066445,,,,
2026-02-27,DRDB,10.84,10.84,10.43,10.43,82216,-0.00191387559808609,,,,
2026-01-02,DRVN,14.86,14.86,14.33,14.5,341147,,,,,
2026-01-05,DRVN,14.37,15.02,14.35,14.98,504210,0.03310344827586209,,,,
2026-01-06,DRVN,15.13,15.13,14.7,14.96,401101,-0.001335113484646211,,,,
2026-01-07,DRVN,14.85,15.0,14.63,14.68,278496,-0.018716577540107027,,,,
2026-01-08,DRVN,14.78,15.46,14.53,15.34,317990,0.04495912806539515,,,,
2026-01-09,DRVN,15.64,15.89,15.31,15.88,447976,0.03520208604954367,,,,
2026-01-12,DRVN,15.86,15.93,15.39,15.53,297847,-0.0220403022670026,,,,
2026-01-13,DRVN,15.82,15.9,15.2,15.56,329686,0.0019317450096587585,,,,
2026-01-14,DRVN,15.63,15.785,15.31,15.65,346862,0.005784061696658016,,,,
2026-01-15,DRVN,15.73,15.79,14.97,15.63,276328,-0.0012779552715654896,,,,
2026-01-16,DRVN,15.6,15.68,15.455,15.52,290485,-0.007037747920665471,,,,
2026-01-20,DRVN,15.07,15.48,15.07,15.32,239399,-0.012886597938144284,,,,
2026-01-21,DRVN,15.48,16.2,15.435,15.92,395273,0.039164490861618884,,,,
2026-01-22,DRVN,16.03,16.28,15.94,16.18,274330,0.01633165829145722,,,,
2026-01-23,DRVN,16.13,16.23,15.96,16.2,1037067,0.0012360939431397266,,,,
2026-01-26,DRVN,16.23,16.28,15.87,16.08,273752,-0.007407407407407418,,,,
2026-01-27,DRVN,16.13,16.13,15.58,15.77,361730,-0.019278606965174028,,,,
2026-01-28,DRVN,16.31,16.4,15.1,15.3,269271,-0.029803424223208586,,,,
2026-01-29,DRVN,15.41,15.41,15.0,15.34,394225,0.002614379084967311,,,,
2026-01-30,DRVN,15.17,15.66,15.125,15.55,746263,0.01368970013037818,,,,
2026-02-02,DRVN,15.6,15.93,15.49,15.7,364174,0.009646302250803762,,,,
2026-02-03,DRVN,15.68,16.27,15.52,16.0,416808,0.019108280254777066,,,,
2026-02-04,DRVN,15.93,16.95,15.93,16.89,446904,0.055625000000000036,,,,
2026-02-05,DRVN,16.74,16.99,16.3,16.42,290156,-0.027827116637063276,,,,
2026-02-06,DRVN,16.82,17.105,16.58,17.06,441655,0.03897685749086466,,,,
2026-02-09,DRVN,16.96,17.19,16.63,16.77,575057,-0.016998827667057403,,,,
2026-02-10,DRVN,16.87,17.3,16.0,17.08,316849,0.018485390578413696,,,,
2026-02-11,DRVN,17.1,17.1,16.44,16.91,553791,-0.0099531615925057,,,,
2026-02-12,DRVN,17.1,17.195,16.465,16.67,278202,-0.014192785334121716,,,,
2026-02-13,DRVN,16.87,16.89,16.46,16.84,262378,0.010197960407918316,,,,
2026-02-17,DRVN,16.83,17.1,16.82,16.91,378476,0.004156769596199483,,,,
2026-02-18,DRVN,16.91,17.29,16.83,17.09,396431,0.010644589000591287,,,,
2026-02-19,DRVN,16.77,17.09,16.52,17.03,274816,-0.003510825043885224,,,,
2026-02-20,DRVN,16.95,17.15,16.78,17.08,259894,0.0029359953024072905,,,,
2026-02-23,DRVN,16.94,17.13,16.56,16.74,240163,-0.01990632318501173,,,,
2026-02-24,DRVN,16.69,16.93,16.475,16.61,458594,-0.0077658303464754885,,,,
2026-02-25,DRVN,15.0,15.0,9.8,11.49,3133187,-0.3082480433473811,,,,
2026-02-26,DRVN,10.81,11.81,10.6,11.3,1211677,-0.01653611836379454,,,,
2026-02-27,DRVN,11.3,11.4,10.69,11.0,1080403,-0.026548672566371723,,,,
2026-01-02,DTSQ,10.84,10.84,10.77,10.82,178,,,,,
2026-01-05,DTSQ,10.8,10.8,10.71,10.71,780,-0.010166358595193992,,,,
2026-01-06,DTSQ,10.83,10.86,10.6,10.73,67,0.0018674136321195078,,,,
2026-01-07,DTSQ,10.86,10.86,10.62,10.62,49,-0.010251630941286227,,,,
2026-01-08,DTSQ,10.85,10.85,10.75,10.75,104,0.012241054613935987,,,,
2026-01-09,DTSQ,10.84,10.84,10.8,10.8,117,0.0046511627906977715,,,,
2026-01-12,DTSQ,10.9,10.9,10.75,10.75,323,-0.00462962962962965,,,,
2026-01-13,DTSQ,10.86,10.86,10.7,10.7,27,-0.0046511627906977715,,,,
2026-01-14,DTSQ,10.8,10.8,10.8,10.8,1,0.009345794392523477,,,,
2026-01-15,DTSQ,10.73,11.23,10.7,11.18,13343,0.035185185185184986,,,,
2026-01-16,DTSQ,10.9,10.9,10.9,10.9,60,-0.025044722719141266,,,,
2026-01-20,DTSQ,10.77,10.98,10.77,10.96,294,0.005504587155963359,,,,
2026-01-21,DTSQ,10.9,10.9,10.75,10.8,238,-0.014598540145985384,,,,
2026-01-22,DTSQ,10.89,10.89,10.89,10.89,95,0.008333333333333304,,,,
2026-01-23,DTSQ,10.85,10.89,10.78,10.89,272,0.0,,,,
2026-01-26,DTSQ,10.81,10.89,10.81,10.89,1802,0.0,,,,
2026-01-27,DTSQ,10.81,10.82,10.81,10.82,465,-0.006427915518824601,,,,
2026-01-28,DTSQ,10.81,10.9,10.78,10.9,1294,0.007393715341959428,,,,
2026-01-29,DTSQ,10.88,10.89,10.78,10.89,599,-0.0009174311926605228,,,,
2026-01-30,DTSQ,10.78,10.9,10.78,10.9,3304,0.0009182736455464191,,,,
2026-02-02,DTSQ,11.0,11.0,10.88,10.98,1327,0.007339449541284404,,,,
2026-02-03,DTSQ,11.0,11.0,10.84,10.84,3,-0.012750455373406244,,,,
2026-02-04,DTSQ,10.9,11.39,10.82,10.85,9921,0.0009225092250921829,,,,
2026-02-05,DTSQ,10.82,10.92,10.82,10.82,10235,-0.0027649769585252892,,,,
2026-02-06,DTSQ,10.83,11.06,10.83,10.84,1011,0.001848428835489857,,,,
2026-02-09,DTSQ,10.84,10.84,10.83,10.84,10080,0.0,,,,
2026-02-10,DTSQ,10.85,10.85,10.84,10.85,2766,0.0009225092250921829,,,,
2026-02-11,DTSQ,10.85,10.9,10.84,10.85,492,0.0,,,,
2026-02-12,DTSQ,10.84,10.84,10.83,10.83,41,-0.0018433179723501558,,,,
2026-02-13,DTSQ,10.83,10.9,10.83,10.84,401,0.0009233610341643494,,,,
2026-02-17,DTSQ,10.89,10.89,10.83,10.89,207,0.004612546125461359,,,,
2026-02-18,DTSQ,10.83,10.9,10.83,10.83,1576,-0.005509641873278293,,,,
2026-02-19,DTSQ,10.85,10.85,10.85,10.85,1,0.001846722068328699,,,,
2026-02-20,DTSQ,10.94,10.94,10.9,10.93,2234,0.007373271889400845,,,,
2026-02-23,DTSQ,11.04,11.04,10.89,10.89,9,-0.0036596523330282293,,,,
2026-02-24,DTSQ,11.01,11.01,10.89,10.89,8,0.0,,,,
2026-02-25,DTSQ,11.01,11.01,10.84,10.9,14,0.0009182736455464191,,,,
2026-02-26,DTSQ,11.02,11.02,10.86,10.86,5,-0.003669724770642313,,,,
2026-02-27,DTSQ,10.99,11.06,10.9,10.9,64,0.0036832412523020164,,,,
2026-01-02,DXLG,0.93,0.9453,0.897,0.9026,16311,,,,,
2026-01-05,DXLG,0.8785,0.94,0.8784,0.9207,12690,0.02005317970308007,,,,
2026-01-06,DXLG,0.9207,0.94,0.88,0.8857,9920,-0.03801455414358634,,,,
2026-01-07,DXLG,0.8982,0.9473,0.8982,0.92,23688,0.03872643107146878,,,,
2026-01-08,DXLG,0.92,0.94,0.89,0.92,28612,0.0,,,,
2026-01-09,DXLG,0.94,0.9549,0.9165,0.9435,9482,0.025543478260869446,,,,
2026-01-12,DXLG,0.93,0.9487,0.9043,0.9049,36917,-0.040911499735029166,,,,
2026-01-13,DXLG,0.9322,0.9542,0.8811,0.89,28233,-0.01646590783511992,,,,
2026-01-14,DXLG,0.9,0.9309,0.89,0.9,69676,0.011235955056179803,,,,
2026-01-15,DXLG,0.91,0.9235,0.8651,0.8867,68417,-0.014777777777777779,,,,
2026-01-16,DXLG,0.8867,0.899,0.8494,0.8557,16603,-0.03496109168828243,,,,
2026-01-20,DXLG,0.866,0.866,0.8022,0.8158,15844,-0.04662849129367774,,,,
2026-01-21,DXLG,0.81,0.8157,0.79,0.7981,23285,-0.021696494238783948,,,,
2026-01-22,DXLG,0.8,0.81,0.77,0.7765,50251,-0.027064277659441305,,,,
2026-01-23,DXLG,0.7735,0.791,0.715,0.7152,59688,-0.07894397939471998,,,,
2026-01-26,DXLG,0.74,0.7645,0.74,0.7504,30123,0.04921700223713654,,,,
2026-01-27,DXLG,0.7505,0.7505,0.71,0.7107,13367,-0.05290511727078884,,,,
2026-01-28,DXLG,0.72,0.74,0.7003,0.7087,14754,-0.0028141269171240157,,,,
2026-01-29,DXLG,0.719,0.7504,0.7036,0.7079,41102,-0.0011288274305065737,,,,
2026-01-30,DXLG,0.71,0.72,0.6805,0.683,47071,-0.03517445966944477,,,,
2026-02-02,DXLG,0.6845,0.7094,0.681,0.7051,32616,0.03235724743777446,,,,
2026-02-03,DXLG,0.71,0.71,0.6725,0.6941,16331,-0.015600624024960874,,,,
2026-02-04,DXLG,0.6868,0.715,0.6784,0.698,4857,0.005618786918311303,,,,
2026-02-05,DXLG,0.6952,0.7,0.67,0.67,8113,-0.04011461318051568,,,,
2026-02-06,DXLG,0.67,0.6704,0.6261,0.6271,58953,-0.06402985074626877,,,,
2026-02-09,DXLG,0.6132,0.7,0.5748,0.597,46945,-0.04799872428639773,,,,
2026-02-10,DXLG,0.5923,0.6423,0.5912,0.6,18893,0.005025125628140614,,,,
2026-02-11,DXLG,0.61,0.6178,0.5702,0.579,15115,-0.03500000000000003,,,,
2026-02-12,DXLG,0.59,0.6372,0.5413,0.5822,23612,0.005526770293609928,,,,
2026-02-13,DXLG,0.5772,0.5841,0.5605,0.561,6050,-0.03641360357265544,,,,
2026-02-17,DXLG,0.57,0.579,0.52,0.5317,25117,-0.05222816399287,,,,
2026-02-18,DXLG,0.5264,0.567,0.5264,0.55,14311,0.03441790483355289,,,,
2026-02-19,DXLG,0.555,0.5799,0.555,0.579,6749,0.05272727272727251,,,,
2026-02-20,DXLG,0.587,0.7172,0.587,0.66,69196,0.13989637305699487,,,,
2026-02-23,DXLG,0.6534,0.669,0.587,0.587,6976,-0.11060606060606071,,,,
2026-02-24,DXLG,0.6137,0.6137,0.5525,0.5538,4100,-0.0565587734241908,,,,
2026-02-25,DXLG,0.579,0.5798,0.5278,0.53,10909,-0.04297580353918373,,,,
2026-02-26,DXLG,0.529,0.5583,0.529,0.5352,12923,0.009811320754717023,,,,
2026-02-27,DXLG,0.548,0.548,0.49,0.4966,83470,-0.07212257100149477,,,,
2026-01-02,DXST,1.4,1.43,1.34,1.4,409233,,,,,
2026-01-05,DXST,1.37,1.47,1.37,1.43,169078,0.021428571428571352,,,,
2026-01-06,DXST,1.4,1.49,1.4,1.48,240946,0.034965034965035,,,,
2026-01-07,DXST,1.49,1.54,1.43,1.48,259425,0.0,,,,
2026-01-08,DXST,1.46,1.57,1.45,1.49,264673,0.006756756756756799,,,,
2026-01-09,DXST,1.51,1.525,1.42,1.51,299166,0.01342281879194629,,,,
2026-01-12,DXST,1.49,1.59,1.46,1.57,169795,0.039735099337748325,,,,
2026-01-13,DXST,1.58,1.59,1.52,1.57,310688,0.0,,,,
2026-01-14,DXST,1.59,1.61,1.545,1.58,107783,0.006369426751592355,,,,
2026-01-15,DXST,1.55,1.59,1.46,1.51,143702,-0.044303797468354444,,,,
2026-01-16,DXST,1.48,1.67,1.165,1.46,823206,-0.03311258278145701,,,,
2026-01-20,DXST,1.68,1.745,1.315,1.66,2537070,0.1369863013698629,,,,
2026-01-21,DXST,1.72,1.91,1.595,1.8,1097827,0.08433734939759052,,,,
2026-01-22,DXST,1.79,1.91,1.67,1.9,1296574,0.05555555555555558,,,,
2026-01-23,DXST,1.78,2.0,1.72,1.96,1346940,0.03157894736842115,,,,
2026-01-26,DXST,1.9,1.95,1.45,1.7,1608410,-0.13265306122448983,,,,
2026-01-27,DXST,1.71,1.75,1.385,1.61,648890,-0.05294117647058816,,,,
2026-01-28,DXST,1.62,1.7,1.53,1.7,242315,0.05590062111801242,,,,
2026-01-29,DXST,1.7,2.48,1.62,2.1,1295077,0.23529411764705888,,,,
2026-01-30,DXST,2.08,2.25,1.9,1.97,737367,-0.06190476190476191,,,,
2026-02-02,DXST,1.92,2.03,1.67,1.79,344333,-0.09137055837563446,,,,
2026-02-03,DXST,1.87,1.89,1.65,1.89,329375,0.05586592178770933,,,,
2026-02-04,DXST,1.82,1.88,1.56,1.74,580196,-0.0793650793650793,,,,
2026-02-05,DXST,1.77,1.77,0.55,0.85,1067152,-0.5114942528735632,,,,
2026-02-06,DXST,0.7334,0.7345,0.2051,0.2604,1405356,-0.6936470588235294,,,,
2026-02-09,DXST,0.2898,0.29,0.2,0.2107,822456,-0.1908602150537635,,,,
2026-02-10,DXST,0.2163,0.2163,0.162,0.171,468291,-0.18841955386805875,,,,
2026-02-11,DXST,0.1758,0.4801,0.173,0.25,13459134,0.46198830409356706,,,,
2026-02-12,DXST,0.2799,0.3053,0.2,0.2057,502295,-0.17720000000000002,,,,
2026-02-13,DXST,0.2406,0.2925,0.2122,0.218,1103367,0.05979581915410792,,,,
2026-02-17,DXST,0.2168,0.2168,0.1899,0.195,300243,-0.10550458715596323,,,,
2026-02-18,DXST,0.1938,0.1938,0.17,0.175,142720,-0.10256410256410264,,,,
2026-02-19,DXST,0.1806,0.1806,0.1652,0.169,289818,-0.03428571428571414,,,,
2026-02-20,DXST,0.17,0.1731,0.16,0.1607,417143,-0.04911242603550292,,,,
2026-02-23,DXST,0.1755,0.194,0.1662,0.1761,185398,0.09583074051026763,,,,
2026-02-24,DXST,0.1775,0.1795,0.158,0.161,151998,-0.08574673480976713,,,,
2026-02-25,DXST,0.16,0.1688,0.1432,0.1432,214624,-0.1105590062111802,,,,
2026-02-26,DXST,0.1465,0.1465,0.116,0.1192,166782,-0.16759776536312843,,,,
2026-02-27,DXST,0.1243,0.126,0.1039,0.106,33888,-0.11073825503355705,,,,
2026-01-02,EA,204.31,204.65,204.02,204.43,779323,,,,,
2026-01-05,EA,204.28,204.56,204.01,204.35,745681,-0.0003913319962823847,,,,
2026-01-06,EA,204.59,204.68,203.85,204.0,574465,-0.001712747736726139,,,,
2026-01-07,EA,204.33,204.51,204.01,204.05,612645,0.0002450980392156854,,,,
2026-01-08,EA,204.36,204.45,204.02,204.25,563673,0.000980151923548167,,,,
2026-01-09,EA,204.27,204.35,203.85,203.85,539681,-0.001958384332925389,,,,
2026-01-12,EA,204.05,204.4,203.76,203.76,883113,-0.00044150110375273943,,,,
2026-01-13,EA,204.25,204.6,204.06,204.31,640104,0.0026992540243424568,,,,
2026-01-14,EA,204.1,204.37,204.1,204.1,496106,-0.0010278498360335453,,,,
2026-01-15,EA,204.44,204.48,204.13,204.15,465573,0.0002449779519844153,,,,
2026-01-16,EA,204.08,204.35,204.05,204.27,838494,0.0005878030859662875,,,,
2026-01-20,EA,204.23,204.46,203.69,204.46,852852,0.0009301414794145035,,,,
2026-01-21,EA,204.05,204.32,203.8,204.32,671761,-0.0006847305096352452,,,,
2026-01-22,EA,204.3,205.09,203.85,205.05,586319,0.00357282693813632,,,,
2026-01-23,EA,204.25,204.46,203.57,204.34,570348,-0.0034625701048525137,,,,
2026-01-26,EA,203.45,204.495,203.12,204.49,1071638,0.0007340706665361907,,,,
2026-01-27,EA,204.51,204.67,204.1,204.15,410847,-0.0016626729913443716,,,,
2026-01-28,EA,204.01,204.49,203.71,203.96,674300,-0.0009306882194465294,,,,
2026-01-29,EA,203.78,204.04,203.62,203.8,1234427,-0.000784467542655376,,,,
2026-01-30,EA,203.65,204.0,203.05,203.8,1562987,0.0,,,,
2026-02-02,EA,203.44,204.14,203.11,203.11,1339263,-0.0033856722276741635,,,,
2026-02-03,EA,203.61,203.94,201.3,202.45,2356867,-0.0032494707301463643,,,,
2026-02-04,EA,201.39,201.7,196.4,197.34,3044315,-0.02524080019757957,,,,
2026-02-05,EA,197.84,199.72,196.41,198.32,1347581,0.004966048444309257,,,,
2026-02-06,EA,197.89,200.25,197.89,198.91,1007782,0.0029749899152884396,,,,
2026-02-09,EA,200.05,202.02,199.0,200.03,910128,0.005630687245487875,,,,
2026-02-10,EA,201.46,205.22,200.56,203.55,1086653,0.01759736039594073,,,,
2026-02-11,EA,203.04,203.2,201.29,202.0,1067231,-0.007614836649471934,,,,
2026-02-12,EA,202.3,202.65,197.79,199.15,1575024,-0.014108910891089121,,,,
2026-02-13,EA,199.47,201.09,199.35,200.66,594844,0.007582224453929198,,,,
2026-02-17,EA,200.55,200.76,199.11,199.56,1429727,-0.0054819096979965565,,,,
2026-02-18,EA,199.53,200.74,199.02,199.93,528185,0.0018540789737422347,,,,
2026-02-19,EA,199.67,200.18,199.42,200.09,434001,0.0008002800980342339,,,,
2026-02-20,EA,199.81,201.17,199.57,200.41,1420459,0.0015992803238542574,,,,
2026-02-23,EA,200.37,201.0,199.94,200.89,712785,0.002395090065365979,,,,
2026-02-24,EA,200.76,201.21,200.03,201.05,982610,0.0007964557718156406,,,,
2026-02-25,EA,201.0,202.28,200.54,201.94,740998,0.0044267595125588866,,,,
2026-02-26,EA,201.59,202.0,196.15,200.07,541556,-0.009260176289987099,,,,
2026-02-27,EA,199.94,201.27,199.5,200.39,1453974,0.0015994401959313898,,,,
2026-01-02,EEX,4.51,4.575,4.42,4.555,9132,,,,,
2026-01-05,EEX,4.68,4.85,4.61,4.77,3021,0.047200878155872594,,,,
2026-01-06,EEX,4.655,4.72,4.41,4.54,3271,-0.048218029350104774,,,,
2026-01-07,EEX,4.52,4.69,4.52,4.625,4091,0.018722466960352513,,,,
2026-01-08,EEX,4.6,4.86,4.53,4.82,2942,0.042162162162162176,,,,
2026-01-09,EEX,4.72,4.87,4.72,4.77,3729,-0.010373443983402675,,,,
2026-01-12,EEX,4.71,4.97,4.71,4.95,2975,0.03773584905660399,,,,
2026-01-13,EEX,4.985,5.01,4.855,4.905,3711,-0.009090909090909038,,,,
2026-01-14,EEX,4.88,5.01,4.74,4.86,3321,-0.00917431192660545,,,,
2026-01-15,EEX,5.02,5.02,4.73,4.79,3700,-0.01440329218107006,,,,
2026-01-16,EEX,4.74,4.79,4.64,4.68,1043,-0.022964509394572064,,,,
2026-01-20,EEX,4.55,4.72,4.55,4.685,2810,0.0010683760683760646,,,,
2026-01-21,EEX,4.67,4.91,4.67,4.865,4467,0.03842049092849531,,,,
2026-01-22,EEX,4.82,4.97,4.67,4.67,2442,-0.04008221993833505,,,,
2026-01-23,EEX,4.72,4.78,4.61,4.675,2182,0.0010706638115631772,,,,
2026-01-26,EEX,4.6,4.7,4.58,4.6,2304,-0.016042780748663166,,,,
2026-01-27,EEX,4.65,4.735,4.52,4.73,8027,0.02826086956521756,,,,
2026-01-28,EEX,4.82,4.82,4.56,4.625,4750,-0.022198731501057223,,,,
2026-01-29,EEX,4.67,4.835,4.61,4.81,3266,0.039999999999999813,,,,
2026-01-30,EEX,4.835,5.06,4.775,5.02,2050,0.043659043659043606,,,,
2026-02-02,EEX,5.08,5.4,5.08,5.37,6118,0.06972111553784877,,,,
2026-02-03,EEX,5.335,5.335,4.64,4.73,5639,-0.11918063314711358,,,,
2026-02-04,EEX,4.69,4.87,4.615,4.815,5329,0.017970401691332016,,,,
2026-02-05,EEX,4.8,4.91,4.72,4.85,1752,0.007268951194184581,,,,
2026-02-06,EEX,4.895,5.02,4.74,4.915,3433,0.013402061855670278,,,,
2026-02-09,EEX,4.82,4.93,4.79,4.86,1873,-0.011190233977619424,,,,
2026-02-10,EEX,4.885,5.0,4.84,4.84,3947,-0.004115226337448652,,,,
2026-02-11,EEX,5.03,5.03,4.68,4.78,13166,-0.012396694214875992,,,,
2026-02-12,EEX,4.77,4.79,4.59,4.79,2029,0.0020920502092049986,,,,
2026-02-13,EEX,4.71,4.8,4.71,4.77,1164,-0.0041753653444677186,,,,
2026-02-17,EEX,4.82,4.855,4.68,4.79,1883,0.004192872117400492,,,,
2026-02-18,EEX,4.82,4.87,4.66,4.81,2679,0.0041753653444676075,,,,
2026-02-19,EEX,4.86,4.86,4.76,4.805,1331,-0.0010395010395010118,,,,
2026-02-20,EEX,4.87,4.87,4.61,4.69,4188,-0.023933402705514917,,,,
2026-02-23,EEX,4.68,4.68,4.26,4.27,1544,-0.0895522388059703,,,,
2026-02-24,EEX,4.36,4.39,4.205,4.28,2161,0.0023419203747074846,,,,
2026-02-25,EEX,4.285,4.33,4.21,4.29,2300,0.002336448598130758,,,,
2026-02-26,EEX,4.37,4.41,4.26,4.35,1132,0.013986013986013957,,,,
2026-02-27,EEX,4.305,4.34,4.255,4.27,655,-0.01839080459770115,,,,
2026-01-05,EGHA,10.135,10.135,10.13,10.13,1763,,,,,
2026-01-06,EGHA,10.135,10.14,10.135,10.14,6831,0.000987166831194486,,,,
2026-01-14,EGHA,10.15,10.15,10.15,10.15,1400,0.0009861932938854956,,,,
2026-01-15,EGHA,10.17,10.17,10.17,10.17,38,0.0019704433497536034,,,,
2026-01-20,EGHA,10.17,10.18,10.17,10.18,2430,0.000983284169124854,,,,
2026-01-21,EGHA,10.18,10.19,10.18,10.19,2057,0.0009823182711197198,,,,
2026-01-22,EGHA,10.4,10.5,10.27,10.27,202204,0.007850834151128527,,,,
2026-01-23,EGHA,10.29,10.37,10.27,10.37,118909,0.009737098344693162,,,,
2026-01-26,EGHA,10.29,10.32,10.28,10.28,110274,-0.008678881388621051,,,,
2026-01-27,EGHA,10.33,10.33,10.285,10.29,25243,0.0009727626459143934,,,,
2026-01-28,EGHA,10.35,10.35,10.29,10.3,1798,0.0009718172983481654,,,,
2026-01-29,EGHA,10.29,10.3,10.29,10.29,48289,-0.000970873786407922,,,,
2026-01-30,EGHA,10.34,10.34,10.34,10.34,571,0.004859086491739717,,,,
2026-02-02,EGHA,10.35,10.35,10.35,10.35,486,0.0009671179883945502,,,,
2026-02-03,EGHA,10.33,10.35,10.32,10.33,6628,-0.0019323671497584183,,,,
2026-02-04,EGHA,10.305,10.305,10.28,10.29,5756,-0.0038722168441434057,,,,
2026-02-05,EGHA,10.29,10.31,10.27,10.27,129986,-0.0019436345966957758,,,,
2026-02-06,EGHA,10.26,10.26,10.26,10.26,3932,-0.0009737098344693162,,,,
2026-02-09,EGHA,10.3,10.3,10.26,10.26,1228,0.0,,,,
2026-02-10,EGHA,10.27,10.27,10.26,10.26,2439,0.0,,,,
2026-02-11,EGHA,10.26,10.26,10.25,10.25,50999,-0.0009746588693957392,,,,
2026-02-12,EGHA,10.25,10.25,10.23,10.23,23488,-0.0019512195121951237,,,,
2026-02-13,EGHA,10.24,10.24,10.21,10.21,9537,-0.0019550342130987275,,,,
2026-02-17,EGHA,10.21,10.21,10.2,10.2,12819,-0.0009794319294810228,,,,
2026-02-18,EGHA,10.205,10.205,10.19,10.2,39242,0.0,,,,
2026-02-19,EGHA,10.19,10.2,10.18,10.2,60065,0.0,,,,
2026-02-20,EGHA,10.195,10.2,10.195,10.2,2089,0.0,,,,
2026-02-23,EGHA,10.2,10.2,10.19,10.2,40682,0.0,,,,
2026-02-24,EGHA,10.19,10.2,10.19,10.2,1533,0.0,,,,
2026-02-25,EGHA,10.2,10.2,10.19,10.2,3188,0.0,,,,
2026-02-26,EGHA,10.2,10.2,10.2,10.2,943,0.0,,,,
2026-02-27,EGHA,10.2,10.2,10.2,10.2,774,0.0,,,,
2026-01-02,ELSE,4.14,4.25,4.14,4.17,737,,,,,
2026-01-05,ELSE,4.16,4.25,4.13,4.2,360,0.007194244604316502,,,,
2026-01-06,ELSE,4.24,4.45,4.2,4.24,2815,0.00952380952380949,,,,
2026-01-07,ELSE,4.22,4.39,4.22,4.39,4,0.03537735849056589,,,,
2026-01-08,ELSE,4.3,4.39,4.22,4.39,82,0.0,,,,
2026-01-09,ELSE,4.29,4.37,4.29,4.35,281,-0.009111617312072884,,,,
2026-01-12,ELSE,4.28,4.44,4.28,4.3,2392,-0.011494252873563204,,,,
2026-01-13,ELSE,4.35,4.36,4.31,4.32,550,0.0046511627906977715,,,,
2026-01-14,ELSE,4.3,4.33,4.3,4.32,62,0.0,,,,
2026-01-15,ELSE,4.35,4.44,4.3,4.3,3017,-0.004629629629629761,,,,
2026-01-16,ELSE,4.39,4.45,4.37,4.37,89,0.016279069767441978,,,,
2026-01-20,ELSE,4.37,4.37,4.31,4.31,142,-0.013729977116704872,,,,
2026-01-21,ELSE,4.3,4.47,4.3,4.34,706,0.006960556844547661,,,,
2026-01-22,ELSE,4.46,4.46,4.31,4.31,596,-0.00691244239631339,,,,
2026-01-23,ELSE,4.33,4.41,4.33,4.375,6,0.015081206496519783,,,,
2026-01-26,ELSE,4.44,4.44,4.35,4.35,78,-0.005714285714285783,,,,
2026-01-27,ELSE,4.33,4.36,4.33,4.36,31,0.0022988505747127963,,,,
2026-01-28,ELSE,4.37,4.46,4.37,4.425,337,0.014908256880733939,,,,
2026-01-29,ELSE,4.47,4.47,4.35,4.46,82,0.00790960451977396,,,,
2026-01-30,ELSE,4.36,4.43,4.32,4.32,191,-0.03139013452914796,,,,
2026-02-02,ELSE,4.32,4.33,4.3,4.3,2023,-0.004629629629629761,,,,
2026-02-03,ELSE,4.3,4.67,4.22,4.47,3694,0.03953488372093017,,,,
2026-02-04,ELSE,4.36,4.36,4.29,4.29,17,-0.04026845637583887,,,,
2026-02-05,ELSE,4.22,4.315,4.22,4.24,288,-0.011655011655011593,,,,
2026-02-06,ELSE,4.23,4.33,4.23,4.25,457,0.002358490566037652,,,,
2026-02-09,ELSE,4.25,4.35,4.23,4.23,115,-0.004705882352941115,,,,
2026-02-10,ELSE,4.22,4.26,4.22,4.26,640,0.007092198581560183,,,,
2026-02-11,ELSE,4.3,4.3,4.23,4.25,168,-0.0023474178403755097,,,,
2026-02-12,ELSE,4.225,4.31,4.22,4.31,407,0.014117647058823346,,,,
2026-02-13,ELSE,4.25,4.26,4.24,4.25,135,-0.013921113689094988,,,,
2026-02-17,ELSE,4.22,4.24,4.22,4.24,819,-0.0023529411764705577,,,,
2026-02-18,ELSE,4.26,4.36,4.26,4.36,6,0.028301886792452935,,,,
2026-02-19,ELSE,4.37,4.41,4.345,4.37,758,0.002293577981651307,,,,
2026-02-20,ELSE,4.41,4.48,4.38,4.38,162,0.0022883295194506825,,,,
2026-02-23,ELSE,4.3,4.3,4.3,4.3,4,-0.0182648401826484,,,,
2026-02-24,ELSE,4.24,4.29,4.24,4.25,98,-0.011627906976744096,,,,
2026-02-25,ELSE,4.25,4.34,4.25,4.33,81,0.018823529411764683,,,,
2026-02-26,ELSE,4.28,4.2875,4.28,4.2875,4,-0.009815242494226384,,,,
2026-02-27,ELSE,4.33,4.38,4.33,4.33,49,0.009912536443148712,,,,
2026-01-02,EQBK,45.55,46.105,44.54,44.87,12316,,,,,
2026-01-05,EQBK,45.15,46.14,44.96,45.18,6971,0.0069088477824827965,,,,
2026-01-06,EQBK,45.02,45.35,44.38,45.35,7866,0.003762726870296662,,,,
2026-01-07,EQBK,45.6,45.6,44.71,45.47,4752,0.0026460859977948115,,,,
2026-01-08,EQBK,45.495,46.97,45.495,46.74,5512,0.027930503628766257,,,,
2026-01-09,EQBK,46.5,46.69,45.69,45.74,2844,-0.021394950791613132,,,,
2026-01-12,EQBK,45.4,46.04,45.11,45.68,4840,-0.0013117621337997987,,,,
2026-01-13,EQBK,45.5,46.1,45.43,45.53,4433,-0.0032837127845883884,,,,
2026-01-14,EQBK,45.49,46.37,45.22,46.28,7840,0.016472655392049118,,,,
2026-01-15,EQBK,46.05,47.44,46.05,47.325,4590,0.02257994814174591,,,,
2026-01-16,EQBK,47.15,47.575,46.91,46.99,8686,-0.007078711040676144,,,,
2026-01-20,EQBK,46.475,47.01,46.36,46.49,3953,-0.010640561821664174,,,,
2026-01-21,EQBK,46.24,49.105,46.24,49.015,9634,0.05431275543127545,,,,
2026-01-22,EQBK,49.0,50.6,48.24,48.795,18067,-0.004488421911659657,,,,
2026-01-23,EQBK,49.0,49.0,45.085,45.115,7047,-0.07541756327492566,,,,
2026-01-26,EQBK,45.11,45.64,44.525,45.43,7387,0.006982156710628296,,,,
2026-01-27,EQBK,44.9,46.04,44.9,45.72,3999,0.00638344706141325,,,,
2026-01-28,EQBK,45.45,45.7,44.93,45.18,7096,-0.011811023622047223,,,,
2026-01-29,EQBK,45.44,46.24,45.14,46.22,4043,0.02301903497122626,,,,
2026-01-30,EQBK,45.46,46.34,45.46,46.16,7956,-0.0012981393336218838,,,,
2026-02-02,EQBK,45.82,47.33,45.66,47.085,15996,0.020038994800693377,,,,
2026-02-03,EQBK,46.95,48.0,46.55,47.27,10668,0.003929064457895315,,,,
2026-02-04,EQBK,47.37,48.32,47.2,47.29,20247,0.00042310133276912687,,,,
2026-02-05,EQBK,47.48,48.06,46.8,47.5,16075,0.004440685134277977,,,,
2026-02-06,EQBK,47.725,48.25,47.57,47.58,7054,0.0016842105263157325,,,,
2026-02-09,EQBK,47.17,47.68,47.06,47.4,4774,-0.003783102143757877,,,,
2026-02-10,EQBK,47.2,47.56,46.235,46.67,8931,-0.015400843881856474,,,,
2026-02-11,EQBK,47.4,47.4,45.71,46.13,5608,-0.011570602099849947,,,,
2026-02-12,EQBK,46.13,46.61,45.09,46.39,11901,0.00563624539345331,,,,
2026-02-13,EQBK,46.77,46.82,45.74,46.18,4498,-0.004526837680534634,,,,
2026-02-17,EQBK,46.4,47.22,46.19,46.2,10732,0.00043308791684726344,,,,
2026-02-18,EQBK,46.54,46.54,45.48,45.48,5354,-0.0155844155844157,,,,
2026-02-19,EQBK,45.75,45.88,45.02,45.66,16767,0.003957783641160839,,,,
2026-02-20,EQBK,45.7,46.48,45.39,46.47,24486,0.017739816031537403,,,,
2026-02-23,EQBK,46.06,46.9,44.66,45.18,18012,-0.02775984506132989,,,,
2026-02-24,EQBK,45.3,45.68,45.16,45.63,6386,0.009960159362549792,,,,
2026-02-25,EQBK,45.69,46.36,45.56,46.01,16209,0.00832785448170048,,,,
2026-02-26,EQBK,46.29,46.69,45.32,45.6,9596,-0.008911106281243142,,,,
2026-02-27,EQBK,45.64,45.7,44.34,44.74,12642,-0.01885964912280702,,,,
2026-01-02,EQH,47.665,48.17,47.16,47.975,125804,,,,,
2026-01-05,EQH,48.5,49.85,48.15,49.18,266381,0.02511724856696196,,,,
2026-01-06,EQH,49.34,49.64,48.5,48.745,177422,-0.008845058967059782,,,,
2026-01-07,EQH,48.93,49.22,47.36,47.75,179552,-0.02041234998461372,,,,
2026-01-08,EQH,47.885,48.59,47.88,47.97,379538,0.004607329842931884,,,,
2026-01-09,EQH,48.02,48.85,47.985,48.595,180990,0.013028976443610674,,,,
2026-01-12,EQH,47.87,48.32,47.665,47.74,134867,-0.017594402716328728,,,,
2026-01-13,EQH,47.69,47.81,46.795,46.82,174617,-0.019271051529116123,,,,
2026-01-14,EQH,46.7,47.82,46.64,47.57,353844,0.016018795386586904,,,,
2026-01-15,EQH,47.96,48.19,47.19,47.31,304945,-0.005465629598486399,,,,
2026-01-16,EQH,47.2,47.52,46.385,46.73,279931,-0.012259564574085946,,,,
2026-01-20,EQH,46.06,46.98,45.605,45.64,425021,-0.023325486839289478,,,,
2026-01-21,EQH,45.39,46.36,45.39,45.735,562106,0.0020815074496056685,,,,
2026-01-22,EQH,46.0,46.495,45.85,46.365,460191,0.013775008199409688,,,,
2026-01-23,EQH,47.0,47.0,45.15,45.64,420072,-0.01563679499622561,,,,
2026-01-26,EQH,46.0,46.19,45.64,46.115,177953,0.01040753724802812,,,,
2026-01-27,EQH,46.35,46.35,45.665,45.92,183142,-0.004228559037189661,,,,
2026-01-28,EQH,45.7,46.35,45.57,46.115,203101,0.004246515679442453,,,,
2026-01-29,EQH,46.16,46.95,45.67,46.08,229123,-0.000758972134880298,,,,
2026-01-30,EQH,45.82,46.49,45.67,46.4,286765,0.00694444444444442,,,,
2026-02-02,EQH,46.4,47.005,45.97,46.75,241568,0.007543103448275801,,,,
2026-02-03,EQH,46.41,46.83,44.36,44.68,429634,-0.04427807486631019,,,,
2026-02-04,EQH,44.45,45.35,42.85,45.35,844397,0.014995523724261384,,,,
2026-02-05,EQH,45.1,45.2,42.38,43.39,643043,-0.04321940463065055,,,,
2026-02-06,EQH,44.2,45.89,44.04,45.54,511857,0.0495505876930169,,,,
2026-02-09,EQH,45.22,46.5,45.14,46.0,250385,0.010101010101010166,,,,
2026-02-10,EQH,46.17,46.55,44.94,45.65,171022,-0.007608695652173925,,,,
2026-02-11,EQH,45.76,45.76,44.15,44.55,196292,-0.024096385542168752,,,,
2026-02-12,EQH,45.62,46.24,43.06,43.58,287263,-0.021773288439955074,,,,
2026-02-13,EQH,43.515,44.49,43.31,44.4,279331,0.01881597062872875,,,,
2026-02-17,EQH,44.55,45.4,44.15,45.25,160401,0.019144144144144226,,,,
2026-02-18,EQH,45.47,45.77,45.01,45.57,158153,0.0070718232044197915,,,,
2026-02-19,EQH,45.18,45.22,44.1,44.36,159078,-0.02655255650647359,,,,
2026-02-20,EQH,44.29,44.35,43.59,44.23,209656,-0.0029305680793507705,,,,
2026-02-23,EQH,44.06,44.06,39.75,40.0,577182,-0.0956364458512321,,,,
2026-02-24,EQH,40.41,41.23,39.54,41.13,680202,0.02825000000000011,,,,
2026-02-25,EQH,41.645,41.685,40.815,41.11,258068,-0.0004862630683200031,,,,
2026-02-26,EQH,41.415,42.265,41.04,41.92,428352,0.019703235222573667,,,,
2026-02-27,EQH,41.13,41.13,39.36,40.205,587882,-0.040911259541984824,,,,
2026-01-02,EQR,62.34,62.34,61.58,62.025,193260,,,,,
2026-01-05,EQR,62.1,62.2,60.89,61.23,230731,-0.012817412333736455,,,,
2026-01-06,EQR,60.98,62.555,60.65,62.42,165799,0.019434917524089546,,,,
2026-01-07,EQR,62.65,62.88,61.9,61.95,563774,-0.007529637936558808,,,,
2026-01-08,EQR,61.735,63.38,61.735,62.85,108467,0.014527845036319542,,,,
2026-01-09,EQR,62.53,62.81,60.11,60.45,264364,-0.03818615751789978,,,,
2026-01-12,EQR,60.505,60.87,60.075,60.29,298778,-0.002646815550041426,,,,
2026-01-13,EQR,60.49,60.62,59.09,60.19,174091,-0.0016586498590147603,,,,
2026-01-14,EQR,60.31,61.29,60.31,61.21,176200,0.016946336600764278,,,,
2026-01-15,EQR,61.35,61.92,61.09,61.16,174610,-0.0008168599901977602,,,,
2026-01-16,EQR,60.89,62.11,60.36,62.03,210076,0.014224983649444134,,,,
2026-01-20,EQR,61.28,61.59,60.58,61.05,174709,-0.015798807028857054,,,,
2026-01-21,EQR,61.25,61.57,60.77,61.35,233857,0.004914004914005066,,,,
2026-01-22,EQR,61.01,61.78,60.64,60.97,313884,-0.0061939690301549,,,,
2026-01-23,EQR,61.0,62.14,60.71,62.09,392654,0.018369690011481143,,,,
2026-01-26,EQR,62.2,62.28,61.48,62.12,345678,0.00048316959252692193,,,,
2026-01-27,EQR,62.19,62.575,61.99,62.14,474935,0.0003219575016097931,,,,
2026-01-28,EQR,62.15,62.35,60.55,60.55,256888,-0.02558738332796917,,,,
2026-01-29,EQR,61.25,62.22,60.93,61.98,242046,0.02361684558216348,,,,
2026-01-30,EQR,61.87,62.41,61.265,62.33,297463,0.005646982897709041,,,,
2026-02-02,EQR,62.33,62.48,61.51,61.62,295757,-0.011390983475052185,,,,
2026-02-03,EQR,61.6,62.4,61.32,61.785,268832,0.002677702044790564,,,,
2026-02-04,EQR,61.96,63.48,61.86,63.07,335670,0.020797928299749247,,,,
2026-02-05,EQR,63.03,63.03,61.31,63.02,581994,-0.0007927699381639064,,,,
2026-02-06,EQR,62.12,64.39,61.65,63.89,441985,0.013805141225007977,,,,
2026-02-09,EQR,64.1,64.74,63.655,64.64,478719,0.011738926279542872,,,,
2026-02-10,EQR,64.66,65.71,64.66,65.545,482011,0.014000618811881305,,,,
2026-02-11,EQR,65.35,66.2,64.65,64.65,396775,-0.01365474101762143,,,,
2026-02-12,EQR,64.94,65.08,62.18,63.06,1011999,-0.024593967517401394,,,,
2026-02-13,EQR,63.45,64.245,62.7,63.865,445175,0.012765620044402182,,,,
2026-02-17,EQR,64.225,65.03,62.64,63.52,418335,-0.00540201988569633,,,,
2026-02-18,EQR,63.84,63.93,63.12,63.58,260109,0.0009445843828714828,,,,
2026-02-19,EQR,63.15,63.97,62.47,63.03,232199,-0.008650519031141779,,,,
2026-02-20,EQR,63.3,63.56,62.55,62.59,352529,-0.00698080279232105,,,,
2026-02-23,EQR,63.24,63.96,62.5,63.31,405332,0.011503435053522804,,,,
2026-02-24,EQR,62.96,64.1,62.68,64.1,261706,0.012478281472121155,,,,
2026-02-25,EQR,63.99,63.99,62.81,63.41,233159,-0.010764430577223094,,,,
2026-02-26,EQR,63.49,64.45,63.39,64.115,289578,0.0111181201703201,,,,
2026-02-27,EQR,63.64,63.9,62.75,63.215,278208,-0.014037276768306794,,,,
2026-01-02,ESPR,3.71,3.93,3.65,3.7,992444,,,,,
2026-01-05,ESPR,3.78,3.885,3.635,3.81,712392,0.029729729729729648,,,,
2026-01-06,ESPR,3.8,3.82,3.695,3.72,583533,-0.023622047244094446,,,,
2026-01-07,ESPR,3.73,3.88,3.72,3.81,899538,0.024193548387096753,,,,
2026-01-08,ESPR,3.84,4.175,3.825,3.93,1940858,0.03149606299212593,,,,
2026-01-09,ESPR,3.92,3.985,3.785,3.88,889384,-0.012722646310432628,,,,
2026-01-12,ESPR,4.0,4.0,3.54,3.6,2007624,-0.07216494845360821,,,,
2026-01-13,ESPR,3.55,3.58,3.005,3.28,2456333,-0.08888888888888902,,,,
2026-01-14,ESPR,3.32,3.33,3.17,3.17,904762,-0.03353658536585358,,,,
2026-01-15,ESPR,3.11,3.21,3.07,3.14,1442309,-0.009463722397476282,,,,
2026-01-16,ESPR,3.15,3.165,3.03,3.05,1069175,-0.02866242038216571,,,,
2026-01-20,ESPR,3.0,3.0,2.87,2.88,1415267,-0.05573770491803276,,,,
2026-01-21,ESPR,2.89,2.99,2.865,2.98,909535,0.03472222222222232,,,,
2026-01-22,ESPR,2.9,3.205,2.9,3.17,1593200,0.06375838926174504,,,,
2026-01-23,ESPR,3.18,3.18,3.105,3.14,1170662,-0.009463722397476282,,,,
2026-01-26,ESPR,3.11,3.35,3.06,3.34,947639,0.06369426751592355,,,,
2026-01-27,ESPR,3.33,3.515,3.19,3.45,1510681,0.03293413173652704,,,,
2026-01-28,ESPR,3.49,3.5,3.365,3.46,1050378,0.0028985507246375164,,,,
2026-01-29,ESPR,3.49,3.55,3.395,3.55,730921,0.026011560693641522,,,,
2026-01-30,ESPR,3.45,3.59,3.355,3.4,1132339,-0.04225352112676051,,,,
2026-02-02,ESPR,3.33,3.635,3.32,3.5,1002164,0.02941176470588247,,,,
2026-02-03,ESPR,3.5,3.595,3.445,3.51,744180,0.0028571428571428914,,,,
2026-02-04,ESPR,3.5,3.58,3.395,3.47,1037759,-0.011396011396011319,,,,
2026-02-05,ESPR,3.45,3.495,3.16,3.18,1027074,-0.08357348703170031,,,,
2026-02-06,ESPR,3.2,3.45,3.2,3.4,998008,0.0691823899371069,,,,
2026-02-09,ESPR,3.35,3.41,3.265,3.32,641226,-0.02352941176470591,,,,
2026-02-10,ESPR,3.39,3.415,3.265,3.39,639243,0.02108433734939763,,,,
2026-02-11,ESPR,3.35,3.51,3.335,3.47,742756,0.02359882005899716,,,,
2026-02-12,ESPR,3.48,3.51,3.385,3.4,575294,-0.02017291066282434,,,,
2026-02-13,ESPR,3.3,3.625,3.3,3.43,820466,0.008823529411764675,,,,
2026-02-17,ESPR,3.37,3.615,3.37,3.55,768650,0.03498542274052463,,,,
2026-02-18,ESPR,3.47,3.685,3.47,3.6,601321,0.014084507042253502,,,,
2026-02-19,ESPR,3.55,3.555,3.46,3.52,547017,-0.022222222222222254,,,,
2026-02-20,ESPR,3.5,3.555,3.45,3.48,605375,-0.011363636363636354,,,,
2026-02-23,ESPR,3.48,3.53,3.28,3.32,658216,-0.04597701149425293,,,,
2026-02-24,ESPR,3.33,3.385,3.285,3.3,659253,-0.0060240963855421326,,,,
2026-02-25,ESPR,3.3,3.365,3.29,3.33,635173,0.00909090909090926,,,,
2026-02-26,ESPR,3.33,3.36,3.25,3.33,695380,0.0,,,,
2026-02-27,ESPR,3.33,3.385,3.285,3.35,1190010,0.006006006006006093,,,,
2026-01-02,FACT,10.42,10.44,10.41,10.41,2489,,,,,
2026-01-05,FACT,10.41,10.44,10.41,10.41,1286,0.0,,,,
2026-01-06,FACT,10.44,10.44,10.44,10.44,41,0.0028818443804032867,,,,
2026-01-07,FACT,10.44,10.44,10.42,10.44,40,0.0,,,,
2026-01-08,FACT,10.44,10.7,10.44,10.6,249719,0.015325670498084198,,,,
2026-01-09,FACT,10.53,10.53,10.51,10.51,65142,-0.008490566037735792,,,,
2026-01-12,FACT,10.54,10.54,10.48,10.48,16912,-0.0028544243577544037,,,,
2026-01-13,FACT,10.47,10.48,10.44,10.44,37634,-0.003816793893129833,,,,
2026-01-14,FACT,10.44,10.49,10.44,10.45,27782,0.0009578544061301653,,,,
2026-01-15,FACT,10.45,10.465,10.45,10.46,11137,0.000956937799043267,,,,
2026-01-16,FACT,10.48,10.485,10.45,10.48,19874,0.0019120458891013214,,,,
2026-01-20,FACT,10.48,10.48,10.46,10.47,3187,-0.000954198473282375,,,,
2026-01-21,FACT,10.46,10.48,10.455,10.47,3659,0.0,,,,
2026-01-22,FACT,10.47,10.48,10.46,10.475,40513,0.00047755491881562584,,,,
2026-01-23,FACT,10.47,10.47,10.47,10.47,227,-0.0004773269689736237,,,,
2026-01-26,FACT,10.48,10.53,10.46,10.46,1137,-0.0009551098376312517,,,,
2026-01-27,FACT,10.48,10.48,10.47,10.47,5462,0.0009560229445506607,,,,
2026-01-28,FACT,10.49,10.49,10.49,10.49,81,0.0019102196752625034,,,,
2026-01-29,FACT,10.48,10.52,10.48,10.52,316,0.0028598665395613843,,,,
2026-01-30,FACT,10.47,10.47,10.45,10.47,6484,-0.004752851711026462,,,,
2026-02-02,FACT,10.47,10.48,10.46,10.48,7321,0.0009551098376312517,,,,
2026-02-03,FACT,10.475,10.48,10.475,10.48,1755,0.0,,,,
2026-02-04,FACT,10.475,10.475,10.47,10.475,3005,-0.0004770992366412985,,,,
2026-02-05,FACT,10.47,10.49,10.47,10.49,363,0.0014319809069212042,,,,
2026-02-06,FACT,10.49,10.49,10.49,10.49,254,0.0,,,,
2026-02-09,FACT,10.48,10.49,10.48,10.49,1113,0.0,,,,
2026-02-10,FACT,10.49,10.49,10.47,10.48,21890,-0.0009532888465204614,,,,
2026-02-11,FACT,10.48,10.48,10.48,10.48,409,0.0,,,,
2026-02-12,FACT,10.485,10.49,10.48,10.49,151,0.000954198473282375,,,,
2026-02-13,FACT,10.49,10.49,10.48,10.49,61,0.0,,,,
2026-02-17,FACT,10.51,10.51,10.48,10.49,10365,0.0,,,,
2026-02-18,FACT,10.48,10.485,10.48,10.485,101,-0.00047664442326034173,,,,
2026-02-19,FACT,10.48,10.49,10.48,10.49,45099,0.0004768717215068996,,,,
2026-02-20,FACT,10.49,10.49,10.49,10.49,37,0.0,,,,
2026-02-23,FACT,10.48,10.49,10.48,10.49,2301,0.0,,,,
2026-02-24,FACT,10.48,10.485,10.48,10.485,1402,-0.00047664442326034173,,,,
2026-02-25,FACT,10.48,10.49,10.48,10.49,6309,0.0004768717215068996,,,,
2026-02-26,FACT,10.48,10.49,10.48,10.49,5613,0.0,,,,
2026-02-27,FACT,10.48,10.48,10.48,10.48,8655,-0.0009532888465204614,,,,
2026-01-02,FCNCA,2145.0,2164.83,2132.31,2152.43,17376,,,,,
2026-01-05,FCNCA,2166.25,2220.64,2161.0,2182.61,30542,0.014021361902593954,,,,
2026-01-06,FCNCA,2168.81,2195.02,2154.02,2190.12,24714,0.0034408345971106424,,,,
2026-01-07,FCNCA,2178.81,2201.12,2156.145,2166.03,20361,-0.010999397293298907,,,,
2026-01-08,FCNCA,2158.18,2204.39,2158.18,2177.72,22624,0.005396970494406572,,,,
2026-01-09,FCNCA,2185.57,2200.0,2169.62,2175.0,23981,-0.0012490127289090935,,,,
2026-01-12,FCNCA,2158.0,2185.55,2151.71,2160.92,30728,-0.006473563218390765,,,,
2026-01-13,FCNCA,2165.0,2176.54,2151.16,2160.3,19897,-0.00028691483257126116,,,,
2026-01-14,FCNCA,2152.01,2161.75,2130.93,2161.26,31131,0.0004443827246216614,,,,
2026-01-15,FCNCA,2166.0,2194.5,2150.0,2151.02,20792,-0.0047379769208703015,,,,
2026-01-16,FCNCA,2170.95,2179.98,2144.855,2172.1,25483,0.009800001859582963,,,,
2026-01-20,FCNCA,2143.15,2166.8,2114.28,2132.0,35848,-0.018461396804935304,,,,
2026-01-21,FCNCA,2125.0,2205.57,2115.0,2190.01,30484,0.02720919324577875,,,,
2026-01-22,FCNCA,2198.01,2232.57,2181.535,2210.3,50183,0.009264797877635234,,,,
2026-01-23,FCNCA,2184.63,2189.26,1990.76,2016.56,88752,-0.08765325973849714,,,,
2026-01-26,FCNCA,2014.44,2042.0,1997.37,2014.66,49652,-0.0009421985956281631,,,,
2026-01-27,FCNCA,2021.29,2034.52,1992.59,2000.82,32182,-0.006869645498496113,,,,
2026-01-28,FCNCA,2003.2,2012.47,1976.12,1980.05,24587,-0.010380743895002986,,,,
2026-01-29,FCNCA,1970.05,2033.63,1970.05,2028.0,32642,0.024216560187874103,,,,
2026-01-30,FCNCA,2034.0,2073.23,2026.76,2068.17,40069,0.019807692307692415,,,,
2026-02-02,FCNCA,2057.72,2112.19,2039.68,2108.8,27830,0.01964538698462892,,,,
2026-02-03,FCNCA,2082.0,2147.44,2004.0,2043.97,42881,-0.03074260242792115,,,,
2026-02-04,FCNCA,2044.0,2120.31,2043.97,2102.0,32505,0.02839082765402612,,,,
2026-02-05,FCNCA,2115.79,2133.39,2095.52,2119.5,28083,0.008325404376783974,,,,
2026-02-06,FCNCA,2143.23,2180.69,2143.23,2147.02,25602,0.012984194385468273,,,,
2026-02-09,FCNCA,2149.96,2177.2,2130.26,2141.02,22569,-0.002794571079915431,,,,
2026-02-10,FCNCA,2154.5,2190.94,2136.02,2164.0,40768,0.010733201931789615,,,,
2026-02-11,FCNCA,2196.38,2196.38,2100.57,2103.02,24616,-0.02817929759704252,,,,
2026-02-12,FCNCA,2112.1,2127.11,1990.13,2027.45,71164,-0.03593403771718762,,,,
2026-02-13,FCNCA,2005.0,2026.67,1969.96,2005.87,24688,-0.010643912303632708,,,,
2026-02-17,FCNCA,2012.9,2042.47,1985.13,1990.69,29551,-0.007567788540633114,,,,
2026-02-18,FCNCA,1995.47,2060.62,1987.7,2059.65,22115,0.034641255042221486,,,,
2026-02-19,FCNCA,2054.32,2054.32,2014.31,2045.3,12870,-0.006967203165586411,,,,
2026-02-20,FCNCA,2039.96,2068.2,1969.99,2012.0,39706,-0.016281230137388136,,,,
2026-02-23,FCNCA,1992.39,2030.08,1927.51,1977.15,32055,-0.017321073558648092,,,,
2026-02-24,FCNCA,1960.47,1999.97,1950.61,1996.96,20519,0.010019472473004054,,,,
2026-02-25,FCNCA,1981.22,2014.63,1973.56,2000.0,44871,0.0015223139171540723,,,,
2026-02-26,FCNCA,2009.77,2035.17,1982.38,2001.3,27548,0.0006500000000000394,,,,
2026-02-27,FCNCA,1981.0,1986.12,1876.03,1898.15,81048,-0.05154149802628283,,,,
2026-01-02,FG,30.33,30.49,29.5,30.43,149917,,,,,
2026-01-05,FG,29.87,30.29,28.83,29.215,248336,-0.039927702924745345,,,,
2026-01-06,FG,28.94,29.36,28.2,28.89,129847,-0.011124422385760724,,,,
2026-01-07,FG,29.12,29.63,28.5,29.445,147277,0.019210799584631344,,,,
2026-01-08,FG,29.01,29.45,28.21,28.405,119131,-0.03532008830022071,,,,
2026-01-09,FG,28.43,29.0,27.75,28.75,103552,0.012145748987854255,,,,
2026-01-12,FG,28.58,28.76,28.09,28.54,66176,-0.007304347826087021,,,,
2026-01-13,FG,28.7,28.7,27.38,27.6,66268,-0.03293622985283806,,,,
2026-01-14,FG,27.43,27.79,27.12,27.27,50677,-0.011956521739130532,,,,
2026-01-15,FG,27.14,27.97,27.14,27.745,40626,0.017418408507517524,,,,
2026-01-16,FG,27.6,27.84,27.34,27.54,49106,-0.007388718688052021,,,,
2026-01-20,FG,27.25,27.55,26.45,26.89,58035,-0.023602033405954903,,,,
2026-01-21,FG,27.1,28.07,27.1,28.06,70790,0.04351059873558927,,,,
2026-01-22,FG,28.15,28.76,27.95,28.72,44853,0.023521026372059772,,,,
2026-01-23,FG,28.68,28.68,27.66,27.88,45770,-0.029247910863509752,,,,
2026-01-26,FG,28.09,28.71,27.93,28.655,32362,0.027797704447632743,,,,
2026-01-27,FG,28.7,28.77,28.15,28.7,39402,0.0015704065608095341,,,,
2026-01-28,FG,28.56,28.81,28.06,28.52,35970,-0.006271777003484358,,,,
2026-01-29,FG,28.715,29.4,28.68,29.2,47619,0.02384291725105192,,,,
2026-01-30,FG,29.23,29.495,28.825,29.48,37761,0.009589041095890538,,,,
2026-02-02,FG,29.575,30.03,29.25,29.77,32963,0.00983717774762538,,,,
2026-02-03,FG,29.58,29.74,27.69,27.69,69100,-0.06986899563318771,,,,
2026-02-04,FG,28.035,28.54,27.92,28.2,39959,0.018418201516793076,,,,
2026-02-05,FG,28.23,28.58,27.44,27.525,51719,-0.02393617021276595,,,,
2026-02-06,FG,27.905,28.51,27.9,28.4,37310,0.031789282470481295,,,,
2026-02-09,FG,28.36,28.52,27.77,27.85,24031,-0.01936619718309851,,,,
2026-02-10,FG,28.28,28.49,27.875,28.41,18903,0.020107719928186718,,,,
2026-02-11,FG,28.69,28.69,28.01,28.345,32691,-0.002287926786342931,,,,
2026-02-12,FG,28.26,28.79,27.49,28.205,24960,-0.0049391427059446436,,,,
2026-02-13,FG,28.34,28.66,27.87,28.43,28065,0.007977308987768161,,,,
2026-02-17,FG,28.74,28.79,28.12,28.565,34792,0.00474850510024627,,,,
2026-02-18,FG,28.8,29.03,28.365,28.78,47224,0.007526693506038962,,,,
2026-02-19,FG,28.455,28.59,27.605,27.67,60744,-0.03856845031271716,,,,
2026-02-20,FG,27.5,27.5,24.42,25.77,78649,-0.06866642573183956,,,,
2026-02-23,FG,26.01,26.01,23.09,23.315,102453,-0.09526581296080705,,,,
2026-02-24,FG,23.52,23.83,22.56,22.73,59253,-0.025091143040960828,,,,
2026-02-25,FG,22.955,23.4,22.42,23.4,44530,0.029476462824461036,,,,
2026-02-26,FG,23.61,24.005,23.22,23.58,35250,0.007692307692307665,,,,
2026-02-27,FG,23.42,23.42,22.45,22.64,65160,-0.039864291772688576,,,,
2026-01-02,FGMC,10.05,10.07,10.035,10.06,11023,,,,,
2026-01-05,FGMC,10.19,10.19,10.04,10.04,3197,-0.001988071570576677,,,,
2026-01-06,FGMC,10.04,10.1,10.04,10.07,7153,0.0029880478087651596,,,,
2026-01-07,FGMC,10.21,10.21,10.075,10.08,12646,0.0009930486593843213,,,,
2026-01-08,FGMC,10.1,10.105,10.09,10.09,9653,0.0009920634920634885,,,,
2026-01-09,FGMC,10.09,10.12,10.09,10.1,4661,0.0009910802775023875,,,,
2026-01-12,FGMC,10.19,10.19,10.02,10.1,3537,0.0,,,,
2026-01-13,FGMC,10.1,10.11,10.095,10.11,2941,0.000990099009900991,,,,
2026-01-14,FGMC,10.11,10.11,10.1,10.1,1950,-0.0009891196834816984,,,,
2026-01-15,FGMC,10.11,10.11,10.08,10.1,8824,0.0,,,,
2026-01-16,FGMC,10.1,10.11,10.075,10.09,2184,-0.000990099009900991,,,,
2026-01-20,FGMC,10.1,10.1,10.075,10.08,5824,-0.0009910802775024985,,,,
2026-01-21,FGMC,10.1,10.1,10.065,10.08,4747,0.0,,,,
2026-01-22,FGMC,10.08,10.1,10.02,10.02,2524,-0.005952380952381042,,,,
2026-01-23,FGMC,10.1,10.1,10.02,10.02,1728,0.0,,,,
2026-01-26,FGMC,10.09,10.1,10.04,10.04,5409,0.001996007984031989,,,,
2026-01-27,FGMC,10.1,10.1,10.06,10.1,2501,0.005976095617529875,,,,
2026-01-28,FGMC,10.1,10.1,10.06,10.08,8649,-0.001980198019801982,,,,
2026-01-29,FGMC,10.11,10.11,10.05,10.07,1711,-0.0009920634920634885,,,,
2026-01-30,FGMC,10.08,10.1,10.06,10.1,4861,0.002979145978152964,,,,
2026-02-02,FGMC,10.06,10.11,10.06,10.075,11146,-0.0024752475247524774,,,,
2026-02-03,FGMC,10.09,10.09,10.03,10.03,10396,-0.004466501240694809,,,,
2026-02-04,FGMC,10.08,10.09,10.04,10.04,4990,0.0009970089730806375,,,,
2026-02-05,FGMC,10.06,10.07,10.02,10.02,34527,-0.0019920318725099584,,,,
2026-02-06,FGMC,10.07,10.1,10.05,10.09,9325,0.00698602794411185,,,,
2026-02-09,FGMC,10.1,10.1,10.08,10.08,3091,-0.0009910802775024985,,,,
2026-02-10,FGMC,10.08,10.09,10.08,10.09,2475,0.0009920634920634885,,,,
2026-02-11,FGMC,10.08,10.09,10.07,10.07,3147,-0.001982160555004886,,,,
2026-02-12,FGMC,10.08,10.09,10.07,10.08,3113,0.0009930486593843213,,,,
2026-02-13,FGMC,10.08,10.1,10.08,10.08,10908,0.0,,,,
2026-02-17,FGMC,10.1,10.1,10.07,10.07,5533,-0.0009920634920634885,,,,
2026-02-18,FGMC,10.08,10.09,10.07,10.08,9100,0.0009930486593843213,,,,
2026-02-19,FGMC,10.09,10.09,10.07,10.07,1840,-0.0009920634920634885,,,,
2026-02-20,FGMC,10.07,10.08,10.07,10.07,5715,0.0,,,,
2026-02-23,FGMC,10.08,10.09,10.07,10.09,8038,0.0019860973187686426,,,,
2026-02-24,FGMC,10.08,10.09,10.08,10.09,480,0.0,,,,
2026-02-25,FGMC,10.09,10.095,10.09,10.09,1205,0.0,,,,
2026-02-26,FGMC,10.09,10.1,10.08,10.08,5339,-0.0009910802775024985,,,,
2026-02-27,FGMC,10.08,10.09,10.07,10.07,417,-0.0009920634920634885,,,,
2026-01-02,FLNT,2.4,2.55,2.39,2.41,12507,,,,,
2026-01-05,FLNT,2.53,2.72,2.53,2.64,6535,0.09543568464730279,,,,
2026-01-06,FLNT,2.62,2.97,2.56,2.97,9873,0.125,,,,
2026-01-07,FLNT,2.91,3.25,2.91,3.21,15062,0.08080808080808066,,,,
2026-01-08,FLNT,3.23,3.23,2.82,2.93,5457,-0.08722741433021797,,,,
2026-01-09,FLNT,2.93,3.23,2.93,3.15,15700,0.07508532423208192,,,,
2026-01-12,FLNT,3.16,3.25,3.055,3.07,7423,-0.025396825396825418,,,,
2026-01-13,FLNT,3.2,3.56,3.04,3.24,40590,0.055374592833876246,,,,
2026-01-14,FLNT,3.27,3.36,3.17,3.18,12052,-0.01851851851851849,,,,
2026-01-15,FLNT,3.13,3.22,3.01,3.01,14620,-0.053459119496855445,,,,
2026-01-16,FLNT,3.0,3.11,2.95,2.96,9283,-0.01661129568106301,,,,
2026-01-20,FLNT,2.94,3.04,2.87,3.03,3250,0.023648648648648685,,,,
2026-01-21,FLNT,3.0,3.2,2.98,3.19,5895,0.05280528052805278,,,,
2026-01-22,FLNT,3.19,3.48,3.19,3.46,12231,0.08463949843260199,,,,
2026-01-23,FLNT,3.48,3.925,3.37,3.82,10392,0.10404624277456653,,,,
2026-01-26,FLNT,3.97,3.97,3.78,3.85,9938,0.007853403141361293,,,,
2026-01-27,FLNT,3.85,3.93,3.64,3.93,10310,0.020779220779220786,,,,
2026-01-28,FLNT,3.94,3.98,3.69,3.77,15640,-0.040712468193384255,,,,
2026-01-29,FLNT,3.8,3.875,3.67,3.82,9452,0.013262599469495928,,,,
2026-01-30,FLNT,3.74,3.885,3.68,3.78,13591,-0.010471204188481686,,,,
2026-02-02,FLNT,3.75,3.92,3.67,3.85,5411,0.0185185185185186,,,,
2026-02-03,FLNT,3.93,3.93,3.7,3.8,8804,-0.012987012987013102,,,,
2026-02-04,FLNT,3.84,3.84,3.56,3.77,23893,-0.007894736842105177,,,,
2026-02-05,FLNT,3.66,3.69,3.43,3.47,8027,-0.07957559681697612,,,,
2026-02-06,FLNT,3.5,3.75,3.35,3.65,21758,0.05187319884726227,,,,
2026-02-09,FLNT,3.45,3.65,3.22,3.36,17216,-0.07945205479452055,,,,
2026-02-10,FLNT,3.36,3.46,3.21,3.26,1292,-0.029761904761904767,,,,
2026-02-11,FLNT,3.22,3.45,2.9,3.07,13408,-0.05828220858895705,,,,
2026-02-12,FLNT,3.04,3.13,3.02,3.1,2404,0.009771986970684043,,,,
2026-02-13,FLNT,3.08,3.25,3.03,3.04,480,-0.01935483870967747,,,,
2026-02-17,FLNT,3.04,3.3,3.04,3.06,2015,0.006578947368421018,,,,
2026-02-18,FLNT,3.04,3.26,3.04,3.215,925,0.05065359477124187,,,,
2026-02-19,FLNT,3.15,3.205,3.13,3.13,2930,-0.026438569206842955,,,,
2026-02-20,FLNT,3.09,3.35,3.09,3.33,4700,0.06389776357827492,,,,
2026-02-23,FLNT,3.3,3.59,3.27,3.3,1904,-0.009009009009009028,,,,
2026-02-24,FLNT,3.1,3.45,3.1,3.41,812,0.03333333333333344,,,,
2026-02-25,FLNT,3.42,3.5,3.26,3.37,2107,-0.011730205278592365,,,,
2026-02-26,FLNT,3.26,3.35,3.15,3.28,5837,-0.02670623145400597,,,,
2026-02-27,FLNT,3.27,3.39,3.18,3.27,2409,-0.0030487804878047697,,,,
2026-01-02,FONR,18.54,18.57,18.505,18.53,63606,,,,,
2026-01-05,FONR,18.51,18.54,18.5,18.5,28585,-0.0016189962223421839,,,,
2026-01-06,FONR,18.5,18.57,18.495,18.57,14720,0.003783783783783745,,,,
2026-01-07,FONR,18.54,18.55,18.52,18.54,6519,-0.001615508885298933,,,,
2026-01-08,FONR,18.53,18.565,18.53,18.56,29354,0.0010787486515642097,,,,
2026-01-09,FONR,18.56,18.59,18.55,18.55,13013,-0.0005387931034481763,,,,
2026-01-12,FONR,18.58,18.62,18.55,18.6,12717,0.0026954177897573484,,,,
2026-01-13,FONR,18.59,18.61,18.57,18.6,17914,0.0,,,,
2026-01-14,FONR,18.56,18.62,18.56,18.6,6731,0.0,,,,
2026-01-15,FONR,18.61,18.67,18.6,18.67,25039,0.0037634408602149616,,,,
2026-01-16,FONR,18.64,18.64,18.62,18.64,16845,-0.0016068559185860032,,,,
2026-01-20,FONR,18.62,18.75,18.57,18.73,35657,0.004828326180257525,,,,
2026-01-21,FONR,18.61,18.85,18.6,18.83,25461,0.005339028296849957,,,,
2026-01-22,FONR,18.75,18.75,18.62,18.66,17944,-0.009028146574614926,,,,
2026-01-23,FONR,18.64,18.67,18.6,18.65,16657,-0.000535905680600246,,,,
2026-01-26,FONR,18.64,18.67,18.63,18.67,4322,0.0010723860589814116,,,,
2026-01-27,FONR,18.64,18.68,18.6,18.68,9695,0.0005356186395284457,,,,
2026-01-28,FONR,18.66,18.66,18.64,18.66,6406,-0.0010706638115631772,,,,
2026-01-29,FONR,18.62,18.67,18.6,18.64,12613,-0.001071811361200381,,,,
2026-01-30,FONR,18.63,18.72,18.6,18.64,4886,0.0,,,,
2026-02-02,FONR,18.63,18.66,18.6,18.62,8524,-0.0010729613733905241,,,,
2026-02-03,FONR,18.65,18.71,18.61,18.61,11978,-0.0005370569280344073,,,,
2026-02-04,FONR,18.64,18.64,18.52,18.52,43731,-0.004836109618484685,,,,
2026-02-05,FONR,18.55,18.62,18.52,18.53,14311,0.0005399568034558655,,,,
2026-02-06,FONR,18.54,18.58,18.49,18.56,28472,0.0016189962223420729,,,,
2026-02-09,FONR,18.56,18.74,18.545,18.66,33616,0.0053879310344828735,,,,
2026-02-10,FONR,18.65,18.72,18.55,18.71,36514,0.002679528403001008,,,,
2026-02-11,FONR,18.71,18.71,18.56,18.58,9260,-0.006948156066274858,,,,
2026-02-12,FONR,18.58,18.61,18.54,18.54,23060,-0.002152852529601623,,,,
2026-02-13,FONR,18.54,18.56,18.53,18.55,16107,0.0005393743257822159,,,,
2026-02-17,FONR,18.56,18.58,18.53,18.54,45015,-0.0005390835579515141,,,,
2026-02-18,FONR,18.55,18.56,18.51,18.52,20956,-0.0010787486515642097,,,,
2026-02-19,FONR,18.53,18.555,18.525,18.55,12368,0.0016198704103671524,,,,
2026-02-20,FONR,18.53,18.6,18.5,18.6,14485,0.0026954177897573484,,,,
2026-02-23,FONR,18.58,18.6,18.54,18.59,6579,-0.0005376344086022167,,,,
2026-02-24,FONR,18.59,18.6,18.545,18.57,8475,-0.0010758472296933386,,,,
2026-02-25,FONR,18.56,18.58,18.54,18.58,14207,0.000538502961766163,,,,
2026-02-26,FONR,18.55,18.575,18.5,18.54,33332,-0.002152852529601623,,,,
2026-02-27,FONR,18.53,18.64,18.53,18.6,14627,0.003236245954692629,,,,
2026-01-02,FSEA,12.87,12.98,12.61,12.98,219,,,,,
2026-01-05,FSEA,12.94,12.99,12.55,12.58,345,-0.03081664098613257,,,,
2026-01-06,FSEA,12.99,12.99,12.53,12.55,307,-0.0023847376788552754,,,,
2026-01-07,FSEA,12.56,12.82,12.56,12.82,395,0.021513944223107595,,,,
2026-01-08,FSEA,12.68,12.85,12.68,12.81,37,-0.0007800312012480326,,,,
2026-01-09,FSEA,13.06,13.06,12.85,13.0,1258,0.014832162373145996,,,,
2026-01-12,FSEA,13.0,13.0,12.7,12.7,569,-0.023076923076923106,,,,
2026-01-13,FSEA,12.65,12.67,12.65,12.67,22,-0.0023622047244094,,,,
2026-01-14,FSEA,12.65,12.65,12.57,12.61,114,-0.0047355958958169575,,,,
2026-01-15,FSEA,12.65,12.9,12.65,12.86,64,0.019825535289452745,,,,
2026-01-16,FSEA,12.86,12.99,12.83,12.915,464,0.004276827371695102,,,,
2026-01-20,FSEA,13.0,13.0,12.75,12.815,153,-0.007742934572202875,,,,
2026-01-21,FSEA,12.77,12.85,12.77,12.8,599,-0.001170503316425986,,,,
2026-01-22,FSEA,12.81,12.81,12.75,12.79,63,-0.0007812500000000666,,,,
2026-01-23,FSEA,12.75,12.8,12.67,12.68,451,-0.008600469116497256,,,,
2026-01-26,FSEA,12.67,12.8,12.67,12.8,397,0.009463722397476504,,,,
2026-01-27,FSEA,12.8,13.0,12.7,13.0,2572,0.015625,,,,
2026-01-28,FSEA,12.85,14.0,12.77,13.0,784,0.0,,,,
2026-01-29,FSEA,13.75,13.75,12.905,13.11,1399,0.00846153846153852,,,,
2026-01-30,FSEA,13.0,13.19,12.73,12.78,2426,-0.02517162471395884,,,,
2026-02-02,FSEA,12.78,13.12,12.75,12.75,684,-0.0023474178403755097,,,,
2026-02-03,FSEA,12.93,13.04,12.77,13.04,32,0.02274509803921565,,,,
2026-02-04,FSEA,13.0,13.34,13.0,13.14,1463,0.0076687116564417845,,,,
2026-02-05,FSEA,13.03,13.19,12.78,12.78,366,-0.027397260273972712,,,,
2026-02-06,FSEA,13.02,13.43,13.0,13.1,2028,0.025039123630672844,,,,
2026-02-09,FSEA,12.84,13.005,12.84,12.95,200,-0.011450381679389388,,,,
2026-02-10,FSEA,13.08,13.08,12.91,12.95,582,0.0,,,,
2026-02-11,FSEA,12.91,13.19,12.91,13.0,1025,0.0038610038610038533,,,,
2026-02-12,FSEA,13.1,13.44,13.02,13.02,625,0.0015384615384614886,,,,
2026-02-13,FSEA,13.27,13.27,13.1,13.1,81,0.006144393241167334,,,,
2026-02-17,FSEA,13.28,13.28,13.15,13.15,491,0.003816793893129722,,,,
2026-02-18,FSEA,13.24,13.24,13.11,13.11,225,-0.003041825095057127,,,,
2026-02-19,FSEA,13.11,13.11,13.1,13.1,5089,-0.0007627765064835978,,,,
2026-02-20,FSEA,13.1,13.1,13.1,13.1,88,0.0,,,,
2026-02-23,FSEA,13.1,13.1,13.1,13.1,18,0.0,,,,
2026-02-24,FSEA,13.1,13.1,13.1,13.1,2,0.0,,,,
2026-02-25,FSEA,13.1,13.14,13.1,13.1,833,0.0,,,,
2026-02-26,FSEA,13.15,13.15,13.01,13.01,1772,-0.006870229007633566,,,,
2026-02-27,FSEA,13.1,13.21,13.01,13.01,562,0.0,,,,
2026-01-02,FSHP,10.76,10.78,10.73,10.78,190,,,,,
2026-01-05,FSHP,10.78,10.79,10.78,10.79,200,0.0009276437847867136,,,,
2026-01-06,FSHP,10.79,10.79,10.76,10.78,517,-0.000926784059314123,,,,
2026-01-07,FSHP,10.76,10.76,10.76,10.76,100,-0.0018552875695732052,,,,
2026-01-09,FSHP,10.77,10.77,10.77,10.77,24,0.0009293680297397522,,,,
2026-01-13,FSHP,10.77,10.77,10.77,10.77,3,0.0,,,,
2026-01-14,FSHP,10.79,10.79,10.77,10.77,200,0.0,,,,
2026-01-15,FSHP,10.8,10.87,10.78,10.87,13275,0.00928505106778088,,,,
2026-01-16,FSHP,10.84,10.84,10.84,10.84,10,-0.002759889604415755,,,,
2026-01-20,FSHP,10.77,10.79,10.77,10.79,8,-0.004612546125461359,,,,
2026-01-21,FSHP,10.79,10.84,10.79,10.84,127,0.004633920296571059,,,,
2026-01-26,FSHP,10.8,10.8,10.8,10.8,10,-0.0036900369003689537,,,,
2026-01-28,FSHP,10.84,10.89,10.84,10.89,967,0.008333333333333304,,,,
2026-02-02,FSHP,10.89,10.89,10.79,10.89,2407,0.0,,,,
2026-02-03,FSHP,10.82,10.82,10.78,10.78,207,-0.010101010101010166,,,,
2026-02-05,FSHP,10.82,10.9,10.82,10.9,3420,0.011131725417439897,,,,
2026-02-09,FSHP,10.86,10.86,10.81,10.81,1504,-0.008256880733944927,,,,
2026-02-10,FSHP,10.82,10.82,10.82,10.82,29,0.0009250693802034249,,,,
2026-02-11,FSHP,10.82,10.82,10.8,10.82,1229,0.0,,,,
2026-02-12,FSHP,10.81,10.81,10.81,10.81,63,-0.0009242144177449285,,,,
2026-02-13,FSHP,10.83,10.83,10.83,10.83,64,0.0018501387604070718,,,,
2026-02-17,FSHP,10.86,10.86,10.83,10.83,63,0.0,,,,
2026-02-18,FSHP,10.83,10.83,10.83,10.83,48,0.0,,,,
2026-02-19,FSHP,10.83,10.85,10.83,10.83,1425,0.0,,,,
2026-02-23,FSHP,10.84,10.84,10.82,10.82,3648,-0.0009233610341643494,,,,
2026-02-24,FSHP,10.83,10.83,10.83,10.83,20,0.0009242144177448175,,,,
2026-02-26,FSHP,10.83,10.83,10.83,10.83,40,0.0,,,,
2026-02-27,FSHP,10.84,10.84,10.84,10.84,15,0.0009233610341643494,,,,
2026-01-02,FSUN,37.63,38.14,37.375,37.81,38773,,,,,
2026-01-05,FSUN,37.66,38.82,37.66,37.94,35848,0.0034382438508329116,,,,
2026-01-06,FSUN,38.09,38.88,37.47,38.65,57599,0.0187137585661572,,,,
2026-01-07,FSUN,38.65,38.65,37.88,38.415,35470,-0.0060802069857697205,,,,
2026-01-08,FSUN,38.18,39.9,38.18,39.58,44146,0.0303266953013146,,,,
2026-01-09,FSUN,39.62,40.0,38.72,38.93,32440,-0.016422435573521965,,,,
2026-01-12,FSUN,38.66,39.07,38.49,38.68,25307,-0.006421782686873878,,,,
2026-01-13,FSUN,38.86,38.86,37.71,37.945,26258,-0.019002068252326754,,,,
2026-01-14,FSUN,38.0,38.75,37.64,38.68,52857,0.019370140993543172,,,,
2026-01-15,FSUN,38.89,39.64,38.52,39.38,52148,0.018097207859358866,,,,
2026-01-16,FSUN,39.29,39.455,38.51,38.51,59126,-0.022092432706957932,,,,
2026-01-20,FSUN,38.29,38.61,38.0,38.16,34460,-0.009088548428979548,,,,
2026-01-21,FSUN,38.38,39.85,38.18,39.74,87218,0.041404612159329224,,,,
2026-01-22,FSUN,39.74,40.63,39.49,39.93,80414,0.004781077000503231,,,,
2026-01-23,FSUN,39.67,39.74,37.71,37.77,67251,-0.0540946656649135,,,,
2026-01-26,FSUN,37.62,38.96,36.98,38.96,106020,0.031506486629600206,,,,
2026-01-27,FSUN,37.95,39.51,37.95,38.7,95913,-0.006673511293634471,,,,
2026-01-28,FSUN,39.7,39.7,37.16,37.65,90208,-0.027131782945736593,,,,
2026-01-29,FSUN,37.65,38.92,37.48,37.76,63281,0.0029216467463479834,,,,
2026-01-30,FSUN,38.33,39.765,38.33,39.48,91980,0.045550847457627164,,,,
2026-02-02,FSUN,39.34,41.33,39.15,40.56,165438,0.02735562310030404,,,,
2026-02-03,FSUN,40.69,41.59,40.32,40.91,81420,0.008629191321498864,,,,
2026-02-04,FSUN,41.28,42.28,40.72,40.84,99217,-0.0017110730872645918,,,,
2026-02-05,FSUN,40.77,41.46,39.47,40.05,71321,-0.01934378060724795,,,,
2026-02-06,FSUN,40.42,40.82,40.05,40.33,54874,0.006991260923845166,,,,
2026-02-09,FSUN,40.49,41.06,40.13,40.47,67618,0.0034713612695265184,,,,
2026-02-10,FSUN,40.29,40.79,39.485,39.63,52723,-0.0207561156412156,,,,
2026-02-11,FSUN,39.78,39.87,38.28,38.77,41062,-0.021700731768862003,,,,
2026-02-12,FSUN,38.83,39.39,37.64,38.27,62595,-0.012896569512509726,,,,
2026-02-13,FSUN,38.3,39.39,37.99,39.19,40161,0.024039717794617,,,,
2026-02-17,FSUN,39.2,39.78,38.74,39.65,85651,0.011737688185761597,,,,
2026-02-18,FSUN,39.43,40.47,39.11,39.24,93493,-0.010340479192938123,,,,
2026-02-19,FSUN,38.87,39.14,38.46,39.06,34990,-0.004587155963302725,,,,
2026-02-20,FSUN,38.89,39.8,38.52,39.48,27101,0.01075268817204278,,,,
2026-02-23,FSUN,39.57,39.66,36.67,37.14,54278,-0.059270516717325195,,,,
2026-02-24,FSUN,36.97,37.42,36.31,36.96,46120,-0.004846526655896577,,,,
2026-02-25,FSUN,37.5,38.6,37.08,38.5,44743,0.04166666666666674,,,,
2026-02-26,FSUN,38.48,39.05,37.63,38.58,37357,0.002077922077922123,,,,
2026-02-27,FSUN,38.0,38.0,36.06,36.47,52657,-0.05469155002592019,,,,
2026-01-02,GDC,4.26,4.99,4.25,4.99,14276,,,,,
2026-01-05,GDC,4.75,4.87,4.68,4.77,3529,-0.044088176352705566,,,,
2026-01-06,GDC,4.81,4.87,4.5,4.51,5733,-0.0545073375262054,,,,
2026-01-07,GDC,4.51,4.745,4.44,4.44,1683,-0.015521064301551979,,,,
2026-01-08,GDC,4.35,4.55,4.27,4.38,10243,-0.013513513513513598,,,,
2026-01-09,GDC,4.48,4.68,4.33,4.54,8539,0.0365296803652968,,,,
2026-01-12,GDC,4.54,4.83,4.39,4.8,4402,0.05726872246696035,,,,
2026-01-13,GDC,4.89,4.98,4.61,4.95,4190,0.03125,,,,
2026-01-14,GDC,4.92,5.16,4.78,5.06,11169,0.022222222222222143,,,,
2026-01-15,GDC,5.04,5.24,4.87,4.9,7917,-0.03162055335968361,,,,
2026-01-16,GDC,4.92,5.48,4.7,5.02,10162,0.024489795918367196,,,,
2026-01-20,GDC,5.0,5.28,4.72,4.8,5082,-0.043824701195219085,,,,
2026-01-21,GDC,4.84,4.84,4.57,4.6,3494,-0.04166666666666674,,,,
2026-01-22,GDC,4.62,4.62,4.16,4.16,8979,-0.09565217391304337,,,,
2026-01-23,GDC,4.19,4.58,4.0,4.39,28319,0.05528846153846145,,,,
2026-01-26,GDC,4.55,4.66,4.175,4.49,8271,0.02277904328018243,,,,
2026-01-27,GDC,4.45,4.5,4.3,4.42,11761,-0.015590200445434355,,,,
2026-01-28,GDC,4.44,4.44,4.01,4.01,5215,-0.09276018099547512,,,,
2026-01-29,GDC,4.02,4.51,3.76,4.36,65906,0.08728179551122217,,,,
2026-01-30,GDC,4.42,4.46,4.125,4.21,9477,-0.034403669724770714,,,,
2026-02-02,GDC,4.18,4.28,4.03,4.05,4728,-0.038004750593824244,,,,
2026-02-03,GDC,4.09,4.09,3.75,3.75,5432,-0.07407407407407407,,,,
2026-02-04,GDC,3.85,3.9,3.44,3.46,14781,-0.07733333333333337,,,,
2026-02-05,GDC,3.41,3.49,3.12,3.44,19110,-0.005780346820809301,,,,
2026-02-06,GDC,3.41,3.73,3.41,3.55,1569,0.03197674418604657,,,,
2026-02-09,GDC,3.6,3.72,3.59,3.6,1682,0.014084507042253502,,,,
2026-02-10,GDC,3.57,3.68,3.57,3.61,3525,0.002777777777777768,,,,
2026-02-11,GDC,3.71,3.71,3.48,3.5,789,-0.030470914127423754,,,,
2026-02-12,GDC,3.41,3.52,3.38,3.38,2293,-0.034285714285714364,,,,
2026-02-13,GDC,3.36,3.37,3.11,3.11,2132,-0.07988165680473369,,,,
2026-02-17,GDC,3.11,3.24,3.09,3.13,2474,0.006430868167202508,,,,
2026-02-18,GDC,3.31,4.19,3.0,3.41,49544,0.08945686900958472,,,,
2026-02-19,GDC,3.55,3.67,3.26,3.28,3845,-0.0381231671554253,,,,
2026-02-20,GDC,3.19,3.52,3.0,3.41,10175,0.03963414634146356,,,,
2026-02-23,GDC,3.47,3.47,3.19,3.3,5230,-0.032258064516129115,,,,
2026-02-24,GDC,3.3,3.38,3.235,3.31,1693,0.003030303030303161,,,,
2026-02-25,GDC,3.55,4.24,3.55,4.07,16753,0.2296072507552871,,,,
2026-02-26,GDC,4.25,4.3,3.58,3.58,8139,-0.12039312039312045,,,,
2026-02-27,GDC,3.6,3.84,3.6,3.62,1642,0.011173184357541999,,,,
2026-01-02,GDOT,12.9,12.9,12.595,12.61,148644,,,,,
2026-01-05,GDOT,12.69,12.94,12.69,12.87,94049,0.020618556701030855,,,,
2026-01-06,GDOT,12.74,12.965,12.725,12.9,58539,0.002331002331002363,,,,
2026-01-07,GDOT,12.85,12.885,12.78,12.865,37416,-0.002713178294573626,,,,
2026-01-08,GDOT,12.86,12.88,12.74,12.88,58294,0.0011659541391373374,,,,
2026-01-09,GDOT,12.795,12.795,12.545,12.545,31920,-0.026009316770186364,,,,
2026-01-12,GDOT,12.6,12.6,12.4,12.495,39680,-0.003985651654045519,,,,
2026-01-13,GDOT,12.48,12.505,12.26,12.285,51568,-0.01680672268907557,,,,
2026-01-14,GDOT,12.33,12.42,12.19,12.23,254116,-0.004477004477004498,,,,
2026-01-15,GDOT,12.32,12.38,12.24,12.29,91824,0.004905968928863302,,,,
2026-01-16,GDOT,12.3,12.355,12.05,12.095,74492,-0.015866558177379808,,,,
2026-01-20,GDOT,12.025,12.22,11.95,12.11,66933,0.0012401818933442943,,,,
2026-01-21,GDOT,12.13,12.28,12.08,12.145,57814,0.0028901734104045396,,,,
2026-01-22,GDOT,12.26,12.5,12.24,12.48,61202,0.027583367641004664,,,,
2026-01-23,GDOT,12.25,12.4,12.165,12.17,52406,-0.024839743589743613,,,,
2026-01-26,GDOT,12.175,12.205,12.08,12.145,63038,-0.0020542317173377622,,,,
2026-01-27,GDOT,12.155,12.35,12.125,12.255,54193,0.009057225195553853,,,,
2026-01-28,GDOT,12.315,12.345,12.13,12.225,65051,-0.002447980416156792,,,,
2026-01-29,GDOT,12.26,12.51,12.26,12.5,79976,0.02249488752556239,,,,
2026-01-30,GDOT,12.35,12.35,12.13,12.185,127445,-0.0252,,,,
2026-02-02,GDOT,12.23,12.45,12.17,12.24,73539,0.004513746409519959,,,,
2026-02-03,GDOT,12.23,12.39,11.87,12.01,107766,-0.01879084967320266,,,,
2026-02-04,GDOT,12.025,12.17,11.96,12.11,86291,0.008326394671107407,,,,
2026-02-05,GDOT,12.0,12.15,11.885,11.95,70149,-0.013212221304706895,,,,
2026-02-06,GDOT,11.98,12.11,11.98,12.02,34363,0.0058577405857740406,,,,
2026-02-09,GDOT,12.04,12.07,11.91,11.925,34843,-0.007903494176372594,,,,
2026-02-10,GDOT,12.0,12.05,11.92,11.925,49551,0.0,,,,
2026-02-11,GDOT,11.98,12.09,11.735,11.815,55998,-0.009224318658280994,,,,
2026-02-12,GDOT,11.875,11.875,11.67,11.745,88579,-0.0059246720270842435,,,,
2026-02-13,GDOT,11.75,12.03,11.65,11.79,58157,0.003831417624521105,,,,
2026-02-17,GDOT,11.81,12.04,11.615,11.91,72960,0.010178117048346147,,,,
2026-02-18,GDOT,11.89,12.19,11.89,12.1,64712,0.015952980688497043,,,,
2026-02-19,GDOT,12.03,12.06,11.82,11.88,37065,-0.018181818181818077,,,,
2026-02-20,GDOT,11.9,12.06,11.84,12.05,40911,0.014309764309764272,,,,
2026-02-23,GDOT,12.19,12.19,11.55,11.56,73716,-0.040663900414937726,,,,
2026-02-24,GDOT,11.55,11.8,11.55,11.61,41283,0.004325259515570945,,,,
2026-02-25,GDOT,11.62,11.89,11.61,11.88,29840,0.023255813953488413,,,,
2026-02-26,GDOT,11.885,11.91,11.67,11.745,32397,-0.011363636363636465,,,,
2026-02-27,GDOT,11.65,11.69,11.45,11.57,22164,-0.01489995742869299,,,,
2026-01-02,GLXY,22.91,25.1,22.01,24.88,1830863,,,,,
2026-01-05,GLXY,25.31,27.02,25.26,26.4,1994958,0.06109324758842449,,,,
2026-01-06,GLXY,26.23,27.13,25.25,26.1,999005,-0.011363636363636243,,,,
2026-01-07,GLXY,26.0,26.5,25.5,25.5,791970,-0.02298850574712652,,,,
2026-01-08,GLXY,25.77,26.33,24.88,25.6,960464,0.0039215686274509665,,,,
2026-01-09,GLXY,25.45,26.19,24.75,25.14,1347680,-0.017968749999999978,,,,
2026-01-12,GLXY,24.87,25.83,24.56,25.41,1171396,0.010739856801909253,,,,
2026-01-13,GLXY,25.63,27.85,25.46,27.43,1674038,0.0794962613144432,,,,
2026-01-14,GLXY,27.31,28.48,26.27,27.91,2531400,0.017499088589135958,,,,
2026-01-15,GLXY,28.02,32.88,27.99,32.29,5675054,0.15693299892511647,,,,
2026-01-16,GLXY,32.04,34.725,31.98,34.42,4142907,0.06596469495199764,,,,
2026-01-20,GLXY,31.94,33.75,30.75,31.75,2686319,-0.07757117954677517,,,,
2026-01-21,GLXY,32.0,33.6,30.73,32.64,2022405,0.028031496062992156,,,,
2026-01-22,GLXY,33.16,33.23,30.33,30.93,1517493,-0.05238970588235292,,,,
2026-01-23,GLXY,30.72,32.89,29.7,31.89,1954865,0.03103782735208549,,,,
2026-01-26,GLXY,31.44,32.64,30.97,31.31,1187629,-0.018187519598620305,,,,
2026-01-27,GLXY,31.49,33.62,31.125,33.4,2275431,0.06675183647396987,,,,
2026-01-28,GLXY,33.62,33.76,31.22,31.65,2148472,-0.05239520958083832,,,,
2026-01-29,GLXY,31.72,31.88,29.18,29.7,1848443,-0.06161137440758291,,,,
2026-01-30,GLXY,29.15,30.0,27.425,28.35,2717710,-0.045454545454545414,,,,
2026-02-02,GLXY,25.79,27.9,25.79,26.3,3476947,-0.07231040564373903,,,,
2026-02-03,GLXY,26.77,27.0,20.83,21.95,5816488,-0.16539923954372626,,,,
2026-02-04,GLXY,22.1,22.33,19.73,20.24,3918705,-0.07790432801822322,,,,
2026-02-05,GLXY,19.83,20.0,16.12,16.59,4503381,-0.18033596837944654,,,,
2026-02-06,GLXY,17.31,20.21,17.27,19.92,4324489,0.20072332730560594,,,,
2026-02-09,GLXY,20.06,21.62,19.2,21.41,3273667,0.07479919678714841,,,,
2026-02-10,GLXY,21.23,21.55,20.62,21.02,2197452,-0.018215787015413376,,,,
2026-02-11,GLXY,21.0,21.58,19.98,20.35,2369718,-0.03187440532825869,,,,
2026-02-12,GLXY,20.49,21.04,19.91,20.03,2337494,-0.015724815724815766,,,,
2026-02-13,GLXY,20.37,21.81,20.05,21.61,2235196,0.07888167748377417,,,,
2026-02-17,GLXY,21.3,21.68,20.67,21.36,1930646,-0.011568718186025007,,,,
2026-02-18,GLXY,21.44,22.56,21.06,21.89,1910603,0.024812734082397148,,,,
2026-02-19,GLXY,21.99,21.99,20.89,21.72,1138916,-0.007766103243490252,,,,
2026-02-20,GLXY,22.0,22.36,20.89,21.38,1542965,-0.015653775322283625,,,,
2026-02-23,GLXY,20.6,20.81,20.04,20.34,1605412,-0.04864359214218894,,,,
2026-02-24,GLXY,20.17,21.76,19.87,21.22,1950462,0.04326450344149446,,,,
2026-02-25,GLXY,21.87,23.495,21.82,22.9,1580680,0.07917059377945335,,,,
2026-02-26,GLXY,23.19,23.3,21.22,21.9,1336919,-0.04366812227074235,,,,
2026-02-27,GLXY,21.8,21.8,20.05,20.61,1981229,-0.05890410958904102,,,,
2026-01-02,GNL,8.64,8.845,8.59,8.815,189788,,,,,
2026-01-05,GNL,8.83,8.905,8.765,8.82,155505,0.0005672149744753163,,,,
2026-01-06,GNL,8.815,8.86,8.635,8.795,132510,-0.0028344671201814275,,,,
2026-01-07,GNL,8.86,8.925,8.84,8.89,137929,0.010801591813530464,,,,
2026-01-08,GNL,8.87,9.015,8.86,8.89,127117,0.0,,,,
2026-01-09,GNL,8.89,9.025,8.89,8.945,128096,0.00618672665916753,,,,
2026-01-12,GNL,8.8,9.11,8.76,9.035,131004,0.010061486864169966,,,,
2026-01-13,GNL,9.03,9.095,8.975,9.015,104536,-0.0022136137244050946,,,,
2026-01-14,GNL,8.93,9.18,8.91,9.16,206145,0.016084303937881295,,,,
2026-01-15,GNL,9.18,9.265,9.12,9.25,125962,0.009825327510917026,,,,
2026-01-16,GNL,9.21,9.495,9.21,9.475,146808,0.024324324324324298,,,,
2026-01-20,GNL,9.4,9.475,9.3,9.435,150356,-0.004221635883904895,,,,
2026-01-21,GNL,9.455,9.585,9.405,9.575,115779,0.01483836777954406,,,,
2026-01-22,GNL,9.52,9.655,9.455,9.46,135699,-0.012010443864229559,,,,
2026-01-23,GNL,9.53,9.54,9.365,9.4,139011,-0.00634249471458781,,,,
2026-01-26,GNL,9.44,9.445,9.325,9.385,116805,-0.0015957446808511078,,,,
2026-01-27,GNL,9.34,9.475,9.29,9.465,100923,0.008524240809802963,,,,
2026-01-28,GNL,9.51,9.525,9.355,9.39,124949,-0.007923930269413515,,,,
2026-01-29,GNL,9.43,9.545,9.385,9.525,130651,0.01437699680511173,,,,
2026-01-30,GNL,9.52,9.52,9.315,9.46,136320,-0.006824146981627255,,,,
2026-02-02,GNL,9.39,9.51,9.285,9.325,159597,-0.014270613107822627,,,,
2026-02-03,GNL,9.36,9.47,9.295,9.46,132539,0.014477211796246836,,,,
2026-02-04,GNL,9.5,9.575,9.415,9.475,179625,0.001585623678646897,,,,
2026-02-05,GNL,9.21,9.605,9.21,9.54,166326,0.0068601583113456766,,,,
2026-02-06,GNL,9.53,9.655,9.5,9.615,79630,0.007861635220125951,,,,
2026-02-09,GNL,9.56,9.78,9.505,9.775,110777,0.01664066562662514,,,,
2026-02-10,GNL,9.81,9.975,9.81,9.955,115591,0.018414322250639437,,,,
2026-02-11,GNL,9.95,10.0,9.865,9.875,67663,-0.008036162732295349,,,,
2026-02-12,GNL,9.92,10.035,9.785,9.785,99601,-0.009113924050632938,,,,
2026-02-13,GNL,9.79,9.935,9.77,9.845,81808,0.006131834440470163,,,,
2026-02-17,GNL,9.92,9.92,9.765,9.84,82133,-0.00050787201625202,,,,
2026-02-18,GNL,9.79,9.79,9.575,9.595,115858,-0.02489837398373973,,,,
2026-02-19,GNL,9.64,9.69,9.585,9.625,88081,0.0031266284523188137,,,,
2026-02-20,GNL,9.66,9.755,9.59,9.725,86115,0.010389610389610393,,,,
2026-02-23,GNL,9.71,9.855,9.7,9.725,85971,0.0,,,,
2026-02-24,GNL,9.59,9.74,9.575,9.665,81136,-0.006169665809768743,,,,
2026-02-25,GNL,9.62,9.8,9.59,9.78,114266,0.01189860320744951,,,,
2026-02-26,GNL,9.575,9.79,9.44,9.47,279190,-0.03169734151329229,,,,
2026-02-27,GNL,9.12,9.54,9.12,9.425,259144,-0.0047518479408659164,,,,
2026-01-02,GORO,0.8499,0.8572,0.79,0.8359,50451,,,,,
2026-01-05,GORO,0.871,0.948,0.871,0.9099,85969,0.08852733580571837,,,,
2026-01-06,GORO,0.9329,0.9711,0.9214,0.9437,163798,0.0371469392240904,,,,
2026-01-07,GORO,0.939,0.939,0.8871,0.9333,36821,-0.011020451414644472,,,,
2026-01-08,GORO,0.9086,0.92,0.8978,0.92,14679,-0.014250508946748064,,,,
2026-01-09,GORO,0.9264,0.9911,0.9264,0.9792,61818,0.06434782608695633,,,,
2026-01-12,GORO,1.01,1.135,1.01,1.04,141608,0.06209150326797386,,,,
2026-01-13,GORO,1.085,1.105,1.03,1.06,160342,0.019230769230769162,,,,
2026-01-14,GORO,1.05,1.145,1.04,1.14,142392,0.07547169811320731,,,,
2026-01-15,GORO,1.15,1.24,1.12,1.24,181644,0.08771929824561409,,,,
2026-01-16,GORO,1.26,1.26,1.16,1.2,98676,-0.032258064516129115,,,,
2026-01-20,GORO,1.25,1.63,1.24,1.56,688007,0.30000000000000004,,,,
2026-01-21,GORO,1.85,2.38,0.9541,1.13,4646005,-0.27564102564102577,,,,
2026-01-22,GORO,1.2,1.48,1.18,1.4,901439,0.23893805309734506,,,,
2026-01-23,GORO,1.47,1.77,1.45,1.58,1045538,0.12857142857142878,,,,
2026-01-26,GORO,1.78,2.34,1.635,1.76,4030483,0.11392405063291133,,,,
2026-01-27,GORO,1.86,1.87,1.565,1.68,649762,-0.045454545454545525,,,,
2026-01-28,GORO,1.72,1.76,1.52,1.55,432084,-0.07738095238095233,,,,
2026-01-29,GORO,1.56,1.58,1.43,1.46,284115,-0.058064516129032295,,,,
2026-01-30,GORO,1.33,1.395,1.2,1.33,358408,-0.08904109589041087,,,,
2026-02-02,GORO,1.22,1.415,1.17,1.38,175113,0.037593984962405846,,,,
2026-02-03,GORO,1.58,1.63,1.41,1.58,493235,0.14492753623188426,,,,
2026-02-04,GORO,1.66,1.66,1.47,1.56,277791,-0.012658227848101222,,,,
2026-02-05,GORO,1.47,1.535,1.41,1.47,160330,-0.05769230769230771,,,,
2026-02-06,GORO,1.56,1.64,1.51,1.59,288508,0.08163265306122458,,,,
2026-02-09,GORO,1.6,1.68,1.525,1.66,178979,0.04402515723270439,,,,
2026-02-10,GORO,1.62,1.71,1.565,1.66,245628,0.0,,,,
2026-02-11,GORO,1.69,1.73,1.625,1.64,118501,-0.012048192771084376,,,,
2026-02-12,GORO,1.64,1.64,1.54,1.56,165751,-0.04878048780487798,,,,
2026-02-13,GORO,1.57,1.7,1.57,1.65,132344,0.05769230769230771,,,,
2026-02-17,GORO,1.65,1.65,1.54,1.595,113753,-0.033333333333333326,,,,
2026-02-18,GORO,1.6,1.69,1.59,1.675,145347,0.050156739811912265,,,,
2026-02-19,GORO,1.63,1.695,1.605,1.645,96222,-0.017910447761193993,,,,
2026-02-20,GORO,1.63,1.69,1.63,1.645,126360,0.0,,,,
2026-02-23,GORO,1.66,1.69,1.56,1.59,71654,-0.03343465045592697,,,,
2026-02-24,GORO,1.55,1.595,1.495,1.55,163787,-0.02515723270440251,,,,
2026-02-25,GORO,1.55,1.55,1.395,1.42,96348,-0.08387096774193559,,,,
2026-02-26,GORO,1.42,1.58,1.39,1.56,121452,0.09859154929577474,,,,
2026-02-27,GORO,1.57,1.57,1.49,1.54,74254,-0.012820512820512886,,,,
2026-01-02,GSAT,61.61,64.25,60.24,63.99,220709,,,,,
2026-01-05,GSAT,64.69,66.66,62.75,64.63,247780,0.010001562744178738,,,,
2026-01-06,GSAT,64.56,67.9,62.17,67.65,226554,0.046727525916756996,,,,
2026-01-07,GSAT,67.82,67.83,60.59,62.0,306488,-0.0835181079083519,,,,
2026-01-08,GSAT,60.85,64.725,59.68,59.73,336075,-0.03661290322580646,,,,
2026-01-09,GSAT,59.77,61.91,59.5,60.01,218329,0.0046877615938389905,,,,
2026-01-12,GSAT,59.97,64.4,58.34,64.3,219066,0.07148808531911355,,,,
2026-01-13,GSAT,63.42,65.66,62.96,65.46,177260,0.018040435458786863,,,,
2026-01-14,GSAT,64.0,64.9,61.28,63.8,207015,-0.025358997861289256,,,,
2026-01-15,GSAT,63.87,64.13,61.92,62.85,175951,-0.014890282131661325,,,,
2026-01-16,GSAT,63.1,66.63,59.96,60.16,351093,-0.04280031821797936,,,,
2026-01-20,GSAT,57.64,61.38,57.1,58.7,302177,-0.024268617021276473,,,,
2026-01-21,GSAT,59.5,61.5,57.73,59.74,195908,0.01771720613287897,,,,
2026-01-22,GSAT,60.69,65.8,60.51,65.38,261223,0.09440910612654818,,,,
2026-01-23,GSAT,65.8,66.745,64.0,65.87,167590,0.007494646680942241,,,,
2026-01-26,GSAT,64.81,65.49,60.19,60.39,175648,-0.08319417033550935,,,,
2026-01-27,GSAT,61.11,64.19,60.4,63.44,128532,0.050505050505050386,,,,
2026-01-28,GSAT,64.17,68.71,63.3,68.0,264808,0.07187894073139978,,,,
2026-01-29,GSAT,67.61,68.02,62.33,64.65,181108,-0.04926470588235288,,,,
2026-01-30,GSAT,62.8,68.38,61.31,61.31,253824,-0.051662799690641914,,,,
2026-02-02,GSAT,58.98,62.84,58.98,60.8,161175,-0.008318381993149604,,,,
2026-02-03,GSAT,61.62,63.0,59.5,61.0,170626,0.00328947368421062,,,,
2026-02-04,GSAT,62.14,62.14,56.7,57.7,216090,-0.0540983606557377,,,,
2026-02-05,GSAT,58.84,59.07,53.71,54.0,242173,-0.06412478336221838,,,,
2026-02-06,GSAT,54.83,58.0,54.14,58.0,200950,0.07407407407407418,,,,
2026-02-09,GSAT,57.65,59.845,57.0,58.5,136888,0.008620689655172376,,,,
2026-02-10,GSAT,59.0,60.16,57.21,59.3,148930,0.013675213675213627,,,,
2026-02-11,GSAT,59.74,60.25,57.14,59.54,146451,0.004047217537942682,,,,
2026-02-12,GSAT,59.69,59.69,55.55,59.12,212293,-0.007054081289889158,,,,
2026-02-13,GSAT,58.66,61.85,58.31,60.06,191522,0.015899864682002773,,,,
2026-02-17,GSAT,59.09,60.28,57.62,59.5,114341,-0.009324009324009341,,,,
2026-02-18,GSAT,58.87,60.51,57.5,59.01,124086,-0.008235294117647118,,,,
2026-02-19,GSAT,59.06,59.21,57.59,59.05,165128,0.0006778512116589752,,,,
2026-02-20,GSAT,59.5,61.0,57.75,60.49,246988,0.02438611346316688,,,,
2026-02-23,GSAT,58.84,61.45,58.84,61.45,164430,0.01587039180029759,,,,
2026-02-24,GSAT,60.8,63.64,59.98,62.82,171746,0.022294548413344106,,,,
2026-02-25,GSAT,63.12,65.01,63.01,63.45,191131,0.01002865329512903,,,,
2026-02-26,GSAT,63.76,64.36,56.0,57.8,401434,-0.08904649330181258,,,,
2026-02-27,GSAT,59.01,64.0,54.45,61.88,499527,0.07058823529411784,,,,
2026-01-02,GTLS,206.12,206.38,205.96,206.07,96582,,,,,
2026-01-05,GTLS,206.1,206.24,206.01,206.19,108512,0.0005823263939437329,,,,
2026-01-06,GTLS,206.08,206.35,206.08,206.16,93719,-0.00014549687181730775,,,,
2026-01-07,GTLS,206.4,206.69,206.13,206.67,72937,0.002473806752037122,,,,
2026-01-08,GTLS,206.68,206.93,206.33,206.78,74892,0.0005322494798472022,,,,
2026-01-09,GTLS,206.89,206.95,206.66,206.69,53897,-0.0004352451881226571,,,,
2026-01-12,GTLS,206.65,206.78,206.63,206.7,48592,4.8381634331517986e-05,,,,
2026-01-13,GTLS,206.75,207.02,206.7,206.99,84218,0.0014029995162072595,,,,
2026-01-14,GTLS,207.0,207.17,206.84,207.03,87485,0.00019324605053383515,,,,
2026-01-15,GTLS,207.04,207.14,206.87,207.085,95031,0.0002656619813554695,,,,
2026-01-16,GTLS,207.07,207.55,207.03,207.55,102308,0.0022454547649515266,,,,
2026-01-20,GTLS,206.61,207.5,206.61,207.32,229982,-0.0011081667068176815,,,,
2026-01-21,GTLS,207.25,207.5,206.87,207.49,169578,0.0008199884236930188,,,,
2026-01-22,GTLS,206.0,208.7,206.0,207.47,125917,-9.639018747897854e-05,,,,
2026-01-23,GTLS,206.0,207.54,206.0,207.32,184454,-0.0007229960958211601,,,,
2026-01-26,GTLS,208.31,208.31,206.31,207.27,97437,-0.0002411730657919664,,,,
2026-01-27,GTLS,206.2,207.39,206.2,207.26,102899,-4.8246248854244556e-05,,,,
2026-01-28,GTLS,206.73,207.29,206.73,207.24,159559,-9.649715333392983e-05,,,,
2026-01-29,GTLS,207.27,207.34,206.78,207.11,374208,-0.0006272920285659289,,,,
2026-01-30,GTLS,206.73,207.41,206.73,207.31,418953,0.0009656704166867147,,,,
2026-02-02,GTLS,206.93,207.52,206.93,207.45,205274,0.0006753171578794959,,,,
2026-02-03,GTLS,207.62,207.62,207.15,207.37,319721,-0.00038563509279332386,,,,
2026-02-04,GTLS,207.4,207.6,207.21,207.35,394262,-9.644596614755141e-05,,,,
2026-02-05,GTLS,207.6,207.61,207.05,207.2,480306,-0.0007234145165180283,,,,
2026-02-06,GTLS,207.0,207.61,207.0,207.46,313501,0.0012548262548264244,,,,
2026-02-09,GTLS,207.44,207.54,207.24,207.48,198247,9.640412609646098e-05,,,,
2026-02-10,GTLS,207.5,207.69,206.97,206.97,260841,-0.0024580682475419113,,,,
2026-02-11,GTLS,207.36,207.39,206.965,206.97,432270,0.0,,,,
2026-02-12,GTLS,207.14,207.255,206.54,206.54,406219,-0.0020775957868290895,,,,
2026-02-13,GTLS,206.56,207.32,206.54,206.78,292045,0.0011620025176721782,,,,
2026-02-17,GTLS,206.95,207.58,206.95,207.42,423775,0.0030950768933164508,,,,
2026-02-18,GTLS,207.28,207.57,207.23,207.4,272268,-9.642271719212392e-05,,,,
2026-02-19,GTLS,207.34,207.37,206.96,206.96,203340,-0.002121504339440694,,,,
2026-02-20,GTLS,207.01,207.35,206.91,207.18,524325,0.0010630073444144461,,,,
2026-02-23,GTLS,207.13,207.34,207.04,207.04,226454,-0.0006757409016314719,,,,
2026-02-24,GTLS,207.0,207.61,207.0,207.57,313687,0.0025598918083462596,,,,
2026-02-25,GTLS,207.5,207.54,207.24,207.24,216078,-0.0015898251192367763,,,,
2026-02-26,GTLS,207.4,207.62,207.25,207.4,177977,0.0007720517274656391,,,,
2026-02-27,GTLS,207.39,207.56,207.24,207.39,223793,-4.8216007714652065e-05,,,,
2026-01-02,HCWC,0.257,0.2824,0.257,0.2787,3682,,,,,
2026-01-05,HCWC,0.292,0.37,0.262,0.2977,91697,0.06817366343738795,,,,
2026-01-06,HCWC,0.2884,0.29,0.2653,0.2744,19783,-0.0782667114544845,,,,
2026-01-07,HCWC,0.2792,0.2967,0.2767,0.2935,11584,0.06960641399416923,,,,
2026-01-08,HCWC,0.2902,0.2973,0.2901,0.2956,6567,0.007155025553662764,,,,
2026-01-09,HCWC,0.298,0.3039,0.298,0.2998,5726,0.01420838971583227,,,,
2026-01-12,HCWC,0.2983,0.3047,0.2958,0.2958,6710,-0.013342228152101399,,,,
2026-01-13,HCWC,0.2952,0.2983,0.2925,0.2955,5441,-0.0010141987829614951,,,,
2026-01-14,HCWC,0.29,0.305,0.29,0.3031,1931,0.025719120135363704,,,,
2026-01-15,HCWC,0.298,0.2985,0.2947,0.2978,1200,-0.017485978225008192,,,,
2026-01-16,HCWC,0.295,0.2965,0.2878,0.2887,2787,-0.030557421087978542,,,,
2026-01-20,HCWC,0.2835,0.307,0.2835,0.2858,2260,-0.010045029442327769,,,,
2026-01-21,HCWC,0.2914,0.2984,0.2914,0.2936,724,0.02729181245626333,,,,
2026-01-22,HCWC,0.2998,0.3326,0.2998,0.3303,4250,0.12499999999999978,,,,
2026-01-23,HCWC,0.328,0.3422,0.3266,0.3349,5201,0.013926733272782377,,,,
2026-01-26,HCWC,0.335,0.3564,0.327,0.3389,22536,0.011943863839952273,,,,
2026-01-27,HCWC,0.3312,0.3455,0.3305,0.336,8826,-0.00855709648863956,,,,
2026-01-28,HCWC,0.3387,0.3387,0.3387,0.3387,100,0.008035714285714146,,,,
2026-01-29,HCWC,0.315,0.315,0.2888,0.2948,10647,-0.12961322704458222,,,,
2026-01-30,HCWC,0.295,0.295,0.2702,0.2743,3687,-0.06953867028493899,,,,
2026-02-02,HCWC,0.2755,0.2827,0.2714,0.276,4176,0.006197593875319152,,,,
2026-02-03,HCWC,0.2812,0.2812,0.2769,0.2805,2714,0.016304347826086918,,,,
2026-02-04,HCWC,0.2607,0.2999,0.2607,0.2733,3562,-0.025668449197861154,,,,
2026-02-05,HCWC,0.268,0.278,0.264,0.264,6487,-0.034028540065861645,,,,
2026-02-06,HCWC,0.266,0.2795,0.2616,0.273,2012,0.03409090909090917,,,,
2026-02-09,HCWC,0.2687,0.278,0.2663,0.27,3029,-0.01098901098901095,,,,
2026-02-10,HCWC,0.279,0.2889,0.279,0.2795,1894,0.03518518518518521,,,,
2026-02-11,HCWC,0.2686,0.2739,0.2686,0.2724,3856,-0.025402504472272103,,,,
2026-02-12,HCWC,0.28,0.28,0.2749,0.2749,722,0.009177679882525602,,,,
2026-02-13,HCWC,0.2603,0.269,0.2603,0.2636,2559,-0.04110585667515454,,,,
2026-02-17,HCWC,0.2646,0.2646,0.2609,0.2609,460,-0.010242792109256382,,,,
2026-02-18,HCWC,0.267,0.2727,0.26,0.271,2868,0.038712150249137656,,,,
2026-02-19,HCWC,0.257,0.35,0.257,0.3468,25134,0.27970479704797047,,,,
2026-02-20,HCWC,0.3399,0.39,0.2534,0.2919,890134,-0.15830449826989623,,,,
2026-02-23,HCWC,0.2807,0.2934,0.2696,0.29,34814,-0.006509078451524486,,,,
2026-02-24,HCWC,0.2885,0.2885,0.2656,0.2722,6446,-0.061379310344827576,,,,
2026-02-25,HCWC,0.3601,0.3895,0.2903,0.3482,1159427,0.2792064658339457,,,,
2026-02-26,HCWC,0.3332,0.3483,0.3115,0.3309,101198,-0.049684089603675985,,,,
2026-02-27,HCWC,0.3303,0.3303,0.29,0.31,87855,-0.06316107585373232,,,,
2026-01-02,HDSN,6.87,6.89,6.75,6.8,65702,,,,,
2026-01-05,HDSN,6.84,7.08,6.83,6.98,79785,0.026470588235294246,,,,
2026-01-06,HDSN,6.94,7.02,6.85,6.98,89251,0.0,,,,
2026-01-07,HDSN,7.01,7.095,6.96,7.04,70349,0.008595988538681931,,,,
2026-01-08,HDSN,6.99,7.12,6.99,7.1,115026,0.008522727272727293,,,,
2026-01-09,HDSN,6.98,7.25,6.98,7.15,72988,0.007042253521126751,,,,
2026-01-12,HDSN,7.13,7.35,7.1,7.33,72548,0.025174825174825166,,,,
2026-01-13,HDSN,7.33,7.45,7.28,7.28,76076,-0.006821282401091366,,,,
2026-01-14,HDSN,7.28,7.36,7.225,7.26,72727,-0.0027472527472528485,,,,
2026-01-15,HDSN,7.28,7.47,7.245,7.42,86235,0.02203856749311295,,,,
2026-01-16,HDSN,7.41,7.495,7.375,7.48,90984,0.008086253369272267,,,,
2026-01-20,HDSN,7.44,7.45,7.23,7.23,102004,-0.03342245989304815,,,,
2026-01-21,HDSN,7.27,7.365,7.135,7.35,109783,0.016597510373443924,,,,
2026-01-22,HDSN,7.38,7.485,7.37,7.47,79286,0.01632653061224487,,,,
2026-01-23,HDSN,7.43,7.44,7.24,7.25,76759,-0.029451137884872747,,,,
2026-01-26,HDSN,7.25,7.255,7.085,7.17,65176,-0.011034482758620734,,,,
2026-01-27,HDSN,7.16,7.275,7.135,7.23,56862,0.008368200836820217,,,,
2026-01-28,HDSN,7.25,7.25,7.03,7.14,67600,-0.012448132780083054,,,,
2026-01-29,HDSN,7.14,7.19,7.03,7.14,54517,0.0,,,,
2026-01-30,HDSN,6.75,7.2,6.74,7.03,72764,-0.01540616246498594,,,,
2026-02-02,HDSN,7.14,7.4,7.12,7.38,85169,0.049786628733997196,,,,
2026-02-03,HDSN,7.41,7.565,7.33,7.54,103782,0.02168021680216814,,,,
2026-02-04,HDSN,7.58,7.695,7.58,7.62,113999,0.010610079575596787,,,,
2026-02-05,HDSN,7.54,7.6,7.18,7.21,94184,-0.0538057742782152,,,,
2026-02-06,HDSN,7.23,7.465,7.23,7.39,88052,0.02496532593619971,,,,
2026-02-09,HDSN,7.42,7.45,7.3,7.33,66480,-0.008119079837618393,,,,
2026-02-10,HDSN,7.23,7.56,7.23,7.4,78969,0.009549795361528002,,,,
2026-02-11,HDSN,7.46,7.56,7.37,7.53,83527,0.0175675675675675,,,,
2026-02-12,HDSN,7.54,7.625,7.24,7.3,127859,-0.030544488711819473,,,,
2026-02-13,HDSN,7.33,7.47,7.21,7.4,102240,0.013698630136986356,,,,
2026-02-17,HDSN,7.39,7.39,7.15,7.24,98318,-0.021621621621621623,,,,
2026-02-18,HDSN,7.24,7.315,7.15,7.25,79241,0.0013812154696133394,,,,
2026-02-19,HDSN,7.25,7.445,7.19,7.33,141276,0.011034482758620623,,,,
2026-02-20,HDSN,7.28,7.41,7.185,7.38,88516,0.006821282401091366,,,,
2026-02-23,HDSN,7.37,7.37,7.03,7.2,137318,-0.024390243902438935,,,,
2026-02-24,HDSN,7.22,7.225,7.01,7.12,103264,-0.011111111111111072,,,,
2026-02-25,HDSN,7.17,7.19,6.955,7.18,111392,0.008426966292134797,,,,
2026-02-26,HDSN,7.2,7.25,7.025,7.15,112218,-0.00417827298050133,,,,
2026-02-27,HDSN,7.05,7.155,6.97,7.11,89127,-0.005594405594405605,,,,
2026-01-02,HLX,6.29,6.46,6.155,6.405,109168,,,,,
2026-01-05,HLX,6.61,6.98,6.61,6.78,276164,0.058548009367681564,,,,
2026-01-06,HLX,6.78,6.96,6.705,6.91,149845,0.019174041297935096,,,,
2026-01-07,HLX,6.92,7.0,6.755,6.81,176138,-0.01447178002894367,,,,
2026-01-08,HLX,6.82,6.985,6.78,6.975,120203,0.02422907488986792,,,,
2026-01-09,HLX,7.04,7.15,6.91,7.065,131217,0.012903225806451646,,,,
2026-01-12,HLX,7.13,7.145,6.95,6.99,85180,-0.010615711252653925,,,,
2026-01-13,HLX,7.09,7.28,7.08,7.165,111929,0.025035765379112895,,,,
2026-01-14,HLX,7.27,7.47,7.245,7.36,170361,0.027215631542219176,,,,
2026-01-15,HLX,7.3,7.355,7.12,7.185,100460,-0.02377717391304357,,,,
2026-01-16,HLX,7.16,7.195,7.075,7.09,96975,-0.013221990257480831,,,,
2026-01-20,HLX,7.05,7.09,6.93,7.055,120020,-0.0049365303244005565,,,,
2026-01-21,HLX,7.22,7.535,7.22,7.515,193353,0.06520198440822123,,,,
2026-01-22,HLX,7.51,7.77,7.43,7.63,231122,0.015302727877578137,,,,
2026-01-23,HLX,7.71,7.95,7.45,7.45,172721,-0.023591087811271283,,,,
2026-01-26,HLX,7.67,7.67,7.47,7.5,112091,0.006711409395973034,,,,
2026-01-27,HLX,7.55,7.73,7.5,7.655,93069,0.02066666666666661,,,,
2026-01-28,HLX,7.7,7.78,7.46,7.56,211485,-0.012410189418680662,,,,
2026-01-29,HLX,7.7,8.03,7.54,7.93,307922,0.048941798941799064,,,,
2026-01-30,HLX,7.85,8.045,7.75,7.95,296299,0.0025220680958386588,,,,
2026-02-02,HLX,7.88,8.155,7.735,8.065,310103,0.014465408805031332,,,,
2026-02-03,HLX,8.06,8.37,8.025,8.37,392937,0.03781773093614382,,,,
2026-02-04,HLX,8.49,8.52,8.135,8.36,311957,-0.0011947431302269385,,,,
2026-02-05,HLX,8.31,8.31,8.0,8.0,361224,-0.04306220095693769,,,,
2026-02-06,HLX,8.11,8.605,8.095,8.55,216813,0.06875000000000009,,,,
2026-02-09,HLX,8.56,8.78,8.49,8.65,295849,0.011695906432748426,,,,
2026-02-10,HLX,8.58,8.67,8.45,8.46,147994,-0.021965317919075078,,,,
2026-02-11,HLX,8.695,8.875,8.525,8.85,259484,0.04609929078014163,,,,
2026-02-12,HLX,8.835,8.9,8.26,8.46,175573,-0.04406779661016935,,,,
2026-02-13,HLX,8.44,8.8,8.44,8.56,168965,0.011820330969267046,,,,
2026-02-17,HLX,8.65,8.76,8.26,8.4,131869,-0.01869158878504673,,,,
2026-02-18,HLX,8.61,8.765,8.54,8.6,217476,0.023809523809523725,,,,
2026-02-19,HLX,8.695,9.12,8.695,9.12,181753,0.0604651162790697,,,,
2026-02-20,HLX,8.98,9.21,8.825,9.03,198817,-0.009868421052631526,,,,
2026-02-23,HLX,8.93,9.5,8.91,9.5,177029,0.052048726467331274,,,,
2026-02-24,HLX,9.63,10.75,9.26,10.55,602031,0.1105263157894738,,,,
2026-02-25,HLX,10.55,10.59,9.57,9.605,390200,-0.08957345971563979,,,,
2026-02-26,HLX,9.37,9.37,8.97,9.06,305575,-0.05674128058302963,,,,
2026-02-27,HLX,9.05,9.33,9.05,9.195,215846,0.01490066225165565,,,,
2026-01-02,HVII,10.37,10.38,10.37,10.38,18912,,,,,
2026-01-05,HVII,10.39,10.44,10.38,10.4,8338,0.0019267822736031004,,,,
2026-01-06,HVII,10.58,10.58,10.44,10.46,1391,0.005769230769230749,,,,
2026-01-07,HVII,10.45,10.475,10.43,10.43,1588,-0.002868068833652093,,,,
2026-01-08,HVII,10.45,10.45,10.36,10.39,5804,-0.003835091083413178,,,,
2026-01-09,HVII,10.4,10.45,10.4,10.42,23340,0.002887391722810273,,,,
2026-01-12,HVII,10.42,10.42,10.42,10.42,38,0.0,,,,
2026-01-13,HVII,10.4,10.4,10.37,10.37,447,-0.004798464491362786,,,,
2026-01-14,HVII,10.42,10.42,10.42,10.42,74,0.004821600771456103,,,,
2026-01-15,HVII,10.42,10.42,10.39,10.39,975,-0.0028790786948176272,,,,
2026-01-16,HVII,10.42,10.42,10.35,10.35,1267,-0.0038498556304139564,,,,
2026-01-20,HVII,10.39,10.39,10.34,10.35,1402,0.0,,,,
2026-01-21,HVII,10.37,10.37,10.33,10.33,829,-0.0019323671497584183,,,,
2026-01-22,HVII,10.37,10.37,10.33,10.33,3496,0.0,,,,
2026-01-23,HVII,10.36,10.36,10.32,10.34,2961,0.0009680542110357404,,,,
2026-01-26,HVII,10.36,10.36,10.3,10.3,2819,-0.003868471953578201,,,,
2026-01-27,HVII,10.34,10.34,10.28,10.29,8801,-0.000970873786407922,,,,
2026-01-28,HVII,10.3,10.3,10.25,10.29,2810,0.0,,,,
2026-01-29,HVII,10.27,10.28,10.27,10.27,3089,-0.0019436345966957758,,,,
2026-01-30,HVII,10.29,10.29,10.27,10.29,4830,0.0019474196689386325,,,,
2026-02-02,HVII,10.27,10.31,10.27,10.31,38977,0.0019436345966958868,,,,
2026-02-03,HVII,10.31,10.36,10.31,10.36,7255,0.004849660523763344,,,,
2026-02-04,HVII,10.36,10.36,10.31,10.35,6586,-0.0009652509652509078,,,,
2026-02-05,HVII,10.35,10.35,10.31,10.31,5407,-0.0038647342995168366,,,,
2026-02-06,HVII,10.33,10.33,10.295,10.31,12616,0.0,,,,
2026-02-09,HVII,10.32,10.32,10.31,10.32,5284,0.0009699321047527132,,,,
2026-02-10,HVII,10.33,10.33,10.305,10.31,4113,-0.0009689922480620172,,,,
2026-02-11,HVII,10.33,10.33,10.31,10.31,3613,0.0,,,,
2026-02-12,HVII,10.32,10.32,10.3,10.3,2018,-0.0009699321047526022,,,,
2026-02-13,HVII,10.32,10.32,10.31,10.31,73,0.000970873786407811,,,,
2026-02-17,HVII,10.31,10.31,10.285,10.31,42939,0.0,,,,
2026-02-18,HVII,10.31,10.32,10.28,10.31,35782,0.0,,,,
2026-02-19,HVII,10.32,10.32,10.29,10.31,14710,0.0,,,,
2026-02-20,HVII,10.31,10.32,10.31,10.31,50818,0.0,,,,
2026-02-23,HVII,10.31,10.32,10.28,10.32,11087,0.0009699321047527132,,,,
2026-02-24,HVII,10.31,10.32,10.3,10.31,26068,-0.0009689922480620172,,,,
2026-02-25,HVII,10.31,10.32,10.31,10.32,52238,0.0009699321047527132,,,,
2026-02-26,HVII,10.33,10.33,10.31,10.31,4187,-0.0009689922480620172,,,,
2026-02-27,HVII,10.33,10.33,10.31,10.315,5283,0.00048496605237624557,,,,
2026-01-02,HYMC,24.13,24.9,22.4,24.36,763963,,,,,
2026-01-05,HYMC,24.93,28.98,24.65,28.5,1272946,0.16995073891625623,,,,
2026-01-06,HYMC,28.83,30.6,28.0,28.65,995319,0.0052631578947368585,,,,
2026-01-07,HYMC,28.19,29.98,26.82,29.75,643125,0.03839441535776622,,,,
2026-01-08,HYMC,28.6,29.15,25.04,26.19,1381917,-0.11966386554621844,,,,
2026-01-09,HYMC,26.51,27.75,26.02,27.21,657625,0.03894616265750295,,,,
2026-01-12,HYMC,28.35,34.16,28.11,32.78,1626462,0.20470415288496868,,,,
2026-01-13,HYMC,33.51,35.655,32.67,34.27,1264516,0.045454545454545414,,,,
2026-01-14,HYMC,35.09,35.97,31.65,33.92,1128200,-0.01021301429822008,,,,
2026-01-15,HYMC,33.22,35.84,32.0,34.52,578996,0.017688679245283057,,,,
2026-01-16,HYMC,34.7,35.35,32.99,34.62,655113,0.0028968713789105927,,,,
2026-01-20,HYMC,35.33,45.85,35.33,45.0,1446276,0.29982668977469684,,,,
2026-01-21,HYMC,46.03,48.44,37.9,41.02,1928830,-0.08844444444444433,,,,
2026-01-22,HYMC,41.52,49.25,38.75,48.0,1368215,0.17016089712335436,,,,
2026-01-23,HYMC,47.32,51.45,45.79,50.99,1507422,0.062291666666666634,,,,
2026-01-26,HYMC,53.93,58.7,43.0,49.34,2267998,-0.0323592861345362,,,,
2026-01-27,HYMC,50.73,55.45,45.6,54.96,1687653,0.11390352655046598,,,,
2026-01-28,HYMC,56.5,56.84,49.44,53.98,1078028,-0.017831149927219903,,,,
2026-01-29,HYMC,52.47,54.16,44.2,46.15,1899487,-0.14505372360133384,,,,
2026-01-30,HYMC,41.69,43.48,35.5,36.16,2267761,-0.2164680390032503,,,,
2026-02-02,HYMC,35.18,40.31,34.82,35.75,1310480,-0.011338495575221152,,,,
2026-02-03,HYMC,38.32,42.15,36.46,41.4,1393039,0.15804195804195809,,,,
2026-02-04,HYMC,43.45,44.2,36.88,40.2,873068,-0.02898550724637672,,,,
2026-02-05,HYMC,37.34,37.98,28.17,29.2,1217800,-0.27363184079602,,,,
2026-02-06,HYMC,32.4,34.96,31.18,34.7,777954,0.18835616438356184,,,,
2026-02-09,HYMC,35.36,38.85,34.31,38.2,774386,0.10086455331412103,,,,
2026-02-10,HYMC,38.09,38.66,35.3,37.1,679487,-0.028795811518324665,,,,
2026-02-11,HYMC,37.89,39.24,34.11,35.7,491018,-0.037735849056603765,,,,
2026-02-12,HYMC,35.6,38.655,32.75,32.92,669156,-0.07787114845938381,,,,
2026-02-13,HYMC,34.05,38.49,33.4,35.6,806827,0.0814094775212637,,,,
2026-02-17,HYMC,34.51,34.78,30.81,33.21,817814,-0.06713483146067412,,,,
2026-02-18,HYMC,34.52,43.7,34.31,41.36,1165299,0.2454080096356519,,,,
2026-02-19,HYMC,42.35,43.41,39.65,42.26,775328,0.021760154738878157,,,,
2026-02-20,HYMC,42.87,46.22,41.05,41.67,3450034,-0.013961192617131912,,,,
2026-02-23,HYMC,41.9,43.31,41.36,42.75,658546,0.02591792656587466,,,,
2026-02-24,HYMC,41.75,47.385,39.28,46.89,818102,0.09684210526315784,,,,
2026-02-25,HYMC,47.75,52.28,47.51,48.43,970150,0.032842823629771756,,,,
2026-02-26,HYMC,48.3,50.3,45.51,49.55,980373,0.023126161470162998,,,,
2026-02-27,HYMC,49.92,51.32,45.23,50.5,1536196,0.019172552976791213,,,,
2026-01-02,HZO,24.23,24.46,23.63,24.07,32515,,,,,
2026-01-05,HZO,24.29,25.08,24.29,24.59,23363,0.0216036560033237,,,,
2026-01-06,HZO,24.53,26.47,24.2,26.42,77929,0.07442049613664103,,,,
2026-01-07,HZO,26.7,27.46,26.405,26.405,49422,-0.0005677517032551815,,,,
2026-01-08,HZO,26.07,28.68,25.81,27.57,71200,0.044120431736413446,,,,
2026-01-09,HZO,27.79,28.15,26.52,27.79,31037,0.007979688066739099,,,,
2026-01-12,HZO,27.25,27.67,26.92,27.595,42281,-0.007016912558474253,,,,
2026-01-13,HZO,27.94,28.0,27.26,27.26,40131,-0.012139880413118198,,,,
2026-01-14,HZO,27.44,28.5,27.23,28.405,38999,0.04200293470286143,,,,
2026-01-15,HZO,28.38,29.24,28.23,28.91,51895,0.017778560112656105,,,,
2026-01-16,HZO,29.09,29.09,28.575,28.83,22455,-0.0027672085783466693,,,,
2026-01-20,HZO,27.65,27.65,26.36,26.665,57818,-0.07509538674991323,,,,
2026-01-21,HZO,26.99,29.02,26.99,28.65,53123,0.07444215263453957,,,,
2026-01-22,HZO,29.12,29.27,28.32,28.585,51913,-0.0022687609075042747,,,,
2026-01-23,HZO,28.44,28.79,28.04,28.17,31282,-0.014518103900647117,,,,
2026-01-26,HZO,28.17,28.17,27.64,27.99,23388,-0.006389776357827559,,,,
2026-01-27,HZO,27.5,27.78,27.27,27.555,29078,-0.015541264737406135,,,,
2026-01-28,HZO,27.605,27.73,26.8,26.8,42143,-0.02739974596262018,,,,
2026-01-29,HZO,25.85,26.115,23.92,24.53,83997,-0.0847014925373134,,,,
2026-01-30,HZO,25.38,27.57,25.31,27.02,90987,0.10150835711373829,,,,
2026-02-02,HZO,26.94,31.27,25.89,30.63,311403,0.1336047372316802,,,,
2026-02-03,HZO,30.07,33.27,29.94,31.0,209330,0.012079660463597763,,,,
2026-02-04,HZO,30.74,31.6,30.14,30.775,104791,-0.007258064516129092,,,,
2026-02-05,HZO,31.59,31.59,28.45,29.33,106703,-0.046953696181965876,,,,
2026-02-06,HZO,29.61,30.31,29.27,30.0,61711,0.022843504943743653,,,,
2026-02-09,HZO,29.99,30.555,29.415,29.66,69346,-0.011333333333333306,,,,
2026-02-10,HZO,29.82,30.08,29.04,29.07,37297,-0.019892110586648637,,,,
2026-02-11,HZO,29.44,29.525,28.51,28.7,34540,-0.012727898176814634,,,,
2026-02-12,HZO,29.1,29.82,27.85,28.39,40399,-0.010801393728222974,,,,
2026-02-13,HZO,28.11,29.31,28.025,29.035,61975,0.0227192673476575,,,,
2026-02-17,HZO,29.05,29.685,29.015,29.385,23165,0.01205441708283117,,,,
2026-02-18,HZO,29.34,30.74,28.87,29.01,63321,-0.012761613067891808,,,,
2026-02-19,HZO,28.74,29.14,28.11,28.65,50863,-0.012409513960703333,,,,
2026-02-20,HZO,28.74,29.54,28.04,28.54,68460,-0.0038394415357766443,,,,
2026-02-23,HZO,27.96,28.03,26.96,27.34,51698,-0.04204625087596359,,,,
2026-02-24,HZO,28.0,30.0,27.23,28.525,130515,0.043343087051938456,,,,
2026-02-25,HZO,28.64,31.52,28.24,31.26,242154,0.09588080631025431,,,,
2026-02-26,HZO,31.36,31.845,29.21,30.31,80206,-0.030390275111964238,,,,
2026-02-27,HZO,29.63,30.625,28.95,30.51,61764,0.006598482349059909,,,,
2026-01-02,IBAC,10.5,10.5,10.47,10.47,328,,,,,
2026-01-05,IBAC,10.5,10.52,10.5,10.52,1101,0.0047755491881564804,,,,
2026-01-06,IBAC,10.52,10.52,10.52,10.52,704,0.0,,,,
2026-01-09,IBAC,10.54,10.54,10.52,10.52,131,0.0,,,,
2026-01-12,IBAC,10.53,10.53,10.53,10.53,956,0.000950570342205248,,,,
2026-01-13,IBAC,10.52,10.53,10.5,10.52,3011,-0.0009496676163343043,,,,
2026-01-14,IBAC,10.54,10.54,10.54,10.54,33,0.001901140684410496,,,,
2026-01-15,IBAC,10.54,10.55,10.54,10.55,19650,0.0009487666034158071,,,,
2026-01-16,IBAC,10.54,10.54,10.5,10.51,384,-0.0037914691943128354,,,,
2026-01-20,IBAC,10.52,10.52,10.52,10.52,23,0.0009514747859180606,,,,
2026-01-21,IBAC,10.52,10.53,10.52,10.53,1014,0.000950570342205248,,,,
2026-01-22,IBAC,10.51,10.54,10.51,10.54,273,0.0009496676163343043,,,,
2026-01-23,IBAC,10.51,10.54,10.51,10.52,263,-0.001897533206831059,,,,
2026-01-26,IBAC,10.52,10.54,10.52,10.53,56,0.000950570342205248,,,,
2026-01-27,IBAC,10.54,10.54,10.53,10.53,463,0.0,,,,
2026-01-28,IBAC,10.51,10.55,10.51,10.55,1158,0.0018993352326686086,,,,
2026-01-29,IBAC,10.51,10.55,10.51,10.52,135,-0.0028436018957347375,,,,
2026-01-30,IBAC,10.55,10.55,10.52,10.52,2,0.0,,,,
2026-02-02,IBAC,10.51,10.55,10.51,10.55,1956,0.0028517110266161882,,,,
2026-02-03,IBAC,10.51,10.55,10.51,10.53,945,-0.0018957345971565287,,,,
2026-02-04,IBAC,10.5,10.52,10.5,10.52,103,-0.0009496676163343043,,,,
2026-02-05,IBAC,10.5,10.55,10.5,10.55,5123,0.0028517110266161882,,,,
2026-02-06,IBAC,10.5,10.55,10.5,10.52,1942,-0.0028436018957347375,,,,
2026-02-09,IBAC,10.2,10.55,10.2,10.53,275,0.000950570342205248,,,,
2026-02-10,IBAC,10.55,10.56,10.53,10.53,7710,0.0,,,,
2026-02-11,IBAC,10.55,10.56,10.53,10.53,246,0.0,,,,
2026-02-12,IBAC,10.54,10.57,10.54,10.57,302,0.003798670465337217,,,,
2026-02-13,IBAC,10.57,10.64,10.57,10.59,5173,0.0018921475875117721,,,,
2026-02-17,IBAC,10.65,10.65,10.59,10.59,302,0.0,,,,
2026-02-18,IBAC,10.65,10.65,10.59,10.59,305,0.0,,,,
2026-02-19,IBAC,10.65,10.65,10.59,10.59,231,0.0,,,,
2026-02-20,IBAC,10.65,10.69,10.65,10.65,5305,0.0056657223796034994,,,,
2026-02-23,IBAC,10.69,10.69,10.69,10.69,3009,0.00375586854460086,,,,
2026-02-24,IBAC,10.69,10.69,10.69,10.69,4327,0.0,,,,
2026-02-25,IBAC,10.72,10.72,10.71,10.71,1661,0.00187090739008422,,,,
2026-02-26,IBAC,10.72,10.73,10.705,10.705,5346,-0.000466853408029988,,,,
2026-02-27,IBAC,10.73,10.73,10.65,10.72,7824,0.0014012143858010973,,,,
2026-01-02,IBO,0.491,0.491,0.4604,0.4909,4853,,,,,
2026-01-05,IBO,0.5035,0.5185,0.4852,0.5,709,0.01853738032185781,,,,
2026-01-06,IBO,0.5285,0.5285,0.5052,0.5107,961,0.021400000000000086,,,,
2026-01-07,IBO,0.51,0.51,0.5,0.508,261,-0.005286861170941903,,,,
2026-01-08,IBO,0.5068,0.5068,0.4902,0.495,153,-0.025590551181102428,,,,
2026-01-09,IBO,0.492,0.501,0.492,0.497,546,0.004040404040404066,,,,
2026-01-12,IBO,0.4934,0.4934,0.491,0.491,20,-0.012072434607645843,,,,
2026-01-13,IBO,0.474,0.4849,0.474,0.4822,1658,-0.017922606924643536,,,,
2026-01-14,IBO,0.4759,0.4877,0.4671,0.4877,2869,0.011406055578598195,,,,
2026-01-15,IBO,0.4864,0.4864,0.4703,0.4703,698,-0.03567767069920036,,,,
2026-01-16,IBO,0.4749,0.4749,0.4566,0.4566,1221,-0.029130342334679926,,,,
2026-01-20,IBO,0.4597,0.466,0.4579,0.4658,1335,0.020148926850635185,,,,
2026-01-21,IBO,0.4647,0.5006,0.4596,0.5006,2924,0.07471017604121943,,,,
2026-01-22,IBO,0.4851,0.4851,0.4789,0.484,7971,-0.03316020775069928,,,,
2026-01-23,IBO,0.4786,0.4786,0.47,0.4736,849,-0.02148760330578503,,,,
2026-01-26,IBO,0.4671,0.4678,0.4671,0.4677,295,-0.012457770270270285,,,,
2026-01-27,IBO,0.461,0.461,0.461,0.461,1084,-0.01432542227923883,,,,
2026-01-28,IBO,0.4551,0.4636,0.455,0.4636,44,0.00563991323210411,,,,
2026-01-29,IBO,0.4546,0.4748,0.45,0.45,2195,-0.029335634167385716,,,,
2026-01-30,IBO,0.4697,0.4968,0.45,0.4908,4445,0.09066666666666667,,,,
2026-02-02,IBO,0.4648,0.5166,0.4648,0.5084,3998,0.03585982070089644,,,,
2026-02-03,IBO,0.4676,0.5052,0.4676,0.489,599,-0.03815892997639647,,,,
2026-02-04,IBO,0.4907,0.517,0.4901,0.517,691,0.05725971370143146,,,,
2026-02-05,IBO,0.4722,0.4992,0.4722,0.4992,470,-0.034429400386847275,,,,
2026-02-06,IBO,0.49,0.5005,0.49,0.5004,633,0.0024038461538460343,,,,
2026-02-09,IBO,0.4707,0.4707,0.4588,0.4588,1249,-0.08313349320543562,,,,
2026-02-10,IBO,0.459,0.4593,0.455,0.455,97,-0.008282476024411456,,,,
2026-02-11,IBO,0.4566,0.4896,0.4566,0.4648,318,0.021538461538461506,,,,
2026-02-13,IBO,0.4549,0.46,0.4469,0.4469,3942,-0.038511187607573105,,,,
2026-02-17,IBO,0.4613,0.4613,0.3888,0.4336,1493,-0.029760572835086263,,,,
2026-02-18,IBO,0.445,0.445,0.4417,0.4417,498,0.018680811808118092,,,,
2026-02-19,IBO,0.4408,0.4408,0.4129,0.4129,1488,-0.06520262621688933,,,,
2026-02-20,IBO,0.435,0.466,0.41,0.41,5103,-0.007023492371034168,,,,
2026-02-23,IBO,0.4399,0.4399,0.4399,0.4399,4,0.07292682926829275,,,,
2026-02-24,IBO,0.4679,0.4679,0.447,0.447,3,0.01614003182541479,,,,
2026-02-25,IBO,0.435,0.435,0.435,0.435,11,-0.02684563758389269,,,,
2026-02-26,IBO,0.4386,0.442,0.4383,0.44,108,0.011494252873563315,,,,
2026-02-27,IBO,0.44,0.4464,0.4258,0.4338,1102,-0.014090909090909043,,,,
2026-01-02,IMXI,15.36,15.36,15.33,15.35,64164,,,,,
2026-01-05,IMXI,15.33,15.41,15.33,15.41,44875,0.003908794788273662,,,,
2026-01-06,IMXI,15.36,15.45,15.35,15.44,41685,0.0019467878001298011,,,,
2026-01-07,IMXI,15.44,15.49,15.41,15.49,36787,0.0032383419689119286,,,,
2026-01-08,IMXI,15.47,15.535,15.45,15.47,123795,-0.0012911555842478606,,,,
2026-01-09,IMXI,15.47,15.505,15.46,15.46,43802,-0.0006464124111182912,,,,
2026-01-12,IMXI,15.47,15.51,15.47,15.51,33247,0.0032341526520049957,,,,
2026-01-13,IMXI,15.5,15.53,15.49,15.5,34084,-0.0006447453255963298,,,,
2026-01-14,IMXI,15.5,15.51,15.485,15.5,45154,0.0,,,,
2026-01-15,IMXI,15.5,15.51,15.49,15.5,35471,0.0,,,,
2026-01-16,IMXI,15.49,15.51,15.49,15.5,36073,0.0,,,,
2026-01-20,IMXI,15.49,15.49,15.405,15.47,60102,-0.001935483870967647,,,,
2026-01-21,IMXI,15.45,15.51,15.44,15.51,42374,0.0025856496444731647,,,,
2026-01-22,IMXI,15.5,15.51,15.49,15.5,39779,-0.0006447453255963298,,,,
2026-01-23,IMXI,15.49,15.51,15.47,15.49,51468,-0.000645161290322549,,,,
2026-01-26,IMXI,15.48,15.49,15.47,15.47,29507,-0.0012911555842478606,,,,
2026-01-27,IMXI,15.47,15.48,15.465,15.48,52990,0.0006464124111182912,,,,
2026-01-28,IMXI,15.49,15.49,15.45,15.45,80082,-0.0019379844961241455,,,,
2026-01-29,IMXI,15.47,15.48,15.47,15.47,68060,0.0012944983818770073,,,,
2026-01-30,IMXI,15.48,15.49,15.45,15.46,96159,-0.0006464124111182912,,,,
2026-02-02,IMXI,15.46,15.525,15.45,15.51,81059,0.0032341526520049957,,,,
2026-02-03,IMXI,15.51,15.53,15.49,15.49,31373,-0.0012894906511927706,,,,
2026-02-04,IMXI,15.5,15.52,15.5,15.51,30360,0.0012911555842478606,,,,
2026-02-05,IMXI,15.5,15.53,15.5,15.53,40968,0.0012894906511926596,,,,
2026-02-06,IMXI,15.52,15.57,15.51,15.55,47988,0.0012878300064391723,,,,
2026-02-09,IMXI,15.53,15.57,15.525,15.53,30390,-0.0012861736334406348,,,,
2026-02-10,IMXI,15.53,15.58,15.53,15.56,37130,0.0019317450096587585,,,,
2026-02-11,IMXI,15.56,15.56,15.52,15.54,33953,-0.0012853470437018677,,,,
2026-02-12,IMXI,15.58,15.58,15.53,15.55,37800,0.0006435006435008273,,,,
2026-02-13,IMXI,15.58,15.625,15.545,15.57,155847,0.0012861736334404128,,,,
2026-02-17,IMXI,15.56,15.565,15.545,15.55,44832,-0.0012845215157353262,,,,
2026-02-18,IMXI,15.57,15.57,15.5,15.51,89964,-0.0025723472668810476,,,,
2026-02-19,IMXI,15.5,15.54,15.5,15.51,66613,0.0,,,,
2026-02-20,IMXI,15.51,15.705,15.505,15.69,131995,0.011605415860735047,,,,
2026-02-23,IMXI,15.69,15.75,15.65,15.65,71947,-0.002549394518801762,,,,
2026-02-24,IMXI,15.74,15.81,15.74,15.78,41128,0.008306709265175627,,,,
2026-02-25,IMXI,15.82,15.82,15.715,15.75,69532,-0.0019011406844106071,,,,
2026-02-26,IMXI,15.77,15.79,15.735,15.74,73655,-0.0006349206349206549,,,,
2026-02-27,IMXI,15.76,15.8,15.74,15.78,42556,0.0025412960609909607,,,,
2026-01-02,IONQ,46.21,47.09,43.81,46.7,1558967,,,,,
2026-01-05,IONQ,47.06,50.32,46.52,48.75,2004278,0.04389721627408982,,,,
2026-01-06,IONQ,48.68,50.96,47.2,50.5,1781206,0.03589743589743599,,,,
2026-01-07,IONQ,50.45,51.84,49.32,49.68,1553050,-0.016237623762376252,,,,
2026-01-08,IONQ,49.39,52.51,48.5,50.46,1698052,0.01570048309178751,,,,
2026-01-09,IONQ,50.55,52.6,49.28,49.78,1332529,-0.013476020610384443,,,,
2026-01-12,IONQ,49.05,51.02,47.8,50.67,3176526,0.017878666130976217,,,,
2026-01-13,IONQ,50.9,51.92,47.995,49.1,1681483,-0.03098480363134004,,,,
2026-01-14,IONQ,49.14,51.22,47.33,50.11,1512936,0.020570264765784163,,,,
2026-01-15,IONQ,50.69,51.56,47.47,48.61,2186263,-0.029934144881261227,,,,
2026-01-16,IONQ,48.75,51.89,47.53,50.5,2962589,0.03888088870602768,,,,
2026-01-20,IONQ,48.83,54.24,47.69,50.64,2571368,0.0027722772277227747,,,,
2026-01-21,IONQ,51.4,52.645,45.7,48.78,3800578,-0.03672985781990523,,,,
2026-01-22,IONQ,49.27,50.18,47.94,49.08,2125599,0.006150061500614923,,,,
2026-01-23,IONQ,49.21,49.5,46.6,47.54,1324703,-0.03137734311328444,,,,
2026-01-26,IONQ,47.39,50.59,42.84,44.42,5204622,-0.06562894404711817,,,,
2026-01-27,IONQ,45.12,46.44,43.03,45.68,2687670,0.028365601080594383,,,,
2026-01-28,IONQ,46.08,46.9,45.0,45.8,2164806,0.0026269702276706663,,,,
2026-01-29,IONQ,46.02,46.19,42.16,43.54,2726808,-0.04934497816593886,,,,
2026-01-30,IONQ,42.89,43.66,38.92,40.43,3142360,-0.0714285714285714,,,,
2026-02-02,IONQ,39.38,40.85,37.72,39.04,2298573,-0.03438041058619834,,,,
2026-02-03,IONQ,39.67,39.8,36.63,38.42,2325282,-0.015881147540983576,,,,
2026-02-04,IONQ,38.7,38.81,33.65,34.93,4384913,-0.09083810515356594,,,,
2026-02-05,IONQ,34.64,34.78,29.0,29.23,3508339,-0.16318350987689667,,,,
2026-02-06,IONQ,30.01,36.1,29.93,35.43,4199838,0.21211084502223732,,,,
2026-02-09,IONQ,35.42,35.8,33.67,35.49,1957927,0.0016934801016088574,,,,
2026-02-10,IONQ,35.45,36.56,34.81,35.23,1308361,-0.007326007326007522,,,,
2026-02-11,IONQ,35.2,36.21,33.02,33.64,2056079,-0.04513198978143618,,,,
2026-02-12,IONQ,33.79,34.14,30.895,31.47,2097911,-0.0645065398335316,,,,
2026-02-13,IONQ,31.61,34.64,30.86,34.13,2262064,0.08452494439148417,,,,
2026-02-17,IONQ,33.85,34.31,31.855,33.23,1399132,-0.026369762672136088,,,,
2026-02-18,IONQ,33.49,34.88,32.39,33.5,1224062,0.00812518808305751,,,,
2026-02-19,IONQ,33.67,33.67,31.99,33.3,1920138,-0.005970149253731405,,,,
2026-02-20,IONQ,33.5,33.87,31.38,32.0,1615220,-0.039039039039038936,,,,
2026-02-23,IONQ,31.49,31.86,30.17,31.25,1480566,-0.0234375,,,,
2026-02-24,IONQ,31.15,31.95,30.19,31.55,1643230,0.009600000000000053,,,,
2026-02-25,IONQ,31.82,37.26,31.76,36.01,3645314,0.141362916006339,,,,
2026-02-26,IONQ,37.13,41.9,37.13,39.75,8304987,0.10386003887808948,,,,
2026-02-27,IONQ,40.25,40.25,36.46,37.95,2658642,-0.04528301886792441,,,,
2026-01-02,IPCX,10.14,10.15,10.14,10.15,2301,,,,,
2026-01-05,IPCX,10.15,10.16,10.12,10.16,31182,0.0009852216748769127,,,,
2026-01-06,IPCX,10.14,10.15,10.14,10.15,17477,-0.0009842519685039353,,,,
2026-01-07,IPCX,10.14,10.15,10.14,10.15,20439,0.0,,,,
2026-01-08,IPCX,10.14,10.17,10.14,10.17,6294,0.0019704433497536034,,,,
2026-01-09,IPCX,10.14,10.15,10.14,10.15,23112,-0.001966568338249708,,,,
2026-01-12,IPCX,10.15,10.17,10.14,10.17,14613,0.0019704433497536034,,,,
2026-01-13,IPCX,10.15,10.16,10.15,10.16,10615,-0.000983284169124854,,,,
2026-01-14,IPCX,10.16,10.16,10.145,10.15,11749,-0.0009842519685039353,,,,
2026-01-15,IPCX,10.15,10.16,10.15,10.16,7388,0.0009852216748769127,,,,
2026-01-16,IPCX,10.2,10.2,10.15,10.17,1304,0.0009842519685039353,,,,
2026-01-20,IPCX,10.2,10.2,10.15,10.15,494,-0.001966568338249708,,,,
2026-01-21,IPCX,10.17,10.18,10.15,10.15,39450,0.0,,,,
2026-01-22,IPCX,10.17,10.17,10.16,10.165,1112,0.001477832512315258,,,,
2026-01-23,IPCX,10.18,10.18,10.16,10.16,1561,-0.0004918839153958965,,,,
2026-01-26,IPCX,10.18,10.18,10.15,10.15,10928,-0.0009842519685039353,,,,
2026-01-27,IPCX,10.18,10.18,10.16,10.16,102,0.0009852216748769127,,,,
2026-01-28,IPCX,10.16,10.16,10.16,10.16,2474,0.0,,,,
2026-01-29,IPCX,10.16,10.16,10.15,10.15,113112,-0.0009842519685039353,,,,
2026-01-30,IPCX,10.14,10.58,10.14,10.58,9858,0.04236453201970436,,,,
2026-02-02,IPCX,10.2,10.2,10.15,10.15,7353,-0.04064272211720221,,,,
2026-02-03,IPCX,10.15,10.155,10.15,10.15,3783,0.0,,,,
2026-02-04,IPCX,10.2,10.2,10.15,10.15,4372,0.0,,,,
2026-02-05,IPCX,10.17,10.17,10.16,10.16,3577,0.0009852216748769127,,,,
2026-02-06,IPCX,10.2,10.2,10.15,10.15,53618,-0.0009842519685039353,,,,
2026-02-09,IPCX,10.2,10.2,10.16,10.16,4,0.0009852216748769127,,,,
2026-02-10,IPCX,10.17,10.17,10.16,10.17,2100,0.0009842519685039353,,,,
2026-02-11,IPCX,10.16,10.16,10.14,10.15,51318,-0.001966568338249708,,,,
2026-02-12,IPCX,10.15,10.155,10.145,10.15,48533,0.0,,,,
2026-02-13,IPCX,10.16,10.16,10.16,10.16,1600,0.0009852216748769127,,,,
2026-02-17,IPCX,10.2,10.2,10.2,10.2,443,0.003937007874015741,,,,
2026-02-18,IPCX,10.19,10.19,10.17,10.17,1033,-0.002941176470588225,,,,
2026-02-19,IPCX,10.18,10.18,10.17,10.17,20488,0.0,,,,
2026-02-20,IPCX,10.17,10.17,10.16,10.16,739,-0.000983284169124854,,,,
2026-02-23,IPCX,10.2,10.22,10.16,10.16,48,0.0,,,,
2026-02-24,IPCX,10.17,10.17,10.16,10.16,244,0.0,,,,
2026-02-25,IPCX,10.16,10.2,10.16,10.2,3648,0.003937007874015741,,,,
2026-02-26,IPCX,10.18,10.2,10.18,10.2,153,0.0,,,,
2026-02-27,IPCX,10.19,10.2,10.19,10.2,7370,0.0,,,,
2026-01-16,ITOC,0.9023,0.9236,0.5,0.6088,294958,,,,,
2026-01-20,ITOC,0.5401,0.639,0.5369,0.6312,351009,0.036793692509855314,,,,
2026-01-21,ITOC,0.6101,0.6101,0.5498,0.55,11362,-0.1286438529784536,,,,
2026-01-22,ITOC,0.5191,0.5615,0.5088,0.5088,11592,-0.07490909090909093,,,,
2026-01-23,ITOC,0.515,0.5678,0.515,0.5315,7516,0.044614779874213806,,,,
2026-01-26,ITOC,0.53,0.54,0.51,0.51,6131,-0.04045155221072427,,,,
2026-01-27,ITOC,0.529,0.53,0.5,0.5,5322,-0.019607843137254943,,,,
2026-01-28,ITOC,0.507,0.5401,0.5,0.52,6342,0.040000000000000036,,,,
2026-01-29,ITOC,0.5308,0.5308,0.4599,0.4599,4379,-0.11557692307692313,,,,
2026-01-30,ITOC,0.481,0.53,0.4706,0.5101,18283,0.1091541639486846,,,,
2026-02-02,ITOC,0.5385,0.6479,0.4405,0.4607,36774,-0.09684375612624974,,,,
2026-02-03,ITOC,0.4672,0.4701,0.4302,0.4397,19395,-0.04558280876926424,,,,
2026-02-04,ITOC,0.4006,0.4249,0.3309,0.3881,18380,-0.11735274050488964,,,,
2026-02-05,ITOC,0.418,0.4228,0.352,0.352,4412,-0.0930172635918578,,,,
2026-02-06,ITOC,0.36,0.3901,0.36,0.3901,1979,0.10823863636363651,,,,
2026-02-09,ITOC,0.395,0.4,0.3901,0.3912,3749,0.0028197897974877595,,,,
2026-02-10,ITOC,0.4179,0.4499,0.4179,0.4322,23306,0.10480572597137017,,,,
2026-02-11,ITOC,0.432,0.4572,0.4113,0.4477,2246,0.03586302637667749,,,,
2026-02-12,ITOC,0.4201,0.4482,0.4115,0.439,3232,-0.019432655796292164,,,,
2026-02-13,ITOC,0.4111,0.43,0.4111,0.413,3007,-0.059225512528473856,,,,
2026-02-17,ITOC,0.4,0.413,0.3734,0.375,11143,-0.09200968523002417,,,,
2026-02-18,ITOC,0.3877,0.3931,0.37,0.3931,4386,0.04826666666666668,,,,
2026-02-19,ITOC,0.36,0.401,0.36,0.374,2355,-0.04858814551004831,,,,
2026-02-20,ITOC,0.3719,0.3755,0.3719,0.372,1751,-0.005347593582887722,,,,
2026-02-23,ITOC,0.35,0.378,0.3436,0.378,8252,0.016129032258064502,,,,
2026-02-24,ITOC,0.378,0.378,0.36,0.36,1105,-0.04761904761904767,,,,
2026-02-25,ITOC,0.34,0.3514,0.34,0.3443,1579,-0.043611111111111045,,,,
2026-02-26,ITOC,0.351,0.3614,0.34,0.3603,1871,0.046471100784199804,,,,
2026-02-27,ITOC,0.33,0.3601,0.33,0.352,9018,-0.02303635859006392,,,,
2026-01-02,JFB,15.0,15.5,14.32,15.5,9747,,,,,
2026-01-05,JFB,15.74,15.74,15.02,15.22,5147,-0.01806451612903226,,,,
2026-01-06,JFB,15.13,16.56,15.02,16.48,8358,0.08278580814717484,,,,
2026-01-07,JFB,16.0,16.11,14.82,14.99,5358,-0.09041262135922334,,,,
2026-01-08,JFB,14.99,15.44,14.54,14.66,4111,-0.02201467645096733,,,,
2026-01-09,JFB,14.66,16.47,14.66,15.53,1823,0.059345156889495154,,,,
2026-01-12,JFB,16.51,16.75,14.95,16.02,20348,0.03155183515775928,,,,
2026-01-13,JFB,15.89,16.26,15.17,15.895,2203,-0.007802746566791474,,,,
2026-01-14,JFB,16.04,18.71,16.04,17.96,14630,0.12991506763133076,,,,
2026-01-15,JFB,17.5,21.535,17.5,20.15,18392,0.1219376391982181,,,,
2026-01-16,JFB,21.79,24.4,19.73,23.19,18075,0.1508684863523575,,,,
2026-01-20,JFB,21.14,25.86,20.01,24.64,11477,0.06252695127210006,,,,
2026-01-21,JFB,24.59,25.22,23.46,24.07,5298,-0.023133116883116922,,,,
2026-01-22,JFB,24.51,26.15,23.03,24.72,5314,0.02700457000415457,,,,
2026-01-23,JFB,25.0,27.54,23.7,25.91,6808,0.04813915857605178,,,,
2026-01-26,JFB,26.15,27.49,25.0,25.51,6080,-0.015438054805094525,,,,
2026-01-27,JFB,25.82,27.97,25.82,26.905,3313,0.05468443747549978,,,,
2026-01-28,JFB,26.9,27.48,25.41,25.42,4106,-0.05519420182122281,,,,
2026-01-29,JFB,25.11,27.81,25.11,27.42,7451,0.07867820613690002,,,,
2026-01-30,JFB,27.09,28.8,26.26,26.45,11078,-0.03537563822027723,,,,
2026-02-02,JFB,26.84,29.68,25.94,27.28,25069,0.0313799621928168,,,,
2026-02-03,JFB,28.12,33.65,27.51,28.66,17749,0.050586510263929574,,,,
2026-02-04,JFB,30.0,30.0,25.34,28.39,20267,-0.009420795533845117,,,,
2026-02-05,JFB,27.65,27.94,22.26,23.0,17879,-0.18985558295174354,,,,
2026-02-06,JFB,24.0,30.48,23.42,30.095,18111,0.3084782608695651,,,,
2026-02-09,JFB,30.5,34.64,30.5,33.74,26105,0.12111646452899172,,,,
2026-02-10,JFB,34.42,34.5,29.12,29.96,20449,-0.11203319502074693,,,,
2026-02-11,JFB,30.28,32.355,29.75,32.0,19709,0.06809078771695587,,,,
2026-02-12,JFB,31.38,31.89,28.09,28.13,8932,-0.12093750000000003,,,,
2026-02-13,JFB,28.19,30.14,26.94,30.05,11862,0.06825453252755076,,,,
2026-02-17,JFB,31.83,35.23,13.1,17.46,213701,-0.41896838602329445,,,,
2026-02-18,JFB,17.12,24.0,17.12,21.17,249472,0.21248568155784664,,,,
2026-02-19,JFB,22.9,23.87,19.71,21.08,88250,-0.00425129900803034,,,,
2026-02-20,JFB,20.46,22.07,18.52,19.03,59247,-0.0972485768500948,,,,
2026-02-23,JFB,19.0,19.47,18.7,19.1,21134,0.0036784025223330907,,,,
2026-02-24,JFB,18.72,19.69,18.59,18.81,20276,-0.015183246073298573,,,,
2026-02-25,JFB,18.6,18.6,15.65,16.14,23065,-0.14194577352472082,,,,
2026-02-26,JFB,16.1,16.6,15.1,15.66,19166,-0.029739776951672847,,,,
2026-02-27,JFB,15.02,15.45,14.0,15.2,16750,-0.02937420178799499,,,,
2026-01-02,JOB,0.1958,0.198,0.1954,0.198,8184,,,,,
2026-01-05,JOB,0.1952,0.2001,0.1952,0.1999,30566,0.009595959595959602,,,,
2026-01-06,JOB,0.2018,0.209,0.2018,0.205,5499,0.025512756378189172,,,,
2026-01-07,JOB,0.2011,0.2013,0.2007,0.2011,2505,-0.019024390243902345,,,,
2026-01-08,JOB,0.1948,0.2151,0.1948,0.2,10038,-0.005469915464942798,,,,
2026-01-09,JOB,0.2023,0.2075,0.2023,0.2075,1012,0.03749999999999987,,,,
2026-01-12,JOB,0.205,0.2071,0.1996,0.2035,4224,-0.01927710843373498,,,,
2026-01-13,JOB,0.201,0.205,0.2001,0.205,400,0.0073710073710073765,,,,
2026-01-14,JOB,0.205,0.2085,0.205,0.2068,155,0.008780487804878057,,,,
2026-01-15,JOB,0.203,0.2073,0.2,0.2071,5208,0.0014506769825919363,,,,
2026-01-16,JOB,0.2085,0.2095,0.2061,0.2061,10736,-0.004828585224529225,,,,
2026-01-20,JOB,0.2073,0.212,0.2073,0.2101,959,0.019408054342552106,,,,
2026-01-21,JOB,0.2137,0.2152,0.2129,0.2152,4797,0.02427415516420739,,,,
2026-01-22,JOB,0.2396,0.29,0.2377,0.27,66672,0.254646840148699,,,,
2026-01-23,JOB,0.267,0.2723,0.2378,0.254,18566,-0.059259259259259345,,,,
2026-01-26,JOB,0.2494,0.2494,0.244,0.2456,1151,-0.03307086614173227,,,,
2026-01-27,JOB,0.2433,0.259,0.2433,0.2574,3698,0.0480456026058631,,,,
2026-01-28,JOB,0.2485,0.2527,0.2446,0.2446,1200,-0.049728049728049784,,,,
2026-01-29,JOB,0.238,0.2457,0.236,0.236,1011,-0.03515944399018811,,,,
2026-01-30,JOB,0.235,0.2389,0.23,0.2385,15880,0.010593220338983134,,,,
2026-02-02,JOB,0.2337,0.235,0.2324,0.2329,12889,-0.02348008385744227,,,,
2026-02-03,JOB,0.2329,0.235,0.2306,0.235,610,0.009016745384285096,,,,
2026-02-04,JOB,0.227,0.2305,0.227,0.2293,4053,-0.024255319148936083,,,,
2026-02-05,JOB,0.227,0.2312,0.2251,0.2253,8063,-0.017444395987788908,,,,
2026-02-06,JOB,0.2254,0.2342,0.2254,0.2341,2752,0.039059032401242755,,,,
2026-02-09,JOB,0.233,0.2399,0.2286,0.2321,7105,-0.008543357539513075,,,,
2026-02-10,JOB,0.2328,0.236,0.2291,0.2305,1509,-0.006893580353295903,,,,
2026-02-11,JOB,0.2318,0.2357,0.2318,0.2337,1487,0.013882863340563878,,,,
2026-02-12,JOB,0.2306,0.2306,0.2104,0.2133,5512,-0.0872913992297818,,,,
2026-02-13,JOB,0.2147,0.239,0.212,0.2343,15371,0.09845288326300983,,,,
2026-02-17,JOB,0.2351,0.2399,0.2301,0.2399,4200,0.023900981647460462,,,,
2026-02-18,JOB,0.2468,0.2471,0.2379,0.245,1449,0.02125885785744064,,,,
2026-02-19,JOB,0.2437,0.2462,0.2351,0.2351,14144,-0.04040816326530605,,,,
2026-02-20,JOB,0.2352,0.2496,0.2352,0.2395,2929,0.01871544023819638,,,,
2026-02-23,JOB,0.23,0.234,0.23,0.2325,1288,-0.029227557411273364,,,,
2026-02-24,JOB,0.25,0.2551,0.2242,0.2324,3652,-0.00043010752688177334,,,,
2026-02-25,JOB,0.2359,0.2453,0.2357,0.2453,2439,0.05550774526678137,,,,
2026-02-26,JOB,0.2398,0.2415,0.2397,0.2406,2520,-0.019160211985324027,,,,
2026-02-27,JOB,0.2355,0.2378,0.2355,0.2378,993,-0.011637572734829571,,,,
2026-01-02,KALV,16.0,16.38,15.31,15.46,373579,,,,,
2026-01-05,KALV,15.89,15.89,15.125,15.66,323332,0.012936610608020649,,,,
2026-01-06,KALV,15.76,16.17,15.2,15.75,415985,0.005747126436781658,,,,
2026-01-07,KALV,15.65,16.78,15.35,16.34,255600,0.037460317460317416,,,,
2026-01-08,KALV,16.87,18.5,15.75,17.97,346610,0.09975520195838428,,,,
2026-01-09,KALV,18.04,19.0,16.02,18.25,1191343,0.015581524763494725,,,,
2026-01-12,KALV,17.0,17.18,15.385,16.39,461913,-0.10191780821917806,,,,
2026-01-13,KALV,16.4,16.8,14.8,14.95,443378,-0.08785845027455774,,,,
2026-01-14,KALV,14.93,15.66,14.78,15.24,403214,0.019397993311036865,,,,
2026-01-15,KALV,15.42,16.15,14.7,15.0,562427,-0.015748031496062964,,,,
2026-01-16,KALV,15.36,15.36,14.445,14.6,352479,-0.026666666666666727,,,,
2026-01-20,KALV,14.35,15.75,14.2,15.31,519319,0.048630136986301364,,,,
2026-01-21,KALV,15.39,15.92,15.0,15.68,354706,0.024167210973220055,,,,
2026-01-22,KALV,15.5,16.65,15.5,16.5,261713,0.05229591836734704,,,,
2026-01-23,KALV,16.3,16.78,15.945,16.02,236912,-0.029090909090909167,,,,
2026-01-26,KALV,15.8,15.9,14.86,14.91,314370,-0.06928838951310856,,,,
2026-01-27,KALV,14.49,15.41,14.49,14.94,301605,0.002012072434607548,,,,
2026-01-28,KALV,14.94,15.375,14.66,15.14,273178,0.013386880856760541,,,,
2026-01-29,KALV,15.2,16.16,15.0,15.88,250691,0.04887714663143994,,,,
2026-01-30,KALV,15.59,15.925,14.92,15.61,252730,-0.01700251889168769,,,,
2026-02-02,KALV,15.65,16.39,15.56,16.11,205354,0.03203074951953866,,,,
2026-02-03,KALV,16.3,16.57,15.645,16.13,191388,0.0012414649286156543,,,,
2026-02-04,KALV,16.23,16.23,14.695,14.98,315246,-0.07129572225666447,,,,
2026-02-05,KALV,14.72,15.17,14.29,14.4,279006,-0.03871829105473967,,,,
2026-02-06,KALV,14.7,15.08,14.51,14.9,298869,0.03472222222222232,,,,
2026-02-09,KALV,15.3,15.3,14.42,14.77,203193,-0.008724832214765166,,,,
2026-02-10,KALV,14.87,15.31,14.63,15.01,282512,0.016249153689912088,,,,
2026-02-11,KALV,14.96,15.67,14.79,15.56,278604,0.036642238507661684,,,,
2026-02-12,KALV,15.6,15.7,14.91,15.12,212710,-0.028277634961439646,,,,
2026-02-13,KALV,15.17,15.42,14.81,14.91,214521,-0.01388888888888884,,,,
2026-02-17,KALV,14.95,15.17,14.325,15.17,214419,0.017437961099932897,,,,
2026-02-18,KALV,14.9,15.61,14.88,15.45,193184,0.018457481872115933,,,,
2026-02-19,KALV,15.49,15.93,15.3,15.64,265288,0.012297734627831902,,,,
2026-02-20,KALV,16.0,16.09,15.39,15.83,170349,0.012148337595907943,,,,
2026-02-23,KALV,15.83,16.11,15.27,15.56,155780,-0.017056222362602624,,,,
2026-02-24,KALV,15.48,15.96,15.35,15.77,230650,0.013496143958868778,,,,
2026-02-25,KALV,15.73,16.11,15.45,15.99,187220,0.013950538998097617,,,,
2026-02-26,KALV,15.71,15.85,15.27,15.76,162284,-0.014383989993746127,,,,
2026-02-27,KALV,15.81,16.31,15.55,16.28,252172,0.032994923857868175,,,,
2026-01-02,KELYA,8.81,8.82,8.545,8.64,105068,,,,,
2026-01-05,KELYA,8.64,8.925,8.64,8.69,104718,0.0057870370370369795,,,,
2026-01-06,KELYA,8.65,8.915,8.58,8.89,91713,0.023014959723820505,,,,
2026-01-07,KELYA,8.87,8.99,8.69,8.8,81978,-0.010123734533183382,,,,
2026-01-08,KELYA,8.73,9.21,8.73,9.05,103872,0.02840909090909083,,,,
2026-01-09,KELYA,9.06,9.2,8.95,9.18,69854,0.014364640883977708,,,,
2026-01-12,KELYA,9.25,11.75,9.14,11.2,218232,0.2200435729847494,,,,
2026-01-13,KELYA,11.03,11.94,9.735,9.94,425994,-0.11249999999999993,,,,
2026-01-14,KELYA,10.07,10.46,10.07,10.32,283154,0.03822937625754541,,,,
2026-01-15,KELYA,10.26,10.37,10.07,10.33,191426,0.0009689922480620172,,,,
2026-01-16,KELYA,10.35,10.36,10.065,10.12,132343,-0.020329138431752214,,,,
2026-01-20,KELYA,10.01,10.05,9.61,9.73,159697,-0.03853754940711451,,,,
2026-01-21,KELYA,9.75,10.155,9.75,10.05,179535,0.03288797533401855,,,,
2026-01-22,KELYA,9.82,10.51,9.82,10.37,112472,0.03184079601990031,,,,
2026-01-23,KELYA,10.33,10.39,10.17,10.22,116588,-0.014464802314368197,,,,
2026-01-26,KELYA,10.23,10.27,9.995,10.11,123106,-0.010763209393346518,,,,
2026-01-27,KELYA,10.08,10.1,9.975,10.1,85916,-0.0009891196834816984,,,,
2026-01-28,KELYA,10.1,10.13,9.84,10.01,153635,-0.008910891089108919,,,,
2026-01-29,KELYA,10.03,10.32,9.895,10.32,151873,0.03096903096903092,,,,
2026-01-30,KELYA,10.02,11.55,10.02,11.5,274938,0.11434108527131781,,,,
2026-02-02,KELYA,11.49,11.49,10.81,11.19,299082,-0.026956521739130435,,,,
2026-02-03,KELYA,11.15,11.23,10.55,10.64,211900,-0.04915102770330648,,,,
2026-02-04,KELYA,10.7,10.96,10.685,10.79,144499,0.014097744360902054,,,,
2026-02-05,KELYA,10.85,13.17,10.37,10.65,567343,-0.012974976830398388,,,,
2026-02-06,KELYA,10.23,11.29,10.23,10.9,234127,0.023474178403755763,,,,
2026-02-09,KELYA,11.07,11.07,10.28,10.69,170096,-0.019266055045871644,,,,
2026-02-10,KELYA,10.67,10.91,10.6,10.64,140894,-0.004677268475210328,,,,
2026-02-11,KELYA,10.58,10.67,9.61,9.91,289250,-0.06860902255639101,,,,
2026-02-12,KELYA,9.93,10.2,9.38,9.78,306145,-0.01311806256306769,,,,
2026-02-13,KELYA,9.74,9.91,9.55,9.79,227735,0.0010224948875254825,,,,
2026-02-17,KELYA,9.74,9.74,9.01,9.35,355804,-0.0449438202247191,,,,
2026-02-18,KELYA,9.39,9.86,9.3,9.8,285222,0.0481283422459895,,,,
2026-02-19,KELYA,9.66,9.77,9.41,9.65,170298,-0.015306122448979664,,,,
2026-02-20,KELYA,9.65,9.855,9.535,9.85,168104,0.02072538860103612,,,,
2026-02-23,KELYA,9.76,9.76,9.1,9.42,247400,-0.04365482233502538,,,,
2026-02-24,KELYA,9.51,9.91,9.3,9.35,149422,-0.007430997876857748,,,,
2026-02-25,KELYA,9.34,9.75,9.16,9.75,137356,0.04278074866310155,,,,
2026-02-26,KELYA,9.5,9.73,9.38,9.5,164674,-0.02564102564102566,,,,
2026-02-27,KELYA,9.62,9.77,9.4,9.71,195102,0.02210526315789485,,,,
2026-01-02,KMB,101.05,101.97,100.27,101.1,1480156,,,,,
2026-01-05,KMB,101.4,101.67,97.65,98.2,2761153,-0.028684470820969254,,,,
2026-01-06,KMB,98.5,98.54,97.57,97.79,1655356,-0.0041751527494907625,,,,
2026-01-07,KMB,98.12,98.13,96.27,97.72,1689367,-0.0007158196134574579,,,,
2026-01-08,KMB,97.75,99.59,97.32,98.92,1387569,0.012279983626688473,,,,
2026-01-09,KMB,99.24,99.64,97.69,98.01,1771350,-0.009199353012535383,,,,
2026-01-12,KMB,98.11,99.84,97.79,98.35,2309622,0.0034690337720639786,,,,
2026-01-13,KMB,98.4,99.42,97.8,98.65,2433967,0.0030503304524658326,,,,
2026-01-14,KMB,98.73,99.525,98.13,99.0,1699719,0.003547896604155998,,,,
2026-01-15,KMB,99.13,101.155,98.63,100.47,1872711,0.014848484848484889,,,,
2026-01-16,KMB,101.0,101.0,98.56,99.31,1895567,-0.011545735045287109,,,,
2026-01-20,KMB,99.23,101.53,98.29,101.49,2349790,0.02195146510925383,,,,
2026-01-21,KMB,101.57,101.84,99.44,100.29,1838213,-0.011823825007389765,,,,
2026-01-22,KMB,100.5,102.45,98.9,102.25,1501993,0.019543324359357905,,,,
2026-01-23,KMB,101.95,102.52,101.46,102.21,1321947,-0.00039119804400988833,,,,
2026-01-26,KMB,102.05,102.96,100.25,101.13,2502008,-0.010566480774875209,,,,
2026-01-27,KMB,101.15,104.69,100.15,100.73,2934679,-0.003955305052902092,,,,
2026-01-28,KMB,100.44,101.23,98.39,99.49,2145960,-0.01231013600714792,,,,
2026-01-29,KMB,99.38,99.91,98.02,98.57,2083355,-0.009247160518645159,,,,
2026-01-30,KMB,98.66,100.39,98.12,99.8,4354549,0.012478441716546662,,,,
2026-02-02,KMB,99.95,100.81,98.625,99.45,2300830,-0.003507014028056088,,,,
2026-02-03,KMB,99.5,101.54,98.77,100.66,1953644,0.012166918049270947,,,,
2026-02-04,KMB,100.75,103.97,100.7,103.19,2643168,0.025134114842042532,,,,
2026-02-05,KMB,103.36,104.8,102.16,104.49,2534101,0.012598119972865529,,,,
2026-02-06,KMB,104.5,105.04,103.62,104.5,2117108,9.57029380801444e-05,,,,
2026-02-09,KMB,104.75,105.29,103.62,104.7,1315826,0.00191387559808609,,,,
2026-02-10,KMB,105.22,106.88,104.7,105.88,2195492,0.011270296084049614,,,,
2026-02-11,KMB,105.95,107.87,104.51,107.53,2315015,0.015583679637325432,,,,
2026-02-12,KMB,107.58,110.79,107.25,108.03,2182941,0.004649865153910637,,,,
2026-02-13,KMB,108.58,109.82,107.975,109.66,2001700,0.015088401369989679,,,,
2026-02-17,KMB,109.9,110.17,107.24,107.8,1314370,-0.016961517417472205,,,,
2026-02-18,KMB,108.0,110.65,107.01,109.7,1683339,0.017625231910946226,,,,
2026-02-19,KMB,109.86,110.33,107.8,108.68,1188323,-0.009298085688240643,,,,
2026-02-20,KMB,108.5,109.6,108.33,109.0,2245057,0.002944423997055523,,,,
2026-02-23,KMB,109.01,110.8,108.14,110.51,1779612,0.013853211009174249,,,,
2026-02-24,KMB,110.49,111.41,109.93,111.12,1114337,0.005519862455886315,,,,
2026-02-25,KMB,111.09,111.33,108.2,109.23,1470155,-0.017008639308855322,,,,
2026-02-26,KMB,108.72,110.58,108.72,110.31,2100958,0.009887393573194236,,,,
2026-02-27,KMB,110.38,111.8,109.85,111.29,1982153,0.008884054029553168,,,,
2026-01-02,KORE,4.18,4.45,4.18,4.43,5915,,,,,
2026-01-05,KORE,4.28,4.765,4.28,4.75,810,0.07223476297968401,,,,
2026-01-06,KORE,4.69,4.82,4.69,4.81,3027,0.012631578947368327,,,,
2026-01-07,KORE,4.77,4.85,4.77,4.8,4575,-0.0020790020790020236,,,,
2026-01-08,KORE,4.795,4.795,4.75,4.76,1240,-0.008333333333333304,,,,
2026-01-09,KORE,4.82,4.88,4.82,4.86,442,0.021008403361344685,,,,
2026-01-12,KORE,4.915,4.94,4.83,4.91,2642,0.010288065843621297,,,,
2026-01-13,KORE,4.91,4.96,4.91,4.935,666,0.005091649694500822,,,,
2026-01-14,KORE,4.92,4.93,4.755,4.775,1224,-0.032421479229989725,,,,
2026-01-15,KORE,4.78,4.91,4.78,4.88,353,0.021989528795811397,,,,
2026-01-16,KORE,4.975,5.01,4.75,4.76,1838,-0.024590163934426257,,,,
2026-01-20,KORE,4.64,4.92,4.64,4.74,1712,-0.004201680672268782,,,,
2026-01-21,KORE,4.735,4.76,4.645,4.695,1731,-0.009493670886075889,,,,
2026-01-22,KORE,4.81,4.93,4.8,4.93,2746,0.050053248136315176,,,,
2026-01-23,KORE,4.95,4.97,4.87,4.915,1432,-0.0030425963488842633,,,,
2026-01-26,KORE,4.96,4.96,4.73,4.73,2931,-0.03763987792472012,,,,
2026-01-27,KORE,4.565,4.91,4.565,4.885,1882,0.032769556025369795,,,,
2026-01-28,KORE,4.91,4.96,4.85,4.9,1766,0.003070624360286711,,,,
2026-01-29,KORE,4.87,4.98,4.85,4.85,3838,-0.010204081632653184,,,,
2026-01-30,KORE,5.01,5.01,4.91,4.95,315,0.020618556701031077,,,,
2026-02-02,KORE,5.15,5.25,4.885,4.885,5392,-0.013131313131313216,,,,
2026-02-03,KORE,5.05,5.05,4.945,4.97,1043,0.017400204708290623,,,,
2026-02-04,KORE,5.0,5.1,4.8,4.955,384,-0.003018108651911433,,,,
2026-02-05,KORE,4.9,4.99,4.88,4.93,1200,-0.005045408678102992,,,,
2026-02-06,KORE,5.025,5.115,4.91,4.94,1813,0.0020283975659229903,,,,
2026-02-09,KORE,4.83,5.0,4.83,5.0,795,0.012145748987854255,,,,
2026-02-10,KORE,4.96,4.96,4.96,4.96,31,-0.008000000000000007,,,,
2026-02-11,KORE,4.95,4.96,4.78,4.95,2162,-0.002016129032258007,,,,
2026-02-12,KORE,4.98,5.03,4.98,4.99,535,0.008080808080808133,,,,
2026-02-13,KORE,5.105,5.105,5.02,5.03,511,0.008016032064128265,,,,
2026-02-17,KORE,5.1,5.1,4.99,4.995,256,-0.006958250497017926,,,,
2026-02-18,KORE,5.0,5.195,5.0,5.1,447,0.02102102102102088,,,,
2026-02-19,KORE,5.13,5.13,5.13,5.13,108,0.00588235294117645,,,,
2026-02-20,KORE,5.16,5.215,5.16,5.19,315,0.011695906432748648,,,,
2026-02-23,KORE,5.22,5.22,5.21,5.21,101,0.0038535645472059787,,,,
2026-02-24,KORE,5.21,5.25,4.99,5.12,931,-0.017274472168905874,,,,
2026-02-25,KORE,5.05,5.05,5.04,5.04,228,-0.015625,,,,
2026-02-26,KORE,5.06,5.19,4.98,4.98,559,-0.011904761904761862,,,,
2026-02-27,KORE,6.02,9.13,6.02,9.0,396579,0.8072289156626504,,,,
2026-01-02,KOYN,9.96,9.96,9.955,9.96,324,,,,,
2026-01-05,KOYN,9.96,9.96,9.94,9.96,85163,0.0,,,,
2026-01-06,KOYN,9.95,9.96,9.95,9.96,1151,0.0,,,,
2026-01-07,KOYN,9.96,9.97,9.96,9.97,1025,0.0010040160642570406,,,,
2026-01-08,KOYN,9.96,9.965,9.96,9.96,43156,-0.0010030090270811698,,,,
2026-01-09,KOYN,9.965,9.97,9.96,9.96,45572,0.0,,,,
2026-01-12,KOYN,9.99,10.04,9.97,10.04,39657,0.008032128514056103,,,,
2026-01-13,KOYN,10.02,10.05,10.01,10.01,6112,-0.0029880478087648266,,,,
2026-01-14,KOYN,10.0,10.01,10.0,10.005,758,-0.0004995004995004271,,,,
2026-01-15,KOYN,10.01,10.01,10.01,10.01,774,0.0004997501249375258,,,,
2026-01-16,KOYN,10.0,10.0,10.0,10.0,8,-0.0009990009990009652,,,,
2026-01-21,KOYN,10.015,10.015,10.0,10.0,690,0.0,,,,
2026-01-22,KOYN,10.01,10.01,10.01,10.01,174,0.0009999999999998899,,,,
2026-01-23,KOYN,10.02,10.02,10.02,10.02,1985,0.0009990009990010762,,,,
2026-01-26,KOYN,10.01,10.02,10.01,10.02,13159,0.0,,,,
2026-01-27,KOYN,10.02,10.02,10.01,10.01,914,-0.0009980039920159944,,,,
2026-01-28,KOYN,10.02,10.04,10.02,10.02,1432,0.0009990009990010762,,,,
2026-01-29,KOYN,10.05,10.05,10.01,10.01,3074,-0.0009980039920159944,,,,
2026-01-30,KOYN,10.04,10.04,10.02,10.02,234,0.0009990009990010762,,,,
2026-02-02,KOYN,10.04,10.04,10.01,10.01,26,-0.0009980039920159944,,,,
2026-02-03,KOYN,10.02,10.05,10.02,10.05,13245,0.003996003996004083,,,,
2026-02-04,KOYN,10.04,10.04,10.02,10.02,18,-0.0029850746268658135,,,,
2026-02-05,KOYN,10.04,10.05,10.04,10.05,36,0.0029940119760480943,,,,
2026-02-06,KOYN,10.02,10.04,10.02,10.04,2039,-0.0009950248756220859,,,,
2026-02-09,KOYN,10.03,10.05,10.03,10.05,1277,0.0009960159362552012,,,,
2026-02-12,KOYN,10.02,10.03,10.02,10.03,3701,-0.0019900497512439497,,,,
2026-02-13,KOYN,10.02,10.05,10.02,10.05,78,0.001994017946161719,,,,
2026-02-17,KOYN,10.03,10.05,10.03,10.05,25785,0.0,,,,
2026-02-18,KOYN,10.05,10.05,10.05,10.05,13600,0.0,,,,
2026-02-19,KOYN,10.055,10.055,10.04,10.04,4601,-0.0009950248756220859,,,,
2026-02-20,KOYN,10.04,10.05,10.04,10.05,56,0.0009960159362552012,,,,
2026-02-23,KOYN,10.05,10.05,10.05,10.05,1895,0.0,,,,
2026-02-24,KOYN,10.06,10.06,10.06,10.06,44,0.0009950248756218638,,,,
2026-02-26,KOYN,10.03,10.03,10.03,10.03,40,-0.0029821073558649047,,,,
2026-02-27,KOYN,10.035,10.04,10.035,10.04,233,0.0009970089730806375,,,,
2026-01-02,KPLT,6.42,6.48,6.29,6.47,7892,,,,,
2026-01-05,KPLT,6.46,6.69,6.44,6.66,34711,0.029366306027820865,,,,
2026-01-06,KPLT,6.59,6.84,6.5,6.76,13148,0.01501501501501501,,,,
2026-01-07,KPLT,6.8,6.88,6.62,6.88,5597,0.01775147928994092,,,,
2026-01-08,KPLT,6.85,7.14,6.82,7.08,3039,0.029069767441860517,,,,
2026-01-09,KPLT,7.49,7.51,7.17,7.19,17981,0.015536723163841915,,,,
2026-01-12,KPLT,7.2,7.22,6.895,7.02,14098,-0.02364394993045904,,,,
2026-01-13,KPLT,6.9,7.06,6.7,6.81,9446,-0.02991452991452992,,,,
2026-01-14,KPLT,6.91,6.96,6.67,6.94,7819,0.0190895741556536,,,,
2026-01-15,KPLT,6.82,6.98,6.82,6.92,11641,-0.0028818443804035088,,,,
2026-01-16,KPLT,6.78,6.99,6.72,6.97,5586,0.007225433526011571,,,,
2026-01-20,KPLT,6.85,7.12,6.78,7.005,3028,0.0050215208034434244,,,,
2026-01-21,KPLT,6.99,7.01,6.7,6.7,6883,-0.043540328336902134,,,,
2026-01-22,KPLT,6.67,6.77,6.41,6.5,2937,-0.02985074626865669,,,,
2026-01-23,KPLT,6.31,6.8,6.31,6.6,5399,0.01538461538461533,,,,
2026-01-26,KPLT,6.57,6.69,6.56,6.67,5896,0.01060606060606073,,,,
2026-01-27,KPLT,6.52,6.79,6.52,6.6,11682,-0.010494752623688153,,,,
2026-01-28,KPLT,6.61,6.68,6.55,6.56,13521,-0.0060606060606061,,,,
2026-01-29,KPLT,6.66,6.66,6.49,6.49,15588,-0.010670731707317027,,,,
2026-01-30,KPLT,6.58,6.62,5.99,6.52,19959,0.0046224961479197635,,,,
2026-02-02,KPLT,6.52,6.65,6.5,6.5,13603,-0.0030674846625766694,,,,
2026-02-03,KPLT,6.53,6.53,5.96,6.16,20569,-0.05230769230769228,,,,
2026-02-04,KPLT,6.16,6.195,6.0,6.11,7133,-0.008116883116883078,,,,
2026-02-05,KPLT,6.09,6.17,5.99,6.0,7616,-0.018003273322422353,,,,
2026-02-06,KPLT,6.06,6.73,6.06,6.66,7218,0.1100000000000001,,,,
2026-02-09,KPLT,6.29,6.75,6.285,6.61,1571,-0.007507507507507505,,,,
2026-02-10,KPLT,6.61,6.89,6.51,6.845,2399,0.035552193645990826,,,,
2026-02-11,KPLT,6.74,6.92,6.64,6.73,3243,-0.016800584368151794,,,,
2026-02-12,KPLT,6.73,6.75,6.235,6.235,2782,-0.07355126300148584,,,,
2026-02-13,KPLT,6.25,6.51,6.2,6.505,5733,0.04330392943063344,,,,
2026-02-17,KPLT,6.45,6.77,6.44,6.46,3272,-0.006917755572636408,,,,
2026-02-18,KPLT,6.5,6.75,6.44,6.56,2284,0.015479876160990669,,,,
2026-02-19,KPLT,6.51,6.84,6.32,6.575,7723,0.0022865853658537993,,,,
2026-02-20,KPLT,6.54,6.63,6.39,6.39,2476,-0.028136882129277674,,,,
2026-02-23,KPLT,6.39,6.6,6.28,6.28,1914,-0.017214397496087552,,,,
2026-02-24,KPLT,6.29,6.55,6.29,6.44,2918,0.02547770700636942,,,,
2026-02-25,KPLT,6.46,6.55,6.35,6.47,2565,0.004658385093167627,,,,
2026-02-26,KPLT,6.47,6.7,6.25,6.4,4461,-0.01081916537867067,,,,
2026-02-27,KPLT,6.26,6.32,5.89,6.16,9154,-0.03749999999999998,,,,
2026-01-02,KVUE,17.23,17.415,17.185,17.26,1226215,,,,,
2026-01-05,KVUE,17.28,17.31,16.45,16.92,2747290,-0.01969872537659323,,,,
2026-01-06,KVUE,16.9,16.9,16.725,16.75,1160699,-0.010047281323877222,,,,
2026-01-07,KVUE,16.77,16.81,16.56,16.73,1120665,-0.0011940298507462366,,,,
2026-01-08,KVUE,16.69,17.045,16.64,17.0,1480069,0.016138673042438656,,,,
2026-01-09,KVUE,16.96,17.03,16.755,16.83,2651433,-0.01000000000000012,,,,
2026-01-12,KVUE,16.83,17.195,16.81,17.14,2062138,0.0184194890077245,,,,
2026-01-13,KVUE,17.04,17.185,16.905,17.01,1871801,-0.0075845974329054044,,,,
2026-01-14,KVUE,16.97,17.18,16.97,17.05,2113718,0.0023515579071133885,,,,
2026-01-15,KVUE,17.06,17.405,17.05,17.26,1841267,0.012316715542522116,,,,
2026-01-16,KVUE,17.26,17.285,17.065,17.12,2679649,-0.008111239860950192,,,,
2026-01-20,KVUE,17.21,17.58,16.99,17.51,2358949,0.02278037383177578,,,,
2026-01-21,KVUE,17.51,17.6,17.275,17.38,1462976,-0.007424328954883097,,,,
2026-01-22,KVUE,17.32,17.805,17.315,17.745,2257611,0.021001150747986363,,,,
2026-01-23,KVUE,17.73,17.825,17.655,17.815,1125273,0.0039447731755424265,,,,
2026-01-26,KVUE,17.72,17.885,17.42,17.57,2014092,-0.013752455795677854,,,,
2026-01-27,KVUE,17.74,17.865,17.435,17.59,3299126,0.0011383039271484208,,,,
2026-01-28,KVUE,17.4,17.61,17.16,17.34,1713225,-0.01421262080727681,,,,
2026-01-29,KVUE,17.29,17.44,17.175,17.19,2795316,-0.008650519031141779,,,,
2026-01-30,KVUE,17.2,17.445,17.135,17.36,2621604,0.009889470622454821,,,,
2026-02-02,KVUE,17.49,17.51,17.245,17.37,1403078,0.0005760368663594306,,,,
2026-02-03,KVUE,17.3,17.695,17.25,17.56,2184198,0.01093839953943565,,,,
2026-02-04,KVUE,17.56,18.095,17.56,17.96,3435730,0.02277904328018243,,,,
2026-02-05,KVUE,17.97,18.215,17.825,18.01,3919743,0.0027839643652560753,,,,
2026-02-06,KVUE,18.07,18.175,17.99,18.12,1806689,0.0061077179344808386,,,,
2026-02-09,KVUE,18.15,18.205,17.985,18.15,1599256,0.0016556291390728006,,,,
2026-02-10,KVUE,18.09,18.545,18.09,18.38,3282633,0.012672176308540006,,,,
2026-02-11,KVUE,18.12,18.52,17.97,18.52,1757966,0.007616974972796564,,,,
2026-02-12,KVUE,18.5,18.965,18.41,18.56,2432602,0.002159827213822796,,,,
2026-02-13,KVUE,18.57,18.795,18.53,18.63,2170513,0.0037715517241379004,,,,
2026-02-17,KVUE,18.72,18.84,18.39,18.52,1596796,-0.005904455179817414,,,,
2026-02-18,KVUE,18.52,18.96,18.37,18.855,2189057,0.01808855291576683,,,,
2026-02-19,KVUE,18.85,18.95,18.545,18.69,1430061,-0.008750994431185322,,,,
2026-02-20,KVUE,18.66,18.855,18.62,18.7,1354389,0.0005350454788655146,,,,
2026-02-23,KVUE,18.62,19.01,18.61,18.92,1360072,0.011764705882353121,,,,
2026-02-24,KVUE,18.94,19.075,18.87,19.03,1050211,0.005813953488372103,,,,
2026-02-25,KVUE,18.99,19.04,18.63,18.75,1531852,-0.014713610089332696,,,,
2026-02-26,KVUE,18.79,19.02,18.77,18.93,1782170,0.009600000000000053,,,,
2026-02-27,KVUE,19.01,19.17,18.935,19.09,888049,0.008452192287374594,,,,
2026-01-02,KW,9.68,9.695,9.505,9.625,112016,,,,,
2026-01-05,KW,9.61,9.69,9.555,9.605,51770,-0.002077922077922012,,,,
2026-01-06,KW,9.7,9.875,9.59,9.84,100114,0.024466423737636633,,,,
2026-01-07,KW,9.85,9.9,9.77,9.895,77055,0.0055894308943089666,,,,
2026-01-08,KW,9.97,10.045,9.79,9.92,57952,0.002526528549772644,,,,
2026-01-09,KW,9.92,9.98,9.665,9.775,90532,-0.014616935483870885,,,,
2026-01-12,KW,9.78,9.86,9.725,9.84,57611,0.006649616368286315,,,,
2026-01-13,KW,9.82,9.88,9.75,9.825,48874,-0.0015243902439024959,,,,
2026-01-14,KW,9.85,9.85,9.71,9.835,41889,0.0010178117048347257,,,,
2026-01-15,KW,9.87,10.0,9.81,9.995,54775,0.016268429079816737,,,,
2026-01-16,KW,9.95,10.045,9.935,10.005,54105,0.0010005002501252136,,,,
2026-01-20,KW,9.92,9.92,9.825,9.905,34567,-0.009995002498750738,,,,
2026-01-21,KW,9.96,10.025,9.9,10.005,54344,0.010095911155981963,,,,
2026-01-22,KW,10.03,10.085,9.825,9.85,34296,-0.015492253873063633,,,,
2026-01-23,KW,9.75,9.82,9.715,9.79,43823,-0.006091370558375719,,,,
2026-01-26,KW,9.73,9.865,9.73,9.805,25861,0.001532175689479054,,,,
2026-01-27,KW,9.805,9.885,9.8,9.835,58118,0.003059663437022131,,,,
2026-01-28,KW,9.85,9.87,9.755,9.795,95505,-0.004067107269954295,,,,
2026-01-29,KW,9.83,9.93,9.805,9.865,41757,0.007146503318019359,,,,
2026-01-30,KW,9.83,9.9,9.81,9.86,67668,-0.0005068423720223647,,,,
2026-02-02,KW,9.875,9.915,9.815,9.855,68805,-0.0005070993914806365,,,,
2026-02-03,KW,9.825,9.94,9.75,9.79,82765,-0.0065956367326232,,,,
2026-02-04,KW,9.85,9.915,9.815,9.86,54141,0.007150153217569066,,,,
2026-02-05,KW,9.855,9.9,9.805,9.875,36041,0.0015212981744423537,,,,
2026-02-06,KW,9.905,10.005,9.855,9.93,38439,0.005569620253164542,,,,
2026-02-09,KW,9.91,9.925,9.81,9.885,30936,-0.004531722054380682,,,,
2026-02-10,KW,9.89,10.01,9.89,9.97,64126,0.008598887202832639,,,,
2026-02-11,KW,9.98,10.0,9.78,9.78,54002,-0.01905717151454378,,,,
2026-02-12,KW,9.9,9.9,9.635,9.71,79363,-0.007157464212678821,,,,
2026-02-13,KW,9.92,9.945,9.715,9.89,46146,0.01853759011328515,,,,
2026-02-17,KW,11.01,11.07,10.67,10.88,810604,0.10010111223458029,,,,
2026-02-18,KW,10.83,10.95,10.83,10.86,182285,-0.0018382352941177516,,,,
2026-02-19,KW,10.91,10.93,10.87,10.88,293000,0.0018416206261511192,,,,
2026-02-20,KW,10.89,10.91,10.875,10.9,202281,0.0018382352941175295,,,,
2026-02-23,KW,10.89,10.935,10.885,10.925,334453,0.002293577981651307,,,,
2026-02-24,KW,10.93,10.935,10.87,10.875,103848,-0.004576659038901698,,,,
2026-02-25,KW,10.89,10.89,10.85,10.86,73620,-0.0013793103448276334,,,,
2026-02-26,KW,10.86,10.86,10.83,10.83,147756,-0.0027624309392264568,,,,
2026-02-27,KW,10.85,10.875,10.83,10.83,88253,0.0,,,,
2026-01-02,LAB,1.28,1.29,1.25,1.27,394401,,,,,
2026-01-05,LAB,1.28,1.335,1.28,1.32,323221,0.03937007874015741,,,,
2026-01-06,LAB,1.3,1.325,1.235,1.28,762605,-0.030303030303030276,,,,
2026-01-07,LAB,1.28,1.305,1.245,1.28,604253,0.0,,,,
2026-01-08,LAB,1.41,1.565,1.38,1.54,1183457,0.203125,,,,
2026-01-09,LAB,1.52,1.605,1.5,1.5,663700,-0.025974025974025983,,,,
2026-01-12,LAB,1.52,1.555,1.46,1.51,623229,0.006666666666666599,,,,
2026-01-13,LAB,1.54,1.66,1.525,1.66,697519,0.0993377483443707,,,,
2026-01-14,LAB,1.65,1.65,1.58,1.59,293333,-0.04216867469879504,,,,
2026-01-15,LAB,1.59,1.61,1.54,1.58,251731,-0.0062893081761006275,,,,
2026-01-16,LAB,1.58,1.61,1.555,1.56,371876,-0.012658227848101222,,,,
2026-01-20,LAB,1.53,1.635,1.495,1.59,802522,0.019230769230769162,,,,
2026-01-21,LAB,1.48,1.65,1.48,1.65,621818,0.037735849056603765,,,,
2026-01-22,LAB,1.64,1.66,1.61,1.61,281213,-0.024242424242424176,,,,
2026-01-23,LAB,1.56,1.635,1.525,1.55,318655,-0.037267080745341685,,,,
2026-01-26,LAB,1.53,1.555,1.525,1.53,216782,-0.012903225806451646,,,,
2026-01-27,LAB,1.52,1.53,1.455,1.48,167507,-0.0326797385620915,,,,
2026-01-28,LAB,1.48,1.48,1.395,1.43,326266,-0.03378378378378377,,,,
2026-01-29,LAB,1.4,1.44,1.36,1.41,189954,-0.013986013986013957,,,,
2026-01-30,LAB,1.4,1.455,1.39,1.4,453514,-0.007092198581560294,,,,
2026-02-02,LAB,1.39,1.455,1.39,1.41,388735,0.0071428571428571175,,,,
2026-02-03,LAB,1.4,1.45,1.335,1.36,269607,-0.03546099290780125,,,,
2026-02-04,LAB,1.38,1.38,1.27,1.3,521313,-0.044117647058823595,,,,
2026-02-05,LAB,1.33,1.33,1.24,1.24,363947,-0.04615384615384621,,,,
2026-02-06,LAB,1.27,1.29,1.25,1.28,459123,0.032258064516129004,,,,
2026-02-09,LAB,1.23,1.275,1.23,1.26,275778,-0.015625,,,,
2026-02-10,LAB,1.27,1.275,1.23,1.24,356289,-0.015873015873015928,,,,
2026-02-11,LAB,1.25,1.255,1.185,1.19,518573,-0.040322580645161366,,,,
2026-02-12,LAB,1.22,1.22,1.1,1.12,618505,-0.05882352941176461,,,,
2026-02-13,LAB,1.11,1.16,1.11,1.12,447981,0.0,,,,
2026-02-17,LAB,1.11,1.16,1.11,1.12,288500,0.0,,,,
2026-02-18,LAB,1.13,1.185,1.12,1.14,585799,0.01785714285714257,,,,
2026-02-19,LAB,1.12,1.15,1.115,1.15,632860,0.00877192982456143,,,,
2026-02-20,LAB,1.14,1.175,1.11,1.13,864702,-0.017391304347826098,,,,
2026-02-23,LAB,1.11,1.14,1.105,1.11,372392,-0.017699115044247593,,,,
2026-02-24,LAB,1.11,1.24,1.11,1.21,343916,0.09009009009009006,,,,
2026-02-25,LAB,1.2,1.245,1.155,1.18,674681,-0.024793388429752095,,,,
2026-02-26,LAB,1.16,1.22,1.13,1.22,549236,0.033898305084745894,,,,
2026-02-27,LAB,1.16,1.175,1.115,1.13,802293,-0.07377049180327877,,,,
2026-01-07,LCCC,10.2,10.2,10.2,10.2,2,,,,,
2026-01-09,LCCC,10.25,10.25,10.25,10.25,1,0.004901960784313708,,,,
2026-01-15,LCCC,10.21,10.21,10.21,10.21,18,-0.0039024390243901363,,,,
2026-01-20,LCCC,10.24,10.25,10.24,10.25,74144,0.003917727717923425,,,,
2026-01-21,LCCC,10.23,10.25,10.23,10.25,506,0.0,,,,
2026-01-22,LCCC,10.26,10.26,10.23,10.23,82,-0.0019512195121951237,,,,
2026-01-23,LCCC,10.26,10.26,10.23,10.23,8,0.0,,,,
2026-01-26,LCCC,10.26,10.26,10.23,10.23,206,0.0,,,,
2026-01-27,LCCC,10.25,10.25,10.23,10.23,90,0.0,,,,
2026-01-28,LCCC,10.25,10.25,10.23,10.23,5,0.0,,,,
2026-01-29,LCCC,10.23,10.23,10.23,10.23,1,0.0,,,,
2026-01-30,LCCC,10.25,10.25,10.25,10.25,1,0.0019550342130987275,,,,
2026-02-02,LCCC,10.23,10.26,10.23,10.26,1398,0.0009756097560975618,,,,
2026-02-03,LCCC,10.31,12.35,10.23,10.23,3373,-0.0029239766081871066,,,,
2026-02-04,LCCC,10.25,10.25,10.25,10.25,105,0.0019550342130987275,,,,
2026-02-05,LCCC,10.29,10.29,10.23,10.23,139,-0.0019512195121951237,,,,
2026-02-06,LCCC,10.29,10.29,10.25,10.25,20,0.0019550342130987275,,,,
2026-02-09,LCCC,10.23,10.25,10.23,10.23,206,-0.0019512195121951237,,,,
2026-02-10,LCCC,10.23,10.25,10.23,10.25,9156,0.0019550342130987275,,,,
2026-02-11,LCCC,10.29,10.29,10.23,10.23,42,-0.0019512195121951237,,,,
2026-02-12,LCCC,10.29,10.29,10.24,10.24,2,0.0009775171065493637,,,,
2026-02-13,LCCC,10.29,10.29,10.23,10.23,2,-0.0009765625,,,,
2026-02-17,LCCC,10.29,10.29,10.24,10.24,4,0.0009775171065493637,,,,
2026-02-18,LCCC,10.29,10.29,10.25,10.25,2,0.0009765625,,,,
2026-02-23,LCCC,10.25,10.25,10.25,10.25,50,0.0,,,,
2026-02-25,LCCC,10.25,10.25,10.25,10.25,112,0.0,,,,
2026-01-02,LE,14.54,14.75,14.35,14.59,42994,,,,,
2026-01-05,LE,14.57,14.99,14.565,14.69,45763,0.006854009595613331,,,,
2026-01-06,LE,14.6,15.16,14.53,14.96,37868,0.0183798502382575,,,,
2026-01-07,LE,14.94,14.94,14.54,14.74,33961,-0.014705882352941235,,,,
2026-01-08,LE,14.71,15.11,14.7,15.03,41614,0.019674355495250984,,,,
2026-01-09,LE,15.03,15.25,14.71,14.75,44635,-0.018629407850964674,,,,
2026-01-12,LE,14.56,15.04,14.35,15.01,54486,0.01762711864406774,,,,
2026-01-13,LE,15.11,15.21,14.84,15.13,45385,0.00799467021985345,,,,
2026-01-14,LE,15.18,15.18,14.8,14.99,51654,-0.009253139458030413,,,,
2026-01-15,LE,15.02,15.98,14.87,15.9,92079,0.06070713809206141,,,,
2026-01-16,LE,16.0,16.0,15.56,15.78,40978,-0.007547169811320864,,,,
2026-01-20,LE,15.48,15.61,14.88,15.04,83853,-0.04689480354879594,,,,
2026-01-21,LE,15.11,15.38,14.82,15.15,40714,0.007313829787234161,,,,
2026-01-22,LE,15.16,15.77,14.97,15.02,48855,-0.008580858085808662,,,,
2026-01-23,LE,14.96,14.96,13.8,14.05,65850,-0.06458055925432749,,,,
2026-01-26,LE,19.67,20.04,15.91,18.81,649292,0.33879003558718845,,,,
2026-01-27,LE,18.76,19.28,18.5,19.21,210303,0.02126528442317932,,,,
2026-01-28,LE,19.35,19.5,17.29,17.63,157186,-0.08224882873503392,,,,
2026-01-29,LE,17.75,18.31,17.34,18.04,97353,0.023255813953488413,,,,
2026-01-30,LE,17.69,18.25,17.365,17.75,89861,-0.016075388026607462,,,,
2026-02-02,LE,17.63,18.29,17.6,18.01,68615,0.014647887323943731,,,,
2026-02-03,LE,18.03,18.23,17.38,17.79,100417,-0.012215435868961788,,,,
2026-02-04,LE,17.92,18.14,17.35,17.66,81021,-0.007307476110174238,,,,
2026-02-05,LE,17.46,17.82,16.61,16.83,115838,-0.04699886749716886,,,,
2026-02-06,LE,16.99,18.12,16.72,18.01,98023,0.07011289364230566,,,,
2026-02-09,LE,18.0,18.76,17.71,18.7,75618,0.03831204886174344,,,,
2026-02-10,LE,18.54,18.91,18.21,18.36,69633,-0.018181818181818188,,,,
2026-02-11,LE,18.53,18.53,17.53,17.67,52371,-0.037581699346405095,,,,
2026-02-12,LE,17.88,17.95,17.15,17.58,72216,-0.005093378607810006,,,,
2026-02-13,LE,17.53,18.66,17.495,18.29,64773,0.04038680318543797,,,,
2026-02-17,LE,18.17,18.45,17.82,18.28,50139,-0.0005467468562054822,,,,
2026-02-18,LE,18.34,18.91,18.34,18.53,43037,0.013676148796498921,,,,
2026-02-19,LE,18.19,18.93,18.15,18.77,52327,0.012951969778737027,,,,
2026-02-20,LE,18.87,19.61,18.46,18.92,66209,0.007991475759190347,,,,
2026-02-23,LE,18.77,19.05,16.72,17.05,97859,-0.09883720930232565,,,,
2026-02-24,LE,16.82,16.9,16.1,16.15,65762,-0.052785923753665864,,,,
2026-02-25,LE,16.18,16.52,15.9,16.27,60697,0.007430340557275539,,,,
2026-02-26,LE,16.88,17.8,16.75,17.45,77018,0.07252612169637374,,,,
2026-02-27,LE,17.11,17.31,16.03,16.07,99151,-0.07908309455587392,,,,
2026-01-02,LEG,11.04,11.14,10.84,10.985,100368,,,,,
2026-01-05,LEG,10.77,11.17,10.77,11.045,124069,0.005461993627674078,,,,
2026-01-06,LEG,10.96,11.84,10.86,11.635,206426,0.05341783612494333,,,,
2026-01-07,LEG,11.56,11.74,11.34,11.73,161463,0.008165019338203683,,,,
2026-01-08,LEG,11.38,12.09,11.38,12.045,130995,0.026854219948849067,,,,
2026-01-09,LEG,12.12,12.375,12.055,12.305,203179,0.02158572021585714,,,,
2026-01-12,LEG,12.21,12.315,12.08,12.23,135238,-0.006095083299471726,,,,
2026-01-13,LEG,12.24,12.32,12.155,12.31,92326,0.006541291905151292,,,,
2026-01-14,LEG,12.27,12.535,12.15,12.39,150503,0.006498781478472715,,,,
2026-01-15,LEG,12.57,12.77,12.27,12.73,160656,0.027441485068603777,,,,
2026-01-16,LEG,12.66,12.71,12.515,12.545,98675,-0.014532600157109221,,,,
2026-01-20,LEG,12.46,12.51,12.0,12.12,139760,-0.033878039059386245,,,,
2026-01-21,LEG,12.245,12.64,12.205,12.585,117947,0.03836633663366351,,,,
2026-01-22,LEG,12.715,12.765,12.465,12.52,124756,-0.005164878823996966,,,,
2026-01-23,LEG,12.4,12.5,11.95,12.15,108826,-0.02955271565495199,,,,
2026-01-26,LEG,12.13,12.155,11.945,12.095,58822,-0.004526748971193428,,,,
2026-01-27,LEG,12.41,12.41,11.795,11.83,107250,-0.021909880115750346,,,,
2026-01-28,LEG,11.9,12.1,11.69,11.69,121269,-0.01183431952662728,,,,
2026-01-29,LEG,11.725,11.79,11.56,11.765,102981,0.006415739948674171,,,,
2026-01-30,LEG,11.7,11.765,11.565,11.675,103693,-0.007649808754781162,,,,
2026-02-02,LEG,11.62,12.25,11.62,12.25,158043,0.04925053533190571,,,,
2026-02-03,LEG,11.96,12.775,11.96,12.36,232618,0.00897959183673458,,,,
2026-02-04,LEG,12.2,12.99,12.2,12.87,214538,0.04126213592233019,,,,
2026-02-05,LEG,12.8,12.92,12.57,12.685,126323,-0.014374514374514313,,,,
2026-02-06,LEG,12.69,12.91,12.675,12.895,111726,0.016554986204178057,,,,
2026-02-09,LEG,12.94,12.94,12.615,12.65,117481,-0.018999612252811104,,,,
2026-02-10,LEG,12.65,12.69,12.455,12.61,132344,-0.003162055335968472,,,,
2026-02-11,LEG,12.63,12.8,11.75,12.25,316679,-0.028548770816812064,,,,
2026-02-12,LEG,11.79,12.125,11.18,11.38,318445,-0.07102040816326527,,,,
2026-02-13,LEG,11.52,11.91,11.5,11.725,177895,0.0303163444639718,,,,
2026-02-17,LEG,11.71,12.01,11.42,11.93,119880,0.017484008528784623,,,,
2026-02-18,LEG,12.13,12.25,11.7,11.77,181766,-0.013411567476948827,,,,
2026-02-19,LEG,11.69,12.24,11.615,12.24,143947,0.03993203058623629,,,,
2026-02-20,LEG,12.145,12.2,11.645,11.915,249743,-0.026552287581699474,,,,
2026-02-23,LEG,11.87,11.93,11.365,11.38,140366,-0.04490138480906403,,,,
2026-02-24,LEG,11.35,11.635,11.25,11.545,155132,0.014499121265377779,,,,
2026-02-25,LEG,11.46,11.68,11.42,11.435,88550,-0.009527934170636576,,,,
2026-02-26,LEG,11.485,11.84,11.4,11.84,105754,0.0354175776125929,,,,
2026-02-27,LEG,11.655,11.68,11.43,11.675,100061,-0.013935810810810745,,,,
2026-01-02,LEGT,10.86,10.87,10.86,10.86,16,,,,,
2026-01-05,LEGT,10.85,10.85,10.85,10.85,200,-0.0009208103130754486,,,,
2026-01-06,LEGT,10.88,10.88,10.85,10.85,581,0.0,,,,
2026-01-07,LEGT,10.88,10.88,10.87,10.87,46,0.0018433179723502668,,,,
2026-01-08,LEGT,10.9,10.9,10.88,10.88,16,0.0009199632014720294,,,,
2026-01-12,LEGT,10.88,10.88,10.86,10.86,111,-0.0018382352941177516,,,,
2026-01-13,LEGT,10.9,10.9,10.89,10.89,312,0.002762430939226679,,,,
2026-01-14,LEGT,10.86,10.87,10.86,10.86,73,-0.0027548209366392573,,,,
2026-01-15,LEGT,10.91,10.91,10.91,10.91,22,0.004604051565377576,,,,
2026-01-21,LEGT,10.91,10.91,10.91,10.91,120,0.0,,,,
2026-01-22,LEGT,10.89,10.89,10.89,10.89,22,-0.0018331805682859637,,,,
2026-01-23,LEGT,10.88,10.88,10.88,10.88,1,-0.0009182736455463081,,,,
2026-01-27,LEGT,10.88,10.89,10.88,10.88,147,0.0,,,,
2026-01-28,LEGT,10.89,10.89,10.89,10.89,273,0.0009191176470588758,,,,
2026-01-29,LEGT,10.89,10.89,10.89,10.89,100,0.0,,,,
2026-01-30,LEGT,10.9,10.9,10.9,10.9,200,0.0009182736455464191,,,,
2026-02-02,LEGT,10.905,10.905,10.9,10.9,720,0.0,,,,
2026-02-03,LEGT,10.9,10.9,10.9,10.9,100,0.0,,,,
2026-02-04,LEGT,10.93,10.93,10.9,10.91,21,0.0009174311926605228,,,,
2026-02-05,LEGT,10.9,10.91,10.9,10.91,300,0.0,,,,
2026-02-06,LEGT,10.93,10.93,10.92,10.92,123,0.0009165902841430373,,,,
2026-02-09,LEGT,10.89,10.95,10.89,10.95,233,0.0027472527472527375,,,,
2026-02-10,LEGT,10.94,10.94,10.895,10.895,1300,-0.005022831050228271,,,,
2026-02-13,LEGT,10.915,10.915,10.91,10.91,300,0.0013767783386875454,,,,
2026-02-17,LEGT,10.93,10.93,10.915,10.93,4596,0.0018331805682858526,,,,
2026-02-19,LEGT,10.97,11.22,10.965,11.22,2204,0.02653247941445569,,,,
2026-02-20,LEGT,11.09,11.09,10.96,10.96,1301,-0.02317290552584672,,,,
2026-02-23,LEGT,10.91,10.925,10.91,10.925,2975,-0.0031934306569343374,,,,
2026-02-24,LEGT,10.91,10.93,10.91,10.93,1012,0.00045766590388995887,,,,
2026-02-25,LEGT,10.92,10.92,10.92,10.92,1,-0.0009149130832570851,,,,
2026-02-26,LEGT,10.95,11.02,10.95,10.98,15040,0.005494505494505475,,,,
2026-02-27,LEGT,10.99,10.99,10.96,10.97,33100,-0.0009107468123861207,,,,
2026-01-02,LEN,103.35,104.485,102.165,104.3,188759,,,,,
2026-01-05,LEN,104.59,106.97,103.63,105.6,236410,0.012464046021092967,,,,
2026-01-06,LEN,105.42,106.47,102.76,106.39,276694,0.0074810606060606855,,,,
2026-01-07,LEN,106.1,107.58,103.5,104.36,526130,-0.01908074067111576,,,,
2026-01-08,LEN,103.7,113.13,103.0,112.32,446785,0.07627443464929096,,,,
2026-01-09,LEN,112.01,119.45,111.33,119.3,756964,0.06214387464387472,,,,
2026-01-12,LEN,117.75,122.84,116.76,120.83,501593,0.012824811399832381,,,,
2026-01-13,LEN,120.48,123.76,119.85,123.1,416712,0.01878672515103852,,,,
2026-01-14,LEN,122.41,123.71,120.37,120.37,497214,-0.022177091795288262,,,,
2026-01-15,LEN,121.5,122.74,119.32,121.4,209491,0.008556949405998271,,,,
2026-01-16,LEN,121.48,122.34,117.17,118.45,553270,-0.024299835255354174,,,,
2026-01-20,LEN,116.57,119.08,114.6,115.0,371837,-0.029126213592232997,,,,
2026-01-21,LEN,115.04,119.76,114.61,118.85,382068,0.03347826086956518,,,,
2026-01-22,LEN,118.0,119.33,114.27,114.51,368271,-0.03651661758519131,,,,
2026-01-23,LEN,114.91,115.35,111.52,111.55,279860,-0.025849270806043156,,,,
2026-01-26,LEN,111.78,112.16,110.09,110.58,209642,-0.008695652173912993,,,,
2026-01-27,LEN,111.44,111.44,109.1,109.5,214825,-0.009766684753119925,,,,
2026-01-28,LEN,109.43,113.605,109.41,110.04,236835,0.004931506849315204,,,,
2026-01-29,LEN,110.3,113.94,109.91,110.6,285567,0.0050890585241729624,,,,
2026-01-30,LEN,109.85,111.0,107.89,109.35,242494,-0.011301989150090397,,,,
2026-02-02,LEN,108.5,109.97,107.5,109.4,196788,0.00045724737082775135,,,,
2026-02-03,LEN,109.1,116.69,108.0,112.85,701472,0.03153564899451533,,,,
2026-02-04,LEN,112.0,118.02,111.8,115.48,450650,0.023305272485600437,,,,
2026-02-05,LEN,115.49,116.81,113.43,113.43,291723,-0.017751991686872137,,,,
2026-02-06,LEN,115.66,117.51,111.15,114.29,539753,0.007581768491580654,,,,
2026-02-09,LEN,114.01,115.45,112.3,114.01,166904,-0.002449908128445144,,,,
2026-02-10,LEN,114.0,120.04,114.0,119.41,283962,0.04736426629243051,,,,
2026-02-11,LEN,119.82,121.04,117.4,120.7,240579,0.010803115316975198,,,,
2026-02-12,LEN,121.65,123.98,120.08,120.14,303132,-0.004639602319801206,,,,
2026-02-13,LEN,120.55,124.17,120.24,122.31,224370,0.018062260695854926,,,,
2026-02-17,LEN,122.3,124.0,118.7,121.0,139478,-0.010710489739187312,,,,
2026-02-18,LEN,121.33,123.13,120.61,121.26,137875,0.0021487603305785363,,,,
2026-02-19,LEN,121.31,121.33,115.52,117.28,401564,-0.032822035296058094,,,,
2026-02-20,LEN,115.8,118.21,114.87,116.45,275350,-0.007077080491132315,,,,
2026-02-23,LEN,116.15,116.49,113.13,115.1,285005,-0.011592958351223759,,,,
2026-02-24,LEN,116.2,118.14,115.47,117.0,156577,0.01650738488271064,,,,
2026-02-25,LEN,116.63,116.95,109.06,110.69,256025,-0.053931623931623984,,,,
2026-02-26,LEN,110.68,112.25,110.05,111.59,179477,0.008130815791851154,,,,
2026-02-27,LEN,111.89,114.98,111.03,114.0,193488,0.021596917286495154,,,,
2026-01-02,LGND,189.4,192.54,186.55,190.11,43269,,,,,
2026-01-05,LGND,190.17,193.41,187.25,192.03,65134,0.010099416127504979,,,,
2026-01-06,LGND,192.02,197.07,189.64,196.02,43889,0.02077800343696312,,,,
2026-01-07,LGND,196.99,206.43,196.46,199.96,48728,0.020099989796959372,,,,
2026-01-08,LGND,200.94,202.13,197.11,200.065,40098,0.0005251050210042241,,,,
2026-01-09,LGND,199.0,206.91,199.0,206.65,61363,0.03291430285157326,,,,
2026-01-12,LGND,206.65,210.22,199.02,199.02,71116,-0.03692233244616494,,,,
2026-01-13,LGND,209.77,209.77,175.98,189.49,190844,-0.04788463471007942,,,,
2026-01-14,LGND,188.29,197.37,186.66,196.54,76014,0.03720512955828803,,,,
2026-01-15,LGND,197.57,199.89,192.03,196.08,78531,-0.0023404904853973063,,,,
2026-01-16,LGND,191.68,196.55,188.01,192.97,58156,-0.015860873113015206,,,,
2026-01-20,LGND,188.0,197.08,188.0,196.56,48348,0.018603928071720954,,,,
2026-01-21,LGND,199.57,202.41,196.29,199.51,51643,0.01500814000813988,,,,
2026-01-22,LGND,202.5,207.07,199.41,203.82,86053,0.021602927171570308,,,,
2026-01-23,LGND,204.82,205.87,197.88,201.15,58355,-0.013099793935825721,,,,
2026-01-26,LGND,200.11,202.7,189.28,198.22,56922,-0.014566244096445469,,,,
2026-01-27,LGND,196.0,203.0,195.04,195.49,63170,-0.013772575925738995,,,,
2026-01-28,LGND,195.04,195.66,189.3,190.22,64440,-0.02695790065988035,,,,
2026-01-29,LGND,189.93,195.43,189.24,195.17,54433,0.026022500262853576,,,,
2026-01-30,LGND,193.34,196.27,189.5,192.1,74231,-0.01572987651790747,,,,
2026-02-02,LGND,192.2,198.28,189.56,197.93,44556,0.030348776678813083,,,,
2026-02-03,LGND,199.0,200.52,194.91,198.84,64655,0.004597585004799676,,,,
2026-02-04,LGND,200.06,201.46,196.08,198.33,42247,-0.0025648762824380666,,,,
2026-02-05,LGND,197.9,202.0,189.0,191.69,59108,-0.033479554278223245,,,,
2026-02-06,LGND,194.61,197.64,189.06,190.44,83078,-0.0065209452762272635,,,,
2026-02-09,LGND,185.64,191.75,180.47,187.2,77653,-0.017013232514177745,,,,
2026-02-10,LGND,186.96,187.375,182.64,187.02,60575,-0.0009615384615383471,,,,
2026-02-11,LGND,188.02,189.13,179.6,185.96,47918,-0.00566784301144263,,,,
2026-02-12,LGND,188.21,191.47,180.51,181.65,69710,-0.02317702731770277,,,,
2026-02-13,LGND,183.96,187.55,182.59,183.83,46478,0.012001101018442206,,,,
2026-02-17,LGND,183.91,189.87,183.87,187.51,38223,0.020018495348963494,,,,
2026-02-18,LGND,186.67,192.32,184.255,189.94,49423,0.012959308836862027,,,,
2026-02-19,LGND,201.11,201.11,184.63,186.32,48641,-0.019058650100031604,,,,
2026-02-20,LGND,185.76,187.95,182.05,183.98,55938,-0.012559038213825646,,,,
2026-02-23,LGND,183.25,186.48,179.73,183.65,38148,-0.0017936732253505117,,,,
2026-02-24,LGND,189.58,190.94,183.57,189.0,44665,0.02913150013612853,,,,
2026-02-25,LGND,190.76,193.34,187.77,191.39,36709,0.012645502645502571,,,,
2026-02-26,LGND,191.03,199.22,177.62,196.17,64661,0.024975181566434967,,,,
2026-02-27,LGND,196.17,201.68,194.62,195.29,87309,-0.004485905082326491,,,,
2026-01-02,LIMN,0.6898,0.69,0.632,0.6407,5113,,,,,
2026-01-05,LIMN,0.6668,0.7104,0.6668,0.6829,5318,0.06586545965350377,,,,
2026-01-06,LIMN,0.68,0.6949,0.665,0.6949,4097,0.017572118904671363,,,,
2026-01-07,LIMN,0.7587,0.95,0.73,0.92,132558,0.3239315009353865,,,,
2026-01-08,LIMN,0.9396,0.9853,0.7718,0.8373,32216,-0.0898913043478261,,,,
2026-01-09,LIMN,0.948,0.948,0.711,0.711,15612,-0.1508419921175207,,,,
2026-01-12,LIMN,0.7926,0.7999,0.74,0.7701,7933,0.08312236286919839,,,,
2026-01-13,LIMN,0.7702,0.8398,0.7551,0.767,10043,-0.004025451240098676,,,,
2026-01-14,LIMN,0.76,0.792,0.75,0.75,2212,-0.022164276401564598,,,,
2026-01-15,LIMN,0.799,0.81,0.7495,0.779,19671,0.03866666666666663,,,,
2026-01-16,LIMN,0.7734,0.7734,0.7518,0.7691,971,-0.012708600770218292,,,,
2026-01-20,LIMN,0.7678,0.769,0.6961,0.716,41773,-0.06904173709530625,,,,
2026-01-21,LIMN,0.727,0.727,0.6925,0.705,3544,-0.015363128491620137,,,,
2026-01-22,LIMN,0.7493,0.8018,0.7216,0.76,6909,0.07801418439716312,,,,
2026-01-23,LIMN,0.7732,0.785,0.7568,0.7742,2215,0.01868421052631586,,,,
2026-01-26,LIMN,0.7656,0.7656,0.7,0.7002,4242,-0.0955825368121932,,,,
2026-01-27,LIMN,0.712,0.712,0.6107,0.6546,34635,-0.06512425021422463,,,,
2026-01-28,LIMN,0.6517,0.6545,0.61,0.6545,5329,-0.0001527650473571729,,,,
2026-01-29,LIMN,0.62,0.6655,0.5822,0.6084,13417,-0.07043544690603498,,,,
2026-01-30,LIMN,0.6,0.6,0.5437,0.5502,12371,-0.0956607495069034,,,,
2026-02-02,LIMN,0.6,0.9926,0.5507,0.844,333885,0.5339876408578696,,,,
2026-02-03,LIMN,0.8102,1.54,0.6195,1.29,6995455,0.528436018957346,,,,
2026-02-04,LIMN,1.4,2.09,1.07,1.41,11081421,0.09302325581395343,,,,
2026-02-05,LIMN,1.42,2.49,1.29,2.09,5718399,0.4822695035460993,,,,
2026-02-06,LIMN,1.93,2.63,1.43,1.62,5731930,-0.22488038277511946,,,,
2026-02-09,LIMN,1.69,2.83,1.33,1.44,6054621,-0.11111111111111116,,,,
2026-02-10,LIMN,1.5,1.7,1.215,1.23,1230051,-0.14583333333333326,,,,
2026-02-11,LIMN,1.31,1.33,0.5806,0.63,980767,-0.4878048780487805,,,,
2026-02-12,LIMN,0.6988,0.71,0.4756,0.4902,450253,-0.22190476190476183,,,,
2026-02-13,LIMN,0.488,0.55,0.3536,0.3998,481232,-0.1844145246838026,,,,
2026-02-17,LIMN,0.3806,0.3815,0.2258,0.2527,1489036,-0.3679339669834918,,,,
2026-02-18,LIMN,0.2803,0.2899,0.2402,0.2722,513146,0.07716660071230708,,,,
2026-02-19,LIMN,0.2854,0.336,0.2302,0.237,2087523,-0.12931667891256438,,,,
2026-02-20,LIMN,0.238,0.2464,0.21,0.2265,536582,-0.04430379746835433,,,,
2026-02-23,LIMN,0.2312,0.254,0.22,0.2397,321364,0.05827814569536427,,,,
2026-02-24,LIMN,0.2306,0.2477,0.2261,0.232,194932,-0.03212348769294948,,,,
2026-02-25,LIMN,0.234,0.2393,0.2229,0.232,61966,0.0,,,,
2026-02-26,LIMN,0.24,0.2413,0.2235,0.2325,100219,0.0021551724137931494,,,,
2026-02-27,LIMN,0.2351,0.2721,0.23,0.255,237761,0.09677419354838701,,,,
2026-01-05,LKSP,9.94,9.94,9.94,9.94,1401,,,,,
2026-01-13,LKSP,9.95,9.95,9.95,9.95,1000,0.001006036217303885,,,,
2026-01-14,LKSP,9.95,9.95,9.95,9.95,4000,0.0,,,,
2026-01-15,LKSP,9.98,9.98,9.98,9.98,25645,0.0030150753768845018,,,,
2026-01-21,LKSP,9.98,10.0,9.98,9.98,25437,0.0,,,,
2026-01-22,LKSP,10.0,10.02,9.98,10.01,39783,0.0030060120240480437,,,,
2026-01-23,LKSP,10.0,10.02,10.0,10.0,8836,-0.0009990009990009652,,,,
2026-01-26,LKSP,10.03,10.03,10.0,10.01,1077,0.0009999999999998899,,,,
2026-01-28,LKSP,10.0,10.01,10.0,10.01,1236,0.0,,,,
2026-01-29,LKSP,10.02,10.02,10.02,10.02,39,0.0009990009990010762,,,,
2026-02-04,LKSP,10.03,10.03,10.03,10.03,1474,0.0009980039920158834,,,,
2026-02-05,LKSP,10.0,10.0,10.0,10.0,34857,-0.0029910269192422456,,,,
2026-02-06,LKSP,10.02,10.02,10.02,10.02,21,0.0020000000000000018,,,,
2026-02-12,LKSP,10.0,10.0,10.0,10.0,20049,-0.001996007984031878,,,,
2026-02-13,LKSP,10.0,10.02,10.0,10.02,2911,0.0020000000000000018,,,,
2026-02-20,LKSP,10.01,10.01,10.01,10.01,8,-0.0009980039920159944,,,,
2026-02-23,LKSP,10.03,10.03,10.03,10.03,8,0.0019980019980019303,,,,
2026-02-26,LKSP,10.02,10.02,10.01,10.01,2469,-0.001994017946161497,,,,
2026-02-27,LKSP,10.005,10.03,10.005,10.03,6762,0.0019980019980019303,,,,
2026-01-02,LOKV,10.39,10.4,10.3,10.3,740,,,,,
2026-01-05,LOKV,10.31,10.31,10.3,10.3,512,0.0,,,,
2026-01-06,LOKV,10.32,10.32,10.3,10.3,2,0.0,,,,
2026-01-07,LOKV,10.32,10.32,10.3,10.3,8,0.0,,,,
2026-01-08,LOKV,10.3,10.3,10.3,10.3,424,0.0,,,,
2026-01-09,LOKV,10.31,10.31,10.31,10.31,1000,0.000970873786407811,,,,
2026-01-12,LOKV,10.3,10.3,10.3,10.3,664,-0.0009699321047526022,,,,
2026-01-13,LOKV,10.3,10.31,10.3,10.31,337,0.000970873786407811,,,,
2026-01-14,LOKV,10.3,10.34,10.3,10.3,245,-0.0009699321047526022,,,,
2026-01-15,LOKV,10.3,10.32,10.3,10.32,417,0.0019417475728153999,,,,
2026-01-16,LOKV,10.32,10.34,10.32,10.32,710,0.0,,,,
2026-01-20,LOKV,10.31,10.31,10.31,10.31,18,-0.0009689922480620172,,,,
2026-01-21,LOKV,10.33,10.33,10.31,10.31,1534,0.0,,,,
2026-01-22,LOKV,10.32,10.32,10.31,10.32,1035,0.0009699321047527132,,,,
2026-01-23,LOKV,10.32,10.32,10.31,10.31,600,-0.0009689922480620172,,,,
2026-01-26,LOKV,10.33,10.33,10.31,10.31,257,0.0,,,,
2026-01-27,LOKV,10.31,10.31,10.31,10.31,537,0.0,,,,
2026-01-30,LOKV,10.31,10.31,10.31,10.31,49,0.0,,,,
2026-02-02,LOKV,10.31,10.31,10.31,10.31,43,0.0,,,,
2026-02-03,LOKV,10.315,10.315,10.31,10.31,24364,0.0,,,,
2026-02-04,LOKV,10.31,10.32,10.31,10.32,2,0.0009699321047527132,,,,
2026-02-05,LOKV,10.31,10.315,10.31,10.315,52,-0.00048449612403111963,,,,
2026-02-09,LOKV,10.315,10.315,10.31,10.31,4100,-0.00048473097430912215,,,,
2026-02-10,LOKV,10.315,10.325,10.31,10.32,20337,0.0009699321047527132,,,,
2026-02-11,LOKV,10.32,10.325,10.32,10.32,128526,0.0,,,,
2026-02-12,LOKV,10.32,10.32,10.32,10.32,380,0.0,,,,
2026-02-13,LOKV,10.32,10.32,10.32,10.32,101,0.0,,,,
2026-02-17,LOKV,10.32,10.32,10.31,10.31,469,-0.0009689922480620172,,,,
2026-02-18,LOKV,10.32,10.4,10.32,10.4,8552,0.008729388942773975,,,,
2026-02-19,LOKV,10.33,10.35,10.32,10.33,7894,-0.006730769230769207,,,,
2026-02-20,LOKV,10.34,10.4,10.32,10.4,7335,0.006776379477250849,,,,
2026-02-23,LOKV,10.35,10.35,10.32,10.33,6993,-0.006730769230769207,,,,
2026-02-24,LOKV,10.34,10.35,10.33,10.33,6840,0.0,,,,
2026-02-25,LOKV,10.34,10.34,10.33,10.33,5279,0.0,,,,
2026-02-26,LOKV,10.34,10.34,10.33,10.33,5076,0.0,,,,
2026-02-27,LOKV,10.35,10.35,10.33,10.33,4321,0.0,,,,
2026-01-02,LPSN,3.88,3.97,3.79,3.89,41757,,,,,
2026-01-05,LPSN,3.98,4.235,3.93,4.08,47013,0.04884318766066831,,,,
2026-01-06,LPSN,4.08,4.18,4.06,4.17,20463,0.022058823529411686,,,,
2026-01-07,LPSN,4.11,4.2,4.02,4.02,18632,-0.03597122302158284,,,,
2026-01-08,LPSN,4.0,4.08,3.91,4.03,30284,0.0024875621890549926,,,,
2026-01-09,LPSN,4.02,4.11,3.765,3.84,50387,-0.047146401985111774,,,,
2026-01-12,LPSN,3.81,3.96,3.75,3.94,46772,0.02604166666666674,,,,
2026-01-13,LPSN,3.89,3.89,3.71,3.86,35442,-0.020304568527918843,,,,
2026-01-14,LPSN,3.83,3.84,3.505,3.55,88261,-0.08031088082901561,,,,
2026-01-15,LPSN,3.49,3.54,3.26,3.27,63112,-0.07887323943661961,,,,
2026-01-16,LPSN,3.39,3.39,3.11,3.19,42187,-0.024464831804281384,,,,
2026-01-20,LPSN,3.05,3.15,2.97,3.03,40522,-0.050156739811912265,,,,
2026-01-21,LPSN,3.0,3.11,2.94,3.05,28738,0.0066006600660066805,,,,
2026-01-22,LPSN,3.03,3.34,3.02,3.28,46643,0.07540983606557372,,,,
2026-01-23,LPSN,3.24,3.33,3.18,3.25,23872,-0.009146341463414531,,,,
2026-01-26,LPSN,3.22,3.33,3.15,3.18,60755,-0.021538461538461506,,,,
2026-01-27,LPSN,3.07,3.27,3.01,3.27,50025,0.028301886792452713,,,,
2026-01-28,LPSN,3.12,3.27,3.12,3.19,61566,-0.024464831804281384,,,,
2026-01-29,LPSN,3.19,3.33,3.06,3.27,63157,0.025078369905956244,,,,
2026-01-30,LPSN,3.18,3.26,3.02,3.08,43239,-0.05810397553516822,,,,
2026-02-02,LPSN,3.05,3.14,2.98,3.01,35034,-0.022727272727272818,,,,
2026-02-03,LPSN,3.04,3.07,2.88,3.05,61731,0.013289036544850585,,,,
2026-02-04,LPSN,3.02,3.2,3.01,3.14,34583,0.029508196721311553,,,,
2026-02-05,LPSN,3.09,3.09,2.825,2.83,21469,-0.0987261146496815,,,,
2026-02-06,LPSN,2.86,3.05,2.86,3.03,19548,0.07067137809187263,,,,
2026-02-09,LPSN,3.01,3.08,2.93,3.05,17581,0.0066006600660066805,,,,
2026-02-10,LPSN,3.05,3.19,2.98,3.0,23277,-0.016393442622950727,,,,
2026-02-11,LPSN,3.01,3.05,2.84,2.88,25341,-0.040000000000000036,,,,
2026-02-12,LPSN,2.93,2.93,2.63,2.69,36700,-0.06597222222222221,,,,
2026-02-13,LPSN,2.68,2.83,2.62,2.78,21694,0.03345724907063197,,,,
2026-02-17,LPSN,2.72,2.77,2.57,2.67,24013,-0.03956834532374098,,,,
2026-02-18,LPSN,2.7,2.945,2.69,2.86,39935,0.07116104868913853,,,,
2026-02-19,LPSN,2.86,2.89,2.755,2.84,36871,-0.006993006993006978,,,,
2026-02-20,LPSN,2.77,2.93,2.77,2.83,18783,-0.0035211267605632646,,,,
2026-02-23,LPSN,2.74,2.8,2.635,2.68,53481,-0.053003533568904526,,,,
2026-02-24,LPSN,2.69,2.86,2.64,2.74,25541,0.02238805970149249,,,,
2026-02-25,LPSN,2.72,2.84,2.68,2.78,16199,0.014598540145985162,,,,
2026-02-26,LPSN,2.78,2.98,2.78,2.9,22213,0.043165467625899234,,,,
2026-02-27,LPSN,2.95,2.95,2.78,2.87,15575,-0.010344827586206806,,,,
2026-01-02,LSTA,1.87,1.96,1.86,1.96,3764,,,,,
2026-01-05,LSTA,1.9,2.07,1.88,1.93,8894,-0.015306122448979553,,,,
2026-01-06,LSTA,1.9,2.05,1.87,1.95,12266,0.010362694300518172,,,,
2026-01-07,LSTA,1.9,2.11,1.87,2.11,11267,0.08205128205128198,,,,
2026-01-08,LSTA,2.01,2.11,1.94,2.06,8047,-0.023696682464454888,,,,
2026-01-09,LSTA,2.02,2.06,1.95,1.97,11351,-0.043689320388349606,,,,
2026-01-12,LSTA,2.0,2.08,1.995,2.08,11586,0.055837563451776706,,,,
2026-01-13,LSTA,2.08,2.13,2.04,2.13,9472,0.024038461538461453,,,,
2026-01-14,LSTA,2.04,2.15,2.04,2.08,5242,-0.023474178403755763,,,,
2026-01-15,LSTA,2.1,2.27,2.06,2.18,13224,0.04807692307692313,,,,
2026-01-16,LSTA,2.11,2.23,2.11,2.16,11442,-0.00917431192660556,,,,
2026-01-20,LSTA,2.08,2.19,2.05,2.16,12884,0.0,,,,
2026-01-21,LSTA,3.92,4.25,3.91,4.03,716497,0.8657407407407407,,,,
2026-01-22,LSTA,4.03,4.09,4.0,4.06,68140,0.007444168734491052,,,,
2026-01-23,LSTA,4.05,4.12,4.04,4.11,30819,0.012315270935960854,,,,
2026-01-26,LSTA,4.05,4.13,4.05,4.07,52029,-0.009732360097323589,,,,
2026-01-27,LSTA,4.11,4.9,4.1,4.57,278510,0.12285012285012287,,,,
2026-01-28,LSTA,4.59,4.75,4.57,4.58,62396,0.002188183807439792,,,,
2026-01-29,LSTA,4.59,4.71,4.59,4.69,19249,0.02401746724890841,,,,
2026-01-30,LSTA,4.63,4.72,4.56,4.63,36666,-0.01279317697228155,,,,
2026-02-02,LSTA,4.63,4.66,4.56,4.56,10217,-0.015118790496760348,,,,
2026-02-03,LSTA,4.62,4.68,4.46,4.58,92995,0.004385964912280826,,,,
2026-02-04,LSTA,4.6,4.78,4.56,4.61,95530,0.0065502183406114245,,,,
2026-02-05,LSTA,4.65,4.75,4.59,4.59,13906,-0.004338394793926392,,,,
2026-02-06,LSTA,4.64,4.695,4.54,4.54,51931,-0.010893246187363759,,,,
2026-02-09,LSTA,4.47,4.62,4.47,4.55,48389,0.0022026431718060735,,,,
2026-02-10,LSTA,4.57,4.59,4.52,4.54,11267,-0.00219780219780219,,,,
2026-02-11,LSTA,4.54,4.58,4.52,4.58,34257,0.008810572687224738,,,,
2026-02-12,LSTA,4.52,4.57,4.51,4.55,38137,-0.0065502183406114245,,,,
2026-02-13,LSTA,4.55,4.62,4.55,4.57,45384,0.004395604395604602,,,,
2026-02-17,LSTA,4.55,4.575,4.55,4.56,14764,-0.002188183807440014,,,,
2026-02-18,LSTA,4.55,4.57,4.52,4.55,18341,-0.002192982456140302,,,,
2026-02-19,LSTA,4.54,4.55,4.52,4.52,15105,-0.006593406593406681,,,,
2026-02-20,LSTA,4.52,4.59,4.48,4.48,23381,-0.008849557522123686,,,,
2026-02-23,LSTA,4.48,4.49,4.4,4.4,51371,-0.017857142857142905,,,,
2026-02-24,LSTA,4.45,4.45,4.4,4.4,20254,0.0,,,,
2026-02-25,LSTA,4.37,4.415,4.36,4.39,6372,-0.002272727272727426,,,,
2026-02-26,LSTA,4.45,4.45,4.39,4.41,6446,0.004555808656036442,,,,
2026-02-27,LSTA,4.42,4.42,4.03,4.25,22254,-0.03628117913832207,,,,
2026-01-02,LVLU,5.28,5.45,5.11,5.45,1615,,,,,
2026-01-05,LVLU,5.36,5.61,5.36,5.56,1154,0.020183486238531945,,,,
2026-01-06,LVLU,5.5,5.65,5.475,5.64,1829,0.014388489208633004,,,,
2026-01-07,LVLU,5.6,5.96,5.35,5.96,1229,0.05673758865248235,,,,
2026-01-08,LVLU,5.97,6.3,5.9,6.3,5373,0.057046979865771785,,,,
2026-01-09,LVLU,6.3,6.83,6.05,6.77,5040,0.07460317460317456,,,,
2026-01-12,LVLU,6.75,15.87,6.73,12.31,2251054,0.8183161004431316,,,,
2026-01-13,LVLU,10.85,12.47,10.47,12.05,103997,-0.021121039805036546,,,,
2026-01-14,LVLU,11.98,13.69,11.42,13.06,53228,0.08381742738589204,,,,
2026-01-15,LVLU,12.88,14.2,11.72,13.01,15560,-0.003828483920367609,,,,
2026-01-16,LVLU,13.38,15.35,13.1,14.21,26708,0.09223674096848589,,,,
2026-01-20,LVLU,14.01,21.44,13.63,20.09,51100,0.4137931034482758,,,,
2026-01-21,LVLU,20.17,32.24,20.0,24.0,76429,0.1946241911398705,,,,
2026-01-22,LVLU,24.5,28.91,20.47,22.2,38551,-0.07500000000000007,,,,
2026-01-23,LVLU,22.32,26.19,19.26,24.0,26315,0.08108108108108114,,,,
2026-01-26,LVLU,26.16,26.16,22.14,23.9,16848,-0.004166666666666763,,,,
2026-01-27,LVLU,23.35,23.73,18.55,19.07,16821,-0.20209205020920495,,,,
2026-01-28,LVLU,18.71,19.24,16.01,16.03,10925,-0.15941269008914516,,,,
2026-01-29,LVLU,17.31,17.31,14.9,16.83,5895,0.04990642545227675,,,,
2026-01-30,LVLU,16.84,18.99,16.83,18.99,8098,0.12834224598930488,,,,
2026-02-02,LVLU,18.59,19.69,17.32,17.32,11949,-0.08794102159031059,,,,
2026-02-03,LVLU,17.32,18.46,16.42,16.82,6918,-0.02886836027713624,,,,
2026-02-04,LVLU,16.2,17.755,14.99,16.28,8079,-0.03210463733650415,,,,
2026-02-05,LVLU,16.0,16.99,15.59,16.99,8201,0.04361179361179346,,,,
2026-02-06,LVLU,17.91,18.3,16.7,18.26,4928,0.07474985285462066,,,,
2026-02-09,LVLU,16.55,18.65,16.31,17.45,7364,-0.044359255202628844,,,,
2026-02-10,LVLU,17.69,17.96,16.23,16.96,9781,-0.028080229226360998,,,,
2026-02-11,LVLU,17.32,17.32,14.1,14.57,11241,-0.1409198113207547,,,,
2026-02-12,LVLU,14.8,15.9,14.01,14.06,6234,-0.03500343170899112,,,,
2026-02-13,LVLU,14.01,15.1,14.0,14.55,6097,0.034850640113798015,,,,
2026-02-17,LVLU,14.49,15.26,14.44,14.73,4735,0.012371134020618513,,,,
2026-02-18,LVLU,14.8,16.01,14.63,14.97,6481,0.016293279022403295,,,,
2026-02-19,LVLU,15.12,15.88,14.67,15.21,7028,0.01603206412825653,,,,
2026-02-20,LVLU,15.81,16.42,14.74,15.69,35436,0.03155818540433919,,,,
2026-02-23,LVLU,15.4,15.85,14.62,14.96,3937,-0.04652644996813249,,,,
2026-02-24,LVLU,14.66,15.74,14.04,15.74,1372,0.052139037433154956,,,,
2026-02-25,LVLU,16.2,16.2,15.04,16.16,12050,0.02668360864040653,,,,
2026-02-26,LVLU,15.49,15.59,14.74,15.38,1043,-0.0482673267326732,,,,
2026-02-27,LVLU,15.07,15.68,14.95,15.45,1266,0.004551365409622754,,,,
2026-01-02,MACI,10.65,10.65,10.62,10.62,3396,,,,,
2026-01-05,MACI,10.64,10.64,10.62,10.62,1771,0.0,,,,
2026-01-06,MACI,10.64,10.64,10.63,10.63,1230,0.0009416195856875031,,,,
2026-01-07,MACI,10.65,10.65,10.63,10.65,2316,0.0018814675446847673,,,,
2026-01-08,MACI,10.64,10.66,10.64,10.66,1301,0.0009389671361501595,,,,
2026-01-09,MACI,10.66,10.66,10.66,10.66,3,0.0,,,,
2026-01-12,MACI,10.66,10.66,10.66,10.66,3,0.0,,,,
2026-01-13,MACI,10.66,10.7,10.64,10.7,6586,0.0037523452157597337,,,,
2026-01-14,MACI,10.66,10.68,10.64,10.67,2481,-0.002803738317756932,,,,
2026-01-15,MACI,10.66,10.69,10.65,10.69,9714,0.0018744142455482393,,,,
2026-01-16,MACI,10.71,10.71,10.65,10.66,4726,-0.002806361085126219,,,,
2026-01-20,MACI,10.75,10.75,10.66,10.7,2170,0.0037523452157597337,,,,
2026-01-22,MACI,10.68,10.68,10.68,10.68,70,-0.0018691588785045843,,,,
2026-01-23,MACI,10.66,10.7,10.66,10.7,20076,0.001872659176029856,,,,
2026-01-26,MACI,10.67,10.7,10.67,10.7,3172,0.0,,,,
2026-01-27,MACI,10.67,10.67,10.67,10.67,941,-0.002803738317756932,,,,
2026-01-28,MACI,10.7,10.7,10.7,10.7,325,0.002811621368322248,,,,
2026-01-29,MACI,10.71,10.71,10.71,10.71,41,0.0009345794392525697,,,,
2026-01-30,MACI,10.68,10.7,10.68,10.7,963,-0.0009337068160598649,,,,
2026-02-02,MACI,10.7,10.7,10.7,10.7,683,0.0,,,,
2026-02-03,MACI,10.68,10.68,10.68,10.68,100,-0.0018691588785045843,,,,
2026-02-04,MACI,10.7,10.7,10.7,10.7,18,0.001872659176029856,,,,
2026-02-05,MACI,10.71,10.71,10.7,10.71,1546,0.0009345794392525697,,,,
2026-02-06,MACI,10.68,10.69,10.68,10.69,1842,-0.0018674136321196189,,,,
2026-02-09,MACI,10.695,10.695,10.695,10.695,9,0.000467726847521055,,,,
2026-02-10,MACI,10.67,10.71,10.67,10.71,36,0.0014025245441795509,,,,
2026-02-11,MACI,10.71,10.71,10.71,10.71,3,0.0,,,,
2026-02-12,MACI,10.72,10.72,10.71,10.71,131,0.0,,,,
2026-02-13,MACI,10.72,10.72,10.7,10.7,11,-0.0009337068160598649,,,,
2026-02-17,MACI,10.72,10.72,10.72,10.72,150,0.0018691588785046953,,,,
2026-02-18,MACI,10.7,10.7,10.69,10.69,150,-0.002798507462686728,,,,
2026-02-19,MACI,10.7,10.71,10.7,10.71,3162,0.00187090739008422,,,,
2026-02-20,MACI,10.72,10.72,10.72,10.72,233,0.0009337068160597539,,,,
2026-02-23,MACI,10.7,10.7,10.7,10.7,8,-0.001865671641791189,,,,
2026-02-24,MACI,10.72,10.72,10.7,10.7,4,0.0,,,,
2026-02-25,MACI,10.72,10.72,10.71,10.71,2,0.0009345794392525697,,,,
2026-02-26,MACI,10.72,10.73,10.72,10.72,2453,0.0009337068160597539,,,,
2026-02-27,MACI,10.73,10.73,10.7,10.7,35,-0.001865671641791189,,,,
2026-01-02,MASI,130.99,131.4,126.56,127.4,197815,,,,,
2026-01-05,MASI,127.02,134.89,127.02,133.63,301180,0.04890109890109873,,,,
2026-01-06,MASI,136.0,137.4,133.21,136.6,262282,0.02222554815535438,,,,
2026-01-07,MASI,136.51,138.01,135.48,137.08,161981,0.0035139092240117353,,,,
2026-01-08,MASI,136.24,138.88,135.49,138.88,242786,0.013131018383425674,,,,
2026-01-09,MASI,137.91,140.33,135.73,139.67,196752,0.0056883640552993775,,,,
2026-01-12,MASI,139.0,140.06,130.56,134.81,219483,-0.03479630557743241,,,,
2026-01-13,MASI,132.61,134.17,129.75,129.83,148669,-0.03694087975669458,,,,
2026-01-14,MASI,129.95,138.985,128.78,138.41,424650,0.0660864207039975,,,,
2026-01-15,MASI,139.51,143.9,137.73,141.0,378958,0.018712520771620555,,,,
2026-01-16,MASI,139.35,144.25,138.96,142.07,286369,0.007588652482269476,,,,
2026-01-20,MASI,140.14,143.52,138.84,142.7,280718,0.004434433729851417,,,,
2026-01-21,MASI,143.07,148.83,142.97,146.51,278849,0.026699369306236953,,,,
2026-01-22,MASI,146.13,147.5,142.16,143.93,214923,-0.017609719473073437,,,,
2026-01-23,MASI,142.81,144.63,141.41,141.46,263535,-0.017161119988883478,,,,
2026-01-26,MASI,141.96,142.52,139.92,140.2,195646,-0.008907111550968572,,,,
2026-01-27,MASI,140.1,140.1,137.445,137.92,185539,-0.016262482168330927,,,,
2026-01-28,MASI,137.92,139.42,135.94,137.67,302755,-0.001812645011600944,,,,
2026-01-29,MASI,138.17,138.99,134.72,134.72,213379,-0.021428052589525626,,,,
2026-01-30,MASI,135.96,137.93,133.98,136.62,243277,0.014103325415677048,,,,
2026-02-02,MASI,137.0,138.48,135.7,137.98,165301,0.009954618650270808,,,,
2026-02-03,MASI,138.33,141.64,137.15,139.13,228443,0.008334541237860593,,,,
2026-02-04,MASI,139.31,140.815,135.59,136.62,220949,-0.01804068137712922,,,,
2026-02-05,MASI,136.81,138.04,133.75,135.33,202100,-0.009442248572683276,,,,
2026-02-06,MASI,136.5,139.32,134.46,138.8,228720,0.02564102564102555,,,,
2026-02-09,MASI,138.21,139.11,134.25,135.0,199164,-0.02737752161383289,,,,
2026-02-10,MASI,134.76,136.61,134.0,134.1,267506,-0.00666666666666671,,,,
2026-02-11,MASI,133.7,135.75,130.34,135.04,169095,0.007009694258016452,,,,
2026-02-12,MASI,135.18,136.0,130.67,132.96,246340,-0.015402843601895588,,,,
2026-02-13,MASI,132.18,134.02,129.21,130.08,415121,-0.02166064981949456,,,,
2026-02-17,MASI,163.02,182.0,163.02,174.26,2998959,0.3396371463714636,,,,
2026-02-18,MASI,175.01,175.8,174.7,175.01,1285123,0.00430391369218408,,,,
2026-02-19,MASI,175.59,175.7,174.5,174.5,1101295,-0.0029141191931889576,,,,
2026-02-20,MASI,175.3,175.54,175.04,175.5,1668573,0.005730659025787954,,,,
2026-02-23,MASI,175.16,175.68,175.16,175.25,632758,-0.0014245014245014564,,,,
2026-02-24,MASI,175.05,175.93,175.05,175.32,596154,0.00039942938659054406,,,,
2026-02-25,MASI,175.55,175.59,175.1,175.1,419219,-0.001254848277435494,,,,
2026-02-26,MASI,175.26,175.7,175.0,175.0,510030,-0.0005711022272986144,,,,
2026-02-27,MASI,175.25,175.62,175.15,175.35,324709,0.0020000000000000018,,,,
2026-01-02,MBAV,10.63,10.64,10.63,10.63,17614,,,,,
2026-01-05,MBAV,10.63,10.75,10.63,10.75,15619,0.011288805268109048,,,,
2026-01-06,MBAV,10.64,10.66,10.64,10.66,702,-0.008372093023255811,,,,
2026-01-07,MBAV,10.66,10.68,10.65,10.655,5241,-0.00046904315197005,,,,
2026-01-08,MBAV,10.65,10.66,10.65,10.65,755,-0.000469263256686947,,,,
2026-01-09,MBAV,10.67,10.675,10.65,10.65,2744,0.0,,,,
2026-01-12,MBAV,10.65,10.66,10.64,10.64,11675,-0.0009389671361501595,,,,
2026-01-13,MBAV,10.65,10.65,10.625,10.63,20983,-0.0009398496240601295,,,,
2026-01-14,MBAV,10.62,10.65,10.62,10.62,2188,-0.0009407337723426057,,,,
2026-01-15,MBAV,10.66,10.66,10.63,10.63,235,0.0009416195856875031,,,,
2026-01-16,MBAV,10.63,10.655,10.63,10.63,1565,0.0,,,,
2026-01-20,MBAV,10.62,10.655,10.62,10.63,1048,0.0,,,,
2026-01-21,MBAV,10.67,10.68,10.63,10.68,18118,0.00470366886171214,,,,
2026-01-22,MBAV,10.64,10.68,10.62,10.62,1492,-0.005617977528089901,,,,
2026-01-23,MBAV,10.62,10.62,10.62,10.62,220,0.0,,,,
2026-01-26,MBAV,10.67,10.67,10.63,10.67,1018,0.004708097928437072,,,,
2026-01-27,MBAV,10.64,10.67,10.63,10.67,606,0.0,,,,
2026-01-28,MBAV,10.71,10.74,10.64,10.67,1743,0.0,,,,
2026-01-29,MBAV,10.74,10.74,10.67,10.72,1255,0.004686035613870709,,,,
2026-01-30,MBAV,10.7,10.7,10.63,10.65,3087,-0.006529850746268662,,,,
2026-02-02,MBAV,10.69,10.69,10.64,10.68,13607,0.0028169014084507005,,,,
2026-02-03,MBAV,10.63,10.68,10.62,10.67,3251,-0.000936329588014928,,,,
2026-02-04,MBAV,10.63,10.66,10.62,10.66,4883,-0.0009372071227741197,,,,
2026-02-05,MBAV,10.66,10.66,10.63,10.66,31183,0.0,,,,
2026-02-06,MBAV,10.64,10.71,10.64,10.71,3167,0.004690431519699834,,,,
2026-02-09,MBAV,10.71,10.71,10.67,10.69,691,-0.0018674136321196189,,,,
2026-02-10,MBAV,10.71,10.71,10.65,10.67,5727,-0.0018709073900841089,,,,
2026-02-11,MBAV,10.67,10.67,10.64,10.65,108,-0.0018744142455482393,,,,
2026-02-12,MBAV,10.64,10.64,10.64,10.64,6461,-0.0009389671361501595,,,,
2026-02-13,MBAV,10.68,10.71,10.68,10.7,161294,0.005639097744360777,,,,
2026-02-17,MBAV,10.64,10.72,10.64,10.64,28,-0.005607476635513864,,,,
2026-02-18,MBAV,10.64,10.66,10.64,10.65,1413,0.0009398496240602405,,,,
2026-02-19,MBAV,10.7,10.7,10.64,10.69,457,0.00375586854460086,,,,
2026-02-20,MBAV,10.67,10.7,10.65,10.66,8760,-0.002806361085126219,,,,
2026-02-23,MBAV,10.65,10.68,10.65,10.67,195,0.0009380863039398779,,,,
2026-02-24,MBAV,10.7,10.7,10.67,10.67,15066,0.0,,,,
2026-02-25,MBAV,10.68,10.72,10.67,10.67,526,0.0,,,,
2026-02-26,MBAV,10.73,10.74,10.68,10.74,25065,0.006560449859418949,,,,
2026-02-27,MBAV,10.73,10.8,10.67,10.67,7252,-0.0065176908752327956,,,,
2026-01-02,MCY,94.71,95.26,91.63,91.84,19697,,,,,
2026-01-05,MCY,90.86,91.8,90.42,90.51,19207,-0.0144817073170731,,,,
2026-01-06,MCY,90.34,90.35,86.43,88.33,24610,-0.02408573638272027,,,,
2026-01-07,MCY,88.24,89.64,87.22,89.34,14688,0.011434393750707539,,,,
2026-01-08,MCY,89.95,91.16,89.735,90.845,17147,0.01684575777927022,,,,
2026-01-09,MCY,90.69,91.16,89.0,89.0,13540,-0.020309318069238746,,,,
2026-01-12,MCY,89.285,90.6,88.59,90.3,13599,0.014606741573033766,,,,
2026-01-13,MCY,90.4,90.86,88.33,88.915,22377,-0.015337763012181482,,,,
2026-01-14,MCY,89.62,89.99,88.58,88.58,17198,-0.003767643254793951,,,,
2026-01-15,MCY,90.33,91.48,90.28,91.39,14619,0.031722736509370186,,,,
2026-01-16,MCY,91.09,91.79,90.52,91.08,18195,-0.003392056023635015,,,,
2026-01-20,MCY,91.02,92.36,88.9,89.31,22361,-0.019433465085638923,,,,
2026-01-21,MCY,90.17,90.17,87.345,88.62,19523,-0.007725898555592803,,,,
2026-01-22,MCY,87.55,88.04,86.6,86.87,16751,-0.019747235387045814,,,,
2026-01-23,MCY,86.71,87.27,84.28,85.4,29398,-0.01692183722804186,,,,
2026-01-26,MCY,86.095,87.8,85.86,86.72,24372,0.015456674473067755,,,,
2026-01-27,MCY,86.26,86.66,84.605,85.27,20778,-0.016720479704797064,,,,
2026-01-28,MCY,84.925,86.3,84.86,85.31,25329,0.00046909815878981576,,,,
2026-01-29,MCY,85.02,87.47,83.83,87.22,23668,0.02238893447427026,,,,
2026-01-30,MCY,87.6,88.225,86.49,87.0,29573,-0.002522357257509711,,,,
2026-02-02,MCY,87.46,88.66,87.03,88.56,24147,0.017931034482758568,,,,
2026-02-03,MCY,88.46,90.76,87.77,90.16,20457,0.01806684733513997,,,,
2026-02-04,MCY,91.05,92.67,90.88,92.67,25851,0.02783939662821666,,,,
2026-02-05,MCY,91.2,94.14,91.2,93.64,37996,0.010467249379518817,,,,
2026-02-06,MCY,95.05,95.54,93.9,95.23,27677,0.016979923109782247,,,,
2026-02-09,MCY,94.39,95.44,91.52,92.835,20413,-0.025149637719206197,,,,
2026-02-10,MCY,93.3,93.6,91.97,92.91,25382,0.0008078849571822033,,,,
2026-02-11,MCY,92.91,94.095,91.0,93.52,28493,0.006565493488321916,,,,
2026-02-12,MCY,92.77,95.24,91.73,94.705,34737,0.012671086398631237,,,,
2026-02-13,MCY,94.93,94.93,92.11,93.46,18772,-0.013146085211974023,,,,
2026-02-17,MCY,94.825,98.48,93.99,96.5,42602,0.032527284399743284,,,,
2026-02-18,MCY,98.4,100.65,85.7,87.9,135235,-0.08911917098445588,,,,
2026-02-19,MCY,86.86,88.09,86.05,86.515,34670,-0.01575654152445971,,,,
2026-02-20,MCY,86.9,87.025,84.37,86.46,35695,-0.0006357279084552303,,,,
2026-02-23,MCY,85.71,86.67,83.56,83.78,34868,-0.03099699282905377,,,,
2026-02-24,MCY,82.89,85.855,82.55,85.72,27441,0.02315588445929806,,,,
2026-02-25,MCY,86.88,89.02,85.58,88.7,60863,0.03476434904339709,,,,
2026-02-26,MCY,89.15,90.39,89.015,89.83,36372,0.012739571589627907,,,,
2026-02-27,MCY,89.85,91.4,89.53,90.51,33531,0.007569854168985923,,,,
2026-01-02,MDV,14.26,14.45,14.24,14.4,8111,,,,,
2026-01-05,MDV,14.42,14.42,14.12,14.13,2879,-0.018749999999999933,,,,
2026-01-06,MDV,14.2,14.28,14.08,14.24,5129,0.007784854918612805,,,,
2026-01-07,MDV,14.23,14.265,14.035,14.19,2255,-0.0035112359550562022,,,,
2026-01-08,MDV,14.32,14.48,14.32,14.36,1249,0.011980267794221344,,,,
2026-01-09,MDV,14.3,14.49,14.3,14.36,1013,0.0,,,,
2026-01-12,MDV,14.4,14.63,14.4,14.49,1641,0.009052924791086436,,,,
2026-01-13,MDV,14.48,14.59,14.25,14.49,2451,0.0,,,,
2026-01-14,MDV,14.52,14.615,14.48,14.56,1534,0.004830917874396157,,,,
2026-01-15,MDV,14.59,14.89,14.59,14.83,2741,0.018543956043955978,,,,
2026-01-16,MDV,14.93,14.93,14.65,14.73,4384,-0.006743088334457137,,,,
2026-01-20,MDV,14.82,14.87,14.68,14.7,2526,-0.0020366598778004397,,,,
2026-01-21,MDV,14.835,15.085,14.76,15.085,2455,0.02619047619047632,,,,
2026-01-22,MDV,15.19,15.43,15.16,15.205,1912,0.007954922108054374,,,,
2026-01-23,MDV,15.07,15.15,14.965,15.1,2025,-0.0069056231502795384,,,,
2026-01-26,MDV,15.15,15.41,14.98,15.41,3006,0.02052980132450344,,,,
2026-01-27,MDV,15.34,15.37,15.185,15.28,2158,-0.008436080467229101,,,,
2026-01-28,MDV,15.25,15.26,14.93,14.93,3604,-0.02290575916230364,,,,
2026-01-29,MDV,15.035,15.4,14.96,15.4,6895,0.031480241125251274,,,,
2026-01-30,MDV,15.015,15.38,15.015,15.34,3226,-0.003896103896103953,,,,
2026-02-02,MDV,15.31,15.515,15.22,15.33,4102,-0.0006518904823989979,,,,
2026-02-03,MDV,15.35,15.35,15.055,15.19,1484,-0.0091324200913242,,,,
2026-02-04,MDV,15.16,15.29,15.07,15.19,1035,0.0,,,,
2026-02-05,MDV,15.07,15.17,14.96,14.98,5497,-0.013824884792626668,,,,
2026-02-06,MDV,15.07,15.31,14.965,15.29,2721,0.020694259012015825,,,,
2026-02-09,MDV,14.87,15.23,14.87,14.91,1637,-0.024852844996729795,,,,
2026-02-10,MDV,15.08,15.08,14.91,14.995,955,0.0057008718980549045,,,,
2026-02-11,MDV,14.94,14.95,14.72,14.72,1615,-0.018339446482160682,,,,
2026-02-12,MDV,14.98,14.99,14.8,14.97,444,0.016983695652173836,,,,
2026-02-13,MDV,14.95,15.14,14.8,14.85,2247,-0.008016032064128376,,,,
2026-02-17,MDV,14.97,15.12,14.83,15.12,1903,0.018181818181818077,,,,
2026-02-18,MDV,15.0,15.02,14.87,14.91,4707,-0.01388888888888884,,,,
2026-02-19,MDV,14.93,15.15,14.93,15.1,1041,0.012743125419181656,,,,
2026-02-20,MDV,15.14,15.44,15.14,15.38,1442,0.018543046357615944,,,,
2026-02-23,MDV,15.29,15.6,15.29,15.52,1696,0.00910273081924573,,,,
2026-02-24,MDV,15.27,15.51,15.27,15.28,2027,-0.015463917525773252,,,,
2026-02-25,MDV,15.36,15.47,15.19,15.4,1952,0.007853403141361293,,,,
2026-02-26,MDV,15.54,15.795,15.47,15.78,5852,0.024675324675324628,,,,
2026-02-27,MDV,15.6,15.66,15.45,15.48,3734,-0.019011406844106404,,,,
2026-01-02,MGM,36.44,36.64,36.125,36.475,364675,,,,,
2026-01-05,MGM,36.35,37.3,35.73,35.97,533426,-0.013845099383139159,,,,
2026-01-06,MGM,36.24,36.32,35.38,35.715,513617,-0.00708924103419506,,,,
2026-01-07,MGM,35.97,35.97,34.08,34.08,626736,-0.0457790844183118,,,,
2026-01-08,MGM,34.1,36.03,33.92,35.38,740992,0.038145539906103476,,,,
2026-01-09,MGM,35.39,35.785,34.305,34.43,542725,-0.026851328434143618,,,,
2026-01-12,MGM,34.23,34.85,33.95,34.7,529923,0.007841998257333893,,,,
2026-01-13,MGM,34.69,35.06,33.89,34.49,494662,-0.006051873198847257,,,,
2026-01-14,MGM,34.47,34.76,34.075,34.405,461308,-0.002464482458683692,,,,
2026-01-15,MGM,34.44,35.5,34.14,35.32,435584,0.026594971661095812,,,,
2026-01-16,MGM,34.94,35.2,34.35,34.98,590406,-0.00962627406568528,,,,
2026-01-20,MGM,34.34,34.58,33.21,33.61,491721,-0.03916523727844479,,,,
2026-01-21,MGM,33.69,34.36,33.56,33.89,408465,0.00833085391252597,,,,
2026-01-22,MGM,34.15,34.84,34.09,34.415,397955,0.015491295367364932,,,,
2026-01-23,MGM,34.24,34.54,33.87,34.03,360663,-0.011186982420456126,,,,
2026-01-26,MGM,34.05,34.33,33.8,34.095,444218,0.0019100793417572426,,,,
2026-01-27,MGM,34.13,34.13,33.41,33.46,331970,-0.018624431734858393,,,,
2026-01-28,MGM,33.42,33.88,32.49,32.56,628287,-0.026897788404064538,,,,
2026-01-29,MGM,32.63,33.41,32.14,33.3,545026,0.022727272727272485,,,,
2026-01-30,MGM,33.31,33.545,32.54,33.53,515490,0.006906906906906984,,,,
2026-02-02,MGM,33.3,33.98,33.3,33.48,393928,-0.0014912019087385264,,,,
2026-02-03,MGM,33.52,34.98,33.3,34.175,1194415,0.020758661887694263,,,,
2026-02-04,MGM,34.05,39.22,33.6,37.37,1727701,0.09348939283101676,,,,
2026-02-05,MGM,36.92,36.93,34.78,35.95,1810584,-0.03799839443403785,,,,
2026-02-06,MGM,36.0,37.63,35.52,37.32,959592,0.038108484005563215,,,,
2026-02-09,MGM,37.49,38.1,37.14,37.8,491869,0.012861736334405016,,,,
2026-02-10,MGM,37.995,38.05,36.78,37.36,531870,-0.011640211640211562,,,,
2026-02-11,MGM,37.38,37.81,36.25,36.36,337919,-0.02676659528907921,,,,
2026-02-12,MGM,36.23,37.24,33.91,34.24,1167222,-0.05830583058305827,,,,
2026-02-13,MGM,34.35,34.97,33.675,34.11,400833,-0.003796728971962704,,,,
2026-02-17,MGM,34.11,34.66,33.53,34.26,470615,0.004397537379067673,,,,
2026-02-18,MGM,34.28,37.3,34.27,37.19,735654,0.08552247518972567,,,,
2026-02-19,MGM,37.1,37.3,35.75,36.47,466950,-0.019360043022317752,,,,
2026-02-20,MGM,36.46,37.03,35.89,36.86,455022,0.010693720866465695,,,,
2026-02-23,MGM,36.78,36.88,33.8,34.3,646954,-0.06945198046663059,,,,
2026-02-24,MGM,34.39,35.42,34.29,34.95,376329,0.018950437317784452,,,,
2026-02-25,MGM,35.13,35.61,34.71,35.55,568340,0.01716738197424883,,,,
2026-02-26,MGM,35.59,38.0,35.59,37.47,996592,0.05400843881856554,,,,
2026-02-27,MGM,36.89,37.19,36.36,36.865,796466,-0.016146250333600176,,,,
2026-01-02,MLAC,10.42,10.42,10.4,10.41,6867,,,,,
2026-01-05,MLAC,10.39,10.41,10.39,10.41,11650,0.0,,,,
2026-01-06,MLAC,10.41,10.43,10.41,10.42,1792,0.0009606147934677622,,,,
2026-01-07,MLAC,10.43,10.44,10.42,10.43,16553,0.0009596928982724684,,,,
2026-01-08,MLAC,10.43,10.46,10.42,10.43,10788,0.0,,,,
2026-01-09,MLAC,10.43,10.43,10.42,10.43,19634,0.0,,,,
2026-01-12,MLAC,10.42,10.46,10.42,10.46,14847,0.0028763183125599667,,,,
2026-01-13,MLAC,10.45,10.45,10.42,10.42,27306,-0.003824091778202754,,,,
2026-01-14,MLAC,10.44,10.44,10.42,10.43,4787,0.0009596928982724684,,,,
2026-01-15,MLAC,10.45,10.45,10.4,10.4,17375,-0.0028763183125598557,,,,
2026-01-16,MLAC,10.42,10.425,10.4,10.4,28802,0.0,,,,
2026-01-20,MLAC,10.45,10.45,10.42,10.42,34798,0.0019230769230769162,,,,
2026-01-21,MLAC,10.43,10.46,10.43,10.445,9641,0.002399232245681393,,,,
2026-01-22,MLAC,10.43,10.46,10.43,10.46,12370,0.0014360938247965915,,,,
2026-01-23,MLAC,10.44,10.445,10.44,10.44,53927,-0.0019120458891014325,,,,
2026-01-26,MLAC,10.44,10.44,10.44,10.44,298794,0.0,,,,
2026-01-27,MLAC,10.46,10.46,10.43,10.45,20188,0.0009578544061301653,,,,
2026-01-28,MLAC,10.44,10.46,10.43,10.45,21983,0.0,,,,
2026-01-29,MLAC,10.46,10.46,10.44,10.45,68539,0.0,,,,
2026-01-30,MLAC,10.47,10.47,10.44,10.44,7103,-0.000956937799043045,,,,
2026-02-02,MLAC,10.47,10.47,10.45,10.46,40879,0.0019157088122607746,,,,
2026-02-03,MLAC,10.46,10.47,10.45,10.46,8840,0.0,,,,
2026-02-04,MLAC,10.46,10.47,10.45,10.46,20925,0.0,,,,
2026-02-05,MLAC,10.47,10.47,10.46,10.47,29490,0.0009560229445506607,,,,
2026-02-06,MLAC,10.48,10.48,10.45,10.47,16636,0.0,,,,
2026-02-09,MLAC,10.46,10.46,10.45,10.45,17824,-0.0019102196752628364,,,,
2026-02-10,MLAC,10.48,10.48,10.45,10.46,29409,0.000956937799043267,,,,
2026-02-11,MLAC,10.47,10.48,10.46,10.48,6424,0.0019120458891013214,,,,
2026-02-12,MLAC,10.48,10.48,10.46,10.46,29203,-0.001908396946564861,,,,
2026-02-13,MLAC,10.48,10.49,10.45,10.465,19170,0.00047801147227533036,,,,
2026-02-17,MLAC,10.47,10.48,10.46,10.48,9230,0.0014333492594362784,,,,
2026-02-18,MLAC,10.47,10.49,10.47,10.49,23317,0.000954198473282375,,,,
2026-02-19,MLAC,10.47,10.49,10.47,10.48,16334,-0.0009532888465204614,,,,
2026-02-20,MLAC,10.49,10.49,10.48,10.48,13397,0.0,,,,
2026-02-23,MLAC,10.48,10.48,10.48,10.48,12646,0.0,,,,
2026-02-24,MLAC,10.48,10.5,10.48,10.5,139609,0.00190839694656475,,,,
2026-02-25,MLAC,10.49,10.5,10.49,10.49,57113,-0.0009523809523809268,,,,
2026-02-26,MLAC,10.5,10.5,10.49,10.49,4576,0.0,,,,
2026-02-27,MLAC,10.5,10.5,10.49,10.49,3794,0.0,,,,
2026-01-02,MOBX,0.2707,0.3,0.2655,0.27,230960,,,,,
2026-01-05,MOBX,0.292,0.51,0.247,0.2616,8861629,-0.0311111111111112,,,,
2026-01-06,MOBX,0.2536,0.3,0.1701,0.2135,6029355,-0.183868501529052,,,,
2026-01-07,MOBX,0.219,0.258,0.1969,0.2499,1860680,0.17049180327868863,,,,
2026-01-08,MOBX,0.2297,0.2701,0.2127,0.2655,714885,0.062424969987995294,,,,
2026-01-09,MOBX,0.2749,0.2749,0.2345,0.245,574557,-0.07721280602636538,,,,
2026-01-12,MOBX,0.2458,0.2768,0.2125,0.2629,574851,0.07306122448979613,,,,
2026-01-13,MOBX,0.2573,0.2664,0.24,0.24,272508,-0.08710536325599094,,,,
2026-01-14,MOBX,0.2348,0.2401,0.215,0.2245,388538,-0.06458333333333333,,,,
2026-01-15,MOBX,0.221,0.2444,0.2163,0.2286,204855,0.01826280623608012,,,,
2026-01-16,MOBX,0.2301,0.245,0.2209,0.24,274300,0.04986876640419946,,,,
2026-01-20,MOBX,0.2254,0.2368,0.21,0.221,489007,-0.07916666666666661,,,,
2026-01-21,MOBX,0.22,0.2425,0.216,0.228,181933,0.03167420814479649,,,,
2026-01-22,MOBX,0.2292,0.243,0.22,0.2394,328596,0.050000000000000044,,,,
2026-01-23,MOBX,0.229,0.2337,0.22,0.2265,103535,-0.053884711779448646,,,,
2026-01-26,MOBX,0.221,0.2339,0.2138,0.226,431488,-0.002207505518763808,,,,
2026-01-27,MOBX,0.229,0.2325,0.22,0.2243,160470,-0.007522123893805355,,,,
2026-01-28,MOBX,0.223,0.234,0.223,0.231,185223,0.02987070887204646,,,,
2026-01-29,MOBX,0.2235,0.2289,0.2126,0.2166,192442,-0.06233766233766247,,,,
2026-01-30,MOBX,0.2121,0.219,0.1957,0.1958,221360,-0.09602954755309323,,,,
2026-02-02,MOBX,0.2041,0.2041,0.1856,0.186,253891,-0.05005107252298269,,,,
2026-02-03,MOBX,0.193,0.194,0.18,0.181,107997,-0.026881720430107503,,,,
2026-02-04,MOBX,0.1862,0.3369,0.1768,0.2361,15604771,0.30441988950276255,,,,
2026-02-05,MOBX,0.2308,0.2585,0.2009,0.2222,2067880,-0.05887335874629396,,,,
2026-02-06,MOBX,0.23,0.245,0.213,0.2301,426190,0.035553555355535504,,,,
2026-02-09,MOBX,0.2335,0.2335,0.2113,0.2164,676284,-0.05953933072577133,,,,
2026-02-10,MOBX,0.2227,0.2238,0.2036,0.2082,236393,-0.037892791127541625,,,,
2026-02-11,MOBX,0.2237,0.224,0.1955,0.2062,126066,-0.009606147934678178,,,,
2026-02-12,MOBX,0.2059,0.207,0.19,0.1935,322167,-0.06159068865179429,,,,
2026-02-13,MOBX,0.193,0.1999,0.1836,0.1979,247611,0.02273901808785528,,,,
2026-02-17,MOBX,0.189,0.191,0.1305,0.145,752112,-0.2673067205659424,,,,
2026-02-18,MOBX,0.1465,0.1689,0.1463,0.1657,163513,0.14275862068965517,,,,
2026-02-19,MOBX,0.1672,0.1814,0.157,0.18,276212,0.08630054315027169,,,,
2026-02-20,MOBX,0.178,0.1864,0.1656,0.1656,198497,-0.07999999999999996,,,,
2026-02-23,MOBX,0.1693,0.1693,0.1555,0.1595,84055,-0.03683574879227047,,,,
2026-02-24,MOBX,0.1606,0.168,0.145,0.16,212006,0.0031347962382444194,,,,
2026-02-25,MOBX,0.1578,0.1741,0.153,0.1713,140352,0.07062499999999994,,,,
2026-02-26,MOBX,0.1697,0.1704,0.1592,0.1653,184341,-0.035026269702276736,,,,
2026-02-27,MOBX,0.1603,0.1801,0.1603,0.165,400918,-0.001814882032667886,,,,
2026-01-02,MRBK,17.7,17.7,17.09,17.12,38034,,,,,
2026-01-05,MRBK,17.18,17.93,17.17,17.53,53093,0.02394859813084116,,,,
2026-01-06,MRBK,17.51,17.625,17.32,17.51,35532,-0.0011409013120364797,,,,
2026-01-07,MRBK,17.5,17.79,17.05,17.19,21952,-0.01827527127355799,,,,
2026-01-08,MRBK,17.18,17.77,17.15,17.65,42884,0.026759744037230693,,,,
2026-01-09,MRBK,17.65,17.905,17.28,17.61,30015,-0.002266288951841333,,,,
2026-01-12,MRBK,17.56,17.74,17.41,17.58,29219,-0.0017035775127769437,,,,
2026-01-13,MRBK,17.64,17.77,17.5,17.7,37465,0.006825938566553003,,,,
2026-01-14,MRBK,17.72,17.9,17.6,17.74,34161,0.002259887005649608,,,,
2026-01-15,MRBK,17.81,18.25,17.74,18.15,45190,0.023111612175873653,,,,
2026-01-16,MRBK,18.12,18.25,18.07,18.15,24775,0.0,,,,
2026-01-20,MRBK,18.05,18.13,17.88,17.91,28549,-0.013223140495867702,,,,
2026-01-21,MRBK,18.03,19.065,18.03,18.95,31893,0.05806811836962589,,,,
2026-01-22,MRBK,19.01,19.21,18.945,18.99,22840,0.0021108179419524475,,,,
2026-01-23,MRBK,18.95,19.17,18.26,18.31,47219,-0.035808320168509766,,,,
2026-01-26,MRBK,18.3,18.8,18.1,18.26,25008,-0.002730748225013513,,,,
2026-01-27,MRBK,18.25,18.47,18.23,18.32,23424,0.003285870755750153,,,,
2026-01-28,MRBK,18.39,18.56,18.11,18.26,21957,-0.0032751091703056012,,,,
2026-01-29,MRBK,18.35,18.99,18.315,18.57,69103,0.016976998904709717,,,,
2026-01-30,MRBK,18.9,19.05,18.72,18.93,32945,0.019386106623586308,,,,
2026-02-02,MRBK,19.05,19.45,19.0,19.26,46102,0.017432646592710155,,,,
2026-02-03,MRBK,19.49,20.36,19.34,20.3,88675,0.05399792315680152,,,,
2026-02-04,MRBK,20.39,21.025,20.39,20.41,54133,0.005418719211822687,,,,
2026-02-05,MRBK,20.33,20.63,20.3,20.39,47431,-0.000979911807937217,,,,
2026-02-06,MRBK,20.57,20.825,20.51,20.71,58155,0.015693967631191796,,,,
2026-02-09,MRBK,20.71,20.8,20.4,20.45,46147,-0.012554321583776007,,,,
2026-02-10,MRBK,20.41,20.62,20.15,20.3,41147,-0.007334963325183352,,,,
2026-02-11,MRBK,20.48,20.615,19.92,20.08,38037,-0.010837438423645485,,,,
2026-02-12,MRBK,20.24,20.38,19.72,19.81,51048,-0.01344621513944222,,,,
2026-02-13,MRBK,19.98,20.66,19.83,20.29,78246,0.0242301867743564,,,,
2026-02-17,MRBK,20.28,20.655,20.25,20.27,32263,-0.0009857072449481752,,,,
2026-02-18,MRBK,20.25,20.7,19.87,19.96,40690,-0.015293537247163203,,,,
2026-02-19,MRBK,19.95,20.145,19.7,20.03,49540,0.003507014028056199,,,,
2026-02-20,MRBK,19.99,20.27,19.77,20.06,61820,0.0014977533699449541,,,,
2026-02-23,MRBK,20.01,20.4,19.445,19.69,55592,-0.018444666001993903,,,,
2026-02-24,MRBK,19.69,19.98,19.53,19.56,28491,-0.006602336211274928,,,,
2026-02-25,MRBK,19.78,20.08,19.62,19.9,38317,0.017382413087934534,,,,
2026-02-26,MRBK,19.99,20.405,19.9,19.96,32525,0.0030150753768845018,,,,
2026-02-27,MRBK,19.85,19.85,19.24,19.44,41009,-0.02605210420841686,,,,
2026-01-02,MRP,29.89,30.09,29.53,30.09,123591,,,,,
2026-01-05,MRP,29.27,29.46,29.03,29.395,152911,-0.02309737454303762,,,,
2026-01-06,MRP,29.39,29.555,28.5,29.54,156788,0.00493281170267057,,,,
2026-01-07,MRP,29.6,29.72,28.77,29.39,162254,-0.005077860528097444,,,,
2026-01-08,MRP,28.785,29.36,28.785,29.2,154543,-0.006464783940115737,,,,
2026-01-09,MRP,29.35,32.53,29.29,32.53,139404,0.114041095890411,,,,
2026-01-12,MRP,30.71,31.18,30.5,30.68,127462,-0.05687058100215192,,,,
2026-01-13,MRP,30.58,30.96,30.42,30.61,106280,-0.0022816166883963263,,,,
2026-01-14,MRP,30.51,30.73,30.3,30.53,89179,-0.0026135249918326497,,,,
2026-01-15,MRP,30.66,30.96,30.4,30.54,94500,0.0003275466754011358,,,,
2026-01-16,MRP,30.63,31.04,30.46,31.04,174586,0.016371971185330736,,,,
2026-01-20,MRP,30.79,31.19,30.465,31.19,109198,0.0048324742268042176,,,,
2026-01-21,MRP,30.755,31.165,30.49,31.0,131678,-0.006091696056428342,,,,
2026-01-22,MRP,31.52,31.54,30.55,30.64,107300,-0.011612903225806437,,,,
2026-01-23,MRP,30.52,30.52,29.87,30.47,100540,-0.00554830287206276,,,,
2026-01-26,MRP,30.21,30.25,29.68,29.75,87596,-0.023629799803084994,,,,
2026-01-27,MRP,29.86,29.99,29.69,29.8,64001,0.001680672268907557,,,,
2026-01-28,MRP,29.81,30.21,29.41,29.55,128993,-0.008389261744966459,,,,
2026-01-29,MRP,29.775,29.775,29.39,29.68,149482,0.004399323181049075,,,,
2026-01-30,MRP,29.4,30.0,29.28,29.79,131344,0.0037061994609164373,,,,
2026-02-02,MRP,29.9,29.97,29.42,29.59,65684,-0.006713662302786139,,,,
2026-02-03,MRP,29.59,30.53,29.49,29.87,125361,0.009462656302805073,,,,
2026-02-04,MRP,29.87,30.725,29.87,30.5,120577,0.021091396049548017,,,,
2026-02-05,MRP,30.56,31.005,30.285,31.005,113385,0.016557377049180255,,,,
2026-02-06,MRP,31.055,31.8,31.055,31.71,112285,0.022738268021286867,,,,
2026-02-09,MRP,31.27,31.61,30.99,30.99,137830,-0.022705771050141932,,,,
2026-02-10,MRP,31.46,31.64,31.26,31.495,141896,0.016295579219103073,,,,
2026-02-11,MRP,31.415,31.99,31.33,31.99,161604,0.01571678044133984,,,,
2026-02-12,MRP,32.23,32.61,31.43,31.445,196834,-0.017036573929352872,,,,
2026-02-13,MRP,31.69,32.25,31.3,31.96,146150,0.016377802512323125,,,,
2026-02-17,MRP,31.97,31.98,31.4,31.52,170864,-0.013767209011264159,,,,
2026-02-18,MRP,31.67,31.76,31.36,31.76,153407,0.0076142131979695105,,,,
2026-02-19,MRP,31.45,31.5,30.92,31.01,92910,-0.023614609571788403,,,,
2026-02-20,MRP,31.2,31.66,30.91,31.66,103246,0.020960980328926127,,,,
2026-02-23,MRP,31.08,31.1,30.14,30.59,88504,-0.03379658875552749,,,,
2026-02-24,MRP,30.585,31.09,30.36,30.925,113720,0.010951291271657393,,,,
2026-02-25,MRP,30.93,31.18,30.5,31.0,121227,0.0024252223120453387,,,,
2026-02-26,MRP,30.77,31.4,30.49,31.15,159085,0.004838709677419395,,,,
2026-02-27,MRP,31.265,31.92,31.16,31.35,314140,0.006420545746388617,,,,
2026-01-02,MUX,19.37,19.37,17.72,19.11,69346,,,,,
2026-01-05,MUX,19.0,21.06,18.89,20.0,122113,0.046572475143903835,,,,
2026-01-06,MUX,20.04,20.68,19.935,20.59,134239,0.02950000000000008,,,,
2026-01-07,MUX,20.2,20.2,19.0,19.99,107145,-0.029140359397765936,,,,
2026-01-08,MUX,19.61,20.52,19.01,20.505,87163,0.025762881440720475,,,,
2026-01-09,MUX,20.54,20.89,20.3,20.87,79468,0.017800536454523286,,,,
2026-01-12,MUX,21.77,22.435,21.405,21.805,112072,0.04480114997604212,,,,
2026-01-13,MUX,21.86,23.0,21.44,21.79,141225,-0.0006879156156844868,,,,
2026-01-14,MUX,22.09,22.87,21.82,22.39,100487,0.027535566773749576,,,,
2026-01-15,MUX,22.49,22.5,21.72,22.35,100985,-0.001786511835640825,,,,
2026-01-16,MUX,21.95,23.01,21.73,22.83,88048,0.02147651006711393,,,,
2026-01-20,MUX,23.9,24.8,23.1,24.79,184944,0.08585194918966277,,,,
2026-01-21,MUX,25.3,25.41,23.39,23.8,127603,-0.039935457845905575,,,,
2026-01-22,MUX,23.56,26.73,23.54,26.07,190340,0.09537815126050408,,,,
2026-01-23,MUX,26.91,26.96,25.98,26.75,118612,0.026083621020329906,,,,
2026-01-26,MUX,28.18,29.03,26.68,27.15,241089,0.01495327102803734,,,,
2026-01-27,MUX,27.01,28.15,26.33,28.1,146914,0.03499079189686927,,,,
2026-01-28,MUX,29.33,29.55,27.96,29.48,176166,0.04911032028469742,,,,
2026-01-29,MUX,29.56,29.89,26.42,27.81,157684,-0.05664857530529177,,,,
2026-01-30,MUX,24.2,26.47,23.38,24.14,276021,-0.13196691837468533,,,,
2026-02-02,MUX,23.31,24.68,22.98,23.7,191917,-0.01822700911350461,,,,
2026-02-03,MUX,25.3,25.9,24.28,25.26,145054,0.06582278481012671,,,,
2026-02-04,MUX,26.5,26.5,24.22,25.72,112464,0.01821060965954069,,,,
2026-02-05,MUX,24.94,25.19,22.0,22.0,158375,-0.14463452566096424,,,,
2026-02-06,MUX,23.31,25.28,23.31,24.63,152799,0.1195454545454544,,,,
2026-02-09,MUX,25.52,26.9,25.51,26.74,100266,0.08566788469346331,,,,
2026-02-10,MUX,26.7,26.7,25.8,26.18,50836,-0.020942408376963262,,,,
2026-02-11,MUX,26.66,27.4,25.99,27.3,85424,0.04278074866310155,,,,
2026-02-12,MUX,26.97,27.12,24.7,25.0,184133,-0.08424908424908428,,,,
2026-02-13,MUX,25.0,26.35,24.91,25.0,146074,0.0,,,,
2026-02-17,MUX,24.53,24.55,22.94,24.11,127091,-0.035600000000000076,,,,
2026-02-18,MUX,24.54,24.75,23.945,24.31,64607,0.008295313148071415,,,,
2026-02-19,MUX,24.37,25.57,23.92,25.02,72527,0.02920608802961744,,,,
2026-02-20,MUX,25.62,26.51,24.56,26.5,121542,0.05915267785771383,,,,
2026-02-23,MUX,26.83,27.06,26.13,26.5,78044,0.0,,,,
2026-02-24,MUX,26.0,27.21,25.27,26.71,95601,0.007924528301886724,,,,
2026-02-25,MUX,27.1,27.86,26.91,27.15,87875,0.01647323099962561,,,,
2026-02-26,MUX,26.99,28.43,26.545,28.3,90216,0.0423572744014733,,,,
2026-02-27,MUX,28.28,28.86,27.335,27.94,88574,-0.01272084805653706,,,,
2026-01-02,NATL,38.09,38.15,36.71,37.225,32179,,,,,
2026-01-05,NATL,37.11,38.26,37.11,37.895,30435,0.017998656816655467,,,,
2026-01-06,NATL,37.5,38.35,37.25,38.34,30032,0.011742974007124873,,,,
2026-01-07,NATL,38.41,38.46,37.74,38.37,26199,0.0007824726134584292,,,,
2026-01-08,NATL,38.4,40.665,38.36,40.52,41364,0.056033359395361027,,,,
2026-01-09,NATL,40.99,40.99,40.37,40.73,29447,0.005182625863770829,,,,
2026-01-12,NATL,40.455,40.455,39.1,40.105,23798,-0.015344954578934478,,,,
2026-01-13,NATL,40.07,40.34,39.18,39.45,25941,-0.016332128163570436,,,,
2026-01-14,NATL,39.46,39.785,39.24,39.72,30350,0.00684410646387823,,,,
2026-01-15,NATL,40.14,41.0,39.97,40.73,33535,0.025427995971802675,,,,
2026-01-16,NATL,40.72,40.72,39.89,39.92,48258,-0.019887061134298945,,,,
2026-01-20,NATL,39.245,39.47,37.13,37.17,27469,-0.06888777555110215,,,,
2026-01-21,NATL,37.85,37.87,36.35,37.83,76982,0.0177562550443906,,,,
2026-01-22,NATL,38.33,39.14,38.31,38.54,22490,0.0187681734073486,,,,
2026-01-23,NATL,38.525,38.7,37.56,37.64,37666,-0.023352361183186288,,,,
2026-01-26,NATL,37.69,38.01,37.35,37.425,23333,-0.005712008501594146,,,,
2026-01-27,NATL,37.72,37.92,35.89,36.3,28096,-0.030060120240480992,,,,
2026-01-28,NATL,36.39,36.61,36.18,36.23,29675,-0.0019283746556474357,,,,
2026-01-29,NATL,36.655,37.24,36.25,37.24,30757,0.027877449627380813,,,,
2026-01-30,NATL,37.68,37.825,36.94,37.27,32483,0.0008055853920516665,,,,
2026-02-02,NATL,37.44,39.515,37.44,39.04,44280,0.04749127984974488,,,,
2026-02-03,NATL,39.18,39.23,37.81,38.035,36653,-0.025742827868852514,,,,
2026-02-04,NATL,38.51,39.17,37.84,38.46,31449,0.011173918759037837,,,,
2026-02-05,NATL,38.39,39.155,37.87,38.29,43101,-0.004420176807072296,,,,
2026-02-06,NATL,39.09,40.41,39.01,40.17,26011,0.04909898145729952,,,,
2026-02-09,NATL,39.97,40.69,39.79,40.11,19132,-0.0014936519790889058,,,,
2026-02-10,NATL,40.4,41.43,40.1,41.29,35182,0.029419097481924616,,,,
2026-02-11,NATL,41.2,42.1,40.39,41.25,62908,-0.0009687575684185212,,,,
2026-02-12,NATL,41.435,41.93,40.45,41.295,37551,0.0010909090909090313,,,,
2026-02-13,NATL,41.535,43.27,41.26,42.22,70061,0.02239980627194571,,,,
2026-02-17,NATL,42.175,43.38,42.175,42.385,59160,0.003908100426338157,,,,
2026-02-18,NATL,42.22,43.05,41.28,41.91,73054,-0.011206794856670976,,,,
2026-02-19,NATL,41.445,42.38,41.33,42.24,31041,0.007874015748031704,,,,
2026-02-20,NATL,43.05,43.05,41.86,42.3,110397,0.0014204545454543638,,,,
2026-02-23,NATL,41.75,41.94,39.625,40.01,32260,-0.05413711583924352,,,,
2026-02-24,NATL,40.56,40.93,40.365,40.47,41757,0.011497125718570311,,,,
2026-02-25,NATL,39.96,40.77,39.96,40.53,27769,0.001482579688658392,,,,
2026-02-26,NATL,41.11,50.45,40.53,46.67,34669,0.15149272144090808,,,,
2026-02-27,NATL,48.0,48.5,43.75,44.0,1105628,-0.05721019927148063,,,,
2026-01-02,NCSM,39.49,40.33,38.81,39.65,901,,,,,
2026-01-05,NCSM,40.05,40.36,39.47,39.47,2171,-0.0045397225725094525,,,,
2026-01-06,NCSM,39.95,40.055,39.01,39.77,456,0.007600709399544048,,,,
2026-01-07,NCSM,38.92,39.25,38.1,38.41,1271,-0.03419663062610023,,,,
2026-01-08,NCSM,38.86,38.86,37.5,38.19,2495,-0.0057276750846133595,,,,
2026-01-09,NCSM,38.2,38.2,35.32,37.77,4892,-0.010997643362136489,,,,
2026-01-12,NCSM,37.75,39.27,37.5,39.27,7112,0.039714058776807004,,,,
2026-01-13,NCSM,39.29,39.8,38.54,38.87,3931,-0.01018589253883384,,,,
2026-01-14,NCSM,39.25,40.0,38.66,38.66,2481,-0.005402624131721101,,,,
2026-01-15,NCSM,38.16,39.99,38.1,39.35,4350,0.017847904811174375,,,,
2026-01-16,NCSM,39.79,40.5,39.24,39.91,1783,0.014231257941550002,,,,
2026-01-20,NCSM,39.66,40.89,38.635,38.64,2806,-0.03182159859684275,,,,
2026-01-21,NCSM,39.62,40.5,39.26,40.4,841,0.04554865424430643,,,,
2026-01-22,NCSM,40.01,41.08,39.7,40.51,1728,0.002722772277227614,,,,
2026-01-23,NCSM,40.09,40.81,39.52,39.52,449,-0.024438410269069233,,,,
2026-01-26,NCSM,40.18,41.63,39.7,39.75,3260,0.005819838056680071,,,,
2026-01-27,NCSM,39.75,40.785,39.38,40.26,1783,0.012830188679245236,,,,
2026-01-28,NCSM,40.3,41.54,40.26,40.26,996,0.0,,,,
2026-01-29,NCSM,40.8,40.8,40.0,40.01,637,-0.006209637357178388,,,,
2026-01-30,NCSM,39.02,40.43,39.02,39.88,1024,-0.003249187703074141,,,,
2026-02-02,NCSM,40.3,40.3,38.94,39.16,3068,-0.0180541624874625,,,,
2026-02-03,NCSM,39.63,40.73,39.09,39.2,2414,0.0010214504596528506,,,,
2026-02-04,NCSM,38.91,38.98,36.16,37.64,7802,-0.03979591836734697,,,,
2026-02-05,NCSM,38.04,38.47,37.05,37.35,1493,-0.007704569606801215,,,,
2026-02-06,NCSM,38.49,39.17,38.11,38.67,1810,0.035341365461847296,,,,
2026-02-09,NCSM,37.11,40.01,37.11,39.26,2495,0.01525730540470649,,,,
2026-02-10,NCSM,39.5,39.81,38.95,39.05,319,-0.005348955680081535,,,,
2026-02-11,NCSM,39.35,40.29,39.01,39.3,1489,0.006402048655569814,,,,
2026-02-12,NCSM,39.26,39.26,38.49,38.64,550,-0.016793893129770865,,,,
2026-02-13,NCSM,38.54,38.96,38.5,38.7,385,0.0015527950310558758,,,,
2026-02-17,NCSM,38.29,39.82,38.0,38.94,2515,0.006201550387596733,,,,
2026-02-18,NCSM,38.99,39.46,38.3,38.99,1393,0.0012840267077556256,,,,
2026-02-19,NCSM,38.86,39.85,38.8,39.85,1086,0.022056937676327326,,,,
2026-02-20,NCSM,39.21,39.85,39.2,39.2,1083,-0.016311166875784155,,,,
2026-02-23,NCSM,40.08,40.08,38.3,39.18,4001,-0.0005102040816327147,,,,
2026-02-24,NCSM,38.62,39.62,37.55,37.7,1616,-0.037774374680959566,,,,
2026-02-25,NCSM,38.38,39.9,37.9,38.9,1974,0.03183023872679036,,,,
2026-02-26,NCSM,39.28,41.59,39.28,40.06,1028,0.029820051413881776,,,,
2026-02-27,NCSM,40.8,40.8,39.45,39.84,1054,-0.005491762356465313,,,,
2026-01-02,NEE,80.88,81.2,79.595,81.0,657751,,,,,
2026-01-05,NEE,81.17,81.36,79.25,81.32,814823,0.003950617283950519,,,,
2026-01-06,NEE,81.45,81.59,80.51,81.0,744237,-0.003935071323167616,,,,
2026-01-07,NEE,81.25,81.5,78.36,78.59,1051385,-0.02975308641975305,,,,
2026-01-08,NEE,78.51,79.96,78.37,79.6,1110743,0.012851507825422992,,,,
2026-01-09,NEE,79.34,80.92,79.34,80.15,578101,0.006909547738693567,,,,
2026-01-12,NEE,80.17,81.19,79.52,81.19,786804,0.012975670617591861,,,,
2026-01-13,NEE,81.24,81.88,80.415,81.67,1051399,0.005912058135238318,,,,
2026-01-14,NEE,81.71,82.62,80.99,81.98,1076982,0.0037957634382270733,,,,
2026-01-15,NEE,82.36,82.94,81.54,82.8,611569,0.010002439619419379,,,,
2026-01-16,NEE,82.39,84.04,82.14,83.7,1256153,0.010869565217391353,,,,
2026-01-20,NEE,83.38,83.92,82.52,83.5,922366,-0.002389486260453988,,,,
2026-01-21,NEE,83.78,84.39,83.2,83.85,788168,0.004191616766467066,,,,
2026-01-22,NEE,84.17,85.51,83.67,85.03,1177109,0.014072748956470038,,,,
2026-01-23,NEE,85.4,85.4,84.2,84.5,1901077,-0.006233094202046319,,,,
2026-01-26,NEE,85.13,86.25,84.84,85.44,1296691,0.01112426035502967,,,,
2026-01-27,NEE,85.34,88.94,82.97,86.92,1627780,0.01732209737827728,,,,
2026-01-28,NEE,87.11,88.62,86.67,87.29,956641,0.004256787850897448,,,,
2026-01-29,NEE,87.91,89.17,87.65,88.44,1140509,0.013174475884980996,,,,
2026-01-30,NEE,88.0,88.33,86.16,87.89,989763,-0.006218905472636815,,,,
2026-02-02,NEE,87.3,88.75,86.1,86.1,1120167,-0.02036636704972128,,,,
2026-02-03,NEE,87.11,88.92,86.03,88.8,1218296,0.03135888501742157,,,,
2026-02-04,NEE,89.31,90.685,88.94,89.89,1583175,0.0122747747747749,,,,
2026-02-05,NEE,89.39,90.74,88.09,89.68,1447428,-0.002336188675047257,,,,
2026-02-06,NEE,89.52,90.99,88.39,89.2,921366,-0.00535236396074934,,,,
2026-02-09,NEE,89.79,90.01,88.76,89.44,631455,0.0026905829596413078,,,,
2026-02-10,NEE,89.6,91.96,89.27,90.92,708177,0.016547406082289884,,,,
2026-02-11,NEE,91.22,91.58,90.48,91.39,811001,0.005169379674438979,,,,
2026-02-12,NEE,91.5,93.585,91.2,91.53,1075114,0.0015318962687382864,,,,
2026-02-13,NEE,92.03,94.935,91.42,94.14,1244721,0.02851524090462143,,,,
2026-02-17,NEE,94.32,95.52,92.28,92.9,992685,-0.013171871680475844,,,,
2026-02-18,NEE,93.0,93.36,90.59,91.11,861830,-0.0192680301399355,,,,
2026-02-19,NEE,90.6,92.17,90.6,91.77,618235,0.007243990780375409,,,,
2026-02-20,NEE,91.71,92.435,91.32,92.3,563870,0.0057753078348044,,,,
2026-02-23,NEE,92.3,94.25,92.01,94.18,756399,0.02036836403033604,,,,
2026-02-24,NEE,94.25,96.09,93.92,96.09,1457696,0.020280314291781565,,,,
2026-02-25,NEE,95.87,96.14,93.84,95.2,773884,-0.00926215006764497,,,,
2026-02-26,NEE,95.48,95.71,91.75,91.84,2235534,-0.03529411764705881,,,,
2026-02-27,NEE,92.01,94.13,90.65,93.58,2681110,0.01894599303135891,,,,
2026-01-02,NFBK,11.43,11.46,11.21,11.33,56505,,,,,
2026-01-05,NFBK,11.32,11.66,11.3,11.45,72824,0.010591350397175514,,,,
2026-01-06,NFBK,11.4,11.485,11.29,11.46,62411,0.0008733624454149158,,,,
2026-01-07,NFBK,11.54,11.54,11.205,11.33,53522,-0.011343804537521929,,,,
2026-01-08,NFBK,11.3,11.71,11.26,11.61,61618,0.024713150926743088,,,,
2026-01-09,NFBK,11.71,11.75,11.44,11.51,64951,-0.008613264427217882,,,,
2026-01-12,NFBK,11.4,11.51,11.325,11.48,47766,-0.0026064291920069316,,,,
2026-01-13,NFBK,11.56,11.56,11.41,11.5,48664,0.0017421602787455193,,,,
2026-01-14,NFBK,11.47,11.74,11.44,11.74,60009,0.02086956521739136,,,,
2026-01-15,NFBK,11.71,12.09,11.71,11.96,53200,0.01873935264054527,,,,
2026-01-16,NFBK,11.93,12.01,11.84,11.84,87325,-0.010033444816053616,,,,
2026-01-20,NFBK,11.69,11.83,11.59,11.75,67159,-0.007601351351351315,,,,
2026-01-21,NFBK,11.87,12.44,11.87,12.32,87368,0.04851063829787239,,,,
2026-01-22,NFBK,12.33,12.6,12.215,12.28,78575,-0.0032467532467532756,,,,
2026-01-23,NFBK,12.25,12.28,11.86,11.89,89360,-0.03175895765472303,,,,
2026-01-26,NFBK,11.85,12.02,11.71,11.89,89619,0.0,,,,
2026-01-27,NFBK,11.86,12.06,11.86,11.99,62370,0.008410428931875602,,,,
2026-01-28,NFBK,11.96,12.05,11.83,11.86,74167,-0.010842368640533895,,,,
2026-01-29,NFBK,11.89,12.17,11.86,12.15,49470,0.024451939291737057,,,,
2026-01-30,NFBK,12.1,12.35,12.0,12.3,100920,0.012345679012345734,,,,
2026-02-02,NFBK,13.18,13.98,13.18,13.7,662167,0.11382113821138207,,,,
2026-02-03,NFBK,13.79,13.8,13.47,13.64,486672,-0.004379562043795526,,,,
2026-02-04,NFBK,13.58,13.94,13.58,13.69,383075,0.003665689149560114,,,,
2026-02-05,NFBK,13.65,13.94,13.51,13.68,278758,-0.0007304601899196239,,,,
2026-02-06,NFBK,13.64,14.05,13.64,13.9,350264,0.016081871345029253,,,,
2026-02-09,NFBK,13.8,13.88,13.72,13.77,211314,-0.009352517985611541,,,,
2026-02-10,NFBK,13.82,13.88,13.61,13.7,142069,-0.005083514887436524,,,,
2026-02-11,NFBK,13.79,13.95,13.535,13.59,210916,-0.008029197080291928,,,,
2026-02-12,NFBK,13.58,13.7,13.41,13.67,173574,0.005886681383370229,,,,
2026-02-13,NFBK,13.73,13.73,13.5,13.59,139079,-0.005852231163130939,,,,
2026-02-17,NFBK,13.6,13.71,13.5,13.66,100362,0.005150846210448812,,,,
2026-02-18,NFBK,13.63,13.75,13.445,13.48,86673,-0.013177159590043952,,,,
2026-02-19,NFBK,13.43,13.45,13.25,13.34,180332,-0.010385756676557945,,,,
2026-02-20,NFBK,13.31,13.57,13.23,13.54,81688,0.014992503748125774,,,,
2026-02-23,NFBK,13.53,13.6,13.23,13.28,146089,-0.019202363367799125,,,,
2026-02-24,NFBK,13.31,13.45,13.28,13.37,93361,0.006777108433734913,,,,
2026-02-25,NFBK,13.49,13.585,13.44,13.57,66235,0.014958863126402377,,,,
2026-02-26,NFBK,13.58,13.7,13.41,13.56,65694,-0.0007369196757552876,,,,
2026-02-27,NFBK,13.31,13.43,13.29,13.34,136166,-0.016224188790560534,,,,
2026-01-02,NHIC,10.36,10.36,10.36,10.36,100,,,,,
2026-01-05,NHIC,10.36,10.36,10.36,10.36,1,0.0,,,,
2026-01-07,NHIC,10.36,10.365,10.36,10.365,7658,0.00048262548262556493,,,,
2026-01-08,NHIC,10.36,10.36,10.36,10.36,269,-0.0004823926676315038,,,,
2026-01-09,NHIC,10.36,10.38,10.36,10.38,13195,0.0019305019305020377,,,,
2026-01-12,NHIC,10.36,10.36,10.36,10.36,14,-0.0019267822736032114,,,,
2026-01-14,NHIC,10.36,10.37,10.35,10.37,77872,0.0009652509652509078,,,,
2026-01-15,NHIC,10.44,10.44,10.44,10.44,51,0.0067502410800386325,,,,
2026-01-22,NHIC,10.44,10.44,10.44,10.44,13225,0.0,,,,
2026-01-30,NHIC,10.37,10.37,10.37,10.37,12,-0.006704980842911934,,,,
2026-02-02,NHIC,10.44,10.45,10.41,10.41,9396,0.0038572806171650598,,,,
2026-02-03,NHIC,10.45,10.45,10.4,10.4,403,-0.0009606147934677622,,,,
2026-02-04,NHIC,10.4,10.4,10.39,10.4,3908,0.0,,,,
2026-02-05,NHIC,10.39,10.39,10.39,10.39,1000,-0.0009615384615384581,,,,
2026-02-06,NHIC,10.38,10.41,10.38,10.41,21,0.0019249278152069227,,,,
2026-02-13,NHIC,10.4,10.425,10.39,10.425,7327,0.0014409221902018654,,,,
2026-02-17,NHIC,10.43,10.43,10.43,10.43,1000,0.00047961630695425583,,,,
2026-02-18,NHIC,10.42,10.44,10.42,10.44,2026,0.0009587727708533222,,,,
2026-02-19,NHIC,10.44,10.44,10.44,10.44,1758,0.0,,,,
2026-02-20,NHIC,10.41,10.45,10.41,10.45,7448,0.0009578544061301653,,,,
2026-02-23,NHIC,10.47,10.47,10.41,10.41,28,-0.00382775119617218,,,,
2026-02-24,NHIC,10.47,10.47,10.42,10.42,89,0.0009606147934677622,,,,
2026-02-25,NHIC,10.47,10.47,10.4,10.4,50199,-0.0019193857965450478,,,,
2026-02-26,NHIC,10.47,10.47,10.4,10.41,17,0.0009615384615384581,,,,
2026-01-02,NPAC,10.28,10.28,10.26,10.28,1020,,,,,
2026-01-05,NPAC,10.28,10.28,10.275,10.275,103,-0.0004863813229570857,,,,
2026-01-06,NPAC,10.27,10.28,10.27,10.28,48,0.00048661800486615725,,,,
2026-01-07,NPAC,10.26,10.26,10.26,10.26,42,-0.0019455252918287869,,,,
2026-01-08,NPAC,10.25,10.25,10.25,10.25,57,-0.0009746588693957392,,,,
2026-01-09,NPAC,10.25,10.27,10.25,10.27,354,0.0019512195121951237,,,,
2026-01-12,NPAC,10.29,10.29,10.29,10.29,47,0.0019474196689386325,,,,
2026-01-13,NPAC,10.27,10.3,10.27,10.3,1309,0.0009718172983481654,,,,
2026-01-14,NPAC,10.27,10.3,10.27,10.27,1346,-0.002912621359223433,,,,
2026-01-15,NPAC,10.28,10.3,10.26,10.26,73,-0.0009737098344693162,,,,
2026-01-16,NPAC,10.29,10.34,10.28,10.28,4617,0.0019493177387914784,,,,
2026-01-20,NPAC,10.27,10.34,10.27,10.33,1990,0.004863813229571967,,,,
2026-01-21,NPAC,10.3,10.32,10.28,10.28,1082,-0.004840271055179146,,,,
2026-01-22,NPAC,10.32,10.49,10.31,10.33,42429,0.004863813229571967,,,,
2026-01-23,NPAC,10.37,10.37,10.34,10.36,8557,0.0029041626331074433,,,,
2026-01-26,NPAC,10.37,10.4,10.37,10.4,108,0.0038610038610038533,,,,
2026-01-27,NPAC,10.37,10.45,10.37,10.45,53,0.004807692307692291,,,,
2026-01-28,NPAC,10.39,10.45,10.39,10.45,2,0.0,,,,
2026-01-29,NPAC,10.44,10.45,10.33,10.45,448,0.0,,,,
2026-01-30,NPAC,10.38,10.45,10.38,10.45,62,0.0,,,,
2026-02-02,NPAC,10.32,10.32,10.32,10.32,185,-0.012440191387559696,,,,
2026-02-03,NPAC,10.34,10.4,10.34,10.4,200,0.007751937984496138,,,,
2026-02-04,NPAC,10.36,10.36,10.31,10.315,3707,-0.008173076923077005,,,,
2026-02-05,NPAC,10.315,10.315,10.3,10.3,12396,-0.0014541929229276995,,,,
2026-02-06,NPAC,10.285,10.3,10.285,10.3,6391,0.0,,,,
2026-02-09,NPAC,10.32,10.34,10.31,10.34,60365,0.003883495145631022,,,,
2026-02-10,NPAC,10.34,10.34,10.34,10.34,28,0.0,,,,
2026-02-11,NPAC,10.35,10.35,10.34,10.34,539,0.0,,,,
2026-02-12,NPAC,10.35,10.35,10.34,10.34,42,0.0,,,,
2026-02-13,NPAC,10.35,10.35,10.3,10.32,1843,-0.0019342359767891004,,,,
2026-02-17,NPAC,10.32,10.32,10.29,10.305,248,-0.0014534883720930258,,,,
2026-02-18,NPAC,10.35,10.35,10.32,10.32,572,0.0014556040756914523,,,,
2026-02-19,NPAC,10.32,10.32,10.25,10.27,19641,-0.004844961240310197,,,,
2026-02-20,NPAC,10.29,10.31,10.29,10.3,42196,0.002921129503408171,,,,
2026-02-23,NPAC,10.31,10.31,10.31,10.31,1071,0.000970873786407811,,,,
2026-02-24,NPAC,10.31,10.31,10.28,10.28,278,-0.0029097963142581396,,,,
2026-02-25,NPAC,10.29,10.305,10.28,10.28,991,0.0,,,,
2026-02-26,NPAC,10.29,10.29,10.29,10.29,343,0.0009727626459143934,,,,
2026-02-27,NPAC,10.31,10.31,10.29,10.29,599,0.0,,,,
2026-01-02,NSA,28.4,28.4,27.81,27.88,115340,,,,,
2026-01-05,NSA,27.7,28.21,27.7,27.81,106717,-0.0025107604017217122,,,,
2026-01-06,NSA,27.585,29.51,27.585,29.42,179706,0.05789284430061148,,,,
2026-01-07,NSA,29.5,29.64,29.1,29.445,131370,0.0008497620666212402,,,,
2026-01-08,NSA,29.24,30.35,29.05,30.27,120296,0.028018339276617343,,,,
2026-01-09,NSA,30.25,31.53,30.25,31.365,159072,0.036174430128840473,,,,
2026-01-12,NSA,31.45,32.235,31.45,32.04,184497,0.021520803443328518,,,,
2026-01-13,NSA,31.85,31.99,31.05,31.96,154808,-0.0024968789013731785,,,,
2026-01-14,NSA,32.01,32.895,32.01,32.77,192337,0.02534418022528162,,,,
2026-01-15,NSA,32.69,33.68,32.58,33.54,111610,0.023497101007018406,,,,
2026-01-16,NSA,33.39,34.0,33.26,34.0,199188,0.013714967203339423,,,,
2026-01-20,NSA,33.37,33.62,32.76,33.04,96395,-0.028235294117647136,,,,
2026-01-21,NSA,33.14,33.56,32.82,33.41,143391,0.01119854721549629,,,,
2026-01-22,NSA,33.48,33.73,33.14,33.31,193290,-0.002993115833582638,,,,
2026-01-23,NSA,33.79,33.79,32.2,32.68,191206,-0.018913239267487336,,,,
2026-01-26,NSA,32.86,33.07,31.67,31.87,155300,-0.024785801713586242,,,,
2026-01-27,NSA,31.97,32.12,31.61,31.97,174364,0.003137747097583965,,,,
2026-01-28,NSA,32.0,32.05,31.425,31.53,197150,-0.013762902721301096,,,,
2026-01-29,NSA,31.31,31.97,31.26,31.82,108242,0.009197589597208955,,,,
2026-01-30,NSA,31.49,32.03,31.39,31.82,84751,0.0,,,,
2026-02-02,NSA,31.84,31.935,31.45,31.72,137107,-0.003142677561282281,,,,
2026-02-03,NSA,31.76,32.83,31.6,32.17,192702,0.014186633039092067,,,,
2026-02-04,NSA,32.19,33.27,32.19,32.58,204189,0.012744793285669687,,,,
2026-02-05,NSA,32.53,32.53,31.82,32.18,213354,-0.012277470841006721,,,,
2026-02-06,NSA,32.38,32.78,32.27,32.69,93728,0.015848353014294547,,,,
2026-02-09,NSA,32.68,32.9,32.3,32.89,69035,0.006118078923218251,,,,
2026-02-10,NSA,33.0,33.44,32.35,33.15,110601,0.007905138339920903,,,,
2026-02-11,NSA,33.31,33.505,32.88,33.47,111044,0.009653092006033148,,,,
2026-02-12,NSA,33.98,33.98,32.62,33.05,209617,-0.012548550941141379,,,,
2026-02-13,NSA,32.99,33.725,32.58,33.47,210717,0.012708018154311773,,,,
2026-02-17,NSA,33.52,34.08,33.17,34.07,127625,0.01792650134448759,,,,
2026-02-18,NSA,33.91,34.39,33.88,34.28,144996,0.006163780452010492,,,,
2026-02-19,NSA,34.215,34.665,34.04,34.64,103760,0.010501750291715295,,,,
2026-02-20,NSA,34.6,36.0,34.555,35.87,167906,0.03550808314087761,,,,
2026-02-23,NSA,36.02,36.18,34.62,34.985,168411,-0.024672428212991315,,,,
2026-02-24,NSA,34.97,35.06,34.34,34.61,207498,-0.010718879519794222,,,,
2026-02-25,NSA,34.7,34.96,33.85,34.96,173540,0.01011268419531941,,,,
2026-02-26,NSA,34.85,35.045,34.17,34.485,156356,-0.013586956521739135,,,,
2026-02-27,NSA,34.195,35.35,34.195,35.025,110368,0.01565898216615924,,,,
2026-01-02,NSC,289.25,290.12,287.0,287.0,133322,,,,,
2026-01-05,NSC,287.8,291.19,286.34,287.94,124044,0.003275261324041878,,,,
2026-01-06,NSC,287.82,291.37,286.82,291.13,55387,0.011078696950753697,,,,
2026-01-07,NSC,289.91,292.75,283.935,284.09,103107,-0.024181637069350503,,,,
2026-01-08,NSC,283.76,291.23,283.76,288.63,68137,0.01598085113872383,,,,
2026-01-09,NSC,290.09,290.59,286.54,286.8,95592,-0.0063402972663964,,,,
2026-01-12,NSC,285.39,289.03,284.68,288.7,86512,0.00662482566248257,,,,
2026-01-13,NSC,289.02,289.57,286.56,288.225,47283,-0.0016453065465880101,,,,
2026-01-14,NSC,288.19,289.41,285.47,286.15,73338,-0.0071992367074336094,,,,
2026-01-15,NSC,287.355,291.18,286.89,290.77,127444,0.01614537829809537,,,,
2026-01-16,NSC,289.76,291.89,288.32,289.0,119583,-0.006087285483371674,,,,
2026-01-20,NSC,286.53,286.75,277.82,280.26,234867,-0.030242214532872014,,,,
2026-01-21,NSC,280.0,289.55,280.0,289.1,141316,0.03154213944194684,,,,
2026-01-22,NSC,288.7,291.8,288.21,291.8,82940,0.00933932895191969,,,,
2026-01-23,NSC,290.27,291.24,287.08,287.41,81258,-0.015044551062371458,,,,
2026-01-26,NSC,286.59,289.43,286.02,287.25,46051,-0.0005566960091856199,,,,
2026-01-27,NSC,287.0,293.08,286.64,288.99,100227,0.0060574412532636845,,,,
2026-01-28,NSC,288.38,290.45,284.38,284.53,75421,-0.015433059967473017,,,,
2026-01-29,NSC,282.0,290.64,281.0,286.89,91534,0.008294380205953633,,,,
2026-01-30,NSC,288.61,291.71,287.27,291.35,74441,0.015546028094391762,,,,
2026-02-02,NSC,292.25,292.95,286.68,291.43,162607,0.00027458383387668484,,,,
2026-02-03,NSC,291.0,298.79,289.77,298.32,146774,0.023642040970387246,,,,
2026-02-04,NSC,298.37,308.08,298.36,305.0,210948,0.022392062215071062,,,,
2026-02-05,NSC,306.84,309.03,304.75,308.04,107809,0.009967213114754125,,,,
2026-02-06,NSC,304.0,307.65,302.97,306.46,154278,-0.0051292039994806915,,,,
2026-02-09,NSC,306.8,307.28,302.01,305.72,161395,-0.0024146707563791336,,,,
2026-02-10,NSC,305.625,316.2,305.625,315.46,169489,0.03185921758471788,,,,
2026-02-11,NSC,315.725,318.61,315.29,317.31,161039,0.005864451911494317,,,,
2026-02-12,NSC,317.3,319.78,312.37,315.17,183372,-0.006744193375563312,,,,
2026-02-13,NSC,314.52,316.88,311.68,315.06,63839,-0.00034901799029096736,,,,
2026-02-17,NSC,314.38,317.98,314.38,316.36,77395,0.004126198184472907,,,,
2026-02-18,NSC,314.99,317.1,314.175,316.73,59330,0.001169553673030732,,,,
2026-02-19,NSC,316.01,317.51,312.53,314.13,121539,-0.0082088845388818,,,,
2026-02-20,NSC,315.09,318.38,313.18,316.72,106300,0.008244994110718551,,,,
2026-02-23,NSC,317.17,317.455,311.745,315.03,116520,-0.005335943420055722,,,,
2026-02-24,NSC,314.14,316.29,313.05,316.03,236278,0.0031743008602356237,,,,
2026-02-25,NSC,316.0,316.435,310.18,311.8,146898,-0.013384805240008735,,,,
2026-02-26,NSC,311.49,315.87,311.49,313.125,90077,0.00424951892238612,,,,
2026-02-27,NSC,313.38,315.255,310.99,315.0,86552,0.0059880239520957446,,,,
2026-01-02,NSTS,12.89,12.97,12.53,12.72,301,,,,,
2026-01-05,NSTS,12.8,12.99,12.72,12.84,1076,0.00943396226415083,,,,
2026-01-06,NSTS,13.03,13.13,12.91,12.91,1016,0.005451713395638658,,,,
2026-01-07,NSTS,12.99,12.99,12.82,12.88,261,-0.0023237800154918276,,,,
2026-01-08,NSTS,12.82,12.86,12.55,12.55,3556,-0.025621118012422395,,,,
2026-01-09,NSTS,12.77,12.77,12.77,12.77,85,0.017529880478087456,,,,
2026-01-12,NSTS,12.98,12.98,12.55,12.655,2332,-0.009005481597494147,,,,
2026-01-13,NSTS,12.59,12.59,12.59,12.59,17,-0.005136309758988489,,,,
2026-01-14,NSTS,12.7,12.7,12.55,12.56,2065,-0.002382843526608336,,,,
2026-01-15,NSTS,12.52,12.75,12.51,12.64,474,0.006369426751592355,,,,
2026-01-16,NSTS,12.65,12.65,12.53,12.53,926,-0.008702531645569667,,,,
2026-01-20,NSTS,12.62,12.65,12.5,12.63,163,0.007980845969672856,,,,
2026-01-21,NSTS,12.62,12.63,12.5,12.53,229,-0.007917656373713444,,,,
2026-01-22,NSTS,12.64,12.64,12.64,12.64,28,0.008778930566640142,,,,
2026-01-23,NSTS,12.58,12.58,12.53,12.53,29,-0.008702531645569667,,,,
2026-01-26,NSTS,12.51,12.65,12.51,12.65,406,0.009577015163607427,,,,
2026-01-27,NSTS,12.58,12.65,12.58,12.65,508,0.0,,,,
2026-01-28,NSTS,12.72,12.74,12.62,12.72,383,0.005533596837944632,,,,
2026-01-29,NSTS,12.74,12.74,12.63,12.74,108,0.0015723270440251014,,,,
2026-01-30,NSTS,12.74,12.74,12.54,12.54,587,-0.01569858712715866,,,,
2026-02-02,NSTS,12.53,12.54,12.53,12.54,204,0.0,,,,
2026-02-03,NSTS,12.6,12.62,12.52,12.62,52,0.006379585326953707,,,,
2026-02-04,NSTS,12.51,12.51,12.34,12.365,591,-0.020206022187004624,,,,
2026-02-05,NSTS,12.43,12.43,12.22,12.22,70,-0.011726647796198919,,,,
2026-02-06,NSTS,12.7,12.73,12.3,12.3,1012,0.00654664484451728,,,,
2026-02-09,NSTS,12.22,12.74,12.22,12.68,94,0.03089430894308931,,,,
2026-02-10,NSTS,12.67,12.75,12.35,12.35,839,-0.026025236593059997,,,,
2026-02-11,NSTS,12.35,12.35,12.22,12.22,817,-0.010526315789473606,,,,
2026-02-12,NSTS,12.22,12.67,12.22,12.67,30,0.03682487725040917,,,,
2026-02-13,NSTS,12.39,12.42,12.24,12.24,21,-0.033938437253354325,,,,
2026-02-17,NSTS,12.24,12.3,12.2,12.26,1194,0.0016339869281045694,,,,
2026-02-18,NSTS,12.19,12.27,12.19,12.27,239,0.0008156606851550396,,,,
2026-02-19,NSTS,12.26,12.3,12.19,12.25,1367,-0.0016299918500407573,,,,
2026-02-20,NSTS,12.25,12.26,12.25,12.26,233,0.0008163265306122547,,,,
2026-02-23,NSTS,12.26,12.315,12.26,12.315,104,0.004486133768352385,,,,
2026-02-24,NSTS,12.25,12.25,12.25,12.25,2,-0.005278116118554554,,,,
2026-02-25,NSTS,12.36,12.36,12.36,12.36,1,0.00897959183673458,,,,
2026-02-26,NSTS,12.35,12.66,12.25,12.25,1408,-0.008899676375404453,,,,
2026-02-27,NSTS,12.35,12.4,12.25,12.25,426,0.0,,,,
2026-01-02,NUVL,101.38,101.9,99.38,100.84,149215,,,,,
2026-01-05,NUVL,100.44,101.75,95.47,97.94,257192,-0.028758429194764012,,,,
2026-01-06,NUVL,97.5,98.74,95.98,97.2,179911,-0.007555646314069797,,,,
2026-01-07,NUVL,97.9,108.3,97.71,106.44,323979,0.09506172839506166,,,,
2026-01-08,NUVL,106.6,107.2,100.47,102.67,223626,-0.035419015407741394,,,,
2026-01-09,NUVL,103.5,106.11,102.1,104.8,184552,0.020746079672737894,,,,
2026-01-12,NUVL,104.97,106.0,97.5,99.16,223055,-0.053816793893129766,,,,
2026-01-13,NUVL,98.6,102.01,98.06,101.17,153067,0.020270270270270396,,,,
2026-01-14,NUVL,101.5,108.53,99.83,107.84,212516,0.06592863497084123,,,,
2026-01-15,NUVL,107.3,108.77,106.02,106.16,156608,-0.015578635014836806,,,,
2026-01-16,NUVL,106.45,107.61,104.25,104.26,125331,-0.017897513187641212,,,,
2026-01-20,NUVL,103.77,107.32,101.06,105.93,122808,0.016017648187224287,,,,
2026-01-21,NUVL,106.4,110.04,105.1,109.04,160014,0.02935901066742197,,,,
2026-01-22,NUVL,108.23,113.0,107.62,111.99,202788,0.027054292002934632,,,,
2026-01-23,NUVL,112.74,112.74,105.42,105.42,110760,-0.05866595231717109,,,,
2026-01-26,NUVL,107.19,108.14,103.95,103.95,190985,-0.013944223107569709,,,,
2026-01-27,NUVL,105.72,107.56,105.28,106.45,124558,0.0240500240500241,,,,
2026-01-28,NUVL,105.95,106.865,100.19,100.27,146524,-0.0580554250821983,,,,
2026-01-29,NUVL,101.3,103.44,99.52,102.43,132831,0.02154183703999224,,,,
2026-01-30,NUVL,101.69,103.89,101.11,102.89,175358,0.004490871814897934,,,,
2026-02-02,NUVL,102.97,105.9,102.21,104.95,149561,0.02002138205850912,,,,
2026-02-03,NUVL,104.78,107.42,104.32,107.17,112274,0.021152929966650857,,,,
2026-02-04,NUVL,108.21,108.21,102.71,104.99,212257,-0.020341513483250973,,,,
2026-02-05,NUVL,105.06,108.56,99.87,100.9,177842,-0.03895609105629094,,,,
2026-02-06,NUVL,100.41,104.7,100.0,103.59,211674,0.026660059464816532,,,,
2026-02-09,NUVL,103.18,103.57,100.78,102.99,132381,-0.005792064871126601,,,,
2026-02-10,NUVL,103.79,105.225,101.865,102.08,238386,-0.008835809301873887,,,,
2026-02-11,NUVL,102.08,105.18,98.65,103.15,122112,0.010481974921630277,,,,
2026-02-12,NUVL,102.23,105.9,100.67,100.93,109694,-0.02152205525933104,,,,
2026-02-13,NUVL,101.61,104.2,98.5,100.82,134709,-0.0010898642623602406,,,,
2026-02-17,NUVL,100.82,103.24,98.64,102.24,115826,0.014084507042253502,,,,
2026-02-18,NUVL,103.0,104.08,101.14,102.36,136919,0.0011737089201877549,,,,
2026-02-19,NUVL,103.31,105.34,101.19,104.06,164669,0.01660805001953891,,,,
2026-02-20,NUVL,103.45,105.01,99.52,100.5,133066,-0.03421103209686727,,,,
2026-02-23,NUVL,101.5,103.5,99.99,102.26,206513,0.017512437810945247,,,,
2026-02-24,NUVL,104.27,106.51,102.5,104.95,183280,0.026305495795032163,,,,
2026-02-25,NUVL,104.53,107.61,103.78,105.29,120364,0.0032396379228203376,,,,
2026-02-26,NUVL,105.9,105.9,101.71,103.93,169322,-0.012916706239908815,,,,
2026-02-27,NUVL,102.96,103.93,100.24,101.95,252617,-0.01905128451842586,,,,
2026-01-02,NWE,64.56,65.08,63.94,64.75,109216,,,,,
2026-01-05,NWE,64.0,64.72,63.53,64.65,133146,-0.001544401544401497,,,,
2026-01-06,NWE,64.16,65.03,64.06,64.97,124564,0.004949729311678253,,,,
2026-01-07,NWE,65.12,68.14,64.8,68.14,327220,0.04879175003847935,,,,
2026-01-08,NWE,66.35,68.06,65.31,66.24,304374,-0.027883768711476464,,,,
2026-01-09,NWE,66.24,67.12,65.27,66.46,177270,0.0033212560386473022,,,,
2026-01-12,NWE,65.92,66.61,65.37,65.86,214483,-0.009027986758952666,,,,
2026-01-13,NWE,66.01,67.37,65.79,67.37,116155,0.022927421803826453,,,,
2026-01-14,NWE,66.02,67.81,66.02,67.54,163056,0.002523378358319839,,,,
2026-01-15,NWE,67.17,69.07,67.17,67.56,119195,0.00029612081729335493,,,,
2026-01-16,NWE,67.98,68.73,67.5,68.71,167073,0.01702190645352264,,,,
2026-01-20,NWE,67.48,68.26,66.7,67.96,164351,-0.01091544171154124,,,,
2026-01-21,NWE,68.0,68.82,67.68,68.4,180143,0.0064743967039435635,,,,
2026-01-22,NWE,68.61,68.61,67.57,67.71,126666,-0.010087719298245812,,,,
2026-01-23,NWE,67.48,67.72,66.08,66.49,253506,-0.018018018018018056,,,,
2026-01-26,NWE,66.66,67.425,66.16,66.64,254354,0.002255978342607934,,,,
2026-01-27,NWE,66.49,67.55,66.365,67.44,229206,0.01200480192076836,,,,
2026-01-28,NWE,67.13,67.65,66.28,67.49,318790,0.0007413997627521152,,,,
2026-01-29,NWE,66.88,68.5,66.6,68.5,249309,0.014965180026670799,,,,
2026-01-30,NWE,67.15,68.25,66.55,67.86,797335,-0.009343065693430685,,,,
2026-02-02,NWE,68.31,68.52,67.34,67.58,287199,-0.004126142057176541,,,,
2026-02-03,NWE,67.62,69.39,67.62,69.27,289066,0.025007398638650535,,,,
2026-02-04,NWE,69.31,70.12,68.69,68.89,178993,-0.0054857802800634126,,,,
2026-02-05,NWE,69.37,70.745,69.05,69.84,347302,0.013790100159674967,,,,
2026-02-06,NWE,70.51,71.125,68.09,68.85,232347,-0.014175257731958935,,,,
2026-02-09,NWE,68.09,68.25,66.37,67.34,141816,-0.021931735657225726,,,,
2026-02-10,NWE,67.4,68.6,67.35,68.35,178527,0.01499851499851479,,,,
2026-02-11,NWE,68.06,69.21,68.01,68.45,222954,0.001463057790782818,,,,
2026-02-12,NWE,68.19,69.83,68.19,68.79,309872,0.004967129291453709,,,,
2026-02-13,NWE,68.84,69.85,68.84,69.68,214053,0.012937927024276874,,,,
2026-02-17,NWE,70.29,71.25,69.14,69.28,239726,-0.005740528128587941,,,,
2026-02-18,NWE,69.28,70.38,68.415,68.46,295560,-0.011836027713626018,,,,
2026-02-19,NWE,68.54,69.06,67.69,68.54,296527,0.0011685655857436306,,,,
2026-02-20,NWE,69.01,69.1,67.92,68.93,149694,0.005690107966151103,,,,
2026-02-23,NWE,69.28,70.0,68.58,69.2,166484,0.003917017263890932,,,,
2026-02-24,NWE,69.64,69.64,68.32,69.42,127091,0.0031791907514451268,,,,
2026-02-25,NWE,69.77,69.77,68.65,69.0,148475,-0.006050129645635338,,,,
2026-02-26,NWE,69.41,70.185,69.15,69.82,137361,0.011884057971014439,,,,
2026-02-27,NWE,69.82,70.46,69.61,69.96,199026,0.002005156115726159,,,,
2026-01-02,OGN,7.23,7.425,7.15,7.255,261506,,,,,
2026-01-05,OGN,7.21,7.75,7.175,7.46,833397,0.028256374913852467,,,,
2026-01-06,OGN,7.46,8.135,7.41,8.07,720237,0.08176943699731898,,,,
2026-01-07,OGN,8.125,8.485,7.96,8.195,803100,0.015489467162329573,,,,
2026-01-08,OGN,8.27,8.39,8.045,8.2,732848,0.0006101281269066394,,,,
2026-01-09,OGN,8.21,8.27,7.895,8.045,368836,-0.01890243902439015,,,,
2026-01-12,OGN,8.05,8.205,7.965,8.08,790181,0.004350528278433741,,,,
2026-01-13,OGN,8.16,8.565,8.15,8.55,619725,0.05816831683168333,,,,
2026-01-14,OGN,8.47,8.685,8.445,8.6,461547,0.005847953216374213,,,,
2026-01-15,OGN,8.62,8.73,8.17,8.71,577690,0.01279069767441876,,,,
2026-01-16,OGN,8.7,8.795,8.615,8.76,478565,0.0057405281285876075,,,,
2026-01-20,OGN,8.49,9.635,8.48,9.32,2325138,0.06392694063926951,,,,
2026-01-21,OGN,9.44,9.61,9.095,9.56,825403,0.025751072961373467,,,,
2026-01-22,OGN,9.7,9.85,9.225,9.735,579898,0.018305439330543738,,,,
2026-01-23,OGN,9.78,9.94,9.705,9.765,539092,0.0030816640986133237,,,,
2026-01-26,OGN,9.74,9.74,9.095,9.1,448233,-0.06810035842293916,,,,
2026-01-27,OGN,9.05,9.21,8.87,9.11,380792,0.001098901098901095,,,,
2026-01-28,OGN,9.02,9.15,8.82,8.885,532883,-0.024698133918770515,,,,
2026-01-29,OGN,8.88,8.97,8.485,8.6,487803,-0.032076533483399006,,,,
2026-01-30,OGN,8.55,8.55,8.075,8.535,731895,-0.007558139534883712,,,,
2026-02-02,OGN,8.54,8.54,8.07,8.24,572950,-0.03456356180433506,,,,
2026-02-03,OGN,8.19,8.32,7.99,8.005,543379,-0.02851941747572806,,,,
2026-02-04,OGN,8.0,8.47,8.0,8.29,410918,0.03560274828232335,,,,
2026-02-05,OGN,8.29,8.445,7.985,8.04,385330,-0.030156815440289475,,,,
2026-02-06,OGN,8.19,8.425,7.91,8.25,384181,0.026119402985074647,,,,
2026-02-09,OGN,8.2,8.2,7.74,7.92,424458,-0.040000000000000036,,,,
2026-02-10,OGN,7.975,8.0,7.81,7.82,412563,-0.012626262626262541,,,,
2026-02-11,OGN,7.79,7.8,7.645,7.79,402488,-0.0038363171355498826,,,,
2026-02-12,OGN,7.77,7.8,6.5,7.12,1525828,-0.08600770218228493,,,,
2026-02-13,OGN,7.09,7.57,6.975,7.36,622909,0.03370786516853941,,,,
2026-02-17,OGN,7.38,7.47,7.235,7.285,396880,-0.010190217391304324,,,,
2026-02-18,OGN,7.34,7.545,7.26,7.49,319334,0.028140013726835944,,,,
2026-02-19,OGN,7.43,7.565,7.41,7.49,292924,0.0,,,,
2026-02-20,OGN,7.49,8.145,7.49,8.07,748307,0.07743658210947935,,,,
2026-02-23,OGN,8.04,8.13,7.91,8.01,503786,-0.0074349442379182396,,,,
2026-02-24,OGN,7.97,8.235,7.91,8.13,427981,0.014981273408239737,,,,
2026-02-25,OGN,8.12,8.165,7.5,7.55,478992,-0.07134071340713422,,,,
2026-02-26,OGN,7.51,7.51,7.155,7.235,286216,-0.04172185430463571,,,,
2026-02-27,OGN,7.19,7.335,7.085,7.295,359191,0.008293020041465038,,,,
2026-01-02,OLPX,1.37,1.375,1.325,1.35,214604,,,,,
2026-01-05,OLPX,1.33,1.35,1.27,1.27,274670,-0.059259259259259345,,,,
2026-01-06,OLPX,1.28,1.35,1.27,1.35,293064,0.06299212598425208,,,,
2026-01-07,OLPX,1.35,1.83,1.335,1.63,4337411,0.20740740740740726,,,,
2026-01-08,OLPX,1.65,1.735,1.565,1.63,839485,0.0,,,,
2026-01-09,OLPX,1.67,1.775,1.63,1.74,455853,0.06748466257668717,,,,
2026-01-12,OLPX,1.67,1.69,1.605,1.67,402197,-0.04022988505747127,,,,
2026-01-13,OLPX,1.63,1.665,1.605,1.65,245053,-0.0119760479041916,,,,
2026-01-14,OLPX,1.61,1.695,1.61,1.64,250468,-0.0060606060606061,,,,
2026-01-15,OLPX,1.65,1.665,1.61,1.65,312421,0.0060975609756097615,,,,
2026-01-16,OLPX,1.65,1.66,1.59,1.64,288025,-0.0060606060606061,,,,
2026-01-20,OLPX,1.57,1.605,1.53,1.55,427410,-0.05487804878048774,,,,
2026-01-21,OLPX,1.55,1.605,1.55,1.59,315207,0.02580645161290329,,,,
2026-01-22,OLPX,1.6,1.655,1.59,1.62,215317,0.018867924528301883,,,,
2026-01-23,OLPX,1.62,1.63,1.55,1.56,212600,-0.03703703703703709,,,,
2026-01-26,OLPX,1.56,1.58,1.535,1.55,180668,-0.0064102564102563875,,,,
2026-01-27,OLPX,1.54,1.61,1.53,1.6,184316,0.032258064516129004,,,,
2026-01-28,OLPX,1.57,1.59,1.51,1.52,278502,-0.050000000000000044,,,,
2026-01-29,OLPX,1.53,1.56,1.51,1.55,243005,0.019736842105263275,,,,
2026-01-30,OLPX,1.53,1.595,1.515,1.58,406012,0.019354838709677358,,,,
2026-02-02,OLPX,1.54,1.615,1.45,1.58,551240,0.0,,,,
2026-02-03,OLPX,1.58,1.6,1.5,1.53,432569,-0.03164556962025322,,,,
2026-02-04,OLPX,1.53,1.62,1.53,1.62,308343,0.05882352941176472,,,,
2026-02-05,OLPX,1.58,1.63,1.495,1.5,516419,-0.07407407407407418,,,,
2026-02-06,OLPX,1.5,1.535,1.49,1.5,403167,0.0,,,,
2026-02-09,OLPX,1.5,1.5,1.455,1.48,262739,-0.013333333333333308,,,,
2026-02-10,OLPX,1.47,1.58,1.47,1.54,184139,0.04054054054054057,,,,
2026-02-11,OLPX,1.54,1.55,1.455,1.46,189214,-0.051948051948051965,,,,
2026-02-12,OLPX,1.49,1.535,1.465,1.49,213161,0.020547945205479534,,,,
2026-02-13,OLPX,1.51,1.575,1.51,1.56,123162,0.046979865771812124,,,,
2026-02-17,OLPX,1.54,1.61,1.54,1.59,249488,0.019230769230769162,,,,
2026-02-18,OLPX,1.58,1.655,1.58,1.62,160094,0.018867924528301883,,,,
2026-02-19,OLPX,1.61,1.655,1.595,1.64,148981,0.012345679012345512,,,,
2026-02-20,OLPX,1.63,1.69,1.62,1.65,162297,0.0060975609756097615,,,,
2026-02-23,OLPX,1.64,1.675,1.58,1.58,326404,-0.042424242424242364,,,,
2026-02-24,OLPX,1.61,1.675,1.61,1.65,285637,0.04430379746835422,,,,
2026-02-25,OLPX,1.66,1.665,1.62,1.65,146379,0.0,,,,
2026-02-26,OLPX,1.65,1.7,1.64,1.67,252248,0.0121212121212122,,,,
2026-02-27,OLPX,1.65,1.665,1.6,1.61,289360,-0.0359281437125748,,,,
2026-01-02,OMEX,2.0,2.205,1.97,2.17,178888,,,,,
2026-01-05,OMEX,2.2,2.28,2.165,2.19,97259,0.009216589861751112,,,,
2026-01-06,OMEX,2.22,2.295,2.17,2.24,116063,0.022831050228310668,,,,
2026-01-07,OMEX,2.25,2.29,2.18,2.24,128454,0.0,,,,
2026-01-08,OMEX,2.24,2.405,2.18,2.18,367165,-0.0267857142857143,,,,
2026-01-09,OMEX,2.26,2.38,2.19,2.21,122146,0.013761467889908063,,,,
2026-01-12,OMEX,2.24,2.24,2.07,2.15,208605,-0.02714932126696834,,,,
2026-01-13,OMEX,2.17,2.18,2.075,2.12,61939,-0.013953488372092981,,,,
2026-01-14,OMEX,2.09,2.21,2.045,2.18,143904,0.028301886792452935,,,,
2026-01-15,OMEX,2.27,2.27,2.11,2.12,78730,-0.02752293577981657,,,,
2026-01-16,OMEX,2.14,2.2,2.115,2.12,134464,0.0,,,,
2026-01-20,OMEX,2.13,2.2,2.08,2.08,96471,-0.018867924528301883,,,,
2026-01-21,OMEX,2.1,2.27,1.985,2.26,298719,0.08653846153846145,,,,
2026-01-22,OMEX,2.18,2.67,2.18,2.49,685240,0.10176991150442505,,,,
2026-01-23,OMEX,2.45,2.63,2.3,2.34,405620,-0.06024096385542177,,,,
2026-01-26,OMEX,2.52,2.58,2.14,2.19,257373,-0.0641025641025641,,,,
2026-01-27,OMEX,2.19,2.345,2.115,2.34,269061,0.06849315068493156,,,,
2026-01-28,OMEX,2.34,2.38,2.18,2.18,249317,-0.06837606837606824,,,,
2026-01-29,OMEX,2.27,2.28,2.005,2.095,250740,-0.03899082568807333,,,,
2026-01-30,OMEX,2.01,2.06,1.885,2.0,232158,-0.04534606205250602,,,,
2026-02-02,OMEX,1.97,1.98,1.88,1.9,100744,-0.050000000000000044,,,,
2026-02-03,OMEX,1.94,1.94,1.815,1.9,246126,0.0,,,,
2026-02-04,OMEX,1.99,1.99,1.715,1.74,124655,-0.0842105263157894,,,,
2026-02-05,OMEX,1.72,1.74,1.45,1.45,220241,-0.16666666666666674,,,,
2026-02-06,OMEX,1.52,1.7,1.52,1.68,196598,0.1586206896551725,,,,
2026-02-09,OMEX,1.71,1.735,1.6,1.71,103799,0.017857142857142794,,,,
2026-02-10,OMEX,1.68,1.735,1.68,1.68,78238,-0.01754385964912286,,,,
2026-02-11,OMEX,1.69,1.72,1.63,1.66,84483,-0.011904761904761862,,,,
2026-02-12,OMEX,1.66,1.7,1.575,1.62,66150,-0.02409638554216853,,,,
2026-02-13,OMEX,1.57,1.755,1.57,1.66,81642,0.024691358024691246,,,,
2026-02-17,OMEX,1.69,1.7,1.585,1.61,117446,-0.030120481927710774,,,,
2026-02-18,OMEX,1.62,1.66,1.535,1.65,65773,0.024844720496894235,,,,
2026-02-19,OMEX,1.56,1.61,1.51,1.59,95307,-0.036363636363636265,,,,
2026-02-20,OMEX,1.6,1.6,1.48,1.51,120994,-0.05031446540880502,,,,
2026-02-23,OMEX,1.5,1.52,1.405,1.45,205216,-0.039735099337748325,,,,
2026-02-24,OMEX,1.47,1.61,1.45,1.52,132865,0.048275862068965614,,,,
2026-02-25,OMEX,1.55,1.55,1.49,1.49,111906,-0.019736842105263164,,,,
2026-02-26,OMEX,1.5,1.545,1.48,1.54,77081,0.033557046979865834,,,,
2026-02-27,OMEX,1.56,1.56,1.455,1.47,51313,-0.045454545454545525,,,,
2026-01-02,ONCO,1.52,1.65,1.52,1.61,7103,,,,,
2026-01-05,ONCO,1.6,1.69,1.59,1.69,4224,0.04968944099378869,,,,
2026-01-06,ONCO,1.66,1.89,1.66,1.75,4304,0.035502958579881616,,,,
2026-01-07,ONCO,1.88,1.88,1.76,1.88,11890,0.07428571428571429,,,,
2026-01-08,ONCO,1.83,1.83,1.69,1.72,28646,-0.08510638297872342,,,,
2026-01-09,ONCO,1.7,1.75,1.595,1.72,30037,0.0,,,,
2026-01-12,ONCO,1.7,2.09,1.56,1.56,14263,-0.09302325581395343,,,,
2026-01-13,ONCO,1.56,1.59,1.48,1.54,3768,-0.012820512820512886,,,,
2026-01-14,ONCO,1.48,1.605,1.48,1.59,7716,0.032467532467532534,,,,
2026-01-15,ONCO,1.59,1.64,1.51,1.64,7675,0.03144654088050314,,,,
2026-01-16,ONCO,1.56,1.67,1.51,1.51,4850,-0.07926829268292679,,,,
2026-01-20,ONCO,1.56,2.3,1.56,1.72,184908,0.13907284768211925,,,,
2026-01-21,ONCO,1.75,1.76,1.59,1.65,7079,-0.04069767441860472,,,,
2026-01-22,ONCO,2.28,2.28,1.49,1.56,176949,-0.05454545454545445,,,,
2026-01-23,ONCO,1.56,1.65,1.54,1.55,28559,-0.0064102564102563875,,,,
2026-01-26,ONCO,1.59,1.74,1.42,1.45,14190,-0.06451612903225812,,,,
2026-01-27,ONCO,1.47,1.61,1.47,1.52,6674,0.048275862068965614,,,,
2026-01-28,ONCO,1.55,1.55,1.49,1.5,3083,-0.013157894736842146,,,,
2026-01-29,ONCO,1.48,1.5,1.47,1.5,2629,0.0,,,,
2026-01-30,ONCO,1.47,1.52,1.31,1.42,20467,-0.053333333333333344,,,,
2026-02-02,ONCO,1.5,1.5,1.35,1.41,3930,-0.007042253521126751,,,,
2026-02-03,ONCO,1.37,1.5,1.36,1.5,18800,0.06382978723404253,,,,
2026-02-04,ONCO,1.56,1.56,1.34,1.35,5849,-0.09999999999999998,,,,
2026-02-05,ONCO,1.37,1.37,1.16,1.22,20729,-0.09629629629629632,,,,
2026-02-06,ONCO,1.25,1.31,1.16,1.17,15487,-0.040983606557377095,,,,
2026-02-09,ONCO,1.23,1.3,1.17,1.19,36176,0.017094017094017033,,,,
2026-02-10,ONCO,1.21,1.515,1.19,1.41,13124,0.18487394957983194,,,,
2026-02-11,ONCO,1.51,2.19,1.42,1.9,52953,0.34751773049645385,,,,
2026-02-12,ONCO,1.99,2.71,0.96,0.9799,807214,-0.48426315789473684,,,,
2026-02-13,ONCO,1.05,1.05,0.74,0.78,151002,-0.20400040820491883,,,,
2026-02-17,ONCO,0.7501,0.87,0.65,0.7848,55082,0.006153846153846176,,,,
2026-02-18,ONCO,0.7679,0.839,0.6999,0.7593,25450,-0.03249235474006129,,,,
2026-02-19,ONCO,0.7678,0.7701,0.68,0.72,4820,-0.05175819834057682,,,,
2026-02-20,ONCO,0.7128,0.758,0.6851,0.758,5611,0.05277777777777781,,,,
2026-02-23,ONCO,0.7504,0.7504,0.65,0.7392,9023,-0.024802110817942036,,,,
2026-02-24,ONCO,0.6638,0.697,0.6249,0.697,10050,-0.05708874458874458,,,,
2026-02-25,ONCO,0.6969,0.6969,0.6307,0.6595,11712,-0.053802008608321295,,,,
2026-02-26,ONCO,0.6593,0.679,0.6282,0.6598,13527,0.00045489006823373757,,,,
2026-02-27,ONCO,0.66,0.6795,0.66,0.669,3101,0.01394361927856913,,,,
2026-01-02,PB,69.14,69.87,68.39,69.63,55861,,,,,
2026-01-05,PB,70.09,71.23,69.91,70.25,107850,0.008904207956340615,,,,
2026-01-06,PB,70.21,71.07,69.59,70.96,80904,0.01010676156583612,,,,
2026-01-07,PB,70.6,70.81,69.43,70.15,114539,-0.011414881623449613,,,,
2026-01-08,PB,69.86,72.42,69.86,71.96,98988,0.025801853171774525,,,,
2026-01-09,PB,72.46,72.94,71.97,72.5,136440,0.0075041689827684,,,,
2026-01-12,PB,72.79,73.26,71.04,71.3,126931,-0.016551724137931045,,,,
2026-01-13,PB,72.0,72.4,71.24,71.375,151872,0.0010518934081347187,,,,
2026-01-14,PB,71.315,72.54,71.21,72.46,54967,0.015201401050787933,,,,
2026-01-15,PB,72.02,73.64,72.02,73.13,56028,0.009246480817002523,,,,
2026-01-16,PB,72.985,73.16,71.8,71.8,68697,-0.018186790646793405,,,,
2026-01-20,PB,71.84,73.16,71.81,72.18,64255,0.005292479108635284,,,,
2026-01-21,PB,72.555,75.02,72.555,74.63,79364,0.0339429204765862,,,,
2026-01-22,PB,73.95,76.08,73.95,74.44,80445,-0.002545893072490979,,,,
2026-01-23,PB,74.95,74.95,71.645,71.89,91575,-0.034255776464266474,,,,
2026-01-26,PB,71.975,72.425,71.2,72.15,166635,0.003616636528029016,,,,
2026-01-27,PB,72.54,73.11,72.11,72.88,144682,0.010117810117809878,,,,
2026-01-28,PB,73.0,73.0,65.12,67.35,757426,-0.07587815587266744,,,,
2026-01-29,PB,67.12,68.825,66.66,68.425,335895,0.015961395694135128,,,,
2026-01-30,PB,67.99,69.51,67.865,69.01,175828,0.008549506759225611,,,,
2026-02-02,PB,68.19,69.98,68.19,69.72,225966,0.010288364005216488,,,,
2026-02-03,PB,69.71,71.97,69.71,70.78,171115,0.01520367183017779,,,,
2026-02-04,PB,70.765,73.64,70.71,72.935,165605,0.0304464538005087,,,,
2026-02-05,PB,72.68,74.02,72.25,73.06,208866,0.001713854802221082,,,,
2026-02-06,PB,73.79,74.77,73.63,74.52,121236,0.019983575143717403,,,,
2026-02-09,PB,74.5,75.45,73.86,74.88,177206,0.004830917874396157,,,,
2026-02-10,PB,75.0,75.73,74.43,75.565,144877,0.009147970085470192,,,,
2026-02-11,PB,75.8,76.78,75.5,76.03,235566,0.006153642559385997,,,,
2026-02-12,PB,76.315,77.2,73.03,74.46,153592,-0.020649743522293873,,,,
2026-02-13,PB,73.7,74.18,72.61,72.615,160798,-0.024778404512489915,,,,
2026-02-17,PB,72.72,73.42,72.2,72.82,149240,0.0028231081732423835,,,,
2026-02-18,PB,72.78,74.3,72.78,73.195,146717,0.005149684152705225,,,,
2026-02-19,PB,73.58,73.58,72.23,72.84,99117,-0.0048500580640752355,,,,
2026-02-20,PB,72.775,73.88,71.87,73.88,94477,0.014277869302580903,,,,
2026-02-23,PB,73.51,73.91,70.07,70.425,135797,-0.04676502436383323,,,,
2026-02-24,PB,70.7,71.17,69.8,70.97,132060,0.007738729144479928,,,,
2026-02-25,PB,71.0,71.79,70.64,71.66,90509,0.009722417923066162,,,,
2026-02-26,PB,71.32,73.185,71.32,72.52,97460,0.01200111638291923,,,,
2026-02-27,PB,70.01,71.3,69.26,71.3,155570,-0.0168229453943739,,,,
2026-01-02,PCSC,13.22,13.49,12.65,13.0,7276,,,,,
2026-01-05,PCSC,13.15,13.15,12.9,13.0,3599,0.0,,,,
2026-01-06,PCSC,13.25,13.6,13.045,13.58,25461,0.04461538461538472,,,,
2026-01-07,PCSC,13.75,13.75,13.22,13.25,5575,-0.024300441826215047,,,,
2026-01-08,PCSC,13.17,13.59,13.17,13.45,18881,0.015094339622641506,,,,
2026-01-09,PCSC,13.32,13.595,13.32,13.4,6225,-0.0037174721189590088,,,,
2026-01-12,PCSC,13.48,13.48,13.01,13.19,8840,-0.015671641791044855,,,,
2026-01-13,PCSC,13.2,13.69,12.88,13.69,9977,0.037907505686125775,,,,
2026-01-14,PCSC,13.53,13.73,13.02,13.71,3965,0.0014609203798394699,,,,
2026-01-15,PCSC,13.66,13.66,13.55,13.65,2730,-0.004376367614879695,,,,
2026-01-16,PCSC,13.65,13.65,13.19,13.3,3141,-0.02564102564102566,,,,
2026-01-20,PCSC,13.29,13.67,12.96,13.55,3040,0.018796992481203034,,,,
2026-01-21,PCSC,13.6,13.74,13.6,13.6,3236,0.0036900369003689537,,,,
2026-01-22,PCSC,13.62,13.65,13.6,13.65,4250,0.003676470588235281,,,,
2026-01-23,PCSC,13.75,14.22,13.7,14.0,12146,0.02564102564102555,,,,
2026-01-26,PCSC,14.17,14.33,14.15,14.2,6499,0.014285714285714235,,,,
2026-01-27,PCSC,14.25,14.25,13.87,13.87,9896,-0.02323943661971828,,,,
2026-01-28,PCSC,14.03,14.26,13.9,13.9,1257,0.00216294160057684,,,,
2026-01-29,PCSC,13.9,14.115,13.9,14.04,2232,0.010071942446043147,,,,
2026-01-30,PCSC,14.07,14.18,13.88,14.0,6612,-0.002849002849002802,,,,
2026-02-02,PCSC,13.97,14.0,13.15,13.9,15838,-0.0071428571428571175,,,,
2026-02-03,PCSC,13.91,14.15,13.47,14.0,23379,0.007194244604316502,,,,
2026-02-04,PCSC,13.97,14.05,13.39,13.39,2209,-0.04357142857142848,,,,
2026-02-05,PCSC,13.59,14.0,13.59,13.625,4739,0.01755041075429431,,,,
2026-02-06,PCSC,13.66,14.0,13.645,13.65,2406,0.0018348623853210455,,,,
2026-02-09,PCSC,13.33,13.9,13.33,13.8,5823,0.01098901098901095,,,,
2026-02-10,PCSC,13.81,13.9,13.65,13.65,5297,-0.010869565217391353,,,,
2026-02-11,PCSC,13.65,14.14,13.65,13.9,3211,0.01831501831501825,,,,
2026-02-12,PCSC,14.13,14.33,13.94,14.07,9710,0.012230215827338187,,,,
2026-02-13,PCSC,14.07,14.22,13.7,13.91,4956,-0.011371712864250205,,,,
2026-02-17,PCSC,13.99,14.355,13.69,14.1,2858,0.013659237958303372,,,,
2026-02-18,PCSC,14.48,14.48,13.92,14.1,1489,0.0,,,,
2026-02-19,PCSC,14.38,14.38,13.57,13.57,6380,-0.0375886524822695,,,,
2026-02-20,PCSC,13.21,13.55,12.27,13.33,12582,-0.017686072218128235,,,,
2026-02-23,PCSC,13.47,13.47,12.725,13.07,11586,-0.019504876219054723,,,,
2026-02-24,PCSC,12.95,12.95,12.42,12.88,1861,-0.014537107880642663,,,,
2026-02-25,PCSC,12.89,13.39,12.5,13.39,1894,0.0395962732919255,,,,
2026-02-26,PCSC,13.49,13.49,12.56,12.7,3648,-0.05153099327856614,,,,
2026-02-27,PCSC,12.79,12.79,12.5,12.7,939,0.0,,,,
2026-01-02,PEBO,30.19,30.24,29.62,30.16,89338,,,,,
2026-01-05,PEBO,30.16,31.11,30.15,30.69,99421,0.017572944297082227,,,,
2026-01-06,PEBO,30.59,30.98,30.42,30.92,89207,0.007494297816878381,,,,
2026-01-07,PEBO,30.92,30.985,30.41,30.75,80677,-0.00549805950840887,,,,
2026-01-08,PEBO,30.6,31.39,30.6,31.28,168479,0.017235772357723667,,,,
2026-01-09,PEBO,31.3,31.49,30.76,30.83,72396,-0.014386189258312143,,,,
2026-01-12,PEBO,30.69,30.79,30.45,30.57,72093,-0.008433344145312938,,,,
2026-01-13,PEBO,30.75,30.75,30.26,30.36,77484,-0.006869479882237517,,,,
2026-01-14,PEBO,30.4,30.87,30.25,30.85,84651,0.016139657444005362,,,,
2026-01-15,PEBO,30.89,31.66,30.72,31.56,175184,0.023014586709886542,,,,
2026-01-16,PEBO,31.7,31.7,31.11,31.21,170820,-0.011089987325728745,,,,
2026-01-20,PEBO,31.65,31.76,31.02,31.75,142917,0.017302146747837144,,,,
2026-01-21,PEBO,31.79,32.92,31.79,32.9,213667,0.03622047244094473,,,,
2026-01-22,PEBO,33.0,33.39,32.46,32.59,204678,-0.00942249240121562,,,,
2026-01-23,PEBO,32.58,32.58,31.21,31.4,199168,-0.03651426818042358,,,,
2026-01-26,PEBO,31.4,31.83,31.16,31.7,123927,0.009554140127388644,,,,
2026-01-27,PEBO,31.72,32.11,31.72,31.97,113873,0.008517350157728698,,,,
2026-01-28,PEBO,32.12,32.12,31.41,31.46,110656,-0.015952455426962664,,,,
2026-01-29,PEBO,31.53,32.05,31.53,31.96,92763,0.015893197711379425,,,,
2026-01-30,PEBO,31.96,32.52,31.9,32.52,580462,0.017521902377972465,,,,
2026-02-02,PEBO,32.1,32.78,31.85,32.59,196948,0.0021525215252151675,,,,
2026-02-03,PEBO,32.5,33.35,32.44,32.93,131364,0.010432648051549531,,,,
2026-02-04,PEBO,33.32,33.85,33.32,33.71,198283,0.023686607956270977,,,,
2026-02-05,PEBO,33.78,34.115,33.4,33.73,121438,0.0005932957579353193,,,,
2026-02-06,PEBO,33.96,34.85,33.8,34.85,120195,0.03320486214052787,,,,
2026-02-09,PEBO,34.04,34.27,33.81,33.88,83311,-0.02783357245337159,,,,
2026-02-10,PEBO,33.91,34.09,33.32,33.63,108854,-0.0073789846517119395,,,,
2026-02-11,PEBO,33.81,34.1,33.07,33.33,123189,-0.008920606601249048,,,,
2026-02-12,PEBO,33.43,33.685,32.69,33.22,118942,-0.0033003300330032292,,,,
2026-02-13,PEBO,33.13,33.59,32.71,33.56,92625,0.010234798314268545,,,,
2026-02-17,PEBO,33.6,34.04,33.44,33.79,113644,0.0068533969010726725,,,,
2026-02-18,PEBO,33.8,34.13,33.48,33.71,135865,-0.0023675643681562164,,,,
2026-02-19,PEBO,33.61,33.84,33.26,33.61,124188,-0.0029664787896767075,,,,
2026-02-20,PEBO,33.61,34.06,33.32,34.03,162614,0.012496280868789178,,,,
2026-02-23,PEBO,33.95,33.99,32.38,32.4,131396,-0.0478989127240671,,,,
2026-02-24,PEBO,32.43,32.72,32.22,32.5,88719,0.0030864197530864335,,,,
2026-02-25,PEBO,32.52,33.17,32.52,33.12,77512,0.01907692307692299,,,,
2026-02-26,PEBO,33.32,33.77,32.69,33.22,77163,0.003019323671497709,,,,
2026-02-27,PEBO,32.56,32.81,32.0,32.27,177053,-0.028597230583985445,,,,
2026-01-02,PEN,313.65,313.65,303.29,309.36,33812,,,,,
2026-01-05,PEN,309.11,315.22,308.45,315.1,45475,0.018554434962503308,,,,
2026-01-06,PEN,314.625,320.56,310.78,316.91,63873,0.005744208187876909,,,,
2026-01-07,PEN,314.51,317.25,305.13,316.245,80300,-0.0020983875548263864,,,,
2026-01-08,PEN,315.28,317.85,311.425,315.88,62195,-0.0011541684453509893,,,,
2026-01-09,PEN,316.525,324.95,315.68,322.55,107411,0.021115613524123056,,,,
2026-01-12,PEN,319.99,323.77,310.74,319.57,117904,-0.009238877693380942,,,,
2026-01-13,PEN,316.67,316.67,290.425,301.23,177712,-0.05738961729824443,,,,
2026-01-14,PEN,303.99,317.09,298.56,313.19,110513,0.03970388075556874,,,,
2026-01-15,PEN,315.59,370.01,314.0,350.54,2102797,0.11925668124780486,,,,
2026-01-16,PEN,351.0,352.02,349.11,350.66,576593,0.0003423289781481209,,,,
2026-01-20,PEN,350.0,356.65,348.71,355.405,757025,0.013531626076541237,,,,
2026-01-21,PEN,354.9,362.45,354.9,357.9,539716,0.00702016009904205,,,,
2026-01-22,PEN,357.8,360.86,357.5,357.5,312907,-0.0011176306230790134,,,,
2026-01-23,PEN,359.78,360.36,357.78,359.51,225606,0.005622377622377606,,,,
2026-01-26,PEN,356.97,361.52,356.97,359.0,214788,-0.001418597535534416,,,,
2026-01-27,PEN,358.46,359.96,358.41,359.4,164203,0.0011142061281337323,,,,
2026-01-28,PEN,359.79,361.04,359.03,359.03,212277,-0.0010294936004452415,,,,
2026-01-29,PEN,360.0,360.2,356.39,360.0,317780,0.0027017240899089856,,,,
2026-01-30,PEN,357.855,360.4,357.16,358.335,230809,-0.004625000000000101,,,,
2026-02-02,PEN,358.59,359.45,356.88,356.98,136652,-0.0037813777610335997,,,,
2026-02-03,PEN,357.54,358.64,355.82,355.97,214537,-0.0028292901563112816,,,,
2026-02-04,PEN,351.13,351.13,339.68,340.05,211173,-0.04472286990476726,,,,
2026-02-05,PEN,339.75,343.42,339.75,341.85,321704,0.005293339214821335,,,,
2026-02-06,PEN,342.14,344.05,339.35,340.84,164668,-0.0029545122129590595,,,,
2026-02-09,PEN,342.8,342.8,338.87,339.17,83595,-0.004899659664358569,,,,
2026-02-10,PEN,340.74,340.74,338.7,338.92,116500,-0.0007370934929386008,,,,
2026-02-11,PEN,339.18,341.18,337.61,341.18,89826,0.006668240292694305,,,,
2026-02-12,PEN,338.77,340.265,338.4,338.77,128815,-0.007063720030482501,,,,
2026-02-13,PEN,339.66,341.72,339.2,340.5,71285,0.005106709566962797,,,,
2026-02-17,PEN,339.39,341.72,339.27,340.9,55592,0.0011747430249631208,,,,
2026-02-18,PEN,341.2,341.63,340.38,341.36,52836,0.001349369316515192,,,,
2026-02-19,PEN,341.08,341.98,340.085,340.62,61813,-0.0021677993906725757,,,,
2026-02-20,PEN,341.28,342.0,339.25,339.73,109343,-0.002612882390934157,,,,
2026-02-23,PEN,339.765,340.9,339.08,339.22,75091,-0.0015011921231565806,,,,
2026-02-24,PEN,339.2,340.0,338.68,339.69,95730,0.0013855315134720936,,,,
2026-02-25,PEN,339.885,339.885,338.53,338.73,92506,-0.0028261061556124067,,,,
2026-02-26,PEN,339.42,342.08,338.72,342.07,144208,0.009860360759306852,,,,
2026-02-27,PEN,341.745,344.51,341.73,344.45,98009,0.006957640249071861,,,,
2026-01-02,PETS,3.19,3.34,3.19,3.3,46866,,,,,
2026-01-05,PETS,3.34,3.39,3.21,3.29,54795,-0.003030303030302939,,,,
2026-01-06,PETS,3.28,3.7,3.28,3.57,133275,0.0851063829787233,,,,
2026-01-07,PETS,3.58,3.61,3.335,3.37,95563,-0.056022408963585346,,,,
2026-01-08,PETS,3.39,3.42,3.3,3.32,78187,-0.014836795252225587,,,,
2026-01-09,PETS,3.32,3.35,3.27,3.32,49342,0.0,,,,
2026-01-12,PETS,3.32,3.38,3.23,3.37,38167,0.015060240963855609,,,,
2026-01-13,PETS,3.38,3.435,3.35,3.43,72448,0.017804154302670572,,,,
2026-01-14,PETS,3.42,3.52,3.38,3.49,35611,0.017492711370262315,,,,
2026-01-15,PETS,3.49,3.49,3.35,3.35,54238,-0.04011461318051579,,,,
2026-01-16,PETS,3.4,3.44,3.35,3.35,50801,0.0,,,,
2026-01-20,PETS,3.36,3.38,3.28,3.29,42472,-0.017910447761193993,,,,
2026-01-21,PETS,3.3,3.38,3.26,3.38,20682,0.027355623100303816,,,,
2026-01-22,PETS,3.38,3.52,3.33,3.43,33275,0.01479289940828421,,,,
2026-01-23,PETS,3.43,3.43,3.28,3.32,25997,-0.03206997084548113,,,,
2026-01-26,PETS,3.3,3.3,3.21,3.27,42827,-0.015060240963855387,,,,
2026-01-27,PETS,3.25,3.29,3.205,3.24,48170,-0.00917431192660545,,,,
2026-01-28,PETS,3.24,3.295,3.23,3.28,23239,0.012345679012345512,,,,
2026-01-29,PETS,3.3,3.3,3.16,3.23,37313,-0.015243902439024293,,,,
2026-01-30,PETS,3.2,3.22,3.13,3.19,33163,-0.012383900928792602,,,,
2026-02-02,PETS,3.18,3.195,3.025,3.07,28617,-0.037617554858934255,,,,
2026-02-03,PETS,3.06,3.13,3.015,3.13,26659,0.019543973941368087,,,,
2026-02-04,PETS,3.13,3.16,3.07,3.09,29145,-0.012779552715655007,,,,
2026-02-05,PETS,3.07,3.07,2.95,2.95,37741,-0.0453074433656957,,,,
2026-02-06,PETS,3.0,3.015,2.88,2.9,30396,-0.016949152542372947,,,,
2026-02-09,PETS,2.88,3.01,2.83,2.94,86329,0.01379310344827589,,,,
2026-02-10,PETS,2.96,3.02,2.8,2.82,39627,-0.04081632653061229,,,,
2026-02-11,PETS,2.82,3.03,2.62,2.98,97987,0.05673758865248235,,,,
2026-02-12,PETS,2.99,3.16,2.89,2.93,85372,-0.016778523489932806,,,,
2026-02-13,PETS,2.94,3.225,2.94,3.12,35025,0.06484641638225264,,,,
2026-02-17,PETS,3.17,3.19,3.03,3.04,22112,-0.02564102564102566,,,,
2026-02-18,PETS,3.06,3.15,2.98,3.08,31490,0.013157894736842035,,,,
2026-02-19,PETS,3.06,3.085,3.0,3.01,18980,-0.022727272727272818,,,,
2026-02-20,PETS,3.0,3.07,2.94,2.95,17782,-0.019933554817275656,,,,
2026-02-23,PETS,2.95,2.97,2.825,2.88,22628,-0.023728813559322104,,,,
2026-02-24,PETS,2.88,2.91,2.79,2.81,15914,-0.02430555555555547,,,,
2026-02-25,PETS,2.8,2.835,2.745,2.78,29901,-0.01067615658362997,,,,
2026-02-26,PETS,2.77,2.8,2.71,2.75,11582,-0.010791366906474753,,,,
2026-02-27,PETS,2.74,2.75,2.675,2.74,18215,-0.0036363636363635488,,,,
2026-01-05,PGAC,10.36,10.36,10.36,10.36,576,,,,,
2026-01-06,PGAC,10.36,10.36,10.36,10.36,300,0.0,,,,
2026-01-07,PGAC,10.37,10.41,10.37,10.41,3574,0.004826254826254983,,,,
2026-01-12,PGAC,10.39,10.39,10.39,10.39,1700,-0.0019212295869356355,,,,
2026-01-14,PGAC,10.41,10.41,10.41,10.41,100,0.0019249278152069227,,,,
2026-01-15,PGAC,10.41,10.41,10.39,10.39,19,-0.0019212295869356355,,,,
2026-01-16,PGAC,10.41,10.41,10.39,10.39,2,0.0,,,,
2026-01-20,PGAC,10.41,10.41,10.39,10.39,2,0.0,,,,
2026-01-21,PGAC,10.41,10.42,10.4,10.4,15,0.0009624639076033503,,,,
2026-01-27,PGAC,10.41,10.41,10.41,10.41,100,0.0009615384615384581,,,,
2026-01-29,PGAC,10.42,10.42,10.42,10.42,67,0.0009606147934677622,,,,
2026-02-03,PGAC,10.42,10.42,10.42,10.42,11919,0.0,,,,
2026-02-09,PGAC,10.43,10.43,10.42,10.42,4512,0.0,,,,
2026-02-17,PGAC,10.43,10.43,10.43,10.43,1523,0.0009596928982724684,,,,
2026-02-18,PGAC,10.43,10.43,10.42,10.43,4400,0.0,,,,
2026-02-19,PGAC,10.46,10.46,10.43,10.43,503,0.0,,,,
2026-02-20,PGAC,10.43,10.43,10.43,10.43,4700,0.0,,,,
2026-02-23,PGAC,10.42,10.43,10.42,10.43,1130,0.0,,,,
2026-02-24,PGAC,10.43,10.43,10.43,10.43,8831,0.0,,,,
2026-02-25,PGAC,10.44,10.44,10.44,10.44,5,0.0009587727708533222,,,,
2026-02-26,PGAC,10.44,10.44,10.44,10.44,300,0.0,,,,
2026-02-27,PGAC,10.43,10.43,10.43,10.43,57600,-0.0009578544061302763,,,,
2026-01-02,PLMK,10.48,10.48,10.42,10.42,784,,,,,
2026-01-05,PLMK,10.41,10.41,10.41,10.41,10,-0.0009596928982725794,,,,
2026-01-08,PLMK,10.43,10.44,10.43,10.44,51,0.0028818443804032867,,,,
2026-01-09,PLMK,10.47,10.47,10.44,10.445,13587,0.00047892720306519365,,,,
2026-01-12,PLMK,10.49,10.49,10.49,10.49,1,0.0043082814743895526,,,,
2026-01-13,PLMK,10.49,10.49,10.45,10.47,30,-0.0019065776930409228,,,,
2026-01-14,PLMK,10.49,10.5,10.46,10.46,21,-0.0009551098376312517,,,,
2026-01-15,PLMK,10.49,10.49,10.44,10.44,1944,-0.0019120458891014325,,,,
2026-01-16,PLMK,10.46,10.46,10.46,10.46,65,0.0019157088122607746,,,,
2026-01-20,PLMK,10.47,10.47,10.46,10.46,147,0.0,,,,
2026-01-21,PLMK,10.47,10.47,10.47,10.47,119,0.0009560229445506607,,,,
2026-01-22,PLMK,10.47,10.54,10.47,10.51,48566,0.0038204393505252288,,,,
2026-01-23,PLMK,10.5,10.5,10.49,10.49,154,-0.0019029495718363432,,,,
2026-01-26,PLMK,10.5,10.63,10.5,10.59,41651,0.009532888465204836,,,,
2026-01-27,PLMK,10.54,10.54,10.52,10.525,325,-0.006137865911236995,,,,
2026-01-28,PLMK,10.6,10.64,10.55,10.56,11536,0.003325415676959542,,,,
2026-01-29,PLMK,10.56,10.57,10.55,10.55,2888,-0.0009469696969697239,,,,
2026-01-30,PLMK,10.57,10.57,10.53,10.53,4836,-0.0018957345971565287,,,,
2026-02-02,PLMK,10.56,10.57,10.54,10.54,3754,0.0009496676163343043,,,,
2026-02-03,PLMK,10.57,10.57,10.54,10.54,1022,0.0,,,,
2026-02-04,PLMK,10.57,10.57,10.51,10.51,16149,-0.002846299810246644,,,,
2026-02-05,PLMK,10.51,10.52,10.51,10.51,585,0.0,,,,
2026-02-06,PLMK,10.53,10.53,10.52,10.52,201,0.0009514747859180606,,,,
2026-02-09,PLMK,10.53,10.53,10.515,10.52,1486,0.0,,,,
2026-02-10,PLMK,10.55,10.55,10.51,10.52,617,0.0,,,,
2026-02-11,PLMK,10.55,10.55,10.5,10.51,2531,-0.000950570342205248,,,,
2026-02-12,PLMK,10.52,10.52,10.5,10.5,701,-0.0009514747859181716,,,,
2026-02-13,PLMK,10.52,10.52,10.49,10.49,1772,-0.0009523809523809268,,,,
2026-02-17,PLMK,10.5,10.5,10.49,10.49,128,0.0,,,,
2026-02-18,PLMK,10.52,10.52,10.49,10.51,1520,0.0019065776930409228,,,,
2026-02-19,PLMK,10.515,10.515,10.49,10.495,121884,-0.0014272121788773129,,,,
2026-02-20,PLMK,10.49,10.5,10.49,10.49,792,-0.0004764173415910955,,,,
2026-02-23,PLMK,10.52,10.52,10.5,10.51,841,0.0019065776930409228,,,,
2026-02-24,PLMK,10.5,10.51,10.5,10.51,237,0.0,,,,
2026-02-25,PLMK,10.51,10.51,10.5,10.5,205,-0.0009514747859181716,,,,
2026-02-26,PLMK,10.525,10.525,10.5,10.52,250,0.0019047619047618536,,,,
2026-02-27,PLMK,10.53,10.53,10.5,10.5,74,-0.0019011406844106071,,,,
2026-01-02,PMTS,14.78,14.83,14.21,14.22,8892,,,,,
2026-01-05,PMTS,14.4,14.6,13.99,14.04,15375,-0.012658227848101333,,,,
2026-01-06,PMTS,14.04,14.22,13.615,14.05,15952,0.0007122507122507837,,,,
2026-01-07,PMTS,14.03,14.21,13.61,13.77,15593,-0.01992882562277587,,,,
2026-01-08,PMTS,13.71,14.23,13.71,13.82,6220,0.0036310820624547713,,,,
2026-01-09,PMTS,13.88,14.035,13.68,13.73,6723,-0.0065123010130245795,,,,
2026-01-12,PMTS,13.7,13.9,13.22,13.65,13805,-0.0058266569555717185,,,,
2026-01-13,PMTS,13.79,13.845,13.53,13.62,7530,-0.002197802197802301,,,,
2026-01-14,PMTS,13.67,13.91,13.3,13.72,14841,0.007342143906020615,,,,
2026-01-15,PMTS,13.81,14.25,13.76,13.94,15838,0.0160349854227404,,,,
2026-01-16,PMTS,14.0,14.04,13.71,13.74,7943,-0.014347202295552308,,,,
2026-01-20,PMTS,13.39,13.5,13.24,13.29,17118,-0.0327510917030569,,,,
2026-01-21,PMTS,13.4,13.77,13.15,13.595,11606,0.022949586155003976,,,,
2026-01-22,PMTS,13.58,14.56,13.33,14.56,17614,0.0709819786686281,,,,
2026-01-23,PMTS,14.52,14.52,13.66,13.77,8566,-0.05425824175824179,,,,
2026-01-26,PMTS,13.68,13.76,13.54,13.72,5540,-0.0036310820624545492,,,,
2026-01-27,PMTS,13.59,13.67,13.4,13.47,6254,-0.018221574344023272,,,,
2026-01-28,PMTS,13.46,13.46,12.77,12.83,11085,-0.04751299183370461,,,,
2026-01-29,PMTS,12.72,13.03,12.51,12.84,11503,0.000779423226812126,,,,
2026-01-30,PMTS,12.74,13.155,12.74,12.99,15261,0.011682242990654235,,,,
2026-02-02,PMTS,13.01,13.8,13.01,13.38,12377,0.03002309468822184,,,,
2026-02-03,PMTS,13.51,13.52,12.75,13.17,13904,-0.015695067264574036,,,,
2026-02-04,PMTS,13.26,13.47,12.83,13.13,7876,-0.0030372057706908873,,,,
2026-02-05,PMTS,13.32,13.4,12.56,12.7,7814,-0.032749428789032864,,,,
2026-02-06,PMTS,12.7,13.1,12.63,12.93,10106,0.018110236220472586,,,,
2026-02-09,PMTS,12.93,12.93,12.42,12.57,15389,-0.0278422273781902,,,,
2026-02-10,PMTS,12.67,12.75,12.1,12.28,9903,-0.023070803500397807,,,,
2026-02-11,PMTS,12.36,12.38,11.325,11.7,17110,-0.04723127035830621,,,,
2026-02-12,PMTS,11.91,12.12,10.8,11.07,15103,-0.053846153846153766,,,,
2026-02-13,PMTS,11.26,11.72,11.17,11.38,18620,0.028003613369466995,,,,
2026-02-17,PMTS,11.39,11.79,10.98,11.61,10486,0.020210896309314386,,,,
2026-02-18,PMTS,11.72,12.2,11.365,11.53,15193,-0.006890611541774394,,,,
2026-02-19,PMTS,11.52,12.37,11.44,12.21,8876,0.05897658282740692,,,,
2026-02-20,PMTS,12.01,12.2,11.925,12.0,10052,-0.017199017199017286,,,,
2026-02-23,PMTS,12.0,12.2,11.83,11.895,11824,-0.008750000000000036,,,,
2026-02-24,PMTS,11.97,12.64,11.84,12.54,14933,0.05422446406052961,,,,
2026-02-25,PMTS,12.7,12.89,12.39,12.78,9839,0.019138755980861344,,,,
2026-02-26,PMTS,12.84,13.03,12.36,12.54,8212,-0.018779342723004744,,,,
2026-02-27,PMTS,12.33,12.43,12.17,12.265,17718,-0.021929824561403355,,,,
2026-01-02,PRK,152.33,154.78,149.13,154.4,11989,,,,,
2026-01-05,PRK,154.655,158.53,153.98,155.42,7436,0.006606217616580201,,,,
2026-01-06,PRK,153.58,156.52,153.145,155.88,7869,0.00295972204349515,,,,
2026-01-07,PRK,155.5,155.5,152.75,155.3,6749,-0.0037208108801640716,,,,
2026-01-08,PRK,155.25,159.7,155.25,159.34,3689,0.026014166130070793,,,,
2026-01-09,PRK,159.07,159.38,155.79,156.17,5530,-0.019894565080959103,,,,
2026-01-12,PRK,156.41,157.6,154.68,157.345,4626,0.007523852212332871,,,,
2026-01-13,PRK,157.85,158.2,156.38,157.02,4636,-0.002065524802186247,,,,
2026-01-14,PRK,156.98,159.79,156.35,159.585,4497,0.016335498662590764,,,,
2026-01-15,PRK,159.46,163.94,159.46,163.87,5366,0.02685089450762912,,,,
2026-01-16,PRK,163.88,163.88,161.43,161.43,4283,-0.014889851711722746,,,,
2026-01-20,PRK,160.01,161.63,158.78,160.37,4665,-0.006566313572446303,,,,
2026-01-21,PRK,160.61,168.22,160.61,168.13,6660,0.04838810251293868,,,,
2026-01-22,PRK,168.03,170.49,166.82,167.275,6028,-0.005085350621542806,,,,
2026-01-23,PRK,165.77,166.4,159.52,159.92,3646,-0.04396951128381421,,,,
2026-01-26,PRK,159.18,162.04,158.93,159.95,6206,0.00018759379689847755,,,,
2026-01-27,PRK,158.0,167.89,158.0,161.45,12863,0.009377930603313489,,,,
2026-01-28,PRK,162.63,163.0,158.41,159.5,5281,-0.012078042737689643,,,,
2026-01-29,PRK,159.935,163.21,159.6,163.13,8452,0.022758620689655062,,,,
2026-01-30,PRK,163.1,164.69,161.91,164.2,8084,0.006559185925335553,,,,
2026-02-02,PRK,163.405,167.65,163.16,166.49,10603,0.013946406820950275,,,,
2026-02-03,PRK,165.11,171.21,165.09,171.11,7123,0.027749414379242054,,,,
2026-02-04,PRK,171.58,176.66,171.58,174.85,6340,0.021857284787563547,,,,
2026-02-05,PRK,175.0,176.0,172.78,175.01,8957,0.0009150700600515371,,,,
2026-02-06,PRK,173.9,178.31,173.9,176.215,9698,0.006885320838809328,,,,
2026-02-09,PRK,176.5,177.32,175.125,176.88,9474,0.0037737990522941356,,,,
2026-02-10,PRK,176.12,177.2,172.79,173.97,8473,-0.016451831750339152,,,,
2026-02-11,PRK,176.5,177.115,171.56,172.7,7037,-0.007300109214232409,,,,
2026-02-12,PRK,172.66,174.47,169.9,173.37,8220,0.003879559930515475,,,,
2026-02-13,PRK,173.98,174.645,171.18,174.37,6836,0.005768010613139474,,,,
2026-02-17,PRK,176.18,177.605,173.37,176.22,8867,0.010609623215002584,,,,
2026-02-18,PRK,176.76,178.5,173.0,173.585,8199,-0.01495289978436043,,,,
2026-02-19,PRK,172.23,174.52,171.5,174.52,9507,0.00538641011608143,,,,
2026-02-20,PRK,173.31,175.2,171.2,175.14,9052,0.0035526014210405243,,,,
2026-02-23,PRK,173.88,175.355,164.86,166.04,14820,-0.05195843325339722,,,,
2026-02-24,PRK,164.56,168.71,164.56,166.52,11630,0.0028908696699592173,,,,
2026-02-25,PRK,167.5,169.9,166.0,169.815,6660,0.019787412923372383,,,,
2026-02-26,PRK,171.23,172.05,168.89,171.29,6637,0.008685922916114475,,,,
2026-02-27,PRK,167.97,169.34,164.31,165.12,13460,-0.03602078346663551,,,,
2026-01-02,PRSO,0.9158,0.9733,0.8733,0.882,29605,,,,,
2026-01-05,PRSO,0.9287,0.9716,0.9287,0.9443,32146,0.0706349206349206,,,,
2026-01-06,PRSO,0.96,1.06,0.96,1.05,50914,0.11193476649369916,,,,
2026-01-07,PRSO,0.9889,0.9889,0.9363,0.937,28618,-0.10761904761904761,,,,
2026-01-08,PRSO,0.9226,0.9428,0.91,0.917,28459,-0.021344717182497308,,,,
2026-01-09,PRSO,0.944,1.0,0.94,0.9508,25776,0.03685932388222457,,,,
2026-01-12,PRSO,0.9727,0.9727,0.9378,0.96,21604,0.009676062263357155,,,,
2026-01-13,PRSO,0.99,1.04,0.94,1.04,46718,0.08333333333333348,,,,
2026-01-14,PRSO,1.02,1.05,0.9786,1.03,56736,-0.009615384615384581,,,,
2026-01-15,PRSO,1.03,1.05,0.99,0.9952,35931,-0.03378640776699038,,,,
2026-01-16,PRSO,1.05,1.2,1.02,1.19,171639,0.19573954983922826,,,,
2026-01-20,PRSO,1.15,1.27,1.12,1.18,142119,-0.008403361344537785,,,,
2026-01-21,PRSO,1.2,1.23,1.055,1.07,117330,-0.09322033898305071,,,,
2026-01-22,PRSO,1.06,1.12,0.9898,1.05,52609,-0.01869158878504673,,,,
2026-01-23,PRSO,1.04,1.07,1.01,1.05,61060,0.0,,,,
2026-01-26,PRSO,1.02,1.04,0.91,0.9286,82293,-0.11561904761904762,,,,
2026-01-27,PRSO,0.9358,0.9784,0.92,0.966,39239,0.04027568382511304,,,,
2026-01-28,PRSO,0.98,1.01,0.9621,0.9798,69555,0.014285714285714235,,,,
2026-01-29,PRSO,0.97,0.97,0.89,0.9384,46701,-0.04225352112676051,,,,
2026-01-30,PRSO,0.94,0.96,0.896,0.9125,66280,-0.0276001705029838,,,,
2026-02-02,PRSO,0.9205,0.9295,0.8743,0.8901,45315,-0.024547945205479427,,,,
2026-02-03,PRSO,0.891,0.915,0.8496,0.8627,61756,-0.030783058083361348,,,,
2026-02-04,PRSO,0.88,0.9,0.81,0.8285,94315,-0.039642981337660865,,,,
2026-02-05,PRSO,0.813,0.858,0.7803,0.845,48828,0.01991550995775504,,,,
2026-02-06,PRSO,0.8501,0.8778,0.823,0.871,40657,0.030769230769230882,,,,
2026-02-09,PRSO,0.8699,0.876,0.83,0.87,24303,-0.0011481056257175437,,,,
2026-02-10,PRSO,0.875,0.8901,0.87,0.8783,24033,0.009540229885057538,,,,
2026-02-11,PRSO,0.8789,0.8829,0.826,0.8699,15933,-0.009563930319936187,,,,
2026-02-12,PRSO,0.8697,0.8927,0.8479,0.8791,31550,0.010575928267616996,,,,
2026-02-13,PRSO,0.89,0.925,0.879,0.9196,41277,0.04606984415879878,,,,
2026-02-17,PRSO,0.9279,0.93,0.877,0.878,15519,-0.04523705959112656,,,,
2026-02-18,PRSO,0.8985,0.9115,0.883,0.904,16534,0.029612756264236983,,,,
2026-02-19,PRSO,0.9,0.909,0.85,0.8698,8958,-0.0378318584070797,,,,
2026-02-20,PRSO,0.8689,0.884,0.86,0.884,13399,0.016325592090135732,,,,
2026-02-23,PRSO,0.884,0.884,0.8365,0.8543,29205,-0.033597285067873406,,,,
2026-02-24,PRSO,0.8521,0.8617,0.83,0.841,19152,-0.015568301533419149,,,,
2026-02-25,PRSO,0.8462,0.8875,0.83,0.8823,15875,0.04910820451843034,,,,
2026-02-26,PRSO,0.8598,0.865,0.8382,0.855,15987,-0.030941856511390697,,,,
2026-02-27,PRSO,0.8656,0.8682,0.8303,0.8508,7316,-0.004912280701754312,,,,
2026-01-02,PRTH,5.52,5.565,5.26,5.32,81536,,,,,
2026-01-05,PRTH,5.25,5.65,5.25,5.54,148296,0.041353383458646586,,,,
2026-01-06,PRTH,5.54,5.65,5.46,5.6,99041,0.010830324909747224,,,,
2026-01-07,PRTH,5.59,5.6,5.45,5.51,69893,-0.016071428571428514,,,,
2026-01-08,PRTH,5.44,5.97,5.44,5.82,158695,0.05626134301270436,,,,
2026-01-09,PRTH,5.87,5.98,5.78,5.91,109220,0.015463917525773141,,,,
2026-01-12,PRTH,5.89,5.95,5.8,5.86,92380,-0.008460236886632777,,,,
2026-01-13,PRTH,5.86,5.91,5.7,5.76,86867,-0.017064846416382395,,,,
2026-01-14,PRTH,5.8,5.81,5.67,5.76,92743,0.0,,,,
2026-01-15,PRTH,5.78,5.875,5.72,5.81,132758,0.00868055555555558,,,,
2026-01-16,PRTH,5.85,5.91,5.8,5.84,89999,0.005163511187607606,,,,
2026-01-20,PRTH,5.8,5.88,5.8,5.83,173086,-0.001712328767123239,,,,
2026-01-21,PRTH,5.85,6.095,5.83,5.99,297486,0.027444253859348233,,,,
2026-01-22,PRTH,6.0,6.15,5.98,6.03,167017,0.006677796327211993,,,,
2026-01-23,PRTH,6.03,6.04,5.94,6.01,77770,-0.0033167495854063977,,,,
2026-01-26,PRTH,5.98,6.06,5.905,6.06,152046,0.008319467554076532,,,,
2026-01-27,PRTH,6.04,6.09,5.95,5.95,98644,-0.018151815181518094,,,,
2026-01-28,PRTH,5.99,5.99,5.825,5.86,65777,-0.015126050420168013,,,,
2026-01-29,PRTH,5.87,5.91,5.71,5.91,84042,0.008532423208191142,,,,
2026-01-30,PRTH,5.85,5.94,5.745,5.91,116604,0.0,,,,
2026-02-02,PRTH,5.89,6.01,5.86,5.88,85024,-0.005076142131979711,,,,
2026-02-03,PRTH,5.92,5.95,5.41,5.58,174494,-0.05102040816326525,,,,
2026-02-04,PRTH,5.62,5.635,5.4,5.58,222584,0.0,,,,
2026-02-05,PRTH,5.53,5.53,5.13,5.27,138219,-0.05555555555555569,,,,
2026-02-06,PRTH,5.41,5.575,5.39,5.55,117257,0.05313092979127143,,,,
2026-02-09,PRTH,5.54,5.74,5.47,5.63,91619,0.01441441441441449,,,,
2026-02-10,PRTH,5.66,5.775,5.45,5.47,109763,-0.028419182948490218,,,,
2026-02-11,PRTH,5.51,5.52,5.255,5.42,141131,-0.009140767824497242,,,,
2026-02-12,PRTH,5.48,5.48,5.2,5.31,116761,-0.02029520295202958,,,,
2026-02-13,PRTH,5.31,5.585,5.31,5.39,189088,0.015065913370998052,,,,
2026-02-17,PRTH,5.4,5.6,5.39,5.5,72485,0.020408163265306145,,,,
2026-02-18,PRTH,5.53,5.67,5.48,5.58,122691,0.014545454545454639,,,,
2026-02-19,PRTH,5.5,5.51,5.41,5.51,80250,-0.012544802867383575,,,,
2026-02-20,PRTH,5.47,5.605,5.43,5.51,153056,0.0,,,,
2026-02-23,PRTH,5.43,5.5,5.27,5.38,183391,-0.023593466424682408,,,,
2026-02-24,PRTH,5.38,5.69,5.37,5.6,88424,0.040892193308550207,,,,
2026-02-25,PRTH,5.65,5.78,5.585,5.73,62670,0.023214285714285854,,,,
2026-02-26,PRTH,5.72,5.82,5.45,5.45,76189,-0.04886561954624791,,,,
2026-02-27,PRTH,5.5,5.58,5.45,5.58,108359,0.023853211009174258,,,,
2026-01-02,PSA,259.46,260.1,256.7,258.72,91737,,,,,
2026-01-05,PSA,257.955,261.34,256.54,260.915,125877,0.00848407544836105,,,,
2026-01-06,PSA,259.21,272.16,258.88,270.16,144358,0.035432995419964364,,,,
2026-01-07,PSA,270.53,272.01,264.48,265.66,121815,-0.016656795972756933,,,,
2026-01-08,PSA,265.22,272.67,263.45,269.19,90940,0.013287660919972799,,,,
2026-01-09,PSA,271.99,279.36,269.56,278.15,94972,0.03328504030610335,,,,
2026-01-12,PSA,279.15,282.09,277.78,278.5,127747,0.0012583138594284282,,,,
2026-01-13,PSA,279.32,280.39,273.64,278.93,79918,0.0015439856373429262,,,,
2026-01-14,PSA,279.99,287.9,279.21,287.78,92074,0.031728390635643144,,,,
2026-01-15,PSA,287.5,293.78,285.66,293.0,178020,0.0181388560706095,,,,
2026-01-16,PSA,290.53,295.69,290.31,293.89,114633,0.0030375426621160884,,,,
2026-01-20,PSA,288.01,292.48,283.57,285.25,221408,-0.02939875463608832,,,,
2026-01-21,PSA,284.72,291.76,284.06,288.77,215546,0.012340052585451344,,,,
2026-01-22,PSA,288.0,290.61,285.335,287.55,110871,-0.004224815597188014,,,,
2026-01-23,PSA,286.01,287.63,282.39,282.73,95948,-0.01676230220831154,,,,
2026-01-26,PSA,281.42,283.2,278.44,279.65,91482,-0.01089378559049281,,,,
2026-01-27,PSA,278.06,280.68,276.505,277.695,86305,-0.006990881458966536,,,,
2026-01-28,PSA,277.33,280.22,272.51,273.86,102319,-0.013810115414393365,,,,
2026-01-29,PSA,275.65,278.98,273.47,277.45,115401,0.013108887752866227,,,,
2026-01-30,PSA,277.45,277.45,273.0,276.08,104345,-0.004937826635429854,,,,
2026-02-02,PSA,276.19,276.95,271.25,271.25,106104,-0.01749492900608518,,,,
2026-02-03,PSA,272.0,281.69,271.81,279.92,142176,0.03196313364055303,,,,
2026-02-04,PSA,280.705,290.4,280.705,288.5,138036,0.030651614747070566,,,,
2026-02-05,PSA,286.83,286.83,280.32,284.0,97792,-0.01559792027729634,,,,
2026-02-06,PSA,284.76,287.35,282.82,285.02,72898,0.003591549295774543,,,,
2026-02-09,PSA,286.89,290.0,285.68,286.87,117425,0.00649077257736308,,,,
2026-02-10,PSA,287.74,293.7,287.12,292.31,142618,0.01896329347788206,,,,
2026-02-11,PSA,292.33,293.91,290.13,293.78,124035,0.005028907666518423,,,,
2026-02-12,PSA,294.53,297.15,290.0,294.7,204651,0.0031315950711416907,,,,
2026-02-13,PSA,289.24,300.64,282.28,300.375,231272,0.01925687139463861,,,,
2026-02-17,PSA,301.48,306.22,297.2,303.0,164087,0.008739076154806513,,,,
2026-02-18,PSA,303.5,303.5,296.44,297.75,152913,-0.017326732673267342,,,,
2026-02-19,PSA,300.5,301.93,296.015,299.0,111597,0.004198152812762368,,,,
2026-02-20,PSA,299.0,305.97,298.15,305.5,108706,0.021739130434782705,,,,
2026-02-23,PSA,305.0,309.35,304.06,305.25,113288,-0.0008183306055646877,,,,
2026-02-24,PSA,304.205,307.16,301.43,304.115,83249,-0.00371826371826367,,,,
2026-02-25,PSA,304.11,304.955,297.84,299.32,88029,-0.015767061802278826,,,,
2026-02-26,PSA,300.685,305.0,298.16,304.0,198179,0.015635440331417838,,,,
2026-02-27,PSA,303.98,310.14,302.09,306.0,221132,0.006578947368421018,,,,
2026-01-02,PSKY,13.39,13.45,13.135,13.18,1665116,,,,,
2026-01-05,PSKY,13.38,13.4,12.89,13.0,2840703,-0.01365705614567525,,,,
2026-01-06,PSKY,12.99,13.09,12.45,12.54,2257276,-0.03538461538461546,,,,
2026-01-07,PSKY,12.5,12.64,12.23,12.42,2060796,-0.009569377990430561,,,,
2026-01-08,PSKY,12.37,12.505,12.255,12.45,2348498,0.0024154589371980784,,,,
2026-01-09,PSKY,12.44,12.6,12.025,12.1,1971484,-0.028112449799196804,,,,
2026-01-12,PSKY,12.27,12.27,11.98,12.14,2061453,0.0033057851239670644,,,,
2026-01-13,PSKY,12.14,12.215,12.04,12.14,2962859,0.0,,,,
2026-01-14,PSKY,12.14,12.195,12.01,12.12,1506725,-0.0016474464579901982,,,,
2026-01-15,PSKY,12.11,12.11,11.78,11.92,1699690,-0.01650165016501648,,,,
2026-01-16,PSKY,11.87,11.95,11.755,11.85,1455273,-0.005872483221476488,,,,
2026-01-20,PSKY,11.69,11.81,11.46,11.55,3094888,-0.025316455696202445,,,,
2026-01-21,PSKY,11.6,11.63,11.425,11.6,2050500,0.0043290043290042934,,,,
2026-01-22,PSKY,11.64,11.935,11.64,11.78,1365950,0.01551724137931032,,,,
2026-01-23,PSKY,11.76,11.83,11.7,11.74,1462073,-0.003395585738539819,,,,
2026-01-26,PSKY,11.76,11.995,11.585,11.88,1669332,0.01192504258943794,,,,
2026-01-27,PSKY,11.98,11.98,11.46,11.55,1579088,-0.02777777777777779,,,,
2026-01-28,PSKY,11.55,11.655,11.335,11.39,1155077,-0.013852813852813894,,,,
2026-01-29,PSKY,11.5,11.5,10.96,11.22,2175437,-0.014925373134328401,,,,
2026-01-30,PSKY,11.26,11.28,10.985,11.23,1859619,0.0008912655971480277,,,,
2026-02-02,PSKY,11.18,11.23,11.0,11.18,1560273,-0.0044523597506679335,,,,
2026-02-03,PSKY,11.18,11.21,10.755,10.82,2004988,-0.03220035778175312,,,,
2026-02-04,PSKY,10.82,10.98,10.655,10.79,3399659,-0.0027726432532348966,,,,
2026-02-05,PSKY,10.91,10.91,10.345,10.44,2216002,-0.0324374420759963,,,,
2026-02-06,PSKY,10.6,10.775,10.45,10.6,1877880,0.015325670498084198,,,,
2026-02-09,PSKY,10.54,10.71,10.33,10.7,2105323,0.00943396226415083,,,,
2026-02-10,PSKY,10.66,10.92,10.66,10.86,3318852,0.01495327102803734,,,,
2026-02-11,PSKY,10.95,11.065,10.69,11.01,2044940,0.013812154696132728,,,,
2026-02-12,PSKY,11.07,11.13,10.15,10.29,2446467,-0.06539509536784749,,,,
2026-02-13,PSKY,10.28,10.445,10.195,10.41,2337743,0.011661807580175099,,,,
2026-02-17,PSKY,10.65,11.32,10.49,10.87,4100491,0.044188280499519506,,,,
2026-02-18,PSKY,10.87,11.25,10.7,11.1,2082083,0.021159153633854677,,,,
2026-02-19,PSKY,11.17,11.17,10.775,10.97,1684143,-0.011711711711711592,,,,
2026-02-20,PSKY,10.95,10.965,10.705,10.8,2579981,-0.015496809480401108,,,,
2026-02-23,PSKY,10.82,10.89,10.395,10.68,1951759,-0.011111111111111183,,,,
2026-02-24,PSKY,10.57,10.68,10.355,10.51,2186697,-0.015917602996254665,,,,
2026-02-25,PSKY,10.56,10.68,9.99,10.25,3394420,-0.02473834443387246,,,,
2026-02-26,PSKY,10.25,12.03,10.16,11.7,4239149,0.14146341463414625,,,,
2026-02-27,PSKY,12.08,14.05,10.98,14.05,22009824,0.20085470085470103,,,,
2026-01-02,PULM,2.23,2.34,2.19,2.26,9280,,,,,
2026-01-05,PULM,2.27,2.34,2.27,2.32,4105,0.026548672566371723,,,,
2026-01-06,PULM,2.29,2.33,2.25,2.3,3121,-0.008620689655172376,,,,
2026-01-07,PULM,2.29,2.35,2.275,2.33,3560,0.013043478260869712,,,,
2026-01-08,PULM,2.28,2.39,2.25,2.35,6453,0.008583690987124415,,,,
2026-01-09,PULM,2.36,2.41,2.35,2.36,4097,0.004255319148936065,,,,
2026-01-12,PULM,2.38,2.38,2.245,2.35,6707,-0.004237288135593098,,,,
2026-01-13,PULM,2.35,2.46,2.29,2.33,1369,-0.008510638297872353,,,,
2026-01-14,PULM,2.32,2.43,2.32,2.37,868,0.017167381974249052,,,,
2026-01-15,PULM,2.35,2.68,2.35,2.53,7346,0.06751054852320659,,,,
2026-01-16,PULM,2.53,2.67,2.46,2.66,2513,0.05138339920948631,,,,
2026-01-20,PULM,2.6,2.69,2.56,2.68,2541,0.007518796992481258,,,,
2026-01-21,PULM,2.68,2.9,2.6,2.63,7930,-0.018656716417910557,,,,
2026-01-22,PULM,2.67,2.68,2.61,2.68,2294,0.019011406844106515,,,,
2026-01-23,PULM,2.67,2.74,2.64,2.64,1770,-0.014925373134328401,,,,
2026-01-26,PULM,2.91,2.91,2.49,2.57,2967,-0.026515151515151603,,,,
2026-01-27,PULM,2.57,2.61,2.56,2.61,635,0.015564202334630295,,,,
2026-01-28,PULM,2.57,2.8,2.57,2.59,703,-0.007662835249042099,,,,
2026-01-29,PULM,2.68,2.68,2.48,2.62,2256,0.011583011583011782,,,,
2026-01-30,PULM,2.59,2.75,2.56,2.57,2313,-0.019083969465648942,,,,
2026-02-02,PULM,2.59,2.65,2.57,2.57,1427,0.0,,,,
2026-02-03,PULM,2.63,2.63,2.57,2.6,1398,0.011673151750972943,,,,
2026-02-04,PULM,2.61,2.665,2.56,2.56,812,-0.015384615384615441,,,,
2026-02-05,PULM,2.57,2.6,2.46,2.46,5366,-0.0390625,,,,
2026-02-06,PULM,2.5,2.58,2.48,2.48,2151,0.008130081300812941,,,,
2026-02-09,PULM,2.4,2.48,2.4,2.46,1901,-0.008064516129032251,,,,
2026-02-10,PULM,2.49,2.5,2.45,2.45,1566,-0.004065040650406471,,,,
2026-02-11,PULM,2.47,2.47,2.38,2.38,1023,-0.028571428571428692,,,,
2026-02-12,PULM,2.39,2.46,2.3,2.3,227,-0.03361344537815125,,,,
2026-02-13,PULM,2.42,2.59,2.42,2.43,1413,0.0565217391304349,,,,
2026-02-17,PULM,2.45,2.5,2.37,2.42,6288,-0.004115226337448652,,,,
2026-02-18,PULM,2.41,2.63,2.41,2.6,7019,0.07438016528925617,,,,
2026-02-19,PULM,2.55,2.83,2.55,2.73,1259,0.050000000000000044,,,,
2026-02-20,PULM,2.75,2.83,2.74,2.81,791,0.029304029304029422,,,,
2026-02-23,PULM,2.83,3.26,2.83,3.11,3944,0.10676156583629881,,,,
2026-02-24,PULM,3.16,3.34,3.09,3.24,4520,0.04180064308681675,,,,
2026-02-25,PULM,3.43,3.43,3.15,3.21,3380,-0.0092592592592593,,,,
2026-02-26,PULM,3.2,3.27,2.8,2.91,7204,-0.09345794392523354,,,,
2026-02-27,PULM,2.94,3.07,2.94,2.99,2764,0.027491408934708028,,,,
2026-01-02,QETA,11.36,11.36,11.36,11.36,120,,,,,
2026-01-05,QETA,11.36,11.36,11.25,11.25,150,-0.009683098591549255,,,,
2026-01-08,QETA,11.35,11.35,11.27,11.27,11,0.001777777777777656,,,,
2026-01-09,QETA,11.28,11.28,11.28,11.28,19,0.0008873114463177068,,,,
2026-01-13,QETA,11.28,13.07,11.06,11.28,47002,0.0,,,,
2026-01-14,QETA,11.36,11.37,11.36,11.36,253,0.007092198581560183,,,,
2026-01-15,QETA,11.36,11.69,11.36,11.69,19730,0.029049295774647987,,,,
2026-01-16,QETA,11.69,11.69,11.41,11.41,102,-0.0239520958083832,,,,
2026-01-20,QETA,11.42,11.51,11.42,11.51,215,0.00876424189307623,,,,
2026-01-21,QETA,11.51,11.51,11.51,11.51,10,0.0,,,,
2026-01-22,QETA,11.53,11.97,11.23,11.5,2913,-0.0008688097306689402,,,,
2026-01-23,QETA,11.5,11.5,11.5,11.5,100,0.0,,,,
2026-01-26,QETA,11.41,11.5,11.41,11.5,150,0.0,,,,
2026-01-27,QETA,11.41,11.5,11.41,11.41,210,-0.00782608695652176,,,,
2026-01-28,QETA,11.5,11.64,11.5,11.64,1601,0.02015775635407535,,,,
2026-01-29,QETA,11.41,11.54,11.41,11.54,87,-0.0085910652920963,,,,
2026-01-30,QETA,11.41,11.64,11.41,11.64,52,0.008665511265164794,,,,
2026-02-02,QETA,11.51,11.89,11.41,11.89,3315,0.021477663230240474,,,,
2026-02-03,QETA,11.92,11.92,11.51,11.51,144,-0.03195962994112711,,,,
2026-02-04,QETA,11.68,11.68,11.51,11.51,4,0.0,,,,
2026-02-05,QETA,11.76,11.94,11.76,11.92,7743,0.035621198957428435,,,,
2026-02-06,QETA,11.88,11.88,11.56,11.56,828,-0.030201342281879096,,,,
2026-02-09,QETA,11.56,11.64,11.51,11.51,612,-0.004325259515570945,,,,
2026-02-10,QETA,11.51,11.51,11.49,11.49,498,-0.0017376194613378804,,,,
2026-02-11,QETA,11.46,11.46,11.46,11.46,97,-0.0026109660574411553,,,,
2026-02-12,QETA,11.56,11.57,11.41,11.41,156,-0.0043630017452007674,,,,
2026-02-13,QETA,11.59,11.59,11.41,11.41,106,0.0,,,,
2026-02-23,QETA,11.45,11.45,11.45,11.45,65,0.0035056967572304476,,,,
2026-02-27,QETA,11.69,11.69,11.54,11.54,151,0.007860262008733576,,,,
2026-01-02,QMCO,6.53,7.015,6.53,7.0,113878,,,,,
2026-01-05,QMCO,7.17,8.095,7.1,7.65,212543,0.09285714285714297,,,,
2026-01-06,QMCO,7.83,8.07,7.49,7.98,116323,0.04313725490196085,,,,
2026-01-07,QMCO,7.98,7.98,7.39,7.47,120505,-0.06390977443609036,,,,
2026-01-08,QMCO,7.48,7.98,7.33,7.78,162727,0.041499330655957234,,,,
2026-01-09,QMCO,7.78,7.98,7.45,7.64,74637,-0.01799485861182526,,,,
2026-01-12,QMCO,7.48,7.77,7.34,7.56,88393,-0.010471204188481686,,,,
2026-01-13,QMCO,7.55,7.57,7.21,7.36,53218,-0.026455026455026398,,,,
2026-01-14,QMCO,7.38,7.5,7.18,7.5,63339,0.01902173913043481,,,,
2026-01-15,QMCO,7.49,8.49,7.49,7.91,229414,0.05466666666666664,,,,
2026-01-16,QMCO,7.89,8.105,7.73,7.9,178383,-0.0012642225031604948,,,,
2026-01-20,QMCO,7.6,7.8,7.25,7.46,187331,-0.055696202531645644,,,,
2026-01-21,QMCO,7.43,7.61,6.77,7.2,189940,-0.034852546916890104,,,,
2026-01-22,QMCO,7.22,7.5,7.13,7.24,150487,0.005555555555555536,,,,
2026-01-23,QMCO,7.28,7.36,7.0,7.08,74574,-0.02209944751381221,,,,
2026-01-26,QMCO,7.1,7.14,6.7,6.89,96881,-0.026836158192090398,,,,
2026-01-27,QMCO,6.93,7.0,6.68,6.99,84061,0.014513788098693858,,,,
2026-01-28,QMCO,6.98,7.04,6.71,6.78,98560,-0.030042918454935563,,,,
2026-01-29,QMCO,6.77,6.83,6.43,6.61,184944,-0.02507374631268433,,,,
2026-01-30,QMCO,6.6,6.6,6.12,6.23,108384,-0.05748865355521937,,,,
2026-02-02,QMCO,6.15,6.46,6.05,6.31,86350,0.01284109149277679,,,,
2026-02-03,QMCO,6.32,6.5,6.04,6.27,81626,-0.006339144215530945,,,,
2026-02-04,QMCO,6.23,6.28,5.645,5.85,155785,-0.06698564593301437,,,,
2026-02-05,QMCO,5.86,5.86,4.89,4.98,177631,-0.14871794871794863,,,,
2026-02-06,QMCO,4.94,5.91,4.93,5.84,177007,0.17269076305220876,,,,
2026-02-09,QMCO,5.94,6.11,5.61,5.96,85768,0.020547945205479534,,,,
2026-02-10,QMCO,5.96,6.28,5.93,6.19,96322,0.038590604026845776,,,,
2026-02-11,QMCO,6.2,6.41,5.96,6.3,94513,0.017770597738287375,,,,
2026-02-12,QMCO,6.34,6.45,5.61,5.78,162248,-0.08253968253968247,,,,
2026-02-13,QMCO,5.77,5.95,5.725,5.86,35779,0.01384083044982698,,,,
2026-02-17,QMCO,5.72,7.74,5.34,6.45,283876,0.10068259385665534,,,,
2026-02-18,QMCO,6.34,6.68,5.44,5.53,290615,-0.14263565891472862,,,,
2026-02-19,QMCO,5.57,5.6,5.14,5.49,193439,-0.007233273056057921,,,,
2026-02-20,QMCO,5.53,5.7,5.25,5.38,85407,-0.020036429872495543,,,,
2026-02-23,QMCO,5.32,5.38,5.08,5.29,78823,-0.016728624535315983,,,,
2026-02-24,QMCO,5.22,5.47,5.1,5.39,72283,0.018903591682419618,,,,
2026-02-25,QMCO,5.41,5.57,5.32,5.47,83806,0.014842300556586308,,,,
2026-02-26,QMCO,5.54,5.69,5.44,5.57,97271,0.018281535648994707,,,,
2026-02-27,QMCO,5.62,5.63,5.275,5.49,89689,-0.014362657091561926,,,,
2026-01-02,QRVO,85.57,87.08,84.51,86.27,466043,,,,,
2026-01-05,QRVO,86.66,88.25,86.66,86.67,269800,0.004636606004404742,,,,
2026-01-06,QRVO,87.39,89.43,87.39,88.13,527853,0.01684550594207912,,,,
2026-01-07,QRVO,88.11,88.12,79.75,81.4,745491,-0.07636446159083166,,,,
2026-01-08,QRVO,81.38,84.27,80.0,82.88,322084,0.018181818181818077,,,,
2026-01-09,QRVO,83.13,83.81,81.68,81.87,581556,-0.012186293436293294,,,,
2026-01-12,QRVO,81.29,81.61,79.64,80.46,296802,-0.0172224257969954,,,,
2026-01-13,QRVO,80.92,81.46,79.96,80.29,226219,-0.0021128511061395683,,,,
2026-01-14,QRVO,79.96,81.99,79.96,81.95,213562,0.020675052933117444,,,,
2026-01-15,QRVO,82.99,83.07,79.79,80.71,342823,-0.01513117754728499,,,,
2026-01-16,QRVO,81.0,81.635,80.04,80.11,225962,-0.007434023045471361,,,,
2026-01-20,QRVO,79.31,80.8,78.79,79.85,444075,-0.0032455373860942327,,,,
2026-01-21,QRVO,80.09,81.49,79.93,81.35,221024,0.01878522229179702,,,,
2026-01-22,QRVO,81.6,84.67,80.925,81.59,481593,0.002950215119852606,,,,
2026-01-23,QRVO,82.0,82.1,80.1,80.9,509051,-0.008456918740041619,,,,
2026-01-26,QRVO,80.82,82.82,80.28,82.82,494400,0.023733003708281686,,,,
2026-01-27,QRVO,83.0,83.59,72.62,74.0,625474,-0.10649601545520393,,,,
2026-01-28,QRVO,74.3,80.45,72.89,77.5,1727066,0.04729729729729737,,,,
2026-01-29,QRVO,77.22,78.49,76.49,78.16,727332,0.008516129032257957,,,,
2026-01-30,QRVO,77.59,78.26,77.02,78.26,565265,0.0012794268167861667,,,,
2026-02-02,QRVO,77.64,80.135,77.62,78.61,676788,0.004472271914132353,,,,
2026-02-03,QRVO,80.71,80.76,77.59,78.85,646942,0.003053046686172234,,,,
2026-02-04,QRVO,79.3,83.1,79.19,80.37,628147,0.01927710843373509,,,,
2026-02-05,QRVO,80.9,83.27,79.64,81.51,650819,0.014184397163120588,,,,
2026-02-06,QRVO,82.81,84.23,82.22,82.85,445052,0.01643970065022682,,,,
2026-02-09,QRVO,83.05,84.275,83.05,83.45,218172,0.007242003621001913,,,,
2026-02-10,QRVO,82.84,85.46,82.76,84.3,281151,0.010185739964050367,,,,
2026-02-11,QRVO,84.74,86.16,84.55,85.76,357141,0.017319098457888593,,,,
2026-02-12,QRVO,85.63,85.94,82.5,82.9,309616,-0.03334888059701491,,,,
2026-02-13,QRVO,82.9,84.53,82.5,84.44,243495,0.018576598311218273,,,,
2026-02-17,QRVO,83.27,85.03,82.81,84.21,323375,-0.002723827569872106,,,,
2026-02-18,QRVO,84.31,84.8,83.06,83.9,287307,-0.003681273007956176,,,,
2026-02-19,QRVO,83.44,84.26,81.26,81.31,238609,-0.030870083432657958,,,,
2026-02-20,QRVO,81.24,82.79,80.48,82.24,285737,0.011437707539047937,,,,
2026-02-23,QRVO,82.27,82.69,81.195,82.46,278114,0.002675097276264582,,,,
2026-02-24,QRVO,83.01,84.71,82.82,83.18,403216,0.008731506184816995,,,,
2026-02-25,QRVO,83.92,84.0,82.03,82.36,325324,-0.009858138975715414,,,,
2026-02-26,QRVO,82.37,83.71,81.39,82.46,340327,0.0012141816415736084,,,,
2026-02-27,QRVO,81.91,82.95,80.91,82.9,392345,0.005335920446277065,,,,
2026-01-02,QSEA,10.23,10.23,10.23,10.23,273,,,,,
2026-01-05,QSEA,10.25,10.25,10.25,10.25,494,0.0019550342130987275,,,,
2026-01-06,QSEA,10.22,10.22,10.22,10.22,457,-0.0029268292682925745,,,,
2026-01-07,QSEA,10.25,10.3,10.25,10.3,2417,0.007827788649706457,,,,
2026-01-08,QSEA,10.3,10.3,10.25,10.25,482,-0.004854368932038944,,,,
2026-01-09,QSEA,10.25,10.29,10.25,10.29,429,0.0039024390243902474,,,,
2026-01-12,QSEA,10.3,10.3,10.24,10.24,438,-0.004859086491739495,,,,
2026-01-13,QSEA,10.3,10.3,10.24,10.26,1353,0.001953125,,,,
2026-01-14,QSEA,10.25,10.25,10.25,10.25,350,-0.0009746588693957392,,,,
2026-01-15,QSEA,10.25,10.29,10.25,10.29,329,0.0039024390243902474,,,,
2026-01-16,QSEA,10.25,10.25,10.25,10.25,300,-0.0038872691933915515,,,,
2026-01-20,QSEA,10.3,10.3,10.26,10.26,817,0.0009756097560975618,,,,
2026-01-21,QSEA,10.29,10.29,10.26,10.26,314,0.0,,,,
2026-01-22,QSEA,10.29,10.29,10.26,10.26,82,0.0,,,,
2026-01-23,QSEA,10.29,10.29,10.27,10.27,268,0.0009746588693957392,,,,
2026-01-26,QSEA,10.29,10.29,10.27,10.27,242,0.0,,,,
2026-01-27,QSEA,10.29,10.29,10.27,10.27,8,0.0,,,,
2026-01-28,QSEA,10.47,10.47,10.27,10.27,222,0.0,,,,
2026-01-29,QSEA,10.27,10.27,10.27,10.27,205,0.0,,,,
2026-01-30,QSEA,10.29,10.29,10.27,10.28,284,0.0009737098344693162,,,,
2026-02-02,QSEA,10.28,10.28,10.28,10.28,176,0.0,,,,
2026-02-03,QSEA,10.28,10.28,10.28,10.28,164,0.0,,,,
2026-02-04,QSEA,10.28,10.31,10.28,10.31,149,0.0029182879377434023,,,,
2026-02-05,QSEA,10.3,10.31,10.29,10.29,143,-0.0019398642095054264,,,,
2026-02-06,QSEA,10.29,10.29,10.29,10.29,134,0.0,,,,
2026-02-09,QSEA,10.29,10.29,10.29,10.29,212,0.0,,,,
2026-02-10,QSEA,10.29,10.33,10.29,10.33,116,0.0038872691933917736,,,,
2026-02-11,QSEA,10.29,10.29,10.29,10.29,173,-0.0038722168441434057,,,,
2026-02-12,QSEA,10.29,10.29,10.29,10.29,133,0.0,,,,
2026-02-13,QSEA,10.29,10.31,10.29,10.31,135,0.0019436345966958868,,,,
2026-02-17,QSEA,10.31,10.31,10.29,10.3,821,-0.0009699321047526022,,,,
2026-02-18,QSEA,10.32,10.32,10.32,10.32,1,0.0019417475728153999,,,,
2026-02-19,QSEA,10.32,10.32,10.32,10.32,12,0.0,,,,
2026-02-20,QSEA,10.3,10.3,10.3,10.3,21,-0.0019379844961240345,,,,
2026-02-23,QSEA,10.29,12.0,10.29,11.79,26,0.14466019417475717,,,,
2026-02-24,QSEA,12.13,12.13,10.29,10.3,1106,-0.12637828668363005,,,,
2026-02-25,QSEA,10.3,10.33,10.29,10.29,673,-0.000970873786407922,,,,
2026-02-26,QSEA,10.34,10.34,10.31,10.31,3,0.0019436345966958868,,,,
2026-02-27,QSEA,10.34,10.34,10.29,10.29,17,-0.0019398642095054264,,,,
2026-01-02,QUAD,6.225,6.225,5.8,5.81,33617,,,,,
2026-01-05,QUAD,5.8,5.98,5.79,5.885,9387,0.012908777969018903,,,,
2026-01-06,QUAD,5.81,6.02,5.8,5.965,9285,0.0135938827527613,,,,
2026-01-07,QUAD,6.025,6.025,5.88,5.99,14138,0.00419111483654655,,,,
2026-01-08,QUAD,6.01,6.18,5.975,6.16,6805,0.02838063439065097,,,,
2026-01-09,QUAD,6.19,6.24,6.035,6.16,13716,0.0,,,,
2026-01-12,QUAD,6.13,6.215,6.03,6.195,13975,0.005681818181818121,,,,
2026-01-13,QUAD,6.24,6.255,6.13,6.175,7014,-0.0032284100080710587,,,,
2026-01-14,QUAD,6.155,6.17,6.08,6.15,4004,-0.004048582995951344,,,,
2026-01-15,QUAD,6.16,6.45,6.12,6.42,9894,0.04390243902439028,,,,
2026-01-16,QUAD,6.42,6.49,6.34,6.34,11186,-0.012461059190031154,,,,
2026-01-20,QUAD,6.08,6.29,5.99,6.01,10936,-0.05205047318611988,,,,
2026-01-21,QUAD,6.09,6.21,6.03,6.19,8254,0.029950083194675736,,,,
2026-01-22,QUAD,6.22,6.32,6.16,6.21,7629,0.003231017770597644,,,,
2026-01-23,QUAD,6.17,6.19,6.02,6.05,4329,-0.025764895330112725,,,,
2026-01-26,QUAD,6.07,6.16,5.995,6.115,6709,0.010743801652892682,,,,
2026-01-27,QUAD,6.05,6.18,6.03,6.145,5682,0.004905968928863302,,,,
2026-01-28,QUAD,6.16,6.16,6.02,6.025,7247,-0.01952807160292913,,,,
2026-01-29,QUAD,6.09,6.09,5.98,6.045,5199,0.003319502074688785,,,,
2026-01-30,QUAD,6.0,6.135,5.91,6.125,10420,0.013234077750206685,,,,
2026-02-02,QUAD,6.12,6.38,6.12,6.28,11301,0.025306122448979673,,,,
2026-02-03,QUAD,6.28,6.36,6.015,6.21,11831,-0.011146496815286677,,,,
2026-02-04,QUAD,6.27,6.27,6.12,6.15,10153,-0.009661835748792202,,,,
2026-02-05,QUAD,6.17,6.23,6.08,6.185,12232,0.005691056910569037,,,,
2026-02-06,QUAD,6.28,6.38,6.2,6.2,8490,0.0024252223120453387,,,,
2026-02-09,QUAD,6.31,6.4,6.23,6.36,7492,0.02580645161290329,,,,
2026-02-10,QUAD,6.385,6.64,6.385,6.545,21323,0.029088050314465264,,,,
2026-02-11,QUAD,6.57,6.57,6.15,6.175,8167,-0.05653170359052717,,,,
2026-02-12,QUAD,6.235,6.26,6.02,6.095,10562,-0.012955465587044523,,,,
2026-02-13,QUAD,6.23,6.75,6.2,6.56,13576,0.07629204265791634,,,,
2026-02-17,QUAD,6.6,6.665,6.0,6.02,21075,-0.08231707317073167,,,,
2026-02-18,QUAD,6.19,6.77,6.1,6.61,22427,0.09800664451827257,,,,
2026-02-19,QUAD,6.535,6.81,6.48,6.765,27064,0.02344931921331317,,,,
2026-02-20,QUAD,6.77,7.11,6.75,7.01,22345,0.036215816703621506,,,,
2026-02-23,QUAD,7.095,7.105,6.83,7.06,23401,0.007132667617689048,,,,
2026-02-24,QUAD,7.14,7.54,7.14,7.3,27997,0.03399433427762033,,,,
2026-02-25,QUAD,7.455,7.46,7.055,7.27,20928,-0.004109589041095929,,,,
2026-02-26,QUAD,7.31,7.5,7.31,7.46,15374,0.02613480055020645,,,,
2026-02-27,QUAD,7.27,7.27,6.84,7.0,22737,-0.06166219839142095,,,,
2026-01-02,QUMS,10.02,10.02,10.02,10.02,1,,,,,
2026-01-05,QUMS,10.02,10.02,10.02,10.02,1,0.0,,,,
2026-01-06,QUMS,10.02,10.02,10.02,10.02,1,0.0,,,,
2026-01-07,QUMS,10.01,10.01,10.01,10.01,2343,-0.0009980039920159944,,,,
2026-01-08,QUMS,10.0,10.03,10.0,10.03,15006,0.0019980019980019303,,,,
2026-01-12,QUMS,10.01,10.01,10.01,10.01,1290,-0.001994017946161497,,,,
2026-01-15,QUMS,10.0,10.0,10.0,10.0,1,-0.0009990009990009652,,,,
2026-01-20,QUMS,10.02,10.02,10.02,10.02,1173,0.0020000000000000018,,,,
2026-01-21,QUMS,10.035,10.035,10.035,10.035,1,0.0014970059880239361,,,,
2026-01-22,QUMS,10.03,10.08,10.03,10.08,4491,0.004484304932735439,,,,
2026-01-23,QUMS,10.1,10.1,10.1,10.1,2,0.001984126984126977,,,,
2026-01-26,QUMS,10.09,10.09,10.09,10.09,1,-0.000990099009900991,,,,
2026-01-28,QUMS,10.1,10.1,10.1,10.1,3,0.0009910802775023875,,,,
2026-01-29,QUMS,10.06,10.09,10.05,10.09,2082,-0.000990099009900991,,,,
2026-01-30,QUMS,10.1,10.1,10.07,10.1,601,0.0009910802775023875,,,,
2026-02-02,QUMS,10.07,10.07,10.07,10.07,31,-0.002970297029702862,,,,
2026-02-03,QUMS,10.075,10.09,10.07,10.09,81500,0.0019860973187686426,,,,
2026-02-04,QUMS,10.1,10.13,10.06,10.08,2455,-0.0009910802775024985,,,,
2026-02-05,QUMS,10.15,10.15,10.05,10.05,4049,-0.0029761904761904656,,,,
2026-02-06,QUMS,10.15,10.15,10.06,10.06,1974,0.0009950248756218638,,,,
2026-02-09,QUMS,10.15,10.15,10.06,10.06,2092,0.0,,,,
2026-02-10,QUMS,10.15,10.15,10.06,10.06,1982,0.0,,,,
2026-02-11,QUMS,10.12,10.12,10.06,10.07,1516,0.0009940357852882276,,,,
2026-02-12,QUMS,10.15,10.15,10.06,10.07,1513,0.0,,,,
2026-02-13,QUMS,10.14,10.14,10.07,10.07,14,0.0,,,,
2026-02-17,QUMS,10.09,10.09,10.06,10.06,527,-0.0009930486593843213,,,,
2026-02-18,QUMS,10.08,10.08,10.06,10.06,2529,0.0,,,,
2026-02-19,QUMS,10.06,10.07,10.06,10.07,2014,0.0009940357852882276,,,,
2026-02-20,QUMS,10.07,10.07,10.07,10.07,400,0.0,,,,
2026-02-23,QUMS,10.06,10.06,10.06,10.06,2722,-0.0009930486593843213,,,,
2026-02-24,QUMS,10.06,10.06,10.06,10.06,1400,0.0,,,,
2026-02-25,QUMS,10.06,10.06,10.06,10.06,1400,0.0,,,,
2026-02-26,QUMS,10.07,10.07,10.07,10.07,500,0.0009940357852882276,,,,
2026-01-02,QXO,19.72,19.915,19.0,19.705,1209081,,,,,
2026-01-05,QXO,19.81,23.79,19.75,23.24,3191660,0.17939609236234455,,,,
2026-01-06,QXO,23.28,24.18,22.82,23.98,1447822,0.03184165232358005,,,,
2026-01-07,QXO,23.97,24.53,23.295,23.5,1542264,-0.020016680567139344,,,,
2026-01-08,QXO,23.42,25.01,23.21,24.74,1306763,0.052765957446808454,,,,
2026-01-09,QXO,24.72,25.045,24.19,25.01,839037,0.010913500404203802,,,,
2026-01-12,QXO,24.79,26.46,24.59,24.88,1672757,-0.00519792083166748,,,,
2026-01-13,QXO,24.89,25.565,24.4,25.26,1472718,0.015273311897106234,,,,
2026-01-14,QXO,25.49,25.58,24.52,25.5,1343475,0.009501187648456089,,,,
2026-01-15,QXO,25.56,25.91,23.55,23.95,970235,-0.0607843137254902,,,,
2026-01-16,QXO,24.02,24.375,22.92,23.84,4091228,-0.004592901878914368,,,,
2026-01-20,QXO,23.2,24.0,23.02,23.6,1687867,-0.010067114093959662,,,,
2026-01-21,QXO,23.8,23.8,23.03,23.56,1470920,-0.0016949152542373724,,,,
2026-01-22,QXO,23.68,24.43,23.59,24.18,1831683,0.026315789473684292,,,,
2026-01-23,QXO,24.28,24.32,23.36,23.905,1387515,-0.011373035566583867,,,,
2026-01-26,QXO,23.88,24.06,23.55,23.965,834140,0.002509935160008414,,,,
2026-01-27,QXO,24.07,24.23,23.465,23.62,868880,-0.014395994158147296,,,,
2026-01-28,QXO,23.68,23.865,23.11,23.4,831232,-0.009314140558848494,,,,
2026-01-29,QXO,23.28,23.3,22.53,22.8,1101645,-0.02564102564102555,,,,
2026-01-30,QXO,22.5,22.75,21.99,22.2,869591,-0.026315789473684292,,,,
2026-02-02,QXO,22.13,22.48,21.59,22.16,1144296,-0.0018018018018017834,,,,
2026-02-03,QXO,22.35,23.22,22.12,22.86,1560034,0.03158844765342961,,,,
2026-02-04,QXO,22.8,23.54,22.285,22.85,1302286,-0.00043744531933498365,,,,
2026-02-05,QXO,23.12,23.13,20.915,20.98,1293670,-0.08183807439824953,,,,
2026-02-06,QXO,21.36,23.125,21.2,22.91,1294487,0.09199237368922786,,,,
2026-02-09,QXO,23.02,23.45,22.8,23.3,754265,0.01702313400261901,,,,
2026-02-10,QXO,23.51,23.63,23.03,23.21,596490,-0.0038626609442059534,,,,
2026-02-11,QXO,23.34,27.135,23.34,27.05,2602924,0.1654459284791039,,,,
2026-02-12,QXO,27.12,27.53,25.8,25.96,1448828,-0.04029574861367835,,,,
2026-02-13,QXO,25.92,27.1,25.49,27.08,1296607,0.04314329738058542,,,,
2026-02-17,QXO,27.0,27.5,26.43,26.62,1132689,-0.01698670605612984,,,,
2026-02-18,QXO,27.04,27.61,26.55,26.66,889578,0.0015026296018030294,,,,
2026-02-19,QXO,26.73,26.76,25.85,26.18,836351,-0.01800450112528129,,,,
2026-02-20,QXO,26.03,26.3,25.46,25.5,705256,-0.025974025974025983,,,,
2026-02-23,QXO,25.72,25.72,24.425,24.83,510506,-0.026274509803921653,,,,
2026-02-24,QXO,24.88,25.67,24.74,25.08,669545,0.01006846556584784,,,,
2026-02-25,QXO,25.18,25.36,23.88,24.42,628722,-0.02631578947368407,,,,
2026-02-26,QXO,24.94,25.0,23.39,23.95,846188,-0.019246519246519322,,,,
2026-02-27,QXO,23.82,23.97,22.76,23.88,1257877,-0.0029227557411273253,,,,
2026-01-02,RAAQ,10.21,10.21,10.2,10.2,172,,,,,
2026-01-05,RAAQ,10.21,10.22,10.2,10.2,186,0.0,,,,
2026-01-06,RAAQ,10.21,10.21,10.2,10.2,99,0.0,,,,
2026-01-07,RAAQ,10.21,10.21,10.21,10.21,64,0.0009803921568629637,,,,
2026-01-08,RAAQ,10.2,10.22,10.2,10.22,5449,0.0009794319294809117,,,,
2026-01-09,RAAQ,10.23,10.23,10.22,10.22,356,0.0,,,,
2026-01-12,RAAQ,10.23,10.23,10.21,10.21,55,-0.0009784735812132794,,,,
2026-01-13,RAAQ,10.22,10.22,10.22,10.22,56,0.0009794319294809117,,,,
2026-01-14,RAAQ,10.23,10.3,10.22,10.3,13190,0.007827788649706457,,,,
2026-01-15,RAAQ,10.29,10.52,10.2,10.34,70360,0.003883495145631022,,,,
2026-01-16,RAAQ,10.39,10.39,10.35,10.35,375,0.0009671179883945502,,,,
2026-01-20,RAAQ,10.4,10.4,10.34,10.38,5461,0.0028985507246377384,,,,
2026-01-21,RAAQ,10.4,10.45,10.33,10.4,19031,0.0019267822736031004,,,,
2026-01-22,RAAQ,10.44,10.49,10.42,10.42,10309,0.0019230769230769162,,,,
2026-01-23,RAAQ,10.45,10.45,10.45,10.45,1652,0.0028790786948176272,,,,
2026-01-26,RAAQ,10.45,10.45,10.45,10.45,316,0.0,,,,
2026-01-27,RAAQ,10.42,10.42,10.42,10.42,435,-0.002870813397129135,,,,
2026-01-28,RAAQ,10.43,10.43,10.35,10.43,15405,0.0009596928982724684,,,,
2026-01-29,RAAQ,10.39,10.39,10.35,10.35,2130,-0.007670182166826467,,,,
2026-01-30,RAAQ,10.38,10.38,10.38,10.38,81,0.0028985507246377384,,,,
2026-02-02,RAAQ,10.39,10.44,10.36,10.36,31550,-0.0019267822736032114,,,,
2026-02-03,RAAQ,10.36,10.38,10.36,10.38,1274,0.0019305019305020377,,,,
2026-02-04,RAAQ,10.34,10.34,10.25,10.25,105858,-0.012524084778420153,,,,
2026-02-05,RAAQ,10.27,10.27,10.24,10.25,49387,0.0,,,,
2026-02-06,RAAQ,10.26,10.26,10.26,10.26,42,0.0009756097560975618,,,,
2026-02-09,RAAQ,10.26,10.26,10.245,10.26,743,0.0,,,,
2026-02-10,RAAQ,10.26,10.26,10.26,10.26,26,0.0,,,,
2026-02-11,RAAQ,10.25,10.27,10.25,10.27,2896,0.0009746588693957392,,,,
2026-02-12,RAAQ,10.26,10.26,10.26,10.26,34,-0.0009737098344693162,,,,
2026-02-13,RAAQ,10.28,10.28,10.25,10.25,22,-0.0009746588693957392,,,,
2026-02-17,RAAQ,10.25,10.29,10.25,10.29,1648,0.0039024390243902474,,,,
2026-02-18,RAAQ,10.28,10.28,10.28,10.28,34,-0.0009718172983479434,,,,
2026-02-19,RAAQ,10.29,10.31,10.29,10.29,1920,0.0009727626459143934,,,,
2026-02-20,RAAQ,10.31,10.32,10.3,10.3,2750,0.0009718172983481654,,,,
2026-02-23,RAAQ,10.4,10.79,10.4,10.57,289673,0.026213592233009564,,,,
2026-02-24,RAAQ,11.0,11.0,10.5,10.57,199513,0.0,,,,
2026-02-25,RAAQ,10.73,10.73,10.51,10.58,40285,0.0009460737937558861,,,,
2026-02-26,RAAQ,10.69,10.69,10.59,10.66,51937,0.007561436672967936,,,,
2026-02-27,RAAQ,10.69,10.7,10.6,10.64,35077,-0.0018761726078798668,,,,
2026-01-02,RAMP,29.3,29.7,27.3,27.39,53635,,,,,
2026-01-05,RAMP,27.37,28.365,27.37,28.285,45790,0.03267615918218336,,,,
2026-01-06,RAMP,28.43,29.28,27.8,28.355,40435,0.0024748099699487547,,,,
2026-01-07,RAMP,28.66,28.69,28.2,28.3,77599,-0.0019396931758067781,,,,
2026-01-08,RAMP,28.46,28.46,27.69,28.3,46313,0.0,,,,
2026-01-09,RAMP,28.0,28.19,27.355,27.89,44740,-0.014487632508833892,,,,
2026-01-12,RAMP,27.84,27.92,27.59,27.67,47008,-0.007888131946934385,,,,
2026-01-13,RAMP,27.57,28.59,26.03,26.16,86996,-0.0545717383447778,,,,
2026-01-14,RAMP,26.16,26.19,25.5,25.795,83440,-0.013952599388379117,,,,
2026-01-15,RAMP,26.3,26.3,25.54,25.625,38527,-0.006590424500872327,,,,
2026-01-16,RAMP,25.75,25.9,24.95,25.06,39096,-0.022048780487804898,,,,
2026-01-20,RAMP,24.69,25.15,24.64,24.785,48489,-0.010973663208300066,,,,
2026-01-21,RAMP,25.02,25.19,24.82,25.025,52005,0.009683276175105782,,,,
2026-01-22,RAMP,25.36,25.81,25.19,25.785,57059,0.030369630369630363,,,,
2026-01-23,RAMP,25.735,26.03,25.57,25.76,53423,-0.0009695559433778866,,,,
2026-01-26,RAMP,25.8,26.25,25.8,26.18,53881,0.016304347826086918,,,,
2026-01-27,RAMP,26.205,26.205,24.79,25.14,64095,-0.03972498090145149,,,,
2026-01-28,RAMP,25.4,25.67,24.8,25.2,68011,0.0023866348448686736,,,,
2026-01-29,RAMP,25.0,25.0,23.76,24.185,86872,-0.04027777777777786,,,,
2026-01-30,RAMP,24.12,24.55,23.96,24.36,79478,0.00723589001447178,,,,
2026-02-02,RAMP,24.36,24.95,24.14,24.515,68099,0.0063628899835797,,,,
2026-02-03,RAMP,24.03,24.03,22.15,22.15,81589,-0.09647154803181734,,,,
2026-02-04,RAMP,22.3,24.06,21.73,22.8,101825,0.02934537246049662,,,,
2026-02-05,RAMP,23.26,24.5,22.26,23.28,136225,0.021052631578947434,,,,
2026-02-06,RAMP,23.75,24.08,22.5,23.22,156504,-0.002577319587628968,,,,
2026-02-09,RAMP,23.37,23.94,22.93,23.86,156586,0.027562446167097354,,,,
2026-02-10,RAMP,23.86,24.39,23.54,24.1,98232,0.010058675607711676,,,,
2026-02-11,RAMP,24.3,24.3,22.69,23.21,89493,-0.03692946058091284,,,,
2026-02-12,RAMP,23.49,27.01,22.73,22.77,106396,-0.018957345971564066,,,,
2026-02-13,RAMP,23.5,24.56,23.26,24.36,146483,0.06982872200263501,,,,
2026-02-17,RAMP,24.36,24.92,23.7,24.54,108192,0.00738916256157629,,,,
2026-02-18,RAMP,24.55,25.18,24.42,25.05,119177,0.020782396088019572,,,,
2026-02-19,RAMP,25.31,25.31,24.61,25.01,96005,-0.00159680638722548,,,,
2026-02-20,RAMP,25.24,26.06,25.05,25.31,106804,0.011995201919232201,,,,
2026-02-23,RAMP,25.66,25.69,24.245,24.52,124159,-0.031212959304622645,,,,
2026-02-24,RAMP,24.62,25.99,24.4,25.835,189389,0.05362969004893969,,,,
2026-02-25,RAMP,25.97,26.465,25.15,26.355,129028,0.020127733694600414,,,,
2026-02-26,RAMP,26.4,27.37,26.4,26.73,159585,0.014228799089356814,,,,
2026-02-27,RAMP,27.0,27.2,26.18,27.18,82560,0.01683501683501687,,,,
2026-01-02,RGR,32.67,33.59,32.55,32.9,10529,,,,,
2026-01-05,RGR,33.66,35.44,33.655,34.04,28292,0.03465045592705174,,,,
2026-01-06,RGR,34.2,35.06,33.72,35.06,24464,0.029964747356051813,,,,
2026-01-07,RGR,35.06,35.42,34.26,35.05,26948,-0.00028522532800923095,,,,
2026-01-08,RGR,35.13,37.14,35.13,37.14,16534,0.059629101283880326,,,,
2026-01-09,RGR,36.29,37.3,36.29,36.54,27844,-0.016155088852988775,,,,
2026-01-12,RGR,37.1,37.1,36.22,36.22,22036,-0.008757525998905336,,,,
2026-01-13,RGR,37.08,37.92,37.01,37.01,30330,0.021811154058531068,,,,
2026-01-14,RGR,37.28,38.5,37.12,38.2,30746,0.032153472034585295,,,,
2026-01-15,RGR,38.005,38.48,37.87,38.29,15962,0.0023560209424082768,,,,
2026-01-16,RGR,38.12,38.12,37.68,37.75,17451,-0.014102898929224339,,,,
2026-01-20,RGR,37.25,38.03,36.99,37.63,9982,-0.003178807947019746,,,,
2026-01-21,RGR,37.67,38.165,37.15,37.9,19567,0.007175126229072459,,,,
2026-01-22,RGR,37.995,38.08,36.89,36.89,16795,-0.026649076517150316,,,,
2026-01-23,RGR,37.5,37.88,37.03,37.03,13299,0.00379506641366234,,,,
2026-01-26,RGR,37.66,38.7,37.63,38.35,21387,0.03564677288684859,,,,
2026-01-27,RGR,37.54,38.2,37.25,37.97,14553,-0.00990873533246417,,,,
2026-01-28,RGR,37.8,37.8,37.15,37.51,22644,-0.012114827495391167,,,,
2026-01-29,RGR,37.39,37.39,36.17,37.025,24534,-0.012929885363902938,,,,
2026-01-30,RGR,36.64,36.86,36.17,36.7,13412,-0.00877785280216059,,,,
2026-02-02,RGR,36.67,37.14,36.355,36.78,14269,0.0021798365122616126,,,,
2026-02-03,RGR,36.68,37.81,36.68,37.7,20153,0.0250135943447527,,,,
2026-02-04,RGR,37.94,38.46,37.46,37.84,13773,0.003713527851458842,,,,
2026-02-05,RGR,37.86,38.41,37.29,37.29,19830,-0.01453488372093037,,,,
2026-02-06,RGR,38.19,38.68,38.19,38.37,6702,0.028962188254223697,,,,
2026-02-09,RGR,38.49,38.99,38.09,38.48,8194,0.0028668230388324556,,,,
2026-02-10,RGR,38.32,38.72,37.9,37.94,7029,-0.014033264033263992,,,,
2026-02-11,RGR,38.06,38.38,37.32,37.92,7717,-0.0005271481286240887,,,,
2026-02-12,RGR,37.99,38.33,37.16,37.16,9616,-0.020042194092827148,,,,
2026-02-13,RGR,37.47,37.86,36.91,37.46,3781,0.008073196986006614,,,,
2026-02-17,RGR,37.6,37.6,36.41,36.89,15738,-0.0152162306460224,,,,
2026-02-18,RGR,36.83,38.3,36.805,38.3,8913,0.03822174030902681,,,,
2026-02-19,RGR,37.6,38.4,37.2,38.38,9233,0.002088772845953102,,,,
2026-02-20,RGR,38.38,38.69,37.74,38.47,8082,0.002344971339239166,,,,
2026-02-23,RGR,38.35,38.4,36.96,37.46,15177,-0.026254224070704435,,,,
2026-02-24,RGR,37.5,37.64,36.72,37.26,10993,-0.005339028296850068,,,,
2026-02-25,RGR,37.28,37.33,36.15,36.45,5753,-0.021739130434782483,,,,
2026-02-26,RGR,37.0,37.52,36.68,36.88,10657,0.011796982167352477,,,,
2026-02-27,RGR,37.32,37.54,36.66,37.46,11587,0.01572668112798259,,,,
2026-01-02,RLYB,0.69,0.7073,0.6862,0.7073,3675,,,,,
2026-01-05,RLYB,0.71,0.71,0.665,0.679,21298,-0.040011310617842466,,,,
2026-01-06,RLYB,0.6844,0.724,0.671,0.6789,15456,-0.00014727540500747427,,,,
2026-01-07,RLYB,0.7,0.7376,0.676,0.7202,29319,0.060833701576078925,,,,
2026-01-08,RLYB,0.715,0.738,0.7041,0.738,48774,0.02471535684532089,,,,
2026-01-09,RLYB,0.73,0.73,0.71,0.7101,11988,-0.03780487804878052,,,,
2026-01-12,RLYB,0.696,0.7323,0.695,0.726,5499,0.022391212505280977,,,,
2026-01-13,RLYB,0.7301,0.7301,0.705,0.705,17082,-0.02892561983471076,,,,
2026-01-14,RLYB,0.697,0.7449,0.67,0.6853,25014,-0.02794326241134748,,,,
2026-01-15,RLYB,0.6703,0.7048,0.67,0.67,3869,-0.022325988618123405,,,,
2026-01-16,RLYB,0.678,0.6812,0.6401,0.66,29132,-0.014925373134328401,,,,
2026-01-20,RLYB,0.64,0.6433,0.5763,0.615,39903,-0.06818181818181823,,,,
2026-01-21,RLYB,0.6372,0.684,0.6001,0.684,11245,0.11219512195121961,,,,
2026-01-22,RLYB,0.6757,0.7125,0.6657,0.6726,20710,-0.01666666666666683,,,,
2026-01-23,RLYB,0.719,0.719,0.6005,0.6715,12526,-0.0016354445435622367,,,,
2026-01-26,RLYB,0.687,0.6986,0.662,0.662,22771,-0.014147431124348353,,,,
2026-01-27,RLYB,0.652,0.662,0.6305,0.6401,11901,-0.03308157099697895,,,,
2026-01-28,RLYB,0.626,0.668,0.626,0.64,8074,-0.00015622558975159073,,,,
2026-01-29,RLYB,0.6562,0.689,0.6386,0.6679,35722,0.0435937500000001,,,,
2026-01-30,RLYB,0.648,0.6765,0.612,0.6421,7449,-0.038628537206168656,,,,
2026-02-02,RLYB,0.679,0.68,0.6547,0.656,22689,0.021647718423921436,,,,
2026-02-03,RLYB,0.6602,0.67,0.5005,0.6151,91308,-0.062347560975609784,,,,
2026-02-04,RLYB,0.6199,0.6199,0.5597,0.5752,64510,-0.06486750121931384,,,,
2026-02-05,RLYB,0.5752,0.61,0.5651,0.61,39407,0.060500695410292016,,,,
2026-02-06,RLYB,4.59,5.36,4.57,4.75,20147,6.786885245901639,,,,
2026-02-09,RLYB,4.53,4.96,4.51,4.7,16782,-0.010526315789473606,,,,
2026-02-10,RLYB,4.68,5.0,4.68,4.8,1736,0.02127659574468077,,,,
2026-02-11,RLYB,4.8,4.8,4.75,4.76,1535,-0.008333333333333304,,,,
2026-02-12,RLYB,4.7,4.87,4.7,4.77,5221,0.0021008403361344463,,,,
2026-02-13,RLYB,4.72,4.88,4.72,4.82,1892,0.01048218029350112,,,,
2026-02-17,RLYB,5.33,5.33,3.75,4.33,39254,-0.10165975103734448,,,,
2026-02-18,RLYB,4.33,4.515,4.21,4.45,9429,0.02771362586605086,,,,
2026-02-19,RLYB,4.43,4.94,4.4,4.775,10670,0.0730337078651686,,,,
2026-02-20,RLYB,4.8,5.39,4.8,5.06,16019,0.05968586387434538,,,,
2026-02-23,RLYB,5.1,5.6,5.06,5.5,22711,0.0869565217391306,,,,
2026-02-24,RLYB,5.45,6.14,5.45,5.83,9307,0.06000000000000005,,,,
2026-02-25,RLYB,5.8,6.17,5.8,5.82,36607,-0.0017152658662091813,,,,
2026-02-26,RLYB,5.8,6.81,5.8,6.79,35318,0.16666666666666652,,,,
2026-02-27,RLYB,6.8,7.69,6.69,7.54,20122,0.11045655375552288,,,,
2026-01-02,RMCO,3.1,3.24,3.06,3.08,2335,,,,,
2026-01-05,RMCO,3.13,3.2,3.01,3.19,4140,0.03571428571428559,,,,
2026-01-06,RMCO,3.17,3.25,3.17,3.2,1965,0.0031347962382446415,,,,
2026-01-07,RMCO,3.21,3.9,3.21,3.89,18550,0.21562499999999996,,,,
2026-01-08,RMCO,3.88,3.88,3.36,3.37,7259,-0.13367609254498714,,,,
2026-01-09,RMCO,3.47,3.61,3.37,3.37,794,0.0,,,,
2026-01-12,RMCO,3.48,3.52,3.27,3.52,3814,0.04451038575667643,,,,
2026-01-13,RMCO,3.56,3.58,3.36,3.57,4973,0.014204545454545414,,,,
2026-01-14,RMCO,3.55,3.59,3.52,3.59,1653,0.0056022408963585235,,,,
2026-01-15,RMCO,3.62,3.75,3.515,3.7,3999,0.03064066852367686,,,,
2026-01-16,RMCO,3.66,4.2,3.62,4.17,30427,0.12702702702702706,,,,
2026-01-20,RMCO,4.17,4.4,3.86,4.0,35538,-0.04076738609112707,,,,
2026-01-21,RMCO,4.25,4.25,3.99,3.99,2106,-0.0024999999999999467,,,,
2026-01-22,RMCO,4.05,4.05,3.915,3.98,5032,-0.0025062656641604564,,,,
2026-01-23,RMCO,3.95,4.45,3.94,4.45,3252,0.11809045226130666,,,,
2026-01-26,RMCO,4.55,4.9,4.25,4.3,13208,-0.03370786516853941,,,,
2026-01-27,RMCO,4.35,4.51,4.28,4.46,4585,0.037209302325581506,,,,
2026-01-28,RMCO,4.52,4.61,4.365,4.485,18944,0.005605381165919354,,,,
2026-01-29,RMCO,4.47,4.56,4.25,4.56,6708,0.01672240802675562,,,,
2026-01-30,RMCO,4.53,4.62,4.11,4.12,5942,-0.0964912280701753,,,,
2026-02-02,RMCO,4.11,4.26,4.085,4.12,10220,0.0,,,,
2026-02-03,RMCO,4.11,4.34,4.11,4.22,2306,0.024271844660194164,,,,
2026-02-04,RMCO,4.37,4.37,4.17,4.17,2210,-0.011848341232227444,,,,
2026-02-05,RMCO,4.39,4.39,4.05,4.05,6944,-0.02877697841726623,,,,
2026-02-06,RMCO,4.05,4.39,4.05,4.16,4123,0.02716049382716057,,,,
2026-02-09,RMCO,3.93,4.26,3.93,4.17,2719,0.0024038461538460343,,,,
2026-02-10,RMCO,4.07,4.15,3.91,3.94,5070,-0.05515587529976018,,,,
2026-02-11,RMCO,4.0,4.0,3.9,3.9,3048,-0.010152284263959421,,,,
2026-02-12,RMCO,3.86,3.86,3.5,3.52,4045,-0.09743589743589742,,,,
2026-02-13,RMCO,3.51,3.94,3.51,3.88,3195,0.10227272727272729,,,,
2026-02-17,RMCO,4.0,4.0,3.87,3.93,888,0.012886597938144506,,,,
2026-02-18,RMCO,3.94,3.99,3.82,3.88,1922,-0.012722646310432628,,,,
2026-02-19,RMCO,3.9,4.1,3.9,4.0,5596,0.030927835051546504,,,,
2026-02-20,RMCO,3.92,4.04,3.92,3.93,952,-0.01749999999999996,,,,
2026-02-23,RMCO,3.89,3.94,3.66,3.76,10108,-0.04325699745547085,,,,
2026-02-24,RMCO,3.75,3.94,3.75,3.83,457,0.018617021276595924,,,,
2026-02-25,RMCO,3.9,4.15,3.81,3.83,2233,0.0,,,,
2026-02-26,RMCO,3.82,3.96,3.8,3.85,1389,0.005221932114882533,,,,
2026-02-27,RMCO,3.8,3.96,3.8,3.82,716,-0.007792207792207906,,,,
2026-01-02,RNA,72.25,72.25,72.0,72.06,574379,,,,,
2026-01-05,RNA,72.05,72.14,72.0,72.07,655238,0.00013877324451838646,,,,
2026-01-06,RNA,72.07,72.315,72.03,72.25,744670,0.0024975718051893914,,,,
2026-01-07,RNA,72.15,72.465,72.07,72.31,470539,0.0008304498269895433,,,,
2026-01-08,RNA,72.28,72.415,72.255,72.37,1080447,0.0008297607523164441,,,,
2026-01-09,RNA,72.75,73.32,72.3,72.37,367160,0.0,,,,
2026-01-12,RNA,72.02,72.37,72.02,72.35,551809,-0.0002763576067432716,,,,
2026-01-13,RNA,72.32,72.455,72.32,72.43,348241,0.001105736005528879,,,,
2026-01-14,RNA,72.42,72.59,72.38,72.59,362575,0.002209029407703955,,,,
2026-01-15,RNA,72.47,72.7,72.46,72.6,356889,0.00013776002204157756,,,,
2026-01-16,RNA,72.41,72.67,72.41,72.51,353198,-0.0012396694214874548,,,,
2026-01-20,RNA,72.51,72.53,72.45,72.47,413712,-0.0005516480485451281,,,,
2026-01-21,RNA,72.48,72.67,72.37,72.47,582106,0.0,,,,
2026-01-22,RNA,72.66,72.74,72.55,72.62,374317,0.002069821995308585,,,,
2026-01-23,RNA,73.62,73.62,72.55,72.6,300113,-0.0002754062241807631,,,,
2026-01-26,RNA,72.6,72.69,72.55,72.63,748888,0.0004132231404958553,,,,
2026-01-27,RNA,72.68,72.68,72.56,72.64,184592,0.0001376841525542183,,,,
2026-01-28,RNA,72.5,72.62,72.4,72.46,313859,-0.0024779735682820547,,,,
2026-01-29,RNA,72.46,72.6,72.4,72.57,359748,0.0015180789401048056,,,,
2026-01-30,RNA,72.55,72.65,72.44,72.57,400518,0.0,,,,
2026-02-02,RNA,72.56,72.76,72.41,72.74,393859,0.00234256579853942,,,,
2026-02-03,RNA,72.74,73.06,72.74,72.93,568833,0.0026120428924940597,,,,
2026-02-04,RNA,73.0,73.0,72.665,72.72,602408,-0.002879473467708893,,,,
2026-02-05,RNA,72.98,72.98,72.645,72.98,694456,0.003575357535753554,,,,
2026-02-06,RNA,72.9,72.95,72.785,72.9,589684,-0.0010961907371882518,,,,
2026-02-09,RNA,72.8,72.95,72.8,72.89,456814,-0.00013717421124836982,,,,
2026-02-10,RNA,72.85,72.935,72.85,72.89,261914,0.0,,,,
2026-02-11,RNA,72.89,72.96,72.685,72.92,666397,0.0004115790917822437,,,,
2026-02-12,RNA,72.99,73.01,72.87,72.91,448854,-0.00013713658804170858,,,,
2026-02-13,RNA,72.95,72.995,72.66,72.7,518181,-0.002880263338362332,,,,
2026-02-17,RNA,72.87,72.99,72.77,72.96,371692,0.003576341127922822,,,,
2026-02-18,RNA,72.95,72.95,72.755,72.83,392058,-0.0017817982456139747,,,,
2026-02-19,RNA,72.95,72.95,72.75,72.89,441802,0.000823836331182326,,,,
2026-02-20,RNA,72.8,73.31,72.74,72.86,505274,-0.0004115790917821327,,,,
2026-02-23,RNA,72.75,73.05,72.75,72.95,517207,0.0012352456766402398,,,,
2026-02-24,RNA,72.87,72.98,72.73,72.79,615437,-0.002193283070596297,,,,
2026-02-25,RNA,72.75,72.895,72.68,72.77,2087481,-0.00027476301689810523,,,,
2026-02-27,RNA,11.1,42.12,10.0,13.68,2318131,-0.8120104438642297,,,,
2026-01-02,ROOT,72.9,72.98,70.26,70.56,90706,,,,,
2026-01-05,ROOT,71.26,71.93,68.21,70.75,115339,0.0026927437641723895,,,,
2026-01-06,ROOT,70.95,74.65,70.14,73.49,114239,0.03872791519434626,,,,
2026-01-07,ROOT,73.5,76.15,73.39,75.2,73251,0.02326847190093906,,,,
2026-01-08,ROOT,74.77,77.1,74.26,75.8,94867,0.007978723404255206,,,,
2026-01-09,ROOT,75.5,78.09,75.5,77.32,91294,0.020052770448548696,,,,
2026-01-12,ROOT,75.84,80.11,75.68,79.56,70794,0.028970512157268535,,,,
2026-01-13,ROOT,79.58,80.03,73.96,74.21,147322,-0.06724484665661146,,,,
2026-01-14,ROOT,74.4,74.83,72.34,73.0,94076,-0.016305080177873466,,,,
2026-01-15,ROOT,73.1,73.58,71.6,72.11,55012,-0.012191780821917853,,,,
2026-01-16,ROOT,72.25,72.89,70.09,70.5,76396,-0.022327000416031084,,,,
2026-01-20,ROOT,69.21,70.09,68.11,68.41,68744,-0.02964539007092204,,,,
2026-01-21,ROOT,68.9,70.6,66.13,68.01,74580,-0.005847098377430027,,,,
2026-01-22,ROOT,68.65,71.68,68.33,69.89,71969,0.027642993677400307,,,,
2026-01-23,ROOT,69.5,70.98,68.0,68.83,81482,-0.015166690513664371,,,,
2026-01-26,ROOT,69.8,70.86,68.95,69.0,56519,0.0024698532616591606,,,,
2026-01-27,ROOT,69.71,69.96,67.8,69.85,62382,0.01231884057971011,,,,
2026-01-28,ROOT,69.75,69.75,65.2,65.73,166080,-0.05898353614889029,,,,
2026-01-29,ROOT,65.8,66.11,62.45,63.3,199385,-0.036969420356001925,,,,
2026-01-30,ROOT,63.29,63.99,60.1,62.2,170192,-0.017377567140600236,,,,
2026-02-02,ROOT,61.5,65.7,61.29,64.07,112248,0.03006430868167187,,,,
2026-02-03,ROOT,63.84,65.59,61.04,61.04,73666,-0.04729202434836888,,,,
2026-02-04,ROOT,62.48,62.48,59.28,60.56,84680,-0.007863695937090354,,,,
2026-02-05,ROOT,61.21,61.21,56.1,56.5,115555,-0.06704095112285335,,,,
2026-02-06,ROOT,58.0,62.78,56.0,62.25,176135,0.10176991150442483,,,,
2026-02-09,ROOT,61.64,62.82,58.8,59.79,134085,-0.0395180722891566,,,,
2026-02-10,ROOT,59.0,60.47,58.58,59.13,88369,-0.011038635223281412,,,,
2026-02-11,ROOT,59.5,59.62,55.72,58.73,103095,-0.0067647556232032224,,,,
2026-02-12,ROOT,58.73,60.07,57.0,59.75,136010,0.017367614507066254,,,,
2026-02-13,ROOT,59.88,60.99,57.91,57.91,109550,-0.03079497907949802,,,,
2026-02-17,ROOT,58.14,62.22,58.14,61.67,105613,0.0649283370747713,,,,
2026-02-18,ROOT,61.65,63.31,60.85,62.88,104715,0.01962056105075405,,,,
2026-02-19,ROOT,62.85,63.21,61.02,61.59,122538,-0.020515267175572505,,,,
2026-02-20,ROOT,61.59,62.59,59.83,60.15,114389,-0.023380418899171973,,,,
2026-02-23,ROOT,60.49,60.49,53.81,54.05,159531,-0.1014131338320865,,,,
2026-02-24,ROOT,54.16,58.33,53.37,58.32,101562,0.07900092506938017,,,,
2026-02-25,ROOT,58.32,70.0,58.0,65.0,201279,0.11454046639231819,,,,
2026-02-26,ROOT,63.88,65.5,54.34,57.9,315003,-0.10923076923076924,,,,
2026-02-27,ROOT,57.54,57.58,51.83,52.04,206299,-0.10120898100172715,,,,
2026-01-02,RPAY,3.66,3.71,3.61,3.62,300739,,,,,
2026-01-05,RPAY,3.61,3.78,3.61,3.66,164323,0.011049723756906049,,,,
2026-01-06,RPAY,3.64,3.67,3.595,3.64,159665,-0.005464480874316946,,,,
2026-01-07,RPAY,3.64,3.78,3.6,3.77,160480,0.03571428571428559,,,,
2026-01-08,RPAY,3.75,3.88,3.72,3.8,145729,0.007957559681697646,,,,
2026-01-09,RPAY,3.8,3.835,3.695,3.8,101279,0.0,,,,
2026-01-12,RPAY,3.77,3.87,3.74,3.81,186326,0.0026315789473685403,,,,
2026-01-13,RPAY,3.81,3.84,3.515,3.57,206767,-0.06299212598425208,,,,
2026-01-14,RPAY,3.54,3.58,3.49,3.57,151189,0.0,,,,
2026-01-15,RPAY,3.58,3.675,3.54,3.6,259704,0.008403361344537785,,,,
2026-01-16,RPAY,3.61,3.62,3.485,3.54,274668,-0.01666666666666672,,,,
2026-01-20,RPAY,3.47,3.52,3.38,3.4,189806,-0.039548022598870136,,,,
2026-01-21,RPAY,3.39,3.56,3.35,3.52,178102,0.03529411764705892,,,,
2026-01-22,RPAY,3.53,3.725,3.53,3.64,246243,0.03409090909090917,,,,
2026-01-23,RPAY,3.63,3.655,3.56,3.58,202300,-0.016483516483516536,,,,
2026-01-26,RPAY,3.59,3.59,3.47,3.47,166905,-0.030726256983240163,,,,
2026-01-27,RPAY,3.47,3.52,3.41,3.5,218858,0.008645533141210304,,,,
2026-01-28,RPAY,3.52,3.56,3.475,3.52,225895,0.005714285714285783,,,,
2026-01-29,RPAY,3.5,3.555,3.42,3.54,179663,0.005681818181818121,,,,
2026-01-30,RPAY,3.52,3.565,3.47,3.49,361218,-0.01412429378531066,,,,
2026-02-02,RPAY,3.5,3.58,3.47,3.49,235840,0.0,,,,
2026-02-03,RPAY,3.47,3.47,3.3,3.37,345529,-0.034383954154727836,,,,
2026-02-04,RPAY,3.38,3.465,3.295,3.44,351056,0.020771513353115667,,,,
2026-02-05,RPAY,3.43,3.48,3.305,3.36,244314,-0.023255813953488413,,,,
2026-02-06,RPAY,3.38,3.415,3.33,3.38,258318,0.005952380952380931,,,,
2026-02-09,RPAY,3.38,3.38,3.245,3.25,302254,-0.038461538461538436,,,,
2026-02-10,RPAY,3.25,3.38,3.23,3.36,205476,0.03384615384615386,,,,
2026-02-11,RPAY,3.39,3.41,3.225,3.28,286596,-0.023809523809523836,,,,
2026-02-12,RPAY,3.29,3.3,3.015,3.05,282521,-0.07012195121951215,,,,
2026-02-13,RPAY,3.0,3.115,2.8,3.03,541866,-0.006557377049180357,,,,
2026-02-17,RPAY,3.03,3.14,2.99,3.05,331994,0.0066006600660066805,,,,
2026-02-18,RPAY,3.1,3.2,3.01,3.16,297693,0.03606557377049202,,,,
2026-02-19,RPAY,3.1,3.175,3.05,3.14,401035,-0.006329113924050667,,,,
2026-02-20,RPAY,3.13,3.285,3.12,3.27,316735,0.0414012738853502,,,,
2026-02-23,RPAY,3.22,3.23,3.035,3.06,276718,-0.06422018348623848,,,,
2026-02-24,RPAY,3.04,3.07,2.88,2.9,500147,-0.05228758169934644,,,,
2026-02-25,RPAY,2.93,3.0,2.84,2.99,240262,0.031034482758620863,,,,
2026-02-26,RPAY,2.97,3.025,2.905,2.95,421258,-0.013377926421404673,,,,
2026-02-27,RPAY,2.91,2.94,2.77,2.78,489060,-0.05762711864406789,,,,
2026-01-02,RSVR,7.58,7.65,7.41,7.48,11891,,,,,
2026-01-05,RSVR,7.45,7.57,7.45,7.45,11061,-0.004010695187165791,,,,
2026-01-06,RSVR,7.42,7.47,7.34,7.38,38850,-0.00939597315436247,,,,
2026-01-07,RSVR,7.39,7.4,7.31,7.35,28640,-0.004065040650406582,,,,
2026-01-08,RSVR,7.34,7.4,7.34,7.36,16599,0.0013605442176871652,,,,
2026-01-09,RSVR,7.39,7.43,7.35,7.38,28491,0.0027173913043476716,,,,
2026-01-12,RSVR,7.35,7.6,7.34,7.5,14936,0.016260162601626105,,,,
2026-01-13,RSVR,7.51,7.53,7.43,7.44,14362,-0.007999999999999896,,,,
2026-01-14,RSVR,7.44,7.49,7.41,7.49,11511,0.006720430107526765,,,,
2026-01-15,RSVR,7.47,7.6,7.47,7.56,14788,0.009345794392523255,,,,
2026-01-16,RSVR,7.54,7.54,7.42,7.49,51446,-0.00925925925925919,,,,
2026-01-20,RSVR,7.42,7.445,7.15,7.26,40834,-0.03070761014686252,,,,
2026-01-21,RSVR,7.43,7.56,7.27,7.51,27350,0.03443526170798905,,,,
2026-01-22,RSVR,7.52,7.63,7.49,7.59,31694,0.010652463382157196,,,,
2026-01-23,RSVR,7.53,7.53,7.43,7.43,17762,-0.021080368906455926,,,,
2026-01-26,RSVR,7.42,7.54,7.42,7.44,16892,0.0013458950201885589,,,,
2026-01-27,RSVR,7.42,7.54,7.38,7.39,22852,-0.006720430107526987,,,,
2026-01-28,RSVR,7.42,7.45,7.31,7.34,31454,-0.006765899864682012,,,,
2026-01-29,RSVR,7.37,7.49,7.29,7.46,21387,0.016348773841961872,,,,
2026-01-30,RSVR,7.41,7.59,7.33,7.55,121458,0.012064343163538771,,,,
2026-02-02,RSVR,7.55,7.6,7.35,7.42,45457,-0.017218543046357615,,,,
2026-02-03,RSVR,7.39,7.51,7.15,7.22,33519,-0.02695417789757415,,,,
2026-02-04,RSVR,7.29,7.63,7.29,7.49,38318,0.037396121883656486,,,,
2026-02-05,RSVR,7.5,7.55,7.43,7.46,24893,-0.004005340453938633,,,,
2026-02-06,RSVR,7.49,7.57,7.47,7.54,24625,0.01072386058981234,,,,
2026-02-09,RSVR,7.54,7.63,7.49,7.59,17706,0.006631299734747964,,,,
2026-02-10,RSVR,7.61,7.79,7.61,7.71,38387,0.015810276679841806,,,,
2026-02-11,RSVR,7.74,7.79,7.68,7.72,11764,0.0012970168612191912,,,,
2026-02-12,RSVR,7.79,7.81,7.5,7.59,19513,-0.016839378238341918,,,,
2026-02-13,RSVR,7.58,7.77,7.58,7.65,8982,0.007905138339921125,,,,
2026-02-17,RSVR,7.66,7.735,7.63,7.71,8613,0.007843137254901933,,,,
2026-02-18,RSVR,7.71,7.79,7.69,7.72,13756,0.0012970168612191912,,,,
2026-02-19,RSVR,7.7,7.745,7.61,7.71,14486,-0.0012953367875647714,,,,
2026-02-20,RSVR,7.69,7.76,7.62,7.64,39191,-0.00907911802853445,,,,
2026-02-23,RSVR,7.6,7.63,7.44,7.48,30871,-0.020942408376963262,,,,
2026-02-24,RSVR,7.5,7.58,7.48,7.49,9641,0.0013368983957218195,,,,
2026-02-25,RSVR,7.53,7.605,7.48,7.58,30726,0.012016021361815676,,,,
2026-02-26,RSVR,7.65,9.11,7.65,8.94,146564,0.17941952506596293,,,,
2026-02-27,RSVR,8.88,9.1,8.86,9.01,83791,0.007829977628635465,,,,
2026-01-02,RYAN,51.94,51.94,50.47,50.59,127919,,,,,
2026-01-05,RYAN,50.61,53.06,50.24,52.91,108983,0.04585886538841644,,,,
2026-01-06,RYAN,52.92,53.5,52.01,52.965,114554,0.0010395010395012338,,,,
2026-01-07,RYAN,52.545,52.825,50.28,50.29,110041,-0.05050505050505061,,,,
2026-01-08,RYAN,50.22,51.41,50.13,50.28,115662,-0.00019884668920255866,,,,
2026-01-09,RYAN,50.71,51.57,50.3,50.8,76537,0.0103420843277644,,,,
2026-01-12,RYAN,50.86,51.17,50.38,50.76,65311,-0.0007874015748031704,,,,
2026-01-13,RYAN,50.75,50.99,49.99,50.47,165057,-0.005713159968479098,,,,
2026-01-14,RYAN,52.11,52.54,49.88,50.17,156084,-0.0059441252229046615,,,,
2026-01-15,RYAN,50.16,51.0,50.0,50.75,93316,0.01156069364161838,,,,
2026-01-16,RYAN,50.55,51.56,50.55,51.46,68206,0.013990147783251139,,,,
2026-01-20,RYAN,51.53,53.18,51.47,52.08,205903,0.012048192771084265,,,,
2026-01-21,RYAN,52.16,52.63,48.955,50.14,228777,-0.037250384024577476,,,,
2026-01-22,RYAN,49.91,50.47,49.61,50.38,78808,0.004786597526924563,,,,
2026-01-23,RYAN,49.95,50.7,49.95,49.99,98595,-0.007741167129813431,,,,
2026-01-26,RYAN,50.54,50.78,49.89,50.21,101792,0.004400880176035127,,,,
2026-01-27,RYAN,49.23,49.23,46.18,46.5,318445,-0.07388966341366265,,,,
2026-01-28,RYAN,46.57,48.265,46.2,47.56,194383,0.022795698924731322,,,,
2026-01-29,RYAN,47.825,48.12,46.67,47.2,119781,-0.007569386038687953,,,,
2026-01-30,RYAN,47.025,48.51,46.66,47.16,228313,-0.0008474576271187972,,,,
2026-02-02,RYAN,48.57,49.34,47.41,47.47,179202,0.0065733672603902615,,,,
2026-02-03,RYAN,47.46,47.9,46.29,47.4,109974,-0.0014746155466610622,,,,
2026-02-04,RYAN,47.35,48.21,46.71,47.9,179590,0.010548523206751037,,,,
2026-02-05,RYAN,48.47,48.535,46.935,47.0,135051,-0.018789144050104345,,,,
2026-02-06,RYAN,47.385,48.145,47.29,47.505,121668,0.010744680851063837,,,,
2026-02-09,RYAN,47.5,48.24,43.08,43.78,228077,-0.0784127986527734,,,,
2026-02-10,RYAN,44.1,46.19,44.0,44.86,347813,0.024668798538145298,,,,
2026-02-11,RYAN,44.795,44.93,42.78,43.0,446123,-0.04146232724030319,,,,
2026-02-12,RYAN,43.29,44.8,40.0,40.07,443234,-0.06813953488372093,,,,
2026-02-13,RYAN,39.87,40.25,37.29,38.39,845459,-0.04192662840029948,,,,
2026-02-17,RYAN,38.98,40.2,38.01,39.69,505491,0.033862985152383285,,,,
2026-02-18,RYAN,39.94,40.665,39.54,40.36,412471,0.016880826404636062,,,,
2026-02-19,RYAN,40.575,42.17,40.49,41.31,289842,0.023538156590683812,,,,
2026-02-20,RYAN,41.89,41.89,40.75,41.31,154688,0.0,,,,
2026-02-23,RYAN,41.2,41.75,38.82,39.01,309020,-0.05567659162430416,,,,
2026-02-24,RYAN,38.92,39.13,38.02,39.13,281015,0.0030761343245322426,,,,
2026-02-25,RYAN,39.25,39.25,36.89,37.96,366330,-0.029900332225913706,,,,
2026-02-26,RYAN,38.085,39.63,37.88,39.21,389405,0.03292939936775552,,,,
2026-02-27,RYAN,39.0,39.62,38.49,39.34,242039,0.0033154807447079992,,,,
2026-01-02,SACH,1.035,1.06,1.03,1.05,4140,,,,,
2026-01-05,SACH,1.055,1.065,1.045,1.065,6864,0.014285714285714235,,,,
2026-01-06,SACH,1.045,1.045,1.025,1.03,6050,-0.032863849765258135,,,,
2026-01-07,SACH,1.04,1.04,1.02,1.03,2918,0.0,,,,
2026-01-08,SACH,1.045,1.045,1.03,1.03,10259,0.0,,,,
2026-01-09,SACH,1.035,1.04,1.035,1.04,2425,0.009708737864077666,,,,
2026-01-12,SACH,1.05,1.05,1.03,1.04,4819,0.0,,,,
2026-01-13,SACH,1.05,1.05,1.035,1.045,2310,0.004807692307692291,,,,
2026-01-14,SACH,1.05,1.065,1.05,1.065,4219,0.019138755980861344,,,,
2026-01-15,SACH,1.08,1.085,1.065,1.07,2384,0.0046948356807512415,,,,
2026-01-16,SACH,1.08,1.08,1.06,1.065,3966,-0.004672897196261738,,,,
2026-01-20,SACH,1.065,1.065,1.05,1.05,9450,-0.014084507042253391,,,,
2026-01-21,SACH,1.07,1.075,1.05,1.06,19230,0.00952380952380949,,,,
2026-01-22,SACH,1.05,1.06,1.05,1.06,4699,0.0,,,,
2026-01-23,SACH,1.06,1.06,1.05,1.055,5310,-0.004716981132075526,,,,
2026-01-26,SACH,1.055,1.06,1.055,1.055,2084,0.0,,,,
2026-01-27,SACH,1.055,1.06,1.05,1.05,3483,-0.004739336492890933,,,,
2026-01-28,SACH,1.06,1.065,1.055,1.06,2636,0.00952380952380949,,,,
2026-01-29,SACH,1.055,1.055,1.04,1.04,1978,-0.018867924528301883,,,,
2026-01-30,SACH,1.045,1.045,1.04,1.045,3776,0.004807692307692291,,,,
2026-02-02,SACH,1.04,1.05,1.035,1.045,1466,0.0,,,,
2026-02-03,SACH,1.04,1.04,1.02,1.04,4408,-0.004784688995215225,,,,
2026-02-04,SACH,1.03,1.04,1.025,1.025,2549,-0.014423076923077094,,,,
2026-02-05,SACH,1.03,1.04,1.01,1.02,4058,-0.004878048780487698,,,,
2026-02-06,SACH,1.03,1.06,1.01,1.02,56001,0.0,,,,
2026-02-09,SACH,1.015,1.065,1.01,1.04,6936,0.019607843137254832,,,,
2026-02-10,SACH,1.05,1.05,1.03,1.03,770,-0.009615384615384581,,,,
2026-02-11,SACH,1.04,1.04,1.03,1.04,5618,0.009708737864077666,,,,
2026-02-12,SACH,1.04,1.04,0.9963,1.0,8247,-0.03846153846153855,,,,
2026-02-13,SACH,1.03,1.03,1.01,1.01,2460,0.010000000000000009,,,,
2026-02-17,SACH,1.02,1.03,1.01,1.01,1376,0.0,,,,
2026-02-18,SACH,1.02,1.025,1.02,1.02,2193,0.00990099009900991,,,,
2026-02-19,SACH,1.015,1.02,1.01,1.02,3054,0.0,,,,
2026-02-20,SACH,1.01,1.015,1.005,1.01,2546,-0.009803921568627416,,,,
2026-02-23,SACH,1.02,1.02,1.01,1.01,1951,0.0,,,,
2026-02-24,SACH,1.015,1.02,1.01,1.01,1276,0.0,,,,
2026-02-25,SACH,1.01,1.02,1.01,1.01,1408,0.0,,,,
2026-02-26,SACH,1.02,1.025,1.015,1.025,1595,0.014851485148514865,,,,
2026-02-27,SACH,1.02,1.03,1.02,1.025,1257,0.0,,,,
2026-01-02,SAN,11.9,12.085,11.83,12.08,518182,,,,,
2026-01-05,SAN,12.02,12.115,11.83,12.095,378960,0.0012417218543046005,,,,
2026-01-06,SAN,12.12,12.125,11.895,11.945,927020,-0.012401818933443609,,,,
2026-01-07,SAN,11.89,11.91,11.765,11.79,433581,-0.01297614064462127,,,,
2026-01-08,SAN,11.9,11.925,11.84,11.925,390076,0.011450381679389388,,,,
2026-01-09,SAN,11.92,11.925,11.795,11.88,338566,-0.0037735849056603765,,,,
2026-01-12,SAN,11.72,12.135,11.72,12.135,455751,0.02146464646464641,,,,
2026-01-13,SAN,12.22,12.285,12.09,12.195,665079,0.0049443757725586845,,,,
2026-01-14,SAN,12.15,12.3,12.15,12.235,721541,0.003280032800327959,,,,
2026-01-15,SAN,12.25,12.32,12.115,12.12,477464,-0.009399264405394403,,,,
2026-01-16,SAN,12.15,12.28,12.075,12.28,405742,0.013201320132013139,,,,
2026-01-20,SAN,12.12,12.14,11.905,12.0,672907,-0.02280130293159599,,,,
2026-01-21,SAN,12.0,12.24,11.85,12.18,486020,0.014999999999999902,,,,
2026-01-22,SAN,12.18,12.475,12.18,12.42,441874,0.019704433497536922,,,,
2026-01-23,SAN,12.36,12.41,12.24,12.37,421205,-0.004025764895330131,,,,
2026-01-26,SAN,12.51,12.68,12.51,12.68,383034,0.025060630557801167,,,,
2026-01-27,SAN,12.67,13.05,12.67,13.02,466335,0.02681388012618302,,,,
2026-01-28,SAN,12.71,12.76,12.57,12.7,576789,-0.02457757296466978,,,,
2026-01-29,SAN,12.65,12.93,12.595,12.81,603008,0.008661417322834764,,,,
2026-01-30,SAN,12.81,12.9,12.67,12.745,639563,-0.0050741608118658466,,,,
2026-02-02,SAN,12.73,13.08,12.7,13.08,458228,0.026284817575519925,,,,
2026-02-03,SAN,13.18,13.2,11.82,12.29,8169138,-0.060397553516819635,,,,
2026-02-04,SAN,12.67,12.83,12.215,12.57,11966275,0.022782750203417468,,,,
2026-02-05,SAN,12.47,12.59,12.125,12.215,5460467,-0.02824184566428012,,,,
2026-02-06,SAN,12.3,12.715,12.3,12.7,3411197,0.0397052803929594,,,,
2026-02-09,SAN,12.81,12.855,12.68,12.79,2440696,0.007086614173228423,,,,
2026-02-10,SAN,13.07,13.11,12.6,12.715,2574079,-0.005863956215793498,,,,
2026-02-11,SAN,12.55,12.665,12.175,12.25,3229218,-0.03657097915847418,,,,
2026-02-12,SAN,12.54,12.56,11.94,12.1,3474577,-0.01224489795918371,,,,
2026-02-13,SAN,12.11,12.19,11.74,11.86,3544772,-0.01983471074380172,,,,
2026-02-17,SAN,12.15,12.32,12.11,12.24,2286818,0.03204047217537953,,,,
2026-02-18,SAN,12.61,12.665,12.465,12.54,2137447,0.02450980392156854,,,,
2026-02-19,SAN,12.57,12.63,12.3,12.44,1874795,-0.00797448165869219,,,,
2026-02-20,SAN,12.5,12.78,12.47,12.74,2241884,0.02411575562700974,,,,
2026-02-23,SAN,12.9,13.19,12.63,12.83,4067055,0.00706436420722123,,,,
2026-02-24,SAN,12.45,12.63,12.37,12.46,3416695,-0.02883865939204977,,,,
2026-02-25,SAN,12.78,13.235,12.74,13.17,2958571,0.056982343499197396,,,,
2026-02-26,SAN,13.03,13.13,12.815,12.94,2487710,-0.0174639331814731,,,,
2026-02-27,SAN,12.96,12.96,12.275,12.47,4583336,-0.03632148377125188,,,,
2026-01-02,SBGI,15.3,15.42,15.065,15.14,109973,,,,,
2026-01-05,SBGI,15.22,15.34,14.96,15.25,102876,0.007265521796565366,,,,
2026-01-06,SBGI,15.24,15.32,15.04,15.09,122225,-0.010491803278688483,,,,
2026-01-07,SBGI,15.02,15.1,14.48,14.66,139097,-0.028495692511597115,,,,
2026-01-08,SBGI,14.62,15.32,14.6,15.14,119035,0.032742155525238736,,,,
2026-01-09,SBGI,15.14,15.32,14.74,14.88,128594,-0.017173051519154492,,,,
2026-01-12,SBGI,14.81,15.06,14.78,15.05,113323,0.011424731182795744,,,,
2026-01-13,SBGI,15.16,15.18,14.9,15.0,113410,-0.0033222591362126463,,,,
2026-01-14,SBGI,14.99,15.045,14.8,15.04,118667,0.002666666666666595,,,,
2026-01-15,SBGI,15.04,15.39,14.88,14.88,106586,-0.010638297872340274,,,,
2026-01-16,SBGI,15.06,15.32,15.06,15.25,115907,0.024865591397849496,,,,
2026-01-20,SBGI,15.09,15.43,15.03,15.21,143868,-0.0026229508196721207,,,,
2026-01-21,SBGI,15.22,15.345,15.075,15.25,111714,0.002629848783694877,,,,
2026-01-22,SBGI,15.35,15.7,15.21,15.56,109027,0.020327868852459074,,,,
2026-01-23,SBGI,15.41,15.44,14.76,15.05,202964,-0.032776349614395905,,,,
2026-01-26,SBGI,14.91,15.33,14.83,15.24,114465,0.012624584717607856,,,,
2026-01-27,SBGI,15.15,15.15,14.78,14.8,127523,-0.02887139107611547,,,,
2026-01-28,SBGI,14.81,14.82,14.18,14.22,126885,-0.03918918918918923,,,,
2026-01-29,SBGI,14.33,14.36,14.045,14.29,130220,0.004922644163150469,,,,
2026-01-30,SBGI,14.3,14.53,14.06,14.51,136167,0.015395381385584272,,,,
2026-02-02,SBGI,14.41,14.71,14.34,14.48,126903,-0.002067539627842785,,,,
2026-02-03,SBGI,14.42,14.42,13.51,13.69,136901,-0.0545580110497238,,,,
2026-02-04,SBGI,13.6,13.96,13.47,13.75,200699,0.0043827611395179655,,,,
2026-02-05,SBGI,13.78,13.78,13.395,13.7,180120,-0.0036363636363636598,,,,
2026-02-06,SBGI,13.7,13.85,13.53,13.69,127722,-0.0007299270072992359,,,,
2026-02-09,SBGI,13.51,14.9,13.51,14.62,223096,0.06793279766252747,,,,
2026-02-10,SBGI,14.75,15.28,14.735,15.24,116010,0.04240766073871427,,,,
2026-02-11,SBGI,15.24,15.3,14.855,15.08,124445,-0.01049868766404205,,,,
2026-02-12,SBGI,15.2,15.295,14.39,14.61,173515,-0.031167108753315742,,,,
2026-02-13,SBGI,14.71,15.11,14.59,14.96,103821,0.023956194387406038,,,,
2026-02-17,SBGI,14.96,15.13,14.65,14.95,101785,-0.0006684491978610207,,,,
2026-02-18,SBGI,15.32,15.32,14.88,15.04,149034,0.006020066889632192,,,,
2026-02-19,SBGI,14.91,15.07,14.43,14.55,134100,-0.03257978723404242,,,,
2026-02-20,SBGI,14.52,14.65,14.31,14.6,100455,0.0034364261168384758,,,,
2026-02-23,SBGI,14.58,14.62,13.97,14.12,114979,-0.0328767123287671,,,,
2026-02-24,SBGI,14.12,14.32,13.86,13.86,110306,-0.018413597733710985,,,,
2026-02-25,SBGI,13.93,14.0,13.39,13.86,257743,0.0,,,,
2026-02-26,SBGI,13.84,17.1,13.84,16.5,410423,0.19047619047619047,,,,
2026-02-27,SBGI,16.35,16.38,15.53,16.25,323057,-0.015151515151515138,,,,
2026-01-02,SEM,15.09,15.09,14.73,14.83,81167,,,,,
2026-01-05,SEM,14.72,15.18,14.72,15.14,62807,0.02090357383681729,,,,
2026-01-06,SEM,15.07,15.465,15.07,15.365,105195,0.014861294583883744,,,,
2026-01-07,SEM,15.48,15.48,15.09,15.2,60862,-0.010738691832085978,,,,
2026-01-08,SEM,15.28,15.33,15.08,15.265,56833,0.00427631578947385,,,,
2026-01-09,SEM,15.31,15.33,15.13,15.225,36746,-0.0026203734032099746,,,,
2026-01-12,SEM,15.135,15.205,14.95,15.15,47751,-0.0049261083743842304,,,,
2026-01-13,SEM,15.09,15.15,14.91,14.91,63257,-0.015841584158415856,,,,
2026-01-14,SEM,14.99,15.1,14.76,15.08,56415,0.011401743796110031,,,,
2026-01-15,SEM,15.01,15.47,15.01,15.41,60035,0.021883289124668526,,,,
2026-01-16,SEM,15.38,15.42,15.08,15.365,47818,-0.0029201817001947017,,,,
2026-01-20,SEM,15.19,15.32,15.045,15.2,43991,-0.010738691832085978,,,,
2026-01-21,SEM,15.305,15.43,15.21,15.335,58252,0.008881578947368629,,,,
2026-01-22,SEM,15.26,15.47,15.21,15.29,59407,-0.002934463645256069,,,,
2026-01-23,SEM,15.15,15.3,15.1,15.16,61763,-0.008502289077828573,,,,
2026-01-26,SEM,15.15,15.29,15.12,15.16,34433,0.0,,,,
2026-01-27,SEM,15.08,15.18,14.83,14.955,72082,-0.013522427440633256,,,,
2026-01-28,SEM,14.97,15.0,14.75,14.76,72768,-0.013039117352056206,,,,
2026-01-29,SEM,14.8,15.04,14.78,15.01,65212,0.01693766937669383,,,,
2026-01-30,SEM,15.05,15.06,14.79,15.06,56704,0.0033311125916055673,,,,
2026-02-02,SEM,15.095,15.235,15.02,15.08,73678,0.0013280212483399723,,,,
2026-02-03,SEM,15.09,15.42,14.97,15.07,53892,-0.0006631299734748408,,,,
2026-02-04,SEM,15.16,15.48,15.16,15.295,98615,0.014930325149303147,,,,
2026-02-05,SEM,15.375,15.58,15.33,15.48,184903,0.012095456031382845,,,,
2026-02-06,SEM,15.31,15.73,15.07,15.69,55894,0.013565891472868241,,,,
2026-02-09,SEM,15.69,15.7,15.54,15.64,46770,-0.0031867431485022024,,,,
2026-02-10,SEM,15.76,15.92,15.65,15.89,45744,0.015984654731457715,,,,
2026-02-11,SEM,15.87,16.41,15.87,16.235,149668,0.021711768407803644,,,,
2026-02-12,SEM,16.16,16.43,16.12,16.295,108519,0.003695719125346608,,,,
2026-02-13,SEM,16.2,16.515,16.2,16.39,120605,0.005830009205277653,,,,
2026-02-17,SEM,16.26,16.56,16.26,16.38,102792,-0.0006101281269067504,,,,
2026-02-18,SEM,16.31,16.52,16.255,16.31,99140,-0.004273504273504258,,,,
2026-02-19,SEM,16.23,16.32,15.75,15.75,203036,-0.03433476394849777,,,,
2026-02-20,SEM,15.33,15.36,14.53,15.03,402855,-0.04571428571428571,,,,
2026-02-23,SEM,15.07,15.26,14.68,14.79,152429,-0.015968063872255467,,,,
2026-02-24,SEM,14.9,14.9,14.71,14.815,67707,0.0016903313049358992,,,,
2026-02-25,SEM,14.94,15.035,14.81,14.89,66191,0.005062436719541097,,,,
2026-02-26,SEM,14.81,15.085,14.81,14.91,87435,0.001343183344526544,,,,
2026-02-27,SEM,14.83,15.08,14.83,14.96,60796,0.0033534540576793948,,,,
2026-01-02,SGI,89.47,90.5,88.44,89.1,135504,,,,,
2026-01-05,SGI,89.19,89.705,88.05,89.68,152944,0.006509539842873391,,,,
2026-01-06,SGI,89.3,91.41,89.0,90.77,94716,0.01215432649420145,,,,
2026-01-07,SGI,91.5,91.6,88.31,89.02,115915,-0.01927949763137604,,,,
2026-01-08,SGI,89.29,93.16,88.0,93.16,115658,0.04650640305549314,,,,
2026-01-09,SGI,93.2,93.98,92.35,93.79,144770,0.006762559038213878,,,,
2026-01-12,SGI,93.79,93.79,92.01,92.57,142397,-0.013007783345772572,,,,
2026-01-13,SGI,92.04,93.88,92.0,93.62,71581,0.011342767635303064,,,,
2026-01-14,SGI,93.81,94.17,91.37,91.61,104211,-0.02146977141636408,,,,
2026-01-15,SGI,92.06,93.7,92.03,93.08,99507,0.01604628315686063,,,,
2026-01-16,SGI,92.62,94.5,92.4,94.01,127184,0.009991405242802065,,,,
2026-01-20,SGI,93.06,93.55,91.27,92.66,130936,-0.014360174449526752,,,,
2026-01-21,SGI,92.6,95.83,92.6,95.81,247585,0.03399525145693949,,,,
2026-01-22,SGI,95.6,96.75,93.87,94.68,122291,-0.011794175973280363,,,,
2026-01-23,SGI,94.69,94.79,91.59,92.67,112602,-0.021229404309252242,,,,
2026-01-26,SGI,92.95,93.9,92.07,92.69,94521,0.00021581957483540748,,,,
2026-01-27,SGI,93.3,93.81,90.16,90.7,101709,-0.02146941417628645,,,,
2026-01-28,SGI,91.57,91.6,88.81,89.74,173773,-0.010584343991179801,,,,
2026-01-29,SGI,89.75,90.12,88.16,88.9,165241,-0.009360374414976502,,,,
2026-01-30,SGI,91.02,91.02,87.57,87.85,95855,-0.011811023622047334,,,,
2026-02-02,SGI,87.08,91.655,87.08,91.42,134228,0.040637450199203284,,,,
2026-02-03,SGI,91.28,94.45,90.69,92.77,162234,0.014767009407131937,,,,
2026-02-04,SGI,93.68,95.36,92.9,94.79,225846,0.021774280478603192,,,,
2026-02-05,SGI,95.14,96.03,94.2,94.88,326247,0.0009494672433800755,,,,
2026-02-06,SGI,95.7,96.66,94.66,96.35,467367,0.01549325463743667,,,,
2026-02-09,SGI,96.5,97.01,95.36,96.99,226864,0.006642449403217343,,,,
2026-02-10,SGI,97.77,98.41,95.46,97.98,203316,0.010207237859573226,,,,
2026-02-11,SGI,97.71,98.24,95.4,97.115,180661,-0.008828332312716958,,,,
2026-02-12,SGI,97.49,98.5,91.72,92.45,276097,-0.04803583380528231,,,,
2026-02-13,SGI,91.1,96.81,91.1,96.01,275545,0.03850730124391566,,,,
2026-02-17,SGI,95.09,95.09,85.69,88.8,642771,-0.07509634413081978,,,,
2026-02-18,SGI,86.53,92.24,86.53,90.12,431835,0.014864864864865046,,,,
2026-02-19,SGI,90.29,90.53,88.33,89.44,218023,-0.007545494895694671,,,,
2026-02-20,SGI,88.11,91.27,88.11,91.17,132573,0.01934257602862255,,,,
2026-02-23,SGI,91.7,91.7,85.88,87.05,173174,-0.0451903038280137,,,,
2026-02-24,SGI,86.95,89.05,86.58,88.64,128746,0.01826536473291207,,,,
2026-02-25,SGI,89.62,89.62,86.51,86.71,118808,-0.021773465703971207,,,,
2026-02-26,SGI,86.73,91.15,86.73,91.105,171449,0.050686195363856656,,,,
2026-02-27,SGI,90.39,90.61,87.79,89.57,143508,-0.016848691070742716,,,,
2026-01-02,SILA,23.25,23.53,23.1,23.53,18951,,,,,
2026-01-05,SILA,23.35,23.7,23.28,23.32,46620,-0.008924776880578023,,,,
2026-01-06,SILA,23.19,23.4,23.17,23.24,48516,-0.0034305317324185847,,,,
2026-01-07,SILA,23.345,23.51,22.84,23.035,30028,-0.00882099827882954,,,,
2026-01-08,SILA,23.05,23.615,23.02,23.505,30757,0.020403733449099182,,,,
2026-01-09,SILA,23.475,23.545,23.19,23.305,34386,-0.008508827908955463,,,,
2026-01-12,SILA,23.43,23.76,23.34,23.76,13266,0.019523707358935827,,,,
2026-01-13,SILA,23.82,24.0,23.35,23.95,24274,0.007996632996633002,,,,
2026-01-14,SILA,23.9,24.28,23.88,24.23,23790,0.011691022964509523,,,,
2026-01-15,SILA,24.06,24.37,24.06,24.09,12106,-0.005777961205117643,,,,
2026-01-16,SILA,24.07,24.27,23.91,23.97,24464,-0.00498132004981322,,,,
2026-01-20,SILA,23.84,24.11,23.58,23.93,36997,-0.0016687526074259385,,,,
2026-01-21,SILA,23.985,24.25,23.53,24.25,30317,0.013372335979941585,,,,
2026-01-22,SILA,24.3,24.37,23.94,23.95,10616,-0.012371134020618624,,,,
2026-01-23,SILA,23.85,24.02,23.71,23.85,23218,-0.0041753653444676075,,,,
2026-01-26,SILA,23.94,24.01,23.66,23.92,18730,0.002935010482180367,,,,
2026-01-27,SILA,23.9,24.51,23.84,24.49,25133,0.02382943143812688,,,,
2026-01-28,SILA,24.5,24.54,23.97,24.07,20217,-0.01714985708452421,,,,
2026-01-29,SILA,23.95,24.44,23.8,24.39,48555,0.01329455754050679,,,,
2026-01-30,SILA,24.2,24.5,24.2,24.37,36621,-0.0008200082000819897,,,,
2026-02-02,SILA,24.31,24.45,24.12,24.19,29990,-0.007386130488305276,,,,
2026-02-03,SILA,24.145,24.375,23.81,24.37,26634,0.00744109136006621,,,,
2026-02-04,SILA,24.49,24.64,24.315,24.45,24829,0.003282724661468839,,,,
2026-02-05,SILA,24.58,25.1,24.47,24.85,32531,0.01635991820040905,,,,
2026-02-06,SILA,25.07,25.14,24.94,25.07,16512,0.008853118712273567,,,,
2026-02-09,SILA,25.0,25.23,24.68,25.145,29922,0.0029916234543279074,,,,
2026-02-10,SILA,25.21,25.805,25.12,25.58,20703,0.017299661960628265,,,,
2026-02-11,SILA,25.67,25.67,25.36,25.59,26034,0.0003909304143863146,,,,
2026-02-12,SILA,25.77,25.94,25.44,25.48,16471,-0.00429855412270419,,,,
2026-02-13,SILA,25.41,25.95,25.41,25.645,27456,0.0064756671899528495,,,,
2026-02-17,SILA,25.765,26.245,25.66,26.22,27010,0.022421524663677195,,,,
2026-02-18,SILA,26.04,26.07,25.15,25.4,35428,-0.03127383676582762,,,,
2026-02-19,SILA,25.2,25.455,24.94,25.05,35751,-0.013779527559054983,,,,
2026-02-20,SILA,25.23,25.59,25.0,25.37,34394,0.012774451097804507,,,,
2026-02-23,SILA,25.595,25.98,25.565,25.77,27211,0.01576665352778872,,,,
2026-02-24,SILA,25.48,25.71,25.22,25.22,30517,-0.02134264648816453,,,,
2026-02-25,SILA,25.6,26.4,25.47,26.37,29725,0.045598731165741535,,,,
2026-02-26,SILA,26.5,26.63,26.01,26.04,21189,-0.012514220705347023,,,,
2026-02-27,SILA,26.07,26.34,25.64,25.75,25602,-0.011136712749615918,,,,
2026-01-02,SIMA,10.57,10.57,10.57,10.57,665,,,,,
2026-01-05,SIMA,10.56,10.56,10.56,10.56,50,-0.0009460737937558861,,,,
2026-01-07,SIMA,10.56,10.62,10.56,10.62,18732,0.005681818181818121,,,,
2026-01-08,SIMA,10.66,10.66,10.61,10.61,2,-0.0009416195856873921,,,,
2026-01-09,SIMA,10.66,10.66,10.6,10.6,61910,-0.0009425070688029447,,,,
2026-01-12,SIMA,10.66,10.66,10.58,10.58,104,-0.0018867924528301883,,,,
2026-01-13,SIMA,10.62,10.62,10.62,10.62,1000,0.003780718336483746,,,,
2026-01-14,SIMA,10.62,10.62,10.62,10.62,38,0.0,,,,
2026-01-15,SIMA,10.62,10.62,10.62,10.62,3,0.0,,,,
2026-01-16,SIMA,10.58,10.58,10.58,10.58,4,-0.0037664783427494575,,,,
2026-01-20,SIMA,10.59,10.62,10.59,10.62,101429,0.003780718336483746,,,,
2026-01-21,SIMA,10.62,10.62,10.6,10.61,1628,-0.0009416195856873921,,,,
2026-01-22,SIMA,10.66,10.66,10.6,10.6,4892,-0.0009425070688029447,,,,
2026-01-23,SIMA,10.69,10.69,10.68,10.68,2,0.007547169811320753,,,,
2026-01-26,SIMA,10.69,10.69,10.68,10.68,61,0.0,,,,
2026-01-27,SIMA,10.69,10.69,10.61,10.61,26,-0.0065543071161049404,,,,
2026-01-29,SIMA,10.67,10.67,10.6,10.63,423,0.0018850141376061114,,,,
2026-01-30,SIMA,10.6,10.61,10.6,10.61,258,-0.0018814675446849893,,,,
2026-02-02,SIMA,10.6,10.67,10.6,10.67,1577,0.005655042412818112,,,,
2026-02-03,SIMA,10.67,10.68,10.67,10.68,54,0.0009372071227740086,,,,
2026-02-04,SIMA,10.7,10.7,10.68,10.68,42,0.0,,,,
2026-02-05,SIMA,10.65,10.65,10.65,10.65,100,-0.002808988764044895,,,,
2026-02-06,SIMA,10.61,10.73,10.61,10.62,513,-0.0028169014084508115,,,,
2026-02-09,SIMA,10.74,10.75,10.74,10.75,756,0.012241054613935987,,,,
2026-02-10,SIMA,10.74,10.74,10.65,10.67,5970,-0.007441860465116301,,,,
2026-02-11,SIMA,10.78,10.78,10.67,10.67,6764,0.0,,,,
2026-02-12,SIMA,10.78,10.78,10.66,10.66,42,-0.0009372071227741197,,,,
2026-02-13,SIMA,10.69,10.7,10.68,10.68,41,0.0018761726078799779,,,,
2026-02-17,SIMA,10.77,10.77,10.7,10.7,1029,0.001872659176029856,,,,
2026-02-18,SIMA,10.69,10.69,10.69,10.69,1,-0.0009345794392523477,,,,
2026-02-19,SIMA,10.7,10.7,10.7,10.7,27,0.00093545369504211,,,,
2026-02-20,SIMA,10.69,10.69,10.69,10.69,23,-0.0009345794392523477,,,,
2026-02-23,SIMA,10.7,10.71,10.65,10.71,859,0.00187090739008422,,,,
2026-02-24,SIMA,10.67,10.67,10.67,10.67,4,-0.0037348272642391267,,,,
2026-02-25,SIMA,10.72,10.72,10.67,10.72,2845,0.004686035613870709,,,,
2026-02-26,SIMA,10.77,10.77,10.73,10.73,119,0.000932835820895539,,,,
2026-02-27,SIMA,10.77,10.77,10.7,10.7,101,-0.002795899347623587,,,,
2026-01-02,SKYT,18.9,23.8,18.7,22.4,1077915,,,,,
2026-01-05,SKYT,24.25,25.97,22.81,25.61,1369702,0.14330357142857153,,,,
2026-01-06,SKYT,25.75,28.73,24.6,28.3,1074582,0.10503709488481072,,,,
2026-01-07,SKYT,28.28,29.0,26.33,28.96,872877,0.023321554770318054,,,,
2026-01-08,SKYT,28.39,29.85,26.41,26.84,929686,-0.07320441988950277,,,,
2026-01-09,SKYT,27.29,29.94,27.29,29.69,521527,0.10618479880774978,,,,
2026-01-12,SKYT,29.08,30.4,27.76,30.26,596997,0.019198383294038335,,,,
2026-01-13,SKYT,30.23,31.3,28.445,29.2,525172,-0.03502974223397226,,,,
2026-01-14,SKYT,29.15,30.93,27.04,30.56,627917,0.046575342465753344,,,,
2026-01-15,SKYT,30.65,34.96,30.65,32.2,850626,0.053664921465968796,,,,
2026-01-16,SKYT,33.0,34.4,32.0,33.33,543276,0.035093167701863104,,,,
2026-01-20,SKYT,31.5,36.24,30.45,34.9,815359,0.04710471047104714,,,,
2026-01-21,SKYT,35.5,36.0,31.43,34.02,854230,-0.02521489971346691,,,,
2026-01-22,SKYT,34.56,35.37,31.93,33.08,672317,-0.027630805408583314,,,,
2026-01-23,SKYT,32.82,33.06,29.81,31.18,793189,-0.05743651753325263,,,,
2026-01-26,SKYT,31.82,34.61,31.31,31.6,4208488,0.01347017318794097,,,,
2026-01-27,SKYT,31.2,33.95,30.8,33.39,1691014,0.056645569620253244,,,,
2026-01-28,SKYT,33.3,34.08,32.85,34.08,1449134,0.020664869721473522,,,,
2026-01-29,SKYT,33.45,33.88,32.22,32.87,947731,-0.03550469483568075,,,,
2026-01-30,SKYT,32.3,32.96,31.34,31.61,721426,-0.038332826285366495,,,,
2026-02-02,SKYT,31.1,32.26,30.81,31.62,481837,0.00031635558367604233,,,,
2026-02-03,SKYT,31.63,31.98,30.55,31.6,694428,-0.0006325110689436864,,,,
2026-02-04,SKYT,31.68,31.69,29.2,30.26,924515,-0.042405063291139244,,,,
2026-02-05,SKYT,30.05,30.05,27.02,27.02,912933,-0.10707204230006617,,,,
2026-02-06,SKYT,27.4,30.55,27.4,30.26,852138,0.11991117690599573,,,,
2026-02-09,SKYT,30.64,30.87,29.17,30.27,468930,0.00033046926635815765,,,,
2026-02-10,SKYT,30.25,30.86,29.51,29.9,448670,-0.01222332342253063,,,,
2026-02-11,SKYT,30.01,30.64,29.12,29.8,516648,-0.0033444816053510573,,,,
2026-02-12,SKYT,29.5,29.79,28.15,28.78,358238,-0.03422818791946303,,,,
2026-02-13,SKYT,28.38,29.7,27.95,29.24,455121,0.015983321751215973,,,,
2026-02-17,SKYT,29.07,29.22,28.42,28.78,315062,-0.015731874145006763,,,,
2026-02-18,SKYT,29.07,29.4,28.4,28.74,363770,-0.001389854065323215,,,,
2026-02-19,SKYT,28.85,28.98,28.15,28.8,235625,0.0020876826722338038,,,,
2026-02-20,SKYT,28.92,29.5,27.93,28.02,373616,-0.027083333333333348,,,,
2026-02-23,SKYT,27.89,28.19,27.54,27.76,297975,-0.009279086366880684,,,,
2026-02-24,SKYT,27.83,28.43,27.6,28.03,222424,0.009726224783861648,,,,
2026-02-25,SKYT,28.46,29.8,28.2,29.16,245006,0.04031394933999288,,,,
2026-02-26,SKYT,30.56,31.57,29.45,30.74,893225,0.05418381344307255,,,,
2026-02-27,SKYT,30.73,30.73,29.1,29.52,450280,-0.03968770331815219,,,,
2026-01-02,SLAB,132.61,135.49,130.49,130.49,65833,,,,,
2026-01-05,SLAB,133.0,139.92,132.03,137.93,91327,0.05701586328454278,,,,
2026-01-06,SLAB,138.1,148.91,137.36,148.91,132082,0.07960559704197778,,,,
2026-01-07,SLAB,146.39,147.59,142.55,144.75,115812,-0.027936337384997678,,,,
2026-01-08,SLAB,144.75,147.87,142.0,146.9,93816,0.014853195164076016,,,,
2026-01-09,SLAB,147.17,147.17,143.34,146.09,125828,-0.005513955071477228,,,,
2026-01-12,SLAB,144.59,146.59,142.21,145.12,93032,-0.006639742624409584,,,,
2026-01-13,SLAB,145.0,149.8,145.0,146.45,89454,0.009164829106945938,,,,
2026-01-14,SLAB,145.09,149.18,144.3,149.05,115125,0.017753499487880076,,,,
2026-01-15,SLAB,150.3,153.88,148.14,153.81,162849,0.03193559208319341,,,,
2026-01-16,SLAB,154.0,154.89,147.64,150.75,131227,-0.01989467524868349,,,,
2026-01-20,SLAB,145.93,148.45,143.82,145.33,112959,-0.0359535655058042,,,,
2026-01-21,SLAB,148.47,153.9,147.17,151.94,119149,0.04548269455721443,,,,
2026-01-22,SLAB,153.89,157.11,150.8,151.46,108252,-0.003159141766486684,,,,
2026-01-23,SLAB,151.9,152.96,143.98,145.35,122542,-0.04034068400897939,,,,
2026-01-26,SLAB,144.2,145.04,138.0,140.61,162719,-0.032610939112486914,,,,
2026-01-27,SLAB,141.46,142.58,140.0,140.51,66197,-0.0007111869710548779,,,,
2026-01-28,SLAB,142.51,145.95,141.37,144.24,88314,0.026546153298697694,,,,
2026-01-29,SLAB,144.0,146.79,141.61,146.54,132367,0.015945646145313352,,,,
2026-01-30,SLAB,144.92,145.0,140.61,142.45,117362,-0.027910468131568167,,,,
2026-02-02,SLAB,140.72,146.82,140.49,143.42,101117,0.006809406809406893,,,,
2026-02-03,SLAB,146.24,198.99,134.66,182.6,156739,0.27318365639380837,,,,
2026-02-04,SLAB,175.11,210.5,169.0,203.18,2181422,0.11270536692223443,,,,
2026-02-05,SLAB,203.0,206.67,202.81,204.22,918427,0.005118614036814684,,,,
2026-02-06,SLAB,200.0,208.95,200.0,206.49,549304,0.011115463715600793,,,,
2026-02-09,SLAB,207.99,208.75,204.84,205.41,351081,-0.005230277495278268,,,,
2026-02-10,SLAB,204.71,207.99,204.0,206.01,304066,0.0029209872937052683,,,,
2026-02-11,SLAB,207.76,208.0,206.3,207.19,458579,0.005727877287510452,,,,
2026-02-12,SLAB,208.3,208.3,205.65,207.1,359839,-0.00043438389883687645,,,,
2026-02-13,SLAB,207.69,207.69,206.27,207.27,223001,0.0008208594881700115,,,,
2026-02-17,SLAB,205.33,207.29,205.19,205.69,289790,-0.007622907318955985,,,,
2026-02-18,SLAB,206.01,206.74,205.36,205.45,232324,-0.001166804414410083,,,,
2026-02-19,SLAB,205.45,205.95,204.57,205.19,271639,-0.001265514723777006,,,,
2026-02-20,SLAB,204.68,205.475,204.17,205.42,230646,0.0011209123251620934,,,,
2026-02-23,SLAB,204.26,204.99,204.0,204.13,228309,-0.00627981696037383,,,,
2026-02-24,SLAB,204.1,205.82,204.1,204.345,171922,0.0010532503796600867,,,,
2026-02-25,SLAB,203.73,204.9,203.73,204.42,173643,0.0003670263524919726,,,,
2026-02-26,SLAB,204.14,205.58,204.14,204.36,115755,-0.00029351335485749974,,,,
2026-02-27,SLAB,204.27,205.4,204.01,204.94,417450,0.0028381287923271437,,,,
2026-01-02,SLAI,0.6865,0.9739,0.6321,0.641,45068,,,,,
2026-01-05,SLAI,0.64,0.9999,0.64,0.7902,35666,0.232761310452418,,,,
2026-01-06,SLAI,0.77,0.87,0.763,0.7904,10514,0.00025310048089077775,,,,
2026-01-07,SLAI,0.8,0.8083,0.7752,0.8083,2359,0.0226467611336032,,,,
2026-01-08,SLAI,0.8082,1.09,0.8004,1.06,42783,0.31139428430038363,,,,
2026-01-09,SLAI,1.07,1.2,1.07,1.18,15259,0.1132075471698113,,,,
2026-01-12,SLAI,1.21,1.22,1.135,1.18,14420,0.0,,,,
2026-01-13,SLAI,1.14,1.23,1.13,1.2,1149,0.016949152542372836,,,,
2026-01-14,SLAI,1.11,1.19,1.06,1.15,2900,-0.04166666666666674,,,,
2026-01-15,SLAI,1.12,1.12,1.06,1.07,3094,-0.06956521739130417,,,,
2026-01-16,SLAI,1.04,1.14,1.04,1.06,6066,-0.009345794392523366,,,,
2026-01-20,SLAI,1.0,1.05,0.9822,1.01,1585,-0.047169811320754707,,,,
2026-01-21,SLAI,0.98,1.0,0.98,0.9966,702,-0.013267326732673279,,,,
2026-01-22,SLAI,0.9775,0.9775,0.9025,0.95,1402,-0.04675898053381511,,,,
2026-01-23,SLAI,0.8801,0.98,0.855,0.98,523,0.03157894736842115,,,,
2026-01-26,SLAI,0.96,1.03,0.95,0.9801,1998,0.00010204081632658735,,,,
2026-01-27,SLAI,0.98,0.98,0.93,0.9493,633,-0.03142536475869806,,,,
2026-01-28,SLAI,0.93,0.9631,0.93,0.9631,230,0.014537027283261228,,,,
2026-01-29,SLAI,0.99,0.99,0.9,0.9101,838,-0.055030630256463486,,,,
2026-01-30,SLAI,0.8758,0.9777,0.85,0.9003,20804,-0.010768047467311304,,,,
2026-02-02,SLAI,0.8803,1.03,0.8571,1.03,2407,0.1440630900810842,,,,
2026-02-03,SLAI,0.95,1.0,0.9301,0.9301,925,-0.09699029126213587,,,,
2026-02-04,SLAI,0.9301,1.0,0.8601,0.975,3731,0.048274379099021436,,,,
2026-02-05,SLAI,0.9245,0.9245,0.79,0.79,2422,-0.18974358974358974,,,,
2026-02-06,SLAI,0.8489,0.9284,0.8489,0.9145,992,0.1575949367088607,,,,
2026-02-09,SLAI,0.885,0.903,0.862,0.8799,419,-0.0378348824494259,,,,
2026-02-10,SLAI,0.84,0.8912,0.84,0.89,1895,0.011478577111035282,,,,
2026-02-11,SLAI,0.85,0.8749,0.85,0.8749,2227,-0.016966292134831473,,,,
2026-02-12,SLAI,0.8196,0.82,0.8196,0.8199,2869,-0.06286432735169745,,,,
2026-02-13,SLAI,0.79,0.8224,0.79,0.81,1285,-0.01207464324917662,,,,
2026-02-17,SLAI,0.8098,0.8098,0.7503,0.7611,1637,-0.06037037037037041,,,,
2026-02-18,SLAI,0.75,0.75,0.7006,0.7055,1569,-0.07305216134542103,,,,
2026-02-19,SLAI,0.69,0.8164,0.68,0.8164,1727,0.15719347980155907,,,,
2026-02-20,SLAI,0.83,0.85,0.8155,0.8155,1906,-0.0011024007839294248,,,,
2026-02-23,SLAI,0.7801,0.8098,0.7296,0.7879,2280,-0.03384426732066215,,,,
2026-02-24,SLAI,0.77,0.86,0.77,0.8406,2488,0.06688666074374927,,,,
2026-02-25,SLAI,0.8602,0.87,0.82,0.8335,1579,-0.008446347846776114,,,,
2026-02-26,SLAI,0.8889,0.8889,0.86,0.86,106,0.031793641271745665,,,,
2026-02-27,SLAI,0.7941,0.8162,0.7941,0.8162,167,-0.05093023255813944,,,,
2026-01-02,SMR,14.58,16.74,14.315,16.57,3571838,,,,,
2026-01-05,SMR,16.85,19.54,16.83,19.36,8768328,0.16837658418829204,,,,
2026-01-06,SMR,19.05,20.31,18.17,19.56,6097040,0.010330578512396604,,,,
2026-01-07,SMR,19.28,20.27,18.49,19.4,4397035,-0.008179959100204526,,,,
2026-01-08,SMR,19.25,19.97,18.72,19.7,2900508,0.015463917525773141,,,,
2026-01-09,SMR,19.79,22.53,19.75,20.65,6158853,0.048223350253806974,,,,
2026-01-12,SMR,20.38,20.73,19.5,19.72,2562007,-0.0450363196125908,,,,
2026-01-13,SMR,20.13,20.39,19.05,19.23,2347329,-0.024847870182555742,,,,
2026-01-14,SMR,19.23,19.98,18.48,19.69,2566009,0.023920956838273666,,,,
2026-01-15,SMR,20.05,20.3,18.8,19.11,2689848,-0.029456576942610502,,,,
2026-01-16,SMR,19.54,20.55,18.87,20.31,4280965,0.06279434850863419,,,,
2026-01-20,SMR,19.38,20.075,18.82,18.97,3412665,-0.06597735105859182,,,,
2026-01-21,SMR,19.32,21.15,18.435,20.08,6588403,0.05851344227727995,,,,
2026-01-22,SMR,20.32,21.06,19.78,20.68,3620156,0.029880478087649376,,,,
2026-01-23,SMR,20.83,20.86,19.41,19.7,2464216,-0.047388781431334626,,,,
2026-01-26,SMR,19.69,20.06,18.275,18.54,2708050,-0.05888324873096451,,,,
2026-01-27,SMR,18.77,19.37,17.69,19.15,3239314,0.03290183387270762,,,,
2026-01-28,SMR,19.41,20.93,19.015,20.02,5076477,0.04543080939947797,,,,
2026-01-29,SMR,20.3,20.32,18.13,18.93,3849193,-0.054445554445554434,,,,
2026-01-30,SMR,18.48,19.13,17.31,17.44,3176948,-0.07871104067617529,,,,
2026-02-02,SMR,17.0,17.42,16.37,16.59,3391798,-0.048738532110091826,,,,
2026-02-03,SMR,16.91,18.08,16.35,17.75,3392291,0.06992163954189268,,,,
2026-02-04,SMR,18.04,18.15,15.185,16.15,3461501,-0.09014084507042264,,,,
2026-02-05,SMR,16.2,16.3,14.26,14.33,2690282,-0.11269349845201226,,,,
2026-02-06,SMR,14.7,17.875,14.69,17.4,4397880,0.2142358688066992,,,,
2026-02-09,SMR,17.65,17.825,16.75,17.55,2799752,0.008620689655172598,,,,
2026-02-10,SMR,17.56,17.77,16.71,16.83,2319156,-0.04102564102564121,,,,
2026-02-11,SMR,16.82,16.95,14.865,15.59,3759904,-0.07367795603089711,,,,
2026-02-12,SMR,15.78,17.27,13.9,14.34,4919137,-0.08017960230917254,,,,
2026-02-13,SMR,14.25,14.765,13.66,14.57,3124275,0.016039051603905286,,,,
2026-02-17,SMR,14.38,14.49,13.345,14.15,5381186,-0.028826355525051417,,,,
2026-02-18,SMR,14.4,14.61,13.765,14.21,2240047,0.004240282685512353,,,,
2026-02-19,SMR,14.33,14.8,13.51,14.51,3880709,0.021111893033075146,,,,
2026-02-20,SMR,14.67,14.79,13.31,13.41,3496254,-0.0758097863542384,,,,
2026-02-23,SMR,13.32,13.43,12.115,12.49,4093943,-0.06860551826994776,,,,
2026-02-24,SMR,12.36,13.55,12.045,13.38,3655883,0.07125700560448367,,,,
2026-02-25,SMR,13.54,13.65,13.04,13.13,3542981,-0.01868460388639759,,,,
2026-02-26,SMR,13.21,13.47,12.33,12.37,3462100,-0.057882711348058,,,,
2026-02-27,SMR,12.33,13.44,12.32,12.85,3461525,0.03880355699272431,,,,
2026-01-02,SOBR,2.13,2.22,2.05,2.22,46049,,,,,
2026-01-05,SOBR,2.08,2.19,2.08,2.13,16061,-0.04054054054054068,,,,
2026-01-06,SOBR,2.13,2.37,2.13,2.21,21001,0.03755868544600949,,,,
2026-01-07,SOBR,2.26,2.27,2.13,2.21,11412,0.0,,,,
2026-01-08,SOBR,2.13,2.26,2.09,2.09,15005,-0.05429864253393668,,,,
2026-01-09,SOBR,2.09,2.11,1.73,1.77,22874,-0.15311004784688986,,,,
2026-01-12,SOBR,1.81,1.81,1.63,1.69,11360,-0.04519774011299438,,,,
2026-01-13,SOBR,1.65,1.73,1.64,1.72,19064,0.01775147928994092,,,,
2026-01-14,SOBR,1.72,1.82,1.69,1.82,12091,0.058139534883721034,,,,
2026-01-15,SOBR,1.75,1.87,1.75,1.86,8580,0.0219780219780219,,,,
2026-01-16,SOBR,1.83,1.92,1.79,1.92,8865,0.032258064516129004,,,,
2026-01-20,SOBR,1.82,2.22,1.82,2.04,22062,0.0625,,,,
2026-01-21,SOBR,2.15,2.65,1.85,2.13,64921,0.04411764705882337,,,,
2026-01-22,SOBR,2.1,2.17,1.58,1.68,130017,-0.21126760563380276,,,,
2026-01-23,SOBR,1.68,1.7,1.49,1.57,28571,-0.06547619047619035,,,,
2026-01-26,SOBR,1.51,1.55,1.36,1.47,17161,-0.06369426751592366,,,,
2026-01-27,SOBR,1.45,1.45,1.24,1.34,28768,-0.08843537414965974,,,,
2026-01-28,SOBR,1.31,1.32,1.21,1.27,19897,-0.052238805970149294,,,,
2026-01-29,SOBR,1.26,1.26,1.18,1.19,15671,-0.06299212598425208,,,,
2026-01-30,SOBR,1.16,1.315,1.135,1.3,37110,0.09243697478991608,,,,
2026-02-02,SOBR,1.29,1.47,1.245,1.32,84614,0.01538461538461533,,,,
2026-02-03,SOBR,1.3,1.32,1.0,1.03,77295,-0.21969696969696972,,,,
2026-02-04,SOBR,1.02,1.02,0.91,0.9101,23082,-0.11640776699029132,,,,
2026-02-05,SOBR,0.9101,0.92,0.8513,0.87,15501,-0.044061092187671735,,,,
2026-02-06,SOBR,0.851,0.9885,0.8301,0.8899,67787,0.022873563218390736,,,,
2026-02-09,SOBR,0.9014,0.9199,0.8401,0.8766,17306,-0.01494549949432522,,,,
2026-02-10,SOBR,0.89,0.8904,0.85,0.8736,9559,-0.003422313483915085,,,,
2026-02-11,SOBR,0.8778,0.88,0.824,0.8375,717,-0.04132326007326015,,,,
2026-02-12,SOBR,0.9387,0.9496,0.8,0.8004,10120,-0.0442985074626866,,,,
2026-02-13,SOBR,0.781,0.814,0.7797,0.7821,7582,-0.022863568215892083,,,,
2026-02-17,SOBR,0.8,0.8011,0.7577,0.7699,6562,-0.01559902825725612,,,,
2026-02-18,SOBR,0.81,0.8746,0.784,0.786,19937,0.02091180672814641,,,,
2026-02-19,SOBR,0.8135,0.837,0.78,0.805,6277,0.024173027989821794,,,,
2026-02-20,SOBR,0.82,0.82,0.7589,0.7669,19919,-0.047329192546583854,,,,
2026-02-23,SOBR,0.7469,0.7505,0.6901,0.7429,8054,-0.031294823314643394,,,,
2026-02-24,SOBR,0.769,0.769,0.75,0.75,7100,0.009557140934176811,,,,
2026-02-25,SOBR,0.7445,0.858,0.7377,0.8,55937,0.06666666666666665,,,,
2026-02-26,SOBR,0.8598,0.8599,0.76,0.8217,19530,0.027124999999999844,,,,
2026-02-27,SOBR,0.8299,0.8299,0.734,0.734,15882,-0.1067299501034441,,,,
2026-01-02,SOUL,10.15,10.15,10.15,10.15,436,,,,,
2026-01-05,SOUL,10.15,10.15,10.15,10.15,252,0.0,,,,
2026-01-06,SOUL,10.16,10.16,10.16,10.16,159,0.0009852216748769127,,,,
2026-01-07,SOUL,10.16,10.16,10.16,10.16,182,0.0,,,,
2026-01-08,SOUL,10.16,10.17,10.16,10.17,1104,0.0009842519685039353,,,,
2026-01-12,SOUL,10.17,10.175,10.17,10.175,867,0.000491642084562427,,,,
2026-01-13,SOUL,10.17,10.2,10.17,10.17,753,-0.0004914004914006176,,,,
2026-01-14,SOUL,10.2,10.2,10.175,10.18,3055,0.000983284169124854,,,,
2026-01-15,SOUL,10.18,10.18,10.18,10.18,115,0.0,,,,
2026-01-16,SOUL,10.22,10.22,10.18,10.18,1240,0.0,,,,
2026-01-20,SOUL,10.22,10.22,10.22,10.22,500,0.003929273084479545,,,,
2026-01-21,SOUL,10.18,10.18,10.18,10.18,6,-0.00391389432485334,,,,
2026-01-22,SOUL,10.25,10.62,10.19,10.23,48306,0.004911591355599265,,,,
2026-01-23,SOUL,10.22,10.225,10.22,10.225,300,-0.0004887585532747929,,,,
2026-01-26,SOUL,10.22,10.23,10.22,10.225,1512,0.0,,,,
2026-01-28,SOUL,10.22,10.22,10.22,10.22,100,-0.0004889975550120829,,,,
2026-01-29,SOUL,10.26,10.26,10.22,10.225,807,0.0004892367906066397,,,,
2026-01-30,SOUL,10.26,10.26,10.24,10.24,1200,0.0014669926650368037,,,,
2026-02-02,SOUL,10.25,10.25,10.25,10.25,102,0.0009765625,,,,
2026-02-04,SOUL,10.22,10.23,10.22,10.225,2794,-0.0024390243902439046,,,,
2026-02-05,SOUL,10.22,10.225,10.22,10.22,1753,-0.0004889975550120829,,,,
2026-02-06,SOUL,10.23,10.25,10.23,10.25,200,0.0029354207436398383,,,,
2026-02-09,SOUL,10.225,10.24,10.225,10.23,1800,-0.0019512195121951237,,,,
2026-02-17,SOUL,10.22,10.22,10.22,10.22,2181,-0.0009775171065493637,,,,
2026-02-18,SOUL,10.22,10.22,10.22,10.22,1800,0.0,,,,
2026-02-19,SOUL,10.225,10.23,10.22,10.23,22835,0.0009784735812132794,,,,
2026-02-20,SOUL,10.26,10.26,10.23,10.23,2536,0.0,,,,
2026-02-23,SOUL,10.23,10.23,10.22,10.22,1281,-0.0009775171065493637,,,,
2026-02-24,SOUL,10.26,10.26,10.23,10.235,7100,0.0014677103718199191,,,,
2026-02-26,SOUL,10.24,10.24,10.23,10.24,14799,0.0004885197850512668,,,,
2026-02-27,SOUL,10.24,10.24,10.24,10.24,54,0.0,,,,
2026-01-02,SOUN,10.2,10.62,10.07,10.6,4850435,,,,,
2026-01-05,SOUN,10.72,11.285,10.53,11.04,5298641,0.04150943396226414,,,,
2026-01-06,SOUN,11.05,11.28,10.745,11.26,5159346,0.019927536231884035,,,,
2026-01-07,SOUN,11.28,11.48,10.965,11.04,3447568,-0.019538188277087087,,,,
2026-01-08,SOUN,10.94,11.37,10.615,11.2,4623725,0.01449275362318847,,,,
2026-01-09,SOUN,11.16,12.305,11.15,11.85,6592983,0.05803571428571441,,,,
2026-01-12,SOUN,11.65,12.89,11.47,11.66,7605026,-0.01603375527426154,,,,
2026-01-13,SOUN,11.68,11.79,10.92,11.14,4834886,-0.044596912521440824,,,,
2026-01-14,SOUN,11.18,11.32,10.805,11.27,3645493,0.011669658886894085,,,,
2026-01-15,SOUN,11.31,11.41,10.89,11.01,4453787,-0.023070097604259043,,,,
2026-01-16,SOUN,11.08,11.48,10.94,11.18,4522875,0.015440508628519423,,,,
2026-01-20,SOUN,10.72,10.9,10.4,10.44,4702980,-0.0661896243291592,,,,
2026-01-21,SOUN,10.58,10.78,10.105,10.69,4347619,0.023946360153256796,,,,
2026-01-22,SOUN,10.79,10.95,10.64,10.92,3574355,0.021515434985968307,,,,
2026-01-23,SOUN,10.97,10.97,10.175,10.33,4831768,-0.05402930402930406,,,,
2026-01-26,SOUN,10.27,10.33,9.805,9.91,3562547,-0.04065827686350432,,,,
2026-01-27,SOUN,10.03,10.07,9.53,9.98,4315975,0.007063572149344166,,,,
2026-01-28,SOUN,10.04,10.39,9.63,9.71,3891113,-0.027054108216432837,,,,
2026-01-29,SOUN,9.77,9.8,8.95,9.1,5201577,-0.0628218331616891,,,,
2026-01-30,SOUN,8.93,9.04,8.33,8.51,6491510,-0.06483516483516483,,,,
2026-02-02,SOUN,8.45,8.575,8.2,8.48,4855835,-0.003525264394829586,,,,
2026-02-03,SOUN,8.62,8.65,7.915,8.22,6200293,-0.030660377358490587,,,,
2026-02-04,SOUN,8.27,8.31,7.57,8.08,6140631,-0.017031630170316392,,,,
2026-02-05,SOUN,8.04,8.08,7.0,7.03,6342537,-0.12995049504950495,,,,
2026-02-06,SOUN,7.2,8.755,7.2,8.67,5596394,0.23328591749644367,,,,
2026-02-09,SOUN,8.68,8.935,8.335,8.84,4936124,0.019607843137254832,,,,
2026-02-10,SOUN,8.85,8.99,8.23,8.28,4120007,-0.06334841628959287,,,,
2026-02-11,SOUN,8.34,8.42,7.58,7.94,4699710,-0.041062801932367,,,,
2026-02-12,SOUN,7.99,8.03,7.34,7.48,4529300,-0.057934508816120944,,,,
2026-02-13,SOUN,7.44,7.76,7.41,7.49,3478475,0.0013368983957218195,,,,
2026-02-17,SOUN,7.44,7.465,7.04,7.3,3786427,-0.025367156208277786,,,,
2026-02-18,SOUN,7.35,7.665,7.205,7.57,2922867,0.03698630136986303,,,,
2026-02-19,SOUN,7.57,7.87,7.33,7.86,3153431,0.03830911492734468,,,,
2026-02-20,SOUN,7.91,8.135,7.64,7.84,3553692,-0.0025445292620865922,,,,
2026-02-23,SOUN,7.75,7.94,7.485,7.85,3697526,0.0012755102040815647,,,,
2026-02-24,SOUN,7.9,8.475,7.74,8.4,5762057,0.07006369426751591,,,,
2026-02-25,SOUN,8.46,8.835,8.42,8.5,5202691,0.011904761904761862,,,,
2026-02-26,SOUN,8.68,9.33,8.27,8.93,8982532,0.0505882352941176,,,,
2026-02-27,SOUN,9.24,9.6,8.51,8.51,11199867,-0.04703247480403139,,,,
2026-01-02,SRXH,0.2282,0.2388,0.2162,0.2359,519283,,,,,
2026-01-05,SRXH,0.2565,0.297,0.1967,0.204,6290045,-0.13522679101314117,,,,
2026-01-06,SRXH,0.2046,0.23,0.1915,0.1995,955023,-0.022058823529411686,,,,
2026-01-07,SRXH,0.2026,0.2088,0.1921,0.2068,553703,0.03659147869674184,,,,
2026-01-08,SRXH,0.2003,0.2203,0.1961,0.1992,755941,-0.03675048355899435,,,,
2026-01-09,SRXH,0.2191,0.22,0.1845,0.1963,951976,-0.014558232931726867,,,,
2026-01-12,SRXH,0.2003,0.2072,0.18,0.189,1052219,-0.03718797758532855,,,,
2026-01-13,SRXH,0.1868,0.2164,0.1791,0.1985,2063523,0.050264550264550234,,,,
2026-01-14,SRXH,0.199,0.2198,0.168,0.1785,946526,-0.10075566750629728,,,,
2026-01-15,SRXH,0.1794,0.1907,0.1755,0.1865,749297,0.04481792717086841,,,,
2026-01-16,SRXH,0.1863,0.214,0.171,0.177,1139249,-0.05093833780160861,,,,
2026-01-20,SRXH,0.1828,0.1884,0.1599,0.165,1281333,-0.06779661016949146,,,,
2026-01-21,SRXH,0.169,0.1745,0.1568,0.17,570238,0.030303030303030276,,,,
2026-01-22,SRXH,0.1774,0.1845,0.1483,0.1521,1282017,-0.10529411764705876,,,,
2026-01-23,SRXH,0.1506,0.1633,0.15,0.156,282690,0.02564102564102555,,,,
2026-01-26,SRXH,0.1697,0.1699,0.1448,0.15,717536,-0.03846153846153855,,,,
2026-01-27,SRXH,0.1546,0.1551,0.1338,0.1338,790428,-0.10799999999999998,,,,
2026-01-28,SRXH,0.15,0.153,0.1399,0.1471,793635,0.09940209267563538,,,,
2026-01-29,SRXH,0.15,0.1526,0.1302,0.1346,561466,-0.08497620666213468,,,,
2026-01-30,SRXH,0.1346,0.1519,0.1265,0.1359,964272,0.009658246656760738,,,,
2026-02-02,SRXH,0.1383,0.1547,0.135,0.1428,1111999,0.050772626931567366,,,,
2026-02-03,SRXH,0.1464,0.1475,0.136,0.1468,757382,0.02801120448179284,,,,
2026-02-04,SRXH,0.1449,0.1468,0.135,0.1369,209894,-0.06743869209809272,,,,
2026-02-05,SRXH,0.1408,0.1408,0.125,0.1315,1153458,-0.039444850255661024,,,,
2026-02-06,SRXH,0.1349,0.1402,0.1211,0.126,1396910,-0.041825095057034245,,,,
2026-02-09,SRXH,0.1275,0.1275,0.0828,0.1101,986200,-0.1261904761904762,,,,
2026-02-10,SRXH,0.1056,0.183,0.1056,0.1798,2040115,0.6330608537693005,,,,
2026-02-11,SRXH,0.19,0.2,0.131,0.1386,3782709,-0.2291434927697441,,,,
2026-02-12,SRXH,0.16,0.1714,0.1349,0.1541,3319517,0.11183261183261184,,,,
2026-02-13,SRXH,0.1878,0.2231,0.1219,0.1261,10539332,-0.18170019467877996,,,,
2026-02-17,SRXH,0.1363,0.1422,0.1186,0.1322,682612,0.04837430610626514,,,,
2026-02-18,SRXH,0.1399,0.1399,0.126,0.1315,332883,-0.005295007564296572,,,,
2026-02-19,SRXH,0.1313,0.1313,0.1225,0.1289,273591,-0.019771863117870825,,,,
2026-02-20,SRXH,0.1276,0.131,0.121,0.1245,430085,-0.03413498836307205,,,,
2026-02-23,SRXH,0.117,0.1278,0.1145,0.12,296224,-0.03614457831325302,,,,
2026-02-24,SRXH,0.1165,0.1289,0.1165,0.1257,303603,0.0475000000000001,,,,
2026-02-25,SRXH,0.127,0.143,0.127,0.1393,395540,0.10819411296738268,,,,
2026-02-26,SRXH,0.1399,0.1403,0.1253,0.1295,191276,-0.07035175879396982,,,,
2026-02-27,SRXH,0.1293,0.1319,0.1233,0.1251,172316,-0.03397683397683404,,,,
2026-02-27,SSAC,9.85,9.88,9.85,9.88,18315,,,,,
2026-01-02,SSP,3.98,4.045,3.95,3.95,224451,,,,,
2026-01-05,SSP,3.95,4.08,3.925,4.05,231294,0.025316455696202445,,,,
2026-01-06,SSP,4.0,4.01,3.85,3.93,198790,-0.02962962962962956,,,,
2026-01-07,SSP,3.9,3.98,3.615,3.74,212638,-0.0483460559796437,,,,
2026-01-08,SSP,3.79,3.79,3.62,3.68,170289,-0.016042780748663166,,,,
2026-01-09,SSP,3.68,3.71,3.575,3.65,147037,-0.00815217391304357,,,,
2026-01-12,SSP,3.65,3.72,3.61,3.65,126913,0.0,,,,
2026-01-13,SSP,3.66,3.75,3.565,3.66,164454,0.00273972602739736,,,,
2026-01-14,SSP,3.64,3.66,3.575,3.64,150355,-0.005464480874316946,,,,
2026-01-15,SSP,3.55,3.75,3.55,3.69,160225,0.013736263736263687,,,,
2026-01-16,SSP,3.77,3.83,3.59,3.59,180473,-0.027100271002710064,,,,
2026-01-20,SSP,3.57,3.595,3.5,3.5,105999,-0.02506963788300831,,,,
2026-01-21,SSP,3.52,3.55,3.33,3.48,226255,-0.005714285714285672,,,,
2026-01-22,SSP,3.48,3.545,3.4,3.49,160088,0.00287356321839094,,,,
2026-01-23,SSP,3.48,3.515,3.415,3.45,143293,-0.011461318051575908,,,,
2026-01-26,SSP,3.43,3.45,3.365,3.37,102701,-0.023188405797101463,,,,
2026-01-27,SSP,3.38,3.49,3.33,3.49,120982,0.035608308605341366,,,,
2026-01-28,SSP,3.5,3.54,3.325,3.36,169724,-0.037249283667621924,,,,
2026-01-29,SSP,3.38,3.475,3.295,3.46,151717,0.029761904761904878,,,,
2026-01-30,SSP,3.43,3.49,3.335,3.35,290022,-0.03179190751445082,,,,
2026-02-02,SSP,3.35,3.725,3.31,3.56,290362,0.0626865671641792,,,,
2026-02-03,SSP,3.53,3.53,3.31,3.42,163163,-0.0393258426966292,,,,
2026-02-04,SSP,3.42,3.455,3.345,3.42,196163,0.0,,,,
2026-02-05,SSP,3.4,3.41,3.26,3.26,132343,-0.04678362573099415,,,,
2026-02-06,SSP,3.32,3.45,3.265,3.39,139331,0.039877300613497146,,,,
2026-02-09,SSP,3.5,3.81,3.5,3.62,345540,0.06784660766961648,,,,
2026-02-10,SSP,3.64,3.885,3.61,3.79,183556,0.046961325966850875,,,,
2026-02-11,SSP,3.79,3.95,3.61,3.64,208119,-0.0395778364116095,,,,
2026-02-12,SSP,3.66,3.72,3.435,3.54,135601,-0.027472527472527486,,,,
2026-02-13,SSP,3.54,3.575,3.425,3.48,134703,-0.016949152542372947,,,,
2026-02-17,SSP,3.48,3.48,3.3,3.43,131794,-0.014367816091953922,,,,
2026-02-18,SSP,3.44,3.61,3.41,3.6,83090,0.04956268221574334,,,,
2026-02-19,SSP,3.56,3.67,3.56,3.67,92281,0.019444444444444375,,,,
2026-02-20,SSP,3.66,3.73,3.6,3.71,83104,0.01089918256130784,,,,
2026-02-23,SSP,3.69,3.69,3.385,3.45,127321,-0.07008086253369261,,,,
2026-02-24,SSP,3.45,3.61,3.45,3.47,106814,0.005797101449275477,,,,
2026-02-25,SSP,3.52,3.63,3.405,3.63,169599,0.04610951008645525,,,,
2026-02-26,SSP,3.65,3.885,3.645,3.69,185281,0.016528925619834656,,,,
2026-02-27,SSP,3.67,4.175,3.55,4.15,278496,0.12466124661246614,,,,
2026-01-02,STEL,31.3,31.3,30.55,30.8,26780,,,,,
2026-01-05,STEL,31.025,31.69,30.67,31.59,23240,0.0256493506493507,,,,
2026-01-06,STEL,31.26,31.52,31.0,31.48,25484,-0.0034821145932256714,,,,
2026-01-07,STEL,31.45,31.56,31.02,31.33,16226,-0.004764930114358412,,,,
2026-01-08,STEL,31.48,32.17,31.48,32.14,15921,0.025853814235557104,,,,
2026-01-09,STEL,32.055,32.055,31.52,31.65,9724,-0.015245799626633527,,,,
2026-01-12,STEL,31.21,31.96,31.21,31.96,11218,0.009794628751974788,,,,
2026-01-13,STEL,31.72,31.72,31.47,31.57,9737,-0.012202753441802217,,,,
2026-01-14,STEL,31.605,32.21,31.465,32.21,8961,0.02027241051631301,,,,
2026-01-15,STEL,32.2,32.85,32.2,32.74,49460,0.016454517230673815,,,,
2026-01-16,STEL,32.555,32.815,32.45,32.56,16055,-0.005497861942577842,,,,
2026-01-20,STEL,32.12,32.32,31.75,31.86,25909,-0.02149877149877155,,,,
2026-01-21,STEL,32.765,33.63,32.75,33.63,29923,0.05555555555555558,,,,
2026-01-22,STEL,33.47,33.93,33.19,33.63,21685,0.0,,,,
2026-01-23,STEL,33.41,33.52,32.22,32.46,72929,-0.03479036574487071,,,,
2026-01-26,STEL,32.63,32.78,31.96,32.56,43435,0.0030807147258165024,,,,
2026-01-27,STEL,32.66,32.95,32.48,32.67,38567,0.0033783783783782884,,,,
2026-01-28,STEL,34.7,37.3,34.02,36.77,473490,0.125497398224671,,,,
2026-01-29,STEL,36.77,37.09,36.2,36.8,190768,0.0008158825129180869,,,,
2026-01-30,STEL,36.69,37.42,36.69,37.14,134591,0.00923913043478275,,,,
2026-02-02,STEL,37.14,37.54,36.92,37.44,118580,0.008077544426494221,,,,
2026-02-03,STEL,37.9,38.38,37.51,37.83,102113,0.01041666666666674,,,,
2026-02-04,STEL,38.46,38.93,38.21,38.69,88715,0.022733280465239147,,,,
2026-02-05,STEL,38.41,39.02,38.39,38.72,113809,0.0007753941586974289,,,,
2026-02-06,STEL,39.06,39.4,38.905,39.17,114636,0.01162190082644643,,,,
2026-02-09,STEL,38.9,39.54,38.9,39.26,95382,0.002297676793464376,,,,
2026-02-10,STEL,39.3,39.66,39.1,39.52,123526,0.0066225165562914245,,,,
2026-02-11,STEL,40.08,40.14,39.52,39.7,155455,0.0045546558704452345,,,,
2026-02-12,STEL,39.71,40.17,38.65,39.18,75117,-0.013098236775818672,,,,
2026-02-13,STEL,39.37,39.37,38.47,38.47,78181,-0.018121490556406328,,,,
2026-02-17,STEL,38.3,38.82,38.3,38.58,65948,0.0028593709383935018,,,,
2026-02-18,STEL,38.475,39.18,38.475,38.76,91058,0.004665629860031162,,,,
2026-02-19,STEL,38.74,38.91,38.18,38.56,55776,-0.005159958720330149,,,,
2026-02-20,STEL,38.36,38.9,38.245,38.87,98196,0.008039419087136901,,,,
2026-02-23,STEL,38.77,39.19,37.51,37.68,126015,-0.030614870079752943,,,,
2026-02-24,STEL,37.9,38.0,37.47,37.9,72176,0.0058386411889597145,,,,
2026-02-25,STEL,37.77,38.24,37.77,38.21,103271,0.008179419525065956,,,,
2026-02-26,STEL,38.14,38.78,38.14,38.51,120150,0.007851347814708198,,,,
2026-02-27,STEL,38.46,38.46,37.22,37.68,107366,-0.021552843417294132,,,,
2026-01-02,STRR,11.25,11.26,11.07,11.16,127,,,,,
2026-01-05,STRR,11.02,11.15,10.82,10.82,84,-0.03046594982078854,,,,
2026-01-06,STRR,10.87,11.0,10.7,10.72,247,-0.009242144177449174,,,,
2026-01-07,STRR,10.72,10.85,10.68,10.68,138,-0.003731343283582156,,,,
2026-01-08,STRR,10.69,10.9,10.66,10.705,722,0.002340823970037542,,,,
2026-01-09,STRR,10.99,10.99,10.68,10.73,238,0.0023353573096684954,,,,
2026-01-12,STRR,10.85,10.89,10.75,10.75,478,0.0018639328984155767,,,,
2026-01-13,STRR,10.75,10.83,10.69,10.72,333,-0.0027906976744185297,,,,
2026-01-14,STRR,10.68,10.74,10.55,10.55,5447,-0.01585820895522383,,,,
2026-01-15,STRR,10.71,10.96,10.63,10.68,227,0.012322274881516382,,,,
2026-01-16,STRR,10.68,10.73,10.68,10.73,16,0.004681647940074862,,,,
2026-01-20,STRR,10.59,10.89,10.16,10.35,1810,-0.03541472506989751,,,,
2026-01-21,STRR,10.34,10.97,10.34,10.62,422,0.02608695652173898,,,,
2026-01-22,STRR,10.5,10.6,10.41,10.41,548,-0.0197740112994349,,,,
2026-01-23,STRR,10.34,10.36,10.0,10.2,5743,-0.02017291066282434,,,,
2026-01-26,STRR,9.72,10.25,9.72,10.22,6969,0.0019607843137257053,,,,
2026-01-27,STRR,10.21,10.22,9.95,10.11,1043,-0.010763209393346518,,,,
2026-01-28,STRR,9.41,11.0,9.41,10.4,793,0.028684470820969477,,,,
2026-01-29,STRR,10.25,10.75,10.25,10.74,151,0.032692307692307576,,,,
2026-01-30,STRR,10.0,10.75,9.99,10.27,629,-0.043761638733705865,,,,
2026-02-02,STRR,10.49,10.5,10.02,10.02,1868,-0.02434274586173324,,,,
2026-02-03,STRR,10.18,10.21,10.05,10.09,2875,0.00698602794411185,,,,
2026-02-04,STRR,10.16,10.18,9.9,10.0,5392,-0.008919722497522264,,,,
2026-02-05,STRR,9.99,10.0,9.89,9.89,5634,-0.010999999999999899,,,,
2026-02-06,STRR,10.0,10.1,9.76,9.93,1215,0.004044489383215222,,,,
2026-02-09,STRR,9.98,9.98,9.75,9.9,5851,-0.0030211480362537513,,,,
2026-02-10,STRR,9.81,10.01,9.81,9.99,1381,0.009090909090909038,,,,
2026-02-11,STRR,9.95,10.05,9.95,9.99,781,0.0,,,,
2026-02-12,STRR,10.02,10.24,9.93,10.06,1877,0.00700700700700696,,,,
2026-02-13,STRR,9.92,10.22,9.92,10.13,2139,0.006958250497017815,,,,
2026-02-17,STRR,9.81,10.06,9.81,10.0,1227,-0.012833168805528206,,,,
2026-02-18,STRR,9.84,10.15,9.84,10.01,578,0.0009999999999998899,,,,
2026-02-19,STRR,10.09,10.61,10.0,10.055,1823,0.004495504495504399,,,,
2026-02-20,STRR,10.08,10.1,9.94,10.05,550,-0.0004972650422674363,,,,
2026-02-23,STRR,10.07,10.2,10.05,10.05,785,0.0,,,,
2026-02-24,STRR,10.07,10.16,9.8,9.8,1516,-0.02487562189054726,,,,
2026-02-25,STRR,9.93,10.005,9.84,9.87,369,0.0071428571428568954,,,,
2026-02-26,STRR,9.88,9.88,9.88,9.88,221,0.0010131712259373593,,,,
2026-02-27,STRR,9.88,9.99,9.82,9.98,1770,0.010121457489878471,,,,
2026-01-02,SUNE,1.07,1.1,1.05,1.05,6448,,,,,
2026-01-05,SUNE,1.09,1.1,1.04,1.1,8330,0.04761904761904767,,,,
2026-01-06,SUNE,1.09,1.1,1.055,1.07,7034,-0.027272727272727337,,,,
2026-01-07,SUNE,1.07,1.1,1.06,1.08,5423,0.009345794392523477,,,,
2026-01-08,SUNE,1.08,1.08,1.05,1.05,5288,-0.02777777777777779,,,,
2026-01-09,SUNE,1.06,1.09,1.05,1.05,6894,0.0,,,,
2026-01-12,SUNE,1.05,1.05,1.035,1.04,2066,-0.00952380952380949,,,,
2026-01-13,SUNE,1.03,1.05,1.03,1.04,2470,0.0,,,,
2026-01-14,SUNE,1.06,1.08,1.04,1.08,1302,0.03846153846153855,,,,
2026-01-15,SUNE,1.07,1.07,1.045,1.06,2010,-0.01851851851851849,,,,
2026-01-16,SUNE,1.04,1.12,1.03,1.12,5527,0.05660377358490565,,,,
2026-01-20,SUNE,1.05,1.1,1.05,1.06,4334,-0.0535714285714286,,,,
2026-01-21,SUNE,1.06,1.06,0.97,0.9915,8868,-0.06462264150943398,,,,
2026-01-22,SUNE,0.99,1.14,0.99,1.11,11505,0.11951588502269295,,,,
2026-01-23,SUNE,1.11,1.33,1.04,1.1,138305,-0.009009009009009028,,,,
2026-01-26,SUNE,1.16,1.16,1.09,1.11,13782,0.009090909090909038,,,,
2026-01-27,SUNE,1.08,1.08,1.05,1.07,6768,-0.03603603603603611,,,,
2026-01-28,SUNE,1.07,1.08,1.01,1.03,8538,-0.03738317757009346,,,,
2026-01-29,SUNE,1.02,1.02,0.9472,0.9699,9062,-0.058349514563106886,,,,
2026-01-30,SUNE,0.99,1.01,0.93,0.95,5098,-0.020517579131869246,,,,
2026-02-02,SUNE,0.95,0.97,0.8968,0.902,14417,-0.05052631578947364,,,,
2026-02-03,SUNE,0.9132,1.21,0.6756,1.16,400640,0.286031042128603,,,,
2026-02-04,SUNE,1.12,1.35,0.9014,1.11,3987722,-0.04310344827586188,,,,
2026-02-05,SUNE,1.11,1.11,0.91,0.9515,194064,-0.1427927927927929,,,,
2026-02-06,SUNE,0.9553,1.11,0.9553,1.06,112432,0.11403047819232803,,,,
2026-02-09,SUNE,1.01,1.13,1.01,1.05,46678,-0.009433962264150941,,,,
2026-02-10,SUNE,1.05,1.95,1.05,1.84,1317472,0.7523809523809524,,,,
2026-02-11,SUNE,1.64,2.41,1.58,1.99,7707485,0.08152173913043481,,,,
2026-02-12,SUNE,1.9,2.15,1.69,1.92,524968,-0.035175879396984966,,,,
2026-02-13,SUNE,1.79,2.34,1.77,2.05,380232,0.06770833333333326,,,,
2026-02-17,SUNE,2.16,2.96,1.82,2.05,1820193,0.0,,,,
2026-02-18,SUNE,2.01,2.04,1.64,1.71,191615,-0.1658536585365853,,,,
2026-02-19,SUNE,1.73,1.73,1.435,1.51,130911,-0.11695906432748537,,,,
2026-02-20,SUNE,1.52,1.63,1.41,1.41,57025,-0.06622516556291391,,,,
2026-02-23,SUNE,1.41,1.41,1.24,1.32,76741,-0.06382978723404242,,,,
2026-02-24,SUNE,1.32,1.54,1.28,1.49,39010,0.12878787878787867,,,,
2026-02-25,SUNE,1.49,1.495,1.335,1.39,33131,-0.06711409395973156,,,,
2026-02-26,SUNE,1.39,1.49,1.35,1.45,45867,0.043165467625899234,,,,
2026-02-27,SUNE,1.43,1.48,1.31,1.33,23557,-0.08275862068965512,,,,
2026-01-02,SVAC,10.17,10.17,10.15,10.15,102115,,,,,
2026-01-05,SVAC,10.15,10.15,10.15,10.15,40,0.0,,,,
2026-01-06,SVAC,10.15,10.15,10.15,10.15,529,0.0,,,,
2026-01-09,SVAC,10.15,10.25,10.15,10.15,15310,0.0,,,,
2026-01-12,SVAC,10.25,10.25,10.15,10.15,1838,0.0,,,,
2026-01-13,SVAC,10.25,10.3,10.25,10.28,10935,0.012807881773398977,,,,
2026-01-14,SVAC,10.3,10.35,10.24,10.24,26616,-0.0038910505836574627,,,,
2026-01-15,SVAC,10.27,10.27,10.2,10.2,8248,-0.003906250000000111,,,,
2026-01-16,SVAC,10.25,10.25,10.12,10.12,149064,-0.007843137254901933,,,,
2026-01-20,SVAC,10.23,10.23,10.1,10.12,9024,0.0,,,,
2026-01-21,SVAC,10.12,10.14,10.12,10.13,856,0.000988142292490224,,,,
2026-01-22,SVAC,10.44,12.0,10.42,11.38,3386738,0.12339585389930896,,,,
2026-01-23,SVAC,11.51,11.55,11.2,11.5,163659,0.010544815465729274,,,,
2026-01-26,SVAC,11.49,11.5,10.8,11.0,183094,-0.04347826086956519,,,,
2026-01-27,SVAC,11.46,11.46,10.74,11.0,239719,0.0,,,,
2026-01-28,SVAC,11.46,11.46,10.71,11.0,66221,0.0,,,,
2026-01-29,SVAC,10.83,11.08,10.79,10.79,82570,-0.01909090909090916,,,,
2026-01-30,SVAC,10.92,10.92,10.7,10.75,80801,-0.003707136237256603,,,,
2026-02-02,SVAC,10.62,10.78,10.6,10.6,75223,-0.013953488372093092,,,,
2026-02-03,SVAC,10.76,10.77,10.4,10.71,77771,0.010377358490566202,,,,
2026-02-04,SVAC,10.5,10.75,10.35,10.61,111347,-0.00933706816059765,,,,
2026-02-05,SVAC,10.6,10.74,10.53,10.57,35421,-0.0037700282752120007,,,,
2026-02-06,SVAC,10.21,10.7,10.21,10.64,51255,0.0066225165562914245,,,,
2026-02-09,SVAC,10.67,10.88,10.64,10.8,40514,0.015037593984962516,,,,
2026-02-10,SVAC,10.61,10.75,10.56,10.7,25283,-0.009259259259259411,,,,
2026-02-11,SVAC,10.58,10.76,10.58,10.61,8580,-0.008411214953271018,,,,
2026-02-12,SVAC,10.68,10.85,10.6,10.85,7773,0.022620169651272448,,,,
2026-02-13,SVAC,10.65,10.75,10.46,10.75,78330,-0.009216589861751112,,,,
2026-02-17,SVAC,10.73,10.75,10.58,10.61,15332,-0.013023255813953583,,,,
2026-02-18,SVAC,10.6,10.61,10.55,10.61,2928,0.0,,,,
2026-02-19,SVAC,10.61,10.68,10.57,10.68,1903,0.006597549481621057,,,,
2026-02-20,SVAC,10.58,10.6,10.44,10.54,8552,-0.01310861423220977,,,,
2026-02-23,SVAC,10.65,10.65,10.45,10.46,19382,-0.007590132827324347,,,,
2026-02-24,SVAC,10.49,10.5,10.45,10.45,4891,-0.0009560229445507717,,,,
2026-02-25,SVAC,10.52,10.54,10.46,10.48,9317,0.002870813397129357,,,,
2026-02-26,SVAC,10.5,10.54,10.45,10.47,7065,-0.000954198473282375,,,,
2026-02-27,SVAC,10.48,10.52,10.35,10.44,9577,-0.002865329512894088,,,,
2026-01-02,SWKHL,25.5,25.6,25.36,25.6,2830,,,,,
2026-01-05,SWKHL,25.6,25.62,25.48,25.62,1765,0.0007812499999999556,,,,
2026-01-06,SWKHL,25.6,25.6,25.52,25.52,579,-0.0039032006245121043,,,,
2026-01-07,SWKHL,25.55,25.55,25.55,25.55,1,0.0011755485893416573,,,,
2026-01-08,SWKHL,25.59,25.59,25.45,25.58,636,0.0011741682974559797,,,,
2026-01-09,SWKHL,25.5,25.55,25.5,25.5,1986,-0.0031274433150898506,,,,
2026-01-12,SWKHL,25.55,25.58,25.53,25.58,137,0.0031372549019608176,,,,
2026-01-13,SWKHL,25.59,25.6,25.59,25.59,2025,0.0003909304143863146,,,,
2026-01-14,SWKHL,25.62,25.62,25.53,25.53,69,-0.0023446658851112856,,,,
2026-01-15,SWKHL,25.63,25.65,25.56,25.56,189,0.001175088131609714,,,,
2026-01-16,SWKHL,25.64,25.64,25.56,25.56,120,0.0,,,,
2026-01-21,SWKHL,25.56,25.56,25.56,25.56,18,0.0,,,,
2026-01-23,SWKHL,25.52,25.55,25.52,25.55,15,-0.0003912363067292146,,,,
2026-01-26,SWKHL,25.52,25.63,25.52,25.6,91,0.001956947162426559,,,,
2026-01-27,SWKHL,25.6,25.63,25.51,25.53,34,-0.0027343749999999556,,,,
2026-01-28,SWKHL,25.53,25.63,25.53,25.63,604,0.0039169604386994905,,,,
2026-01-29,SWKHL,25.55,25.61,25.54,25.61,11,-0.0007803355442840276,,,,
2026-01-30,SWKHL,25.52,25.62,25.52,25.53,35,-0.0031237797735258477,,,,
2026-02-02,SWKHL,25.61,25.63,25.54,25.59,4518,0.00235017626321965,,,,
2026-02-03,SWKHL,25.57,25.57,25.57,25.57,100,-0.0007815552950370952,,,,
2026-02-04,SWKHL,25.6,25.62,25.6,25.6,485,0.001173249902229223,,,,
2026-02-05,SWKHL,25.6,25.69,25.6,25.69,2557,0.003515624999999911,,,,
2026-02-06,SWKHL,25.65,25.7,25.65,25.7,309,0.0003892565200467324,,,,
2026-02-09,SWKHL,25.7,25.7,25.64,25.64,8,-0.0023346303501945442,,,,
2026-02-10,SWKHL,25.6,25.64,25.6,25.61,929,-0.00117004680187216,,,,
2026-02-11,SWKHL,25.6,25.65,25.6,25.65,821,0.0015618898867628683,,,,
2026-02-12,SWKHL,25.63,25.63,25.61,25.61,1862,-0.001559454191033094,,,,
2026-02-13,SWKHL,25.63,25.65,25.63,25.65,700,0.0015618898867628683,,,,
2026-02-17,SWKHL,25.65,25.65,25.64,25.65,666,0.0,,,,
2026-02-18,SWKHL,25.65,25.65,25.65,25.65,1075,0.0,,,,
2026-02-20,SWKHL,25.71,25.71,25.71,25.71,90,0.002339181286549863,,,,
2026-02-23,SWKHL,25.69,25.7,25.69,25.7,200,-0.000388953714508089,,,,
2026-02-24,SWKHL,25.75,25.75,25.72,25.75,248,0.0019455252918287869,,,,
2026-02-25,SWKHL,25.87,25.87,25.66,25.66,45,-0.0034951456310680085,,,,
2026-02-26,SWKHL,25.8,25.84,25.65,25.8,703,0.005455962587685104,,,,
2026-02-27,SWKHL,25.86,25.86,25.79,25.8,130,0.0,,,,
2026-01-02,SWKS,64.39,65.04,63.39,64.36,1347477,,,,,
2026-01-05,SWKS,64.85,66.36,64.56,65.29,1508102,0.014449968924798107,,,,
2026-01-06,SWKS,65.44,67.67,65.18,66.98,1642892,0.025884515239699812,,,,
2026-01-07,SWKS,66.03,66.25,58.14,59.9,3124368,-0.10570319498357728,,,,
2026-01-08,SWKS,59.4,61.95,58.11,60.71,1737544,0.013522537562604464,,,,
2026-01-09,SWKS,60.85,61.65,59.97,60.13,1636887,-0.009553615549332872,,,,
2026-01-12,SWKS,60.17,60.18,57.99,58.71,1562022,-0.02361549975054056,,,,
2026-01-13,SWKS,58.79,59.33,58.18,58.5,1529367,-0.0035769034236076136,,,,
2026-01-14,SWKS,58.34,60.1,58.11,59.79,1210164,0.02205128205128193,,,,
2026-01-15,SWKS,59.73,60.99,58.01,58.48,1436585,-0.02191001839772544,,,,
2026-01-16,SWKS,58.92,59.43,57.75,57.88,1320307,-0.010259917920656503,,,,
2026-01-20,SWKS,56.95,58.26,56.52,57.8,1335555,-0.0013821700069109877,,,,
2026-01-21,SWKS,57.6,59.2,57.58,59.2,2119447,0.02422145328719738,,,,
2026-01-22,SWKS,58.58,61.8,58.58,59.85,1519816,0.010979729729729604,,,,
2026-01-23,SWKS,59.48,59.72,58.14,58.85,1422783,-0.01670843776106934,,,,
2026-01-26,SWKS,58.96,60.09,58.26,59.82,1447037,0.01648258283772308,,,,
2026-01-27,SWKS,59.81,60.89,53.57,54.4,1580207,-0.0906051487796724,,,,
2026-01-28,SWKS,54.54,58.32,52.0,55.25,3415569,0.015625,,,,
2026-01-29,SWKS,55.12,55.85,54.28,55.02,1866318,-0.004162895927601773,,,,
2026-01-30,SWKS,55.55,55.81,54.67,55.53,3649345,0.009269356597600753,,,,
2026-02-02,SWKS,55.29,57.0,55.07,56.95,1694361,0.02557176301098507,,,,
2026-02-03,SWKS,56.85,58.6,54.61,57.0,2447596,0.0008779631255486642,,,,
2026-02-04,SWKS,57.39,60.01,56.28,59.05,2959254,0.035964912280701755,,,,
2026-02-05,SWKS,59.08,61.63,57.9,60.8,2517404,0.029635901778154006,,,,
2026-02-06,SWKS,61.42,62.66,60.99,61.87,1630781,0.01759868421052624,,,,
2026-02-09,SWKS,62.05,62.69,61.38,61.67,1426906,-0.0032325844512687274,,,,
2026-02-10,SWKS,61.79,63.59,61.34,62.07,1243395,0.006486135884546718,,,,
2026-02-11,SWKS,62.67,64.23,62.4,63.2,1219973,0.01820525213468671,,,,
2026-02-12,SWKS,63.84,64.14,60.38,61.0,1581927,-0.034810126582278555,,,,
2026-02-13,SWKS,60.72,62.66,60.28,62.1,1245505,0.0180327868852459,,,,
2026-02-17,SWKS,61.69,62.82,60.88,62.18,1276557,0.0012882447665056862,,,,
2026-02-18,SWKS,62.28,62.85,61.44,62.62,1068587,0.007076230299131625,,,,
2026-02-19,SWKS,61.85,62.25,59.04,59.3,1432012,-0.05301820504631105,,,,
2026-02-20,SWKS,59.3,60.665,58.16,60.0,2204878,0.01180438448566612,,,,
2026-02-23,SWKS,59.86,60.22,58.5,59.89,1209497,-0.0018333333333333535,,,,
2026-02-24,SWKS,59.35,61.455,59.15,59.86,851748,-0.0005009183503089654,,,,
2026-02-25,SWKS,59.98,60.6,59.22,59.78,1025135,-0.0013364517206815307,,,,
2026-02-26,SWKS,59.97,60.72,58.62,59.88,1373317,0.0016728002676480447,,,,
2026-02-27,SWKS,59.32,59.64,57.38,59.01,1362954,-0.014529058116232507,,,,
2026-01-02,SZZL,10.16,10.165,10.16,10.16,11634,,,,,
2026-01-05,SZZL,10.155,10.16,10.155,10.16,412,0.0,,,,
2026-01-06,SZZL,10.16,10.16,10.16,10.16,272,0.0,,,,
2026-01-07,SZZL,10.165,10.165,10.165,10.165,4,0.0004921259842518566,,,,
2026-01-08,SZZL,10.17,10.17,10.165,10.17,901,0.0004918839153960075,,,,
2026-01-09,SZZL,10.17,10.18,10.17,10.18,7729,0.000983284169124854,,,,
2026-01-12,SZZL,10.17,10.17,10.17,10.17,5105,-0.0009823182711198308,,,,
2026-01-13,SZZL,10.17,10.18,10.17,10.18,23484,0.000983284169124854,,,,
2026-01-14,SZZL,10.18,10.195,10.175,10.19,5190,0.0009823182711197198,,,,
2026-01-15,SZZL,10.21,10.21,10.2,10.2,290,0.0009813542688910104,,,,
2026-01-16,SZZL,10.35,10.35,10.21,10.25,620,0.004901960784313708,,,,
2026-01-20,SZZL,10.35,10.35,10.21,10.22,1757,-0.0029268292682925745,,,,
2026-01-21,SZZL,10.22,10.22,10.22,10.22,182,0.0,,,,
2026-01-22,SZZL,10.25,10.35,10.23,10.28,40023,0.005870841487279677,,,,
2026-01-23,SZZL,10.3,10.31,10.25,10.26,17375,-0.0019455252918287869,,,,
2026-01-26,SZZL,10.265,10.29,10.265,10.29,7907,0.0029239766081869956,,,,
2026-01-27,SZZL,10.29,10.29,10.27,10.28,259,-0.0009718172983479434,,,,
2026-01-28,SZZL,10.28,10.28,10.28,10.28,91,0.0,,,,
2026-01-29,SZZL,10.28,10.28,10.28,10.28,564,0.0,,,,
2026-01-30,SZZL,10.29,10.29,10.28,10.28,5,0.0,,,,
2026-02-02,SZZL,10.28,10.28,10.24,10.26,127,-0.0019455252918287869,,,,
2026-02-03,SZZL,10.29,10.29,10.28,10.28,235,0.0019493177387914784,,,,
2026-02-04,SZZL,10.28,10.28,10.24,10.26,2748,-0.0019455252918287869,,,,
2026-02-05,SZZL,10.24,10.24,10.24,10.24,4,-0.0019493177387913674,,,,
2026-02-06,SZZL,10.23,10.28,10.23,10.28,173,0.00390625,,,,
2026-02-09,SZZL,10.29,10.29,10.28,10.28,658,0.0,,,,
2026-02-10,SZZL,10.28,10.28,10.28,10.28,110,0.0,,,,
2026-02-11,SZZL,10.235,10.25,10.22,10.25,8070,-0.0029182879377431803,,,,
2026-02-12,SZZL,10.25,10.25,10.22,10.22,20,-0.0029268292682925745,,,,
2026-02-13,SZZL,10.25,10.25,10.21,10.22,4742,0.0,,,,
2026-02-17,SZZL,10.24,10.24,10.24,10.24,300,0.001956947162426559,,,,
2026-02-18,SZZL,10.24,10.24,10.24,10.24,300,0.0,,,,
2026-02-19,SZZL,10.24,10.24,10.2,10.24,5211,0.0,,,,
2026-02-20,SZZL,10.24,10.24,10.24,10.24,18,0.0,,,,
2026-02-23,SZZL,10.24,10.24,10.24,10.24,608,0.0,,,,
2026-02-24,SZZL,10.23,10.24,10.23,10.24,54,0.0,,,,
2026-02-25,SZZL,10.23,10.24,10.23,10.24,764,0.0,,,,
2026-02-26,SZZL,10.2,10.24,10.2,10.24,1734,0.0,,,,
2026-02-27,SZZL,10.24,10.24,10.24,10.24,300,0.0,,,,
2026-01-06,TACH,10.23,10.26,10.23,10.26,2960,,,,,
2026-01-07,TACH,10.26,10.26,10.24,10.24,4501,-0.0019493177387913674,,,,
2026-01-08,TACH,10.27,10.27,10.27,10.27,2,0.0029296875,,,,
2026-01-13,TACH,10.28,10.29,10.28,10.29,2300,0.0019474196689386325,,,,
2026-01-15,TACH,10.29,10.29,10.29,10.29,100,0.0,,,,
2026-01-16,TACH,10.29,10.29,10.24,10.25,19,-0.0038872691933915515,,,,
2026-01-20,TACH,10.28,10.29,10.275,10.28,15103,0.0029268292682926855,,,,
2026-01-21,TACH,10.29,10.29,10.28,10.28,3938,0.0,,,,
2026-01-22,TACH,10.28,10.28,10.28,10.28,189,0.0,,,,
2026-01-23,TACH,10.28,10.29,10.28,10.29,16950,0.0009727626459143934,,,,
2026-01-26,TACH,10.3,10.3,10.3,10.3,1104,0.0009718172983481654,,,,
2026-01-27,TACH,10.34,10.35,10.34,10.35,22,0.004854368932038833,,,,
2026-01-28,TACH,10.3,10.3,10.28,10.28,608,-0.006763285024154575,,,,
2026-01-29,TACH,10.31,10.34,10.29,10.33,595,0.004863813229571967,,,,
2026-01-30,TACH,10.33,10.33,10.33,10.33,24,0.0,,,,
2026-02-02,TACH,10.32,10.32,10.32,10.32,1,-0.0009680542110358514,,,,
2026-02-04,TACH,10.34,10.34,10.34,10.34,8,0.0019379844961240345,,,,
2026-02-05,TACH,10.33,10.35,10.33,10.35,15,0.0009671179883945502,,,,
2026-02-06,TACH,10.29,10.29,10.29,10.29,200,-0.005797101449275366,,,,
2026-02-09,TACH,10.31,10.31,10.29,10.31,768,0.0019436345966958868,,,,
2026-02-11,TACH,10.3,10.31,10.29,10.3,1424,-0.0009699321047526022,,,,
2026-02-12,TACH,10.31,10.31,10.31,10.31,1,0.000970873786407811,,,,
2026-02-13,TACH,10.31,10.31,10.31,10.31,2,0.0,,,,
2026-02-17,TACH,10.3,10.3,10.3,10.3,400,-0.0009699321047526022,,,,
2026-02-18,TACH,10.3,10.3,10.29,10.3,25627,0.0,,,,
2026-02-19,TACH,10.31,10.31,10.31,10.31,20,0.000970873786407811,,,,
2026-02-20,TACH,10.3,10.3,10.28,10.28,79,-0.0029097963142581396,,,,
2026-02-23,TACH,10.29,10.31,10.29,10.31,528,0.0029182879377434023,,,,
2026-02-24,TACH,10.34,10.34,10.29,10.29,9905,-0.0019398642095054264,,,,
2026-02-25,TACH,10.29,10.31,10.29,10.31,14700,0.0019436345966958868,,,,
2026-02-26,TACH,10.285,10.285,10.28,10.28,258,-0.0029097963142581396,,,,
2026-02-27,TACH,10.28,10.28,10.28,10.28,1700,0.0,,,,
2026-01-02,TACO,10.14,10.17,10.14,10.17,623,,,,,
2026-01-05,TACO,10.12,10.17,10.12,10.17,10429,0.0,,,,
2026-01-06,TACO,10.14,10.17,10.14,10.17,269,0.0,,,,
2026-01-07,TACO,10.17,10.17,10.14,10.17,352,0.0,,,,
2026-01-08,TACO,10.13,10.16,10.13,10.15,1486,-0.001966568338249708,,,,
2026-01-09,TACO,10.145,10.15,10.14,10.15,450,0.0,,,,
2026-01-12,TACO,10.14,10.17,10.14,10.16,12422,0.0009852216748769127,,,,
2026-01-13,TACO,10.16,10.19,10.15,10.19,3191,0.0029527559055118058,,,,
2026-01-14,TACO,10.17,10.17,10.15,10.16,9308,-0.0029440628066731422,,,,
2026-01-15,TACO,10.155,10.2,10.155,10.16,12462,0.0,,,,
2026-01-16,TACO,10.14,10.165,10.14,10.16,3170,0.0,,,,
2026-01-20,TACO,10.17,10.18,10.17,10.18,5592,0.0019685039370078705,,,,
2026-01-21,TACO,10.18,10.21,10.165,10.19,8421,0.0009823182711197198,,,,
2026-01-22,TACO,10.19,10.19,10.18,10.18,1226,-0.0009813542688910104,,,,
2026-01-23,TACO,10.19,10.19,10.19,10.19,622,0.0009823182711197198,,,,
2026-01-26,TACO,10.2,10.2,10.18,10.19,6271,0.0,,,,
2026-01-27,TACO,10.2,10.2,10.19,10.2,347,0.0009813542688910104,,,,
2026-01-28,TACO,10.2,10.21,10.19,10.21,715,0.0009803921568629637,,,,
2026-01-29,TACO,10.21,10.21,10.19,10.2,795,-0.0009794319294810228,,,,
2026-01-30,TACO,10.21,10.21,10.2,10.21,961,0.0009803921568629637,,,,
2026-02-02,TACO,10.2,10.2,10.19,10.2,4111,-0.0009794319294810228,,,,
2026-02-03,TACO,10.21,10.21,10.2,10.2,2316,0.0,,,,
2026-02-04,TACO,10.2,10.2,10.19,10.19,1687,-0.0009803921568627416,,,,
2026-02-05,TACO,10.19,10.21,10.19,10.21,855,0.001962708537782243,,,,
2026-02-06,TACO,10.21,10.21,10.19,10.21,646,0.0,,,,
2026-02-09,TACO,10.18,10.2,10.18,10.2,1280,-0.0009794319294810228,,,,
2026-02-10,TACO,10.2,10.2,10.17,10.17,24069,-0.002941176470588225,,,,
2026-02-11,TACO,10.19,10.2,10.19,10.19,2990,0.001966568338249708,,,,
2026-02-12,TACO,10.19,10.19,10.17,10.19,23945,0.0,,,,
2026-02-13,TACO,10.21,10.21,10.18,10.19,2721,0.0,,,,
2026-02-17,TACO,10.21,10.21,10.17,10.18,63644,-0.0009813542688910104,,,,
2026-02-18,TACO,10.18,10.18,10.17,10.17,8517,-0.0009823182711198308,,,,
2026-02-19,TACO,10.19,10.19,10.19,10.19,3015,0.001966568338249708,,,,
2026-02-20,TACO,10.19,10.19,10.19,10.19,888,0.0,,,,
2026-02-23,TACO,10.18,10.2,10.18,10.2,1027,0.0009813542688910104,,,,
2026-02-24,TACO,10.2,10.21,10.2,10.21,923,0.0009803921568629637,,,,
2026-02-25,TACO,10.21,10.21,10.2,10.21,23301,0.0,,,,
2026-02-26,TACO,10.21,10.21,10.21,10.21,962,0.0,,,,
2026-02-27,TACO,10.21,10.215,10.195,10.21,103612,0.0,,,,
2026-01-02,TALK,3.57,3.65,3.45,3.51,394003,,,,,
2026-01-05,TALK,3.51,3.665,3.5,3.6,223504,0.025641025641025772,,,,
2026-01-06,TALK,3.67,3.95,3.65,3.95,465066,0.09722222222222232,,,,
2026-01-07,TALK,3.93,4.015,3.91,3.93,593139,-0.005063291139240533,,,,
2026-01-08,TALK,4.01,4.13,4.0,4.0,609085,0.01781170483460559,,,,
2026-01-09,TALK,4.06,4.14,3.945,4.02,380367,0.004999999999999893,,,,
2026-01-12,TALK,4.04,4.04,3.91,3.99,235997,-0.007462686567163979,,,,
2026-01-13,TALK,4.0,4.015,3.865,3.98,371593,-0.0025062656641604564,,,,
2026-01-14,TALK,3.93,3.97,3.775,3.79,539844,-0.047738693467336724,,,,
2026-01-15,TALK,3.82,3.87,3.73,3.86,431911,0.01846965699208436,,,,
2026-01-16,TALK,3.84,4.005,3.78,3.96,537238,0.02590673575129543,,,,
2026-01-20,TALK,3.9,3.9,3.72,3.77,275675,-0.04797979797979801,,,,
2026-01-21,TALK,3.73,3.85,3.725,3.83,298960,0.01591511936339529,,,,
2026-01-22,TALK,3.68,4.05,3.68,3.94,356816,0.02872062663185382,,,,
2026-01-23,TALK,3.97,4.095,3.93,4.05,564027,0.027918781725888353,,,,
2026-01-26,TALK,4.08,4.18,4.02,4.04,393454,-0.0024691358024691024,,,,
2026-01-27,TALK,3.94,4.115,3.94,4.05,350227,0.0024752475247524774,,,,
2026-01-28,TALK,4.01,4.03,3.945,3.97,508736,-0.01975308641975304,,,,
2026-01-29,TALK,3.99,4.02,3.815,3.93,388266,-0.010075566750629705,,,,
2026-01-30,TALK,3.88,4.065,3.88,4.03,397071,0.025445292620865256,,,,
2026-02-02,TALK,4.03,4.24,4.03,4.12,489004,0.022332506203473823,,,,
2026-02-03,TALK,4.13,4.16,3.84,3.97,632691,-0.036407766990291246,,,,
2026-02-04,TALK,4.03,4.03,3.855,3.89,449664,-0.02015113350125941,,,,
2026-02-05,TALK,3.87,3.995,3.78,3.78,451121,-0.028277634961439646,,,,
2026-02-06,TALK,3.83,3.91,3.77,3.86,270959,0.021164021164021163,,,,
2026-02-09,TALK,3.87,3.91,3.71,3.85,164014,-0.002590673575129432,,,,
2026-02-10,TALK,3.84,4.015,3.83,3.85,203984,0.0,,,,
2026-02-11,TALK,3.93,3.96,3.845,3.95,224742,0.025974025974025983,,,,
2026-02-12,TALK,3.97,3.975,3.68,3.72,287855,-0.0582278481012658,,,,
2026-02-13,TALK,3.77,3.895,3.71,3.77,419379,0.013440860215053752,,,,
2026-02-17,TALK,3.77,3.91,3.72,3.83,369443,0.01591511936339529,,,,
2026-02-18,TALK,3.83,4.06,3.785,4.06,491335,0.06005221932114879,,,,
2026-02-19,TALK,4.0,5.12,4.0,4.77,2217551,0.17487684729064035,,,,
2026-02-20,TALK,4.88,5.16,4.8,4.99,869869,0.04612159329140475,,,,
2026-02-23,TALK,4.91,4.99,4.505,4.71,529719,-0.05611222444889785,,,,
2026-02-24,TALK,4.95,4.95,4.28,4.54,377639,-0.03609341825902335,,,,
2026-02-25,TALK,4.55,4.57,4.41,4.54,237064,0.0,,,,
2026-02-26,TALK,4.44,4.895,4.44,4.8,550104,0.05726872246696035,,,,
2026-02-27,TALK,4.82,4.875,4.69,4.82,375974,0.004166666666666874,,,,
2026-01-02,TBH,0.4302,0.4453,0.4212,0.435,24318,,,,,
2026-01-05,TBH,0.47,0.5454,0.47,0.5089,75267,0.16988505747126448,,,,
2026-01-06,TBH,0.529,0.529,0.469,0.513,37918,0.008056592650815375,,,,
2026-01-07,TBH,0.56,0.56,0.484,0.5243,12645,0.02202729044834295,,,,
2026-01-08,TBH,0.5275,0.55,0.4953,0.535,22517,0.020408163265306145,,,,
2026-01-09,TBH,0.535,0.55,0.5179,0.5499,20122,0.027850467289719738,,,,
2026-01-12,TBH,0.5498,0.5498,0.5245,0.5327,13653,-0.03127841425713784,,,,
2026-01-13,TBH,0.508,0.5196,0.4915,0.5003,24556,-0.060822226393842715,,,,
2026-01-14,TBH,0.495,0.5199,0.4934,0.5105,17185,0.02038776733959624,,,,
2026-01-15,TBH,0.5,0.5,0.4447,0.4599,36496,-0.09911851126346716,,,,
2026-01-16,TBH,0.45,0.4788,0.4148,0.4717,29201,0.025657751685149055,,,,
2026-01-20,TBH,0.4564,0.4738,0.4007,0.411,46339,-0.128683485266059,,,,
2026-01-21,TBH,0.405,0.4393,0.4027,0.435,24326,0.05839416058394176,,,,
2026-01-22,TBH,0.4437,0.48,0.435,0.4701,15339,0.08068965517241389,,,,
2026-01-23,TBH,0.4853,0.4853,0.4457,0.4501,14877,-0.04254413954477776,,,,
2026-01-26,TBH,0.4394,0.45,0.4238,0.4252,9878,-0.055321039768940206,,,,
2026-01-27,TBH,0.413,0.4563,0.4114,0.4473,15420,0.05197554092191892,,,,
2026-01-28,TBH,0.43,0.4617,0.4237,0.4407,14608,-0.014755197853789426,,,,
2026-01-29,TBH,0.43,0.4445,0.41,0.4163,20167,-0.05536646244610843,,,,
2026-01-30,TBH,0.4163,0.4678,0.4,0.429,62984,0.03050684602450149,,,,
2026-02-02,TBH,0.3926,0.46,0.3926,0.445,22001,0.037296037296037365,,,,
2026-02-03,TBH,0.4371,0.4371,0.4192,0.4236,2864,-0.048089887640449525,,,,
2026-02-04,TBH,0.421,0.421,0.3836,0.4004,29942,-0.05476864966949957,,,,
2026-02-05,TBH,0.414,0.421,0.3711,0.3711,7891,-0.07317682317682317,,,,
2026-02-06,TBH,0.4133,0.42,0.3729,0.3729,17659,0.004850444624090677,,,,
2026-02-09,TBH,0.38,0.3881,0.3718,0.3718,6768,-0.002949852507374562,,,,
2026-02-10,TBH,0.3897,0.3974,0.3871,0.392,2755,0.05433028509951576,,,,
2026-02-11,TBH,0.3917,0.4025,0.3705,0.4025,5176,0.026785714285714413,,,,
2026-02-12,TBH,0.38,0.386,0.3311,0.3311,38647,-0.17739130434782613,,,,
2026-02-13,TBH,0.3331,0.346,0.3114,0.3435,6564,0.03745092117185145,,,,
2026-02-17,TBH,0.35,0.35,0.2853,0.29,47027,-0.15574963609898118,,,,
2026-02-18,TBH,0.2854,0.3,0.2854,0.2998,4435,0.03379310344827591,,,,
2026-02-19,TBH,0.305,0.325,0.2629,0.325,34207,0.08405603735823886,,,,
2026-02-20,TBH,0.332,0.332,0.2703,0.278,9049,-0.1446153846153846,,,,
2026-02-23,TBH,0.2705,0.2898,0.26,0.2701,51959,-0.028417266187050427,,,,
2026-02-24,TBH,0.2702,0.2822,0.253,0.2552,21107,-0.05516475379489083,,,,
2026-02-25,TBH,0.2615,0.287,0.2606,0.2687,41846,0.05289968652037613,,,,
2026-02-26,TBH,0.27,0.2801,0.25,0.2563,86786,-0.04614812058057316,,,,
2026-02-27,TBH,0.2563,0.2827,0.2451,0.2798,281341,0.09168942645337497,,,,
2026-01-02,TBRG,22.07,22.12,20.63,20.9,49554,,,,,
2026-01-05,TBRG,21.01,21.8,20.87,21.42,20673,0.024880382775119836,,,,
2026-01-06,TBRG,21.23,21.8,21.14,21.69,24454,0.012605042016806678,,,,
2026-01-07,TBRG,21.8,21.99,21.46,21.72,22607,0.0013831258644536604,,,,
2026-01-08,TBRG,21.96,22.89,21.75,22.7,28558,0.045119705340699756,,,,
2026-01-09,TBRG,22.57,22.985,21.36,21.51,48880,-0.0524229074889867,,,,
2026-01-12,TBRG,21.52,21.86,21.26,21.84,17967,0.015341701534170138,,,,
2026-01-13,TBRG,21.82,21.99,21.7,21.95,32668,0.005036630036630019,,,,
2026-01-14,TBRG,21.98,22.11,21.89,21.95,18083,0.0,,,,
2026-01-15,TBRG,21.9,22.04,21.38,21.74,51323,-0.009567198177676595,,,,
2026-01-16,TBRG,21.63,21.64,20.65,20.7,35026,-0.047838086476540864,,,,
2026-01-20,TBRG,20.48,20.53,20.1,20.1,30298,-0.02898550724637672,,,,
2026-01-21,TBRG,20.21,20.25,19.67,20.16,40047,0.0029850746268655914,,,,
2026-01-22,TBRG,20.28,20.92,20.27,20.75,16254,0.029265873015873023,,,,
2026-01-23,TBRG,20.56,21.0,20.54,20.62,17015,-0.006265060240963849,,,,
2026-01-26,TBRG,20.5,21.015,20.35,20.86,19483,0.011639185257031892,,,,
2026-01-27,TBRG,20.78,20.89,20.43,20.45,19703,-0.019654841802492773,,,,
2026-01-28,TBRG,20.4,20.4,20.0,20.1,24328,-0.017114914425427785,,,,
2026-01-29,TBRG,20.1,20.18,19.37,19.58,17882,-0.025870646766169347,,,,
2026-01-30,TBRG,19.44,19.73,18.84,19.35,35612,-0.011746680286006006,,,,
2026-02-02,TBRG,19.47,21.35,19.145,20.75,137298,0.07235142118863047,,,,
2026-02-03,TBRG,20.34,21.47,20.1,21.05,168456,0.014457831325301207,,,,
2026-02-04,TBRG,21.34,23.18,21.34,22.06,181940,0.04798099762470298,,,,
2026-02-05,TBRG,22.27,22.47,20.62,20.82,63601,-0.05621033544877596,,,,
2026-02-06,TBRG,20.84,21.15,20.01,20.25,47791,-0.02737752161383289,,,,
2026-02-09,TBRG,20.23,20.49,19.34,19.7,45118,-0.02716049382716057,,,,
2026-02-10,TBRG,19.99,20.12,18.94,18.99,30040,-0.03604060913705587,,,,
2026-02-11,TBRG,19.0,19.21,18.26,18.64,85744,-0.018430753027909308,,,,
2026-02-12,TBRG,18.69,19.13,18.37,19.13,50531,0.026287553648068673,,,,
2026-02-13,TBRG,18.86,19.83,18.86,19.5,37555,0.019341348667015312,,,,
2026-02-17,TBRG,19.5,19.81,19.28,19.69,27609,0.009743589743589798,,,,
2026-02-18,TBRG,20.0,20.61,19.53,20.1,146495,0.020822752666328048,,,,
2026-02-19,TBRG,19.88,20.09,19.21,19.87,66853,-0.011442786069651767,,,,
2026-02-20,TBRG,19.83,20.5,19.72,20.28,47886,0.0206341217916457,,,,
2026-02-23,TBRG,20.28,20.42,19.52,19.55,50474,-0.035996055226824475,,,,
2026-02-24,TBRG,19.5,19.78,19.34,19.62,40831,0.003580562659846631,,,,
2026-02-25,TBRG,19.58,20.19,19.53,20.13,24420,0.02599388379204881,,,,
2026-02-26,TBRG,20.09,20.59,19.605,19.77,83360,-0.01788375558867361,,,,
2026-02-27,TBRG,19.63,19.87,19.25,19.29,38271,-0.02427921092564489,,,,
2026-01-02,TDAC,10.44,10.44,10.44,10.44,30,,,,,
2026-01-05,TDAC,10.48,10.48,10.48,10.48,1,0.003831417624521105,,,,
2026-01-06,TDAC,10.48,10.48,10.48,10.48,1,0.0,,,,
2026-01-07,TDAC,10.41,10.41,10.41,10.41,1,-0.00667938931297718,,,,
2026-01-08,TDAC,10.48,10.48,10.48,10.48,3700,0.00672430355427478,,,,
2026-01-14,TDAC,10.49,10.49,10.49,10.49,22,0.000954198473282375,,,,
2026-01-15,TDAC,10.49,10.49,10.49,10.49,42,0.0,,,,
2026-01-20,TDAC,10.5,10.5,10.5,10.5,2,0.0009532888465204614,,,,
2026-01-21,TDAC,10.49,10.58,10.49,10.58,10531,0.007619047619047636,,,,
2026-01-22,TDAC,10.56,10.56,10.56,10.56,86400,-0.001890359168241873,,,,
2026-01-26,TDAC,10.53,10.53,10.5,10.53,701,-0.0028409090909091717,,,,
2026-02-06,TDAC,10.525,10.56,10.525,10.56,157,0.002849002849002913,,,,
2026-02-13,TDAC,10.55,10.55,10.55,10.55,538,-0.0009469696969697239,,,,
2026-02-18,TDAC,10.55,10.55,10.55,10.55,67,0.0,,,,
2026-02-19,TDAC,10.55,10.55,10.55,10.55,23,0.0,,,,
2026-02-23,TDAC,10.53,10.53,10.53,10.53,100,-0.0018957345971565287,,,,
2026-02-24,TDAC,10.54,10.55,10.54,10.55,3,0.0018993352326686086,,,,
2026-02-25,TDAC,10.54,10.55,10.53,10.53,3,-0.0018957345971565287,,,,
2026-02-26,TDAC,10.54,10.54,10.53,10.53,2,0.0,,,,
2026-01-02,TDS,41.0,41.8,40.79,41.68,75400,,,,,
2026-01-05,TDS,41.45,41.55,40.44,40.77,60016,-0.021833013435700543,,,,
2026-01-06,TDS,40.77,41.2,39.365,40.63,151728,-0.003433897473632541,,,,
2026-01-07,TDS,40.8,42.37,40.15,41.8,338382,0.02879645582082202,,,,
2026-01-08,TDS,41.59,43.43,40.59,40.715,164056,-0.025956937799042956,,,,
2026-01-09,TDS,41.2,41.72,40.51,41.585,159421,0.021368046174628397,,,,
2026-01-12,TDS,41.32,42.8,41.0,42.2,81904,0.014788986413370342,,,,
2026-01-13,TDS,42.2,43.4,42.04,43.4,110941,0.02843601895734582,,,,
2026-01-14,TDS,42.81,44.715,42.36,44.335,158308,0.021543778801843327,,,,
2026-01-15,TDS,44.7,44.9,43.59,44.51,93683,0.00394722002932224,,,,
2026-01-16,TDS,45.0,45.0,44.44,44.77,70379,0.005841383958661073,,,,
2026-01-20,TDS,44.67,44.76,43.28,43.29,99230,-0.03305785123966953,,,,
2026-01-21,TDS,43.46,44.37,43.1,43.95,82872,0.015246015246015432,,,,
2026-01-22,TDS,44.1,44.91,43.77,44.84,74272,0.020250284414107034,,,,
2026-01-23,TDS,44.93,44.93,44.01,44.11,88592,-0.016280107047279335,,,,
2026-01-26,TDS,44.2,44.58,43.78,44.04,84226,-0.001586941736567704,,,,
2026-01-27,TDS,44.2,44.2,42.75,43.61,43247,-0.009763851044504945,,,,
2026-01-28,TDS,43.9,44.35,43.2,43.61,89702,0.0,,,,
2026-01-29,TDS,44.13,44.9,43.55,44.65,103729,0.02384774134372858,,,,
2026-01-30,TDS,44.72,45.7,44.63,45.1,97262,0.010078387458006821,,,,
2026-02-02,TDS,44.75,45.545,44.75,45.405,86201,0.0067627494456763415,,,,
2026-02-03,TDS,45.3,46.33,45.3,46.09,93287,0.015086444224204465,,,,
2026-02-04,TDS,46.1,46.91,46.015,46.67,148514,0.012584074636580622,,,,
2026-02-05,TDS,46.31,47.07,45.56,45.82,147536,-0.018212984786801,,,,
2026-02-06,TDS,46.5,46.8,45.65,45.815,57953,-0.00010912265386298081,,,,
2026-02-09,TDS,46.05,46.47,45.3,45.865,62485,0.0010913456291608004,,,,
2026-02-10,TDS,46.15,46.56,45.67,45.8,55942,-0.0014172026599804655,,,,
2026-02-11,TDS,46.21,46.605,44.75,45.97,93094,0.003711790393013059,,,,
2026-02-12,TDS,46.5,47.03,45.37,46.83,92984,0.0187078529475746,,,,
2026-02-13,TDS,47.23,47.77,46.975,47.6,75037,0.01644245142002987,,,,
2026-02-17,TDS,47.69,47.75,46.39,46.81,147250,-0.016596638655462126,,,,
2026-02-18,TDS,46.76,47.23,45.12,45.16,115637,-0.035248878444776865,,,,
2026-02-19,TDS,45.18,45.74,44.75,45.57,256632,0.009078830823737949,,,,
2026-02-20,TDS,45.5,48.57,43.71,45.29,293461,-0.006144393241167445,,,,
2026-02-23,TDS,45.8,46.0,43.13,44.18,246489,-0.02450872157209094,,,,
2026-02-24,TDS,43.46,44.59,43.1,44.48,126450,0.006790402897238534,,,,
2026-02-25,TDS,44.83,45.65,44.13,45.35,114084,0.019559352517985795,,,,
2026-02-26,TDS,44.66,45.66,44.34,44.74,76887,-0.013450937155457532,,,,
2026-02-27,TDS,44.06,45.64,44.06,44.76,82832,0.00044702726866319153,,,,
2026-01-02,TMHC,58.8,59.06,58.22,58.83,82182,,,,,
2026-01-05,TMHC,59.1,59.54,58.14,58.935,120401,0.001784803671596169,,,,
2026-01-06,TMHC,58.93,59.14,57.28,59.07,91328,0.0022906592008145044,,,,
2026-01-07,TMHC,60.13,60.28,58.0,58.43,152195,-0.010834603013374022,,,,
2026-01-08,TMHC,57.84,62.09,57.72,61.0,101993,0.04398425466370015,,,,
2026-01-09,TMHC,61.28,65.56,61.16,65.36,196200,0.07147540983606548,,,,
2026-01-12,TMHC,65.36,65.7,64.5,64.9,79700,-0.007037943696450277,,,,
2026-01-13,TMHC,65.39,65.56,64.6,65.265,85287,0.00562403697996916,,,,
2026-01-14,TMHC,64.68,65.35,63.31,63.46,91708,-0.027656477438136817,,,,
2026-01-15,TMHC,63.16,64.53,63.16,64.19,59718,0.011503309171131404,,,,
2026-01-16,TMHC,63.96,64.31,62.73,63.26,85446,-0.014488238043308899,,,,
2026-01-20,TMHC,61.79,63.4,61.67,62.88,75284,-0.006006955422067639,,,,
2026-01-21,TMHC,63.0,65.22,62.75,65.0,112986,0.03371501272264621,,,,
2026-01-22,TMHC,64.39,65.535,62.73,63.29,123666,-0.026307692307692365,,,,
2026-01-23,TMHC,63.6,63.6,61.58,62.28,72432,-0.015958287249170477,,,,
2026-01-26,TMHC,62.42,62.42,61.395,62.11,91182,-0.002729608220937707,,,,
2026-01-27,TMHC,61.76,61.91,60.94,61.17,112565,-0.015134438898728009,,,,
2026-01-28,TMHC,61.14,62.38,60.5,61.22,101173,0.0008173941474578506,,,,
2026-01-29,TMHC,61.175,62.14,60.08,61.51,96278,0.004737014047696775,,,,
2026-01-30,TMHC,60.55,61.61,59.89,60.97,105919,-0.008779060315395881,,,,
2026-02-02,TMHC,60.59,62.07,60.425,61.65,102384,0.011153026078399186,,,,
2026-02-03,TMHC,61.63,65.85,61.5,63.81,204783,0.0350364963503651,,,,
2026-02-04,TMHC,64.91,66.64,64.69,65.35,113565,0.024134148252624943,,,,
2026-02-05,TMHC,66.04,66.36,64.84,65.17,85251,-0.0027543993879111106,,,,
2026-02-06,TMHC,65.19,66.34,63.815,65.83,139737,0.010127359214362475,,,,
2026-02-09,TMHC,65.64,66.025,64.42,64.605,57208,-0.018608537141120984,,,,
2026-02-10,TMHC,65.0,67.26,65.0,66.405,168698,0.027861620617599225,,,,
2026-02-11,TMHC,66.11,67.02,64.84,65.74,175039,-0.010014306151645336,,,,
2026-02-12,TMHC,65.49,67.02,65.39,65.39,196149,-0.005324003650745257,,,,
2026-02-13,TMHC,65.59,70.28,65.5,69.38,357168,0.061018504358464565,,,,
2026-02-17,TMHC,69.26,69.26,66.85,68.1,117132,-0.01844912078408767,,,,
2026-02-18,TMHC,67.82,68.71,67.0,67.43,109875,-0.009838472834067358,,,,
2026-02-19,TMHC,67.26,67.74,66.85,67.1,137742,-0.004893964110930016,,,,
2026-02-20,TMHC,67.5,68.63,67.2,67.92,149527,0.012220566318926984,,,,
2026-02-23,TMHC,68.02,68.09,65.65,66.73,129276,-0.01752061248527681,,,,
2026-02-24,TMHC,66.87,68.02,66.83,66.92,172519,0.0028472950696838417,,,,
2026-02-25,TMHC,66.89,67.89,63.9,65.36,162781,-0.023311416616855984,,,,
2026-02-26,TMHC,65.75,65.9,64.96,65.81,88389,0.006884944920440672,,,,
2026-02-27,TMHC,65.46,66.885,65.12,65.9,91253,0.0013675733171250037,,,,
2026-01-02,TWO,10.72,10.91,10.44,10.575,204386,,,,,
2026-01-05,TWO,10.31,10.43,9.985,10.41,465216,-0.015602836879432536,,,,
2026-01-06,TWO,10.38,10.48,10.05,10.415,266478,0.0004803073967338811,,,,
2026-01-07,TWO,10.55,11.165,10.48,10.695,438257,0.026884301488238282,,,,
2026-01-08,TWO,10.66,11.45,10.585,11.36,258110,0.06217858812529209,,,,
2026-01-09,TWO,11.3,12.53,11.3,12.3,1314844,0.08274647887323949,,,,
2026-01-12,TWO,12.15,12.465,11.94,12.275,364907,-0.002032520325203291,,,,
2026-01-13,TWO,12.34,12.55,12.13,12.385,301240,0.008961303462321712,,,,
2026-01-14,TWO,12.38,12.835,12.17,12.62,324443,0.01897456600726688,,,,
2026-01-15,TWO,12.59,13.395,12.56,12.94,470795,0.02535657686212356,,,,
2026-01-16,TWO,13.17,14.17,13.17,14.05,675030,0.08578052550231852,,,,
2026-01-20,TWO,13.77,13.84,13.225,13.31,438932,-0.05266903914590748,,,,
2026-01-21,TWO,13.36,13.53,13.095,13.44,290116,0.009767092411720357,,,,
2026-01-22,TWO,13.43,13.8,13.36,13.435,242828,-0.00037202380952372494,,,,
2026-01-23,TWO,13.36,13.82,13.2,13.36,273649,-0.005582433941198395,,,,
2026-01-26,TWO,13.3,13.44,13.12,13.37,163777,0.0007485029940119681,,,,
2026-01-27,TWO,13.35,13.665,13.23,13.595,213577,0.016828721017202897,,,,
2026-01-28,TWO,13.6,13.825,13.485,13.715,374116,0.008826774549466565,,,,
2026-01-29,TWO,13.68,13.78,13.16,13.16,288023,-0.04046664236237696,,,,
2026-01-30,TWO,13.02,13.1,11.21,11.46,646286,-0.12917933130699077,,,,
2026-02-02,TWO,11.5,12.5,11.17,12.09,594716,0.054973821989528604,,,,
2026-02-03,TWO,12.05,12.66,11.655,11.82,902217,-0.022332506203473934,,,,
2026-02-04,TWO,11.85,12.0,11.31,11.93,573832,0.009306260575296044,,,,
2026-02-05,TWO,11.84,12.025,11.49,11.945,412219,0.0012573344509640982,,,,
2026-02-06,TWO,12.05,12.05,10.92,11.055,426139,-0.07450816241105074,,,,
2026-02-09,TWO,11.03,11.06,10.505,10.96,309839,-0.008593396653097995,,,,
2026-02-10,TWO,10.885,11.385,10.885,11.275,349888,0.028740875912408814,,,,
2026-02-11,TWO,11.32,11.32,10.65,10.845,231249,-0.0381374722838137,,,,
2026-02-12,TWO,10.94,11.21,10.865,10.92,197762,0.006915629322268302,,,,
2026-02-13,TWO,11.18,11.78,11.015,11.4,454272,0.04395604395604402,,,,
2026-02-17,TWO,11.45,11.57,11.2,11.24,269381,-0.01403508771929829,,,,
2026-02-18,TWO,11.26,11.48,11.12,11.3,175660,0.005338078291815096,,,,
2026-02-19,TWO,11.2,11.24,10.91,11.155,201030,-0.012831858407079788,,,,
2026-02-20,TWO,11.13,11.145,10.73,10.79,167652,-0.03272075302554911,,,,
2026-02-23,TWO,10.74,10.79,10.42,10.57,185490,-0.020389249304911816,,,,
2026-02-24,TWO,10.535,10.71,10.31,10.66,183837,0.008514664143803197,,,,
2026-02-25,TWO,10.7,10.7,9.005,9.67,1270545,-0.09287054409005635,,,,
2026-02-26,TWO,9.74,10.59,9.585,10.42,440546,0.07755946225439514,,,,
2026-02-27,TWO,10.42,10.63,10.3,10.32,315019,-0.009596928982725461,,,,
2026-01-02,TXN,174.98,178.89,174.91,177.28,2736037,,,,,
2026-01-05,TXN,178.28,182.89,176.89,178.3,2790894,0.005753610108303331,,,,
2026-01-06,TXN,178.11,192.92,178.11,191.95,4326168,0.07655636567582702,,,,
2026-01-07,TXN,190.34,191.08,184.49,184.5,3261614,-0.0388121906746548,,,,
2026-01-08,TXN,184.74,189.07,182.42,188.34,2495961,0.020813008130081245,,,,
2026-01-09,TXN,188.14,191.4,187.54,190.18,2388689,0.009769565679091041,,,,
2026-01-12,TXN,188.49,190.82,187.97,188.85,3049671,-0.0069933746976549305,,,,
2026-01-13,TXN,188.13,189.75,187.1,188.1,1795390,-0.003971405877680745,,,,
2026-01-14,TXN,188.14,193.61,186.79,193.0,3291257,0.026049973418394545,,,,
2026-01-15,TXN,193.11,196.6,188.45,189.75,2618865,-0.016839378238341918,,,,
2026-01-16,TXN,190.41,192.47,189.16,191.49,3203090,0.009169960474308292,,,,
2026-01-20,TXN,189.13,192.43,187.95,190.22,2826389,-0.00663220011488852,,,,
2026-01-21,TXN,191.01,196.14,189.0,194.53,3098771,0.022657974976343143,,,,
2026-01-22,TXN,195.11,199.5,193.68,194.98,2509500,0.0023132678764199444,,,,
2026-01-23,TXN,195.16,196.4,191.12,192.1,2542529,-0.01477074571750947,,,,
2026-01-26,TXN,193.26,196.89,192.01,196.78,3240524,0.024362311296199923,,,,
2026-01-27,TXN,196.89,216.63,189.0,213.2,3783980,0.08344343937392007,,,,
2026-01-28,TXN,210.82,217.29,202.5,215.95,5891370,0.012898686679174487,,,,
2026-01-29,TXN,214.24,222.0,213.75,217.4,4590169,0.00671451724936345,,,,
2026-01-30,TXN,216.18,217.28,213.02,215.63,3645673,-0.008141674333026705,,,,
2026-02-02,TXN,214.0,225.97,212.47,225.21,4674684,0.04442795529379029,,,,
2026-02-03,TXN,224.01,228.86,216.98,220.0,5332980,-0.023133963855956674,,,,
2026-02-04,TXN,223.03,228.29,216.0,223.23,4751636,0.01468181818181824,,,,
2026-02-05,TXN,223.43,225.82,218.94,222.0,3749207,-0.005510012095148453,,,,
2026-02-06,TXN,224.89,227.72,218.61,220.72,3187206,-0.005765765765765818,,,,
2026-02-09,TXN,221.1,222.16,216.61,217.61,3556952,-0.014090250090612488,,,,
2026-02-10,TXN,218.71,222.06,216.13,221.8,2085859,0.01925462984237858,,,,
2026-02-11,TXN,221.18,231.32,220.51,225.41,3237389,0.016275924256086594,,,,
2026-02-12,TXN,226.7,229.41,220.61,221.89,3535729,-0.015615988642917356,,,,
2026-02-13,TXN,221.73,226.885,220.7,226.36,1965894,0.020145116949840114,,,,
2026-02-17,TXN,224.6,228.22,222.93,224.8,2101222,-0.006891676974730476,,,,
2026-02-18,TXN,225.74,232.99,221.38,222.4,2975137,-0.01067615658362997,,,,
2026-02-19,TXN,221.77,222.55,217.32,217.95,2006392,-0.02000899280575552,,,,
2026-02-20,TXN,218.06,220.43,216.28,219.52,2244192,0.007203487038311529,,,,
2026-02-23,TXN,218.64,222.74,216.9,220.0,2803217,0.0021865889212826506,,,,
2026-02-24,TXN,219.88,224.18,209.59,213.42,3374649,-0.029909090909090996,,,,
2026-02-25,TXN,213.84,216.0,210.69,214.2,2804280,0.003654765251616565,,,,
2026-02-26,TXN,213.91,216.07,210.14,211.74,2397083,-0.011484593837534973,,,,
2026-02-27,TXN,211.94,213.0,208.25,211.67,3547734,-0.00033059412487024264,,,,
2026-01-02,UHS,219.76,221.0,215.13,221.0,69233,,,,,
2026-01-05,UHS,221.19,223.99,217.63,222.72,106495,0.0077828054298643146,,,,
2026-01-06,UHS,223.0,225.56,220.6,221.93,118266,-0.0035470545977011048,,,,
2026-01-07,UHS,219.83,221.34,207.72,208.4,153063,-0.06096516919749473,,,,
2026-01-08,UHS,207.43,214.46,207.21,211.13,94893,0.013099808061420193,,,,
2026-01-09,UHS,211.51,214.72,206.0,207.11,82040,-0.019040401648273475,,,,
2026-01-12,UHS,207.0,207.0,202.94,206.1,75830,-0.00487663560426832,,,,
2026-01-13,UHS,207.0,207.64,198.86,201.71,90225,-0.021300339640950905,,,,
2026-01-14,UHS,202.01,202.66,197.46,198.25,98265,-0.017153338951960806,,,,
2026-01-15,UHS,199.0,205.7,197.86,205.59,70186,0.03702395964691041,,,,
2026-01-16,UHS,205.59,206.06,197.84,199.85,63661,-0.027919645897173995,,,,
2026-01-20,UHS,199.47,202.66,196.77,199.9,64899,0.0002501876407305925,,,,
2026-01-21,UHS,201.04,204.63,199.5,203.68,71147,0.018909454727363606,,,,
2026-01-22,UHS,204.0,206.12,203.395,205.66,51482,0.009721131186174237,,,,
2026-01-23,UHS,206.0,207.55,203.34,205.05,67434,-0.0029660604881842634,,,,
2026-01-26,UHS,205.99,208.565,204.0,204.0,85341,-0.005120702267739641,,,,
2026-01-27,UHS,205.0,213.22,202.35,202.66,62841,-0.006568627450980413,,,,
2026-01-28,UHS,201.34,204.02,197.78,203.17,154075,0.0025165301490179814,,,,
2026-01-29,UHS,203.34,204.1,199.57,200.15,51862,-0.014864399271545925,,,,
2026-01-30,UHS,199.12,202.56,197.42,202.56,40066,0.01204096927304521,,,,
2026-02-02,UHS,201.15,204.1,200.01,201.85,38378,-0.0035051342812006947,,,,
2026-02-03,UHS,202.8,208.57,202.6,207.08,64792,0.025910329452563774,,,,
2026-02-04,UHS,208.73,211.22,205.97,206.48,81711,-0.002897430944562629,,,,
2026-02-05,UHS,206.3,218.33,206.3,218.33,132789,0.05739054629988383,,,,
2026-02-06,UHS,216.5,220.56,216.5,218.475,94759,0.0006641322768285995,,,,
2026-02-09,UHS,218.56,219.22,211.96,212.825,46723,-0.02586108250371899,,,,
2026-02-10,UHS,212.95,214.2,210.98,212.745,48913,-0.00037589568894624836,,,,
2026-02-11,UHS,211.37,232.15,211.37,226.83,130282,0.0662060212930975,,,,
2026-02-12,UHS,230.0,243.84,230.0,233.9,193388,0.03116871666005383,,,,
2026-02-13,UHS,232.5,236.78,228.78,234.35,68278,0.001923899102180382,,,,
2026-02-17,UHS,235.96,239.94,234.67,234.74,47594,0.0016641775122681057,,,,
2026-02-18,UHS,234.01,237.07,232.58,235.33,80266,0.0025134191019851038,,,,
2026-02-19,UHS,235.5,235.5,228.95,229.98,62824,-0.02273403305995847,,,,
2026-02-20,UHS,229.01,231.73,227.62,230.32,54235,0.0014783894251673146,,,,
2026-02-23,UHS,229.01,233.495,229.01,232.63,90335,0.01002952414032654,,,,
2026-02-24,UHS,231.52,232.38,228.0,228.0,78379,-0.019902850019344,,,,
2026-02-25,UHS,228.5,233.77,217.0,219.99,149626,-0.0351315789473684,,,,
2026-02-26,UHS,219.96,220.0,202.84,204.19,228869,-0.07182144642938315,,,,
2026-02-27,UHS,204.5,209.195,203.21,205.92,259720,0.008472501101914887,,,,
2026-01-02,ULCC,4.76,4.76,4.515,4.57,814433,,,,,
2026-01-05,ULCC,4.66,4.855,4.62,4.84,928487,0.05908096280087527,,,,
2026-01-06,ULCC,4.58,4.865,4.45,4.78,1142097,-0.012396694214875992,,,,
2026-01-07,ULCC,4.83,4.96,4.725,4.74,648503,-0.008368200836820106,,,,
2026-01-08,ULCC,4.8,5.2,4.72,4.82,1644151,0.016877637130801704,,,,
2026-01-09,ULCC,4.91,5.33,4.86,5.33,920654,0.10580912863070524,,,,
2026-01-12,ULCC,5.3,5.365,5.165,5.29,1525438,-0.007504690431519689,,,,
2026-01-13,ULCC,5.29,5.29,5.005,5.08,762453,-0.03969754253308133,,,,
2026-01-14,ULCC,5.07,5.12,4.685,4.97,857343,-0.021653543307086687,,,,
2026-01-15,ULCC,4.98,5.09,4.955,5.08,687353,0.02213279678068414,,,,
2026-01-16,ULCC,5.06,5.33,4.94,5.27,1558463,0.03740157480314954,,,,
2026-01-20,ULCC,5.13,5.2,4.9,4.91,700452,-0.06831119544592024,,,,
2026-01-21,ULCC,5.05,5.37,5.04,5.35,1131112,0.08961303462321779,,,,
2026-01-22,ULCC,5.37,5.515,5.16,5.17,895239,-0.03364485981308407,,,,
2026-01-23,ULCC,5.17,5.27,5.06,5.26,699514,0.01740812379110257,,,,
2026-01-26,ULCC,5.2,5.255,5.12,5.12,532370,-0.026615969581748944,,,,
2026-01-27,ULCC,5.16,5.24,4.91,4.96,721501,-0.03125,,,,
2026-01-28,ULCC,5.01,5.2,4.865,4.95,702894,-0.002016129032258007,,,,
2026-01-29,ULCC,4.96,5.095,4.875,4.99,729590,0.008080808080808133,,,,
2026-01-30,ULCC,4.93,4.945,4.62,4.72,1087587,-0.054108216432865786,,,,
2026-02-02,ULCC,4.66,5.12,4.66,5.08,989506,0.07627118644067798,,,,
2026-02-03,ULCC,5.08,5.46,5.08,5.34,1084546,0.051181102362204633,,,,
2026-02-04,ULCC,5.4,5.975,5.27,5.9,1584024,0.10486891385767794,,,,
2026-02-05,ULCC,5.9,5.915,5.515,5.65,916997,-0.0423728813559322,,,,
2026-02-06,ULCC,5.71,6.58,5.71,6.56,1707556,0.16106194690265463,,,,
2026-02-09,ULCC,6.66,6.68,6.26,6.36,959428,-0.030487804878048697,,,,
2026-02-10,ULCC,6.26,6.26,5.595,5.96,1398714,-0.06289308176100639,,,,
2026-02-11,ULCC,5.99,6.54,5.365,5.49,1684775,-0.07885906040268453,,,,
2026-02-12,ULCC,5.6,5.6,4.925,5.31,1367308,-0.03278688524590179,,,,
2026-02-13,ULCC,5.2,5.525,5.16,5.35,715775,0.007532956685499137,,,,
2026-02-17,ULCC,5.38,5.45,5.22,5.33,855253,-0.0037383177570092796,,,,
2026-02-18,ULCC,5.32,5.42,5.075,5.26,636210,-0.013133208255159512,,,,
2026-02-19,ULCC,5.16,5.215,5.005,5.09,879912,-0.03231939163498099,,,,
2026-02-20,ULCC,5.07,5.28,5.005,5.21,921435,0.023575638506876162,,,,
2026-02-23,ULCC,5.1,5.16,4.805,4.88,761662,-0.06333973128598847,,,,
2026-02-24,ULCC,4.95,5.065,4.6,4.64,1050461,-0.049180327868852514,,,,
2026-02-25,ULCC,4.67,4.7,4.51,4.67,695609,0.006465517241379448,,,,
2026-02-26,ULCC,4.71,4.88,4.685,4.75,798847,0.017130620985010614,,,,
2026-02-27,ULCC,4.74,4.75,4.36,4.44,1079689,-0.0652631578947368,,,,
2026-01-02,UNF,192.7,194.39,191.41,193.895,16958,,,,,
2026-01-05,UNF,194.2,200.02,193.78,197.56,24570,0.01890198303205337,,,,
2026-01-06,UNF,197.42,204.89,195.85,204.89,31851,0.037102652358776966,,,,
2026-01-07,UNF,203.16,203.16,185.0,197.19,47515,-0.037581141100102466,,,,
2026-01-08,UNF,195.0,202.89,194.0,202.49,22045,0.026877630711496625,,,,
2026-01-09,UNF,200.79,205.31,198.61,203.32,16449,0.00409896785026409,,,,
2026-01-12,UNF,202.405,204.86,199.11,201.55,12167,-0.008705488884516943,,,,
2026-01-13,UNF,200.75,202.15,198.98,199.95,5448,-0.007938476804763228,,,,
2026-01-14,UNF,201.15,202.39,198.49,202.2,17362,0.011252813203300738,,,,
2026-01-15,UNF,204.11,214.09,203.68,214.0,19516,0.05835806132542043,,,,
2026-01-16,UNF,211.62,214.91,208.295,209.81,14976,-0.019579439252336406,,,,
2026-01-20,UNF,207.79,209.82,205.9,206.015,9174,-0.018087793718125966,,,,
2026-01-21,UNF,205.5,208.69,204.16,206.28,10433,0.0012863141033421233,,,,
2026-01-22,UNF,209.23,209.53,204.89,208.94,28694,0.01289509404692657,,,,
2026-01-23,UNF,209.82,209.82,206.17,206.65,6126,-0.010960084234708511,,,,
2026-01-26,UNF,209.1,209.83,205.75,206.86,12513,0.0010162109847569045,,,,
2026-01-27,UNF,205.77,209.61,204.92,209.61,4845,0.013294015276032134,,,,
2026-01-28,UNF,208.88,209.52,206.28,207.6,8694,-0.009589237154716046,,,,
2026-01-29,UNF,208.5,210.03,206.28,209.33,61925,0.008333333333333526,,,,
2026-01-30,UNF,208.97,215.6,207.4,215.17,14115,0.027898533416137017,,,,
2026-02-02,UNF,216.0,217.17,207.85,207.85,12984,-0.03401961239949802,,,,
2026-02-03,UNF,206.46,208.34,201.6,202.975,22317,-0.023454414241039223,,,,
2026-02-04,UNF,205.4,205.4,201.41,202.9,14865,-0.0003695036334523394,,,,
2026-02-05,UNF,204.3,208.93,202.56,202.56,14908,-0.0016757023164120088,,,,
2026-02-06,UNF,204.3,207.15,199.0,202.42,9970,-0.0006911532385466268,,,,
2026-02-09,UNF,198.69,202.555,198.58,199.78,8436,-0.013042189506965673,,,,
2026-02-10,UNF,201.83,241.32,201.83,229.71,71296,0.14981479627590355,,,,
2026-02-11,UNF,232.93,235.51,229.7,235.0,43205,0.02302903661137945,,,,
2026-02-12,UNF,235.77,238.59,233.99,235.01,32714,4.255319148938064e-05,,,,
2026-02-13,UNF,235.67,239.32,233.98,239.32,23505,0.018339645121484116,,,,
2026-02-17,UNF,237.37,239.08,236.165,238.23,11629,-0.00455457128530834,,,,
2026-02-18,UNF,240.15,241.83,234.5,241.77,20088,0.014859589472358659,,,,
2026-02-19,UNF,241.65,243.0,235.0,235.59,14491,-0.02556148405509373,,,,
2026-02-20,UNF,235.39,239.535,233.82,238.0,12309,0.010229636232437667,,,,
2026-02-23,UNF,235.67,236.21,231.42,234.25,8811,-0.01575630252100846,,,,
2026-02-24,UNF,234.4,235.94,232.23,233.115,9457,-0.004845250800426859,,,,
2026-02-25,UNF,232.2,233.6,230.565,232.87,10707,-0.0010509834202003798,,,,
2026-02-26,UNF,234.3,235.08,230.85,232.8,6467,-0.0003005968995576369,,,,
2026-02-27,UNF,231.02,236.47,230.21,234.37,8419,0.006743986254295509,,,,
2026-01-02,UNP,231.51,233.43,229.64,231.98,234142,,,,,
2026-01-05,UNP,232.0,234.44,230.03,232.05,275374,0.0003017501508750797,,,,
2026-01-06,UNP,231.22,234.23,231.11,233.64,158594,0.0068519715578538865,,,,
2026-01-07,UNP,232.3,235.17,224.46,224.62,388242,-0.03860640301318263,,,,
2026-01-08,UNP,224.0,230.96,224.0,229.845,194724,0.023261508325171265,,,,
2026-01-09,UNP,230.0,231.14,226.86,228.44,298120,-0.006112815158041296,,,,
2026-01-12,UNP,228.1,229.69,225.54,229.22,400357,0.003414463316407046,,,,
2026-01-13,UNP,229.02,230.72,227.8,228.9,219173,-0.0013960387400749896,,,,
2026-01-14,UNP,228.99,230.24,225.85,227.28,336558,-0.007077326343381429,,,,
2026-01-15,UNP,226.69,230.8,226.64,230.5,242329,0.014167546638507611,,,,
2026-01-16,UNP,230.51,231.95,228.93,229.58,246212,-0.003991323210412068,,,,
2026-01-20,UNP,228.49,228.5,220.0,221.86,745067,-0.033626622528094785,,,,
2026-01-21,UNP,221.0,229.86,221.0,229.0,366790,0.03218245740557091,,,,
2026-01-22,UNP,229.63,233.0,228.95,232.41,505110,0.014890829694323093,,,,
2026-01-23,UNP,231.37,233.54,229.31,229.64,416366,-0.011918592143195239,,,,
2026-01-26,UNP,229.95,232.27,229.47,230.88,494412,0.0053997561400453975,,,,
2026-01-27,UNP,229.97,236.85,227.0,232.54,735766,0.007189882189882146,,,,
2026-01-28,UNP,231.42,234.33,227.0,227.51,549697,-0.02163068719360106,,,,
2026-01-29,UNP,228.01,233.76,227.87,232.53,383691,0.022064964177398894,,,,
2026-01-30,UNP,232.41,235.42,230.66,234.65,323288,0.009117103169483443,,,,
2026-02-02,UNP,234.75,236.02,230.73,234.9,520553,0.0010654165778820612,,,,
2026-02-03,UNP,234.72,242.22,234.0,240.7,571507,0.024691358024691246,,,,
2026-02-04,UNP,242.22,251.66,241.22,247.85,747150,0.029705027004570006,,,,
2026-02-05,UNP,248.26,254.15,247.69,253.25,544670,0.02178737139398823,,,,
2026-02-06,UNP,253.3,253.45,249.92,252.84,467696,-0.0016189536031588903,,,,
2026-02-09,UNP,252.64,254.94,249.22,253.65,395854,0.0032036070242049686,,,,
2026-02-10,UNP,253.98,262.0,253.78,262.0,555097,0.03291937709442139,,,,
2026-02-11,UNP,261.8,263.82,260.74,263.34,689678,0.005114503816793903,,,,
2026-02-12,UNP,262.45,265.37,259.63,261.64,669384,-0.006455532771322159,,,,
2026-02-13,UNP,259.0,263.06,258.22,260.57,381475,-0.004089588747897888,,,,
2026-02-17,UNP,260.49,264.205,259.74,262.98,310331,0.009248954215757887,,,,
2026-02-18,UNP,263.46,265.1,260.8,265.0,228768,0.007681192486120647,,,,
2026-02-19,UNP,264.53,265.63,262.1,263.48,413632,-0.005735849056603737,,,,
2026-02-20,UNP,263.04,267.12,261.57,266.3,287483,0.01070289965082738,,,,
2026-02-23,UNP,264.88,267.81,262.64,263.98,234611,-0.008711978971085221,,,,
2026-02-24,UNP,263.21,267.24,263.0,266.695,232914,0.010284870065913942,,,,
2026-02-25,UNP,267.68,267.68,261.53,264.59,299785,-0.007892911378166168,,,,
2026-02-26,UNP,264.88,266.5,263.78,263.78,387532,-0.003061340186704009,,,,
2026-02-27,UNP,263.13,265.5,261.61,265.0,304789,0.004625066343164841,,,,
2026-01-02,UUUU,14.93,17.07,14.71,16.82,1311923,,,,,
2026-01-05,UUUU,17.16,18.535,16.84,18.51,1762504,0.1004756242568372,,,,
2026-01-06,UUUU,18.57,19.12,17.68,18.4,1466711,-0.005942733657482657,,,,
2026-01-07,UUUU,18.38,19.08,17.83,19.07,1384760,0.03641304347826102,,,,
2026-01-08,UUUU,18.86,19.86,18.35,18.64,1404505,-0.02254850550603038,,,,
2026-01-09,UUUU,18.63,19.95,17.965,18.15,1163563,-0.026287553648068784,,,,
2026-01-12,UUUU,18.24,19.8,17.76,19.39,947691,0.0683195592286503,,,,
2026-01-13,UUUU,19.54,20.095,19.06,19.44,1067049,0.002578648788035043,,,,
2026-01-14,UUUU,19.61,21.37,18.92,20.79,1476359,0.06944444444444442,,,,
2026-01-15,UUUU,20.76,22.47,20.56,21.1,1917001,0.014911014911014986,,,,
2026-01-16,UUUU,21.31,22.34,20.91,21.97,1511795,0.041232227488151585,,,,
2026-01-20,UUUU,21.54,24.34,20.34,23.11,2103017,0.05188893946290407,,,,
2026-01-21,UUUU,24.21,24.27,20.89,22.8,2272814,-0.013414106447425356,,,,
2026-01-22,UUUU,22.49,25.09,21.98,24.87,1844193,0.09078947368421053,,,,
2026-01-23,UUUU,24.3,26.06,23.96,25.45,1655787,0.023321270607157052,,,,
2026-01-26,UUUU,26.77,27.39,22.51,22.9,2215916,-0.10019646365422397,,,,
2026-01-27,UUUU,23.23,24.42,22.455,24.36,1701528,0.06375545851528397,,,,
2026-01-28,UUUU,24.85,28.0,24.11,25.58,3102264,0.05008210180623962,,,,
2026-01-29,UUUU,26.1,27.37,23.025,25.0,2396080,-0.022673964034401806,,,,
2026-01-30,UUUU,23.57,25.16,21.54,22.19,2113509,-0.11239999999999994,,,,
2026-02-02,UUUU,20.66,23.88,20.55,21.01,1810844,-0.05317710680486709,,,,
2026-02-03,UUUU,21.83,24.8,21.68,24.3,2074053,0.15659209900047588,,,,
2026-02-04,UUUU,24.78,24.96,20.295,21.66,1998536,-0.10864197530864195,,,,
2026-02-05,UUUU,21.56,21.56,18.56,18.6,2000749,-0.1412742382271468,,,,
2026-02-06,UUUU,19.22,21.37,19.22,21.3,1697805,0.14516129032258052,,,,
2026-02-09,UUUU,21.67,23.27,20.83,23.09,1534807,0.08403755868544605,,,,
2026-02-10,UUUU,23.14,23.19,21.43,22.08,1141767,-0.043741879601559175,,,,
2026-02-11,UUUU,22.32,23.905,21.08,22.71,1549054,0.02853260869565233,,,,
2026-02-12,UUUU,22.86,23.38,20.91,21.36,1325101,-0.05944517833553509,,,,
2026-02-13,UUUU,21.2,21.88,20.2,20.72,1142093,-0.029962546816479474,,,,
2026-02-17,UUUU,20.7,20.72,19.24,20.7,1070569,-0.0009652509652509078,,,,
2026-02-18,UUUU,21.16,21.65,20.79,21.35,793969,0.03140096618357502,,,,
2026-02-19,UUUU,21.32,22.28,20.45,21.86,863364,0.023887587822013945,,,,
2026-02-20,UUUU,22.17,22.53,20.625,21.25,969887,-0.027904849039341206,,,,
2026-02-23,UUUU,21.08,21.68,20.0,20.99,1076057,-0.012235294117647122,,,,
2026-02-24,UUUU,21.04,22.94,20.29,22.94,1334427,0.09290138161029082,,,,
2026-02-25,UUUU,22.94,23.605,22.45,22.45,1169636,-0.021360069747166643,,,,
2026-02-26,UUUU,22.82,22.92,21.45,22.36,955475,-0.004008908685968815,,,,
2026-02-27,UUUU,22.77,22.87,21.19,21.43,1483858,-0.04159212880143115,,,,
2026-01-02,UYSC,10.27,10.27,10.25,10.25,5310,,,,,
2026-01-05,UYSC,10.3,10.3,10.25,10.25,686,0.0,,,,
2026-01-06,UYSC,10.3,10.3,10.25,10.25,108,0.0,,,,
2026-01-07,UYSC,10.3,10.3,10.25,10.25,7,0.0,,,,
2026-01-08,UYSC,10.3,10.3,10.25,10.26,1116,0.0009756097560975618,,,,
2026-01-09,UYSC,10.39,10.39,10.26,10.26,6902,0.0,,,,
2026-01-12,UYSC,10.26,10.26,10.26,10.26,1000,0.0,,,,
2026-01-13,UYSC,10.26,10.29,10.26,10.29,3000,0.0029239766081869956,,,,
2026-01-14,UYSC,10.26,10.26,10.26,10.26,953,-0.002915451895043719,,,,
2026-01-16,UYSC,10.26,10.27,10.26,10.27,319,0.0009746588693957392,,,,
2026-01-20,UYSC,10.3,10.3,10.27,10.27,299,0.0,,,,
2026-01-21,UYSC,10.3,10.3,10.28,10.28,193,0.0009737098344693162,,,,
2026-01-22,UYSC,10.3,10.3,10.28,10.28,2,0.0,,,,
2026-01-23,UYSC,10.3,10.3,10.29,10.29,2,0.0009727626459143934,,,,
2026-01-26,UYSC,10.3,10.3,10.29,10.29,15,0.0,,,,
2026-01-27,UYSC,10.29,10.29,10.29,10.29,681,0.0,,,,
2026-01-28,UYSC,10.29,10.29,10.29,10.29,629,0.0,,,,
2026-01-29,UYSC,10.295,10.295,10.29,10.29,11582,0.0,,,,
2026-01-30,UYSC,10.3,10.31,10.3,10.3,2043,0.0009718172983481654,,,,
2026-02-02,UYSC,10.31,10.31,10.3,10.3,205,0.0,,,,
2026-02-03,UYSC,10.31,10.32,10.31,10.31,22296,0.000970873786407811,,,,
2026-02-04,UYSC,10.32,10.34,10.3,10.3,448,-0.0009699321047526022,,,,
2026-02-05,UYSC,10.35,10.35,10.3,10.3,278,0.0,,,,
2026-02-06,UYSC,10.35,10.35,10.31,10.31,54,0.000970873786407811,,,,
2026-02-09,UYSC,10.34,10.34,10.3,10.3,309,-0.0009699321047526022,,,,
2026-02-10,UYSC,10.34,10.34,10.31,10.31,211,0.000970873786407811,,,,
2026-02-11,UYSC,10.34,10.34,10.31,10.31,867,0.0,,,,
2026-02-12,UYSC,10.33,10.33,10.31,10.31,798,0.0,,,,
2026-02-13,UYSC,10.33,10.33,10.31,10.31,10628,0.0,,,,
2026-02-17,UYSC,10.33,10.33,10.31,10.31,135,0.0,,,,
2026-02-18,UYSC,10.31,10.31,10.29,10.3,230983,-0.0009699321047526022,,,,
2026-02-19,UYSC,10.3,10.3,10.3,10.3,7814,0.0,,,,
2026-02-20,UYSC,10.33,10.33,10.3,10.3,5412,0.0,,,,
2026-02-23,UYSC,10.33,10.33,10.3,10.3,5114,0.0,,,,
2026-02-24,UYSC,10.3,10.3,10.3,10.3,5498,0.0,,,,
2026-02-25,UYSC,10.31,10.31,10.3,10.3,2922,0.0,,,,
2026-02-26,UYSC,10.31,10.31,10.3,10.3,3928,0.0,,,,
2026-02-27,UYSC,10.32,10.32,10.3,10.3,2962,0.0,,,,
2026-01-02,VACI,9.9,9.92,9.9,9.91,52372,,,,,
2026-01-05,VACI,9.91,9.91,9.87,9.875,30900,-0.003531786074672083,,,,
2026-01-06,VACI,9.87,9.89,9.87,9.885,7438,0.0010126582278480178,,,,
2026-01-07,VACI,9.9,9.9,9.885,9.885,1099,0.0,,,,
2026-01-08,VACI,9.89,9.89,9.89,9.89,700,0.0005058168942844166,,,,
2026-01-12,VACI,9.9,9.9,9.89,9.89,1100,0.0,,,,
2026-01-13,VACI,9.9,9.915,9.9,9.91,4668,0.002022244691607611,,,,
2026-01-15,VACI,9.93,9.93,9.93,9.93,2465,0.0020181634712410634,,,,
2026-01-16,VACI,9.925,9.925,9.925,9.925,12,-0.000503524672708866,,,,
2026-01-22,VACI,9.935,9.98,9.935,9.97,2500,0.00453400503778334,,,,
2026-01-28,VACI,9.96,9.98,9.96,9.98,1400,0.0010030090270811698,,,,
2026-01-30,VACI,10.0,10.0,10.0,10.0,12200,0.002004008016031955,,,,
2026-02-02,VACI,9.99,10.0,9.99,10.0,71507,0.0,,,,
2026-02-03,VACI,9.99,9.99,9.99,9.99,729,-0.0010000000000000009,,,,
2026-02-09,VACI,10.01,10.01,10.0,10.0,1038,0.0010010010010010895,,,,
2026-02-10,VACI,9.99,9.99,9.99,9.99,8959,-0.0010000000000000009,,,,
2026-02-11,VACI,9.99,9.99,9.99,9.99,7,0.0,,,,
2026-02-17,VACI,9.99,9.99,9.94,9.94,133,-0.005005005005005114,,,,
2026-02-18,VACI,9.99,9.99,9.98,9.98,1400,0.004024144869215318,,,,
2026-02-19,VACI,9.975,9.975,9.97,9.97,21999,-0.0010020040080159776,,,,
2026-02-26,VACI,9.94,9.94,9.94,9.94,800,-0.0030090270812438424,,,,
2026-02-27,VACI,9.97,9.97,9.97,9.97,102,0.003018108651911655,,,,
2026-01-02,VECO,29.19,30.89,29.19,30.54,213092,,,,,
2026-01-05,VECO,30.75,32.1,30.75,31.07,157966,0.017354289456450678,,,,
2026-01-06,VECO,31.45,32.89,31.11,32.54,253449,0.047312520115867285,,,,
2026-01-07,VECO,32.54,33.5,32.105,33.5,228996,0.02950215119852495,,,,
2026-01-08,VECO,32.34,33.5,31.12,31.76,174853,-0.05194029850746262,,,,
2026-01-09,VECO,32.2,33.51,31.66,33.11,228588,0.04250629722921917,,,,
2026-01-12,VECO,33.0,34.52,32.41,33.83,200109,0.021745696164300776,,,,
2026-01-13,VECO,34.13,34.32,33.63,34.16,209407,0.009754655631096565,,,,
2026-01-14,VECO,33.93,33.96,32.865,33.28,261218,-0.025761124121779777,,,,
2026-01-15,VECO,34.03,35.73,33.89,34.09,231022,0.02433894230769229,,,,
2026-01-16,VECO,34.41,34.98,32.93,33.47,192928,-0.01818715165737761,,,,
2026-01-20,VECO,31.62,32.62,31.27,31.32,194767,-0.06423662981774725,,,,
2026-01-21,VECO,31.7,33.42,31.39,32.99,147754,0.053320561941251565,,,,
2026-01-22,VECO,33.47,33.99,33.11,33.99,209493,0.030312215822976718,,,,
2026-01-23,VECO,33.54,33.54,31.71,32.35,127782,-0.04824948514268901,,,,
2026-01-26,VECO,32.35,33.0,31.5,31.58,239471,-0.023802163833075873,,,,
2026-01-27,VECO,31.63,32.79,31.63,32.26,108476,0.021532615579480607,,,,
2026-01-28,VECO,32.96,33.52,31.68,32.29,156324,0.00092994420334791,,,,
2026-01-29,VECO,32.34,32.92,31.48,32.74,163343,0.013936203158872784,,,,
2026-01-30,VECO,32.17,32.73,30.99,31.23,273816,-0.04612095296273677,,,,
2026-02-02,VECO,30.91,32.08,30.64,31.52,239963,0.009285943003522146,,,,
2026-02-03,VECO,31.53,32.43,29.01,30.05,419334,-0.04663705583756339,,,,
2026-02-04,VECO,30.5,31.13,29.42,29.49,300546,-0.018635607321131564,,,,
2026-02-05,VECO,29.5,29.6,28.22,28.96,358733,-0.017972193964055583,,,,
2026-02-06,VECO,29.4,31.26,29.4,30.61,257283,0.056975138121546864,,,,
2026-02-09,VECO,30.41,31.56,29.84,30.51,221810,-0.0032669062397908677,,,,
2026-02-10,VECO,30.76,32.12,30.32,31.46,222877,0.031137332022287856,,,,
2026-02-11,VECO,31.9,33.18,31.6,32.6,197336,0.03623649078194524,,,,
2026-02-12,VECO,32.74,33.5,31.96,32.82,176755,0.006748466257668673,,,,
2026-02-13,VECO,32.23,33.96,32.18,33.61,264110,0.02407068860450945,,,,
2026-02-17,VECO,33.15,34.37,30.01,30.99,321292,-0.0779529901814936,,,,
2026-02-18,VECO,31.8,31.8,27.3,29.59,1373777,-0.04517586318167144,,,,
2026-02-19,VECO,28.56,29.45,27.94,28.99,373355,-0.020277120648867886,,,,
2026-02-20,VECO,29.04,29.47,27.82,29.47,436330,0.01655743359779227,,,,
2026-02-23,VECO,29.01,29.31,28.06,28.73,286518,-0.025110281642348076,,,,
2026-02-24,VECO,28.99,29.67,28.63,29.67,364224,0.032718412808910635,,,,
2026-02-25,VECO,28.98,29.93,28.16,28.34,570720,-0.044826423997303744,,,,
2026-02-26,VECO,29.46,31.27,28.4,31.1,653366,0.09738884968242778,,,,
2026-02-27,VECO,30.67,31.16,29.5,30.56,548770,-0.017363344051447016,,,,
2026-01-02,VRME,0.6259,0.6773,0.6009,0.6773,15575,,,,,
2026-01-05,VRME,0.6745,1.41,0.6743,1.07,10748123,0.5798021556178947,,,,
2026-01-06,VRME,1.07,1.16,1.01,1.09,634647,0.01869158878504673,,,,
2026-01-07,VRME,1.04,1.09,0.95,0.975,249015,-0.10550458715596334,,,,
2026-01-08,VRME,0.9777,1.12,0.9421,1.05,283654,0.0769230769230771,,,,
2026-01-09,VRME,1.08,1.09,0.98,0.99,79538,-0.05714285714285716,,,,
2026-01-12,VRME,0.9994,1.02,0.9618,0.966,73611,-0.024242424242424288,,,,
2026-01-13,VRME,0.971,1.11,0.944,1.01,86960,0.04554865424430643,,,,
2026-01-14,VRME,1.07,1.1,1.02,1.07,52110,0.05940594059405946,,,,
2026-01-15,VRME,1.06,1.47,1.03,1.4,1127916,0.30841121495327095,,,,
2026-01-16,VRME,1.3,1.465,1.29,1.33,198390,-0.04999999999999993,,,,
2026-01-20,VRME,1.29,1.395,1.195,1.28,132256,-0.03759398496240607,,,,
2026-01-21,VRME,1.22,1.25,1.12,1.13,33605,-0.11718750000000011,,,,
2026-01-22,VRME,1.22,1.43,1.2,1.27,233934,0.1238938053097347,,,,
2026-01-23,VRME,1.23,1.33,1.22,1.24,26905,-0.023622047244094557,,,,
2026-01-26,VRME,1.26,1.26,1.165,1.18,68707,-0.048387096774193616,,,,
2026-01-27,VRME,1.18,1.23,1.15,1.2,96866,0.016949152542372836,,,,
2026-01-28,VRME,1.21,1.25,1.19,1.19,37587,-0.008333333333333304,,,,
2026-01-29,VRME,1.2,1.34,1.19,1.23,36291,0.03361344537815136,,,,
2026-01-30,VRME,1.24,1.28,1.15,1.15,33898,-0.06504065040650409,,,,
2026-02-02,VRME,1.2,1.2,1.05,1.11,87472,-0.03478260869565197,,,,
2026-02-03,VRME,1.14,1.17,1.09,1.13,40716,0.018018018018017834,,,,
2026-02-04,VRME,1.14,1.16,1.02,1.07,58806,-0.05309734513274322,,,,
2026-02-05,VRME,1.02,1.07,0.96,0.9701,38270,-0.09336448598130853,,,,
2026-02-06,VRME,0.98,1.1,0.98,1.07,26905,0.10297907432223496,,,,
2026-02-09,VRME,1.07,1.1,1.045,1.09,26725,0.01869158878504673,,,,
2026-02-10,VRME,1.06,1.09,1.04,1.05,19262,-0.03669724770642202,,,,
2026-02-11,VRME,1.04,1.11,1.015,1.1,22624,0.04761904761904767,,,,
2026-02-12,VRME,1.15,1.65,0.9073,0.9501,2378774,-0.13627272727272743,,,,
2026-02-13,VRME,0.966,1.12,0.94,1.04,238949,0.09462161877697084,,,,
2026-02-17,VRME,1.01,1.11,1.0,1.02,157615,-0.019230769230769273,,,,
2026-02-18,VRME,1.05,1.07,0.9601,0.9601,36281,-0.058725490196078534,,,,
2026-02-19,VRME,1.02,1.02,0.9397,1.01,22112,0.05197375273409022,,,,
2026-02-20,VRME,1.03,1.07,0.99,1.06,37635,0.04950495049504955,,,,
2026-02-23,VRME,1.03,1.06,0.99,1.0,23516,-0.05660377358490576,,,,
2026-02-24,VRME,1.01,1.03,0.95,1.02,35372,0.020000000000000018,,,,
2026-02-25,VRME,1.02,1.02,0.9637,0.9881,65499,-0.03127450980392166,,,,
2026-02-26,VRME,0.99,0.99,0.93,0.945,16559,-0.04361906689606321,,,,
2026-02-27,VRME,0.94,0.9549,0.919,0.953,6519,0.00846560846560851,,,,
2026-01-02,VYNE,0.5759,0.58,0.5632,0.5799,83277,,,,,
2026-01-05,VYNE,0.5788,0.5788,0.5533,0.5648,98281,-0.026038972236592572,,,,
2026-01-06,VYNE,0.5603,0.5648,0.55,0.551,532521,-0.024433427762039495,,,,
2026-01-07,VYNE,0.5512,0.565,0.5499,0.5502,73499,-0.0014519056261343977,,,,
2026-01-08,VYNE,0.5582,0.584,0.5575,0.5582,77787,0.014540167211922972,,,,
2026-01-09,VYNE,0.5691,0.5807,0.5565,0.57,102038,0.02113937656753828,,,,
2026-01-12,VYNE,0.57,0.58,0.5581,0.56,64728,-0.01754385964912264,,,,
2026-01-13,VYNE,0.5674,0.5791,0.5599,0.5654,43684,0.009642857142857064,,,,
2026-01-14,VYNE,0.562,0.568,0.558,0.5671,29033,0.0030067209055537614,,,,
2026-01-15,VYNE,0.56,0.5775,0.5581,0.567,22148,-0.0001763357432553736,,,,
2026-01-16,VYNE,0.574,0.58,0.565,0.5668,51398,-0.0003527336860670305,,,,
2026-01-20,VYNE,0.56,0.5747,0.5556,0.5739,25298,0.012526464361326761,,,,
2026-01-21,VYNE,0.5697,0.5825,0.5604,0.5796,75105,0.00993204391008895,,,,
2026-01-22,VYNE,0.57,0.589,0.565,0.585,279483,0.009316770186335255,,,,
2026-01-23,VYNE,0.5792,0.5885,0.5627,0.5805,29069,-0.007692307692307554,,,,
2026-01-26,VYNE,0.58,0.58,0.5631,0.5774,24533,-0.0053402239448751,,,,
2026-01-27,VYNE,0.5587,0.5745,0.5571,0.57,627024,-0.012816072047107885,,,,
2026-01-28,VYNE,0.56,0.5691,0.56,0.5606,28169,-0.016491228070175334,,,,
2026-01-29,VYNE,0.57,0.57,0.56,0.5671,105400,0.011594719942918497,,,,
2026-01-30,VYNE,0.5665,0.5665,0.5507,0.5661,130519,-0.0017633574325516266,,,,
2026-02-02,VYNE,0.5657,0.5798,0.554,0.5798,107189,0.024200671259494655,,,,
2026-02-03,VYNE,0.57,0.585,0.5607,0.574,51237,-0.010003449465332936,,,,
2026-02-04,VYNE,0.57,0.585,0.5672,0.5773,71053,0.005749128919860791,,,,
2026-02-05,VYNE,0.5782,0.5799,0.5569,0.5569,66907,-0.03533691321669852,,,,
2026-02-06,VYNE,0.5606,0.5645,0.5563,0.5596,39642,0.004848267193392042,,,,
2026-02-09,VYNE,0.561,0.561,0.553,0.5575,34238,-0.003752680486061477,,,,
2026-02-10,VYNE,0.5685,0.5685,0.5524,0.5572,39071,-0.0005381165919281505,,,,
2026-02-11,VYNE,0.5565,0.5645,0.5503,0.5584,68549,0.002153625269203152,,,,
2026-02-12,VYNE,0.5566,0.5617,0.552,0.557,16326,-0.002507163323782202,,,,
2026-02-13,VYNE,0.56,0.5831,0.56,0.57,30521,0.02333931777378795,,,,
2026-02-17,VYNE,0.575,0.6023,0.565,0.5934,570679,0.04105263157894745,,,,
2026-02-18,VYNE,0.59,0.6051,0.581,0.604,139593,0.017863161442534414,,,,
2026-02-19,VYNE,0.589,0.6015,0.589,0.5998,77804,-0.006953642384105896,,,,
2026-02-20,VYNE,0.6,0.6019,0.5918,0.5948,67937,-0.008336112037345744,,,,
2026-02-23,VYNE,0.587,0.6,0.587,0.5964,65385,0.0026899798251514007,,,,
2026-02-24,VYNE,0.6,0.6,0.575,0.5752,60452,-0.03554661301140172,,,,
2026-02-25,VYNE,0.5688,0.588,0.5688,0.586,6553,0.01877607788595248,,,,
2026-02-26,VYNE,0.565,0.598,0.565,0.5937,50991,0.013139931740614452,,,,
2026-02-27,VYNE,0.5919,0.6047,0.5846,0.6004,124236,0.01128516085565101,,,,
2026-01-02,WBD,28.84,28.95,28.415,28.47,4308560,,,,,
2026-01-05,WBD,28.33,28.915,28.33,28.5,5014325,0.0010537407797681642,,,,
2026-01-06,WBD,28.47,28.58,28.355,28.43,4638775,-0.002456140350877156,,,,
2026-01-07,WBD,28.38,28.765,28.21,28.5,5202453,0.0024621878297572675,,,,
2026-01-08,WBD,28.49,28.54,28.05,28.38,5316604,-0.004210526315789553,,,,
2026-01-09,WBD,28.37,29.035,28.21,28.79,5408571,0.014446793516560863,,,,
2026-01-12,WBD,28.77,28.77,28.25,28.3,5513269,-0.01701979854116009,,,,
2026-01-13,WBD,28.33,29.5,28.26,28.91,11070230,0.02155477031802122,,,,
2026-01-14,WBD,28.7,29.2,28.52,28.64,8764315,-0.00933932895191969,,,,
2026-01-15,WBD,28.61,28.85,28.4,28.52,5788981,-0.0041899441340782495,,,,
2026-01-16,WBD,28.41,28.775,28.41,28.55,10421609,0.0010518934081347187,,,,
2026-01-20,WBD,28.33,28.83,28.075,28.22,7837474,-0.011558669001751398,,,,
2026-01-21,WBD,28.33,28.72,28.07,28.64,4526580,0.014883061658398367,,,,
2026-01-22,WBD,28.53,28.695,28.33,28.33,3996559,-0.010824022346368811,,,,
2026-01-23,WBD,28.24,28.605,28.24,28.46,10217893,0.004588775150017765,,,,
2026-01-26,WBD,28.37,28.51,28.205,28.3,8195985,-0.005621925509487036,,,,
2026-01-27,WBD,28.21,28.31,28.06,28.07,9288257,-0.008127208480565362,,,,
2026-01-28,WBD,28.04,28.27,27.9,27.9,5845599,-0.006056287851799125,,,,
2026-01-29,WBD,28.02,28.24,27.41,27.41,7991570,-0.017562724014336895,,,,
2026-01-30,WBD,27.29,27.78,27.29,27.53,7771606,0.004377964246625288,,,,
2026-02-02,WBD,27.32,27.87,27.32,27.49,5162758,-0.0014529604068289625,,,,
2026-02-03,WBD,27.41,27.62,27.025,27.18,3955317,-0.011276827937431788,,,,
2026-02-04,WBD,27.12,27.26,26.865,27.06,7510965,-0.004415011037527616,,,,
2026-02-05,WBD,27.05,27.12,26.62,26.68,6098656,-0.014042867701404282,,,,
2026-02-06,WBD,26.92,27.475,26.75,27.33,5863454,0.02436281859070455,,,,
2026-02-09,WBD,27.26,27.415,27.05,27.29,3916679,-0.0014635931211123276,,,,
2026-02-10,WBD,27.1,28.29,27.1,27.79,8225952,0.018321729571271428,,,,
2026-02-11,WBD,27.82,28.27,27.82,27.97,5393306,0.0064771500539761995,,,,
2026-02-12,WBD,28.08,28.19,27.61,28.01,6773957,0.0014301036825170588,,,,
2026-02-13,WBD,28.06,28.17,27.905,28.0,2667560,-0.00035701535166021703,,,,
2026-02-17,WBD,28.23,29.005,28.22,28.94,7324805,0.033571428571428585,,,,
2026-02-18,WBD,28.89,28.98,28.59,28.75,6055472,-0.006565307532826581,,,,
2026-02-19,WBD,28.55,29.17,28.505,28.69,5270075,-0.0020869565217390695,,,,
2026-02-20,WBD,28.59,28.8,28.52,28.75,5405378,0.0020913210177762043,,,,
2026-02-23,WBD,28.64,29.54,28.63,28.76,3165877,0.0003478260869564931,,,,
2026-02-24,WBD,28.92,29.55,28.42,28.91,3772561,0.005215577190542442,,,,
2026-02-25,WBD,29.2,29.27,28.85,28.91,4544740,0.0,,,,
2026-02-26,WBD,28.53,29.89,27.75,28.41,6815866,-0.01729505361466621,,,,
2026-02-27,WBD,28.4,28.6,28.08,28.16,16649464,-0.008799718409010948,,,,
2026-01-02,WBS,63.08,64.355,62.24,63.84,98216,,,,,
2026-01-05,WBS,64.02,65.9,63.895,65.03,181073,0.018640350877192846,,,,
2026-01-06,WBS,64.825,65.98,64.555,65.7,90237,0.010302937105951093,,,,
2026-01-07,WBS,65.465,65.62,64.28,64.56,152219,-0.017351598173515947,,,,
2026-01-08,WBS,64.5,66.47,64.5,65.26,147891,0.010842627013630812,,,,
2026-01-09,WBS,65.79,66.405,64.76,64.79,69830,-0.007201961385228328,,,,
2026-01-12,WBS,64.77,64.81,63.12,63.195,279727,-0.024617996604414327,,,,
2026-01-13,WBS,63.51,63.93,62.81,62.84,159999,-0.005617533032676536,,,,
2026-01-14,WBS,62.45,63.93,62.45,63.62,276082,0.012412476129853411,,,,
2026-01-15,WBS,63.845,64.84,63.845,64.41,289106,0.012417478780257785,,,,
2026-01-16,WBS,64.13,65.2,63.92,64.54,151125,0.0020183201366248404,,,,
2026-01-20,WBS,65.0,65.0,63.15,63.37,158273,-0.0181282925317634,,,,
2026-01-21,WBS,63.64,66.16,63.64,65.9,231395,0.0399242543790439,,,,
2026-01-22,WBS,66.21,67.99,65.71,67.99,336018,0.031714719271623615,,,,
2026-01-23,WBS,66.57,66.86,63.54,63.54,334404,-0.06545080158846883,,,,
2026-01-26,WBS,64.47,65.33,63.55,64.6,208686,0.01668240478438765,,,,
2026-01-27,WBS,65.37,65.37,64.09,64.27,299810,-0.005108359133126905,,,,
2026-01-28,WBS,63.81,65.32,63.81,64.54,242143,0.004201026917691086,,,,
2026-01-29,WBS,64.74,65.62,64.155,65.5,165134,0.014874496436318552,,,,
2026-01-30,WBS,65.55,66.27,64.82,64.82,193878,-0.010381679389313114,,,,
2026-02-02,WBS,65.0,66.76,65.0,66.0,224625,0.01820425794507874,,,,
2026-02-03,WBS,66.09,73.49,65.345,72.0,2770685,0.09090909090909083,,,,
2026-02-04,WBS,72.21,73.53,71.86,73.34,2655969,0.018611111111111134,,,,
2026-02-05,WBS,72.31,72.54,71.81,72.02,1322799,-0.01799836378511055,,,,
2026-02-06,WBS,72.7,73.29,72.63,73.15,916294,0.01569008608719824,,,,
2026-02-09,WBS,72.73,73.69,72.73,73.69,604038,0.007382091592617712,,,,
2026-02-10,WBS,73.66,73.77,72.73,73.01,815251,-0.009227846383498384,,,,
2026-02-11,WBS,72.79,73.58,71.89,72.85,822788,-0.0021914806190934666,,,,
2026-02-12,WBS,73.0,73.0,71.28,71.47,950317,-0.018943033630748007,,,,
2026-02-13,WBS,70.99,71.59,70.9,71.23,662493,-0.0033580523296486975,,,,
2026-02-17,WBS,71.13,72.095,71.13,72.09,457358,0.012073564509335943,,,,
2026-02-18,WBS,73.0,73.0,72.345,72.51,590635,0.005826050769871083,,,,
2026-02-19,WBS,72.75,72.75,72.07,72.19,472680,-0.004413184388360358,,,,
2026-02-20,WBS,72.77,73.155,71.99,73.09,513585,0.01246710070646917,,,,
2026-02-23,WBS,72.9,73.98,72.61,72.86,1046536,-0.003146805308523737,,,,
2026-02-24,WBS,73.21,73.21,71.95,72.39,877757,-0.006450727422454006,,,,
2026-02-25,WBS,72.63,73.99,72.63,73.825,928417,0.01982317999723726,,,,
2026-02-26,WBS,73.7,73.915,72.86,72.86,662965,-0.013071452759905178,,,,
2026-02-27,WBS,72.55,73.12,71.85,72.11,1935221,-0.010293713972001073,,,,
2026-01-02,WFRD,78.69,81.5,77.65,80.89,197869,,,,,
2026-01-05,WFRD,87.99,91.17,85.63,89.24,680107,0.10322660403016437,,,,
2026-01-06,WFRD,89.45,90.81,87.82,89.38,360285,0.00156880322725228,,,,
2026-01-07,WFRD,90.7,90.7,86.12,86.31,401418,-0.03434772879838888,,,,
2026-01-08,WFRD,85.6,89.46,85.6,89.13,396383,0.03267292318387205,,,,
2026-01-09,WFRD,89.98,91.0,87.64,89.32,297308,0.002131717715696091,,,,
2026-01-12,WFRD,89.24,89.63,85.59,85.98,497744,-0.03739364084191654,,,,
2026-01-13,WFRD,86.37,88.57,86.37,87.78,586630,0.020935101186322358,,,,
2026-01-14,WFRD,87.78,88.79,86.13,87.87,338584,0.001025290498974707,,,,
2026-01-15,WFRD,86.25,86.7,83.93,84.15,497548,-0.04233526800955956,,,,
2026-01-16,WFRD,84.13,84.92,83.48,83.74,337709,-0.004872251931075544,,,,
2026-01-20,WFRD,83.2,83.91,82.28,83.14,406065,-0.0071650346310006,,,,
2026-01-21,WFRD,83.57,88.655,83.57,88.65,698424,0.06627375511185951,,,,
2026-01-22,WFRD,88.75,89.29,87.32,88.37,374892,-0.003158488437676299,,,,
2026-01-23,WFRD,89.78,93.155,89.01,89.17,615539,0.00905284598845757,,,,
2026-01-26,WFRD,91.71,91.71,89.33,90.46,435186,0.014466748906582838,,,,
2026-01-27,WFRD,91.65,93.52,91.0,92.05,313052,0.017576829537917282,,,,
2026-01-28,WFRD,93.62,93.78,90.53,91.4,365385,-0.007061379684953684,,,,
2026-01-29,WFRD,91.72,96.61,88.01,94.0,515350,0.02844638949671774,,,,
2026-01-30,WFRD,93.0,94.8,92.27,94.08,371304,0.0008510638297871687,,,,
2026-02-02,WFRD,93.13,94.26,90.01,93.0,665616,-0.011479591836734637,,,,
2026-02-03,WFRD,92.66,97.0,91.99,96.78,600104,0.040645161290322696,,,,
2026-02-04,WFRD,97.0,101.87,96.0,99.83,714667,0.03151477578011974,,,,
2026-02-05,WFRD,99.97,101.46,97.36,99.58,494290,-0.002504257237303409,,,,
2026-02-06,WFRD,100.99,106.44,100.69,105.4,499735,0.05844547097810815,,,,
2026-02-09,WFRD,104.65,105.73,103.67,104.25,353911,-0.010910815939279006,,,,
2026-02-10,WFRD,104.0,104.25,101.24,101.84,527014,-0.02311750599520379,,,,
2026-02-11,WFRD,104.2,105.49,101.12,103.62,450269,0.017478397486252906,,,,
2026-02-12,WFRD,103.93,104.25,99.5,99.5,357597,-0.03976066396448563,,,,
2026-02-13,WFRD,100.2,103.11,100.2,101.42,425161,0.01929648241206028,,,,
2026-02-17,WFRD,102.13,105.49,99.61,102.23,617048,0.007986590416091621,,,,
2026-02-18,WFRD,103.98,105.46,103.6,104.9,329992,0.026117578010368847,,,,
2026-02-19,WFRD,106.1,107.1,104.715,105.6,479986,0.006673021925643452,,,,
2026-02-20,WFRD,104.36,105.69,102.43,105.69,319152,0.0008522727272728403,,,,
2026-02-23,WFRD,104.44,107.0,103.4,105.01,361619,-0.006433910492951056,,,,
2026-02-24,WFRD,105.07,106.97,104.64,106.6,257502,0.015141415103323341,,,,
2026-02-25,WFRD,106.96,108.3,103.795,104.96,283211,-0.015384615384615441,,,,
2026-02-26,WFRD,104.54,106.02,102.46,105.04,221329,0.0007621951219514145,,,,
2026-02-27,WFRD,105.25,106.22,104.64,105.46,404788,0.003998476770753934,,,,
2026-01-02,WKHS,5.34,5.59,5.15,5.56,61415,,,,,
2026-01-05,WKHS,5.62,6.0,5.56,5.79,34854,0.04136690647482033,,,,
2026-01-06,WKHS,5.9,5.9,5.57,5.75,26496,-0.006908462867012077,,,,
2026-01-07,WKHS,5.85,5.85,5.32,5.38,46116,-0.06434782608695655,,,,
2026-01-08,WKHS,5.32,5.65,5.2,5.64,42930,0.048327137546468446,,,,
2026-01-09,WKHS,5.51,5.57,5.33,5.38,30889,-0.046099290780141855,,,,
2026-01-12,WKHS,5.35,5.67,5.12,5.65,43989,0.05018587360594795,,,,
2026-01-13,WKHS,5.49,5.63,5.27,5.35,36726,-0.053097345132743445,,,,
2026-01-14,WKHS,5.33,5.34,5.18,5.25,18733,-0.01869158878504662,,,,
2026-01-15,WKHS,5.25,5.34,5.13,5.16,25957,-0.017142857142857126,,,,
2026-01-16,WKHS,5.21,5.35,5.045,5.19,37641,0.005813953488372103,,,,
2026-01-20,WKHS,5.14,5.14,4.8,5.06,18891,-0.025048169556840194,,,,
2026-01-21,WKHS,5.05,5.19,4.95,5.0,21533,-0.011857707509881354,,,,
2026-01-22,WKHS,5.09,5.25,5.01,5.13,23896,0.026000000000000023,,,,
2026-01-23,WKHS,5.07,5.07,4.92,5.0,20951,-0.025341130604288442,,,,
2026-01-26,WKHS,5.03,5.04,4.84,4.95,39106,-0.010000000000000009,,,,
2026-01-27,WKHS,4.97,4.97,4.79,4.93,15059,-0.0040404040404041774,,,,
2026-01-28,WKHS,4.97,5.01,4.75,4.82,31106,-0.022312373225152005,,,,
2026-01-29,WKHS,4.8,4.845,4.61,4.82,33519,0.0,,,,
2026-01-30,WKHS,4.76,5.0,4.76,4.9,21688,0.016597510373443924,,,,
2026-02-02,WKHS,4.9,4.99,4.79,4.85,14920,-0.010204081632653184,,,,
2026-02-03,WKHS,4.85,4.95,4.62,4.83,25202,-0.00412371134020606,,,,
2026-02-04,WKHS,5.49,5.49,4.57,4.61,27260,-0.04554865424430632,,,,
2026-02-05,WKHS,4.69,4.69,4.12,4.13,33265,-0.10412147505422997,,,,
2026-02-06,WKHS,4.22,4.47,4.22,4.45,22278,0.07748184019370474,,,,
2026-02-09,WKHS,4.38,4.38,4.23,4.3,17420,-0.03370786516853941,,,,
2026-02-10,WKHS,4.66,4.66,4.18,4.26,10819,-0.009302325581395321,,,,
2026-02-11,WKHS,4.26,4.27,3.84,3.95,50209,-0.07276995305164313,,,,
2026-02-12,WKHS,3.9,3.99,3.77,3.88,23811,-0.017721518987341867,,,,
2026-02-13,WKHS,3.85,3.96,3.84,3.89,22304,0.002577319587628857,,,,
2026-02-17,WKHS,3.88,3.92,3.59,3.6,15597,-0.07455012853470433,,,,
2026-02-18,WKHS,3.57,3.72,3.51,3.63,13124,0.008333333333333304,,,,
2026-02-19,WKHS,3.6,3.68,3.48,3.6,14240,-0.008264462809917328,,,,
2026-02-20,WKHS,3.65,3.67,3.5,3.62,22760,0.005555555555555536,,,,
2026-02-23,WKHS,3.56,3.57,3.31,3.32,11448,-0.0828729281767957,,,,
2026-02-24,WKHS,3.32,3.55,3.32,3.44,15648,0.03614457831325302,,,,
2026-02-25,WKHS,3.46,3.625,3.415,3.42,19195,-0.005813953488372103,,,,
2026-02-26,WKHS,3.54,3.54,3.33,3.33,18181,-0.02631578947368418,,,,
2026-02-27,WKHS,3.49,3.5,3.34,3.43,11023,0.03003003003003002,,,,
2026-01-02,WSR,13.74,13.83,13.59,13.795,16915,,,,,
2026-01-05,WSR,13.68,13.72,13.605,13.64,16626,-0.011235955056179692,,,,
2026-01-06,WSR,13.67,14.02,13.67,14.02,21889,0.027859237536656867,,,,
2026-01-07,WSR,14.01,14.12,13.89,14.12,21771,0.007132667617689048,,,,
2026-01-08,WSR,14.06,14.355,14.06,14.25,21336,0.009206798866855603,,,,
2026-01-09,WSR,14.16,14.24,13.92,13.995,30291,-0.017894736842105297,,,,
2026-01-12,WSR,13.89,14.07,13.89,13.895,13468,-0.00714540907466954,,,,
2026-01-13,WSR,13.99,13.995,13.79,13.815,15117,-0.005757466714645609,,,,
2026-01-14,WSR,13.89,13.99,13.78,13.99,10063,0.01266739051755339,,,,
2026-01-15,WSR,14.05,14.105,14.01,14.1,24412,0.00786275911365264,,,,
2026-01-16,WSR,14.01,14.15,13.94,14.15,16141,0.0035460992907800915,,,,
2026-01-20,WSR,14.03,14.17,13.97,14.1,16522,-0.0035335689045936647,,,,
2026-01-21,WSR,14.17,14.28,14.0,14.26,21763,0.01134751773049647,,,,
2026-01-22,WSR,14.35,14.495,14.17,14.18,13945,-0.005610098176718092,,,,
2026-01-23,WSR,14.15,14.22,13.98,14.17,12869,-0.0007052186177715081,,,,
2026-01-26,WSR,14.225,14.235,14.06,14.145,22565,-0.0017642907551164155,,,,
2026-01-27,WSR,14.1,14.32,14.055,14.32,11474,0.01237186284906322,,,,
2026-01-28,WSR,14.275,14.295,13.905,13.91,12967,-0.02863128491620115,,,,
2026-01-29,WSR,13.905,14.17,13.905,14.115,14804,0.014737598849748457,,,,
2026-01-30,WSR,14.025,14.33,14.025,14.26,21737,0.010272759475735027,,,,
2026-02-02,WSR,14.21,14.52,14.2,14.44,25338,0.012622720897615736,,,,
2026-02-03,WSR,14.49,14.54,14.295,14.4,22248,-0.0027700831024930483,,,,
2026-02-04,WSR,14.65,14.805,14.625,14.7,24762,0.02083333333333326,,,,
2026-02-05,WSR,14.74,14.98,14.74,14.965,29494,0.018027210884353773,,,,
2026-02-06,WSR,14.96,15.08,14.86,15.0,14674,0.002338790511192901,,,,
2026-02-09,WSR,14.89,15.06,14.85,15.0,15515,0.0,,,,
2026-02-10,WSR,15.09,15.09,14.99,15.01,17156,0.0006666666666665932,,,,
2026-02-11,WSR,15.02,15.065,14.86,14.95,18033,-0.003997335109926725,,,,
2026-02-12,WSR,14.99,15.16,14.81,14.99,23514,0.0026755852842810235,,,,
2026-02-13,WSR,15.01,15.28,15.01,15.22,18391,0.015343562374916742,,,,
2026-02-17,WSR,15.32,15.33,15.09,15.23,16902,0.0006570302233903647,,,,
2026-02-18,WSR,15.12,15.2,14.84,14.84,21063,-0.025607353906763053,,,,
2026-02-19,WSR,14.85,15.0,14.77,14.96,28193,0.008086253369272267,,,,
2026-02-20,WSR,14.93,15.21,14.93,15.21,23960,0.016711229946523964,,,,
2026-02-23,WSR,15.13,15.37,15.13,15.255,22781,0.002958579881656709,,,,
2026-02-24,WSR,15.23,15.265,15.02,15.03,19492,-0.014749262536873253,,,,
2026-02-25,WSR,15.0,15.17,14.86,15.17,20755,0.009314703925482393,,,,
2026-02-26,WSR,15.31,15.49,15.125,15.34,26340,0.011206328279498967,,,,
2026-02-27,WSR,15.375,15.43,15.08,15.165,21067,-0.011408083441981742,,,,
2026-01-02,WTRG,38.265,38.985,38.09,38.665,138034,,,,,
2026-01-05,WTRG,38.35,38.35,37.39,37.8,301751,-0.022371653950601367,,,,
2026-01-06,WTRG,37.94,38.66,37.87,38.47,130673,0.01772486772486781,,,,
2026-01-07,WTRG,38.57,38.66,37.85,37.995,157152,-0.012347283597608616,,,,
2026-01-08,WTRG,38.005,38.68,38.0,38.475,256909,0.012633241215949553,,,,
2026-01-09,WTRG,38.435,38.71,38.17,38.34,162852,-0.0035087719298244613,,,,
2026-01-12,WTRG,38.47,39.4,38.47,39.14,261214,0.02086593635889411,,,,
2026-01-13,WTRG,39.2,39.44,38.69,39.2,220945,0.0015329586101175963,,,,
2026-01-14,WTRG,39.215,39.94,39.215,39.73,221791,0.013520408163265163,,,,
2026-01-15,WTRG,39.745,40.11,39.59,40.0,184996,0.006795872136924341,,,,
2026-01-16,WTRG,39.81,40.055,39.62,39.81,203588,-0.004749999999999921,,,,
2026-01-20,WTRG,39.7,39.75,38.79,39.32,265460,-0.012308465209746378,,,,
2026-01-21,WTRG,39.73,39.86,39.145,39.24,240516,-0.0020345879959308144,,,,
2026-01-22,WTRG,39.135,39.745,38.92,39.61,245432,0.00942915392456678,,,,
2026-01-23,WTRG,39.475,39.55,38.92,39.18,298594,-0.010855844483716237,,,,
2026-01-26,WTRG,39.4,39.945,39.305,39.315,178681,0.0034456355283307705,,,,
2026-01-27,WTRG,39.2,39.63,39.06,39.29,222717,-0.0006358896095637334,,,,
2026-01-28,WTRG,39.185,39.37,38.07,38.1,330085,-0.030287604988546657,,,,
2026-01-29,WTRG,38.29,38.94,38.28,38.69,296208,0.015485564304461796,,,,
2026-01-30,WTRG,38.6,38.95,38.36,38.8,300949,0.002843111915223462,,,,
2026-02-02,WTRG,38.71,39.065,38.13,38.25,291630,-0.014175257731958713,,,,
2026-02-03,WTRG,38.65,39.31,37.82,38.3,355915,0.0013071895424836555,,,,
2026-02-04,WTRG,38.09,38.33,37.33,37.39,458622,-0.023759791122715312,,,,
2026-02-05,WTRG,37.655,38.42,37.51,37.68,338848,0.0077560845145761,,,,
2026-02-06,WTRG,37.75,38.215,37.36,37.41,202572,-0.0071656050955415385,,,,
2026-02-09,WTRG,37.25,37.26,36.365,36.87,278382,-0.014434643143544479,,,,
2026-02-10,WTRG,36.87,38.105,36.87,37.66,286720,0.02142663411988055,,,,
2026-02-11,WTRG,37.66,37.75,37.14,37.43,292038,-0.006107275624004149,,,,
2026-02-12,WTRG,37.95,38.96,37.33,38.57,368871,0.030456852791878264,,,,
2026-02-13,WTRG,38.58,39.765,38.56,39.715,316067,0.02968628467721035,,,,
2026-02-17,WTRG,39.69,40.07,39.25,39.62,212256,-0.002392043308573788,,,,
2026-02-18,WTRG,39.39,39.48,38.835,38.96,235740,-0.016658253407369927,,,,
2026-02-19,WTRG,39.24,39.9,38.45,39.1,295814,0.0035934291581110056,,,,
2026-02-20,WTRG,39.165,39.18,38.37,38.67,214616,-0.010997442455242923,,,,
2026-02-23,WTRG,38.79,39.725,38.65,39.28,436207,0.015774502198086404,,,,
2026-02-24,WTRG,39.45,39.86,39.11,39.47,410510,0.004837067209775947,,,,
2026-02-25,WTRG,39.505,39.975,38.78,39.0,294747,-0.011907778059285556,,,,
2026-02-26,WTRG,39.61,39.99,39.37,39.6,269024,0.01538461538461533,,,,
2026-02-27,WTRG,39.85,40.88,39.8,40.85,741549,0.031565656565656575,,,,
2026-01-02,WU,9.38,9.38,9.205,9.23,337921,,,,,
2026-01-05,WU,9.26,9.535,9.16,9.42,481206,0.020585048754062862,,,,
2026-01-06,WU,9.45,9.695,9.4,9.695,512819,0.02919320594479835,,,,
2026-01-07,WU,9.7,9.71,9.43,9.605,385057,-0.009283135636926287,,,,
2026-01-08,WU,9.53,9.835,9.52,9.71,606503,0.010931806350858997,,,,
2026-01-09,WU,9.74,9.79,9.61,9.685,424518,-0.002574665293511913,,,,
2026-01-12,WU,9.72,9.76,9.47,9.57,471281,-0.011874032008260205,,,,
2026-01-13,WU,9.505,9.505,9.195,9.21,404091,-0.037617554858934144,,,,
2026-01-14,WU,9.17,9.42,9.155,9.415,417768,0.022258414766557877,,,,
2026-01-15,WU,9.38,9.52,9.225,9.515,528189,0.010621348911311834,,,,
2026-01-16,WU,9.5,9.51,9.245,9.27,429816,-0.02574881765633219,,,,
2026-01-20,WU,9.2,9.285,9.11,9.16,392973,-0.011866235167205974,,,,
2026-01-21,WU,9.25,9.38,9.23,9.28,325889,0.013100436681222627,,,,
2026-01-22,WU,9.27,9.5,9.27,9.43,725481,0.0161637931034484,,,,
2026-01-23,WU,9.42,9.6,9.38,9.51,628462,0.008483563096500557,,,,
2026-01-26,WU,9.5,9.525,9.365,9.44,562718,-0.007360672975814997,,,,
2026-01-27,WU,9.49,9.49,9.31,9.4,534763,-0.004237288135593098,,,,
2026-01-28,WU,9.435,9.495,9.305,9.335,539164,-0.006914893617021245,,,,
2026-01-29,WU,9.39,9.585,9.33,9.37,820871,0.003749330476700452,,,,
2026-01-30,WU,9.34,9.425,9.2,9.37,643818,0.0,,,,
2026-02-02,WU,9.34,9.545,9.33,9.52,597869,0.016008537886873064,,,,
2026-02-03,WU,9.5,9.515,9.26,9.41,748375,-0.011554621848739455,,,,
2026-02-04,WU,9.41,9.885,9.41,9.82,1203288,0.043570669500531345,,,,
2026-02-05,WU,9.85,10.045,9.725,9.98,1755854,0.016293279022403295,,,,
2026-02-06,WU,10.06,10.3,10.005,10.19,773329,0.021042084168336528,,,,
2026-02-09,WU,10.28,10.35,9.91,9.975,996157,-0.021099116781157945,,,,
2026-02-10,WU,9.95,10.135,9.94,10.1,622099,0.012531328320801949,,,,
2026-02-11,WU,10.12,10.185,9.875,9.96,733584,-0.013861386138613763,,,,
2026-02-12,WU,9.97,10.095,9.785,9.88,903061,-0.008032128514056214,,,,
2026-02-13,WU,9.83,9.85,9.535,9.6,888231,-0.028340080971660075,,,,
2026-02-17,WU,9.62,9.69,9.335,9.49,795605,-0.011458333333333237,,,,
2026-02-18,WU,9.5,9.72,9.48,9.645,757221,0.016332982086406655,,,,
2026-02-19,WU,9.67,9.755,9.36,9.48,1530696,-0.01710730948678063,,,,
2026-02-20,WU,9.5,9.55,8.855,9.29,1842068,-0.020042194092827148,,,,
2026-02-23,WU,9.22,9.29,8.965,9.2,1131306,-0.009687836383207693,,,,
2026-02-24,WU,9.2,9.785,9.2,9.38,1180234,0.019565217391304568,,,,
2026-02-25,WU,9.43,9.78,9.38,9.72,780050,0.036247334754797356,,,,
2026-02-26,WU,9.7,9.75,9.415,9.54,954121,-0.018518518518518712,,,,
2026-02-27,WU,9.55,9.625,9.37,9.615,625508,0.007861635220125951,,,,
2026-01-02,XCUR,5.42,5.64,5.37,5.58,5350,,,,,
2026-01-05,XCUR,5.85,6.23,5.6,5.86,6303,0.05017921146953408,,,,
2026-01-06,XCUR,5.75,6.02,5.75,5.89,7215,0.005119453924914641,,,,
2026-01-07,XCUR,6.02,6.04,5.7,5.82,3837,-0.011884550084889534,,,,
2026-01-08,XCUR,5.79,6.0,5.77,5.87,2046,0.00859106529209619,,,,
2026-01-09,XCUR,5.64,5.96,5.64,5.84,3348,-0.005110732538330498,,,,
2026-01-12,XCUR,5.83,5.88,5.7,5.71,4449,-0.022260273972602773,,,,
2026-01-13,XCUR,5.99,6.25,5.87,5.93,6711,0.038528896672504365,,,,
2026-01-14,XCUR,6.06,6.2,5.96,6.0,18558,0.01180438448566612,,,,
2026-01-15,XCUR,6.14,6.35,6.08,6.21,3977,0.03499999999999992,,,,
2026-01-16,XCUR,6.28,6.28,6.06,6.23,6750,0.0032206119162641045,,,,
2026-01-20,XCUR,6.15,6.25,6.09,6.14,3715,-0.014446227929374111,,,,
2026-01-21,XCUR,6.11,6.33,6.1,6.3,2665,0.026058631921824116,,,,
2026-01-22,XCUR,6.22,6.62,6.22,6.39,1993,0.014285714285714235,,,,
2026-01-23,XCUR,6.39,6.39,6.1,6.16,2407,-0.035993740219092296,,,,
2026-01-26,XCUR,5.8,5.8,4.78,5.05,6930,-0.18019480519480524,,,,
2026-01-27,XCUR,4.88,4.88,4.19,4.45,8217,-0.1188118811881187,,,,
2026-01-28,XCUR,4.59,4.59,4.15,4.19,5378,-0.05842696629213473,,,,
2026-01-29,XCUR,4.27,4.28,4.04,4.26,3239,0.016706443914080937,,,,
2026-01-30,XCUR,4.14,4.24,4.07,4.07,6277,-0.04460093896713602,,,,
2026-02-02,XCUR,4.27,4.32,4.07,4.09,3082,0.004914004914004844,,,,
2026-02-03,XCUR,4.47,4.47,4.04,4.14,3156,0.012224938875305513,,,,
2026-02-04,XCUR,4.49,4.58,3.9,4.09,8713,-0.01207729468599028,,,,
2026-02-05,XCUR,4.31,4.39,4.17,4.26,3861,0.041564792176039145,,,,
2026-02-06,XCUR,4.11,4.3,3.83,4.03,12040,-0.05399061032863839,,,,
2026-02-09,XCUR,4.04,4.48,4.04,4.48,5619,0.11166253101736978,,,,
2026-02-10,XCUR,4.44,4.56,4.31,4.31,2392,-0.037946428571428714,,,,
2026-02-11,XCUR,4.3,4.31,4.14,4.25,1572,-0.013921113689094988,,,,
2026-02-12,XCUR,4.31,4.405,4.2,4.24,1444,-0.0023529411764705577,,,,
2026-02-13,XCUR,4.24,4.51,4.06,4.06,1760,-0.0424528301886794,,,,
2026-02-17,XCUR,4.28,4.28,3.82,3.85,5020,-0.051724137931034364,,,,
2026-02-18,XCUR,3.79,3.88,3.5,3.65,3850,-0.051948051948051965,,,,
2026-02-19,XCUR,3.7,3.84,3.55,3.57,2044,-0.021917808219178103,,,,
2026-02-20,XCUR,3.6,3.86,3.58,3.58,2495,0.0028011204481792618,,,,
2026-02-23,XCUR,3.6,3.83,3.6,3.71,389,0.03631284916201105,,,,
2026-02-24,XCUR,3.63,3.65,3.6,3.64,857,-0.018867924528301883,,,,
2026-02-25,XCUR,3.57,3.79,3.57,3.79,3234,0.041208791208791284,,,,
2026-02-26,XCUR,3.77,3.8,3.71,3.8,1717,0.0026385224274405594,,,,
2026-02-27,XCUR,3.62,3.78,3.62,3.74,835,-0.015789473684210464,,,,
2026-01-02,XOMA,27.89,29.0,26.01,29.0,66800,,,,,
2026-01-05,XOMA,29.2,29.2,25.31,26.62,393889,-0.0820689655172413,,,,
2026-01-06,XOMA,26.36,26.88,25.53,26.45,60889,-0.00638617580766343,,,,
2026-01-07,XOMA,26.46,27.27,26.4,26.9,235910,0.017013232514177634,,,,
2026-01-08,XOMA,27.3,30.12,26.95,29.59,210950,0.10000000000000009,,,,
2026-01-09,XOMA,30.21,30.64,29.14,29.85,163366,0.008786752281176202,,,,
2026-01-12,XOMA,29.85,29.85,24.46,26.79,153627,-0.1025125628140704,,,,
2026-01-13,XOMA,26.59,27.52,25.74,27.15,127168,0.013437849944008873,,,,
2026-01-14,XOMA,27.25,29.44,26.96,29.36,113574,0.08139963167587472,,,,
2026-01-15,XOMA,29.48,29.48,28.135,28.79,258104,-0.019414168937329723,,,,
2026-01-16,XOMA,28.47,28.66,26.32,26.37,318277,-0.08405696422368869,,,,
2026-01-20,XOMA,26.64,27.1,25.72,26.45,85315,0.0030337504740234333,,,,
2026-01-21,XOMA,26.39,27.38,26.07,27.27,70197,0.031001890359168227,,,,
2026-01-22,XOMA,27.49,28.6,26.57,26.92,182099,-0.012834616795012743,,,,
2026-01-23,XOMA,26.8,27.03,26.125,26.7,177063,-0.008172362555720736,,,,
2026-01-26,XOMA,27.5,27.5,25.49,25.79,52604,-0.03408239700374538,,,,
2026-01-27,XOMA,25.68,26.17,25.075,25.71,86074,-0.00310197751066299,,,,
2026-01-28,XOMA,25.5,26.28,24.54,24.66,234944,-0.040840140023337246,,,,
2026-01-29,XOMA,24.66,24.98,24.14,24.97,55088,0.012570965125709543,,,,
2026-01-30,XOMA,24.56,25.83,24.29,25.83,127887,0.0344413295955146,,,,
2026-02-02,XOMA,25.39,27.2,25.11,26.47,119209,0.024777390631049112,,,,
2026-02-03,XOMA,26.45,27.655,26.43,26.97,65055,0.018889308651303338,,,,
2026-02-04,XOMA,27.17,27.5,26.21,26.91,66493,-0.0022246941045606095,,,,
2026-02-05,XOMA,22.05,27.14,22.05,24.55,49202,-0.08769973987365287,,,,
2026-02-06,XOMA,25.41,26.23,24.82,24.86,240166,0.012627291242362393,,,,
2026-02-09,XOMA,24.08,24.92,22.7,23.65,55230,-0.04867256637168149,,,,
2026-02-10,XOMA,23.42,23.43,22.65,22.89,128492,-0.03213530655391117,,,,
2026-02-11,XOMA,22.7,23.54,22.29,23.27,71355,0.01660113586719092,,,,
2026-02-12,XOMA,23.53,23.94,23.15,23.57,54223,0.012892135797163862,,,,
2026-02-13,XOMA,23.67,24.38,23.26,24.01,33995,0.018667798048366713,,,,
2026-02-17,XOMA,24.04,24.89,24.0,24.47,32717,0.019158683881715932,,,,
2026-02-18,XOMA,24.5,24.99,24.32,24.35,27273,-0.004903964037596964,,,,
2026-02-19,XOMA,24.46,24.46,23.7,24.4,38995,0.002053388090349051,,,,
2026-02-20,XOMA,24.37,26.49,24.25,25.81,76004,0.05778688524590159,,,,
2026-02-23,XOMA,25.54,26.24,24.835,25.32,25780,-0.018984889577682962,,,,
2026-02-24,XOMA,25.79,27.28,25.61,27.04,65659,0.06793048973143745,,,,
2026-02-25,XOMA,27.14,27.3,26.26,26.74,21653,-0.011094674556213047,,,,
2026-02-26,XOMA,26.94,26.94,25.82,26.76,25666,0.0007479431563202077,,,,
2026-02-27,XOMA,26.75,26.95,25.31,25.53,89720,-0.04596412556053808,,,,
2026-01-02,XRPN,10.24,10.24,10.22,10.22,5080,,,,,
2026-01-05,XRPN,10.24,10.3,10.22,10.3,54434,0.007827788649706457,,,,
2026-01-06,XRPN,10.3,10.3,10.22,10.22,29762,-0.007766990291262155,,,,
2026-01-07,XRPN,10.28,10.28,10.225,10.23,4312,0.0009784735812132794,,,,
2026-01-08,XRPN,10.24,10.26,10.22,10.26,2203,0.0029325513196480912,,,,
2026-01-09,XRPN,10.23,10.25,10.21,10.21,36259,-0.004873294346978474,,,,
2026-01-12,XRPN,10.25,10.25,10.22,10.24,3565,0.002938295788442735,,,,
2026-01-13,XRPN,10.25,10.27,10.225,10.27,34821,0.0029296875,,,,
2026-01-14,XRPN,10.25,10.255,10.23,10.25,26819,-0.0019474196689386325,,,,
2026-01-15,XRPN,10.4,10.4,10.22,10.23,26116,-0.0019512195121951237,,,,
2026-01-16,XRPN,10.27,10.3,10.23,10.3,26526,0.006842619745845546,,,,
2026-01-20,XRPN,10.42,10.42,10.22,10.25,30525,-0.004854368932038944,,,,
2026-01-21,XRPN,10.25,10.27,10.23,10.25,22636,0.0,,,,
2026-01-22,XRPN,10.4,10.4,10.245,10.3,56518,0.004878048780487809,,,,
2026-01-23,XRPN,10.39,10.4,10.22,10.25,20539,-0.004854368932038944,,,,
2026-01-26,XRPN,10.34,10.45,10.245,10.25,56858,0.0,,,,
2026-01-27,XRPN,10.25,10.255,10.24,10.24,22996,-0.0009756097560975618,,,,
2026-01-28,XRPN,10.25,10.26,10.23,10.24,8560,0.0,,,,
2026-01-29,XRPN,10.4,10.4,10.225,10.31,13312,0.0068359375,,,,
2026-01-30,XRPN,10.25,10.25,10.24,10.25,10326,-0.005819592628516057,,,,
2026-02-02,XRPN,10.01,10.25,10.0,10.23,9318,-0.0019512195121951237,,,,
2026-02-03,XRPN,10.23,10.25,10.23,10.24,26013,0.0009775171065493637,,,,
2026-02-04,XRPN,10.25,10.27,10.24,10.27,8506,0.0029296875,,,,
2026-02-05,XRPN,10.23,10.245,10.22,10.22,25343,-0.004868549172346581,,,,
2026-02-06,XRPN,10.24,10.25,10.24,10.24,4285,0.001956947162426559,,,,
2026-02-09,XRPN,10.25,10.25,10.23,10.24,11837,0.0,,,,
2026-02-10,XRPN,10.24,10.25,10.24,10.25,1812,0.0009765625,,,,
2026-02-11,XRPN,10.25,10.26,10.24,10.24,2224,-0.0009756097560975618,,,,
2026-02-12,XRPN,10.25,10.26,10.24,10.26,4133,0.001953125,,,,
2026-02-13,XRPN,10.26,10.26,10.25,10.25,2313,-0.0009746588693957392,,,,
2026-02-17,XRPN,10.28,10.29,10.255,10.27,8896,0.0019512195121951237,,,,
2026-02-18,XRPN,10.3,10.3,10.275,10.28,9185,0.0009737098344693162,,,,
2026-02-19,XRPN,10.28,10.29,10.28,10.29,2165,0.0009727626459143934,,,,
2026-02-20,XRPN,10.29,10.4,10.28,10.4,12158,0.010689990281827155,,,,
2026-02-23,XRPN,10.29,10.3,10.29,10.3,1465,-0.009615384615384581,,,,
2026-02-24,XRPN,10.32,10.32,10.29,10.29,5590,-0.000970873786407922,,,,
2026-02-25,XRPN,10.3,10.31,10.29,10.3,3761,0.0009718172983481654,,,,
2026-02-26,XRPN,10.4,10.4,10.3,10.39,4140,0.008737864077669855,,,,
2026-02-27,XRPN,10.38,10.38,10.3,10.31,2960,-0.007699711260827691,,,,
2026-01-02,XXI,9.07,9.52,8.67,9.32,53537,,,,,
2026-01-05,XXI,9.77,10.01,9.55,9.92,141283,0.06437768240343344,,,,
2026-01-06,XXI,9.99,10.0,9.33,9.76,126066,-0.016129032258064502,,,,
2026-01-07,XXI,9.63,9.63,9.1,9.41,58496,-0.035860655737704916,,,,
2026-01-08,XXI,9.39,9.68,9.1,9.54,93186,0.01381509032943673,,,,
2026-01-09,XXI,9.5,9.56,9.16,9.19,72651,-0.03668763102725359,,,,
2026-01-12,XXI,9.21,9.395,8.965,9.26,59053,0.007616974972796564,,,,
2026-01-13,XXI,9.26,9.9,9.15,9.85,78399,0.06371490280777525,,,,
2026-01-14,XXI,9.81,9.87,9.6,9.75,106912,-0.01015228426395931,,,,
2026-01-15,XXI,9.9,9.9,9.39,9.44,43983,-0.03179487179487184,,,,
2026-01-16,XXI,9.49,9.49,9.16,9.3,50819,-0.01483050847457612,,,,
2026-01-20,XXI,9.09,9.12,8.265,8.41,177858,-0.0956989247311828,,,,
2026-01-21,XXI,8.4,8.525,8.08,8.42,82033,0.0011890606420927874,,,,
2026-01-22,XXI,8.53,8.53,8.04,8.14,83217,-0.03325415676959609,,,,
2026-01-23,XXI,8.14,8.86,8.02,8.41,81068,0.033169533169533194,,,,
2026-01-26,XXI,8.25,8.34,8.09,8.19,63876,-0.026159334126040545,,,,
2026-01-27,XXI,8.18,8.6,8.18,8.5,126472,0.03785103785103794,,,,
2026-01-28,XXI,8.56,8.58,8.22,8.48,40472,-0.0023529411764705577,,,,
2026-01-29,XXI,8.385,8.39,7.6,7.66,101350,-0.09669811320754718,,,,
2026-01-30,XXI,7.5,7.84,7.425,7.65,82889,-0.0013054830287205776,,,,
2026-02-02,XXI,7.28,7.68,7.07,7.5,200133,-0.019607843137254943,,,,
2026-02-03,XXI,7.74,7.74,6.78,7.06,95506,-0.058666666666666756,,,,
2026-02-04,XXI,7.01,7.16,6.63,6.73,90711,-0.04674220963172793,,,,
2026-02-05,XXI,6.8,6.8,5.76,5.83,108894,-0.13372956909361078,,,,
2026-02-06,XXI,5.95,6.68,5.95,6.6,105481,0.13207547169811318,,,,
2026-02-09,XXI,6.6,6.61,6.325,6.41,95274,-0.028787878787878696,,,,
2026-02-10,XXI,6.36,6.48,6.13,6.4,73918,-0.0015600624024960652,,,,
2026-02-11,XXI,6.24,6.29,5.92,6.06,47584,-0.05312500000000009,,,,
2026-02-12,XXI,6.07,6.2,5.74,5.85,132166,-0.034653465346534684,,,,
2026-02-13,XXI,5.87,6.51,5.87,6.4,45209,0.09401709401709413,,,,
2026-02-17,XXI,6.44,6.88,6.02,6.6,59475,0.031249999999999778,,,,
2026-02-18,XXI,6.59,6.59,6.19,6.39,36124,-0.03181818181818186,,,,
2026-02-19,XXI,6.4,6.4,6.06,6.29,33380,-0.015649452269170472,,,,
2026-02-20,XXI,6.27,6.41,6.16,6.17,45101,-0.019077901430842648,,,,
2026-02-23,XXI,6.13,6.315,5.915,6.03,39326,-0.02269043760129652,,,,
2026-02-24,XXI,6.04,6.13,5.96,6.06,37059,0.004975124378109319,,,,
2026-02-25,XXI,6.21,6.6,6.21,6.47,72401,0.06765676567656764,,,,
2026-02-26,XXI,6.55,6.72,6.16,6.2,32989,-0.04173106646058722,,,,
2026-02-27,XXI,6.32,6.32,5.66,5.81,57099,-0.06290322580645169,,,,
