ticker,company_name,exchange,cik,as_of_date,open,high,low,close,volume,ret,dollar_volume,ret_5d,ret_20d,ret_60d,vol_20d,vol_60d,avg_dollar_volume_20d,volume_zscore_20d,drawdown_60d,prior_target_event_count,days_since_prior_target_event,next_target_announcement_date,label_target_within_6m,prior_acquirer_event_count,days_since_prior_acquirer_event,next_acquirer_announcement_date,label_acquirer_within_6m
TDAC,Translational Development Acquisition Corp.,Nasdaq,1926599,2026-01-26,10.53,10.53,10.5,10.53,701,-0.0028409090909091,7381.53,0.0038131553860818457,,,0.00432696919826706,,97363.31272727273,-0.33027346364491666,,0,,2026-05-27,1,0,,,0
FSHP,Flag Ship Acquisition Corp,Nasdaq,1850059,2026-01-28,10.84,10.89,10.84,10.89,967,0.0083333333333333,10530.630000000001,0.0018399264029440587,,,0.0044403479177650505,,13062.271538461539,-0.06471060178173864,,0,,2026-05-09,1,0,,,0
BPAC,Blueport Acquisition Ltd,Nasdaq,2064177,2026-01-29,9.97,9.99,9.97,9.99,1776,0.0020060180541623,17742.24,0.0,,,0.001114463542466808,,421307.96125,-0.4365198593630719,,0,,2026-05-01,1,0,,,0
LKSP,Lake Superior Acquisition Corp,Nasdaq,2043508,2026-01-29,10.02,10.02,10.02,10.02,39,0.000999000999001,390.78,0.004008016032064132,,,,,108360.604,-0.7618259976025952,,1,6,,0,0,,,0
PGAC,PANTAGES CAPITAL ACQUISITION Corp,Nasdaq,2030829,2026-01-29,10.42,10.42,10.42,10.42,67,0.0009606147934677,698.14,0.002887391722810273,,,0.001937860309014169,,6101.71,-0.4682776153955961,,1,71,,0,0,,,0
ACLS,AXCELIS TECHNOLOGIES INC,Nasdaq,1113232,2026-01-30,91.04,92.49,87.39,88.05,224616,-0.0339038841342989,19777438.8,-0.021992669110296625,,,0.03559890203920525,,17770592.1125,0.6789515763046279,-0.09469463294262803,0,,,0,1,121,,0
AD,"ARRAY DIGITAL INFRASTRUCTURE, INC.",NYSE,821130,2026-01-30,47.97,48.35,47.33,48.2,25309,0.016663151233917,1219893.8,0.005843071786310494,,,0.054394554139602896,,2129906.51525,-0.4488773363526799,-0.2022509102946044,0,,2026-05-08,1,0,,,0
AES,AES CORP,NYSE,874761,2026-01-30,14.71,14.92,14.495,14.66,963555,-0.0304232804232803,14125716.3,0.02877192982456145,,,0.02278847733670796,,10557438.286,1.3176725386957078,-0.04057591623036649,0,,2026-03-02,1,0,,,0
AFBI,"Affinity Bancshares, Inc.",Nasdaq,1823406,2026-01-30,20.27,20.45,20.15,20.17,1431,-0.0141739980449657,28863.270000000004,-0.006893156080748253,,,0.012721324310379055,,28949.874,0.0008589792923672164,-0.020398251578436,0,,2026-03-30,1,0,,,0
AIRI,AIR INDUSTRIES GROUP,NYSE,1009891,2026-01-30,3.31,3.37,3.31,3.35,708,0.0,2371.8,0.012084592145015227,,,0.018167142598774673,,5667.58075,-0.7123524655808768,-0.01179941002949858,0,,2026-02-17,1,0,,,0
ALB,ALBEMARLE CORP,NYSE,915913,2026-01-30,170.16,173.37,162.65,169.1,701546,-0.064712389380531,118631428.6,-0.10948443835904997,,,0.042867652603115154,,61067293.3215,2.483123023791966,-0.13094871004214215,0,,2026-03-30,1,0,,,0
ALIS,Calisa Acquisition Corp,Nasdaq,2026767,2026-01-30,10.01,10.01,10.0,10.0,14942,-0.0004997501249376,149420.0,-0.003984063745019806,,,0.002655966811938845,,190002.2489285714,-0.16360345688586717,,1,4,,0,0,,,0
AMZN,AMAZON COM INC,Nasdaq,1018724,2026-01-30,240.0,243.32,237.64,239.3,16369804,-0.0085349685117667,3917294097.2000003,0.0019259755484843932,,,0.01752600745130021,,3147365588.768,1.388179092384608,-0.03293594665588995,0,,,0,0,,2026-04-14,1
APO,"Apollo Global Management, Inc.",NYSE,1858681,2026-01-30,134.28,135.96,133.65,134.55,273937,0.010894064613073,36858223.35,-0.010589013898080757,,,0.020833764881739162,,44590547.607999995,-0.34623004112784095,-0.1187450877652606,0,,,0,0,,2026-05-11,1
APUS,"Apimeds Pharmaceuticals US, Inc.",NYSE,1894525,2026-01-30,1.87,1.945,1.82,1.93,2005,-0.0102564102564102,3869.65,-0.0938967136150235,,,0.09435108241020597,,11590.302777777777,-0.43958752552857217,,1,60,,0,1,60,,0
ASRT,"Assertio Holdings, Inc.",Nasdaq,1808665,2026-01-30,11.55,12.01,11.4,11.78,21800,0.0042625745950553,256804.0,0.023457862728062606,,,0.042479235225915596,,142003.462,1.3624192879490225,-0.039151712887438905,0,,2026-05-13,1,0,,,0
ATII,Archimedes Tech SPAC Partners II Co.,Nasdaq,2028516,2026-01-30,10.27,10.65,10.27,10.65,11641,-0.0028089887640448,123976.65000000001,0.0,,,0.002824547004353621,,144331.88799999998,-0.07943381867432786,-0.004672897196261627,0,,2026-04-20,1,0,,,0
AUUD,AUDDIA INC.,Nasdaq,1554818,2026-01-30,0.94,0.96,0.9103,0.9125,3176,-0.0428990979651773,2898.1,-0.15509259259259267,,,0.13242590829677106,,39160.765805,-0.40377977433816964,-0.287109375,1,178,,0,1,178,,0
AVB,AVALONBAY COMMUNITIES INC,NYSE,915912,2026-01-30,174.29,177.76,173.41,177.66,127940,0.0196866211329851,22729820.4,-0.005096040768326149,,,0.014702991068190478,,17477836.12625,0.8911101551226441,-0.034980988593155904,0,,2026-05-21,1,0,,,0
AVNS,"AVANOS MEDICAL, INC.",NYSE,1606498,2026-01-30,12.91,13.39,12.91,13.11,69032,0.0154918667699457,905009.52,0.0019105846388993708,,,0.026139233533686336,,901570.19725,-0.14279652755416508,-0.004555808656036442,0,,2026-04-14,1,0,,,0
AWK,"American Water Works Company, Inc.",NYSE,1410636,2026-01-30,128.81,129.27,127.5,129.14,94493,0.001162880843476,12202826.02,-0.0014691100286091663,,,0.014855322211228447,,17637053.03175,-0.9790639026930598,-0.03142578564464127,0,,,0,1,95,,0
AXTA,Axalta Coating Systems Ltd.,NYSE,1616862,2026-01-30,34.05,34.31,33.34,33.58,240414,-0.0146713615023473,8073102.119999999,-0.0011897679952409534,,,0.01061010188866447,,10851287.057500001,-0.4944941522199382,-0.01611485496630538,1,73,,0,0,,,0
BACC,Blue Acquisition Corp/Cayman,Nasdaq,2059654,2026-01-30,10.29,10.29,10.23,10.23,3328,-0.0058309037900873,34045.44,-0.003894839337877265,,,0.0026685870549535695,,58373.4625,-0.1686888104173664,-0.005830903790087327,1,72,,0,0,,,0
BARK,"Bark, Inc.",NYSE,1819574,2026-01-30,0.8431,0.8839,0.8261,0.841,56144,-0.0224340346390793,47217.104,-0.0862668405041287,,,0.11173549985781277,,104253.35949999999,-0.36209819130140575,-0.1113693998309383,1,21,,0,0,,,0
BBCQ,Bleichroeder Acquisition Corp. II,Nasdaq,2088295,2026-01-30,9.92,9.93,9.92,9.93,8000,-0.0010060362173037,79440.0,,,,,,,,,0,,2026-03-04,1,0,,,0
BCAR,D. Boral ARC Acquisition I Corp.,Nasdaq,2065779,2026-01-30,10.22,10.23,10.19,10.2,122003,-0.0029325513196482,1244430.5999999999,-0.00487804878048792,,,0.009616410170962732,,2960519.3899999997,-0.2473046498712251,-0.03409090909090917,1,18,,0,0,,,0
BHF,"Brighthouse Financial, Inc.",Nasdaq,1685040,2026-01-30,64.2,64.24,64.0,64.06,268876,-0.0021806853582554,17224196.560000002,-0.0007799095304944492,,,0.0043639136972725605,,17893862.870500002,-0.08278293660224768,-0.015219062259800076,1,85,,0,0,,,0
BKH,BLACK HILLS CORP /SD/,NYSE,1130464,2026-01-30,71.76,73.29,71.76,72.96,126171,0.0095475300954752,9205436.159999998,0.018141222439296723,,,0.01361048816314657,,6848337.7315,0.6060653099422857,-0.00896495517522422,0,,,0,1,164,,0
BKR,Baker Hughes Co,Nasdaq,1701605,2026-01-30,55.76,56.45,55.04,56.21,3991509,-0.0054847841472045,224362720.89000002,0.044601375209068816,,,0.025162660481539343,,209890843.4345,0.008980453546044367,-0.00864197530864197,0,,,0,1,185,,0
BLD,TopBuild Corp,NYSE,1633931,2026-01-30,471.75,477.26,462.02,467.86,21373,-0.0229712233220565,9999571.780000001,-0.04278085807230392,,,0.026611338491802045,,16798816.009,-0.6695332110064164,-0.06793369989640607,0,,2026-04-19,1,0,,,0
BRK.B,BERKSHIRE HATHAWAY INC,NYSE,1067983,2026-01-30,476.5,481.485,474.75,480.93,317321,0.0101449275362317,152609188.53,0.0034007928228667605,,,0.007594092681809027,,177720987.3055,-0.4817057195001903,-0.03812076241524831,0,,,0,1,214,2026-05-31,1
BRNS,Barinthus Biotherapeutics plc.,Nasdaq,1828185,2026-01-30,0.735,0.735,0.7213,0.73,1078,0.0119212642084833,786.9399999999999,0.012482662968099856,,,0.020221877099730928,,4001.621325,-0.7052287720445605,-0.03947368421052633,1,123,,0,0,,,0
BSX,BOSTON SCIENTIFIC CORP,NYSE,885725,2026-01-30,92.9,94.245,92.02,93.52,1327742,0.0176278563656147,124170431.83999999,0.011027027027026959,,,0.017805610258711024,,135517670.1105,-0.174429606467131,-0.052962025316455774,0,,,0,1,15,,0
CAPN,Cayson Acquisition Corp,Nasdaq,2024203,2026-01-30,10.73,10.73,10.73,10.73,37,-0.0009310986964617,397.01,-0.0009310986964617962,,,0.0028810132166960834,,37011.61425,-0.654046624212462,-0.0018604651162790198,1,200,,0,0,,,0
CCO,"Clear Channel Outdoor Holdings, Inc.",NYSE,1334978,2026-01-30,2.235,2.275,2.055,2.15,507870,-0.0444444444444445,1091920.5,0.04622871046228694,,,0.037062128694804505,,424657.42750000005,1.8886453885621886,-0.052863436123348095,0,,2026-02-09,1,0,,,0
CCRN,CROSS COUNTRY HEALTHCARE INC,Nasdaq,1141103,2026-01-30,9.08,9.38,9.08,9.32,191579,0.0163576881134133,1785516.28,0.03325942350332611,,,0.02362205238129372,,1754211.1350000002,-0.1356981777525467,0.0,0,,2026-05-06,1,0,,,0
CD,Chaince Digital Holdings Inc.,Nasdaq,1527762,2026-01-30,5.93,6.19,5.68,5.74,48278,-0.057471264367816,277115.72000000003,-0.06514657980456018,,,0.09571958090183544,,299877.89725000004,-0.40427437878231315,-0.11963190184049066,0,,,0,0,,2026-03-12,1
CEPO,"Cantor Equity Partners I, Inc.",Nasdaq,2027708,2026-01-30,10.45,10.46,10.45,10.46,11319,0.0009569377990432,118396.74,0.0,,,0.0026383092334102843,,98769.70925,0.21864600794745986,-0.005703422053231821,1,197,,0,0,,,0
CEPT,"Cantor Equity Partners II, Inc.",Nasdaq,2034269,2026-01-30,13.0,13.015,12.29,12.43,121477,-0.0379256965944272,1509959.1099999999,0.027272727272727337,,,0.03395090009572147,,1871925.775,-0.16878924145078275,-0.07789317507418403,1,94,,0,0,,,0
CHSCP,CHS INC,Nasdaq,823277,2026-01-30,27.98,27.98,27.86,27.98,8474,0.0053898670499461,237102.52,0.006112909025530522,,,0.0029610252739569807,,108695.94450000001,1.6305715338153968,-0.002495543672014322,1,53,,0,0,,,0
CLBK,"Columbia Financial, Inc.",Nasdaq,1723596,2026-01-30,16.18,16.77,16.05,16.27,85218,-0.003063725490196,1386496.8599999999,0.022627278441231802,,,0.018534525486189394,,936094.6005,1.4661390384264121,-0.012143290831815423,0,,,0,0,,2026-02-02,1
CPRX,"CATALYST PHARMACEUTICALS, INC.",Nasdaq,1369568,2026-01-30,24.48,24.82,24.15,24.15,459263,-0.0045342126957956,11091201.45,0.0045757071547420924,,,0.014830695707928677,,11268539.834,-0.17199363106952753,-0.004534212695795681,0,,2026-05-07,1,0,,,0
CRBG,"Corebridge Financial, Inc.",NYSE,1889539,2026-01-30,31.0,31.2,30.515,30.83,272031,-0.0064453754431196,8386715.7299999995,0.02578605889203134,,,0.015254657764193378,,8129889.869,0.12511218279624498,-0.008362817626246466,0,,,0,0,,2026-03-26,1
CTAS,CINTAS CORP,Nasdaq,723254,2026-01-30,187.62,191.67,187.62,191.52,853472,0.0106596306068602,163456957.44,-0.004056162246489858,,,0.010096897064303657,,145272735.634,0.45371806119727087,-0.020458265139116194,0,,,0,1,39,,0
CWAN,"Clearwater Analytics Holdings, Inc.",NYSE,1866368,2026-01-30,24.06,24.13,24.06,24.095,521175,-0.0014504765851637,12557711.625,-0.0031030202730658596,,,0.003119454147269647,,23597288.9805,-0.9063886016188016,-0.009658857377722985,1,40,,0,0,,,0
CYCN,"Cyclerion Therapeutics, Inc.",Nasdaq,1755237,2026-01-30,1.36,1.395,1.34,1.34,3595,-0.0147058823529412,4817.3,-0.1298701298701298,,,0.142974915368034,,694123.9135,-0.2866597150700454,-0.346341463414634,0,,2026-04-01,1,0,,,0
CZR,"Caesars Entertainment, Inc.",Nasdaq,1590895,2026-01-30,21.12,21.31,20.345,21.02,1869953,-0.0131455399061033,39306412.06,-0.10400682011935214,,,0.036767387537376475,,38633542.374,0.4853325581870017,-0.1711356466876972,0,,2026-05-28,1,0,,,0
D,"DOMINION ENERGY, INC",NYSE,715957,2026-01-30,60.85,60.95,59.61,60.0,1344863,-0.0092470277410832,80691780.0,0.006711409395973034,,,0.01194675537279952,,41282664.6545,2.158828910078235,-0.018404907975460127,0,,2026-05-18,1,0,,,0
DAAQ,Digital Asset Acquisition Corp.,Nasdaq,2052162,2026-01-30,10.22,10.25,10.215,10.23,4225,0.0014684287812041,43221.75,0.0009784735812132794,,,0.002851591613799279,,129418.89424999998,-0.3904597973639256,-0.008720930232558155,1,17,,0,0,,,0
DBRG,"DigitalBridge Group, Inc.",NYSE,1679688,2026-01-30,15.34,15.44,15.33,15.39,338920,0.0,5215978.8,-0.003883495145631022,,,0.0030630177755581055,,6709955.09275,-0.3178762752820133,-0.003883495145631022,1,32,,0,0,,,0
DHR,DANAHER CORP /DE/,NYSE,313616,2026-01-30,218.16,221.01,217.66,219.2,551707,0.0009132420091324,120934174.39999999,-0.06842328941776465,,,0.017752456381580597,,100769514.1555,0.5725546287394572,-0.09309060819197357,0,,,0,0,,2026-02-17,1
DMAA,Drugs Made In America Acquisition Corp.,Nasdaq,2028614,2026-01-30,10.45,10.45,10.42,10.42,1201,-0.0028708133971291,12514.42,0.0009606147934677622,,,0.0021560885000438427,,45138.3915,-0.3540867462281083,-0.002870813397129135,0,,2026-04-08,1,0,,,0
DRDB,Roman DBDR Acquisition Corp. II,Nasdaq,2032528,2026-01-30,10.48,10.51,10.48,10.51,637,0.0,6694.87,0.0,,,0.002826423052405204,,94731.28937500001,-0.35183680981262216,,0,,2026-02-27,1,0,,,0
DRVN,Driven Brands Holdings Inc.,Nasdaq,1804745,2026-01-30,15.17,15.66,15.125,15.55,746263,0.0136897001303781,11604389.65,-0.04012345679012341,,,0.021691948628854162,,6083453.129,1.8715837913752282,-0.04012345679012341,0,,2026-04-30,1,0,,,0
DTSQ,DT Cloud Star Acquisition Corp,Nasdaq,2017950,2026-01-30,10.78,10.9,10.78,10.9,3304,0.0009182736455464,36013.6,0.0009182736455464191,,,0.012439990721069487,,12929.35,0.7173503126716315,-0.025044722719141266,0,,2026-02-04,1,0,,,0
DXLG,"DESTINATION XL GROUP, INC.",Nasdaq,813298,2026-01-30,0.71,0.72,0.6805,0.683,47071,-0.0351744596694447,32149.493000000002,-0.045022371364653146,,,0.033203569188851444,,25269.64722,0.8427266117097426,-0.2760996290408054,1,50,2026-05-12,1,0,,,0
DXST,Decent Holding Inc.,Nasdaq,1958133,2026-01-30,2.08,2.25,1.9,1.97,737367,-0.0619047619047619,1452612.99,0.005102040816326481,,,0.07851234778483793,,1219961.2185,0.05720875128545781,-0.06190476190476191,1,224,,0,0,,,0
EA,ELECTRONIC ARTS INC.,Nasdaq,712515,2026-01-30,203.65,204.0,203.05,203.8,1562987,0.0,318536750.6,-0.0026426543995301532,,,0.0016204480148106415,,150820043.611,2.928195421035706,-0.006096074128261408,1,123,,0,0,,,0
EEX,"Emerald Holding, Inc.",NYSE,1579214,2026-01-30,4.835,5.06,4.775,5.02,2050,0.0436590436590436,10291.0,0.07379679144385021,,,0.030428109648308287,,17322.77675,-0.8486216107488876,0.0,0,,2026-05-11,1,0,,,0
EGHA,EGH Acquisition Corp.,Nasdaq,2052547,2026-01-30,10.34,10.34,10.34,10.34,571,0.0048590864917397,5904.14,-0.0028929604628735728,,,0.004576974852018694,,413217.3976923077,-0.617472771837895,,1,8,,0,0,,,0
ELSE,ELECTRO SENSORS INC,Nasdaq,351789,2026-01-30,4.36,4.43,4.32,4.32,191,-0.0313901345291479,825.12,-0.012571428571428456,,,0.014268601536890968,,2691.9922500000002,-0.4622471264169527,-0.03139013452914796,0,,2026-04-21,1,0,,,0
EQBK,EQUITY BANCSHARES INC,NYSE,1227500,2026-01-30,45.46,46.34,45.46,46.16,7956,-0.0012981393336218,367248.95999999996,0.023163027817798776,,,0.02540816899967397,,324392.4,0.2761746910997908,-0.05824747526267482,0,,,0,1,150,,0
EQH,"Equitable Holdings, Inc.",NYSE,1333986,2026-01-30,45.82,46.49,45.67,46.4,286765,0.0069444444444444,13305896.0,0.016652059596844904,,,0.014058825880668913,,12888757.18975,0.09418040619294453,-0.056527043513623476,0,,2026-03-26,1,0,,,0
EQR,EQUITY RESIDENTIAL,NYSE,906107,2026-01-30,61.87,62.41,61.265,62.33,297463,0.005646982897709,18540868.79,0.0038653567402158195,,,0.0160889529127013,,16289434.866,0.2932370244507592,-0.008273667462211698,0,,,0,0,,2026-05-21,1
ESPR,"Esperion Therapeutics, Inc.",Nasdaq,1434868,2026-01-30,3.45,3.59,3.355,3.4,1132339,-0.0422535211267605,3849952.6,0.08280254777070062,,,0.04356862616726618,,4148673.4295,-0.17636114139369802,-0.13486005089058528,0,,2026-05-01,1,0,,,0
FACT,FACT II Acquisition Corp.,Nasdaq,2028935,2026-01-30,10.47,10.47,10.45,10.47,6484,-0.0047528517110264,67887.48000000001,0.0,,,0.0045900295955817235,,259830.40025,-0.32559706806550753,-0.012264150943396168,1,60,,0,0,,,0
FCNCA,FIRST CITIZENS BANCSHARES INC /DE/,Nasdaq,798941,2026-01-30,2034.0,2073.23,2026.76,2068.17,40069,0.0198076923076924,82869503.73,0.025593089221248144,,,0.02408669002856464,,68785760.2325,0.46657721623169995,-0.06430348821426957,1,95,,0,0,,,0
FG,"F&G Annuities & Life, Inc.",NYSE,1934850,2026-01-30,29.23,29.495,28.825,29.48,37761,0.0095890410958905,1113194.28,0.057388809182209455,,,0.024057948498617553,,2277202.262,-0.7513852688162813,-0.031219191587249395,1,84,,0,0,,,0
FGMC,FG Merger II Corp.,Nasdaq,1906364,2026-01-30,10.08,10.1,10.06,10.1,4861,0.0029791459781529,49096.1,0.007984031936127733,,,0.002447359993793621,,53275.632999999994,-0.12814745206985145,-0.0009891196834816984,1,178,,0,0,,,0
FLNT,"Fluent, Inc.",Nasdaq,1460329,2026-01-30,3.74,3.885,3.68,3.78,13591,-0.0104712041884816,51373.979999999996,-0.010471204188481686,,,0.05917122068189663,,39525.591499999995,0.21050539356707282,-0.038167938931297773,0,,2026-04-29,1,0,,,0
FONR,FONAR CORP,Nasdaq,355019,2026-01-30,18.63,18.72,18.6,18.64,4886,0.0,91075.04000000001,-0.0005361930294904838,,,0.003166283002819675,,343227.1925,-0.9773493316765081,-0.010090281465745976,1,205,,0,0,,,0
FSEA,"First Seacoast Bancorp, Inc.",Nasdaq,1943802,2026-01-30,13.0,13.19,12.73,12.78,2426,-0.0251716247139588,31004.28,0.007886435331230235,,,0.01448320888965749,,8144.63675,2.4259545388942296,-0.02517162471395884,0,,2026-05-05,1,0,,,0
FSUN,FIRSTSUN CAPITAL BANCORP,Nasdaq,1709442,2026-01-30,38.33,39.765,38.33,39.48,91980,0.0455508474576271,3631370.4,0.045274027005559825,,,0.02544862154848948,,2278346.3015,1.3028313647128265,-0.01126972201352372,1,57,,0,0,,,0
GDC,GD Culture Group Ltd,Nasdaq,1641398,2026-01-30,4.42,4.46,4.125,4.21,9477,-0.0344036697247707,39898.17,-0.04100227790432798,,,0.05051454944749218,,51632.102,-0.13833177015506035,-0.16798418972332008,0,,2026-05-05,1,0,,,0
GDOT,GREEN DOT CORP,NYSE,1386278,2026-01-30,12.35,12.35,12.13,12.185,127445,-0.0252,1552917.325,0.0012325390304026573,,,0.015414190052176506,,971556.22775,0.9747397148538588,-0.055426356589147296,1,67,,0,0,,,0
GLXY,Galaxy Digital Inc.,Nasdaq,1859392,2026-01-30,29.15,30.0,27.425,28.35,2717710,-0.0454545454545454,77047078.5,-0.11100658513640638,,,0.05915158219035592,,62442300.381,0.5605392304404643,-0.1763509587449158,0,,2026-03-11,1,0,,,0
GNL,"Global Net Lease, Inc.",NYSE,1526113,2026-01-30,9.52,9.52,9.315,9.46,136320,-0.0068241469816272,1289587.2000000002,0.006382978723404209,,,0.009888533354195962,,1257943.152,-0.018930360079843923,-0.012010443864229559,0,,,0,0,,2026-05-04,1
GORO,GOLD RESOURCE CORP,NYSE,1160791,2026-01-30,1.33,1.395,1.2,1.33,358408,-0.0890410958904108,476682.64,-0.15822784810126578,,,0.12572077337816406,,1009514.846575,-0.2736518753430879,-0.24431818181818177,1,4,,0,0,,,0
GSAT,"Globalstar, Inc.",Nasdaq,1366868,2026-01-30,62.8,68.38,61.31,61.31,253824,-0.0516627996906419,15561949.440000001,-0.06922726582662819,,,0.051823659901844114,,14515847.419,0.3858618173554189,-0.09838235294117648,0,,2026-04-14,1,0,,,0
GTLS,CHART INDUSTRIES INC,NYSE,892553,2026-01-30,206.73,207.41,206.73,207.31,418953,0.0009656704166867,86853146.43,-4.823461315839328e-05,,,0.0009428601057776545,,28798763.31375,2.827338218923394,-0.001156347867983687,1,185,,0,0,,,0
HCWC,HEALTHY CHOICE WELLNESS CORP.,NYSE,1948864,2026-01-30,0.295,0.295,0.2702,0.2743,3687,-0.0695386702849389,1011.3440999999999,-0.18094953717527618,,,0.05603740936850304,,3247.07382,-0.35502992078262446,-0.19061670109176743,0,,2026-05-29,1,0,,,0
HDSN,HUDSON TECHNOLOGIES INC /NY,Nasdaq,925528,2026-01-30,6.75,7.2,6.74,7.03,72764,-0.0154061624649859,511530.92000000004,-0.030344827586206824,,,0.016961558154365015,,567475.821,-0.3768840291475787,-0.06016042780748665,1,198,,0,0,,,0
HLX,HELIX ENERGY SOLUTIONS GROUP INC,NYSE,866829,2026-01-30,7.85,8.045,7.75,7.95,296299,0.0025220680958386,2355577.0500000003,0.06711409395973145,,,0.02629498595866132,,1196598.6012499998,1.9116532623272031,0.0,0,,2026-04-23,1,0,,,0
HVII,Hennessy Capital Investment Corp. VII,Nasdaq,1846416,2026-01-30,10.29,10.29,10.27,10.29,4830,0.0019474196689386,49700.7,-0.004835589941972973,,,0.0029989274302285197,,48321.463,0.027370277282239466,-0.016252390057361565,1,99,,0,0,,,0
HYMC,HYCROFT MINING HOLDING CORP,Nasdaq,1718405,2026-01-30,41.69,43.48,35.5,36.16,2267761,-0.2164680390032503,82002237.75999999,-0.290841341439498,,,0.12651138372279877,,52673148.2375,1.810967698381776,-0.34206695778748186,1,58,,0,0,,,0
HZO,MARINEMAX INC,NYSE,1057060,2026-01-30,25.38,27.57,25.31,27.02,90987,0.1015083571137382,2458468.7399999998,-0.0408235711750089,,,0.04669224716989902,,1279785.52075,2.136696396808882,-0.06537530266343827,0,,2026-02-03,1,0,,,0
IBAC,IB Acquisition Corp.,Nasdaq,1998781,2026-01-30,10.55,10.55,10.52,10.52,2,0.0,21.04,0.0,,,0.001953472737146299,,17384.51166666667,-0.3620482037930149,,0,,2026-03-16,1,0,,,0
IBO,IMPACT BIOMEDICAL INC.,NYSE,1834105,2026-01-30,0.4697,0.4968,0.45,0.4908,4445,0.0906666666666666,2181.606,0.036317567567567544,,,0.03434794355008117,,848.735,1.334842861000708,-0.03896612492657148,1,221,,0,0,,,0
IMXI,"International Money Express, Inc.",Nasdaq,1683695,2026-01-30,15.48,15.49,15.45,15.46,96159,-0.0006464124111182,1486618.1400000001,-0.0019367333763717909,,,0.0018105710856983863,,819465.0975,1.8112289867581166,-0.003223726627981871,1,173,,0,0,,,0
IONQ,"IonQ, Inc.",NYSE,1824920,2026-01-30,42.89,43.66,38.92,40.43,3142360,-0.0714285714285714,127045614.8,-0.14955826672275974,,,0.03506350411775633,,112331870.5105,0.8103828768765863,-0.2020919676337083,0,,,0,1,4,,0
IPCX,Inflection Point Acquisition Corp. III,Nasdaq,2012318,2026-01-30,10.14,10.58,10.14,10.58,9858,0.0423645320197043,104297.64,0.04133858267716528,,,0.009794788981702612,,165485.8905,-0.25469777241703145,0.0,1,158,,0,0,,,0
ITOC,iTonic Holdings Ltd,Nasdaq,1970544,2026-01-30,0.481,0.53,0.4706,0.5101,18283,0.1091541639486846,9326.1583,-0.04026340545625584,,,,,43769.48852,-0.4010579480038635,,1,154,,0,0,,,0
JFB,JFB Construction Holdings,Nasdaq,2024306,2026-01-30,27.09,28.8,26.26,26.45,11078,-0.0353756382202772,293013.1,0.020841373986877576,,,0.06600841696545308,,175677.98249999998,0.472326517363128,-0.03537563822027723,0,,2026-02-17,1,0,,,0
JOB,GEE Group Inc.,NYSE,40570,2026-01-30,0.235,0.2389,0.23,0.2385,15880,0.0105932203389831,3787.3799999999997,-0.0610236220472441,,,0.06542021129889104,,2267.45857,0.4051602273763318,-0.11666666666666681,0,,2026-05-06,1,0,,,0
KALV,"KalVista Pharmaceuticals, Inc.",Nasdaq,1348911,2026-01-30,15.59,15.925,14.92,15.61,252730,-0.0170025188916876,3945115.3,-0.025593008739076217,,,0.05020811101188032,,6317300.1,-0.6796551149120073,-0.14465753424657535,0,,2026-04-29,1,0,,,0
KELYA,KELLY SERVICES INC,Nasdaq,55135,2026-01-30,10.02,11.55,10.02,11.5,274938,0.1143410852713178,3161787.0,0.12524461839530332,,,0.06545399366157008,,1597434.577,1.340659531848877,0.0,1,18,,0,0,,,0
KMB,KIMBERLY CLARK CORP,Nasdaq,55785,2026-01-30,98.66,100.39,98.12,99.8,4354549,0.0124784417165466,434583990.2,-0.023578906173564174,,,0.012868571162110445,,209208180.875,3.2320062003838137,-0.023960880195599055,0,,,0,1,88,,0
KORE,"KORE Group Holdings, Inc.",NYSE,1855457,2026-01-30,5.01,5.01,4.91,4.95,315,0.020618556701031,1559.25,0.007121057985757906,,,0.026962508280991535,,9794.92625,-1.1826191952600908,0.0,0,,2026-02-27,1,0,,,0
KOYN,"CSLM Digital Asset Acquisition Corp III, Ltd",Nasdaq,2068454,2026-01-30,10.04,10.04,10.02,10.02,234,0.000999000999001,2344.68,0.0,,,0.0021815968474621934,,128874.28210526318,-0.5426693201950219,,1,59,,0,0,,,0
KPLT,"Katapult Holdings, Inc.",Nasdaq,1785424,2026-01-30,6.58,6.62,5.99,6.52,19959,0.0046224961479197,130132.68,-0.012121212121212088,,,0.020822565168261947,,72797.4145,1.2158940121126132,-0.0931849791376913,1,49,,0,0,,,0
KVUE,Kenvue Inc.,NYSE,1944048,2026-01-30,17.2,17.445,17.135,17.36,2621604,0.0098894706224548,45511045.44,-0.025540275049116046,,,0.01304611928064997,,35001590.532,0.9190076188603505,-0.025540275049116046,1,88,,0,0,,,0
KW,"Kennedy-Wilson Holdings, Inc.",NYSE,1408100,2026-01-30,9.83,9.9,9.81,9.86,67668,-0.0005068423720223,667206.48,0.007150153217569066,,,0.009698568939542998,,591169.1625,0.3198045478946209,-0.014492753623188581,1,87,,0,0,,,0
LAB,STANDARD BIOTOOLS INC.,Nasdaq,1162194,2026-01-30,1.4,1.455,1.39,1.4,453514,-0.0070921985815602,634919.6,-0.09677419354838723,,,0.058617411267295076,,711799.5575,-0.09168319849955751,-0.15662650602409645,0,,2026-06-08,1,0,,,0
LCCC,Lakeshore Acquisition III Corp.,Nasdaq,2049248,2026-01-30,10.25,10.25,10.25,10.25,1,0.0019550342130987,10.25,0.0019550342130987275,,,0.0024501984169363997,,64116.44500000001,-0.2925334824134474,,0,,2026-05-26,1,0,,,0
LE,"LANDS' END, INC.",Nasdaq,799288,2026-01-30,17.69,18.25,17.365,17.75,89861,-0.0160753880266074,1595032.75,0.2633451957295374,,,0.0854567986598206,,1697624.1175000002,-0.06476714604744199,-0.07600208224882876,1,4,,0,0,,,0
LEG,LEGGETT & PLATT INC,NYSE,58492,2026-01-30,11.7,11.765,11.565,11.675,103693,-0.0076498087547811,1210615.7750000001,-0.039094650205761305,,,0.022677623805707904,,1533364.79175,-0.6610842899292191,-0.08287509819324423,1,60,,0,0,,,0
LEGT,Legato Merger Corp. III,NYSE,2002038,2026-01-30,10.9,10.9,10.9,10.9,200,0.0009182736455464,2180.0,0.0009182736455464191,,,0.001887301880307866,,1522.415,0.3967279973108801,,1,79,,0,0,,,0
LEN,LENNAR CORP /NEW/,NYSE,920760,2026-01-30,109.85,111.0,107.89,109.35,242494,-0.0113019891500903,26516718.9,-0.019722097714029663,,,0.029895423747196056,,41231670.47,-0.7800548890812881,-0.11169780666125106,1,214,,0,0,,,0
LGND,LIGAND PHARMACEUTICALS INC,Nasdaq,886163,2026-01-30,193.34,196.27,189.5,192.1,74231,-0.0157298765179074,14259775.1,-0.04499130002485707,,,0.024231107997043925,,13075883.75,0.23581009572391,-0.07040890394386645,0,,,0,0,,2026-04-27,1
LIMN,"Liminatus Pharma, Inc.",Nasdaq,1971387,2026-01-30,0.6,0.6,0.5437,0.5502,12371,-0.0956607495069034,6806.5242,-0.2893309222423146,,,0.10224968363644645,,14239.873135000002,-0.19199541543939425,-0.40195652173913043,1,28,,0,0,,,0
LOKV,Live Oak Acquisition Corp. V,Nasdaq,2048951,2026-01-30,10.31,10.31,10.31,10.31,49,0.0,505.19,0.0,,,0.0008023320218306293,,5205.736666666668,-1.1166701335834814,,1,77,,0,0,,,0
LPSN,LIVEPERSON INC,Nasdaq,1102993,2026-01-30,3.18,3.26,3.02,3.08,43239,-0.0581039755351682,133176.12,-0.05230769230769228,,,0.042495160400110185,,156963.007,-0.11208342262443714,-0.2613908872901678,0,,2026-04-21,1,0,,,0
LSTA,"LISATA THERAPEUTICS, INC.",Nasdaq,320017,2026-01-30,4.63,4.72,4.56,4.63,36666,-0.0127931769722815,169763.58,0.12652068126520666,,,0.19946573157744674,,278444.225,-0.1984226868723054,-0.01279317697228155,1,9,,0,0,,,0
LVLU,"Lulu's Fashion Lounge Holdings, Inc.",Nasdaq,1780201,2026-01-30,16.84,18.99,16.83,18.99,8098,0.1283422459893048,153781.02,-0.2087500000000001,,,0.2194425684033794,,1792071.7065,-0.2562828479419974,-0.2087500000000001,1,21,,0,0,,,0
MACI,Melar Acquisition Corp. I/Cayman,Nasdaq,2016221,2026-01-30,10.68,10.7,10.68,10.7,963,-0.0009337068160598,10304.099999999999,0.0,,,0.002087346657572424,,34457.48052631579,-0.4731823210561225,,1,183,,0,0,,,0
MASI,MASIMO CORP,Nasdaq,937556,2026-01-30,135.96,137.93,133.98,136.62,243277,0.014103325415677,33236503.740000002,-0.034214618973561484,,,0.026341711904599198,,34613542.802999996,-0.09721741230010027,-0.06750392464678168,0,,2026-02-17,1,0,,,0
MBAV,M3-Brigade Acquisition V Corp.,Nasdaq,2016072,2026-01-30,10.7,10.7,10.63,10.65,3087,-0.0065298507462686,32876.55,0.0028248587570622874,,,0.004357208824502649,,57522.570250000004,-0.32834190070431535,-0.009302325581395321,1,206,,0,0,,,0
MCY,MERCURY GENERAL CORP,NYSE,64996,2026-01-30,87.6,88.225,86.49,87.0,29573,-0.0025223572575097,2572851.0,0.0187353629976581,,,0.01682878980165419,,1795334.179,1.9150908252236158,-0.05270034843205573,0,,2026-03-02,1,0,,,0
MDV,"MODIV INDUSTRIAL, INC.",NYSE,1645873,2026-01-30,15.015,15.38,15.015,15.34,3226,-0.0038961038961039,49486.84,0.015894039735099286,,,0.014266761726110595,,45221.973249999995,0.09103873362796722,-0.004542504866969499,0,,2026-05-04,1,0,,,0
MGM,MGM Resorts International,NYSE,789570,2026-01-30,33.31,33.545,32.54,33.53,515490,0.0069069069069069,17284379.7,-0.014692918013517464,,,0.0219732555056272,,17146731.07875,0.1721315679179225,-0.08074023303632627,0,,2026-06-01,1,0,,,0
MLAC,Mountain Lake Acquisition Corp.,Nasdaq,2029492,2026-01-30,10.47,10.47,10.44,10.44,7103,-0.000956937799043,74155.31999999999,0.0,,,0.001674934994919935,,358877.44375,-0.4238973441034191,-0.0019120458891014325,1,121,,0,0,,,0
MOBX,"MOBIX LABS, INC",Nasdaq,1855467,2026-01-30,0.2121,0.219,0.1957,0.1958,221360,-0.0960295475530932,43342.288,-0.1355408388520971,,,0.08055817078447917,,269639.45817,-0.39753208368851933,-0.27481481481481485,0,,,0,1,218,,0
MRBK,Meridian Corp,Nasdaq,1750735,2026-01-30,18.9,19.05,18.72,18.93,32945,0.0193861066235863,623648.85,0.03386127799016947,,,0.019961901640836704,,626356.365,-0.15079865238726992,-0.0031595576619272148,0,,2026-02-03,1,0,,,0
MRP,"Millrose Properties, Inc.",NYSE,2017206,2026-01-30,29.4,30.0,29.28,29.79,131344,0.0037061994609164,3912737.76,-0.022317033147358,,,0.031654282198176564,,3768311.4247500002,0.2311222186229673,-0.08422994159237629,1,112,,0,0,,,0
MUX,McEwen Inc.,NYSE,314203,2026-01-30,24.2,26.47,23.38,24.14,276021,-0.1319669183746853,6663146.94,-0.09757009345794387,,,0.05152008083107304,,3341471.68475,2.5655107556460885,-0.18113975576662145,0,,2026-05-19,1,0,,,0
NATL,NCR Atleos Corp,NYSE,1974138,2026-01-30,37.68,37.825,36.94,37.27,32483,0.0008055853920516,1210641.4100000001,-0.009829968119022259,,,0.0267635705269572,,1270050.15725,-0.04500092627742215,-0.0849496685489809,0,,2026-02-26,1,0,,,0
NCSM,"NCS Multistage Holdings, Inc.",Nasdaq,1692427,2026-01-30,39.02,40.43,39.02,39.88,1024,-0.0032491877030741,40837.12,0.009109311740890691,,,0.0205040856145211,,88834.69350000001,-0.7190019933047955,-0.01555171562577129,0,,2026-06-01,1,0,,,0
NEE,NEXTERA ENERGY INC,NYSE,753308,2026-01-30,88.0,88.33,86.16,87.89,989763,-0.0062189054726368,86990270.07000001,0.040118343195266304,,,0.010847370383188816,,85924601.217,-0.11299352377639597,-0.006218905472636815,0,,,0,0,,2026-05-18,1
NFBK,"Northfield Bancorp, Inc.",Nasdaq,1493225,2026-01-30,12.1,12.35,12.0,12.3,100920,0.0123456790123457,1241316.0,0.034482758620689724,,,0.01796682901356733,,808480.192,2.0485486277209075,-0.0016233766233766378,0,,2026-02-02,1,0,,,0
NHIC,NewHold Investment Corp. III,Nasdaq,2043699,2026-01-30,10.37,10.37,10.37,10.37,12,-0.0067049808429119,124.44,-0.0009633911368016612,,,,,116657.60299999997,-0.4667202095263027,,0,,2026-05-27,1,0,,,0
NPAC,New Providence Acquisition Corp. III/Cayman,Nasdaq,2048948,2026-01-30,10.38,10.45,10.38,10.45,62,0.0,647.9,0.008687258687258614,,,0.0026863597124839513,,32916.94025,-0.33024896390612657,0.0,0,,2026-03-16,1,0,,,0
NSA,National Storage Affiliates Trust,NYSE,1618563,2026-01-30,31.49,32.03,31.39,31.82,84751,0.0,2696776.82,-0.02631578947368418,,,0.02173833329121486,,4759529.286,-1.713718134304637,-0.0641176470588235,0,,2026-03-16,1,0,,,0
NSC,NORFOLK SOUTHERN CORP,NYSE,702165,2026-01-30,288.61,291.71,287.27,291.35,74441,0.0155460280943917,21688385.35,0.013708639226192476,,,0.015281044669853363,,28176044.894249998,-0.5571177449171639,-0.0015421521590129883,1,185,,0,0,,,0
NSTS,"NSTS Bancorp, Inc.",Nasdaq,1881592,2026-01-30,12.74,12.74,12.54,12.54,587,-0.0156985871271586,7360.98,0.0007980845969672856,,,0.010431009609644971,,9195.4095,-0.15212384485495456,-0.02865995352439976,0,,2026-05-12,1,0,,,0
NUVL,"Nuvalent, Inc.",Nasdaq,1861560,2026-01-30,101.69,103.89,101.11,102.89,175358,0.0044908718148979,18042584.62,-0.023999241130715276,,,0.04060535103583905,,18450941.6815,-0.046291236671765955,-0.0812572551120635,0,,2026-06-09,1,0,,,0
NWE,"NorthWestern Energy Group, Inc.",Nasdaq,1993004,2026-01-30,67.15,68.25,66.55,67.86,797335,-0.0093430656934306,54107153.1,0.020604602195819055,,,0.01669862118918391,,15226991.779999997,3.7716566060292807,-0.012370833939746695,1,164,,0,0,,,0
OGN,Organon & Co.,NYSE,1821825,2026-01-30,8.55,8.55,8.075,8.535,731895,-0.0075581395348837,6246723.825,-0.12596006144393246,,,0.034604098694488716,,5877817.922,0.1348187886701841,-0.12596006144393246,0,,2026-04-26,1,0,,,0
OLPX,"OLAPLEX HOLDINGS, INC.",Nasdaq,1868726,2026-01-30,1.53,1.595,1.515,1.58,406012,0.0193548387096773,641498.9600000001,0.012820512820512775,,,0.060006137871896466,,830044.5965,-0.12386986760859853,-0.09195402298850575,0,,2026-03-26,1,0,,,0
OMEX,ODYSSEY MARINE EXPLORATION INC,Nasdaq,798528,2026-01-30,2.01,2.06,1.885,2.0,232158,-0.045346062052506,464316.0,-0.14529914529914523,,,0.048702310992241246,,491114.9015,0.08950213538284178,-0.19678714859437763,0,,2026-04-08,1,0,,,0
ONCO,"Onconetix, Inc.",Nasdaq,1782107,2026-01-30,1.47,1.52,1.31,1.42,20467,-0.0533333333333333,29063.14,-0.08387096774193559,,,0.06087904676344781,,46400.3205,-0.1509194355770368,-0.24468085106382975,0,,2026-02-12,1,0,,,0
PB,PROSPERITY BANCSHARES INC,NYSE,1068851,2026-01-30,67.99,69.51,67.865,69.01,175828,0.0085495067592256,12133890.280000001,-0.040061204618166535,,,0.02417115311834069,,10349476.219749998,0.18048318974078126,-0.07530483719683756,0,,,0,1,2,,0
PCSC,Perceptive Capital Solutions Corp,Nasdaq,2017526,2026-01-30,14.07,14.18,13.88,14.0,6612,-0.0028490028490028,92568.0,0.0,,,0.019384051445291522,,98456.613,-0.10544278866173872,-0.014084507042253502,1,56,,0,0,,,0
PEBO,PEOPLES BANCORP INC,Nasdaq,318300,2026-01-30,31.96,32.52,31.9,32.52,580462,0.0175219023779724,18876624.240000002,0.03566878980891741,,,0.01766870263920883,,4694889.893,3.8525381678917023,-0.011550151975683765,1,106,,0,0,,,0
PEN,Penumbra Inc,NYSE,1321732,2026-01-30,357.855,360.4,357.16,358.335,230809,-0.0046250000000001,82706943.015,-0.003268337459319648,,,0.032500783639651885,,112723694.26400001,-0.19914267143864972,-0.004625000000000101,1,15,,0,0,,,0
PETS,PETMED EXPRESS INC,Nasdaq,1040130,2026-01-30,3.2,3.22,3.13,3.19,33163,-0.0123839009287926,105789.97,-0.03915662650602403,,,0.030000165624859063,,170909.123,-0.6580465332140556,-0.10644257703081228,2,45,,0,0,,,0
PLMK,"Plum Acquisition Corp, IV",Nasdaq,2030482,2026-01-30,10.57,10.57,10.53,10.53,4836,-0.0018957345971565,50923.079999999994,0.0038131553860818457,,,0.0035045190792847686,,74154.75388888888,-0.1523831052310333,,1,42,,0,0,,,0
PMTS,CPI Card Group Inc.,Nasdaq,1641614,2026-01-30,12.74,13.155,12.74,12.99,15261,0.0116822429906542,198240.39,-0.05664488017429192,,,0.026999618195862794,,159602.832,0.8670549844271237,-0.10782967032967039,1,57,,0,0,,,0
PRK,PARK NATIONAL CORP /OH/,NYSE,805676,2026-01-30,163.1,164.69,161.91,164.2,8084,0.0065591859253355,1327392.7999999998,0.026763381690845467,,,0.0201705923077858,,1027715.9512499999,0.6617495814220729,-0.023374769523582972,0,,,0,1,95,,0
PRSO,Peraso Inc.,Nasdaq,890394,2026-01-30,0.94,0.96,0.896,0.9125,66280,-0.0276001705029838,60480.5,-0.13095238095238104,,,0.07600268002718172,,62724.649,0.14897569827752855,-0.23319327731092432,1,218,,0,0,,,0
PRTH,"Priority Technology Holdings, Inc.",Nasdaq,1653558,2026-01-30,5.85,5.94,5.745,5.91,116604,0.0,689129.64,-0.016638935108153063,,,0.01949883326378855,,699106.47,-0.05768745443797966,-0.024752475247524663,1,81,,0,0,,,0
PSA,Public Storage,NYSE,1393311,2026-01-30,277.45,277.45,273.0,276.08,104345,-0.0049378266354298,28807567.599999998,-0.023520673434018424,,,0.018050862640442082,,33592742.459,-0.39248108114803776,-0.06060090510054783,0,,,0,0,,2026-03-16,1
PSKY,Paramount Skydance Corp,Nasdaq,2041610,2026-01-30,11.26,11.28,10.985,11.23,1859619,0.000891265597148,20883521.37,-0.04344122657580918,,,0.014103291530290104,,23596908.1395,-0.1906848346151616,-0.14795144157814866,0,,,0,1,59,,0
PULM,"Pulmatrix, Inc.",Nasdaq,1574235,2026-01-30,2.59,2.75,2.56,2.57,2313,-0.0190839694656489,5944.41,-0.026515151515151603,,,0.02377070719914641,,8926.3125,-0.5191913852086244,-0.04104477611940305,0,,2026-03-26,1,0,,,0
QETA,Quetta Acquisition Corp,Nasdaq,1978528,2026-01-30,11.41,11.64,11.41,11.64,52,0.0086655112651647,605.28,0.012173913043478368,,,0.012162967290043514,,48815.2,-0.3525720064460997,,0,,2026-03-12,1,0,,,0
QMCO,QUANTUM CORP /DE/,Nasdaq,709283,2026-01-30,6.6,6.6,6.12,6.23,108384,-0.0574886535552193,675232.3200000001,-0.12005649717514122,,,0.041393772845180095,,952512.6790000001,-0.3953332365597214,-0.2192982456140351,0,,2026-02-13,1,0,,,0
QRVO,"Qorvo, Inc.",Nasdaq,1604778,2026-01-30,77.59,78.26,77.02,78.26,565265,0.0012794268167861,44237638.900000006,-0.03263288009888754,,,0.03488165013094992,,40324711.748,0.19380831623041322,-0.11199364575059556,1,95,,0,0,,,0
QSEA,Quartzsea Acquisition Corp,Nasdaq,2047455,2026-01-30,10.29,10.29,10.27,10.28,284,0.0009737098344693,2919.52,0.0009737098344693162,,,0.0030977202462393193,,5013.085,-0.38171635017744826,-0.001941747572815622,0,,2026-05-14,1,0,,,0
QUAD,"Quad/Graphics, Inc.",NYSE,1481792,2026-01-30,6.0,6.135,5.91,6.125,10420,0.0132340777502066,63822.5,0.012396694214876103,,,0.021256393703357346,,60561.369000000006,0.07076682421683968,-0.04595015576323991,0,,2026-02-24,1,0,,,0
QUMS,Quantumsphere Acquisition Corp,Nasdaq,2070900,2026-01-30,10.1,10.1,10.07,10.1,601,0.0009910802775023,6070.099999999999,0.001984126984126977,,,0.0017460238237216083,,18072.494333333332,-0.3095394873939461,,1,119,,0,0,,,0
QXO,"QXO, Inc.",NYSE,1236275,2026-01-30,22.5,22.75,21.99,22.2,869591,-0.0263157894736842,19304920.2,-0.07132399079690444,,,0.0483763730766954,,35622896.864,-0.7760527205354592,-0.12941176470588234,0,,,0,0,,2026-04-19,1
RAAQ,Real Asset Acquisition Corp.,Nasdaq,2052161,2026-01-30,10.38,10.38,10.38,10.38,81,0.0028985507246377,840.7800000000001,-0.006698564593301315,,,0.003030879714647936,,75186.1275,-0.4495652308091866,-0.006698564593301315,0,,2026-02-23,1,0,,,0
RAMP,"LiveRamp Holdings, Inc.",NYSE,733269,2026-01-30,24.12,24.55,23.96,24.36,79478,0.0072358900144717,1936084.0799999998,-0.05434782608695665,,,0.022422808026838603,,1524235.91725,1.288193952029678,-0.1408922588608711,0,,2026-05-17,1,0,,,0
RGR,STURM RUGER & CO INC,NYSE,95029,2026-01-30,36.64,36.86,36.17,36.7,13412,-0.0087778528021605,492220.4,-0.008911693221712036,,,0.02305081107260103,,748014.236,-1.0683122432809642,-0.04302477183833109,0,,2026-03-25,1,0,,,0
RLYB,Rallybio Corp,Nasdaq,1739410,2026-01-30,0.648,0.6765,0.612,0.6421,7449,-0.0386285372061686,4783.0029,-0.04378257632166793,,,0.04219127628927904,,12962.385475,-0.9267977520702791,-0.12994579945799456,0,,2026-06-01,1,0,,,0
RMCO,Royalty Management Holding Corp,Nasdaq,1843656,2026-01-30,4.53,4.62,4.11,4.12,5942,-0.0964912280701753,24481.04,-0.07415730337078652,,,0.07690397572593796,,35355.256,-0.28880852553960124,-0.0964912280701753,1,123,,0,0,,,0
RNA,"Atrium Therapeutics, Inc.",Nasdaq,2093101,2026-01-30,72.55,72.65,72.44,72.57,400518,0.0,29065591.259999998,-0.0004132231404958553,,,0.0012027836406164236,,34552136.9435,-0.3696200425998781,-0.0009636563876652682,1,39,,0,0,,,0
ROOT,"Root, Inc.",Nasdaq,1788882,2026-01-30,63.29,63.99,60.1,62.2,170192,-0.0173775671406002,10585942.4,-0.09632427720470715,,,0.02912543398160686,,6914678.2245000005,1.7346035046235093,-0.21820010055304173,1,120,,0,0,,,0
RPAY,Repay Holdings Corp,Nasdaq,1720592,2026-01-30,3.52,3.565,3.47,3.49,361218,-0.0141242937853106,1260650.82,-0.025139664804469275,,,0.025045529714150305,,731988.5804999999,2.5904662561451812,-0.08398950131233596,0,,2026-04-17,1,0,,,0
RSVR,"Reservoir Media, Inc.",Nasdaq,1824403,2026-01-30,7.41,7.59,7.33,7.55,121458,0.0120643431635387,917007.9,0.016150740242261152,,,0.014648272117049277,,213978.967,3.7927979693351093,-0.005270092226614009,0,,2026-03-03,1,0,,,0
RYAN,"RYAN SPECIALTY HOLDINGS, INC.",NYSE,1849253,2026-01-30,47.025,48.51,46.66,47.16,228313,-0.0008474576271187,10767241.08,-0.05661132226445298,,,0.02647754078605858,,6897122.704000001,1.352383898899426,-0.10960067969413778,1,53,,0,0,,,0
SACH,Sachem Capital Corp.,NYSE,1682220,2026-01-30,1.045,1.045,1.04,1.045,3776,0.0048076923076922,3945.9199999999996,-0.009478672985781977,,,0.012052275152000086,,5410.94225,-0.34082754690357814,-0.02336448598130858,0,,2026-05-18,1,0,,,0
SAN,"Banco Santander, S.A.",NYSE,891478,2026-01-30,12.81,12.9,12.67,12.745,639563,-0.0050741608118658,8151230.435,0.030315278900565845,,,0.015393026071970592,,6388164.248,0.8130657116406779,-0.021121351766513086,0,,,0,0,,2026-02-03,1
SBGI,"Sinclair, Inc.",Nasdaq,1971213,2026-01-30,14.3,14.53,14.06,14.51,136167,0.0153953813855842,1975783.17,-0.03588039867109638,,,0.02032291151158076,,1864685.4070000001,0.5350704245037874,-0.06748071979434456,0,,,0,1,75,,0
SEM,SELECT MEDICAL HOLDINGS CORP,NYSE,1320414,2026-01-30,15.05,15.06,14.79,15.06,56704,0.0033311125916055,853962.24,-0.00659630606860151,,,0.0120236113339418,,910684.5380000001,-0.22222990066623557,-0.022712524334847495,1,67,,0,0,,,0
SGI,SOMNIGROUP INTERNATIONAL INC.,NYSE,1206264,2026-01-30,91.02,91.02,87.57,87.85,95855,-0.0118110236220473,8420861.75,-0.05201251753534053,,,0.019195087518501366,,11713255.0215,-0.8223883373077,-0.08308109800647123,0,,,0,1,60,,0
SILA,"Sila Realty Trust, Inc.",NYSE,1567925,2026-01-30,24.2,24.5,24.2,24.37,36621,-0.0008200082000819,892453.77,0.02180293501048225,,,0.012083544780887618,,664151.5592499999,0.7654938512526884,-0.0048999591670068066,0,,2026-04-20,1,0,,,0
SIMA,SIM Acquisition Corp. I,Nasdaq,2014982,2026-01-30,10.6,10.61,10.6,10.61,258,-0.0018814675446849,2737.3799999999997,0.0009433962264151496,,,0.0034386773610500664,,112746.83333333333,-0.3827542139597784,,0,,2026-04-28,1,0,,,0
SKYT,"SkyWater Technology, Inc",Nasdaq,1819974,2026-01-30,32.3,32.96,31.34,31.61,721426,-0.0383328262853664,22804275.86,0.013790891597177612,,,0.05895887819972138,,32535948.746000003,-0.4164299832013117,-0.09426934097421202,1,4,,0,0,,,0
SLAB,SILICON LABORATORIES INC.,Nasdaq,1038074,2026-01-30,144.92,145.0,140.61,142.45,117362,-0.0279104681315681,16718216.899999999,-0.019951840385276975,,,0.03314714593807902,,16406814.290000001,0.19171446705680636,-0.07385735647877256,0,,2026-02-04,1,0,,,0
SLAI,SOLAI Ltd,NYSE,1517496,2026-01-30,0.8758,0.9777,0.85,0.9003,20804,-0.0107680474673113,18729.8412,-0.08132653061224493,,,0.0977911572285796,,9426.62572,0.714689098832956,-0.24975000000000003,0,,2026-03-12,1,0,,,0
SMR,NUSCALE POWER Corp,NYSE,1822966,2026-01-30,18.48,19.13,17.31,17.44,3176948,-0.0787110406761752,55405973.120000005,-0.114720812182741,,,0.060297736375399646,,78247138.01799999,-0.4948497393914464,-0.15667311411992257,0,,2026-04-23,1,0,,,0
SOBR,"SOBR Safe, Inc.",Nasdaq,1425627,2026-01-30,1.16,1.315,1.135,1.3,37110,0.092436974789916,48243.0,-0.1719745222929936,,,0.07708163222515979,,49470.114,0.33528097367914395,-0.4144144144144144,0,,2026-04-30,1,0,,,0
SOUL,Soulpower Acquisition Corp.,NYSE,2025608,2026-01-30,10.26,10.26,10.24,10.24,1200,0.0014669926650368,12288.0,0.0009775171065493637,,,0.0018795670426686314,,34582.20611111111,-0.1942991149305281,,1,67,,0,0,,,0
SOUN,"SOUNDHOUND AI, INC.",Nasdaq,1840856,2026-01-30,8.93,9.04,8.33,8.51,6491510,-0.0648351648351648,55242750.1,-0.17618586640851885,,,0.03796035362806385,,51122939.86,1.567488887146765,-0.2818565400843882,0,,,0,0,,2026-04-21,1
SRXH,"SRx Health Solutions, Inc.",NYSE,1471727,2026-01-30,0.1346,0.1519,0.1265,0.1359,964272,0.0096582466567607,131044.5648,-0.12884615384615394,,,0.06433265691836056,,212559.39498,-0.15555089997626126,-0.42390843577787196,1,45,,0,0,,,0
SSP,E.W. SCRIPPS Co,Nasdaq,832428,2026-01-30,3.43,3.49,3.335,3.35,290022,-0.0317919075144508,971573.7000000001,-0.02898550724637683,,,0.023210880380645692,,623064.2365,2.51127263944887,-0.1728395061728395,1,75,,0,0,,,0
STEL,"Stellar Bancorp, Inc.",NYSE,1473844,2026-01-30,36.69,37.42,36.69,37.14,134591,0.0092391304347827,4998709.74,0.14417744916820707,,,0.0342379203204937,,2190870.3734999998,0.6764536558195463,0.0,1,2,,0,0,,,0
STRR,"Star Equity Holdings, Inc.",Nasdaq,1210708,2026-01-30,10.0,10.75,9.99,10.27,629,-0.0437616387337058,6459.83,0.006862745098039191,,,0.020823959370581603,,13554.794,-0.323143211977294,-0.07974910394265233,0,,,0,0,,2026-05-06,1
SUNE,"SUNation Energy, Inc.",Nasdaq,22701,2026-01-30,0.99,1.01,0.93,0.95,5098,-0.0205175791318692,4843.099999999999,-0.13636363636363646,,,0.045122912030560416,,13990.556289999999,-0.26468816225886793,-0.1517857142857144,0,,2026-06-08,1,0,,,0
SVAC,Spring Valley Acquisition Corp. III,Nasdaq,2074850,2026-01-30,10.92,10.92,10.7,10.75,80801,-0.0037071362372566,868610.75,-0.06521739130434778,,,0.03317415004122886,,2825332.1038888893,-0.21722059000745586,,1,8,,0,0,,,0
SWKHL,SWK Holdings Corp,Nasdaq,1089907,2026-01-30,25.52,25.62,25.52,25.53,35,-0.0031237797735258,893.5500000000001,-0.0007827788649705791,,,0.0022638667258158157,,15836.742222222221,-0.6565579435601611,,1,113,,0,0,,,0
SWKS,"SKYWORKS SOLUTIONS, INC.",Nasdaq,4127,2026-01-30,55.55,55.81,54.67,55.53,3649345,0.0092693565976007,202648127.85,-0.05641461342395926,,,0.035610355135222274,,107208878.05,2.5625445361055474,-0.17094655120931623,0,,,0,1,95,,0
SZZL,Sizzle Acquisition Corp. II,Nasdaq,2030663,2026-01-30,10.29,10.29,10.28,10.28,5,0.0,51.4,0.0019493177387914784,,,0.0020862382860528748,,63327.54350000001,-0.6021815357608635,-0.0009718172983479434,0,,2026-04-13,1,0,,,0
TACH,Titan Acquisition Corp.,Nasdaq,2009183,2026-01-30,10.33,10.33,10.33,10.33,24,0.0,247.92000000000002,0.0038872691933917736,,,0.0031785186079047708,,33180.962666666666,-0.5913167273293314,,0,,2026-06-01,1,0,,,0
TACO,Berto Acquisition Corp.,Nasdaq,2033122,2026-01-30,10.21,10.21,10.2,10.21,961,0.0009803921568629,9811.810000000001,0.001962708537782243,,,0.0013337327408745351,,40234.814,-0.6871151791958593,0.0,1,93,,0,0,,,0
TALK,"Talkspace, Inc.",Nasdaq,1803901,2026-01-30,3.88,4.065,3.88,4.03,397071,0.0254452926208652,1600196.1300000001,-0.004938271604938205,,,0.03162023761844875,,1630522.7995000002,-0.1635178914864457,-0.004938271604938205,0,,2026-03-09,1,0,,,0
TBH,"Brag House Holdings, Inc.",Nasdaq,1903595,2026-01-30,0.4163,0.4678,0.4,0.429,62984,0.0305068460245014,27020.136,-0.04687847145078872,,,0.06847710761943644,,12672.50085,2.0854429065877165,-0.2198581560283689,1,109,,0,0,,,0
TBRG,"TruBridge, Inc.",Nasdaq,1169445,2026-01-30,19.44,19.73,18.84,19.35,35612,-0.011746680286006,689092.2000000001,-0.0615906886517944,,,0.025060418159608452,,599439.916,0.614629760226195,-0.14757709251101314,0,,2026-04-23,1,0,,,0
TDS,TELEPHONE & DATA SYSTEMS INC /DE/,NYSE,1051512,2026-01-30,44.72,45.7,44.63,45.1,97262,0.0100783874580068,4386516.2,0.02244389027431426,,,0.01885889505305593,,4775970.50525,-0.2227305986156581,0.0,0,,,0,0,,2026-05-08,1
TMHC,Taylor Morrison Home Corp,NYSE,1562476,2026-01-30,60.55,61.61,59.89,60.97,105919,-0.0087790603153958,6457881.43,-0.02103403982016705,,,0.024409935851027506,,6329949.664,0.13249342054772667,-0.06716646266829862,0,,2026-05-31,1,0,,,0
TWO,TWO HARBORS INVESTMENT CORP.,NYSE,1465740,2026-01-30,13.02,13.1,11.21,11.46,646286,-0.1291793313069907,7406437.5600000005,-0.14221556886227538,,,0.04782431795624218,,4976656.31725,0.9631098791010424,-0.18434163701067618,0,,2026-03-19,1,0,,,0
TXN,TEXAS INSTRUMENTS INC,Nasdaq,97476,2026-01-30,216.18,217.28,213.02,215.63,3645673,-0.0081416743330267,786116468.99,0.12248828735033834,,,0.029304190203065544,,630859464.202,0.48206138901243917,-0.008141674333026705,0,,,0,0,,2026-02-04,1
UHS,UNIVERSAL HEALTH SERVICES INC,NYSE,352915,2026-01-30,199.12,202.56,197.42,202.56,40066,0.0120409692730452,8115768.96,-0.012143379663496767,,,0.020798280769966964,,17323762.4005,-1.4177911383948676,-0.09051724137931028,0,,,0,0,,2026-03-09,1
ULCC,"Frontier Group Holdings, Inc.",Nasdaq,1670076,2026-01-30,4.93,4.945,4.62,4.72,1087587,-0.0541082164328657,5133410.64,-0.1026615969581749,,,0.0458636083102098,,4692290.041,0.47734532811018193,-0.11775700934579436,1,150,,0,0,,,0
UNF,UNIFIRST CORP,NYSE,717954,2026-01-30,208.97,215.6,207.4,215.17,14115,0.027898533416137,3037124.55,0.04122913138156292,,,0.022421145858750772,,3946435.0464999997,-0.35871557260522646,0.0,1,39,,0,0,,,0
UNP,UNION PACIFIC CORP,NYSE,100885,2026-01-30,232.41,235.42,230.66,234.65,323288,0.0091171031694834,75859529.2,0.02181675666260241,,,0.01830943724590596,,86191905.782,-0.32019206250235005,0.0,0,,,0,1,185,,0
UUUU,ENERGY FUELS INC,NYSE,1385849,2026-01-30,23.57,25.16,21.54,22.19,2113509,-0.1123999999999999,46898764.71,-0.12809430255402743,,,0.05794859800338718,,38281781.525,0.7155789300969869,-0.132525410476935,1,66,,0,0,,,0
UYSC,UY Scuti Acquisition Corp.,Nasdaq,2036973,2026-01-30,10.3,10.31,10.3,10.3,2043,0.0009718172983481,21042.9,0.0009718172983481654,,,0.0010972864668997257,,18844.114736842104,0.06923092660896317,,1,193,,0,0,,,0
VACI,Viking Acquisition Corp I,NYSE,2080023,2026-01-30,10.0,10.0,10.0,10.0,12200,0.0020040080160319,122000.0,0.00908173562058523,,,0.0020069976516074333,,96507.30791666667,0.15424516152349263,,0,,2026-04-17,1,0,,,0
VECO,VEECO INSTRUMENTS INC,Nasdaq,103145,2026-01-30,32.17,32.73,30.99,31.23,273816,-0.0461209529627367,8551273.68,-0.03462132921174654,,,0.03619114463693709,,6482159.6280000005,1.6679303348517485,-0.0857728337236533,1,121,,0,0,,,0
VRME,"VerifyMe, Inc.",Nasdaq,1104038,2026-01-30,1.24,1.28,1.15,1.15,33898,-0.065040650406504,38982.7,-0.07258064516129037,,,0.16193270942473234,,787159.684425,-0.28549367341382775,-0.1785714285714286,1,25,,0,0,,,0
VYNE,VYNE Therapeutics Inc.,Nasdaq,1566044,2026-01-30,0.5665,0.5665,0.5507,0.5661,130519,-0.0017633574325516,73886.8059,-0.024806201550387597,,,0.013586723841466364,,70889.23834000001,0.032245772458556254,-0.03230769230769215,1,44,,0,0,,,0
WBD,"Warner Bros. Discovery, Inc.",Nasdaq,1437107,2026-01-30,27.29,27.78,27.29,27.53,7771606,0.0043779642466252,213952313.18,-0.03267744202389322,,,0.01053916753532927,,194281773.7965,0.407815776453448,-0.047734347976478686,1,59,,0,0,,,0
WBS,WEBSTER FINANCIAL CORP,NYSE,801337,2026-01-30,65.55,66.27,64.82,64.82,193878,-0.0103816793893131,12567171.959999999,0.02014479068303432,,,0.02323303639104335,,13139078.11125,-0.11762912091154187,-0.046624503603471146,0,,2026-02-03,1,0,,,0
WFRD,Weatherford International plc,Nasdaq,1603923,2026-01-30,93.0,94.8,92.27,94.08,371304,0.0008510638297871,34932280.32,0.055063362117304004,,,0.03423585273788622,,38413474.2315,-0.4784977309332057,0.0,0,,,0,0,,2026-06-01,1
WKHS,Workhorse Group Inc.,Nasdaq,1425287,2026-01-30,4.76,5.0,4.76,4.9,21688,0.0165975103734439,106271.20000000001,-0.019999999999999907,,,0.032176234888749204,,167043.774,-0.8539937935642997,-0.15371329879101892,1,168,,0,0,,,0
WSR,Whitestone REIT,NYSE,1175535,2026-01-30,14.025,14.33,14.025,14.26,21737,0.010272759475735,309969.62,0.00635144671841914,,,0.01309307745895606,,250895.99550000002,0.7589699842484938,-0.0041899441340782495,1,87,2026-04-09,1,0,,,0
WTRG,"Essential Utilities, Inc.",NYSE,78128,2026-01-30,38.6,38.95,38.36,38.8,300949,0.0028431119152234,11676821.2,-0.009698825931597765,,,0.013676419519320575,,8992795.9115,1.1856048468444231,-0.030000000000000027,1,95,,0,0,,,0
WU,Western Union CO,NYSE,1365135,2026-01-30,9.34,9.425,9.2,9.37,643818,0.0,6032574.659999999,-0.014721345951629883,,,0.016797778454734603,,4801798.23475,1.0455543567988514,-0.03501544799176126,0,,,0,1,173,,0
XCUR,"EXICURE, INC.",Nasdaq,1698530,2026-01-30,4.14,4.24,4.07,4.07,6277,-0.044600938967136,25547.390000000003,-0.3392857142857143,,,0.056077048169182596,,30353.989500000003,0.22379711186124357,-0.36306729264475734,1,35,,0,0,,,0
XOMA,XOMA Royalty Corp,Nasdaq,791908,2026-01-30,24.56,25.83,24.29,25.83,127887,0.0344413295955146,3303321.21,-0.032584269662921383,,,0.05101326944204921,,4303342.104,-0.32703361905091327,-0.13467336683417097,0,,2026-04-27,1,0,,,0
XRPN,Armada Acquisition Corp. II,Nasdaq,2044009,2026-01-30,10.25,10.25,10.24,10.25,10326,-0.005819592628516,105841.5,0.0,,,0.004585645669141955,,252482.37149999998,-0.8311363790887656,-0.005819592628516057,1,102,,0,0,,,0
XXI,"Twenty One Capital, Inc.",NYSE,2070457,2026-01-30,7.5,7.84,7.425,7.65,82889,-0.0013054830287205,634100.85,-0.09036860879904873,,,0.0433522906266823,,769237.1375,-0.09290355622854722,-0.22883064516129026,0,,2026-05-19,1,0,,,0
BPAC,Blueport Acquisition Ltd,Nasdaq,2064177,2026-02-24,9.97,9.97,9.97,9.97,1,0.0,9.97,-0.0010020040080159776,0.00504032258064524,,0.000969582128273484,0.0010363552889717062,243295.02699999994,-0.3129364727164252,-0.002002002002001957,0,,2026-05-01,1,0,,,0
LCCC,Lakeshore Acquisition III Corp.,Nasdaq,2049248,2026-02-25,10.25,10.25,10.25,10.25,112,0.0,1148.0,0.0009765625,0.0019550342130987275,,0.0014479681640907171,0.002015239534550663,7644.149,-0.29775115754489717,-0.0009746588693957392,0,,2026-05-26,1,0,,,0
ALIS,Calisa Acquisition Corp,Nasdaq,2026767,2026-02-26,10.0,10.0,10.0,10.0,1,0.0015022533800701,10.0,0.0,0.006036217303823088,,0.0021676691317321687,0.0020812346367608094,118675.19099999999,-0.5468757897517729,-0.003984063745019806,1,31,,0,0,,,0
NHIC,NewHold Investment Corp. III,Nasdaq,2043699,2026-02-26,10.47,10.47,10.4,10.41,17,0.0009615384615384,176.97,-0.002873563218390718,0.004826254826254983,,0.0027382001011699276,0.0025502077498175666,98211.94975,-0.4789497793818981,-0.00382775119617218,0,,2026-05-27,1,0,,,0
QUMS,Quantumsphere Acquisition Corp,Nasdaq,2070900,2026-02-26,10.07,10.07,10.07,10.07,500,0.0009940357852882,5035.0,0.0,-0.002970297029702862,,0.0012577863127928967,0.0015231784988265825,56114.40249999999,-0.2829302081278762,-0.002970297029702862,1,146,,0,0,,,0
TDAC,Translational Development Acquisition Corp.,Nasdaq,1926599,2026-02-26,10.54,10.54,10.53,10.53,2,0.0,21.06,-0.0018957345971565287,,,0.003357565234038584,,56864.055789473685,-0.27222858519198995,,0,,2026-05-27,1,0,,,0
ACLS,AXCELIS TECHNOLOGIES INC,Nasdaq,1113232,2026-02-27,82.58,84.39,81.0,82.61,296736,-0.0163134079542748,24513360.96,0.030049875311720653,-0.09359227561992545,,0.04329035876216146,0.039470538585751225,29181694.540499996,-0.1878112601289044,-0.15062718486530957,0,,,0,1,149,,0
AD,"ARRAY DIGITAL INFRASTRUCTURE, INC.",NYSE,821130,2026-02-27,48.01,48.74,47.94,48.69,19647,0.0137414116177387,956612.4299999999,-0.018346774193548465,0.026998523518245054,,0.015837529995005442,0.03959849564308685,1118379.89975,-0.24514902405644307,-0.1941410129096326,0,,2026-05-08,1,0,,,0
AES,AES CORP,NYSE,874761,2026-02-27,16.06,18.58,16.0,17.22,2634374,0.0655940594059405,45363920.279999994,0.046172539489671705,0.13888888888888884,,0.02620236390372988,0.02423336221553623,15557715.495000001,2.9940441036977834,0.0,0,,2026-03-02,1,0,,,0
AFBI,"Affinity Bancshares, Inc.",Nasdaq,1823406,2026-02-27,19.8,20.045,19.8,19.9,891,0.0075949367088605,17730.899999999998,-0.017769002961500635,-0.027370478983382296,,0.0112860948784421,0.011808562936286546,17939.4695,0.009177002687870724,-0.04096385542168679,0,,2026-03-30,1,0,,,0
AIRI,AIR INDUSTRIES GROUP,NYSE,1009891,2026-02-27,3.34,3.43,3.3,3.43,2590,0.0029239766081872,8883.7,0.13576158940397365,0.023880597014925398,,0.023591317709815512,0.021182947973181317,17500.0045,-0.29043967612018007,0.0,1,10,,0,0,,,0
ALB,ALBEMARLE CORP,NYSE,915913,2026-02-27,187.0,187.0,177.28,178.6,223098,-0.0294533202912727,39845302.8,0.06385513461996672,-0.012168141592920456,,0.048161771354694995,0.04440845383501283,54949792.1655,-0.628393654826123,-0.09797979797979806,0,,2026-03-30,1,0,,,0
AMZN,AMAZON COM INC,Nasdaq,1018724,2026-02-27,207.63,210.34,204.81,209.46,21150531,0.0150222911416941,4430190223.26,-0.0024764263263167274,-0.1321677162744448,,0.04010549771570491,0.03156898684142392,3944753612.433,0.29393588993756775,-0.15352596484138203,0,,,0,0,,2026-04-14,1
APO,"Apollo Global Management, Inc.",NYSE,1858681,2026-02-27,113.95,114.04,104.0,105.0,2034854,-0.0804799019178561,213659670.0,-0.1242702251876564,-0.21111945905334328,,0.0345564608546149,0.02876427922663445,103958277.6925,2.833069788034613,-0.31228713649462936,0,,,0,0,,2026-05-11,1
APUS,"Apimeds Pharmaceuticals US, Inc.",NYSE,1894525,2026-02-27,1.35,1.35,1.32,1.35,3215,0.0,4340.25,-0.04255319148936154,-0.3076923076923076,,0.11853308634054999,0.10887605906257626,15164.277500000002,-0.31598132503073834,-0.3661971830985915,1,88,,0,1,88,,0
ASRT,"Assertio Holdings, Inc.",Nasdaq,1808665,2026-02-27,12.0,12.07,11.59,11.66,23388,-0.0258980785296575,272704.08,-0.02833333333333332,-0.0059676044330776445,,0.02778559544531465,0.03643158410740563,143825.58399999997,1.686770485300885,-0.06645316253002398,0,,2026-05-13,1,0,,,0
ATII,Archimedes Tech SPAC Partners II Co.,Nasdaq,2028516,2026-02-27,10.55,10.56,10.53,10.53,3581,-0.0028409090909091,37707.93,-0.0028409090909091717,-0.015887850467289688,,0.0035933564745241372,0.0034629178436232505,56429.84800000001,-0.13188095457555293,-0.015887850467289688,0,,2026-04-20,1,0,,,0
AUUD,AUDDIA INC.,Nasdaq,1554818,2026-02-27,0.8217,0.8656,0.8166,0.8413,16361,0.0381293188548865,13764.509300000002,-0.13178534571723421,-0.11757919026641495,,0.260585335056236,0.20824297982864637,509268.75987999997,-0.2583433158765994,-0.4033333333333332,1,206,,0,1,206,,0
AVB,AVALONBAY COMMUNITIES INC,NYSE,915912,2026-02-27,179.15,179.3,174.76,177.0,185889,-0.0149702265011965,32902353.0,-0.002029769959404626,0.015898524938299907,,0.013120748574490564,0.013549605895089986,21614214.48025,1.1321865668807105,-0.038565996740901665,0,,2026-05-21,1,0,,,0
AVNS,"AVANOS MEDICAL, INC.",NYSE,1606498,2026-02-27,14.64,14.64,13.8,14.08,124467,-0.0289655172413793,1752495.36,-0.09743589743589742,0.09062742060418283,,0.03707175626904202,0.03224176335842558,1204443.004,1.107941391225282,-0.09743589743589742,0,,2026-04-14,1,0,,,0
AWK,"American Water Works Company, Inc.",NYSE,1410636,2026-02-27,133.71,137.73,133.71,137.08,205008,0.0206999255398361,28102496.640000004,0.055435786880197346,0.06271804015815174,,0.017892873806106355,0.016586643327946664,26519607.4225,0.009947289641201559,0.0,0,,,0,1,123,,0
AXTA,Axalta Coating Systems Ltd.,NYSE,1616862,2026-02-27,33.51,33.71,33.08,33.42,264792,-0.0056530794406426,8849348.64,-0.03130434782608693,-0.01936619718309851,,0.021397659953747702,0.016870585381003514,13470386.364500001,-0.6683686920773227,-0.06044419454596561,1,101,,0,0,,,0
BACC,Blue Acquisition Corp/Cayman,Nasdaq,2059654,2026-02-27,10.18,10.19,10.16,10.19,8115,0.0009823182711197,82691.84999999999,0.0029527559055118058,-0.0097181729834791,,0.002156632054931148,0.0022488564159347797,258576.60150000002,-0.24964575921685642,-0.0097181729834791,1,100,,0,0,,,0
BARK,"Bark, Inc.",NYSE,1819574,2026-02-27,0.7806,0.7933,0.764,0.7922,25661,0.0107170196478691,20328.6442,-0.02197530864197539,-0.07915843310473081,,0.03249555944981295,0.08246535899359776,25225.993995,-0.3909019473860739,-0.16293322062552829,1,49,,0,0,,,0
BBCQ,Bleichroeder Acquisition Corp. II,Nasdaq,2088295,2026-02-27,9.96,9.96,9.92,9.92,2893,0.0,28698.56,-0.002012072434607548,-0.001007049345417954,,0.0040968413352704255,0.0040968413352704255,121988.813,-0.508780824966942,-0.012935323383084674,0,,2026-03-04,1,0,,,0
BCAR,D. Boral ARC Acquisition I Corp.,Nasdaq,2065779,2026-02-27,10.09,10.1,10.085,10.085,68798,-0.0004955401387511,693827.8300000001,-0.0004955401387511937,-0.014173998044965774,,0.001188587435821216,0.00678902418789749,590965.5774999999,0.2041693554197372,-0.04498106060606055,1,46,,0,0,,,0
BHF,"Brighthouse Financial, Inc.",Nasdaq,1685040,2026-02-27,60.2,60.22,59.45,59.98,406580,-0.0038199634612191,24386668.4,-0.06178632879712187,-0.06573208722741442,,0.0070434802892398105,0.006086750144713429,16682493.456,1.0185887265461862,-0.07794004611837047,1,113,,0,0,,,0
BKH,BLACK HILLS CORP /SD/,NYSE,1130464,2026-02-27,73.62,74.28,73.43,73.71,69358,-0.0016253555465258,5112378.18,0.005182053729714919,0.01992528019925288,,0.010642366998538176,0.012131491449258664,7004777.018999999,-1.168447245563623,-0.00767366720516971,0,,,0,1,192,,0
BKR,Baker Hughes Co,Nasdaq,1701605,2026-02-27,65.21,65.78,64.77,65.25,4020938,0.002458134890152,262366204.5,0.04819277108433728,0.15445859872611467,,0.01651566674544084,0.02107263974448088,211563777.59149998,0.8083517724379309,0.0,0,,,0,1,213,,0
BLD,TopBuild Corp,NYSE,1633931,2026-02-27,467.88,468.0,445.92,447.71,53458,-0.0419216777230901,23933681.18,-0.13674488556388953,-0.06505032786200571,,0.033547450585601366,0.03035379518736446,20556735.155500002,0.8067589084867336,-0.18731167180976582,0,,2026-04-19,1,0,,,0
BRK.B,BERKSHIRE HATHAWAY INC,NYSE,1067983,2026-02-27,501.2,506.5,499.3,504.83,420356,0.0077855189347812,212208319.48,0.013755572512952341,0.06034446544843508,,0.009628424669377045,0.008888388828479163,183556816.0525,0.31785955118547693,-0.006357516828721099,0,,,0,1,242,2026-05-31,1
BRNS,Barinthus Biotherapeutics plc.,Nasdaq,1828185,2026-02-27,0.5873,0.5873,0.5841,0.5841,801,0.00188679245283,467.86409999999995,-0.06544000000000005,-0.19032436928195184,,0.04847418215112842,0.03782180505739317,4186.635075,-0.5667076240497448,-0.23144736842105273,1,151,,0,0,,,0
BSX,BOSTON SCIENTIFIC CORP,NYSE,885725,2026-02-27,75.47,76.87,75.47,76.39,1321368,0.0084488448844883,100939301.52,0.02098369419941193,-0.1687704026115343,,0.03890114008389824,0.03057204729358441,189265509.191,-0.5293261190489194,-0.22643037974683544,0,,,0,1,43,,0
CAPN,Cayson Acquisition Corp,Nasdaq,2024203,2026-02-27,10.82,10.82,10.82,10.82,139,0.0027803521779425,1503.98,0.006511627906976791,0.009799346710219314,,0.0018364656607415247,0.0025343565025291196,22167.72475,-0.6784693925215318,0.0,1,228,,0,0,,,0
CCO,"Clear Channel Outdoor Holdings, Inc.",NYSE,1334978,2026-02-27,2.38,2.395,2.38,2.395,311317,0.0063025210084033,745604.215,0.0,0.06444444444444453,,0.025497198874736175,0.030701083224956,1821729.57425,-0.4178533572964591,-0.010330578512396604,1,18,,0,0,,,0
CCRN,CROSS COUNTRY HEALTHCARE INC,Nasdaq,1141103,2026-02-27,8.77,8.8,8.61,8.7,149465,-0.007981755986317,1300345.5,0.0235294117647058,-0.05125408942202847,,0.018007251532083747,0.021476675414658353,1385095.0395,-0.17043181443786812,-0.06652360515021472,0,,2026-05-06,1,0,,,0
CD,Chaince Digital Holdings Inc.,Nasdaq,1527762,2026-02-27,4.01,6.19,3.87,5.5,355559,0.3513513513513513,1955574.5,0.3924050632911391,-0.09688013136288998,,0.10846371705454386,0.1023089611494223,319726.574,4.163609021639098,-0.15644171779141103,0,,,0,0,,2026-03-12,1
CEPO,"Cantor Equity Partners I, Inc.",Nasdaq,2027708,2026-02-27,10.465,10.47,10.465,10.47,920,0.0009560229445506,9632.400000000001,0.0009560229445506607,0.001913875598086312,,0.0011587234897290075,0.0020162857750081428,156841.151,-0.5531352468704985,-0.004752851711026462,1,225,,0,0,,,0
CEPT,"Cantor Equity Partners II, Inc.",Nasdaq,2034269,2026-02-27,11.51,11.61,11.07,11.1,62137,-0.0364583333333333,689720.7,-0.017699115044247926,-0.14086687306501555,,0.020936267123803944,0.028168967445554992,877406.591,-0.3278866887268783,-0.17655786350148372,1,122,,0,0,,,0
CHSCP,CHS INC,Nasdaq,823277,2026-02-27,28.0,28.07,27.78,27.79,71948,-0.0092691622103386,1999434.92,-0.01488833746898266,-0.0014372978799855884,,0.004547938508124101,0.0037571845084880973,189788.97850000003,4.187729282863947,-0.023198594024604557,1,81,,0,0,,,0
CLBK,"Columbia Financial, Inc.",Nasdaq,1723596,2026-02-27,17.99,18.085,17.6,17.9,205834,-0.0170236133992313,3684428.5999999996,-0.033998920669185195,0.09681372549019596,,0.02690013946828512,0.02320238125859152,2803503.4050000003,0.5496789879657676,-0.033998920669185195,0,,,0,1,25,,0
CPRX,"CATALYST PHARMACEUTICALS, INC.",Nasdaq,1369568,2026-02-27,24.55,25.14,22.96,23.54,677237,-0.0538585209003215,15942158.979999999,-0.027272727272727226,-0.02967848309975274,,0.026342803784347023,0.02158419280756281,11836968.331,1.6604963829499686,-0.06475963448549871,0,,2026-05-07,1,0,,,0
CRBG,"Corebridge Financial, Inc.",NYSE,1889539,2026-02-27,27.3,27.305,25.68,25.85,238219,-0.0728120516499282,6157961.15,-0.1377585056704469,-0.1669352239767966,,0.0337338575863648,0.026847618737847755,10940121.19725,-0.8835273045269879,-0.17988578680203038,0,,,0,0,,2026-03-26,1
CTAS,CINTAS CORP,Nasdaq,723254,2026-02-27,197.92,202.84,195.9,201.14,1002535,0.0235611419266195,201649889.89999998,0.006605945350815601,0.06142480211081791,,0.011666147526634432,0.010860689933971898,156656004.73999998,0.8904487988926025,0.0,0,,,0,1,67,,0
CWAN,"Clearwater Analytics Holdings, Inc.",NYSE,1866368,2026-02-27,23.4,23.5,23.285,23.405,457669,-0.0006404782237404,10711742.945,0.005369415807560118,-0.0300455864069622,,0.0091098394924829,0.006920122438347723,31598330.44275,-0.6472292216762869,-0.03801890669954777,1,68,,0,0,,,0
CYCN,"Cyclerion Therapeutics, Inc.",Nasdaq,1755237,2026-02-27,1.14,1.39,1.14,1.35,9548,0.0305343511450382,12889.800000000001,0.015037593984962516,-0.007352941176470562,,0.05548474331684327,0.10736603870380972,10907.613000000001,0.09265998928338738,-0.3414634146341462,0,,2026-04-01,1,0,,,0
CZR,"Caesars Entertainment, Inc.",Nasdaq,1590895,2026-02-27,24.6,25.9,23.92,25.24,5364476,0.0331559557920588,135399374.23999998,0.19451017510648372,0.18497652582159607,,0.058348628333367146,0.049615689421399156,58913833.266499996,2.0224816898233158,-0.004731861198738252,0,,2026-05-28,1,0,,,0
D,"DOMINION ENERGY, INC",NYSE,715957,2026-02-27,62.86,63.23,62.59,63.05,2137107,-0.0048926767676767,134744596.35,-0.04324734446130518,0.041116248348745055,,0.015065248116313695,0.013540671547165739,59814665.483500004,2.8459044713130464,-0.0518796992481203,0,,2026-05-18,1,0,,,0
DAAQ,Digital Asset Acquisition Corp.,Nasdaq,2052162,2026-02-27,10.24,10.25,10.24,10.25,201,0.001465559355154,2060.25,0.0019550342130987275,0.0034263338228095463,,0.0012826066077714128,0.002181574459329901,74224.3155,-0.3828898323342775,-0.006782945736434121,1,45,,0,0,,,0
DBRG,"DigitalBridge Group, Inc.",NYSE,1679688,2026-02-27,15.38,15.455,15.38,15.41,127829,0.0026024723487314,1969844.8900000001,0.001299545159194171,0.001299545159194171,,0.0022982651779609813,0.002697563772423245,4962733.65275,-1.089619998974667,-0.0025889967637540146,1,60,,0,0,,,0
DHR,DANAHER CORP /DE/,NYSE,313616,2026-02-27,207.96,210.67,206.86,210.5,610751,0.0105616898703793,128563085.5,0.004437658061745564,-0.038812785388127824,,0.013386817737770111,0.015657802156668184,113335371.396,0.42018275389579984,-0.12908564335953654,0,,,0,1,10,,0
DMAA,Drugs Made In America Acquisition Corp.,Nasdaq,2028614,2026-02-27,10.48,10.48,10.455,10.455,102,-0.0042857142857142,1066.41,0.0004784688995216335,0.0004784688995216335,,0.0019958162198376096,0.0020173823747436322,11540.32775,-0.34819796004726344,-0.004285714285714226,0,,2026-04-08,1,0,,,0
DRDB,Roman DBDR Acquisition Corp. II,Nasdaq,2032528,2026-02-27,10.84,10.84,10.43,10.43,82216,-0.001913875598086,857512.88,0.0,-0.007611798287345373,,0.001124841241994403,0.0020797847011977412,65572.16750000001,4.17838110097159,-0.010436432637571103,1,0,,0,0,,,0
DRVN,Driven Brands Holdings Inc.,Nasdaq,1804745,2026-02-27,11.3,11.4,10.69,11.0,1080403,-0.0265486725663717,11884433.0,-0.35597189695550346,-0.28292046936114734,,0.07257660666392537,0.054799687001302874,8641131.8475,0.7289155453872607,-0.3563487419543593,0,,2026-04-30,1,0,,,0
DTSQ,DT Cloud Star Acquisition Corp,Nasdaq,2017950,2026-02-27,10.99,11.06,10.9,10.9,64,0.003683241252302,697.6,-0.0027447392497712553,0.0009182736455464191,,0.004500959525520622,0.009258480079457027,23710.457499999997,-0.5985304478090647,-0.025044722719141266,1,23,,0,0,,,0
DXLG,"DESTINATION XL GROUP, INC.",Nasdaq,813298,2026-02-27,0.548,0.548,0.49,0.4966,83470,-0.0721225710014947,41451.202,-0.24757575757575767,-0.29848848707444553,,0.05467080373294679,0.045400845629756055,15442.492694999999,2.4776791923181234,-0.473661897191309,1,78,2026-05-12,1,0,,,0
DXST,Decent Holding Inc.,Nasdaq,1958133,2026-02-27,0.1243,0.126,0.1039,0.106,33888,-0.110738255033557,3592.1279999999997,-0.3403858120721842,-0.9495238095238095,,0.2249333749119351,0.18194047924799903,462346.80260999996,-0.37698032921479574,-0.9495238095238095,1,252,,0,0,,,0
EA,ELECTRONIC ARTS INC.,Nasdaq,712515,2026-02-27,199.94,201.27,199.5,200.39,1453974,0.0015994401959313,291361849.85999995,-9.979541939031389e-05,-0.016732090284592882,,0.008845197679304926,0.006446412334891458,242027485.3225,0.38811911707727353,-0.022726164350158617,1,151,,0,0,,,0
EEX,"Emerald Holding, Inc.",NYSE,1579214,2026-02-27,4.305,4.34,4.255,4.27,655,-0.0183908045977011,2796.85,-0.0895522388059703,-0.11226611226611227,,0.040058380777012195,0.03538283777265754,15431.516749999999,-0.9079415545720358,-0.2048417132216016,0,,2026-05-11,1,0,,,0
EGHA,EGH Acquisition Corp.,Nasdaq,2052547,2026-02-27,10.2,10.2,10.2,10.2,774,0.0,7894.799999999999,0.0,-0.008746355685131157,,0.0016812463662725168,0.0031533374959659506,202878.222,-0.5964862356800864,-0.016393442622950838,1,36,,0,0,,,0
ELSE,ELECTRO SENSORS INC,Nasdaq,351789,2026-02-27,4.33,4.38,4.33,4.33,49,0.0099125364431487,212.17000000000002,-0.011415525114155223,-0.029147982062780242,,0.01864359562774226,0.015891152809901582,2203.088,-0.5162639065244029,-0.031319910514541305,0,,2026-04-21,1,0,,,0
EQBK,EQUITY BANCSHARES INC,NYSE,1227500,2026-02-27,45.64,45.7,44.34,44.74,12642,-0.018859649122807,565603.0800000001,-0.03722831934581439,-0.032020770229337914,,0.012092428206734611,0.0198008412775662,541993.2470000001,0.16637859415341058,-0.08721819851065993,0,,,0,1,178,,0
EQH,"Equitable Holdings, Inc.",NYSE,1333986,2026-02-27,41.13,41.13,39.36,40.205,587882,-0.0409112595419848,23635795.81,-0.09100158263621971,-0.1274956597222222,,0.032873907758192634,0.025560856141778467,16017579.163500002,1.0665642576503356,-0.18249288328588864,0,,2026-03-26,1,0,,,0
EQR,EQUITY RESIDENTIAL,NYSE,906107,2026-02-27,63.64,63.9,62.75,63.215,278208,-0.0140372767683067,17586918.720000003,0.00998562070618303,0.019925782510487267,,0.012431675863626495,0.014308794342805783,24654203.515,-0.6258465997724467,-0.03554809672743908,0,,,0,0,,2026-05-21,1
ESPR,"Esperion Therapeutics, Inc.",Nasdaq,1434868,2026-02-27,3.33,3.385,3.285,3.35,1190010,0.006006006006006,3986533.5,-0.03735632183908044,-0.05633802816901401,,0.0330875941469009,0.037988457745187214,2678858.2495,1.9994734425128518,-0.1475826972010178,0,,2026-05-01,1,0,,,0
FACT,FACT II Acquisition Corp.,Nasdaq,2028935,2026-02-27,10.48,10.48,10.48,10.48,8655,-0.0009532888465204,90704.40000000001,-0.0009532888465204614,-0.0038022813688212143,,0.001228975068494094,0.003232697438732106,64320.72749999999,0.23801910765541368,-0.011320754716981019,1,88,,0,0,,,0
FCNCA,FIRST CITIZENS BANCSHARES INC /DE/,Nasdaq,798941,2026-02-27,1981.0,1986.12,1876.03,1898.15,81048,-0.0515414980262828,153841261.20000002,-0.056585487077534746,-0.06402859960552265,,0.022398250212303135,0.022946218757114265,70389451.2465,2.814075145019617,-0.14122517305343174,1,123,,0,0,,,0
FG,"F&G Annuities & Life, Inc.",NYSE,1934850,2026-02-27,23.42,23.42,22.45,22.64,65160,-0.0398642917726885,1475222.4000000001,-0.12145906092355452,-0.2246575342465753,,0.035148760941357375,0.030631800028174044,1219857.34925,0.9018384862236081,-0.2559973710154453,1,112,,0,0,,,0
FGMC,FG Merger II Corp.,Nasdaq,1906364,2026-02-27,10.08,10.09,10.07,10.07,417,-0.0009920634920634,4199.1900000000005,0.0,0.0,,0.0023448211374150437,0.002349368462207853,68230.543,-0.8609300845303306,-0.003956478733926683,1,206,,0,0,,,0
FLNT,"Fluent, Inc.",Nasdaq,1460329,2026-02-27,3.27,3.39,3.18,3.27,2409,-0.0030487804878047,7877.43,-0.018018018018018056,-0.143979057591623,,0.03922551700449044,0.05256346825985652,24613.877249999998,-0.63569434329236,-0.16793893129770998,0,,2026-04-29,1,0,,,0
FONR,FONAR CORP,Nasdaq,355019,2026-02-27,18.53,18.64,18.53,18.6,14627,0.0032362459546926,272062.2,0.0,-0.0021459227467810482,,0.0027637247078064766,0.002974171078222694,372013.092,-0.4326220091937999,-0.012214551248008299,1,233,,0,0,,,0
FSEA,"First Seacoast Bancorp, Inc.",Nasdaq,1943802,2026-02-27,13.1,13.21,13.01,13.01,562,0.0,7311.62,-0.006870229007633566,-0.0076277650648359785,,0.012244524933048647,0.012736129639672696,12101.294999999998,-0.3048202690732611,-0.010646387832699666,0,,2026-05-05,1,0,,,0
FSHP,Flag Ship Acquisition Corp,Nasdaq,1850059,2026-02-27,10.84,10.84,10.84,10.84,15,0.0009233610341643,162.6,0.0009233610341643494,-0.002759889604415755,,0.004784385533037956,0.004498830095472029,8304.7155,-0.642518978112948,-0.005504587155963359,0,,2026-05-09,1,0,,,0
FSUN,FIRSTSUN CAPITAL BANCORP,Nasdaq,1709442,2026-02-27,38.0,38.0,36.06,36.47,52657,-0.0546915500259201,1920400.79,-0.07624113475177297,-0.03416313559322037,,0.026746643273739358,0.025107852311811656,2574366.769,-0.39661224316062055,-0.10853092153507693,1,85,,0,0,,,0
GDC,GD Culture Group Ltd,Nasdaq,1641398,2026-02-27,3.6,3.84,3.6,3.62,1642,0.0111731843575419,5944.04,0.061583577712609916,-0.16972477064220182,,0.07339976098774804,0.06314811623860936,29395.809999999998,-0.5941193325741208,-0.28458498023715406,0,,2026-05-05,1,0,,,0
GDOT,GREEN DOT CORP,NYSE,1386278,2026-02-27,11.65,11.69,11.45,11.57,22164,-0.0148999574286929,256437.48,-0.03983402489626564,-0.07440000000000002,,0.01566402100841568,0.015122866647976381,717291.44775,-1.3603490924956074,-0.10310077519379846,1,95,,0,0,,,0
GLXY,Galaxy Digital Inc.,Nasdaq,1859392,2026-02-27,21.8,21.8,20.05,20.61,1981229,-0.058904109589041,40833129.69,-0.03601496725912068,-0.30606060606060603,,0.08572447814301419,0.07461253010495753,55854892.861,-0.5074267976329204,-0.4012202208018595,0,,2026-03-11,1,0,,,0
GNL,"Global Net Lease, Inc.",NYSE,1526113,2026-02-27,9.12,9.54,9.12,9.425,259144,-0.0047518479408659,2442432.2,-0.03084832904884305,-0.010498687664041939,,0.013205533359070081,0.011824689198484587,1209846.67025,2.2870772905650067,-0.05323957810145652,0,,,0,0,,2026-05-04,1
GORO,GOLD RESOURCE CORP,NYSE,1160791,2026-02-27,1.57,1.57,1.49,1.54,74254,-0.0128205128205128,114351.16,-0.06382978723404253,0.0547945205479452,,0.06092304289589928,0.09737573922539255,280050.74399999995,-1.0044076167052431,-0.125,1,32,,0,0,,,0
GSAT,"Globalstar, Inc.",Nasdaq,1366868,2026-02-27,59.01,64.0,54.45,61.88,499527,0.0705882352941178,30910730.76,0.022979004794180913,-0.04284609435421505,,0.03995123865426355,0.045338778934126564,12426703.7735,3.131612150585992,-0.08999999999999997,0,,2026-04-14,1,0,,,0
GTLS,CHART INDUSTRIES INC,NYSE,892553,2026-02-27,207.39,207.56,207.24,207.39,223793,-4.8216007714652065e-05,46412430.269999996,0.0010136113524470414,0.0013519385833613562,,0.001462220510893288,0.001236869348434499,65305197.0795,-0.8685021040039522,-0.0008671773377656455,1,213,,0,0,,,0
HCWC,HEALTHY CHOICE WELLNESS CORP.,NYSE,1948864,2026-02-27,0.3303,0.3303,0.29,0.31,87855,-0.0631610758537323,27235.05,0.062007536827680676,0.05156037991858886,,0.10361951978955704,0.08308028551520469,37757.979095,-0.09308370585996988,-0.10970706490522686,0,,2026-05-29,1,0,,,0
HDSN,HUDSON TECHNOLOGIES INC /NY,Nasdaq,925528,2026-02-27,7.05,7.155,6.97,7.11,89127,-0.0055944055944056,633692.97,-0.03658536585365846,-0.004201680672268782,,0.022802495339405662,0.02001135520323138,722325.3985,-0.4751760308582343,-0.06692913385826771,1,226,,0,0,,,0
HLX,HELIX ENERGY SOLUTIONS GROUP INC,NYSE,866829,2026-02-27,9.05,9.33,9.05,9.195,215846,0.0149006622516556,1984703.97,0.0182724252491695,0.15952080706179084,,0.04739154197382685,0.03861259945423661,2375068.68325,-0.4657361261463597,-0.12843601895734602,0,,2026-04-23,1,0,,,0
HVII,Hennessy Capital Investment Corp. VII,Nasdaq,1846416,2026-02-27,10.33,10.33,10.31,10.315,5283,0.0004849660523762,54494.145,0.00048496605237624557,0.004381694255112034,,0.0016819034436801308,0.0024145922092054352,172178.29775000003,-0.6522977556552206,-0.013862332695984803,1,127,,0,0,,,0
HYMC,HYCROFT MINING HOLDING CORP,Nasdaq,1718405,2026-02-27,49.92,51.32,45.23,50.5,1536196,0.0191725529767912,77577898.0,0.2119030477561794,0.09425785482123517,,0.12201789774216787,0.1181238151162411,44939267.927499995,0.6096050051338843,-0.08114992721979619,1,86,,0,0,,,0
HZO,MARINEMAX INC,NYSE,1057060,2026-02-27,29.63,30.625,28.95,30.51,61764,0.0065984823490599,1884419.6400000001,0.06902592852137368,0.24378312270688962,,0.04801130454140661,0.04490486416848649,2836041.0425,-0.4414448543822253,-0.02399232245681382,1,24,,0,0,,,0
IBAC,IB Acquisition Corp.,Nasdaq,1998781,2026-02-27,10.73,10.73,10.65,10.72,7824,0.001401214385801,83873.28,0.00657276995305156,0.019011406844106515,,0.0020751768368419,0.0020457939340567184,27675.070499999994,1.9637393502492877,0.0,0,,2026-03-16,1,0,,,0
IBO,IMPACT BIOMEDICAL INC.,NYSE,1834105,2026-02-27,0.44,0.4464,0.4258,0.4338,1102,-0.014090909090909,478.04760000000005,0.05804878048780493,-0.06427955133735974,,0.0442903006528617,0.03699871932106361,651.87733,-0.19606212289071112,-0.16092843326885875,1,249,,0,0,,,0
IMXI,"International Money Express, Inc.",Nasdaq,1683695,2026-02-27,15.76,15.8,15.74,15.78,42556,0.0025412960609909,671533.6799999999,0.005736137667303964,0.020038784744667026,,0.003521577949481165,0.0028310223772165096,978620.457,-0.5808186768549116,0.0,1,201,,0,0,,,0
IONQ,"IonQ, Inc.",NYSE,1824920,2026-02-27,40.25,40.25,36.46,37.95,2658642,-0.0452830188679244,100895463.9,0.1859375000000001,-0.12838768948093704,,0.08439710969586035,0.06432162807406741,95106528.24599999,-0.00799680304979571,-0.251036116044997,0,,,0,1,32,,0
IPCX,Inflection Point Acquisition Corp. III,Nasdaq,2012318,2026-02-27,10.19,10.2,10.19,10.2,7370,0.0,75174.0,0.003937007874015741,0.004926108374384119,,0.013560198445571171,0.009755657071267519,112060.82400000002,-0.20285595320976618,-0.035916824196597474,1,186,,0,0,,,0
ITOC,iTonic Holdings Ltd,Nasdaq,1970544,2026-02-27,0.33,0.3601,0.33,0.352,9018,-0.0230363585900639,3174.336,-0.05376344086021512,-0.23461622091759082,,0.06941893766153247,0.06893711709302286,3740.2016649999996,0.021481905046610718,-0.44233206590621044,1,182,,0,0,,,0
JFB,JFB Construction Holdings,Nasdaq,2024306,2026-02-27,15.02,15.45,14.0,15.2,16750,-0.0293742017879949,254600.0,-0.20126116657908577,-0.4456601021152444,,0.1510908494784872,0.11995715011226546,973072.2082500001,-0.43153715263332343,-0.5494961470065205,1,10,,0,0,,,0
JOB,GEE Group Inc.,NYSE,40570,2026-02-27,0.2355,0.2378,0.2355,0.2378,993,-0.0116375727348295,236.1354,-0.007098121085594933,0.007627118644067954,,0.03853233989989707,0.053604047933120645,1271.128185,-0.8729275662092004,-0.11925925925925929,0,,2026-05-06,1,0,,,0
KALV,"KalVista Pharmaceuticals, Inc.",Nasdaq,1348911,2026-02-27,15.81,16.31,15.55,16.28,252172,0.0329949238578681,4105360.16,0.028427037271004485,0.02518891687657443,,0.027752989187284225,0.0401524517584742,3516307.633,0.5073179933166826,-0.10794520547945197,0,,2026-04-29,1,0,,,0
KELYA,KELLY SERVICES INC,Nasdaq,55135,2026-02-27,9.62,9.77,9.4,9.71,195102,0.0221052631578948,1894440.4200000002,-0.014213197969543012,-0.05910852713178294,,0.04119513785307463,0.05229994335381428,2413540.1454999996,-0.4130050242427538,-0.15565217391304342,1,46,,0,0,,,0
KMB,KIMBERLY CLARK CORP,Nasdaq,55785,2026-02-27,110.38,111.8,109.85,111.29,1982153,0.0088840540295531,220593807.37,0.021009174311926726,0.1290453484833114,,0.011134786375654878,0.01239575610103313,216347685.7995,-0.0818511797134499,0.0,0,,,0,1,116,,0
KORE,"KORE Group Holdings, Inc.",NYSE,1855457,2026-02-27,6.02,9.13,6.02,9.0,396579,0.8072289156626504,3569211.0,0.7341040462427744,0.8556701030927836,,0.18055504995624216,0.13201031895686804,182705.632,4.24814114881575,0.0,1,0,,0,0,,,0
KOYN,"CSLM Digital Asset Acquisition Corp III, Ltd",Nasdaq,2068454,2026-02-27,10.035,10.04,10.035,10.04,233,0.0009970089730806,2339.3199999999997,0.0,0.001996007984031989,,0.001797653315644545,0.0020497001034928573,36327.110499999995,-0.5148950439822155,-0.001988071570576677,1,87,,0,0,,,0
KPLT,"Katapult Holdings, Inc.",Nasdaq,1785424,2026-02-27,6.26,6.32,5.89,6.16,9154,-0.0374999999999999,56388.64,-0.035993740219092296,-0.05084745762711862,,0.038144442076916696,0.03096785642888123,41047.22375,0.48312953173702394,-0.14325452016689855,1,77,,0,0,,,0
KVUE,Kenvue Inc.,NYSE,1944048,2026-02-27,19.01,19.17,18.935,19.09,888049,0.0084521922873745,16952855.41,0.02085561497326216,0.11052937754508418,,0.008745267355281935,0.011272136409243075,36440548.389249995,-1.3641768711917148,0.0,1,116,,0,0,,,0
KW,"Kennedy-Wilson Holdings, Inc.",NYSE,1408100,2026-02-27,10.85,10.875,10.83,10.83,88253,0.0,955779.99,-0.006422018348623881,0.09782057780030406,,0.023576997340335994,0.018283074782814365,1522884.32675,-0.30652310938251215,-0.008695652173913104,1,115,,0,0,,,0
LAB,STANDARD BIOTOOLS INC.,Nasdaq,1162194,2026-02-27,1.16,1.175,1.115,1.13,802293,-0.0737704918032787,906591.09,0.0,-0.198581560283688,,0.03716759998022726,0.049561038268456654,588266.7054999999,1.8530744472343714,-0.319277108433735,0,,2026-06-08,1,0,,,0
LE,"LANDS' END, INC.",Nasdaq,799288,2026-02-27,17.11,17.31,16.03,16.07,99151,-0.0790830945558739,1593356.57,-0.15063424947145887,-0.10920177383592011,,0.04397627100213553,0.0679820188642502,1321971.8584999999,1.2201257975146749,-0.16345653305570018,1,32,,0,0,,,0
LEG,LEGGETT & PLATT INC,NYSE,58492,2026-02-27,11.655,11.68,11.43,11.675,100061,-0.0139358108108107,1168212.175,-0.020142677297523948,-0.007649808754781162,,0.031159855308192062,0.027373972718001186,1984923.92275,-0.9429090884731205,-0.09461031407522291,1,88,,0,0,,,0
LEGT,Legato Merger Corp. III,NYSE,2002038,2026-02-27,10.99,10.99,10.96,10.97,33100,-0.0009107468123861,363107.0,0.0009124087591241281,0.008272058823529438,,0.008337179220415524,0.006757655475119544,35132.73625,3.8315145674997324,-0.022281639928698804,1,107,,0,0,,,0
LEN,LENNAR CORP /NEW/,NYSE,920760,2026-02-27,111.89,114.98,111.03,114.0,193488,0.0215969172864951,22057632.0,-0.02103907256333193,0.030741410488245968,,0.02269336833294095,0.026352300867564894,32708272.78,-0.6282041685607637,-0.07392363931762791,1,242,,0,0,,,0
LGND,LIGAND PHARMACEUTICALS INC,Nasdaq,886163,2026-02-27,196.17,201.68,194.62,195.29,87309,-0.0044859050823264,17050574.61,0.061474073268833695,0.0006148485935337789,,0.017929575788742883,0.02105999246492732,10778287.3875,1.9712214613074115,-0.054972175175417415,0,,,0,0,,2026-04-27,1
LIMN,"Liminatus Pharma, Inc.",Nasdaq,1971387,2026-02-27,0.2351,0.2721,0.23,0.255,237761,0.096774193548387,60629.055,0.1258278145695364,-0.5808678500986193,,0.27071813635522884,0.20616867622000834,2939506.753005,-0.6390260513999575,-0.8779904306220095,1,56,,0,0,,,0
LKSP,Lake Superior Acquisition Corp,Nasdaq,2043508,2026-02-27,10.005,10.03,10.005,10.03,6762,0.0019980019980019,67822.86,0.0029999999999998916,,,0.0017569220235014859,,93132.98789473684,-0.1972965417343721,,1,35,,0,0,,,0
LOKV,Live Oak Acquisition Corp. V,Nasdaq,2048951,2026-02-27,10.35,10.35,10.33,10.33,4321,0.0,44635.93,-0.006730769230769207,0.0019398642095052043,,0.0033702175627453525,0.0025788345561894247,119391.95550000001,-0.2557983556613151,-0.006730769230769207,1,105,,0,0,,,0
LPSN,LIVEPERSON INC,Nasdaq,1102993,2026-02-27,2.95,2.95,2.78,2.87,15575,-0.0103448275862068,44700.25,0.014134275618374659,-0.1223241590214067,,0.04509605390973781,0.04316400996385615,85730.736,-1.1045565005291125,-0.31175059952038364,0,,2026-04-21,1,0,,,0
LSTA,"LISATA THERAPEUTICS, INC.",Nasdaq,320017,2026-02-27,4.42,4.42,4.03,4.25,22254,-0.036281179138322,94579.5,-0.05133928571428581,-0.093816631130064,,0.01041574482919452,0.14295551360666076,149066.6255,-0.41067404891376386,-0.093816631130064,1,37,,0,0,,,0
LVLU,"Lulu's Fashion Lounge Holdings, Inc.",Nasdaq,1780201,2026-02-27,15.07,15.68,14.95,15.45,1266,0.0045513654096227,19559.7,-0.015296367112810683,-0.08199643493761133,,0.059868741668204675,0.16456310118084413,130647.54250000001,-0.9512527188001729,-0.35625000000000007,1,49,,0,0,,,0
MACI,Melar Acquisition Corp. I/Cayman,Nasdaq,2016221,2026-02-27,10.73,10.73,10.7,10.7,35,-0.0018656716417911,374.5,-0.001865671641791189,-0.0009337068160598649,,0.0014446480952948703,0.0017834720034728391,6177.54275,-0.5786809173342861,-0.001865671641791189,1,211,,0,0,,,0
MASI,MASIMO CORP,Nasdaq,937556,2026-02-27,175.25,175.62,175.15,175.35,324709,0.002,56937723.15,-0.0008547008547008517,0.30158847980997616,,0.07730051130269525,0.05866016064149235,100849123.52849999,-0.40346393442786777,-0.0008547008547008517,1,10,,0,0,,,0
MBAV,M3-Brigade Acquisition V Corp.,Nasdaq,2016072,2026-02-27,10.73,10.8,10.67,10.67,7252,-0.0065176908752327,77378.84,0.0009380863039398779,-0.004664179104477695,,0.00367915173048604,0.0038803354416071883,156207.103,-0.20697341663492672,-0.007441860465116301,1,234,,0,0,,,0
MCY,MERCURY GENERAL CORP,NYSE,64996,2026-02-27,89.85,91.4,89.53,90.51,33531,0.0075698541689859,3034890.81,0.04684247050659285,0.03772070626003221,,0.028013876789129023,0.023389508555940724,3308261.539,-0.12822281884868594,-0.062072538860103554,0,,2026-03-02,1,0,,,0
MDV,"MODIV INDUSTRIAL, INC.",NYSE,1645873,2026-02-27,15.6,15.66,15.45,15.48,3734,-0.0190114068441064,57802.32,0.006501950585175553,0.0051948051948051965,,0.015284209563216574,0.01485012089585043,37572.62675,0.8159961349646351,-0.019011406844106404,0,,2026-05-04,1,0,,,0
MGM,MGM Resorts International,NYSE,789570,2026-02-27,36.89,37.19,36.36,36.865,796466,-0.0161462503336001,29361719.09,0.00013564839934887551,0.10705705705705726,,0.04125091394215608,0.03368263016765126,27034138.309249997,0.1020025054281379,-0.02473544973544961,0,,2026-06-01,1,0,,,0
MLAC,Mountain Lake Acquisition Corp.,Nasdaq,2029492,2026-02-27,10.5,10.5,10.49,10.49,3794,0.0,39799.06,0.000954198473282375,0.003827751196172402,,0.0011534547531762752,0.0014188024250573492,265077.9265,-0.7177103671806437,-0.0009523809523809268,1,149,,0,0,,,0
MOBX,"MOBIX LABS, INC",Nasdaq,1855467,2026-02-27,0.1603,0.1801,0.1603,0.165,400918,-0.0018148820326678,66151.47,-0.0036231884057970065,-0.23822714681440438,,0.11033071515953759,0.09599407612791842,253579.15273000003,-0.2138377339055579,-0.38888888888888895,0,,,0,1,246,,0
MRBK,Meridian Corp,Nasdaq,1750735,2026-02-27,19.85,19.85,19.24,19.44,41009,-0.0260521042084168,797214.9600000001,-0.030907278165503316,0.04684975767366728,,0.01845597423996772,0.019093842690789366,964451.774,-0.466253122419664,-0.061323032351521034,1,24,,0,0,,,0
MRP,"Millrose Properties, Inc.",NYSE,2017206,2026-02-27,31.265,31.92,31.16,31.35,314140,0.0064205457463886,9848289.0,-0.009791535060012624,0.05626684636118595,,0.016831528461531964,0.025200845637720976,4315934.732249999,3.408549523259101,-0.036274208422994114,1,140,,0,0,,,0
MUX,McEwen Inc.,NYSE,314203,2026-02-27,28.28,28.86,27.335,27.94,88574,-0.012720848056537,2474757.56,0.05433962264150938,0.0046745774901115755,,0.06577278294305536,0.05480970757317385,3066037.5445,-0.6142388106677176,-0.05223880597014918,0,,2026-05-19,1,0,,,0
NATL,NCR Atleos Corp,NYSE,1974138,2026-02-27,48.0,48.5,43.75,44.0,1105628,-0.0572101992714806,48647632.0,0.04018912529550844,0.18152524167561745,,0.04270231446000971,0.036121200981558355,4174185.0149999997,4.231590213548063,-0.05721019927148063,1,1,,0,0,,,0
NCSM,"NCS Multistage Holdings, Inc.",Nasdaq,1692427,2026-02-27,40.8,40.8,39.45,39.84,1054,-0.0054917623564653,41991.36,0.01632653061224487,-0.004248937765558458,,0.020479591517181518,0.020484989209363084,74786.7035,-0.5271230859961734,-0.016539126141693283,0,,2026-06-01,1,0,,,0
NEE,NEXTERA ENERGY INC,NYSE,753308,2026-02-27,92.01,94.13,90.65,93.58,2681110,0.0189459930313589,250898273.79999998,0.013867822318526457,0.05811849841700578,,0.017343910043445758,0.01447485337920271,103860152.386,2.849573059792434,-0.026121344572796357,0,,,0,0,,2026-05-18,1
NFBK,"Northfield Bancorp, Inc.",Nasdaq,1493225,2026-02-27,13.31,13.43,13.29,13.34,136166,-0.0162241887905605,1816454.44,-0.01477104874446078,0.09794238683127565,,0.02769747323441335,0.023440676425734257,2785413.368,-0.4376436533293674,-0.0402877697841727,1,25,,0,0,,,0
NPAC,New Providence Acquisition Corp. III/Cayman,Nasdaq,2048948,2026-02-27,10.31,10.31,10.29,10.29,599,0.0,6163.709999999999,-0.000970873786407922,-0.015311004784689053,,0.0042149294060758215,0.0036514458500207163,78222.14425,-0.4361365142089361,-0.015311004784689053,0,,2026-03-16,1,0,,,0
NSA,National Storage Affiliates Trust,NYSE,1618563,2026-02-27,34.195,35.35,34.195,35.025,110368,0.0156589821661592,3865639.1999999997,-0.023557290214664017,0.10072281583909493,,0.01412840840131217,0.018242238900761733,5039747.94025,-0.8398364154635828,-0.023557290214664017,0,,2026-03-16,1,0,,,0
NSC,NORFOLK SOUTHERN CORP,NYSE,702165,2026-02-27,313.38,315.255,310.99,315.0,86552,0.0059880239520957,27263880.0,-0.005430664309169053,0.09798180487294794,,0.01147852313142922,0.013442276061751246,40863929.021249995,-0.9168032634255455,-0.007279947054930513,1,213,,0,0,,,0
NSTS,"NSTS Bancorp, Inc.",Nasdaq,1881592,2026-02-27,12.35,12.4,12.25,12.25,426,0.0,5218.5,-0.0008156606851549286,-0.038461538461538436,,0.016660609346208263,0.013785455130198502,5715.89825,-0.07998825107231047,-0.051123160340821094,0,,2026-05-12,1,0,,,0
NUVL,"Nuvalent, Inc.",Nasdaq,1861560,2026-02-27,102.96,103.93,100.24,101.95,252617,-0.0190512845184258,25754303.150000002,0.014427860696517358,-0.00468612711119798,,0.0197101871911731,0.03165724021644528,16794441.274,2.0643355694198706,-0.08965086168407888,0,,2026-06-09,1,0,,,0
NWE,"NorthWestern Energy Group, Inc.",Nasdaq,1993004,2026-02-27,69.82,70.46,69.61,69.96,199026,0.0020051561157261,13923858.959999999,0.014942695488176172,0.021313868613138665,,0.011332839171223734,0.014096772186667467,17047751.236500002,-0.33660013637910796,0.0,1,192,,0,0,,,0
OGN,Organon & Co.,NYSE,1821825,2026-02-27,7.19,7.335,7.085,7.295,359191,0.008293020041465,2620298.345,-0.09603469640644369,-0.15174418604651163,,0.03851364463122013,0.03761970628276543,3975083.3667500005,-0.5607720570518058,-0.25294418842805944,0,,2026-04-26,1,0,,,0
OLPX,"OLAPLEX HOLDINGS, INC.",Nasdaq,1868726,2026-02-27,1.65,1.665,1.6,1.61,289360,-0.0359281437125748,465869.60000000003,-0.024242424242424176,0.03870967741935494,,0.03514180301342458,0.04894328897141674,439771.58950000006,0.07025385934379896,-0.07471264367816088,0,,2026-03-26,1,0,,,0
OMEX,ODYSSEY MARINE EXPLORATION INC,Nasdaq,798528,2026-02-27,1.56,1.56,1.455,1.47,51313,-0.0454545454545455,75430.11,-0.026490066225165587,-0.298329355608592,,0.06261641505280022,0.056329363596896526,208700.73949999997,-1.2296888750884052,-0.40963855421686757,0,,2026-04-08,1,0,,,0
ONCO,"Onconetix, Inc.",Nasdaq,1782107,2026-02-27,0.66,0.6795,0.66,0.669,3101,0.0139436192785691,2074.569,-0.11741424802110811,-0.554,,0.15548384892723052,0.11956330618116767,64385.98872,-0.34328895828953887,-0.6478947368421053,1,15,,0,0,,,0
PB,PROSPERITY BANCSHARES INC,NYSE,1068851,2026-02-27,70.01,71.3,69.26,71.3,155570,-0.0168229453943739,11092141.0,-0.034921494315105606,0.04201680672268915,,0.01755802081795119,0.021035240649266332,11049999.5215,0.08492135275473915,-0.062212284624490355,0,,,0,1,30,,0
PCSC,Perceptive Capital Solutions Corp,Nasdaq,2017526,2026-02-27,12.79,12.79,12.5,12.7,939,0.0,11925.3,-0.04726181545386354,-0.09544159544159547,,0.022298689185638713,0.021414686538470062,87223.25575,-0.9520354452152591,-0.10563380281690138,1,84,,0,0,,,0
PEBO,PEOPLES BANCORP INC,Nasdaq,318300,2026-02-27,32.56,32.81,32.0,32.27,177053,-0.0285972305839854,5713500.3100000005,-0.051719071407581474,0.009699624530663309,,0.01893545035347584,0.01824191284036749,4917568.6665,0.2678357910987873,-0.07403156384505016,1,134,,0,0,,,0
PEN,Penumbra Inc,NYSE,1321732,2026-02-27,341.745,344.51,341.73,344.45,98009,0.0069576402490718,33759200.05,0.013893385924116153,-0.043194444444444424,,0.01101663992545179,0.024557110348169216,43988265.24175,-0.4258470999161005,-0.043194444444444424,1,43,,0,0,,,0
PETS,PETMED EXPRESS INC,Nasdaq,1040130,2026-02-27,2.74,2.75,2.675,2.74,18215,-0.0036363636363635,49909.100000000006,-0.07118644067796609,-0.15170278637770895,,0.02896545848295274,0.029630017102961564,106608.57949999999,-0.7225514553474695,-0.2324929971988795,2,73,,0,0,,,0
PGAC,PANTAGES CAPITAL ACQUISITION Corp,Nasdaq,2030829,2026-02-27,10.43,10.43,10.43,10.43,57600,-0.0009578544061302,600768.0,0.0,0.006756756756756799,,0.0014073295016993283,0.0013736731672033984,52657.204000000005,4.107959041118605,-0.0009578544061302763,1,100,,0,0,,,0
PLMK,"Plum Acquisition Corp, IV",Nasdaq,2030482,2026-02-27,10.53,10.53,10.5,10.5,74,-0.0019011406844106,777.0,0.0009532888465204614,-0.004739336492891044,,0.0013134866395552117,0.0025732171462694094,83780.59949999998,-0.2922863807198392,-0.008498583569405138,1,70,,0,0,,,0
PMTS,CPI Card Group Inc.,Nasdaq,1641614,2026-02-27,12.33,12.43,12.17,12.265,17718,-0.0219298245614033,217311.27000000002,0.022083333333333455,-0.04478193146417442,,0.031030841108139053,0.02906548568340305,153722.9075,1.4952727827503316,-0.15762362637362637,1,85,,0,0,,,0
PRK,PARK NATIONAL CORP /OH/,NYSE,805676,2026-02-27,167.97,169.34,164.31,165.12,13460,-0.0360207834666355,2222515.2,-0.05721137375813623,0.012198859805063522,,0.01885994818798571,0.01954191886971719,1539835.66475,1.983120524212994,-0.06648575305291715,0,,,0,1,123,,0
PRSO,Peraso Inc.,Nasdaq,890394,2026-02-27,0.8656,0.8682,0.8303,0.8508,7316,-0.0049122807017543,6224.4528,-0.03755656108597283,-0.09335038363171355,,0.029585054533815353,0.0570933093763621,27693.76641,-1.087862013737022,-0.2850420168067227,1,246,,0,0,,,0
PRTH,"Priority Technology Holdings, Inc.",Nasdaq,1653558,2026-02-27,5.5,5.58,5.45,5.58,108359,0.0238532110091742,604643.22,0.012704174228675091,-0.055837563451776706,,0.029616871525277977,0.025552678864457456,676694.0,-0.3232452884269911,-0.07920792079207917,1,109,,0,0,,,0
PSA,Public Storage,NYSE,1393311,2026-02-27,303.98,310.14,302.09,306.0,221132,0.006578947368421,67666392.0,0.0016366612111293755,0.10290142367994237,,0.014991296313604043,0.01649515001060858,40166885.723749995,1.8337225948992708,0.0,0,,,0,0,,2026-03-16,1
PSKY,Paramount Skydance Corp,Nasdaq,2041610,2026-02-27,12.08,14.05,10.98,14.05,22009824,0.200854700854701,309238027.2,0.3009259259259258,0.25222816399286985,,0.059856626584190394,0.045327159194237576,41090846.5255,4.182529809423286,0.0,0,,,0,1,87,,0
PULM,"Pulmatrix, Inc.",Nasdaq,1574235,2026-02-27,2.94,3.07,2.94,2.99,2764,0.027491408934708,8264.36,0.06405693950177938,0.14122137404580148,,0.044741955026397696,0.03582734280844641,7743.916500000001,-0.03424788831097938,-0.0771604938271605,0,,2026-03-26,1,0,,,0
QETA,Quetta Acquisition Corp,Nasdaq,1978528,2026-02-27,11.69,11.69,11.54,11.54,151,0.0078602620087335,1742.54,0.004351610095735259,0.0026064291920069316,,0.015220197161123229,0.014947353632115034,11073.581999999999,-0.42533403456913604,-0.03187919463087252,0,,2026-03-12,1,0,,,0
QMCO,QUANTUM CORP /DE/,Nasdaq,709283,2026-02-27,5.62,5.63,5.275,5.49,89689,-0.0143626570915619,492392.61000000004,0.020446096654275214,-0.16944024205748864,,0.0727659216916948,0.05898819431080145,733531.1475,-0.5390905237889356,-0.3120300751879699,1,14,,0,0,,,0
QRVO,"Qorvo, Inc.",Nasdaq,1604778,2026-02-27,81.91,82.95,80.91,82.9,392345,0.005335920446277,32525400.500000004,0.008025291828793968,0.060644831115660214,,0.014358193640743337,0.0266971372612247,32285605.011,-0.016353291212994638,-0.0593441506864858,1,123,,0,0,,,0
QSEA,Quartzsea Acquisition Corp,Nasdaq,2047455,2026-02-27,10.34,10.34,10.29,10.29,17,-0.0019398642095054,174.92999999999998,-0.000970873786407922,0.0019474196689386325,,0.04409414652410589,0.03167388906852545,2317.886,-0.7028739761600526,-0.12722646310432573,0,,2026-05-14,1,0,,,0
QUAD,"Quad/Graphics, Inc.",NYSE,1481792,2026-02-27,7.27,7.27,6.84,7.0,22737,-0.0616621983914209,159159.0,-0.0014265335235377208,0.1579818031430935,,0.0425304214493236,0.033974532017919244,110024.7815,0.9312372271323812,-0.06166219839142095,1,3,,0,0,,,0
QXO,"QXO, Inc.",NYSE,1236275,2026-02-27,23.82,23.97,22.76,23.88,1257877,-0.0029227557411273,30038102.759999998,-0.06352941176470595,0.047368421052631504,,0.05176892794379491,0.04990671502152462,26515274.836499996,0.3703908125306092,-0.11816838995568679,0,,,0,0,,2026-04-19,1
RAAQ,Real Asset Acquisition Corp.,Nasdaq,2052161,2026-02-27,10.69,10.7,10.6,10.64,35077,-0.0018761726078798,373219.28,0.03300970873786402,0.02801932367149762,,0.006897060147091478,0.005373484827288189,427999.47650000005,-0.07414434375297668,-0.0018761726078798668,1,4,,0,0,,,0
RAMP,"LiveRamp Holdings, Inc.",NYSE,733269,2026-02-27,27.0,27.2,26.18,27.18,82560,0.0168350168350168,2243980.8,0.07388384037929674,0.12383708910481706,,0.034577894003370274,0.029956829133771023,2865174.0445,-1.0568226482186414,-0.04143889966496206,0,,2026-05-17,1,0,,,0
RGR,STURM RUGER & CO INC,NYSE,95029,2026-02-27,37.32,37.54,36.66,37.46,11587,0.0157266811279825,434049.02,-0.026254224070704435,0.011748818365969083,,0.017339132177412453,0.02040092539039178,413514.76749999996,0.12498796024801763,-0.026507276507276356,0,,2026-03-25,1,0,,,0
RLYB,Rallybio Corp,Nasdaq,1739410,2026-02-27,6.8,7.69,6.69,7.54,20122,0.1104565537555228,151719.88,0.49011857707509887,10.289115136996555,,1.5140725915922164,1.1007406184809878,74444.901485,-0.1534211978290791,0.0,0,,2026-06-01,1,0,,,0
RMCO,Royalty Management Holding Corp,Nasdaq,1843656,2026-02-27,3.8,3.96,3.8,3.82,716,-0.0077922077922079,2735.12,-0.027989821882951738,-0.16228070175438591,,0.04434822941773918,0.061486182653542755,14705.484,-1.0420623257420312,-0.16228070175438591,1,151,,0,0,,,0
RNA,"Atrium Therapeutics, Inc.",Nasdaq,2093101,2026-02-27,11.1,42.12,10.0,13.68,2318131,-0.8120104438642297,31712032.08,-0.8123199341473453,-0.8112061827215015,,0.18163150163779462,0.13354828392378845,41249905.271,3.0679289318837055,-0.8125513839408057,1,67,,0,0,,,0
ROOT,"Root, Inc.",Nasdaq,1788882,2026-02-27,57.54,57.58,51.83,52.04,206299,-0.1012089810017271,10735799.959999999,-0.1348295926849543,-0.17788309636650868,,0.06386831121584073,0.05005086918727099,8139596.8325000005,1.239502934529359,-0.34590246354952237,1,148,,0,0,,,0
RPAY,Repay Holdings Corp,Nasdaq,1720592,2026-02-27,2.91,2.94,2.77,2.78,489060,-0.0576271186440678,1359586.7999999998,-0.14984709480122327,-0.21468926553672318,,0.0342909652691276,0.030542542115826472,1056612.0015,1.645497123677771,-0.2703412073490814,0,,2026-04-17,1,0,,,0
RSVR,"Reservoir Media, Inc.",Nasdaq,1824403,2026-02-27,8.88,9.1,8.86,9.01,83791,0.0078299776286354,754956.91,0.1793193717277488,0.20777479892761397,,0.042437808431091587,0.032444645268375906,303882.2825,1.223737619768702,0.0,0,,2026-03-03,1,0,,,0
RYAN,"RYAN SPECIALTY HOLDINGS, INC.",NYSE,1849253,2026-02-27,39.0,39.62,38.49,39.34,242039,0.0033154807447079,9521814.260000002,-0.04768821108690391,-0.16652542372881352,,0.03335139421907345,0.030307804459198638,12851316.625,-0.3979810298448708,-0.2572453507032946,1,81,,0,0,,,0
SACH,Sachem Capital Corp.,NYSE,1682220,2026-02-27,1.02,1.03,1.02,1.025,1257,0.0,1288.425,0.014851485148514865,-0.014423076923077094,,0.012213982783847572,0.01210669013153953,5771.68925,-0.3652228998477422,-0.04205607476635531,0,,2026-05-18,1,0,,,0
SAN,"Banco Santander, S.A.",NYSE,891478,2026-02-27,12.96,12.96,12.275,12.47,4583336,-0.0363214837712518,57154199.92,-0.021193092621664023,-0.02654176424668231,,0.030115293521686955,0.024163668310322753,44615441.429749995,0.3913719218906071,-0.05315110098709186,0,,,0,1,24,,0
SBGI,"Sinclair, Inc.",Nasdaq,1971213,2026-02-27,16.35,16.38,15.53,16.25,323057,-0.0151515151515151,5249676.25,0.1130136986301371,0.1371588523442968,,0.05089215125885692,0.039382420959937665,2479252.9520000005,1.9113212131760555,-0.015151515151515138,0,,,0,1,103,,0
SEM,SELECT MEDICAL HOLDINGS CORP,NYSE,1320414,2026-02-27,14.83,15.08,14.83,14.96,60796,0.0033534540576793,909508.16,-0.004657351962741085,-0.0033311125916055673,,0.016116430969637923,0.014272187518292505,1733385.2382499997,-0.6204315476780531,-0.08724832214765099,1,95,,0,0,,,0
SGI,SOMNIGROUP INTERNATIONAL INC.,NYSE,1206264,2026-02-27,90.39,90.61,87.79,89.57,143508,-0.0168486910707427,12854011.559999999,-0.01754963255456843,0.007536557930258647,,0.03138923953318951,0.02611056141296651,21871466.4025,-0.6761905359679444,-0.08583384364155966,0,,,0,1,88,,0
SILA,"Sila Realty Trust, Inc.",NYSE,1567925,2026-02-27,26.07,26.34,25.64,25.75,25602,-0.0111367127496159,659251.5,0.014978320851399163,0.05576055760557597,,0.017123324837371418,0.01488435474683887,700515.6815000001,-0.3619971513236099,-0.02351156617368222,0,,2026-04-20,1,0,,,0
SIMA,SIM Acquisition Corp. I,Nasdaq,2014982,2026-02-27,10.77,10.77,10.7,10.7,101,-0.0027958993476235,1080.6999999999998,0.00093545369504211,0.0065851364063969076,,0.004064038611859085,0.0037731450077955614,11282.0495,-0.489348768882885,-0.0046511627906977715,0,,2026-04-28,1,0,,,0
SKYT,"SkyWater Technology, Inc",Nasdaq,1819974,2026-02-27,30.73,30.73,29.1,29.52,450280,-0.0396877033181521,13292265.6,0.05353319057815842,-0.10191664131426825,,0.044491886651388944,0.052964888223229235,15210710.024,-0.25912062491781196,-0.1541547277936962,1,32,,0,0,,,0
SLAB,SILICON LABORATORIES INC.,Nasdaq,1038074,2026-02-27,204.27,205.4,204.01,204.94,417450,0.0028381287923271,85552203.0,-0.002336676078278588,0.39852599972703695,,0.06549793620025542,0.05235835440608447,79572868.005,0.053851886041757266,-0.011241375983017332,1,23,,0,0,,,0
SLAI,SOLAI Ltd,NYSE,1517496,2026-02-27,0.7941,0.8162,0.7941,0.8162,167,-0.0509302325581394,136.30540000000002,0.0008583690987125081,-0.10317547522250303,,0.0865453080964347,0.09293770622350833,2333.6479449999997,-0.574035022882766,-0.3198333333333333,0,,2026-03-12,1,0,,,0
SMR,NUSCALE POWER Corp,NYSE,1822966,2026-02-27,12.33,13.44,12.32,12.85,3461525,0.0388035569927243,44480596.25,-0.041759880686055184,-0.32118330692023245,,0.07630121563565477,0.06876195327178355,52537804.953,-0.0917501926129503,-0.37862669245647973,0,,2026-04-23,1,0,,,0
SOBR,"SOBR Safe, Inc.",Nasdaq,1425627,2026-02-27,0.8299,0.8299,0.734,0.734,15882,-0.1067299501034441,11657.387999999999,-0.042899986960490355,-0.38319327731092434,,0.06861144392252624,0.07029057467182585,24866.495835,-0.37951196079562355,-0.6693693693693694,0,,2026-04-30,1,0,,,0
SOUL,Soulpower Acquisition Corp.,NYSE,2025608,2026-02-27,10.24,10.24,10.24,10.24,54,0.0,552.96,0.0009775171065493637,0.001956947162426559,,0.0018770203137051054,0.001695269168899106,57020.03675000001,-0.4775633509555215,-0.0009756097560975618,1,95,,0,0,,,0
SOUN,"SOUNDHOUND AI, INC.",Nasdaq,1840856,2026-02-27,9.24,9.6,8.51,8.51,11199867,-0.0470324748040313,95310868.17,0.08545918367346927,-0.06483516483516483,,0.07236116175638774,0.05760559706897885,43234894.288,2.942050608133825,-0.2818565400843882,0,,,0,0,,2026-04-21,1
SRXH,"SRx Health Solutions, Inc.",NYSE,1471727,2026-02-27,0.1293,0.1319,0.1233,0.1251,172316,-0.033976833976834,21556.7316,0.004819277108433662,-0.07057949479940573,,0.1701653968016591,0.1310765479979217,199781.651525,-0.5486412980822081,-0.46969054684188216,1,73,,0,0,,,0
SSAC,SPACSphere Acquisition Corp.,Nasdaq,2081300,2026-02-27,9.85,9.88,9.85,9.88,18315,,180952.2,,,,,,,,,0,,2026-06-01,1,0,,,0
SSP,E.W. SCRIPPS Co,Nasdaq,832428,2026-02-27,3.67,4.175,3.55,4.15,278496,0.1246612466124661,1155758.4000000001,0.11859838274932621,0.19942196531791923,,0.047928573325212775,0.038762173143186404,622698.1505000001,1.3947302643393378,0.0,1,103,,0,0,,,0
STEL,"Stellar Bancorp, Inc.",NYSE,1473844,2026-02-27,38.46,38.46,37.22,37.68,107366,-0.0215528434172941,4045550.88,-0.030614870079752943,0.023913043478260843,,0.012845721910882246,0.026015244996351425,3926143.302,0.21461774769787084,-0.050881612090680206,1,30,,0,0,,,0
STRR,"Star Equity Holdings, Inc.",Nasdaq,1210708,2026-02-27,9.88,9.99,9.82,9.98,1770,0.0101214574898784,17664.600000000002,-0.006965174129353269,-0.07076350093109862,,0.013892932220531585,0.01630931371564193,19205.74125,-0.0889792461973403,-0.10573476702508955,0,,,0,0,,2026-05-06,1
SUNE,"SUNation Energy, Inc.",Nasdaq,22701,2026-02-27,1.43,1.48,1.31,1.33,23557,-0.0827586206896551,31330.81,-0.05673758865248213,0.37127538921538306,,0.19994172543887706,0.14766684828164464,1472585.5895,-0.4449353683032329,-0.3512195121951218,0,,2026-06-08,1,0,,,0
SVAC,Spring Valley Acquisition Corp. III,Nasdaq,2074850,2026-02-27,10.48,10.52,10.35,10.44,9577,-0.002865329512894,99983.87999999999,-0.009487666034155517,-0.0324374420759963,,0.009868033931977735,0.0237317677582619,357759.4215,-0.713257781315497,-0.09217391304347833,1,36,,0,0,,,0
SWKHL,SWK Holdings Corp,Nasdaq,1089907,2026-02-27,25.86,25.86,25.79,25.8,130,0.0,3354.0,0.003500583430571691,0.006632852126414512,,0.0022206425986763837,0.0022109710662465156,19861.672,-0.5857627007908547,0.0,1,141,,0,0,,,0
SWKS,"SKYWORKS SOLUTIONS, INC.",Nasdaq,4127,2026-02-27,59.32,59.64,57.38,59.01,1362954,-0.0145290581162325,80427915.53999999,-0.01650000000000007,0.0725190839694656,,0.020633132705855983,0.02937828380094529,99717167.7575,-0.4273613511734385,-0.11899074350552408,0,,,0,1,123,,0
SZZL,Sizzle Acquisition Corp. II,Nasdaq,2030663,2026-02-27,10.24,10.24,10.24,10.24,300,0.0,3072.0,0.0,-0.0038910505836574627,,0.0016317731210683181,0.0019125902431190206,13409.182,-0.456516085184421,-0.004859086491739495,0,,2026-04-13,1,0,,,0
TACH,Titan Acquisition Corp.,Nasdaq,2009183,2026-02-27,10.28,10.28,10.28,10.28,1700,0.0,17476.0,0.0,-0.006763285024154575,,0.00278072827921568,0.002672955464098238,29285.74,-0.17442951355250635,-0.006763285024154575,0,,2026-06-01,1,0,,,0
TACO,Berto Acquisition Corp.,Nasdaq,2033122,2026-02-27,10.21,10.215,10.195,10.21,103612,0.0,1057878.52,0.001962708537782243,0.0009803921568629637,,0.0012113775951701122,0.001266990131869115,138385.18399999998,3.4518520826784687,0.0,1,121,,0,0,,,0
TALK,"Talkspace, Inc.",Nasdaq,1803901,2026-02-27,4.82,4.875,4.69,4.82,375974,0.0041666666666668,1812194.6800000002,-0.034068136272545124,0.22646310432569972,,0.05133747993525968,0.04285375219788238,2182499.1975,-0.28518291016387926,-0.034068136272545124,0,,2026-03-09,1,0,,,0
TBH,"Brag House Holdings, Inc.",Nasdaq,1903595,2026-02-27,0.2563,0.2827,0.2451,0.2798,281341,0.0916894264533749,78719.2118,0.006474820143884674,-0.3278885419168869,,0.0776587908639273,0.07364630278858465,12024.18968,3.93833083378253,-0.4911802145844699,1,137,,0,0,,,0
TBRG,"TruBridge, Inc.",Nasdaq,1169445,2026-02-27,19.63,19.87,19.25,19.29,38271,-0.0242792109256448,738247.59,-0.04881656804733736,-0.014811031664964225,,0.03179853857118623,0.028727964919291415,1429974.1285,-0.6621044059306044,-0.1502202643171806,0,,2026-04-23,1,0,,,0
TDS,TELEPHONE & DATA SYSTEMS INC /DE/,NYSE,1051512,2026-02-27,44.06,45.64,44.06,44.76,82832,0.0004470272686631,3707560.32,-0.011702362552439838,0.00246360582306826,,0.015130692776466316,0.017125790617738265,5625813.436249999,-0.6000734683510784,-0.05966386554621861,0,,,0,0,,2026-05-08,1
TMHC,Taylor Morrison Home Corp,NYSE,1562476,2026-02-27,65.46,66.885,65.12,65.9,91253,0.001367573317125,6013572.7,-0.029740871613663122,0.07137050886034801,,0.02095947531340012,0.022632902900518274,9472520.1065,-0.812416235872431,-0.05015854713173806,0,,2026-05-31,1,0,,,0
TWO,TWO HARBORS INVESTMENT CORP.,NYSE,1465740,2026-02-27,10.42,10.63,10.3,10.32,315019,-0.0095969289827254,3250996.08,-0.043558850787766334,-0.21580547112462,,0.048380953910240325,0.044077639640829024,4602035.98125,-0.35952881431336353,-0.2654804270462634,0,,2026-03-19,1,0,,,0
TXN,TEXAS INSTRUMENTS INC,Nasdaq,97476,2026-02-27,211.94,213.0,208.25,211.67,3547734,-0.0003305941248702,750948855.78,-0.03575983965014584,-0.026356945722171177,,0.017723917542902232,0.02474070010380461,703234822.6355001,0.3651499062770599,-0.06489662484537917,0,,,0,1,23,,0
UHS,UNIVERSAL HEALTH SERVICES INC,NYSE,352915,2026-02-27,204.5,209.195,203.21,205.92,259720,0.0084725011019148,53481542.4,-0.10593956234803759,0.028828378715962888,,0.03041669448077212,0.02628503038066952,21799900.86875,2.5005616234200136,-0.12497344155016366,0,,,0,0,,2026-03-09,1
ULCC,"Frontier Group Holdings, Inc.",Nasdaq,1670076,2026-02-27,4.74,4.75,4.36,4.44,1079689,-0.0652631578947368,4793819.16,-0.147792706333973,-0.11022044088176353,,0.0627537952801955,0.05457472665797796,5703485.5165,0.06429379486920767,-0.323170731707317,1,178,,0,0,,,0
UNF,UNIFIRST CORP,NYSE,717954,2026-02-27,231.02,236.47,230.21,234.37,8419,0.0067439862542955,1973161.03,-0.015252100840336125,0.1196197391678211,,0.037345630775098934,0.03078230160771485,4202999.5765,-0.6590506714163058,-0.030607602266617073,1,67,,0,0,,,0
UNP,UNION PACIFIC CORP,NYSE,100885,2026-02-27,263.13,265.5,261.61,265.0,304789,0.0046250663431648,80769085.0,-0.004881712354487422,0.13963789618543854,,0.01239689638610459,0.015820145870928674,109660461.5165,-0.7727468144702534,-0.006355574720185997,0,,,0,1,213,,0
UUUU,ENERGY FUELS INC,NYSE,1385849,2026-02-27,22.77,22.87,21.19,21.43,1483858,-0.0415921288014311,31799076.94,0.008470588235294008,-0.14280000000000004,,0.07944292900942648,0.0678604203662162,30551053.627500005,0.18482544473177634,-0.16223612197028925,1,94,,0,0,,,0
UYSC,UY Scuti Acquisition Corp.,Nasdaq,2036973,2026-02-27,10.32,10.32,10.3,10.3,2962,0.0,30508.600000000002,0.0,0.0009718172983481654,,0.0005870095967739897,0.000862756636816242,156013.56950000004,-0.23854441444221425,-0.0009699321047526022,1,221,,0,0,,,0
VACI,Viking Acquisition Corp I,NYSE,2080023,2026-02-27,9.97,9.97,9.97,9.97,102,0.0030181086519116,1016.94,-0.002002002002001957,0.009620253164557058,,0.002224965661410775,0.0023387605248360592,69991.98575,-0.4285345960730345,-0.0029999999999998916,0,,2026-04-17,1,0,,,0
VECO,VEECO INSTRUMENTS INC,Nasdaq,103145,2026-02-27,30.67,31.16,29.5,30.56,548770,-0.017363344051447,16770411.2,0.036986766202918187,-0.0665852168601101,,0.04191850567171539,0.03855937093508032,11866252.6595,0.5882504842019486,-0.10538641686182659,1,149,,0,0,,,0
VRME,"VerifyMe, Inc.",Nasdaq,1104038,2026-02-27,0.94,0.9549,0.919,0.953,6519,0.0084656084656085,6212.607,-0.10094339622641513,-0.22520325203252034,,0.06180141007700434,0.12321831143853432,164887.34282,-0.30999807871065543,-0.3192857142857143,1,53,,0,0,,,0
VYNE,VYNE Therapeutics Inc.,Nasdaq,1566044,2026-02-27,0.5919,0.6047,0.5846,0.6004,124236,0.011285160855651,74591.2944,0.00941492938802968,0.058719802503967466,,0.018392743105188663,0.01636929902646598,53201.88126000001,0.2807025084322719,-0.005960264900662149,1,72,,0,0,,,0
WBD,"Warner Bros. Discovery, Inc.",Nasdaq,1437107,2026-02-27,28.4,28.6,28.08,28.16,16649464,-0.0087997184090109,468848906.24,-0.020521739130434757,0.027362276541408326,,0.012318037143608618,0.011575155554026313,171351232.976,3.5930373110707308,-0.026952315134761595,1,87,,0,0,,,0
WBS,WEBSTER FINANCIAL CORP,NYSE,801337,2026-02-27,72.55,73.12,71.85,72.11,1935221,-0.010293713972001,139548786.31,-0.01340812696675342,0.10091603053435105,,0.0237258412345857,0.023470053125701003,70334494.73775001,1.3598012872701564,-0.023230612935997375,1,24,,0,0,,,0
WFRD,Weatherford International plc,Nasdaq,1603923,2026-02-27,105.25,106.22,104.64,105.46,404788,0.0039984767707539,42688942.48,-0.002176175607909947,0.12191489361702113,,0.022600775355783434,0.0288624365905894,44363820.22849999,-0.232643028616372,-0.010694183864915607,0,,,0,0,,2026-06-01,1
WKHS,Workhorse Group Inc.,Nasdaq,1425287,2026-02-27,3.49,3.5,3.34,3.43,11023,0.03003003003003,37808.89,-0.0524861878453039,-0.2883817427385892,,0.04389493118723618,0.03869070338868586,82714.913,-1.037589442650868,-0.40759930915371323,1,196,,0,0,,,0
WSR,Whitestone REIT,NYSE,1175535,2026-02-27,15.375,15.43,15.08,15.165,21067,-0.0114080834419817,319481.055,-0.002958579881656931,0.07438894792773643,,0.011693094527486117,0.012366494848177246,322449.831,-0.12297196323782081,-0.011408083441981742,1,115,2026-04-09,1,0,,,0
WTRG,"Essential Utilities, Inc.",NYSE,78128,2026-02-27,39.85,40.88,39.8,40.85,741549,0.0315656565656565,30292276.650000002,0.056374450478406946,0.05582837942620844,,0.01670479634503836,0.01536226815744192,12798360.00725,3.4337901290017094,0.0,1,123,,0,0,,,0
WU,Western Union CO,NYSE,1365135,2026-02-27,9.55,9.625,9.37,9.615,625508,0.0078616352201259,6014259.42,0.03498385360602807,0.02614727854855925,,0.02039331659785618,0.018731666091039698,9380841.0225,-0.945345224821136,-0.05642787046123643,0,,,0,1,201,,0
XCUR,"EXICURE, INC.",Nasdaq,1698530,2026-02-27,3.62,3.78,3.62,3.74,835,-0.0157894736842104,3122.9,0.04469273743016755,-0.12206572769953039,,0.04084620470825083,0.048741062310024494,14166.5675,-0.9318096160761841,-0.41471048513302033,1,63,,0,0,,,0
XOMA,XOMA Royalty Corp,Nasdaq,791908,2026-02-27,26.75,26.95,25.31,25.53,89720,-0.045964125560538,2290551.6,-0.010848508330104534,0.022426912294753798,,0.03633879738877918,0.04381489703665669,1777275.2645,0.3654630492937136,-0.1447236180904523,0,,2026-04-27,1,0,,,0
XRPN,Armada Acquisition Corp. II,Nasdaq,2044009,2026-02-27,10.38,10.38,10.3,10.31,2960,-0.0076997112608276,30517.600000000002,-0.008653846153846123,0.0,,0.004764836968591899,0.004574658694893427,80291.72899999999,-0.6912353459201922,-0.008653846153846123,1,130,,0,0,,,0
XXI,"Twenty One Capital, Inc.",NYSE,2070457,2026-02-27,6.32,6.32,5.66,5.81,57099,-0.0629032258064516,331745.19,-0.058346839546191354,-0.24151436031331597,,0.0587219196989189,0.05181141555934686,488177.85750000004,-0.41863002846178804,-0.41431451612903225,0,,2026-05-19,1,0,,,0
