transaction_id,announcement_date,target_name,target_ticker,acquirer_name,acquirer_ticker,seller_name,transaction_type,deal_status,close_date,deal_value_usd,primary_industry,country_region
SPTRD2218417,2026-06-16,Huntsman Corporation,HUN,Olin Corporation,OLN,,Acquisition of Whole Company (incl. Majority Stake),Announced,,2506778337,Diversified Chemicals,USA
SPTRD2218468,2026-06-16,"Anysphere, Inc.",,Space Exploration Technologies Corp.,SPCX,,Acquisition of Whole Company (incl. Majority Stake),Announced,,60000000000,Systems Software,USA
SPTRD2218486,2026-06-16,"Pizza Hut, LLC*",,"LongRange Capital, L.P.",,"Yum! Brands, Inc.",Acquisition of Whole Company (incl. Majority Stake),Announced,,1575000000,Restaurants,USA
SPTRD2218098,2026-06-15,Payoneer Global Inc.,PAYO,Nuvei Corporation,,,Acquisition of Whole Company (incl. Majority Stake),Announced,,2768592455,Payment Service Providers and Gateways,USA
SPTRD2218127,2026-06-15,Fin*,,"Salesforce, Inc.",CRM,Sprints Capital Management Limited,Acquisition of Whole Company (incl. Majority Stake),Announced,,3600000000,Application Software,USA
SPTRD2218151,2026-06-15,"Roku, Inc.",ROKU,Fox Corporation,FOXA,,Acquisition of Whole Company (incl. Majority Stake),Announced,,24745637832,Movies and Entertainment,USA
SPTRD2217628,2026-06-12,Navitas Credit Corp./Nlfc Reinsurance Corp.,,Wafra Inc.,,"United Community Banks, Inc.",Acquisition of Whole Company (incl. Majority Stake),Announced,,1936000000,Unclassified,USA
SPTRD2217419,2026-06-11,Crowe Advisory LLC,,Investor Group,,Crowe LLP,Acquisition of Whole Company (incl. Majority Stake),Announced,,3000000000,Research and Consulting Services,USA
SPTRD2216608,2026-06-09,"Nuvalent, Inc.*",NUVL,GlaxoSmithKline LLC,,Investor Group,Acquisition of Whole Company (incl. Majority Stake),Announced,,11302577746,Biotechnology,USA
SPTRD2216707,2026-06-09,"Riverpoint Medical, LLC*",,Novanta Inc.,NOVT,"Arlington Management Employees, LLC",Acquisition of Whole Company (incl. Majority Stake),Announced,,1450000000,Health Care Equipment,USA
SPTRD2216435,2026-06-08,"Vega Therapeutics, Inc.",,Incyte Corporation,INCY,"Star OpCo, Inc.",Acquisition of Whole Company (incl. Majority Stake),Completed,2026-07-06,2000000000,Biotechnology,USA
SPTRD2216457,2026-06-08,"Firefly Bio, Inc.*",,Johnson & Johnson,JNJ,Investor Group,Acquisition of Whole Company (incl. Majority Stake),Announced,,1000000000,Biotechnology,USA
SPTRD2216528,2026-06-08,Standard BioTools Inc.*,LAB,"Treeline Biosciences, Inc.",,"Casdin Capital, LLC",Acquisition of Whole Company (incl. Majority Stake),Announced,,2500000000,Life Sciences Tools and Services,USA
SPTRD2216166,2026-06-05,"ECHO Realty, L.P.",,Investor Group,,,Acquisition of Whole Company (incl. Majority Stake),Completed,2026-06-05,2000000000,Real Estate Operating and Management,USA
SPTRD2215590,2026-06-03,8.5-million-square-foot portfolio*,,Investor Group,,Link Logistics Real Estate LLC,Acquisition of Asset or Branch,Completed,2026-06-03,1810000000,Unclassified,USA
SPTRD2215634,2026-06-03,"Hartford Funds Management Group, Inc.",,Wellington Investment Advisors Holdings LLP,,"The Hartford Insurance Group, Inc.",Acquisition of Whole Company (incl. Majority Stake),Announced,,1900000000,Asset Management,USA
SPTRD2215131,2026-06-01,"Sevasemten and Muscular Dystrophy Business of Edgewise Therapeutics, Inc",,Investor Group,,"Edgewise Therapeutics, Inc.",Acquisition of Asset or Branch,Announced,,2650000000,Unclassified,USA
SPTRD2215165,2026-06-01,MGM Resorts International,MGM,IAC Inc.,,,Acquisition of Whole Company (incl. Majority Stake),Announced,,9417247243,Casinos and Gaming,USA
SPTRD2215018,2026-05-31,Taylor Morrison Home Corporation,TMHC,Berkshire Hathaway Inc.,BRK.B,,Acquisition of Whole Company (incl. Majority Stake),Announced,,6854073223,Homebuilding Producers,USA
SPTRD2214757,2026-05-29,Food Ingredients Business of International Flavors & Fragrances Inc.*,,CVC Capital Partners plc,,International Flavors & Fragrances Inc.,Acquisition of Asset or Branch,Announced,,3800000000,Unclassified,USA
SPTRD2214470,2026-05-28,"Caesars Entertainment, Inc.",CZR,"Fertitta Entertainment, Inc.",,Recreational Enterprises Inc.,Acquisition of Whole Company (incl. Majority Stake),Announced,,6394711186,Casinos and Gaming,USA
SPTRD2214551,2026-05-28,"MaintainX, Inc.*",,"Autodesk, Inc.",ADSK,Investor Group,Acquisition of Whole Company (incl. Majority Stake),Announced,,3575000000,Application Software,USA
SPTRD2214187,2026-05-27,Translational Development Acquisition Corp.,TDAC,Prologium Holdings Inc,,Investor Group,Acquisition of Whole Company (incl. Majority Stake),Announced,,3900000000,Asset Management,USA
SPTRD2214219,2026-05-27,"ArcLight Capital Partners, LLC",,"DigitalBridge Group, Inc.",DBRG,,Acquisition of Whole Company (incl. Majority Stake),Announced,,1050000000,Asset Management,USA
SPTRD2214235,2026-05-27,NewHold Investment Corp III,NHIC,newcleo Ltd,,,Acquisition of Whole Company (incl. Majority Stake),Announced,,2350000000,Asset Management,USA
SPTRD2213817,2026-05-26,"Curevo, Inc.*",,Eli Lilly and Company,LLY,Investor Group,Acquisition of Whole Company (incl. Majority Stake),Announced,,1500000000,Biotechnology,USA
SPTRD2213832,2026-05-26,"Vaccine Company, Inc.",,Eli Lilly and Company,LLY,,Acquisition of Whole Company (incl. Majority Stake),Announced,,1550000000,Biotechnology,USA
SPTRD2213165,2026-05-22,GCDC Purchaser Phase 2 LLC,,Blue Owl Digital Infrastructure Trust,,US GCDC Phase 2 Holdings LP,Acquisition of Whole Company (incl. Majority Stake),Announced,,1100000000,Unclassified,USA
SPTRD2212672,2026-05-21,"AvalonBay Communities, Inc.",AVB,Equity Residential,EQR,,Acquisition of Whole Company (incl. Majority Stake),Announced,,26611457093,Multi-Family Residential REIT,USA
SPTRD2212743,2026-05-21,"The H.D. Lee Company, Inc.",,ABG-Storm LLC,,"Kontoor Brands, Inc.",Acquisition of Asset or Branch,Announced,,1000000000,"Apparel, Accessories and Luxury Goods",USA
SPTRD2212761,2026-05-21,"Commercial and Defense Aerospace Business of CIRCOR International, Inc.",,Parker-Hannifin Corporation,PH,KKR & Co. Inc.,Acquisition of Asset or Branch,Announced,,2550000000,Aerospace and Defense,USA
SPTRD2213174,2026-05-21,"5,154 Net Undeveloped Acres in the Core of the Delaware Basin",,Matador Resources Company,MTDR,Bureau of Land Management,Acquisition of Asset or Branch,Completed,2026-05-21,1143000000,Real Estate Development,USA
SPTRD2212756,2026-05-20,"16,300 net undeveloped acres of Delaware Basin acreage in Lea and Eddy Counties,",,Devon Energy Corporation,DVN,Bureau of Land Management,Acquisition of Asset or Branch,Completed,2026-05-20,2632450000,Oil and Gas Exploration and Production,USA
SPTRD2212114,2026-05-19,"Empower Semiconductor, Inc.*",,"Analog Devices, Inc.",ADI,Investor Group,Acquisition of Whole Company (incl. Majority Stake),Announced,,1500000000,Semiconductors,USA
SPTRD2211808,2026-05-18,"Dominion Energy, Inc.",D,"NextEra Energy, Inc.",NEE,,Acquisition of Whole Company (incl. Majority Stake),Announced,,67373353585,Multi-Utilities,USA
SPTRD2211887,2026-05-18,Sachem Capital Corp.,SACH,"Industrial Realty Group, LLC",,,Acquisition of Whole Company (incl. Majority Stake),Announced,,1529000000,Mortgage REIT,USA
SPTRD2213446,2026-05-17,"LiveRamp Holdings, Inc.",RAMP,"Mms Usa Holdings, Inc.",,,Acquisition of Whole Company (incl. Majority Stake),Announced,,2531394230,Application Software,USA
SPTRD2213712,2026-05-15,"MiRus, LLC",,Boston Scientific Corporation,BSX,,Acquisition of Minority Stake,Completed,2026-05-15,1500000000,Health Care Equipment,USA
SPTRD2210291,2026-05-11,Portfolio of Recognition Music Group,,Sony Music Publishing (US) LLC,,Blackstone Inc.,Acquisition of Asset or Branch,Announced,,4000000000,Movies and Entertainment,USA
SPTRD2210870,2026-05-11,"Emerald Holding, Inc.",EEX,"Apollo Global Management, Inc.",APO,Onex Corporation,Acquisition of Whole Company (incl. Majority Stake),Announced,,1004890186,Advertising,USA
SPTRD2209659,2026-05-07,"PathAI, Inc.*",,Roche Holding AG,,Investor Group,Acquisition of Whole Company (incl. Majority Stake),Announced,,1050000000,Life Sciences Tools and Services,USA
SPTRD2209660,2026-05-07,"Catalyst Pharmaceuticals, Inc.",CPRX,Angelini Pharma S.p.a.,,,Acquisition of Whole Company (incl. Majority Stake),Announced,,4097388660,Biotechnology,USA
SPTRD2209794,2026-05-07,Quasaredge Acquisition Corporation,QRED,Robseek Intelligence Inc.,,,Acquisition of Whole Company (incl. Majority Stake),Announced,,1000000000,Asset Management,USA
SPTRD2209440,2026-05-06,"Perfuse Therapeutics, Inc.*",,Bayer Aktiengesellschaft,,Investor Group,Acquisition of Whole Company (incl. Majority Stake),Completed,2026-06-17,2450000000,Biotechnology,USA
SPTRD2209488,2026-05-06,"portfolio of instrumentation businesses of Indicor, LLC",,"AMETEK, Inc.",AME,"Indicor, LLC",Acquisition of Asset or Branch,Announced,,5000000000,Machinery and Supplies and Components: Industrial,USA
SPTRD2209591,2026-05-06,"Brazos Delaware II, LLC",,"Western Midstream Partners, LP",WES,Morgan Stanley Infrastructure Inc.,Acquisition of Whole Company (incl. Majority Stake),Completed,2026-06-11,1658062000,Oil and Gas Storage and Transportation,USA
SPTRD2209918,2026-05-06,Portfolio of Certain Oil And Natural Gas Properties,,Investor Group,,"Camino Natural Resources, LLC",Acquisition of Asset or Branch,Announced,,1175000000,Oil and Gas Exploration and Production,USA
SPTRD2209093,2026-05-04,"American Megatrends International, LLC*",,Lattice Semiconductor Corporation,LSCC,"Thomas H. Lee Partners, L.P.",Acquisition of Whole Company (incl. Majority Stake),Announced,,1650000000,Systems Software,USA
SPTRD2210804,2026-05-04,"NSI Industries, LLC*",,Hubbell Incorporated,HUBB,"Sentinel Capital Partners, L.L.C.",Acquisition of Whole Company (incl. Majority Stake),Completed,2026-06-09,3000000000,Electrical Components and Equipment: Light,USA
SPTRD2208852,2026-05-03,"Candid Therapeutics, Inc.*",,UCB SA,,Investor Group,Acquisition of Whole Company (incl. Majority Stake),Completed,2026-06-17,2200000000,Biotechnology,USA
SPTRD2208905,2026-05-02,Padres L.P.,,Private Investor- Kwanza Jones and Jose E. Feliciano,,,Acquisition of Minority Stake,Announced,,3900000000,Movies and Entertainment,USA
SPTRD2208774,2026-05-01,"Esperion Therapeutics, Inc.*",ESPR,ArchiMed SAS,,Investor Group,Acquisition of Whole Company (incl. Majority Stake),Announced,,999641946,Pharmaceuticals,USA
SPTRD2208837,2026-05-01,Blueport Acquisition Ltd,BPAC,SingAuto Inc,,,Acquisition of Whole Company (incl. Majority Stake),Announced,,1200000000,Asset Management,USA
SPTRD2219206,2026-05-01,Western Anadarko Assets,,Investor Group,,Scout Energy Partners,Acquisition of Asset or Branch,Completed,2026-05-01,1000000000,Oil and Gas Exploration and Production,USA
SPTRD2208591,2026-04-30,Ruckus Wireless LLC,,Belden Inc.,BDC,"Vistance Networks, Inc.",Acquisition of Whole Company (incl. Majority Stake),Completed,2026-07-01,1870000000,Communications Equipment,USA
SPTRD2208655,2026-04-30,Long Ridge Energy & Power LLC,,MARA USA Corporation,,FTAI Infrastructure Inc.,Acquisition of Whole Company (incl. Majority Stake),Announced,,1512000000,Electric Utilities,USA
SPTRD2208661,2026-04-30,"Oldcastle Lawn & Garden, Inc.*",,"Pacific Avenue Capital Partners, LLC",,CRH plc,Acquisition of Whole Company (incl. Majority Stake),Announced,,1100000000,Environmental and Facilities Services,USA
SPTRD2208677,2026-04-30,Driven Brands Holdings Inc.,DRVN,ADW Capital Management LLC,,Roark Capital Management LLC,Acquisition of Whole Company (incl. Majority Stake),Announced,,2972286203,Specialized Consumer Services,USA
SPTRD2208374,2026-04-29,"KalVista Pharmaceuticals, Inc.",KALV,Chiesi Farmaceutici S.p.A.,,,Acquisition of Whole Company (incl. Majority Stake),Completed,2026-06-11,1538285688,Biotechnology,USA
SPTRD2208183,2026-04-28,"NetSpeed LLC/Greenlight Networks, LLC*",,"T-Mobile US, Inc.",TMUS,"Oak Hill Capital Management, LLC",Acquisition of Whole Company (incl. Majority Stake),Announced,,2000000000,Alternative Carriers,USA
SPTRD2207885,2026-04-27,Global Microbiology Business of Thermo Fisher Scientific Inc.*,,Astorg Asset Management S A.R.L.,,Thermo Fisher Scientific Inc.,Acquisition of Asset or Branch,Announced,,1075000000,Health Care Services,USA
SPTRD2207889,2026-04-27,"Ajax Therapeutics, Inc.*",,Eli Lilly and Company,LLY,Investor Group,Acquisition of Whole Company (incl. Majority Stake),Completed,2026-06-08,2300000000,Biotechnology,USA
SPTRD2208026,2026-04-27,Cleco Group LLC*,,Investor Group,,Investor Group,Acquisition of Whole Company (incl. Majority Stake),Announced,,6000000000,Electric Utilities,USA
SPTRD2207733,2026-04-26,Organon & Co.,OGN,Sun Pharmaceutical Industries Limited,,Investor Group,Acquisition of Whole Company (incl. Majority Stake),Announced,,3989205738,Pharmaceuticals,USA
SPTRD2207190,2026-04-22,"Kashiv BioSciences, LLC*",,"Amneal Pharmaceuticals, Inc.",AMRX,Tarsadia Investments LLC,Acquisition of Whole Company (incl. Majority Stake),Announced,,1101826246,Biotechnology,USA
SPTRD2207221,2026-04-22,"Celerion Holdings, Inc.*",,"Thomas H. Lee Partners, L.P.",,"H.I.G. Capital, LLC",Acquisition of Whole Company (incl. Majority Stake),Completed,2026-06-15,1800000000,Life Sciences Tools and Services,USA
SPTRD2207234,2026-04-22,"Invited USA, Inc.",,"KSL Advisors, LLC",,"Apollo Global Management, Inc.",Acquisition of Whole Company (incl. Majority Stake),Completed,2026-06-09,3000000000,Leisure Facilities,USA
SPTRD2206687,2026-04-20,"Kelonia Therapeutics, Inc.*",,Eli Lilly and Company,LLY,Investor Group,Acquisition of Whole Company (incl. Majority Stake),Announced,,7000000000,Biotechnology,USA
SPTRD2206696,2026-04-20,Productivity Solutions and Services of Honeywell International Inc.,,Brady Corporation,BRC,Honeywell International Inc.,Acquisition of Asset or Branch,Announced,,1400000000,"Technology Hardware, Storage and Peripherals",USA
SPTRD2206717,2026-04-20,"Sila Realty Trust, Inc.*",SILA,Blue Owl Real Estate Capital LLC,,,Acquisition of Whole Company (incl. Majority Stake),Completed,2026-07-01,1684256476,Health Care REIT,USA
SPTRD2206917,2026-04-20,Archimedes Tech SPAC Partners II Co.,ATII,"Forge Nano, Inc.",,Archimedes Tech SPAC Sponsors II LLC,Acquisition of Whole Company (incl. Majority Stake),Announced,,2141400000,Asset Management,USA
SPTRD2206561,2026-04-19,TopBuild Corp.,BLD,"QXO, Inc.",QXO,,Acquisition of Whole Company (incl. Majority Stake),Completed,2026-07-01,11892318415,Homebuilding Producers,USA
SPTRD2206481,2026-04-17,"Neurona Therapeutics, Inc.*",,UCB SA,,Investor Group,Acquisition of Whole Company (incl. Majority Stake),Completed,2026-06-02,1150000000,Biotechnology,USA
SPTRD2206206,2026-04-16,Sweetwater Royalties LLC,,Uranium Royalty Corp.,UROY,Investor Group,Acquisition of Whole Company (incl. Majority Stake),Announced,,1207546725,Diversified Metals and Mining,USA
SPTRD2205596,2026-04-14,"Avanos Medical, Inc.*",AVNS,"AIP, LLC",,"BlackRock, Inc.",Acquisition of Whole Company (incl. Majority Stake),Announced,,1258992975,Health Care Supplies,USA
SPTRD2205653,2026-04-14,"Globalstar, Inc.",GSAT,"Amazon.com, Inc.",AMZN,Investor Group,Acquisition of Whole Company (incl. Majority Stake),Announced,,10726823908,Alternative Carriers,USA
SPTRD2205194,2026-04-13,"Waygate Technologies USA, LP",,Hexagon AB (publ),,Baker Hughes Company,Acquisition of Whole Company (incl. Majority Stake),Announced,,1450000000,Electronic Equipment and Instruments,USA
SPTRD2205396,2026-04-13,"Heavy Construction Systems Specialists, LLC*",,Nemetschek SE,,"Thoma Bravo, L.P.",Acquisition of Whole Company (incl. Majority Stake),Completed,2026-07-01,2284930880,Application Software,USA
SPTRD2205441,2026-04-13,"Learfield Communications, LLC*",,Investor Group,,Investor Group,Acquisition of Whole Company (incl. Majority Stake),Announced,,2000000000,Advertising,USA
SPTRD2204730,2026-04-09,Mountain Lake Acquisition Corp. II,MLAA,Terra Quantum AG,,,Acquisition of Whole Company (incl. Majority Stake),Announced,,3250000000,Asset Management,USA
SPTRD2204741,2026-04-09,Whitestone REIT,WSR,"Ares Real Estate Management Holdings, LLC",,,Acquisition of Whole Company (incl. Majority Stake),Announced,,1024724112,Retail REIT,USA
SPTRD2204893,2026-04-09,"Gruns Nutrition, Inc.",,Unilever PLC,UL,,Acquisition of Whole Company (incl. Majority Stake),Announced,,1200000000,Personal Care and Beauty Products: Producers,USA
SPTRD2204466,2026-04-08,Drugs Made In America Acquisition Corp.,DMAA,Power Analytics Global Corporation.,,Investor Group,Acquisition of Whole Company (incl. Majority Stake),Announced,,1000000000,Asset Management,USA
SPTRD2203860,2026-04-06,"Soleno Therapeutics, Inc.*",,"Neurocrine Biosciences, Inc.",NBIX,Investor Group,Acquisition of Whole Company (incl. Majority Stake),Completed,2026-05-18,2866456763,Biotechnology,USA
SPTRD2203974,2026-04-06,"EnergySolutions, Inc.*",,"Energy Capital Partners, LLC",,Investor Group,Acquisition of Whole Company (incl. Majority Stake),Announced,,2000000000,Environmental and Facilities Services,USA
SPTRD2202830,2026-03-31,"Apellis Pharmaceuticals, Inc.*",,Biogen Inc.,BIIB,The Morningside Group Limited,Acquisition of Whole Company (incl. Majority Stake),Completed,2026-05-14,5882000000,Biotechnology,USA
SPTRD2202530,2026-03-30,Jetro Cash & Carry LLC*,,Sysco Corporation,SYY,Investor Group,Acquisition of Whole Company (incl. Majority Stake),Announced,,29084700000,Food Distributors,USA
SPTRD2202587,2026-03-30,"Electrical Power Products, Inc.",,Flex Ltd.,FLEX,,Acquisition of Whole Company (incl. Majority Stake),Completed,2026-05-04,1100000000,Electrical Components and Equipment: Light,USA
SPTRD2202684,2026-03-30,Traverse Midstream Partners LLC,,ePointZero Holding RSC Ltd,,,Acquisition of Whole Company (incl. Majority Stake),Announced,,2250000000,Construction and Engineering,USA
SPTRD2202318,2026-03-27,"Transcend Therapeutics, Inc.*",,"Otsuka America, Inc.",,Investor Group,Acquisition of Whole Company (incl. Majority Stake),Completed,2026-06-12,1225000000,Biotechnology,USA
SPTRD2201959,2026-03-26,"Olaplex Holdings, Inc.*",OLPX,Henkel US Operations Corporation,,"Advent International, L.P.",Acquisition of Whole Company (incl. Majority Stake),Announced,,1442478114,Personal Care and Beauty Products: Producers,USA
SPTRD2202032,2026-03-26,"Equitable Holdings, Inc.",EQH,"Corebridge Financial, Inc.",CRBG,,Acquisition of Whole Company (incl. Majority Stake),Announced,,10456955270,Specialty Finance: Commercial Focused,USA
SPTRD2202186,2026-03-26,Excellergy Inc.*,,Novartis International AG,,Investor Group,Acquisition of Whole Company (incl. Majority Stake),Announced,,2000000000,Biotechnology,USA
SPTRD2201800,2026-03-25,"Terns Pharmaceuticals, Inc.*",,Merck Sharp & Dohme LLC,,Investor Group,Acquisition of Whole Company (incl. Majority Stake),Completed,2026-05-04,6863899453,Pharmaceuticals,USA
SPTRD2201283,2026-03-23,Retina business of EyeSouth Partners,,Retina Consultants of America,,"EyeSouth Partners, LLC",Acquisition of Asset or Branch,Announced,,1100000000,Health Care Services,USA
SPTRD2201370,2026-03-23,"Ouro Medicines, Inc.*",,"Gilead Sciences, Inc.",GILD,Investor Group,Acquisition of Whole Company (incl. Majority Stake),Completed,2026-06-04,2175000000,Biotechnology,USA
SPTRD2201469,2026-03-23,Two Harbors Investment Corp.,TWO,Undisclosed Buyer,,,Acquisition of Whole Company (incl. Majority Stake),Announced,,1143697262,Mortgage REIT,USA
SPTRD2200947,2026-03-20,"Pikavation Therapeutics, Inc.",,Novartis AG,NVS,"Synnovation Therapeutics, Inc.",Acquisition of Whole Company (incl. Majority Stake),Announced,,3000000000,Pharmaceuticals,USA
SPTRD2201012,2026-03-20,Portfolio of over the counter consumer health products of Foundation Consumer Br,,"Prestige Brands, Inc.",,"Foundation Consumer Brands, LLC",Acquisition of Asset or Branch,Completed,2026-06-12,1045000000,Pharmaceuticals,USA
SPTRD2200830,2026-03-19,Madison Fire & Rescue*,,Investor Group,,Madison Industries US Holdings Corporation,Acquisition of Whole Company (incl. Majority Stake),Announced,,1950000000,Machinery and Supplies and Components: Industrial,USA
SPTRD2200876,2026-03-19,Two Harbors Investment Corp.,TWO,"CrossCountry Mortgage, LLC",,,Acquisition of Whole Company (incl. Majority Stake),Announced,,1285569468,Mortgage REIT,USA
SPTRD2200836,2026-03-18,Portfolio of Generation Assets in PJM,,"LS Power Equity Advisors, LLC",,Constellation Energy Corporation,Acquisition of Asset or Branch,Announced,,5000000000,Electric Utilities,USA
SPTRD2200075,2026-03-16,National Storage Affiliates Trust,NSA,Public Storage,PSA,,Acquisition of Whole Company (incl. Majority Stake),Announced,,8610363645,Self-Storage REIT,USA
SPTRD2198868,2026-03-09,"Jiffy Lube International, Inc.*",,"Monomoy Capital Management, L.P.",,Pennzoil-Quaker State Company,Acquisition of Whole Company (incl. Majority Stake),Completed,2026-07-01,1300000000,Specialized Consumer Services,USA
SPTRD2198663,2026-03-06,"Day One Biopharmaceuticals, Inc.*",,Servier Pharmaceuticals LLC,,Investor Group,Acquisition of Whole Company (incl. Majority Stake),Completed,2026-04-23,2507085315,Biotechnology,USA
SPTRD2198367,2026-03-04,Bleichroeder Acquisition Corp. II,BBCQ,Pasqal SAS,,,Acquisition of Whole Company (incl. Majority Stake),Announced,,2000000000,Asset Management,USA
SPTRD2197907,2026-03-03,"Ookla, LLC",,"Accenture, Inc",ACN,"Ziff Davis, Inc.",Acquisition of Whole Company (incl. Majority Stake),Completed,2026-06-17,1200000000,Internet Services and Infrastructure,USA
SPTRD2197920,2026-03-03,"CPM Holdings, Inc.*",,Rosebank Industries plc,,Investor Group,Acquisition of Whole Company (incl. Majority Stake),Completed,2026-05-12,2300000000,Machinery and Supplies and Components: Industrial,USA
SPTRD2198679,2026-03-03,Portfolio of operating renewable energy assets in North America*,,Investor Group,,Undisclosed Seller,Acquisition of Asset or Branch,Announced,,2600000000,Renewable Electricity,USA
SPTRD2197649,2026-03-02,The AES Corporation,AES,Investor Group,,,Acquisition of Whole Company (incl. Majority Stake),Announced,,10827996973,Independent Power Producers and Energy Traders,USA
SPTRD2197231,2026-02-26,NCR Atleos Corporation,NATL,The Brink's Company,,,Acquisition of Whole Company (incl. Majority Stake),Announced,,3974399260,Payment Service Providers and Gateways,USA
SPTRD2185698,2026-02-25,"Assets including building and its infrastructure in Ohio, USA",,"Honda Development and Manufacturing of America, LLC",,"L-H Battery Company, Incorporated",Acquisition of Asset or Branch,Announced,,2856400000,Real Estate Operating and Management,USA
SPTRD2196590,2026-02-24,"Thermon Group Holdings, Inc.",,CECO Environmental Corp.,CECO,Investor Group,Acquisition of Whole Company (incl. Majority Stake),Completed,2026-06-01,2092147209,Electrical Components and Equipment: Light,USA
SPTRD2196379,2026-02-23,"Arcellx, Inc.*",,"Gilead Sciences, Inc.",GILD,Investor Group,Acquisition of Whole Company (incl. Majority Stake),Completed,2026-04-28,7611028031,Biotechnology,USA
SPTRD2196387,2026-02-23,"Enhabit, Inc.*",,"Kinderhook Industries, LLC",,Investor Group,Acquisition of Whole Company (incl. Majority Stake),Completed,2026-05-15,751381254,Health Care Services,USA
SPTRD2196399,2026-02-23,Real Asset Acquisition Corp.,RAAQ,IQM Quantum Computers Oyj,,,Acquisition of Whole Company (incl. Majority Stake),Completed,2026-07-01,1800000000,Asset Management,USA
SPTRD2196414,2026-02-23,"Veris Residential, Inc.",,Investor Group,,,Acquisition of Whole Company (incl. Majority Stake),Completed,2026-05-27,1860322718,Multi-Family Residential REIT,USA
SPTRD2196337,2026-02-21,830 MW Portfolio of wind and solar,,"Enel Green Power North America, Inc.",,Excelsior Energy Capital LP,Acquisition of Asset or Branch,Announced,,1000000000,Renewable Electricity,USA
SPTRD2195668,2026-02-18,"MWI Veterinary Supply, Inc.",,"Covetrus, Inc.",,"Cencora, Inc.",Acquisition of Whole Company (incl. Majority Stake),Announced,,3500000000,Health Care Distributors,USA
SPTRD2195736,2026-02-18,Four seasons resort orlando at walt disney/Four Seasons Resort and Residences Ja,,Undisclosed Buyer,,"Host Hotels & Resorts, Inc.",Acquisition of Whole Company (incl. Majority Stake),Completed,2026-02-18,1100000000,Unclassified,USA
SPTRD2195448,2026-02-17,Masimo Corporation,MASI,Danaher Corporation,DHR,Investor Group,Acquisition of Whole Company (incl. Majority Stake),Completed,2026-06-10,9575354534,Health Care Equipment,USA
SPTRD2195450,2026-02-17,Three Power Plants,,Investor Group,,PacifiCorp,Acquisition of Asset or Branch,Announced,,1900000000,Electric Utilities,USA
SPTRD2195452,2026-02-17,JFB Construction Holdings,JFB,XTEND Reality Expansion Ltd,,Investor Group,Acquisition of Whole Company (incl. Majority Stake),Announced,,1500000000,Construction and Engineering,USA
SPTRD2195506,2026-02-17,Anadarko Assets in Oklahoma of Ovintiv Inc.,,Undisclosed Buyer,,Ovintiv Inc.,Acquisition of Asset or Branch,Completed,2026-04-09,2900000000,Oil and Gas Exploration and Production,USA
SPTRD2195512,2026-02-17,Champions Group Holdings,,Blackstone Inc.,BX,"Odyssey Investment Partners, LLC",Acquisition of Whole Company (incl. Majority Stake),Announced,,2500000000,Construction and Engineering,USA
SPTRD2194792,2026-02-13,"Tri Pointe Homes, Inc.",,Sumitomo Forestry America Inc.,,Investor Group,Acquisition of Whole Company (incl. Majority Stake),Completed,2026-05-14,4116823953,Homebuilding Producers,USA
SPTRD2195086,2026-02-13,"Accident Fund Holdings, Inc.*",,Enstar Group Limited,,Blue Cross Blue Shield of Michigan Mutual Insurance Company,Acquisition of Whole Company (incl. Majority Stake),Announced,,1590000000,Property and Casualty,USA
SPTRD2194231,2026-02-11,Kodiak Building Partners Inc.*,,"QXO, Inc.",QXO,"Court Square Capital Management, L.P.",Acquisition of Whole Company (incl. Majority Stake),Completed,2026-04-01,2305394743,Trading Companies and Distributors,USA
SPTRD2194236,2026-02-11,Great Lakes Dredge & Dock Corporation,,"Saltchuk Resources, Inc.",,,Acquisition of Whole Company (incl. Majority Stake),Completed,2026-04-01,913555486,Construction and Engineering,USA
SPTRD2193678,2026-02-09,"Orna Therapeutics, Inc.*",,Eli Lilly and Company,LLY,Investor Group,Acquisition of Whole Company (incl. Majority Stake),Announced,,2400000000,Biotechnology,USA
SPTRD2193861,2026-02-09,"Clear Channel Outdoor Holdings, Inc.",CCO,Investor Group,,,Acquisition of Whole Company (incl. Majority Stake),Announced,,1347981806,Advertising,USA
SPTRD2193466,2026-02-06,SunOpta Inc.,,Refresco B.V.,,Investor Group,Acquisition of Whole Company (incl. Majority Stake),Completed,2026-05-01,832575942,Packaged Foods and Meats Producers,USA
SPTRD2193202,2026-02-05,Arctos Partners LP,,KKR & Co. Inc.,KKR,,Acquisition of Whole Company (incl. Majority Stake),Completed,2026-05-05,1757856520,Asset Management,USA
SPTRD2192860,2026-02-04,Silicon Laboratories Inc.,SLAB,Texas Instruments Incorporated,TXN,Investor Group,Acquisition of Whole Company (incl. Majority Stake),Announced,,7979768643,Semiconductors,USA
SPTRD2192900,2026-02-04,DT Cloud Star Acquisition Corporation,DTSQ,"PrimeGen US, Inc.",,,Acquisition of Whole Company (incl. Majority Stake),Announced,,1489800000,Asset Management,USA
SPTRD2192938,2026-02-04,Timing Business of Renesas Electronics America Inc.,,SiTime Corporation,SITM,Renesas Electronics America Inc.,Acquisition of Asset or Branch,Completed,2026-07-01,4579642941,Semiconductor Materials and Equipment,USA
SPTRD2192545,2026-02-03,"MarineMax, Inc.*",HZO,"The Donerail Group, Inc",,,Acquisition of Whole Company (incl. Majority Stake),Announced,,803715885,Other Specialty Retail,USA
SPTRD2192614,2026-02-03,Webster Financial Corporation,WBS,"Banco Santander, S.A.",SAN,,Acquisition of Whole Company (incl. Majority Stake),Announced,,12225064023,Bank,USA
SPTRD2192187,2026-02-02,Coterra Energy Inc.,,Devon Energy Corporation,DVN,,Acquisition of Whole Company (incl. Majority Stake),Completed,2026-05-07,25049976626,Oil and Gas Exploration and Production,USA
SPTRD2192275,2026-02-02,Peakstone Realty Trust,,Brookfield Asset Management Ltd.,BAM,,Acquisition of Whole Company (incl. Majority Stake),Completed,2026-05-06,857598168,Office REIT,USA
SPTRD2192724,2026-02-02,X.AI LLC*,,Space Exploration Technologies Corp.,SPCX,Investor Group,Acquisition of Whole Company (incl. Majority Stake),Completed,2026-02-02,250000000000,Application Software,USA
SPTRD2191623,2026-01-29,"Precision Aviation Group, Inc.*",,VSE Corporation,VSEC,GenNx360 Capital Partners,Acquisition of Whole Company (incl. Majority Stake),Completed,2026-05-05,2099396926,Aerospace and Defense,USA
SPTRD2191377,2026-01-28,"Stellar Bancorp, Inc.",STEL,"Prosperity Bancshares, Inc.",PB,,Acquisition of Whole Company (incl. Majority Stake),Completed,2026-07-01,2001514495,Bank,USA
SPTRD2190881,2026-01-26,"SkyWater Technology, Inc.*",SKYT,"IonQ, Inc.",IONQ,Investor Group,Acquisition of Whole Company (incl. Majority Stake),Announced,,1764103915,Semiconductors,USA
SPTRD2190885,2026-01-26,"ENTRUST Solutions Group, LLC*",,"Leidos, Inc.",LDOS,Investor Group,Acquisition of Whole Company (incl. Majority Stake),Completed,2026-03-27,2400000000,Construction and Engineering,USA
SPTRD2190921,2026-01-26,"Marathon Asset Management, LP*",,CVC Capital Partners plc,,,Acquisition of Whole Company (incl. Majority Stake),Announced,,1599506200,Asset Management,USA
SPTRD2190426,2026-01-22,EGH Acquisition Corp.,EGHA,"Hecate Energy Group, LLC",,,Acquisition of Whole Company (incl. Majority Stake),Announced,,1200000000,Asset Management,USA
SPTRD2190482,2026-01-22,"GOJO Industries, Inc.",,The Clorox Company,CLX,,Acquisition of Whole Company (incl. Majority Stake),Completed,2026-04-01,1920000000,Personal Care and Beauty Products: Producers,USA
SPTRD2190547,2026-01-22,Brex Inc.,,Capital One Financial Corporation,COF,Investor Group,Acquisition of Whole Company (incl. Majority Stake),Completed,2026-04-07,4521156028,Specialty Finance: Commercial Focused,USA
SPTRD2189830,2026-01-20,"RAPT Therapeutics, Inc.*",,GlaxoSmithKline LLC,,Investor Group,Acquisition of Whole Company (incl. Majority Stake),Completed,2026-03-03,1871268920,Biotechnology,USA
SPTRD2189122,2026-01-16,Aethon III LLC/Aethon United LP*,,Mitsubishi Corporation,,Investor Group,Acquisition of Whole Company (incl. Majority Stake),Announced,,5200000000,Unclassified,USA
SPTRD2189256,2026-01-16,Allegro Merger Corp.,,"SeeQC, Inc.",,,Acquisition of Whole Company (incl. Majority Stake),Announced,,1000000000,Asset Management,USA
SPTRD2189305,2026-01-16,"Victor Sierra Aviation Holdings LLC/Jet Parts Engineering, LLC*",,TransDigm Group Incorporated,TDG,Vance Street Management LLC,Acquisition of Whole Company (incl. Majority Stake),Completed,2026-04-07,2200000000,Unclassified,USA
SPTRD2188997,2026-01-15,"Penumbra, Inc.",PEN,Boston Scientific Corporation,BSX,Investor Group,Acquisition of Whole Company (incl. Majority Stake),Announced,,14837888491,Health Care Equipment,USA
SPTRD2189024,2026-01-15,PJM Natural Gas Portfolio,,Talen Energy Corporation,TLN,"Energy Capital Partners, LLC",Acquisition of Asset or Branch,Completed,2026-06-15,3415295279,Electric Utilities,USA
SPTRD2188218,2026-01-11,"Sun Country, Inc.",,Allegiant Travel Company,ALGT,Investor Group,Acquisition of Whole Company (incl. Majority Stake),Completed,2026-05-13,893281815,Passenger Airlines,USA
SPTRD2187331,2026-01-06,US-based Metal Container Plants of Anheuser-Busch InBev*,,Anheuser-Busch InBev SA/NV,BUD,"Apollo Global Management, Inc.",Acquisition of Asset or Branch,Completed,2026-01-30,2900000000,"Containers and Packaging: Metal, Glass, and Plastic",USA
SPTRD2187373,2026-01-06,"OneStream, Inc.*",,Investor Group,,Investor Group,Acquisition of Whole Company (incl. Majority Stake),Completed,2026-04-01,6387837166,Systems Software,USA
SPTRD2187045,2026-01-05,"Cogentrix Energy Power Management, LLC",,Vistra Operations Company LLC,,"Quantum Energy Partners, LLC",Acquisition of Whole Company (incl. Majority Stake),Announced,,3126150000,Independent Power Producers and Energy Traders,USA
SPTRD2186233,2025-12-29,"DigitalBridge Group, Inc.",DBRG,SoftBank Group Corp.,,,Acquisition of Whole Company (incl. Majority Stake),Announced,,3016378464,Real Estate Operating and Management,USA
SPTRD2186054,2025-12-26,Encora Digital LLC*,,Coforge Limited,,Investor Group,Acquisition of Whole Company (incl. Majority Stake),Completed,2026-04-23,1235864009,IT Consulting and Other Services,USA
SPTRD2185634,2025-12-24,Dynavax Technologies Corporation,,Sanofi,SNY,,Acquisition of Whole Company (incl. Majority Stake),Completed,2026-02-09,1925614640,Biotechnology,USA
SPTRD2185506,2025-12-23,Armis Inc.*,,"ServiceNow, Inc.",NOW,Investor Group,Acquisition of Whole Company (incl. Majority Stake),Completed,2026-04-20,7750000000,Systems Software,USA
SPTRD2185220,2025-12-22,"LLOG Exploration Company, L.L.C.",,Harbour Energy plc,,,Acquisition of Whole Company (incl. Majority Stake),Completed,2026-02-11,3236333625,Oil and Gas Exploration and Production,USA
SPTRD2185286,2025-12-22,UniFirst Corporation,UNF,Cintas Corporation,CTAS,,Acquisition of Whole Company (incl. Majority Stake),Announced,,5497981516,Diversified Support Services,USA
SPTRD2185292,2025-12-22,"United Utility Services, LLC*",,Investor Group,,"Bernhard Capital Partners Management, LP",Acquisition of Whole Company (incl. Majority Stake),Completed,2026-03-02,1000000000,Construction and Engineering,USA
SPTRD2185299,2025-12-22,"Consolidated Aerospace Manufacturing, LLC",,Howmet Aerospace Inc.,HWM,"Stanley Black & Decker, Inc.",Acquisition of Whole Company (incl. Majority Stake),Completed,2026-04-06,1800000000,Aerospace and Defense,USA
SPTRD2185312,2025-12-22,"Intersect Power, LLC*",,Google LLC,,Investor group,Acquisition of Whole Company (incl. Majority Stake),Completed,2026-03-10,4750000000,Renewable Electricity,USA
SPTRD2185325,2025-12-22,"ARKA Group, LP",,"CACI, Inc. - Federal",,Blackstone Inc.,Acquisition of Whole Company (incl. Majority Stake),Completed,2026-03-09,2600000000,Aerospace and Defense,USA
SPTRD2185486,2025-12-22,"Global rights to RADICAVA ORS and IV RADICAVA from Tanabe Pharma Provision Co.,",,Shionogi Inc.,,"Tanabe Pharma Provision Co., Ltd.",Acquisition of Asset or Branch,Completed,2026-04-01,2500000000,Unclassified,USA
SPTRD2185166,2025-12-21,"Clearwater Analytics Holdings, Inc.*",CWAN,Investor Group,,Investor Group,Acquisition of Whole Company (incl. Majority Stake),Completed,2026-06-25,8400000000,Application Software,USA
SPTRD2184885,2025-12-19,"Amicus Therapeutics, Inc.",,BioMarin Pharmaceutical Inc.,BMRN,Investor Group,Acquisition of Whole Company (incl. Majority Stake),Completed,2026-04-27,4788079470,Biotechnology,USA
SPTRD2184928,2025-12-19,Plum Acquisition Corp. IV,PLMK,Controlled Thermal Resources Holdings Inc.,,,Acquisition of Whole Company (incl. Majority Stake),Announced,,5552000000,Asset Management,USA
SPTRD2185147,2025-12-19,"Pittsburgh Penguins, Inc.*",,Hoffmann Family of Companies,,"Fenway Sports Group, Inc",Acquisition of Minority Stake,Announced,,1800000000,Movies and Entertainment,USA
SPTRD2184631,2025-12-18,"Verdad Resources Intermediate Holdings, LLC",,"Peoria Resources, LLC",,Verdad Resources Feeder LLC,Acquisition of Whole Company (incl. Majority Stake),Completed,2026-02-26,1300000000,Oil and Gas Exploration and Production,USA
SPTRD2184640,2025-12-18,Cartesian Growth Corporation III,,Factorial Inc.,,,Acquisition of Whole Company (incl. Majority Stake),Completed,2026-06-05,1323046486,Asset Management,USA
SPTRD2203608,2025-12-18,"TAE Technologies, Inc.",,Trump Media & Technology Group Corp.,DJT,,Acquisition of Whole Company (incl. Majority Stake),Announced,,6000000000,Electrical Components and Equipment: Heavy,USA
SPTRD2183786,2025-12-15,US Photovoltaic Portfolio & Mexico Wind Farm,,"MÉXICO INFRASTRUCTURE PARTNERS F1, S.A.P.I. DE C.V.",,"Corporación Acciona Energías Renovables, S.A.",Acquisition of Asset or Branch,Announced,,1000000000,Renewable Electricity,USA
SPTRD2183876,2025-12-15,"TRC Companies, Inc.*",,WSP Global Inc.,,Warburg Pincus LLC,Acquisition of Whole Company (incl. Majority Stake),Completed,2026-02-24,3300000000,Environmental and Facilities Services,USA
SPTRD2183989,2025-12-15,"OneOncology, LLC",,"Cencora, Inc.",COR,TPG Inc.,Acquisition of Whole Company (incl. Majority Stake),Completed,2026-02-04,3600000000,Health Care Facilities,USA
SPTRD2183714,2025-12-13,"Arthrosi Therapeutics, Inc.*",,Swedish Orphan Biovitrum AB (publ),,Investor Group,Acquisition of Whole Company (incl. Majority Stake),Completed,2026-02-09,1500000000,Biotechnology,USA
SPTRD2183142,2025-12-10,Newfront Insurance Holdings Inc.,,Willis Towers Watson Public Limited Company,,,Acquisition of Whole Company (incl. Majority Stake),Completed,2026-01-27,1450000000,Multiline,USA
SPTRD2182886,2025-12-09,Teleflex Medical OEM LLC*,,Investor Group,,Teleflex Incorporated,Acquisition of Whole Company (incl. Majority Stake),Announced,,1500000000,Health Care Equipment,USA
SPTRD2182605,2025-12-08,"HG Energy II Midstream Holdings, LLC",,Antero Midstream Partners LP,,"HG Energy II, LLC",Acquisition of Asset or Branch,Completed,2026-02-03,1100000000,Oil and Gas Exploration and Production,USA
SPTRD2182630,2025-12-08,TC Transcontinental Packaging Inc.*,,"ProAmpac Intermediate, Inc.",,Transcontinental Inc.,Acquisition of Whole Company (incl. Majority Stake),Completed,2026-03-05,1541601209,"Containers and Packaging: Metal, Glass, and Plastic",USA
SPTRD2182633,2025-12-08,"Confluent, Inc.*",,International Business Machines Corporation,IBM,Investor Group,Acquisition of Whole Company (incl. Majority Stake),Completed,2026-03-17,11646543822,Application Software,USA
SPTRD2182702,2025-12-08,"Alexander & Baldwin, Inc.",,Investor Group,,,Acquisition of Whole Company (incl. Majority Stake),Completed,2026-03-12,1563895973,Diversified REIT,USA
SPTRD2182802,2025-12-08,"HG Energy II Production Holdings, LLC",,Antero Resources Corporation,AR,"HG Energy II, LLC",Acquisition of Whole Company (incl. Majority Stake),Completed,2026-02-03,2800000000,Oil and Gas Exploration and Production,USA
SPTRD2182379,2025-12-05,"SPX FLOW, Inc.*",,"ITT Industries Holdings, Inc.",,"Lone Star Americas Acquisitions, Inc.",Acquisition of Whole Company (incl. Majority Stake),Completed,2026-03-02,4852218776,Machinery and Supplies and Components: Industrial,USA
SPTRD2181763,2025-12-02,"Veza Technologies, Inc.*",,"ServiceNow, Inc.",NOW,Investor Group,Acquisition of Whole Company (incl. Majority Stake),Completed,2026-03-02,1250000000,Systems Software,USA
SPTRD2181787,2025-12-02,Celestial AI Inc.*,,"Marvell Technology, Inc.",MRVL,Investor Group,Acquisition of Whole Company (incl. Majority Stake),Completed,2026-02-02,5324971946,Systems Software,USA
SPTRD2181835,2025-12-02,"Cobbs Allen Capital Holdings, LLC",,"The Baldwin Insurance Group, Inc.",BWIN,,Acquisition of Whole Company (incl. Majority Stake),Completed,2026-01-01,1315496000,Insurance Broker,USA
SPTRD2182110,2025-12-02,"Warner Bros. Discovery, Inc.",WBD,Paramount Skydance Corporation,PSKY,,Acquisition of Whole Company (incl. Majority Stake),Announced,,80720676264,Movies and Entertainment,USA
SPTRD2182116,2025-12-02,"Metronome Technologies, Inc.",,"Stripe, Inc.",,Investor Group,Acquisition of Whole Company (incl. Majority Stake),Completed,2026-01-13,1000000000,Application Software,USA
SPTRD2181492,2025-12-01,"Innovator Capital Management, LLC*",,"Goldman Sachs Asset Management, L.P.",,,Acquisition of Whole Company (incl. Majority Stake),Completed,2026-04-02,2000000000,Asset Management,USA
SPTRD2181493,2025-12-01,"Leggett & Platt, Incorporated",LEG,Somnigroup International Inc.,SGI,Investor Group,Acquisition of Whole Company (incl. Majority Stake),Announced,,1604453226,Home Furnishings Producers,USA
SPTRD2181499,2025-12-01,"Stakeholder Midstream, LLC",,Targa Resources Corp.,TRGP,,Acquisition of Whole Company (incl. Majority Stake),Completed,2026-01-01,1250000000,Oil and Gas Storage and Transportation,USA
SPTRD2181394,2025-11-28,"Raptor Technologies, LLC*",,Investor Group,,Investor Group,Acquisition of Whole Company (incl. Majority Stake),Announced,,1800000000,Application Software,USA
SPTRD2180506,2025-11-24,Green Dot Corporation,GDOT,CommerceOne Financial Corporation,,,Acquisition of Whole Company (incl. Majority Stake),Announced,,1111902960,Bank,USA
SPTRD2180531,2025-11-24,Genco Shipping & Trading Limited,GNK,Diana Shipping Inc.,DSX,Investor Group,Acquisition of Whole Company (incl. Majority Stake),Announced,,1038166746,Marine Transportation,USA
SPTRD2180628,2025-11-24,Select Medical Holdings Corporation*,SEM,"Welsh, Carson, Anderson & Stowe, L.P.",,"BlackRock, Inc.",Acquisition of Whole Company (incl. Majority Stake),Completed,2026-06-30,1780101592,Health Care Facilities,USA
SPTRD2180179,2025-11-21,"Clean Earth, Inc.",,Veolia Environnement SA,,Enviri Corporation,Acquisition of Whole Company (incl. Majority Stake),Completed,2026-06-01,3040000000,Environmental and Facilities Services,USA
SPTRD2180031,2025-11-20,Exact Sciences Corporation,,Abbott Laboratories,ABT,Investor Group,Acquisition of Whole Company (incl. Majority Stake),Completed,2026-03-23,21004790497,Biotechnology,USA
SPTRD2179753,2025-11-19,"Power Solutions, LLC",,"Dycom Industries, Inc.",DY,,Acquisition of Whole Company (incl. Majority Stake),Completed,2025-12-23,1980952161,Construction and Engineering,USA
SPTRD2179756,2025-11-19,"Semrush Holdings, Inc.*",,Adobe Inc.,ADBE,Investor Group,Acquisition of Whole Company (incl. Majority Stake),Completed,2026-04-28,1969232822,Application Software,USA
SPTRD2180012,2025-11-19,"Chronosphere, Inc.*",,"Palo Alto Networks, Inc.",PANW,,Acquisition of Whole Company (incl. Majority Stake),Completed,2026-01-29,3350000000,Application Software,USA
SPTRD2179402,2025-11-18,Axalta Coating Systems Ltd.,AXTA,Akzo Nobel N.V.,,Investor Group,Acquisition of Whole Company (incl. Majority Stake),Announced,,9280529643,Specialty Chemicals,USA
SPTRD2179177,2025-11-17,Barings LLC,,"Mitsui Sumitomo Insurance Co., Ltd.",,Massachusetts Mutual Life Insurance Company,Acquisition of Minority Stake,Completed,2026-05-14,1440000000,Asset Management,USA
SPTRD2179236,2025-11-17,Sealed Air Corporation*,,"Clayton, Dubilier & Rice, LLC",,Investor Group,Acquisition of Whole Company (incl. Majority Stake),Completed,2026-04-09,6327015067,Packaging and Materials: Paper and Plastic,USA
SPTRD2179240,2025-11-17,Halda Therapeutics Inc.*,,Johnson & Johnson,JNJ,"Vida Ventures Advisors, LLC",Acquisition of Whole Company (incl. Majority Stake),Completed,2025-12-29,3050000000,Biotechnology,USA
SPTRD2179258,2025-11-17,"OmniMax International, Inc.*",,"Gibraltar Industries, Inc.",ROCK,"Strategic Value Partners, LLC",Acquisition of Whole Company (incl. Majority Stake),Completed,2026-02-02,1335000000,Building Products,USA
SPTRD2179442,2025-11-17,"Concert Golf Partners, LLC*",,"Bain Capital Private Equity, LP",,"Clearlake Capital Group, L.P.",Acquisition of Minority Stake,Completed,2025-11-17,1376416000,Leisure Facilities,USA
SPTRD2180225,2025-11-17,"Cross Border Xpress, L.L.C.",,"Grupo Aeroportuario del Pacífico, S.A.B. de C.V.",,"Otay-Tijuana Venture, L.L.C.",Acquisition of Whole Company (incl. Majority Stake),Completed,2026-05-07,2230420077,Airport Services,USA
SPTRD2178940,2025-11-14,"Cidara Therapeutics, Inc.*",,Merck Sharp & Dohme LLC,,Investor Group,Acquisition of Whole Company (incl. Majority Stake),Completed,2026-01-07,9255241319,Biotechnology,USA
SPTRD2178515,2025-11-12,"Baytex Energy USA, Inc.",,Undisclosed Buyer,,Baytex Energy Corp.,Acquisition of Whole Company (incl. Majority Stake),Completed,2025-12-19,2140000000,Oil and Gas Exploration and Production,USA
SPTRD2178537,2025-11-12,"Pathway Capital Management, LP*",,"Clearlake Capital Group, L.P.",,,Acquisition of Whole Company (incl. Majority Stake),Completed,2026-06-09,1000000000,Asset Management,USA
SPTRD2178285,2025-11-11,Filtration Group Corporation*,,Parker-Hannifin Corporation,PH,Madison Capital Partners Corporation,Acquisition of Whole Company (incl. Majority Stake),Announced,,9250000000,Machinery and Supplies and Components: Industrial,USA
SPTRD2177980,2025-11-10,"TreeHouse Foods, Inc.*",,InvestIndustrial,,JANA Partners LLC,Acquisition of Whole Company (incl. Majority Stake),Completed,2026-02-11,1377484200,Packaged Foods and Meats Producers,USA
SPTRD2177984,2025-11-10,Novaria Holdings LLC*,,Arcline Investment Management LP,,KKR & Co. Inc.,Acquisition of Whole Company (incl. Majority Stake),Announced,,2200000000,Aerospace and Defense,USA
SPTRD2177699,2025-11-07,"Cantor Equity Partners III, Inc.*",,AIR Holdings Limited,,"Cantor EP Holdings III, LLC",Acquisition of Whole Company (incl. Majority Stake),Completed,2026-05-15,1699573596,Asset Management,USA
SPTRD2177514,2025-11-06,"Brighthouse Financial, Inc.",BHF,"Aquarian Holdings, LLC",,,Acquisition of Whole Company (incl. Majority Stake),Announced,,4126999310,Life and Health,USA
SPTRD2177517,2025-11-06,"Seven casino real estate assets and operating assets of Golden Entertainment, In",,VICI Properties Inc.,VICI,"Golden Entertainment, Inc.",Acquisition of Asset or Branch,Completed,2026-04-30,769065366,Casinos and Gaming,USA
SPTRD2178491,2025-11-06,Portfolio of 8 Student Housing Assets in Tier 1 U.S. University Markets,,Investor Group,,Investor Group,Acquisition of Asset or Branch,Completed,2025-11-06,1000000000,Real Estate Operating and Management,USA
SPTRD2177256,2025-11-05,"CNL Healthcare Properties, Inc.",,"Sonida Senior Living, Inc.",SNDA,,Acquisition of Whole Company (incl. Majority Stake),Completed,2026-03-11,1200200683,Health Care REIT,USA
SPTRD2177044,2025-11-04,"Pearce Services, LLC",,"CBRE Group, Inc.",CBRE,"New Mountain Capital, LLC",Acquisition of Whole Company (incl. Majority Stake),Completed,2025-11-04,1315000000,Construction and Engineering,USA
SPTRD2177052,2025-11-04,TriMas Aerospace*,,Investor Group,,TriMas Corporation,Acquisition of Whole Company (incl. Majority Stake),Completed,2026-03-16,1451000000,Aerospace and Defense,USA
SPTRD2177091,2025-11-04,Whitestone REIT,WSR,MCB PR Capital LLC,,,Acquisition of Whole Company (incl. Majority Stake),Announced,,704236900,Retail REIT,USA
SPTRD2177196,2025-11-04,"Kennedy-Wilson Holdings, Inc.",KW,Fairfax Financial Holdings Limited,,,Acquisition of Whole Company (incl. Majority Stake),Completed,2026-06-16,1229906971,Real Estate Operating and Management,USA
SPTRD2176778,2025-11-03,Non-Controlling Interests in Permian and Eagle Ford Midstream Assets of BPX Ener*,,"Sixth Street Partners, LLC",,BPX Energy Inc.,Acquisition of Asset or Branch,Announced,,1500000000,Oil and Gas Storage and Transportation,USA
SPTRD2176825,2025-11-03,"Purge Rite, LLC*",,Vertiv Corporation,VRT,"Milton Street Capital, LLC",Acquisition of Whole Company (incl. Majority Stake),Completed,2025-12-04,1250000000,Environmental and Facilities Services,USA
SPTRD2176834,2025-11-03,"Civitas Resources, Inc.",,SM Energy Company,SM,"Kimmeridge Chelsea, LLC",Acquisition of Whole Company (incl. Majority Stake),Completed,2026-01-30,2406777379,Oil and Gas Exploration and Production,USA
SPTRD2176841,2025-11-03,Kenvue Inc.,KVUE,Kimberly-Clark Corporation,KMB,Investor Group,Acquisition of Whole Company (incl. Majority Stake),Announced,,40626406818,Personal Care and Beauty Products: Producers,USA
SPTRD2176851,2025-11-03,Crane Harbor Acquisition Corp.,,Xanadu Quantum Technologies Inc.,XNDU,Xanadu Quantum Technologies Inc.,Acquisition of Whole Company (incl. Majority Stake),Completed,2026-03-26,3000000000,Asset Management,USA
SPTRD2199621,2025-11-03,Thermal Business Of LTI Holdings Inc.,,Eaton Corporation plc,ETN,"The Goldman Sachs Group, Inc.",Acquisition of Asset or Branch,Completed,2026-03-12,9500000000,Electrical Components and Equipment: Light,USA
SPTRD2177405,2025-11-01,"Epic Crude Holdings, LP",,"Plains All American Pipeline, L.P.",PAA,Ares Management Corporation,Acquisition of Minority Stake,Completed,2025-11-01,987000000,Oil and Gas Storage and Transportation,USA
SPTRD2176460,2025-10-30,"REV Group, Inc.",,Terex Corporation,TEX,,Acquisition of Whole Company (incl. Majority Stake),Completed,2026-02-02,3210426701,Machinery and Equipment: Construction and Heavy Transportation,USA
SPTRD2176221,2025-10-29,Clario*,,Thermo Fisher Scientific Inc.,TMO,Investor Group,Acquisition of Whole Company (incl. Majority Stake),Completed,2026-03-24,9400000000,Health Care Technology,USA
SPTRD2176237,2025-10-29,Jamf Holding Corp.*,,"Francisco Partners Management, L.P.",,Investor Group,Acquisition of Whole Company (incl. Majority Stake),Completed,2026-01-30,1945771399,Application Software,USA
SPTRD2176302,2025-10-29,"JHCC Holdings, LLC*",,Boyd Group Services Inc.,BGSI,TSG Consumer Partners LP,Acquisition of Whole Company (incl. Majority Stake),Completed,2026-01-09,1300000000,Specialized Consumer Services,USA
SPTRD2177011,2025-10-29,"CSG Systems International, Inc.",,Netcracker Technology Corporation,,,Acquisition of Whole Company (incl. Majority Stake),Completed,2026-05-14,2362458042,Data Processing and Outsourced Services,USA
SPTRD2178014,2025-10-29,AOL Inc.,,Bending Spoons S.p.A.,,Yahoo Inc.,Acquisition of Whole Company (incl. Majority Stake),Announced,,1500000000,Interactive Media and Services,USA
SPTRD2177703,2025-10-28,"Cantor Equity Partners II, Inc.",CEPT,"Securitize, Inc.",,,Acquisition of Whole Company (incl. Majority Stake),Announced,,1250000000,Asset Management,USA
SPTRD2175750,2025-10-27,"Essential Utilities, Inc.",WTRG,"American Water Works Company, Inc.",AWK,Investor Group,Acquisition of Whole Company (incl. Majority Stake),Announced,,12256390116,Water Utilities,USA
SPTRD2175753,2025-10-27,Cadence Bank,,The Huntington National Bank,,,Acquisition of Whole Company (incl. Majority Stake),Completed,2026-02-01,8259708797,Bank,USA
SPTRD2175985,2025-10-27,"Qorvo, Inc.",QRVO,"Skyworks Solutions, Inc.",SWKS,Investor Group,Acquisition of Whole Company (incl. Majority Stake),Announced,,9981755428,Semiconductors,USA
SPTRD2179082,2025-10-27,Portfolio of Outpatient Medical Assets in 34 States*,,Investor Group,,Welltower Inc.,Acquisition of Asset or Branch,Announced,,7200000000,Health Care Facilities,USA
SPTRD2175647,2025-10-26,"Avidity Biosciences, Inc.*",,Novartis AG,NVS,Investor Group,Acquisition of Whole Company (incl. Majority Stake),Completed,2026-02-27,12095680992,Biotechnology,USA
SPTRD2175551,2025-10-24,"Plymouth Industrial REIT, Inc.",,Investor Group,,,Acquisition of Whole Company (incl. Majority Stake),Completed,2026-01-27,990912186,Industrial REIT,USA
SPTRD2175282,2025-10-23,Hennessy Capital Investment Corp. VII,HVII,ONE Nuclear Energy LLC,,Investor Group,Acquisition of Whole Company (incl. Majority Stake),Announced,,1134420000,Asset Management,USA
SPTRD2175329,2025-10-23,"MidWestOne Financial Group, Inc.",,"Nicolet Bankshares, Inc.",NIC,,Acquisition of Whole Company (incl. Majority Stake),Completed,2026-02-13,1010054292,Bank,USA
SPTRD2174816,2025-10-21,"Vectren Energy Delivery of Ohio, LLC",,National Fuel Gas Company,NFG,"CenterPoint Energy, Inc.",Acquisition of Whole Company (incl. Majority Stake),Announced,,2620000000,Gas Utilities,USA
SPTRD2174829,2025-10-21,"Securiti, Inc.*",,Veeam Software Group GmbH,,Investor Group,Acquisition of Whole Company (incl. Majority Stake),Completed,2025-12-11,1725000000,Systems Software,USA
SPTRD2174836,2025-10-21,"Hologic, Inc.*",,Investor Group,,,Acquisition of Whole Company (incl. Majority Stake),Completed,2026-04-07,17955553731,Health Care Equipment,USA
SPTRD2174641,2025-10-20,Armada Acquisition Corp. II,XRPN,"Evernorth Holdings, Inc.",,"Arrington Capital Investment Management, LLC",Acquisition of Whole Company (incl. Majority Stake),Announced,,1400000000,Asset Management,USA
SPTRD2174210,2025-10-16,"Foley Products Company, LLC",,Commercial Metals Company,CMC,Investor Group,Acquisition of Whole Company (incl. Majority Stake),Completed,2025-12-15,1840000000,Construction Materials,USA
SPTRD2174267,2025-10-16,"G Treasury SS, LLC*",,Ripple Labs Inc.,,Investor Group,Acquisition of Whole Company (incl. Majority Stake),Completed,2025-12-04,1000000000,Application Software,USA
SPTRD2174010,2025-10-15,"Hillenbrand, Inc.*",,"Lone Star Americas Acquisitions, Inc.",,Investor Group,Acquisition of Whole Company (incl. Majority Stake),Completed,2026-02-10,2321924192,Machinery and Supplies and Components: Industrial,USA
SPTRD2174050,2025-10-15,"Aligned Data Centers, LLC",,Investor Group,,Macquarie Group Limited,Acquisition of Whole Company (incl. Majority Stake),Announced,,40000000000,Internet Services and Infrastructure,USA
SPTRD2173737,2025-10-14,PotlatchDeltic Corporation,,Rayonier Inc.,RYN,,Acquisition of Whole Company (incl. Majority Stake),Completed,2026-01-30,3080524663,Timber REIT,USA
SPTRD2173519,2025-10-13,"Oaktree Capital Management, L.P.",,Investor Group,,,Acquisition of Minority Stake,Announced,,3000000000,Asset Management,USA
SPTRD2173570,2025-10-13,"Brag House Holdings, Inc.",TBH,House of Doge Inc.,,,Acquisition of Whole Company (incl. Majority Stake),Completed,2026-06-30,1591800422,Movies and Entertainment,USA
SPTRD2173207,2025-10-10,"Orbital Therapeutics, Inc.*",,Bristol-Myers Squibb Company,BMY,Investor Group,Acquisition of Whole Company (incl. Majority Stake),Completed,2025-12-08,1500000000,Biotechnology,USA
SPTRD2172960,2025-10-09,"Akero Therapeutics, Inc.*",,Novo Nordisk A/S,NVO,Investor Group,Acquisition of Whole Company (incl. Majority Stake),Completed,2025-12-09,5112076001,Biotechnology,USA
SPTRD2172694,2025-10-07,Specialty Products and Insulation LLC*,,TopBuild Corp.,BLD,"Incline Management, L.P.",Acquisition of Whole Company (incl. Majority Stake),Completed,2025-10-07,1000000000,Trading Companies and Distributors,USA
SPTRD2172203,2025-10-06,Comerica Incorporated,,Fifth Third Financial Corporation,,,Acquisition of Whole Company (incl. Majority Stake),Completed,2026-02-01,12350508818,Bank,USA
SPTRD2172314,2025-10-06,Forsta group,,"Qualtrics, LLC",,Press Ganey Associates LLC,Acquisition of Whole Company (incl. Majority Stake),Completed,2026-05-18,6750000000,Application Software,USA
SPTRD2172525,2025-10-06,"Eagle Creek Renewable Energy, LLC",,"Apollo Global Management, Inc.",APO,Ontario Power Generation Inc.,Acquisition of Whole Company (incl. Majority Stake),Completed,2026-01-09,1480000000,Renewable Electricity,USA
SPTRD2171782,2025-10-02,Occidental Chemical Corporation,,Berkshire Hathaway Inc.,BRK.B,Occidental Petroleum Corporation,Acquisition of Whole Company (incl. Majority Stake),Completed,2026-01-02,9700000000,Commodity Chemicals,USA
SPTRD2171794,2025-10-02,"Avtron Power Solutions, LLC*",,Legrand SA,,"Hidden Harbor Capital Partners, LLC",Acquisition of Whole Company (incl. Majority Stake),Completed,2025-11-04,1125000000,Electronic Equipment and Instruments,USA
SPTRD2171559,2025-10-01,Veeco Instruments Inc.*,VECO,"Axcelis Technologies, Inc.",ACLS,Investor Group,Acquisition of Whole Company (incl. Majority Stake),Announced,,2197619385,Semiconductor Materials and Equipment,USA
SPTRD2171170,2025-09-29,Electronic Arts Inc.*,EA,Investor Group,,Investor Group,Acquisition of Whole Company (incl. Majority Stake),Announced,,54610025720,Interactive Home Entertainment,USA
SPTRD2170835,2025-09-25,"The Fortegra Group, Inc.",,"DB Insurance Co., Ltd.",,Investor Group,Acquisition of Whole Company (incl. Majority Stake),Completed,2026-05-29,1650000000,Property and Casualty,USA
SPTRD2170525,2025-09-24,Integral Ad Science Holding Corp.*,,Novacap Management Inc.,,"Vista Equity Partners Management, LLC",Acquisition of Whole Company (incl. Majority Stake),Completed,2025-12-23,1900353546,Advertising,USA
SPTRD2170256,2025-09-23,"National Diversified Sales, Inc.",,"Advanced Drainage Systems, Inc.",WMS,NORMA Group SE,Acquisition of Whole Company (incl. Majority Stake),Completed,2026-02-02,1000000000,Building Products,USA
SPTRD2170335,2025-09-23,"Sempra Infrastructure Partners, LP*",,Investor Group,,Sempra,Acquisition of Minority Stake,Announced,,9990000000,Multi-Utilities,USA
SPTRD2170450,2025-09-23,"New Alvogen Group Holdings, Inc.",,"Lotus Pharmaceutical Co., Ltd.",,,Acquisition of Whole Company (incl. Majority Stake),Completed,2025-12-03,1158000000,Pharmaceuticals,USA
SPTRD2170099,2025-09-22,"Metsera, Inc.*",,Pfizer Inc.,PFE,Investor Group,Acquisition of Whole Company (incl. Majority Stake),Completed,2025-11-13,9370886864,Biotechnology,USA
SPTRD2170105,2025-09-22,"Premier, Inc.*",,"Patient Square Capital, LP",,,Acquisition of Whole Company (incl. Majority Stake),Completed,2025-11-25,2495011947,Health Care Services,USA
SPTRD2170125,2025-09-22,Anywhere Real Estate Inc.,,"Compass, Inc.",COMP,,Acquisition of Whole Company (incl. Majority Stake),Completed,2026-01-09,2245883434,Real Estate Services,USA
SPTRD2170158,2025-09-22,Performance Predictions LLC,,Allwyn International AG,,,Acquisition of Whole Company (incl. Majority Stake),Completed,2026-01-16,2533000000,Casinos and Gaming,USA
SPTRD2170376,2025-09-22,"Semler Scientific, Inc.",,"Strive, Inc.",ASST,,Acquisition of Whole Company (incl. Majority Stake),Completed,2026-01-16,1460861832,Health Care Equipment,USA
SPTRD2169615,2025-09-18,"89bio, Inc.*",,Roche Holding AG,,Investor Group,Acquisition of Whole Company (incl. Majority Stake),Completed,2025-10-29,3040319125,Biotechnology,USA
SPTRD2169718,2025-09-18,"A Software Company, Inc.",,Atlassian Corporation,TEAM,,Acquisition of Whole Company (incl. Majority Stake),Completed,2025-11-10,1000000000,Application Software,USA
SPTRD2169501,2025-09-17,"Paramount Group, Inc.",,Rithm Capital Corp.,RITM,,Acquisition of Whole Company (incl. Majority Stake),Completed,2025-12-19,1458260000,Office REIT,USA
SPTRD2169263,2025-09-15,620 MW Natural Gas-Fired Power Plant,,Blackstone Energy Transition Partners,,Ardian SAS,Acquisition of Asset or Branch,Announced,,1000000000,Electric Utilities,USA
SPTRD2168393,2025-09-10,"Vimeo.com, Inc.*",,"Bending Spoons US, Inc.",,"Thrive Capital Management, LLC",Acquisition of Whole Company (incl. Majority Stake),Completed,2025-11-24,1371979181,Interactive Media and Services,USA
SPTRD2168415,2025-09-10,AIP MC Holdings LLC*,,Investor Group,,"AIP, LLC",Acquisition of Whole Company (incl. Majority Stake),Completed,2026-06-01,1455000000,Construction Materials,USA
SPTRD2168091,2025-09-09,"Tourmaline Bio, Inc.*",,Novartis AG,NVS,Investor Group,Acquisition of Whole Company (incl. Majority Stake),Completed,2025-10-27,1292993492,Biotechnology,USA
SPTRD2168171,2025-09-09,WRB Refining LP,,Phillips 66,PSX,Cenovus Energy Inc.,Acquisition of Whole Company (incl. Majority Stake),Completed,2025-10-01,1300000000,Oil and Gas Refining and Marketing,USA
SPTRD2167967,2025-09-08,"AWS-3 uplink, AWS-4 And H-Block Spectrum Licenses",,Space Exploration Technologies Corp.,SPCX,EchoStar Corporation,Acquisition of Asset or Branch,Announced,,19616737853,Cable and Satellite,USA
SPTRD2167969,2025-09-08,FirstBank Holding Company,,"The PNC Financial Services Group, Inc.",PNC,,Acquisition of Whole Company (incl. Majority Stake),Completed,2026-01-05,4078660000,Bank,USA
SPTRD2168002,2025-09-08,Vine Hill Capital Investment Corp.,,CoinShares PLC,CSHR,Vine Hill Capital Sponsor I LLC,Acquisition of Whole Company (incl. Majority Stake),Completed,2026-03-31,1250400000,Asset Management,USA
SPTRD2168004,2025-09-08,Churchill Capital Corp X*,,"ColdQuanta, Inc.",,Investor Group,Acquisition of Whole Company (incl. Majority Stake),Completed,2026-02-13,1800000000,Asset Management,USA
SPTRD2167714,2025-09-05,"PDV Holding, Inc.",,Blue Water Acquisition Corp. III,BLUW,"Petróleos de Venezuela, S.A.",Acquisition of Whole Company (incl. Majority Stake),Announced,,6800000000,Oil and Gas Refining and Marketing,USA
SPTRD2167276,2025-09-03,Wealthspire Advisors/Fiducient Advisors/Newport Pvt Wealth/Ground Ctrl Business/*,,"Madison Dearborn Partners, LLC",,Aon plc,Acquisition of Whole Company (incl. Majority Stake),Completed,2025-10-30,2700000000,Asset Management,USA
SPTRD2167059,2025-09-02,"Statsig, Inc.*",,"OpenAI, L.L.C.",,Investor Group,Acquisition of Whole Company (incl. Majority Stake),Announced,,1100000000,Application Software,USA
SPTRD2167074,2025-09-02,Air Lease Corporation,,Investor Group,,,Acquisition of Whole Company (incl. Majority Stake),Completed,2026-04-08,7449535925,Trading Companies and Distributors,USA
SPTRD2167899,2025-09-02,"Epic Crude Holdings, LP",,"Plains All American Pipeline, L.P.",PAA,Investor Group,Acquisition of Whole Company (incl. Majority Stake),Completed,2025-10-31,1192500000,Oil and Gas Storage and Transportation,USA
SPTRD2166623,2025-08-29,"Aramids business of DuPont de Nemours, Inc.*",,"Arclin, Inc.",,"DuPont de Nemours, Inc.",Acquisition of Asset or Branch,Completed,2026-04-01,1825000000,Commodity Chemicals,USA
SPTRD2166179,2025-08-27,Rockies Gathering and Processing Assets,,Harvest Midstream Company,,MPLX LP,Acquisition of Asset or Branch,Completed,2025-11-13,1000000000,Oil and Gas Storage and Transportation,USA
SPTRD2165992,2025-08-26,600 MHz Band And The 3.45 GHz Band Licenses,,AT&T Mobility II LLC,,EchoStar Corporation,Acquisition of Asset or Branch,Announced,,22650000000,Wireless Telecommunication Services,USA
SPTRD2165823,2025-08-25,"Vital Energy, Inc.",,Crescent Energy Company,CRGY,,Acquisition of Whole Company (incl. Majority Stake),Completed,2025-12-15,716540908,Oil and Gas Exploration and Production,USA
SPTRD2165828,2025-08-25,Verint Systems Inc.*,,"Calabrio, Inc.",,Investor Group,Acquisition of Whole Company (incl. Majority Stake),Completed,2025-11-26,1336935564,Application Software,USA
SPTRD2165446,2025-08-21,"Dayforce, Inc.*",,Investor Group,,Investor Group,Acquisition of Whole Company (incl. Majority Stake),Completed,2026-02-04,12134886175,Human Resource and Employment Services,USA
SPTRD2165452,2025-08-21,Global Cellulose Fibers Business of International Paper Company*,,"AIP, LLC",,International Paper Company,Acquisition of Asset or Branch,Completed,2026-01-23,1500000000,Unclassified,USA
SPTRD2165531,2025-08-21,"Paradox, Inc.",,"Workday, Inc.",WDAY,,Acquisition of Whole Company (incl. Majority Stake),Completed,2025-10-01,1000000000,Application Software,USA
SPTRD2171815,2025-08-21,"Shermco Industries, Inc.",,Blackstone Inc.,BX,"Gryphon Advisors, LLC",Acquisition of Whole Company (incl. Majority Stake),Completed,2025-10-27,1600000000,Construction and Engineering,USA
SPTRD2165230,2025-08-20,"Foundation Building Materials, Inc.*",,"Lowe's Companies, Inc.",,Investor Group,Acquisition of Whole Company (incl. Majority Stake),Completed,2025-10-09,8800000000,Trading Companies and Distributors,USA
SPTRD2164983,2025-08-19,"Plymouth Industrial REIT, Inc.",,"Sixth Street Partners, LLC",,,Acquisition of Whole Company (incl. Majority Stake),Announced,,982746932,Industrial REIT,USA
SPTRD2165000,2025-08-19,"NorthWestern Energy Group, Inc.",NWE,Black Hills Corporation,BKH,,Acquisition of Whole Company (incl. Majority Stake),Announced,,3672080875,Multi-Utilities,USA
SPTRD2164731,2025-08-18,"TPC Engineering Holdings, LLC*",,Amphenol Corporation,APH,"Audax Management Company, LLC",Acquisition of Whole Company (incl. Majority Stake),Completed,2025-11-06,1000000000,Electrical Components and Equipment: Light,USA
SPTRD2165008,2025-08-18,TEGNA Inc.,,"Nexstar Media Group, Inc.",NXST,,Acquisition of Whole Company (incl. Majority Stake),Completed,2026-03-19,3702732264,Broadcasting,USA
SPTRD2164547,2025-08-14,Google Chrome Browser of Alphabet Inc.,,"Public Good Software, Inc.",,Alphabet Inc.,Acquisition of Asset or Branch,Announced,,35000000000,Application Software,USA
SPTRD2164097,2025-08-13,HanesBrands Inc.,,Gildan Activewear Inc.,GIL,Investor Group,Acquisition of Whole Company (incl. Majority Stake),Completed,2025-12-01,2385833945,"Apparel, Accessories and Luxury Goods",USA
SPTRD2210018,2025-08-13,"Trail Blazers, Inc.",,Pvt. Invts.- Rip City Rising Group,,Pvt. Invt.- Estate of Paul G. Allen,Acquisition of Whole Company (incl. Majority Stake),Announced,,4250000000,Movies and Entertainment,USA
SPTRD2163943,2025-08-12,Google Chrome Browser of Alphabet Inc.,,"Perplexity AI, Inc.",,Alphabet Inc.,Acquisition of Asset or Branch,Announced,,34500000000,Application Software,USA
SPTRD2163919,2025-08-11,"MeridianLink, Inc.",,"Centerbridge Partners, L.P.",,,Acquisition of Whole Company (incl. Majority Stake),Completed,2025-10-24,1676962980,Application Software,USA
SPTRD2163182,2025-08-07,Lower 48 Assets in the Anadarko Basin,,"Stone Ridge Energy, LLC",,ConocoPhillips,Acquisition of Asset or Branch,Announced,,1300000000,Oil and Gas Exploration and Production,USA
SPTRD2163854,2025-08-07,"Meade Pipeline Co LLC and Redwood Meade Midstream MPC, LLC",,Ares Management LLC,ARES,"XPLR Infrastructure, LP",Acquisition of Whole Company (incl. Majority Stake),Completed,2025-09-22,1100000000,Oil and Gas Storage and Transportation,USA
SPTRD2162807,2025-08-06,American Woodmark Corporation,,"MasterBrand, Inc.",MBC,Investor Group,Acquisition of Whole Company (incl. Majority Stake),Completed,2026-05-28,722024330,Building Products,USA
SPTRD2162829,2025-08-06,The Wheeling Corporation,,Percy Acquisition LLC,,"WLE Management Partners, L.P.",Acquisition of Whole Company (incl. Majority Stake),Completed,2025-08-25,1050000000,Rail Transportation,USA
SPTRD2162904,2025-08-06,"Enverus, Inc.",,Investor Group,,Investor Group,Acquisition of Whole Company (incl. Majority Stake),Announced,,6500000000,Application Software,USA
SPTRD2163080,2025-08-06,Comvest Credit Partners*,,Manulife Financial Corporation,MFC,Investor Group,Acquisition of Whole Company (incl. Majority Stake),Completed,2025-11-03,1275000000,Specialty Finance: Commercial Focused,USA
SPTRD2163163,2025-08-06,"Aris Water Solutions, Inc.",,"Western Midstream Partners, LP",WES,,Acquisition of Whole Company (incl. Majority Stake),Completed,2025-10-15,1476381758,Oil and Gas Equipment and Services,USA
SPTRD2162566,2025-08-05,"Elo Touch Solutions, Inc.*",,Zebra Technologies Corporation,ZBRA,"Crestview Advisors, L.L.C.",Acquisition of Whole Company (incl. Majority Stake),Completed,2025-09-30,1300000000,"Technology Hardware, Storage and Peripherals",USA
SPTRD2162587,2025-08-05,FG Merger II Corp.,FGMC,Boxabl Inc.,,Investor Group,Acquisition of Whole Company (incl. Majority Stake),Announced,,3500000000,Asset Management,USA
SPTRD2162919,2025-08-05,"Duke Energy Florida, LLC*",,Brookfield Corporation,BN,Duke Energy Corporation,Acquisition of Minority Stake,Announced,,6000000000,Electric Utilities,USA
SPTRD2162248,2025-08-04,Steelcase Inc.,,HNI Corporation,HNI,,Acquisition of Whole Company (incl. Majority Stake),Completed,2025-12-10,2256015266,Office Services and Supplies,USA
SPTRD2162253,2025-08-04,Connectivity and Cable Solutions (CCS) business of CommScope,,Amphenol Corporation,APH,"CommScope Holding Company, Inc.",Acquisition of Asset or Branch,Completed,2026-01-09,10500000000,Communications Equipment,USA
SPTRD2162276,2025-08-04,19 Property Portfolio,,"Cortland Partners, LLC",,Elme Communities,Acquisition of Asset or Branch,Completed,2025-11-12,1606000000,Real Estate Operating and Management,USA
SPTRD2161742,2025-07-31,Northwind Midstream Partners LLC,,MPLX LP,MPLX,Five Point Energy LLC,Acquisition of Whole Company (incl. Majority Stake),Completed,2025-09-02,2375000000,Oil and Gas Exploration and Production,USA
SPTRD2161490,2025-07-30,"Trading Technologies International, Inc.*",,"Thoma Bravo, L.P.",,7Ridge Limited,Acquisition of Minority Stake,Completed,2025-11-10,1000000000,Investment and Capital Markets Technology,USA
SPTRD2161177,2025-07-29,"Business of Piedmont Natural Gas Company, Inc.",,Spire Inc.,SR,Duke Energy Corp.,Acquisition of Asset or Branch,Completed,2026-03-31,2480000000,Gas Utilities,USA
SPTRD2161185,2025-07-29,"Chart Industries, Inc.",GTLS,Baker Hughes Company,BKR,,Acquisition of Whole Company (incl. Majority Stake),Announced,,9557676120,Machinery and Supplies and Components: Industrial,USA
SPTRD2161200,2025-07-29,Eco Material Technologies Inc.*,,CRH plc,,Investor Group,Acquisition of Whole Company (incl. Majority Stake),Completed,2025-09-22,2100000000,Construction Materials,USA
SPTRD2161217,2025-07-29,Norfolk Southern Corporation,NSC,Union Pacific Corporation,UNP,,Acquisition of Whole Company (incl. Majority Stake),Announced,,71624937917,Rail Transportation,USA
SPTRD2168196,2025-07-28,"Governmentjobs.com, Inc.",,Investor Group,,Investor Group,Acquisition of Whole Company (incl. Majority Stake),Announced,,3000000000,Application Software,USA
SPTRD2161732,2025-07-25,"Dynamic Systems (DSI), LLC",,"Quanta Services, Inc.",PWR,"Faulkner Group, Inc.",Acquisition of Whole Company (incl. Majority Stake),Completed,2025-07-25,1564083948,Construction and Engineering,USA
SPTRD2160537,2025-07-24,Synovus Financial Corp.,,"Pinnacle Financial Partners, Inc.",PNFP,,Acquisition of Whole Company (incl. Majority Stake),Completed,2026-01-01,7043256484,Bank,USA
SPTRD2160238,2025-07-23,"Iodine Software, LLC*",,Waystar Holding Corp.,WAY,Investor Group,Acquisition of Whole Company (incl. Majority Stake),Completed,2025-10-01,1260218435,Health Care Technology,USA
SPTRD2171152,2025-07-21,"NAVEX Global, Inc.",,Investor Group,,Investor Group,Acquisition of Whole Company (incl. Majority Stake),Announced,,2500000000,Application Software,USA
SPTRD2159634,2025-07-17,Guernsey Power Station,,"Talen Generation, LLC",,Investor Group,Acquisition of Asset or Branch,Completed,2025-11-25,2330000000,Electric Utilities,USA
SPTRD2186394,2025-07-17,"Moxie Freedom, LLC",,"Talen Generation, LLC",,"Caithness Energy, LLC",Acquisition of Whole Company (incl. Majority Stake),Completed,2025-11-25,1460000000,Electric Utilities,USA
SPTRD2159084,2025-07-16,"Fundamental Income Properties, LLC",,"Starwood Property Trust, Inc.",STWD,Brookfield Asset Management Ltd.,Acquisition of Whole Company (incl. Majority Stake),Completed,2025-07-23,2200000000,Asset Management,USA
SPTRD2158363,2025-07-14,Biosciences and Diagnostics Solutions Business of Becton Dickinson and Company,,Waters Corporation,WAT,"Becton, Dickinson and Company",Acquisition of Asset or Branch,Completed,2026-02-09,18800000000,Pharmaceuticals,USA
SPTRD2158393,2025-07-14,"Veritex Holdings, Inc.",,Huntington Bancshares Incorporated,HBAN,,Acquisition of Whole Company (incl. Majority Stake),Completed,2025-10-20,1668441611,Bank,USA
SPTRD2158512,2025-07-14,Tampa Bay Rays Baseball Ltd.,,Private Investor- Patrick Zalupski,,Private Investor- Stuart Sternberg,Acquisition of Whole Company (incl. Majority Stake),Announced,,1700000000,Movies and Entertainment,USA
SPTRD2162332,2025-07-14,RapheGenerics Corp,,"Bachem, Inc.",,,Acquisition of Whole Company (incl. Majority Stake),Completed,2025-07-14,2300000000,Pharmaceuticals,USA
SPTRD2157773,2025-07-10,WK Kellogg Co*,,Ferrero International S.A.,,Investor Group,Acquisition of Whole Company (incl. Majority Stake),Completed,2025-09-26,2101352726,Packaged Foods and Meats Producers,USA
SPTRD2157846,2025-07-10,FanDuel Inc.,,Flutter Entertainment plc,FLUT,Boyd Gaming Corporation,Acquisition of Minority Stake,Completed,2025-07-31,1550000000,Casinos and Gaming,USA
SPTRD2156485,2025-07-03,Olo Inc.*,,"Thoma Bravo, L.P.",,Investor Group,Acquisition of Whole Company (incl. Majority Stake),Completed,2025-09-12,1967159317,Application Software,USA
SPTRD2156527,2025-07-03,Cvent Holding Corp.*,,Blackstone Inc.,BX,"Vista Equity Partners Management, LLC",Acquisition of Minority Stake,Completed,2025-07-03,1300000000,Application Software,USA
SPTRD2156165,2025-07-02,"Applied Technical Services, LLC*",,SGS SA,,"Odyssey Investment Partners, LLC",Acquisition of Whole Company (incl. Majority Stake),Completed,2026-01-13,1325000000,Research and Consulting Services,USA
SPTRD2155950,2025-07-01,"Greif Containerboard Solutions, LLC/Box-Board Products, Inc.",,Packaging Corporation of America,PKG,Greif Packaging LLC,Acquisition of Whole Company (incl. Majority Stake),Completed,2025-08-31,1800000000,Unclassified,USA
SPTRD2156051,2025-07-01,International Interactive business of Bally's Corporation.,,Intralot S.A. Intergrated Lottery Systems and Services,,Bally's Corporation,Acquisition of Asset or Branch,Completed,2025-10-09,2954809717,Casinos and Gaming,USA
SPTRD2155770,2025-06-30,Gypsum Management & Supply Inc.,,SRS Distribution Inc.,,,Acquisition of Whole Company (incl. Majority Stake),Completed,2025-09-03,4265880520,Trading Companies and Distributors,USA
SPTRD2155771,2025-06-30,"Curtis Instruments, Inc.",,Parker-Hannifin Corporation,PH,Discovery Energy LLC,Acquisition of Whole Company (incl. Majority Stake),Completed,2025-09-18,1000000000,Automotive Parts and Equipment,USA
SPTRD2155781,2025-06-30,"Capstan Therapeutics, Inc.*",,AbbVie Inc.,ABBV,Investor Group,Acquisition of Whole Company (incl. Majority Stake),Completed,2025-08-19,2100000000,Biotechnology,USA
SPTRD2155783,2025-06-30,"vLex, LLC*",,Investor Group,,Oakley Capital Limited,Acquisition of Whole Company (incl. Majority Stake),Completed,2025-11-10,1000000000,Interactive Media and Services,USA
SPTRD2155352,2025-06-26,MRC Global Inc.,,DNOW Inc.,DNOW,Investor Group,Acquisition of Whole Company (incl. Majority Stake),Completed,2025-11-06,1211021701,Trading Companies and Distributors,USA
SPTRD2155219,2025-06-24,Melio Payments Inc.,,Xero Limited,,Investor group,Acquisition of Whole Company (incl. Majority Stake),Completed,2025-10-15,2506000000,Payment Service Providers and Gateways,USA
SPTRD2154556,2025-06-23,"Dr. Squatch, LLC*",,Unilever PLC,UL,"Summit Partners, L.P.",Acquisition of Whole Company (incl. Majority Stake),Completed,2025-11-16,1500000000,Personal Care and Beauty Products: Producers,USA
SPTRD2154579,2025-06-23,"Digital Global Systems, Inc.",,Casa Del Fuego Family Office & Trust LLC,,,Acquisition of Whole Company (incl. Majority Stake),Completed,2025-06-23,5000000000,Communications Equipment,USA
SPTRD2155175,2025-06-23,"PDV Holding, Inc.",,"Black Lion Citgo Group, LLC",,"Petróleos de Venezuela, S.A.",Acquisition of Whole Company (incl. Majority Stake),Announced,,8000000000,Oil and Gas Refining and Marketing,USA
SPTRD2154256,2025-06-20,"Couchbase, Inc.*",,Haveli Investment Management LLC,,Investor Group,Acquisition of Whole Company (incl. Majority Stake),Completed,2025-09-24,1528152198,Application Software,USA
SPTRD2153958,2025-06-18,"The Los Angeles Lakers, Inc.",,Private Investor,,,Acquisition of Whole Company (incl. Majority Stake),Completed,2025-10-30,10000000000,Movies and Entertainment,USA
SPTRD2153666,2025-06-17,AMSURG Corp.,,Ascension Health Alliance,,,Acquisition of Whole Company (incl. Majority Stake),Completed,2026-06-04,3900000000,Health Care Facilities,USA
SPTRD2153857,2025-06-17,Guild Holdings Company*,,"Bayview Asset Management, LLC",,"McCarthy Partners Management, LLC",Acquisition of Whole Company (incl. Majority Stake),Completed,2025-11-28,1267029300,Mortgage Banks and Brokers,USA
SPTRD2152759,2025-06-11,Off-Highway Business of Dana Incorporated,,"Allison Transmission Holdings, Inc.",ALSN,Dana Incorporated,Acquisition of Asset or Branch,Completed,2026-01-01,2732000000,Automotive Parts and Equipment,USA
SPTRD2152416,2025-06-10,"RSC Topco, Inc.*",,"Brown & Brown, Inc.",BRO,"Kelso & Company, L.P.",Acquisition of Whole Company (incl. Majority Stake),Completed,2025-08-01,9825000000,Insurance Broker,USA
SPTRD2152181,2025-06-09,Precision Sensors & Instrumentation (PSI) Product Line of Baker Hughes Company,,Crane Company,CR,Baker Hughes Company,Acquisition of Asset or Branch,Completed,2026-01-01,1150000000,Unclassified,USA
SPTRD2151842,2025-06-06,"Electrical Components International, Inc.*",,Rosebank Industries plc,,"Cerberus Capital Management, L.P.",Acquisition of Whole Company (incl. Majority Stake),Completed,2025-08-19,2025548924,Electrical Components and Equipment: Light,USA
SPTRD2150889,2025-06-03,Sitio Royalties Corp.,,"Viper Energy, Inc.",VNOM,,Acquisition of Whole Company (incl. Majority Stake),Completed,2025-08-19,2728436201,Oil and Gas Exploration and Production,USA
SPTRD2150544,2025-06-02,Blueprint Medicines Corporation*,,Sanofi,SNY,"Sixth Street Partners, LLC",Acquisition of Whole Company (incl. Majority Stake),Completed,2025-07-18,9513812712,Biotechnology,USA
SPTRD2150826,2025-06-02,"Multiven, Inc.",,Photon AI Ltd,,,Acquisition of Whole Company (incl. Majority Stake),Completed,2025-06-02,2200000000,Internet Services and Infrastructure,USA
SPTRD2150398,2025-05-30,Encino Acquisition Partners LLC,,"EOG Resources, Inc.",EOG,Investor Group,Acquisition of Whole Company (incl. Majority Stake),Completed,2025-08-01,5600000000,Oil and Gas Exploration and Production,USA
SPTRD2150196,2025-05-29,"Acumatica, Inc.*",,"Vista Equity Partners Management, LLC",,Investor Group,Acquisition of Whole Company (incl. Majority Stake),Announced,,2000000000,Systems Software,USA
SPTRD2150292,2025-05-29,Rail Assets of Wells Fargo & Co.,,Investor Group,,Wells Fargo & Company,Acquisition of Asset or Branch,Completed,2026-01-01,4200000000,Trading Companies and Distributors,USA
SPTRD2164554,2025-05-29,590 Madison Avenue,,Investor Group,,STRS Ohio,Acquisition of Asset or Branch,Announced,,1100000000,Real Estate Operating and Management,USA
SPTRD2149970,2025-05-28,"Heartland Payroll Solutions, Inc.*",,"Acrisure, LLC",,Global Payments Inc.,Acquisition of Whole Company (incl. Majority Stake),Completed,2025-10-01,1100000000,Application Software,USA
SPTRD2150042,2025-05-28,HRBeauty LLC,,"e.l.f. Cosmetics, Inc.",,,Acquisition of Whole Company (incl. Majority Stake),Completed,2025-08-05,1000000000,Personal Care and Beauty Products: Producers,USA
SPTRD2149725,2025-05-27,Informatica Inc.,,"Salesforce, Inc.",CRM,Investor Group,Acquisition of Whole Company (incl. Majority Stake),Completed,2025-11-18,8240629955,Application Software,USA
SPTRD2149743,2025-05-27,"SiteOne Therapeutics, Inc.*",,Eli Lilly and Company,LLY,Investor Group,Acquisition of Whole Company (incl. Majority Stake),Completed,2025-07-31,1000000000,Pharmaceuticals,USA
SPTRD2149806,2025-05-27,"Silvus Technologies, Inc.*",,"Motorola Solutions, Inc.",MSI,TJC LP,Acquisition of Whole Company (incl. Majority Stake),Completed,2025-08-06,5022392264,Communications Equipment,USA
SPTRD2149412,2025-05-25,"E2open Parent Holdings, Inc.*",,WiseTech Global Limited,,Investor Group,Acquisition of Whole Company (incl. Majority Stake),Completed,2025-08-04,1321015384,Application Software,USA
SPTRD2148874,2025-05-21,"io Products, Inc.",,"OpenAI, L.L.C.",,Investor Group,Acquisition of Whole Company (incl. Majority Stake),Completed,2025-07-09,5000000000,Consumer Electronics Producers,USA
SPTRD2148881,2025-05-21,Mass Markets Fiber Internet Connectivity Business,,AT&T Inc.,T,"Lumen Technologies, Inc.",Acquisition of Asset or Branch,Completed,2026-02-02,5750000000,Alternative Carriers,USA
SPTRD2148525,2025-05-20,"Itel Laboratories, Inc.*",,Nearmap Australia Pty Ltd,,GTCR LLC,Acquisition of Whole Company (incl. Majority Stake),Announced,,1300000000,Research and Consulting Services,USA
SPTRD2148241,2025-05-19,"TXNM Energy, Inc.*",TXNM,Blackstone Inc.,BX,,Acquisition of Whole Company (incl. Majority Stake),Announced,,5747408818,Electric Utilities,USA
SPTRD2148256,2025-05-19,"DataCenter Infrastructure Manufacturing Business of ZT Group Intl, Inc.",,Sanmina Corporation,SANM,"ZT Group Intl, Inc.",Acquisition of Asset or Branch,Completed,2025-10-27,3087292998,Internet Services and Infrastructure,USA
SPTRD2147933,2025-05-16,"Cox Communications, Inc.",,"Charter Communications, Inc.",CHTR,"Cox Enterprises, Inc.",Acquisition of Whole Company (incl. Majority Stake),Announced,,24097552000,Cable and Satellite,USA
SPTRD2147674,2025-05-15,"Foot Locker, Inc.*",,"DICK'S Sporting Goods, Inc.",DKS,Investor Group,Acquisition of Whole Company (incl. Majority Stake),Completed,2025-09-08,2507882157,Apparel Retail,USA
SPTRD2147712,2025-05-15,"NV5 Global, Inc.*",,Acuren Corporation,,Cercano Management LLC,Acquisition of Whole Company (incl. Majority Stake),Completed,2025-08-04,1565458478,Research and Consulting Services,USA
SPTRD2147847,2025-05-15,Seven Natural Gas Generation Facilities,,Vistra Corp.,VST,Lotus Infrastructure Partners,Acquisition of Asset or Branch,Completed,2025-10-22,1900000000,Electric Utilities,USA
SPTRD2147164,2025-05-14,"Neon, Inc.*",,"Databricks, Inc.",,Investor Group,Acquisition of Whole Company (incl. Majority Stake),Completed,2025-05-31,1000000000,Systems Software,USA
SPTRD2147590,2025-05-14,Efimosfermin alfa drug of Boston Pharmaceuticals,,GSK plc,GSK,Boston Pharmaceuticals Inc.,Acquisition of Asset or Branch,Completed,2025-07-07,2000000000,Life Sciences Tools and Services,USA
SPTRD2146665,2025-05-12,Horizon Space Acquisition II Corp.,HSPT,"SL BIO Co., Ltd.",,Horizon Space Acquisition II Sponsor Corp.,Acquisition of Whole Company (incl. Majority Stake),Completed,2026-06-12,5568000000,Asset Management,USA
SPTRD2146670,2025-05-12,Landsea Homes Corporation*,,The New Home Company Inc.,,,Acquisition of Whole Company (incl. Majority Stake),Completed,2025-06-24,432002828,Homebuilding Producers,USA
SPTRD2146676,2025-05-12,"EOS Fitness Opco Holdings, LLC*",,"TSG Consumer Partners, LP",,"Bruckmann, Rosser, Sherrill & Co., Management, L.P.",Acquisition of Whole Company (incl. Majority Stake),Completed,2025-07-21,1500000000,Leisure Facilities,USA
SPTRD2145723,2025-05-06,SevenRooms Inc.*,,"DoorDash, Inc.",DASH,Investor Group,Acquisition of Whole Company (incl. Majority Stake),Completed,2025-06-13,1200000000,Application Software,USA
SPTRD2145814,2025-05-06,"AvidXchange Holdings, Inc.",,Investor Group,,,Acquisition of Whole Company (incl. Majority Stake),Completed,2025-10-15,2218155040,Payment Service Providers and Gateways,USA
SPTRD2145560,2025-05-05,"Skechers U.S.A., Inc.",,"3G Capital, Inc.",,Investor group,Acquisition of Whole Company (incl. Majority Stake),Completed,2025-09-12,9735919704,Footwear Producers,USA
SPTRD2145518,2025-05-02,Antylia Scientific*,,Investor Group,,GTCR LLC,Acquisition of Whole Company (incl. Majority Stake),Completed,2025-05-28,1340000000,Health Care Supplies,USA
SPTRD2144316,2025-04-28,"SpringWorks Therapeutics, Inc.*",,Merck KGaA,,Investor Group,Acquisition of Whole Company (incl. Majority Stake),Completed,2025-07-01,3876356609,Biotechnology,USA
SPTRD2144426,2025-04-28,Hospital Solution Business of Sabre Corporation,,"TPG Capital, L.P.",,Sabre Corporation,Acquisition of Asset or Branch,Completed,2025-07-07,1100000000,Application Software,USA
SPTRD2143499,2025-04-23,Voyager Acquisition Corp.,,VERAXA Biotech AG,VRXA,Investor Group,Acquisition of Whole Company (incl. Majority Stake),Completed,2026-06-08,1341143397,Asset Management,USA
SPTRD2143750,2025-04-23,"Pacific Premier Bancorp, Inc.",,"Columbia Banking System, Inc.",COLB,,Acquisition of Whole Company (incl. Majority Stake),Completed,2025-08-31,2451733630,Bank,USA
SPTRD2143312,2025-04-22,Donlin Gold LLC,,Investor Group,,Barrick Gold Corporation,Acquisition of Whole Company (incl. Majority Stake),Completed,2025-06-03,1000000000,Gold,USA
SPTRD2143447,2025-04-22,Upstream and Midstream Assets,,EQT Corporation,EQT,Blackstone Inc.,Acquisition of Asset or Branch,Completed,2025-07-01,1911364961,Oil and Gas Exploration and Production,USA
SPTRD2143190,2025-04-21,Moss Adams LLP,,"Baker Tilly US, LLP",,,Acquisition of Whole Company (incl. Majority Stake),Completed,2025-06-03,7000000000,Research and Consulting Services,USA
SPTRD2142755,2025-04-17,"Worldpay, LLC",,Global Payments Inc.,GPN,Investor Group,Acquisition of Whole Company (incl. Majority Stake),Completed,2026-01-09,17000000000,Payment Processors,USA
SPTRD2142773,2025-04-17,Total System Services LLC,,"Fidelity National Information Services, Inc.",FIS,Global Payments Inc.,Acquisition of Asset or Branch,Completed,2026-01-09,13500000000,Payment Processors,USA
SPTRD2141930,2025-04-14,Ares Acquisition Corporation II,,"Kodiak AI, Inc.",KDK,Ares Acquisition Holdings II LP,Acquisition of Whole Company (incl. Majority Stake),Completed,2025-09-24,3338500000,Asset Management,USA
SPTRD2141932,2025-04-14,Altera Corporation*,,Investor Group,,Intel Corporation,Acquisition of Whole Company (incl. Majority Stake),Completed,2025-09-12,4400000000,Semiconductors,USA
SPTRD2141979,2025-04-14,"Artisan Design Group, LLC*",,"Lowe's Companies, Inc.",,"The Sterling Group, L.P.",Acquisition of Whole Company (incl. Majority Stake),Completed,2025-06-02,1325000000,Diversified Support Services,USA
SPTRD2142086,2025-04-14,Two Generation Assets,,Capital Power Corporation,,"LS Power Development, LLC",Acquisition of Asset or Branch,Completed,2025-06-09,2200000000,Electric Utilities,USA
SPTRD2141301,2025-04-10,"Sizzling Platter, LLC*",,"Bain Capital, LP",,CSFC Management Company LLC,Acquisition of Whole Company (incl. Majority Stake),Completed,2025-07-02,1000000000,Restaurants,USA
SPTRD2141215,2025-04-09,International Media Acquisition Corp.,,VCI Holdings Limited,,,Acquisition of Whole Company (incl. Majority Stake),Announced,,1303750000,Asset Management,USA
SPTRD2188699,2025-04-09,"Vermont Information Processing, Inc.*",,Warburg Pincus LLC,,,Acquisition of Whole Company (incl. Majority Stake),Announced,,1000000000,Application Software,USA
SPTRD2141209,2025-04-08,"HealthEdge Software, Inc.*",,"Bain Capital Private Equity, LP",,Blackstone Inc.,Acquisition of Whole Company (incl. Majority Stake),Completed,2025-06-30,2600000000,Health Care Technology,USA
SPTRD2140613,2025-04-07,"Automotive Ethernet Business of Marvell Technology, Inc.",,Infineon Technologies AG,,"Marvell Technology, Inc.",Acquisition of Asset or Branch,Completed,2025-08-14,2500000000,Semiconductors,USA
SPTRD2140578,2025-04-06,Louisiana LNG Project,,Stonepeak Partners LP,,Woodside Energy Group Ltd,Acquisition of Asset or Branch,Completed,2025-06-24,1900000000,Oil and Gas Exploration and Production,USA
SPTRD2140099,2025-04-03,Harvest Hill Beverage Company*,,Corporación Castillo Hermanos S.A.,,Brynwood Partners Management LLC,Acquisition of Whole Company (incl. Majority Stake),Completed,2025-11-14,1400000000,Packaged Foods and Meats Producers,USA
SPTRD2140172,2025-04-03,"Colonial Enterprises, Inc.*",,Brookfield Infrastructure Partners L.P.,BIPH,Investor Group,Acquisition of Whole Company (incl. Majority Stake),Completed,2025-07-31,9000000000,Oil and Gas Storage and Transportation,USA
SPTRD2139785,2025-04-02,"GraphPad Software, LLC*",,Siemens AG,,"Insight Venture Management, LLC",Acquisition of Whole Company (incl. Majority Stake),Completed,2025-07-01,5100000000,Application Software,USA
SPTRD2139174,2025-03-31,"CFN Holding Company, Inc.",,LPL Financial Holdings Inc.,LPLA,Investor Group,Acquisition of Whole Company (incl. Majority Stake),Completed,2025-08-01,2700000000,Unclassified,USA
SPTRD2139200,2025-03-31,Mr. Cooper Group Inc.,,"Rocket Companies, Inc.",RKT,,Acquisition of Whole Company (incl. Majority Stake),Completed,2025-10-01,14046015992,Mortgage Banks and Brokers,USA
SPTRD2164592,2025-03-31,"Plum Wireless, Inc.",,Rivus Interactive Group,,,Acquisition of Whole Company (incl. Majority Stake),Completed,2025-03-31,1100000000,Alternative Carriers,USA
SPTRD2138964,2025-03-28,Wireline Assets of AT&T Inc.,,"UP Fiber, Inc.",,AT&T Inc.,Acquisition of Asset or Branch,Completed,2026-04-01,1200000000,Unclassified,USA
SPTRD2139041,2025-03-27,"Hillandale Farms of Pa., Inc.",,Global Eggs S.à r.l.,,,Acquisition of Whole Company (incl. Majority Stake),Completed,2025-05-13,1100000000,Packaged Foods and Meats Producers,USA
SPTRD2138584,2025-03-26,HCM II Acquisition Corp.,,Terrestrial Energy Inc.,IMSR,Investor Group,Acquisition of Whole Company (incl. Majority Stake),Completed,2025-10-28,1631521209,Asset Management,USA
SPTRD2140787,2025-03-26,Family Dollar Stores Inc.,,Investor Group,,"Dollar Tree, Inc.",Acquisition of Whole Company (incl. Majority Stake),Completed,2025-07-05,1007500000,Broadline Retail,USA
SPTRD2138667,2025-03-25,Channell Commercial Corporation,,Prysmian S.p.A.,,,Acquisition of Whole Company (incl. Majority Stake),Completed,2025-06-10,1150000000,Commodity Chemicals,USA
SPTRD2138055,2025-03-24,"Dun & Bradstreet Holdings, Inc.*",,"Clearlake Capital Group, L.P.",,,Acquisition of Whole Company (incl. Majority Stake),Completed,2025-08-26,4098729297,Financial Media and Data Solutions,USA
SPTRD2138071,2025-03-24,"CentralReach, LLC*",,"Roper Technologies, Inc.",ROP,"Insight Venture Management, LLC",Acquisition of Whole Company (incl. Majority Stake),Completed,2025-04-23,1850000000,Health Care Technology,USA
SPTRD2137957,2025-03-23,The AZEK Company Inc.,,James Hardie Industries plc,JHX,,Acquisition of Whole Company (incl. Majority Stake),Completed,2025-07-01,7947873997,Building Products,USA
SPTRD2137780,2025-03-21,"Dave's Hot Chicken Franchise Co., LLC*",,Roark Capital Management LLC,,,Acquisition of Whole Company (incl. Majority Stake),Completed,2025-06-01,1000000000,Restaurants,USA
SPTRD2138175,2025-03-21,"PDV Holding, Inc.",,Contrarian Capital Management LLC,,"Petróleos de Venezuela, S.A.",Acquisition of Whole Company (incl. Majority Stake),Announced,,3669000001,Oil and Gas Refining and Marketing,USA
SPTRD2137449,2025-03-20,"NinjaTrader, LLC*",,"Payward, Inc.",,Investor Group,Acquisition of Whole Company (incl. Majority Stake),Completed,2025-05-01,1500000000,Investment and Capital Markets Technology,USA
SPTRD2147001,2025-03-20,Banner Seventeen LLC,,Investor Group,,Boston Basketball Partners LLC,Acquisition of Whole Company (incl. Majority Stake),Announced,,6100000000,Movies and Entertainment,USA
SPTRD2137230,2025-03-19,Nova Biomedical Corporation*,,"Advanced Instruments, LLC",,,Acquisition of Whole Company (incl. Majority Stake),Completed,2025-07-10,2200000000,Health Care Equipment,USA
SPTRD2137349,2025-03-19,ProAssurance Corporation,PRA,"The Doctors Company, an Interinsurance Exchange",,,Acquisition of Whole Company (incl. Majority Stake),Completed,2026-06-26,1307840975,Property and Casualty,USA
SPTRD2137371,2025-03-19,Ampere Computing LLC,,SoftBank Group Corp.,,Investor Group,Acquisition of Whole Company (incl. Majority Stake),Completed,2025-11-25,6500000000,Semiconductors,USA
SPTRD2141781,2025-03-19,"Assets of Paloma Natural Gas, LLC",,Citadel Enterprise Americas LLC,,"Paloma Natural Gas, LLC",Acquisition of Asset or Branch,Announced,,1000000000,Unclassified,USA
SPTRD2137022,2025-03-18,"Wiz, Inc.",,Google LLC,,,Acquisition of Whole Company (incl. Majority Stake),Completed,2026-03-11,32000000000,Systems Software,USA
SPTRD2137168,2025-03-18,Portfolio of Energy Assets/Middle River Power*,,Partners Group Holding AG,,Investor Group,Acquisition of Asset or Branch,Completed,2025-06-16,2200000000,Electric Utilities,USA
SPTRD2136766,2025-03-17,"VNGR Beverage, LLC*",,"PepsiCo, Inc.",PEP,"CAVU Consumer Partners,LLC",Acquisition of Whole Company (incl. Majority Stake),Completed,2025-05-19,1950000000,Soft Drinks and Non-alcoholic Beverages,USA
SPTRD2136311,2025-03-13,"Endo, Inc.",,Keenova Therapeutics plc,,Investor Group,Acquisition of Whole Company (incl. Majority Stake),Completed,2025-07-31,1956327405,Pharmaceuticals,USA
SPTRD2136393,2025-03-13,Small Cells Solutions Business of Crown Castle Inc.*,,EQT AB (publ),,Crown Castle Inc.,Acquisition of Asset or Branch,Completed,2026-05-01,4250000000,Wireless Telecommunication Services,USA
SPTRD2136400,2025-03-13,"Radius Recycling, Inc.",,"Toyota Tsusho America, Inc.",,Investor Group,Acquisition of Whole Company (incl. Majority Stake),Completed,2025-07-10,913486080,Steel,USA
SPTRD2140590,2025-03-13,Fiber Solutions Business,,"Zayo Group Holdings, Inc.",,Crown Castle Inc.,Acquisition of Asset or Branch,Completed,2026-05-01,4250000000,Alternative Carriers,USA
SPTRD2136113,2025-03-12,"Games Business of Niantic, Inc.",,"Scopely, Inc.",,"Niantic, Inc.",Acquisition of Asset or Branch,Completed,2025-05-29,3500000000,Interactive Home Entertainment,USA
SPTRD2135843,2025-03-11,Fibrebond Corporation,,Eaton Corporation plc,ETN,,Acquisition of Whole Company (incl. Majority Stake),Completed,2025-04-01,1400000000,Construction and Engineering,USA
SPTRD2135629,2025-03-10,Redfin Corporation,,"Rocket Companies, Inc.",RKT,,Acquisition of Whole Company (incl. Majority Stake),Completed,2025-07-01,1619157871,Real Estate Services,USA
SPTRD2135631,2025-03-10,"Moveworks, Inc.*",,"ServiceNow, Inc.",NOW,Investor Group,Acquisition of Asset or Branch,Completed,2025-12-15,2850000000,Systems Software,USA
SPTRD2135683,2025-03-10,"PDV Holding, Inc.",,Investor Group,,"Petróleos de Venezuela, S.A.",Acquisition of Whole Company (incl. Majority Stake),Announced,,7382000000,Oil and Gas Refining and Marketing,USA
SPTRD2135701,2025-03-10,Global Container International LLC,,Triton International Limited,TRTN.PA,Wafra Inc.,Acquisition of Whole Company (incl. Majority Stake),Completed,2025-07-01,1000000000,Trading Companies and Distributors,USA
SPTRD2135261,2025-03-06,"Walgreens Boots Alliance, Inc.*",,"Sycamore Partners Management, L.P.",,Alliance Santé Participations S.A.,Acquisition of Whole Company (incl. Majority Stake),Completed,2025-08-28,12495423828,Drug Retail,USA
SPTRD2134659,2025-03-04,Sundyne LLC*,,Honeywell International Inc.,HON,Warburg Pincus LLC,Acquisition of Whole Company (incl. Majority Stake),Completed,2025-06-09,2160000000,Machinery and Supplies and Components: Industrial,USA
SPTRD2134708,2025-03-04,"Quorum Business Solutions, Inc.*",,"Francisco Partners Management, L.P.",,"Thoma Bravo, L.P.",Acquisition of Whole Company (incl. Majority Stake),Completed,2025-03-25,2400000000,Application Software,USA
SPTRD2134778,2025-03-04,"Weights and Biases, LLC*",,"CoreWeave, Inc.",CRWV,Investor Group,Acquisition of Whole Company (incl. Majority Stake),Completed,2025-05-05,1400000000,Application Software,USA
SPTRD2135062,2025-03-04,"Woodruff-Sawyer & Co., Inc.",,Arthur J. Gallagher & Co.,AJG,,Acquisition of Whole Company (incl. Majority Stake),Completed,2025-04-10,1200000000,Insurance Broker,USA
SPTRD2134437,2025-02-28,"Genesis Alkali Holdings, LLC",,WE Soda US LLC,,"Genesis Energy, L.P.",Acquisition of Whole Company (incl. Majority Stake),Completed,2025-02-28,1010000000,Commodity Chemicals,USA
SPTRD2133752,2025-02-26,Multi-tenant Portfolio of 100 Non-core Properties,,RCG Ventures LLC,,Investor Group,Acquisition of Asset or Branch,Completed,2025-06-18,1825000000,Real Estate Operating and Management,USA
SPTRD2133530,2025-02-25,Purification Business of Solventum Corporation,,Thermo Fisher Scientific Inc.,TMO,Solventum Corporation,Acquisition of Asset or Branch,Completed,2025-09-02,4000000000,Health Care Equipment,USA
SPTRD2133247,2025-02-24,"National Grid Renewables, LLC",,Investor Group,,National Grid plc,Acquisition of Whole Company (incl. Majority Stake),Completed,2025-05-29,1735000000,Renewable Electricity,USA
SPTRD2133282,2025-02-24,"Safe Harbor Marinas, LLC / SHM TRS LLC",,Blackstone Inc.,BX,"Sun Communities, Inc.",Acquisition of Whole Company (incl. Majority Stake),Completed,2025-04-30,5650000000,Unclassified,USA
SPTRD2132926,2025-02-20,"Alani Nutrition, LLC",,"Celsius Holdings, Inc.",CELH,,Acquisition of Whole Company (incl. Majority Stake),Completed,2025-04-01,2099712599,Personal Care and Beauty Products: Producers,USA
SPTRD2133982,2025-02-20,Targa Badlands LLC,,Targa Resources Corp.,TRGP,Blackstone Inc.,Acquisition of Minority Stake,Completed,2025-03-05,1800000000,Oil and Gas Storage and Transportation,USA
SPTRD2132295,2025-02-18,"DE Permian, LLC/DE IV Combo, LLC/DE IV Operating, LLC",,Diamondback E&P LLC,,"Double Eagle IV Midco, LLC",Acquisition of Whole Company (incl. Majority Stake),Completed,2025-04-01,4103172000,Unclassified,USA
SPTRD2132308,2025-02-18,"H&E Equipment Services, Inc.",,Herc Holdings Inc.,HRI,Investor Group,Acquisition of Whole Company (incl. Majority Stake),Completed,2025-06-02,3542707315,Trading Companies and Distributors,USA
SPTRD2132319,2025-02-18,Substantially All of the Assets of The Herb Chambers Companies,,Asbury Automotive Group L.L.C.,,The Herb Chambers Companies,Acquisition of Asset or Branch,Completed,2025-07-21,1450000000,Automotive Retail,USA
SPTRD2131347,2025-02-12,"Richards Manufacturing, Inc.",,TE Connectivity Corporation,TEL,Investor Group,Acquisition of Whole Company (incl. Majority Stake),Completed,2025-04-01,2300000000,Diversified Metals and Mining,USA
SPTRD2131035,2025-02-11,"Anthos Therapeutics, Inc.*",,Novartis AG,NVS,Investor Group,Acquisition of Whole Company (incl. Majority Stake),Completed,2025-04-03,3100000000,Biotechnology,USA
SPTRD2131110,2025-02-10,Kito Crosby Limited,,Columbus McKinnon Corporation,CMCO,KKR & Co. Inc.,Acquisition of Whole Company (incl. Majority Stake),Completed,2026-02-04,2700000000,Machinery and Supplies and Components: Industrial,USA
SPTRD2130664,2025-02-07,"Legal & General America, Inc.",,Meiji Yasuda Life Insurance Company,,Legal & General Group Plc,Acquisition of Whole Company (incl. Majority Stake),Completed,2026-02-02,2600000000,Life and Health,USA
SPTRD2130665,2025-02-07,SolarWinds Corporation*,,"Turn/River Management, L.P.",,Investor Group,Acquisition of Whole Company (incl. Majority Stake),Completed,2025-04-16,3422867823,Systems Software,USA
SPTRD2133616,2025-02-07,"Encore Holdings, LLC*",,Permira Advisers Ltd.,,"Levine Leichtman Capital Partners, LLC",Acquisition of Whole Company (incl. Majority Stake),Completed,2025-02-07,1800000000,Office Services and Supplies,USA
SPTRD2130572,2025-02-06,"Altus Power, Inc.",,Investor Group,,Investor Group,Acquisition of Whole Company (incl. Majority Stake),Completed,2025-04-16,850915995,Renewable Electricity,USA
SPTRD2129513,2025-02-03,"Triumph Group, Inc.*",,Investor Group,,Investor Group,Acquisition of Whole Company (incl. Majority Stake),Completed,2025-07-24,2064520874,Aerospace and Defense,USA
SPTRD2130391,2025-01-31,"AI Fire, LLC*",,Blackstone Inc.,BX,"TruArc Partners, LP",Acquisition of Whole Company (incl. Majority Stake),Completed,2025-01-31,1100000000,Diversified Support Services,USA
SPTRD2129209,2025-01-30,Direct General Life Insurance Company / NSM Sales Corporation / Association Bene,,Nationwide Life Insurance Company,,The Allstate Corporation,Acquisition of Whole Company (incl. Majority Stake),Completed,2025-07-02,1250000000,Life and Health,USA
SPTRD2128972,2025-01-29,"NorthStar Healthcare Income, Inc.",,Welltower Inc.,WELL,,Acquisition of Whole Company (incl. Majority Stake),Completed,2025-06-09,563617681,Health Care REIT,USA
SPTRD2128640,2025-01-28,"Evergreen Theragnostics, Inc.*",,"Lantheus Medical Imaging, Inc.",,Investor Group,Acquisition of Whole Company (incl. Majority Stake),Completed,2025-04-01,1002500000,Pharmaceuticals,USA
SPTRD2128706,2025-01-28,"Paragon 28, Inc.*",,"Zimmer Biomet Holdings, Inc.",ZBH,Investor Group,Acquisition of Whole Company (incl. Majority Stake),Completed,2025-04-21,1237866670,Health Care Equipment,USA
SPTRD2128300,2025-01-27,"Maverick Natural Resources, LLC*",,Diversified Gas & Oil Corporation,,EIG Global Energy Partners,Acquisition of Whole Company (incl. Majority Stake),Completed,2025-03-14,458031196,Oil and Gas Exploration and Production,USA
SPTRD2128482,2025-01-27,"Aquarion Water Company, Inc.",,Aquarion Water Authority,,Eversource Energy,Acquisition of Whole Company (incl. Majority Stake),Completed,2026-06-30,1600000000,Water Utilities,USA
SPTRD2127739,2025-01-22,"Rental Portfolio and Rent-to-Own Platform of Divvy Homes, Inc.",,Maymont Homes Llc,,"Divvy Homes, Inc.",Acquisition of Asset or Branch,Announced,,1000000000,Unclassified,USA
SPTRD2127187,2025-01-20,Edge Autonomy Operations LLC*,,Redwire Corporation,RDW,"AE Industrial Partners, LP",Acquisition of Whole Company (incl. Majority Stake),Completed,2025-06-13,1162020343,Aerospace and Defense,USA
SPTRD2126332,2025-01-15,"Beacon Roofing Supply, Inc.",,"QXO, Inc.",QXO,FMR LLC,Acquisition of Whole Company (incl. Majority Stake),Completed,2025-04-29,7895939514,Trading Companies and Distributors,USA
SPTRD2126177,2025-01-14,Evident Inspection Technologies,,Westinghouse Air Brake Technologies Corporation,WAB,Evident Corporation,Acquisition of Asset or Branch,Completed,2025-07-01,1780000000,Unclassified,USA
SPTRD2125746,2025-01-13,"IDRX, Inc.*",,GSK plc,GSK,Investor Group,Acquisition of Whole Company (incl. Majority Stake),Completed,2025-02-24,1150000000,Pharmaceuticals,USA
SPTRD2125771,2025-01-13,"Intra-Cellular Therapies, Inc.*",,Johnson & Johnson Innovative Medicine,,Investor Group,Acquisition of Whole Company (incl. Majority Stake),Completed,2025-04-02,14637659760,Pharmaceuticals,USA
SPTRD2125772,2025-01-13,"Enfusion, Inc.",,"Clearwater Analytics Holdings, Inc.",CWAN,Investor Group,Acquisition of Whole Company (incl. Majority Stake),Completed,2025-04-21,1442084570,Application Software,USA
SPTRD2125835,2025-01-13,Cohen Circle Acquisition Corp. I,,Kyivstar Group Ltd.,KYIV,Investor Group,Acquisition of Whole Company (incl. Majority Stake),Completed,2025-08-14,2671012987,Asset Management,USA
SPTRD2125851,2025-01-13,"Scorpion Therapeutics, Inc.*",,Eli Lilly and Company,LLY,Investor Group,Acquisition of Whole Company (incl. Majority Stake),Completed,2025-03-31,2500000000,Biotechnology,USA
SPTRD2125595,2025-01-10,Calpine Corporation,,"Constellation Energy Generation, LLC",,Investor Group,Acquisition of Whole Company (incl. Majority Stake),Completed,2026-01-07,22229000000,Independent Power Producers and Energy Traders,USA
SPTRD2125461,2025-01-09,"AEP Indiana Michigan Transmission Company, Inc./AEP Ohio Transmission Company, I",,Investor Group,,"American Electric Power Company, Inc.",Acquisition of Minority Stake,Completed,2025-06-05,2820000000,Electric Utilities,USA
SPTRD2124712,2025-01-07,"Paycor HCM, Inc.",,"Paychex, Inc.",PAYX,"Pride Aggregator, LP",Acquisition of Whole Company (incl. Majority Stake),Completed,2025-04-14,4218004643,Human Resource and Employment Services,USA
SPTRD2124482,2025-01-06,"Inari Medical, Inc.*",,Stryker Corporation,SYK,"USVP Management Company, LLC",Acquisition of Whole Company (incl. Majority Stake),Completed,2025-02-19,4887641110,Health Care Equipment,USA
SPTRD2124591,2025-01-06,"EPIC Y-Grade, LP/ EPIC Y-Grade GP, LLC",,Phillips 66 Company,PSX,Investor Group,Acquisition of Whole Company (incl. Majority Stake),Completed,2025-04-01,2200000000,Oil and Gas Storage and Transportation,USA
SPTRD2124169,2025-01-01,13.9m sq ft US Logistics Portfolio Consists of 48 Buildings and 5 Land Plots,,Norges Bank Investment Management,,Canada Pension Plan Investment Board,Acquisition of Asset or Branch,Completed,2025-01-01,1070000000,Unclassified,USA
SPTRD2122538,2024-12-23,PineBridge Investments Holdings US LLC,,"MetLife Investment Management, LLC",,Pacific Century Group Holdings Limited,Acquisition of Whole Company (incl. Majority Stake),Completed,2025-12-30,1200000000,Asset Management,USA
SPTRD2122494,2024-12-22,"Lexmark International II, LLC",,Xerox Corporation,XRX,Investor Group,Acquisition of Whole Company (incl. Majority Stake),Completed,2025-06-30,1500000000,Technology Distributors,USA
SPTRD2124180,2024-12-19,"Liberty TripAdvisor Holdings, Inc.",,"Tripadvisor, Inc.",TRIP,Investor Group,Acquisition of Whole Company (incl. Majority Stake),Completed,2025-04-29,431414544,Interactive Media and Services,USA
SPTRD2121795,2024-12-18,Thermoformed and Flexibles Packaging Business of Sonoco Products Company,,TOPPAN Holdings Inc.,,Sonoco Products Company,Acquisition of Asset or Branch,Completed,2025-04-01,1800000000,Packaging and Materials: Paper and Plastic,USA
SPTRD2120507,2024-12-13,Gulf of Mexico Business Held By CNOOC Energy Holdings U.S.A. Inc.,,Ineos Energy Trading Limited,,CNOOC Energy Holdings U.S.A. Inc.,Acquisition of Asset or Branch,Completed,2025-04-02,2000000000,Unclassified,USA
SPTRD2119316,2024-12-11,"Patterson Companies, Inc.*",,"Patient Square Capital, LP",,Investor Group,Acquisition of Whole Company (incl. Majority Stake),Completed,2025-04-17,2823819147,Health Care Distributors,USA
SPTRD2119410,2024-12-11,"Nitel, Inc.",,Comcast Corporation,CMCSA,Cinven Limited,Acquisition of Whole Company (incl. Majority Stake),Completed,2025-04-01,1300000000,IT Consulting and Other Services,USA
SPTRD2119071,2024-12-10,MoneyLion Inc.,,Gen Digital Inc.,GEN,,Acquisition of Whole Company (incl. Majority Stake),Completed,2025-04-17,1312237080,Digital Lending,USA
SPTRD2119225,2024-12-10,Arogo Capital Acquisition Corp.,,"Bangkok Tellink Co., Ltd",,Investor Group,Acquisition of Whole Company (incl. Majority Stake),Announced,,1105000000,Asset Management,USA
SPTRD2118794,2024-12-09,"AssuredPartners, Inc.*",,Arthur J. Gallagher & Co.,AJG,Investor Group,Acquisition of Whole Company (incl. Majority Stake),Completed,2025-08-18,13450000000,Insurance Broker,USA
SPTRD2118801,2024-12-09,"The Interpublic Group of Companies, Inc.",,Omnicom Group Inc.,OMC,Investor Group,Acquisition of Whole Company (incl. Majority Stake),Completed,2025-11-26,9726943522,Advertising,USA
SPTRD2118803,2024-12-09,Pactiv Evergreen Inc.,,"Novolex Holdings, LLC",,Packaging Finance Limited,Acquisition of Whole Company (incl. Majority Stake),Completed,2025-04-01,3341112804,Packaging and Materials: Paper and Plastic,USA
SPTRD2131380,2024-12-09,"Dow InfraCo, LLC",,Macquarie Asset Management Inc.,,Dow Inc.,Acquisition of Minority Stake,Completed,2025-05-01,2400000000,Gas Utilities,USA
SPTRD2118129,2024-12-04,Solar Projects Portfolio,,"Apollo Global Management, Inc.",APO,TotalEnergies SE,Acquisition of Asset or Branch,Announced,,1100000000,Renewable Electricity,USA
SPTRD2117755,2024-12-03,"HPS Investment Partners, LLC",,"BlackRock, Inc.",BLK,,Acquisition of Whole Company (incl. Majority Stake),Completed,2025-07-01,14374725000,Asset Management,USA
SPTRD2117828,2024-12-03,Ridgemar (Eagle Ford) LLC,,Crescent Energy Finance LLC,,"Ridgemar Energy Operating, LLC",Acquisition of Whole Company (incl. Majority Stake),Completed,2025-01-31,1084272736,Unclassified,USA
SPTRD2117802,2024-12-02,"Battery Cell Plant located in Lansing, Michigan of Ultium Cells LLC",,"LG Energy Solution, Ltd.",,General Motors Company,Acquisition of Asset or Branch,Completed,2025-05-08,2080000000,Electrical Components and Equipment: Light,USA
SPTRD2117834,2024-12-02,INEOS Composites Limited*,,"KPS Capital Partners, LP",,Ineos Enterprises Holdings II Limited,Acquisition of Whole Company (incl. Majority Stake),Completed,2025-03-30,1841421144,Commodity Chemicals,USA
SPTRD2116582,2024-11-26,"Poseida Therapeutics, Inc.*",,"Roche Holdings, Inc.",,Investor Group,Acquisition of Whole Company (incl. Majority Stake),Completed,2025-01-07,1412876374,Biotechnology,USA
SPTRD2116422,2024-11-25,Bremer Financial Corporation,,Old National Bancorp,ONB,,Acquisition of Whole Company (incl. Majority Stake),Completed,2025-05-01,1347928560,Bank,USA
SPTRD2116432,2024-11-25,"Summit Materials, Inc.",,"Quikrete Holdings, Inc.",,Investor Group,Acquisition of Whole Company (incl. Majority Stake),Completed,2025-02-10,9308668741,Construction Materials,USA
SPTRD2116339,2024-11-24,"EnLink Midstream, LLC",,"ONEOK, Inc.",OKE,,Acquisition of Whole Company (incl. Majority Stake),Completed,2025-01-31,3721934430,Oil and Gas Storage and Transportation,USA
SPTRD2116223,2024-11-22,Personal Protective Equipment Business of Honeywell International Inc.*,,"Gloves Buyer, Inc.",,Honeywell International Inc.,Acquisition of Asset or Branch,Completed,2025-05-21,1157000000,Office Services and Supplies,USA
SPTRD2115432,2024-11-19,"Berry Global Group, Inc.",,Amcor plc,AMCR,Investor Group,Acquisition of Whole Company (incl. Majority Stake),Completed,2025-04-30,8725347921,"Containers and Packaging: Metal, Glass, and Plastic",USA
SPTRD2115439,2024-11-19,BlueHalo LLC*,,"AeroVironment, Inc.",AVAV,"Arlington Management Employees, LLC",Acquisition of Whole Company (incl. Majority Stake),Completed,2025-05-01,3434112062,Aerospace and Defense,USA
SPTRD2115631,2024-11-19,"Guardian Pipeline, L.L.C./Midwestern Gas Transmission Company/Viking Gas Transmi",,"DT Midstream, Inc.",DTM,"ONEOK, Inc.",Acquisition of Whole Company (incl. Majority Stake),Completed,2024-12-31,1200000000,Oil and Gas Storage and Transportation,USA
SPTRD2114682,2024-11-14,Substantially All Uinta Basin Assets of Ovintiv Inc.*,,Investor Group,,Ovintiv USA Inc.,Acquisition of Asset or Branch,Completed,2025-01-22,2000000000,Oil and Gas Exploration and Production,USA
SPTRD2114698,2024-11-14,North American Premium Cat feeding and Pet Treating Business of Whitebridge Pet,,"General Mills, Inc.",GIS,"Whitebridge Pet Brands, LLC",Acquisition of Asset or Branch,Completed,2024-12-18,1450000000,Packaged Foods and Meats Producers,USA
SPTRD2114389,2024-11-13,"Franklin Mountain Energy, LLC",,Coterra Energy Operating Co,,Franklin Mountain Energy Holdings LP,Acquisition of Whole Company (incl. Majority Stake),Completed,2025-01-27,2729770724,Oil and Gas Exploration and Production,USA
SPTRD2114404,2024-11-13,"Certain Assets of Avant Natural Resources, LLC",,Coterra Energy Operating Co,,"Avant Natural Resources, LLC",Acquisition of Asset or Branch,Completed,2025-01-27,1450000000,Unclassified,USA
SPTRD2113889,2024-11-11,"The GI Alliance Management, LLC*",,"Cardinal Health, Inc.",CAH,"Apollo Global Management, Inc.",Acquisition of Whole Company (incl. Majority Stake),Completed,2025-01-30,2800000000,Managed Health Care,USA
SPTRD2113917,2024-11-11,"North Coast Medical Supply, LLC*",,"Cardinal Health, Inc.",CAH,"Court Square Capital Management, L.P.",Acquisition of Whole Company (incl. Majority Stake),Completed,2025-04-01,1100000000,Other Specialty Retail,USA
SPTRD2113436,2024-11-07,Select spectrum,,"New Cingular Wireless PCS, LLC",,United States Cellular Corporation,Acquisition of Asset or Branch,Completed,2026-01-13,1018043717,Wireless Telecommunication Services,USA
SPTRD2112956,2024-11-06,Retina Consultants of America*,,"Cencora, Inc.",COR,"Webster Equity Partners, L.P.",Acquisition of Whole Company (incl. Majority Stake),Completed,2025-01-02,5123505000,Health Care Services,USA
SPTRD2113074,2024-11-06,"Avid Bioservices, Inc.*",,Investor Group,,Investor Group,Acquisition of Whole Company (incl. Majority Stake),Completed,2025-02-05,864736197,Biotechnology,USA
SPTRD2113127,2024-11-06,Retail Opportunity Investments Corp.,,Investor Group,,,Acquisition of Whole Company (incl. Majority Stake),Completed,2025-02-12,2361522278,Retail REIT,USA
SPTRD2114060,2024-11-06,"6,000-unit Portfolio of 60 Affordable Housing Communities",,Standard Communities,,Undisclosed Seller,Acquisition of Asset or Branch,Completed,2024-11-06,1000002000,Unclassified,USA
SPTRD2112649,2024-11-05,"Aspen Technology, Inc.",,Emerson Electric Co.,EMR,Elliott Investment Management L.P.,Acquisition of Minority Stake,Completed,2025-03-12,7350578411,Application Software,USA
SPTRD2112313,2024-11-04,"Air Transport Services Group, Inc.",,Stonepeak Partners LP,,Investor Group,Acquisition of Whole Company (incl. Majority Stake),Completed,2025-04-11,3101587306,Air Freight and Logistics,USA
SPTRD2113723,2024-11-04,"Northwest Fiber, LLC",,"Bell Canada, Inc.",,Investor Group,Acquisition of Whole Company (incl. Majority Stake),Completed,2025-08-01,3650000000,Alternative Carriers,USA
SPTRD2134245,2024-11-04,Certain Midland Basin assets,,"Diamondback Energy, Inc.",FANG,"TRP Energy, LLC",Acquisition of Asset or Branch,Completed,2024-12-20,1351000000,Oil and Gas Exploration and Production,USA
SPTRD2116059,2024-10-31,Kate Therapeutics Inc.*,,Novartis AG,NVS,Investor Group,Acquisition of Whole Company (incl. Majority Stake),Completed,2024-10-31,1127000000,Biotechnology,USA
SPTRD2111694,2024-10-30,"AdvancedMD, Inc.",,"Francisco Partners Management, L.P.",,Global Payments Inc.,Acquisition of Whole Company (incl. Majority Stake),Completed,2024-12-16,1125000000,Health Care Technology,USA
SPTRD2111718,2024-10-30,Altair Engineering Inc.,,Siemens Product Lifecycle Management Software Inc.,,Investor Group,Acquisition of Whole Company (incl. Majority Stake),Completed,2025-03-26,10671407114,Application Software,USA
SPTRD2118691,2024-10-29,Non-Operated Natural Gas Assets,,Investor Group,,EQT Corporation,Acquisition of Asset or Branch,Completed,2024-12-31,1250000000,Oil and Gas Exploration and Production,USA
SPTRD2111117,2024-10-28,LSF11 A5 TopCo LLC*,,"Nippon Paint Holdings Co., Ltd.",,"Lone Star Americas Acquisitions, Inc.",Acquisition of Whole Company (incl. Majority Stake),Completed,2025-03-03,2194000000,Commodity Chemicals,USA
SPTRD2111133,2024-10-28,"Aliada Therapeutics, Inc.*",,AbbVie Inc.,ABBV,Investor Group,Acquisition of Whole Company (incl. Majority Stake),Completed,2024-12-11,1400000000,Biotechnology,USA
SPTRD2110725,2024-10-24,"QSC, LLC",,"Acuity Brands Technology Services, Inc.",,"QSC Holdings, Inc.",Acquisition of Whole Company (incl. Majority Stake),Completed,2025-01-01,1215000000,Consumer Electronics Producers,USA
SPTRD2110449,2024-10-23,"Modifi Biosciences, Inc.*",,"Merck & Co., Inc.",MRK,Investor Group,Acquisition of Whole Company (incl. Majority Stake),Completed,2024-10-23,1330000000,Biotechnology,USA
SPTRD2144862,2024-10-22,Monroe Capital LLC,,Investor Group,,"P10, Inc.",Acquisition of Whole Company (incl. Majority Stake),Completed,2025-03-31,1435000000,Asset Management,USA
SPTRD2110009,2024-10-21,"Sandy Spring Bancorp, Inc.",,Atlantic Union Bankshares Corporation,AUB,,Acquisition of Whole Company (incl. Majority Stake),Completed,2025-04-01,1283741355,Bank,USA
SPTRD2110492,2024-10-21,"Bridge Ventures, Inc.",,"Stripe, Inc.",,Investor Group,Acquisition of Whole Company (incl. Majority Stake),Completed,2025-02-04,1100000000,Application Software,USA
SPTRD2109802,2024-10-18,Spectrum Assets,,Verizon Communications Inc.,VZ,United States Cellular Corporation,Acquisition of Asset or Branch,Completed,2026-06-01,1000000000,Wireless Telecommunication Services,USA
SPTRD2109609,2024-10-17,"Zuora, Inc.*",,Investor Group,,Investor Group,Acquisition of Whole Company (incl. Majority Stake),Completed,2025-02-14,1679367330,Application Software,USA
SPTRD2109742,2024-10-17,"CareBridge Medical Group, P.C.*",,Carelon,,Investor Group,Acquisition of Whole Company (incl. Majority Stake),Completed,2024-12-10,2700000000,Health Care Services,USA
SPTRD2129275,2024-10-15,"WorkForce Software, LLC",,"Automatic Data Processing, Inc.",ADP,,Acquisition of Whole Company (incl. Majority Stake),Completed,2024-10-15,1173100000,Application Software,USA
SPTRD2108757,2024-10-14,"Longboard Pharmaceuticals, Inc.*",,Langkawi Corporation,,HBM Partners Ltd.,Acquisition of Whole Company (incl. Majority Stake),Completed,2024-12-02,2649438164,Pharmaceuticals,USA
SPTRD2108108,2024-10-08,"International Business of GLP Capital Partners, Inc.",,Ares Management Corporation,ARES,"GLP Capital Partners, Inc.",Acquisition of Asset or Branch,Completed,2025-03-01,5447516827,Asset Management,USA
SPTRD2108825,2024-10-07,Barnes Group Inc.,,"Apollo Global Management, Inc.",APO,,Acquisition of Whole Company (incl. Majority Stake),Completed,2025-01-27,2457887927,Machinery and Supplies and Components: Industrial,USA
SPTRD2107402,2024-10-06,"The Duckhorn Portfolio, Inc.*",,Butterfly Equity LP,,Investor Group,Acquisition of Whole Company (incl. Majority Stake),Completed,2024-12-23,1645844663,Distillers and Vintners,USA
SPTRD2128507,2024-10-04,"Revelyst, Inc.*",,"Strategic Value Partners, LLC",,Vista Outdoor Inc.,Acquisition of Whole Company (incl. Majority Stake),Completed,2025-01-03,1125000000,Leisure Products Producers,USA
SPTRD2106345,2024-10-01,"Garza Food Ventures, LLC*",,"PepsiCo, Inc.",PEP,"Stripes, LLC",Acquisition of Whole Company (incl. Majority Stake),Completed,2025-01-17,1200000000,Packaged Foods and Meats Producers,USA
SPTRD2106049,2024-09-30,"Exclusive Rights To Lease, Operate and Manage 6,339 Wireless Communications Towe",,"Vertical Bridge Holdings, LLC",,Verizon Communications Inc.,Acquisition of Asset or Branch,Completed,2024-12-23,3300000000,Wireless Telecommunication Services,USA
SPTRD2106131,2024-09-30,"Mcgriff Insurance Services, LLC*",,Marsh & McLennan Agency LLC,,"Truist Insurance Holdings, LLC",Acquisition of Whole Company (incl. Majority Stake),Completed,2024-11-15,7750000000,Insurance Broker,USA
SPTRD2106136,2024-09-30,DIRECTV Entertainment Holdings LLC*,,"TPG Capital, L.P. /  TPG Partners IX, L.P.",,AT&T Inc.,Acquisition of Whole Company (incl. Majority Stake),Completed,2025-07-02,2500000000,Cable and Satellite,USA
SPTRD2106192,2024-09-30,An exclusive worldwide license to certain Prime Editing technology of Prime Medi,,"Juno Therapeutics, Inc.",,"Prime Medicine, Inc.",Acquisition of Asset or Branch,Announced,,3555000000,Unclassified,USA
SPTRD2106097,2024-09-27,"PDV Holding, Inc.",,Amber Energy Inc.,,"Petróleos de Venezuela, S.A.",Acquisition of Whole Company (incl. Majority Stake),Announced,,7286000000,Oil and Gas Refining and Marketing,USA
SPTRD2105336,2024-09-24,Smartsheet Inc.,,Investor Group,,,Acquisition of Whole Company (incl. Majority Stake),Completed,2025-01-22,7946319023,Application Software,USA
SPTRD2104979,2024-09-23,Liberty Broadband Corporation,LBRDA,"Charter Communications, Inc.",CHTR,,Acquisition of Whole Company (incl. Majority Stake),Announced,,13256441913,Cable and Satellite,USA
SPTRD2104622,2024-09-20,"Integrated Oncology Network, LLC*",,"Cardinal Health, Inc.",CAH,"Silver Oak Services Partners, LLC",Acquisition of Whole Company (incl. Majority Stake),Completed,2024-12-02,1115000000,Health Care Services,USA
SPTRD2103630,2024-09-16,"Azure Summit Technology, Inc.",,"CACI, Inc. - Federal",,,Acquisition of Whole Company (incl. Majority Stake),Completed,2024-10-30,1275000000,Aerospace and Defense,USA
SPTRD2103235,2024-09-12,"Recorded Future, Inc.",,Mastercard Incorporated,MA,"Insight Venture Management, LLC",Acquisition of Whole Company (incl. Majority Stake),Completed,2024-12-20,2650000000,Systems Software,USA
SPTRD2103439,2024-09-12,PGC Holdings Corp.,,Sentry Insurance Company,,American Family Insurance Group,Acquisition of Whole Company (incl. Majority Stake),Completed,2024-12-31,1100000000,Property and Casualty,USA
SPTRD2101610,2024-09-05,"Frontier Communications Parent, Inc.",,Verizon Communications Inc.,VZ,,Acquisition of Whole Company (incl. Majority Stake),Completed,2026-01-20,9791666500,Integrated Telecommunication Services,USA
SPTRD2101773,2024-09-05,OwnCompany Inc.*,,"Salesforce, Inc.",CRM,"Insight Venture Management, LLC",Acquisition of Whole Company (incl. Majority Stake),Completed,2024-11-18,1931000000,Systems Software,USA
SPTRD2101452,2024-09-04,"Nordstrom, Inc.",,"El Puerto de Liverpool, S.A.B. de C.V.",,Investor Group,Acquisition of Whole Company (incl. Majority Stake),Completed,2025-05-20,2647423218,Broadline Retail,USA
SPTRD2101237,2024-09-03,Orora Packaging Solutions*,,Veritiv Corporation,,Orora Limited,Acquisition of Whole Company (incl. Majority Stake),Completed,2024-12-11,1200000000,Packaging and Materials: Paper and Plastic,USA
SPTRD2100414,2024-08-28,"Medallion Midstream, LLC",,"ONEOK, Inc.",OKE,"Global Infrastructure Management, LLC",Acquisition of Whole Company (incl. Majority Stake),Completed,2024-10-31,2434300000,Oil and Gas Storage and Transportation,USA
SPTRD2100455,2024-08-28,"EnLink Midstream, LLC",,"ONEOK, Inc.",OKE,"Global Infrastructure Management, LLC",Acquisition of Minority Stake,Completed,2024-10-15,2997927382,Oil and Gas Storage and Transportation,USA
SPTRD2098629,2024-08-26,"Community Oncology Revitalization Enterprise Ventures, LLC",,"US Oncology, Inc.",,"Florida Cancer Specialists & Research Institute, LLC",Acquisition of Whole Company (incl. Majority Stake),Completed,2025-06-03,2490000000,Health Care Technology,USA
SPTRD2098298,2024-08-22,"WORLDPAC, Inc.",,The Carlyle Group Inc.,CG,"Advance Auto Parts, Inc.",Acquisition of Whole Company (incl. Majority Stake),Completed,2024-11-01,1500000000,Other Distributors,USA
SPTRD2098036,2024-08-21,Vector Group Ltd.,,Japan Tobacco Inc.,,Investor Group,Acquisition of Whole Company (incl. Majority Stake),Completed,2024-10-07,2401152705,Tobacco Producers,USA
SPTRD2098141,2024-08-21,"Arch Resources, Inc.",,CONSOL Energy Inc.,,,Acquisition of Whole Company (incl. Majority Stake),Completed,2025-01-14,2679855347,Steel,USA
SPTRD2097648,2024-08-19,"ZT Group Intl, Inc.",,"Advanced Micro Devices, Inc.",AMD,Investor Group,Acquisition of Whole Company (incl. Majority Stake),Completed,2025-03-31,4900000000,"Technology Hardware, Storage and Peripherals",USA
SPTRD2097677,2024-08-19,GetGo Café + Markets,,Alimentation Couche-Tard Inc.,,"Giant Eagle, Inc.",Acquisition of Whole Company (incl. Majority Stake),Completed,2025-06-29,1600000000,Food Retail,USA
SPTRD2097521,2024-08-16,"Real Estate Property of 1,641-room Hyatt Regency Orlando and Adjacent 45 Acres L",,Investor Group,,Hyatt Hotels Corporation,Acquisition of Asset or Branch,Completed,2024-08-16,1120000000,Real Estate Operating and Management,USA
SPTRD2097552,2024-08-16,"iconectiv, LLC*",,"Koch Equity Development, LLC",,Telefonaktiebolaget LM Ericsson (publ),Acquisition of Whole Company (incl. Majority Stake),Completed,2025-08-22,1000000000,Application Software,USA
SPTRD2097197,2024-08-15,Commercial and Residential Fire Business of Carrier Global Corporation*,,"Lone Star Americas Acquisitions, Inc.",,Carrier Global Corporation,Acquisition of Asset or Branch,Completed,2024-12-01,2900000000,Security and Alarm Services,USA
SPTRD2097227,2024-08-15,"Transact Campus, Inc.*",,"The CBORD Group, Inc.",,"Reverence Capital Partners, L.P.",Acquisition of Whole Company (incl. Majority Stake),Completed,2024-10-03,1600000000,Application Software,USA
SPTRD2096964,2024-08-14,"Cheney Bros., Inc.*",,Performance Food Group Company,PFGC,"Clayton, Dubilier & Rice, LLC",Acquisition of Whole Company (incl. Majority Stake),Completed,2024-10-08,2095000000,Food Distributors,USA
SPTRD2096965,2024-08-14,Kellanova,,"Mars, Incorporated",,Investor Group,Acquisition of Whole Company (incl. Majority Stake),Completed,2025-12-11,29533006306,Packaged Foods and Meats Producers,USA
SPTRD2096956,2024-08-13,Employer Voluntary Benefits business of The Allstate Corporation,,"StanCorp Financial Group, Inc.",,The Allstate Corporation,Acquisition of Whole Company (incl. Majority Stake),Completed,2025-04-01,2000000000,Life and Health,USA
SPTRD2096675,2024-08-12,"POWER Engineers, Incorporated",,WSP Global Inc.,,,Acquisition of Whole Company (incl. Majority Stake),Completed,2024-10-01,1780000000,Construction and Engineering,USA
SPTRD2095861,2024-08-07,"PetIQ, Inc.*",,Bansk Group LLC,,Investor Group,Acquisition of Whole Company (incl. Majority Stake),Completed,2024-10-25,982477885,Health Care Distributors,USA
SPTRD2096134,2024-08-07,"CompoSecure, Inc.",,"Resolute Holdings I, LP",,,Acquisition of Whole Company (incl. Majority Stake),Completed,2024-09-17,372142588,"Technology Hardware, Storage and Peripherals",USA
SPTRD2095516,2024-08-06,Cloud-based digital banking business of NCR Voyix Corporation*,,"Veritas Capital Fund Management, L.L.C",,NCR Voyix Corporation,Acquisition of Asset or Branch,Completed,2024-09-30,2550000000,Banking Technology,USA
SPTRD2095190,2024-08-05,"1.1 million metric tonnes Clean Ammonia project under construction in Beaumont,",,Woodside Energy Group Ltd,WDS,OCI N.V.,Acquisition of Asset or Branch,Completed,2024-09-30,2370000000,Fertilizers and Agricultural Chemicals,USA
SPTRD2095404,2024-08-05,"Cogentrix Energy Power Management, LLC*",,"Quantum Energy Partners, LLC",,The Carlyle Group Inc.,Acquisition of Whole Company (incl. Majority Stake),Completed,2024-12-31,3000000000,Independent Power Producers and Energy Traders,USA
SPTRD2095494,2024-08-05,"New Mexico Gas Company, Inc.*",,"Bernhard Capital Partners Management, LP",,Emera Incorporated,Acquisition of Whole Company (incl. Majority Stake),Announced,,1252000000,Gas Utilities,USA
SPTRD2094656,2024-08-01,Jnana Therapeutics Inc.*,,"Otsuka America, Inc.",,Investor Group,Acquisition of Whole Company (incl. Majority Stake),Completed,2024-09-23,1125000000,Biotechnology,USA
SPTRD2094832,2024-08-01,R1 RCM Inc.*,,Investor Group,,,Acquisition of Whole Company (incl. Majority Stake),Completed,2024-11-19,4555347007,Health Care Services,USA
SPTRD2094901,2024-08-01,Construction Materials Business of Stavola Holding Corporation,,"Arcosa MS9, LLC",,Stavola Holding Corporation,Acquisition of Asset or Branch,Completed,2024-10-01,1200000000,Construction Materials,USA
SPTRD2095104,2024-08-01,"US Assure Insurance Services of Florida, Inc.",,"Ryan Specialty, LLC",RYAN,,Acquisition of Whole Company (incl. Majority Stake),Completed,2024-08-30,1183600000,Insurance Broker,USA
SPTRD2107166,2024-07-31,"Non-Attest Business of Marcum, LLP",,"CBIZ, Inc.",CBZ,Marcum LLP,Acquisition of Asset or Branch,Completed,2024-11-01,2134992000,Research and Consulting Services,USA
SPTRD2094204,2024-07-29,"The First Bancshares, Inc.",,Renasant Corporation,RNST,,Acquisition of Whole Company (incl. Majority Stake),Completed,2025-04-01,1076640363,Bank,USA
SPTRD2094443,2024-07-29,"Nerio Therapeutics, Inc.*",,Boehringer Ingelheim International GmbH,,Investor Group,Acquisition of Whole Company (incl. Majority Stake),Completed,2024-07-29,1300000000,Biotechnology,USA
SPTRD2107107,2024-07-27,Southport Acquisition Corporation,,"Angel Studios, Inc",ANGX,,Acquisition of Whole Company (incl. Majority Stake),Completed,2025-09-10,1500000000,Asset Management,USA
SPTRD2093863,2024-07-26,Premier Financial Corp.,,"WesBanco, Inc.",WSBC,,Acquisition of Whole Company (incl. Majority Stake),Completed,2025-02-28,1020368242,Bank,USA
SPTRD2093881,2024-07-26,"Fikes Wholesale, Inc./Group Petroleum Services, Inc.",,"Casey's General Stores, Inc.",,Undisclosed Seller,Acquisition of Whole Company (incl. Majority Stake),Completed,2024-11-01,1165752000,Unclassified,USA
SPTRD2093967,2024-07-26,"Assets of Point Energy Partners, LLC",,Investor Group,,"Point Energy Partners, LLC",Acquisition of Asset or Branch,Completed,2024-09-20,1000000000,Oil and Gas Equipment and Services,USA
SPTRD2096030,2024-07-26,Everi Holdings Inc.,,"Apollo Global Management, Inc.",APO,,Acquisition of Whole Company (incl. Majority Stake),Completed,2025-07-01,1232722598,Casinos and Gaming,USA
SPTRD2093698,2024-07-25,"Residential Mortgage Servicing Business of Flagstar Bank, National Association",,Nationstar Mortgage LLC,,"New York Community Bancorp, Inc.",Acquisition of Asset or Branch,Completed,2024-10-31,1300000000,Mortgage Banks and Brokers,USA
SPTRD2093709,2024-07-25,"Instructure Holdings, Inc.",,Investor Group,,"Thoma Bravo, L.P.",Acquisition of Whole Company (incl. Majority Stake),Completed,2024-11-13,3630885394,Application Software,USA
SPTRD2093456,2024-07-24,"MetroNet Holdings, LLC",,Investor Group,,"Oak Hill Capital Management, LLC",Acquisition of Whole Company (incl. Majority Stake),Completed,2025-07-24,4900000000,Alternative Carriers,USA
SPTRD2093331,2024-07-23,Janney Montgomery Scott LLC*,,KKR & Co. Inc.,KKR,The Penn Mutual Life Insurance Company,Acquisition of Whole Company (incl. Majority Stake),Completed,2024-11-29,1857900000,"Investment Banks, Brokers and Capital Markets",USA
SPTRD2092849,2024-07-22,"Clearwater Paper Tissue, LLC / Consumer Product Division Facility Located in Lew",,Sofidel America Corporation,,Clearwater Paper Corporation,Acquisition of Whole Company (incl. Majority Stake),Completed,2024-11-01,1060000000,Paper Products,USA
SPTRD2092900,2024-07-22,Environmental Solutions Group,,Terex Corporation,TEX,Dover Corporation,Acquisition of Whole Company (incl. Majority Stake),Completed,2024-10-08,2010000000,Machinery and Supplies and Components: Industrial,USA
SPTRD2092792,2024-07-21,Woodside Energy (LA) Holdings Inc.,WDS,Woodside Energy Group Ltd,WDS,,Acquisition of Whole Company (incl. Majority Stake),Completed,2024-10-08,932421033,Oil and Gas Exploration and Production,USA
SPTRD2092448,2024-07-18,Commscope Technologies LLC,,Amphenol Corporation,APH,"CommScope Holding Company, Inc.",Acquisition of Whole Company (incl. Majority Stake),Completed,2025-01-31,2111200000,Communications Equipment,USA
SPTRD2092115,2024-07-17,"Supreme Holdings, Inc.",,EssilorLuxottica Société anonyme,,V.F. Corporation,Acquisition of Whole Company (incl. Majority Stake),Completed,2024-10-01,1486000000,Leisure Products Producers,USA
SPTRD2092208,2024-07-17,Private student loan portfolio of Discover Financial*,,Investor Group,,Discover Financial Services,Acquisition of Asset or Branch,Completed,2024-11-18,10800000000,Specialty Finance: Consumer Focused,USA
SPTRD2093089,2024-07-17,"Cupertino Electric, Inc.",,"Quanta Services, Inc.",PWR,,Acquisition of Whole Company (incl. Majority Stake),Completed,2024-07-17,1705000000,Construction and Engineering,USA
SPTRD2091576,2024-07-12,Aquaron Acquisition Corp.,,"Huture Motors (Shanghai) Co., Ltd.",,Aquaron Investments LLC,Acquisition of Whole Company (incl. Majority Stake),Announced,,1110000000,Asset Management,USA
SPTRD2091308,2024-07-11,"Envestnet, Inc.*",,Investor group,,Investor group,Acquisition of Whole Company (incl. Majority Stake),Completed,2024-11-25,4313629963,Investment and Capital Markets Technology,USA
SPTRD2090993,2024-07-10,Liquefied Natural Gas Process Technology and Equipment Business of Air Products,,Honeywell International Inc.,HON,"Air Products and Chemicals, Inc.",Acquisition of Asset or Branch,Completed,2024-09-30,1837000000,Oil and Gas Equipment and Services,USA
SPTRD2091291,2024-07-10,"Tallgrass Energy, LP",,"Blackstone Infrastructure Partners, L.P.",,"Enagás, S.A.",Acquisition of Minority Stake,Completed,2024-07-29,1100000000,Oil and Gas Storage and Transportation,USA
SPTRD2090487,2024-07-08,"Grayson Mill Holdings III, LLC / Grayson Mill Holdings II, LLC*",,"WPX Energy Williston, LLC",,EnCap Investments L.P.,Acquisition of Whole Company (incl. Majority Stake),Completed,2024-09-27,4659153758,Unclassified,USA
SPTRD2090516,2024-07-08,"Morphic Holding, Inc.*",,Eli Lilly and Company,LLY,Investor Group,Acquisition of Whole Company (incl. Majority Stake),Completed,2024-08-16,3188682728,Biotechnology,USA
SPTRD2090443,2024-07-07,Paramount Global*,,Investor Group,,,Acquisition of Minority Stake,Completed,2025-08-07,4500000000,Broadcasting,USA
SPTRD2090454,2024-07-07,"Skydance Media, LLC",,Paramount Global,,,Acquisition of Whole Company (incl. Majority Stake),Completed,2025-08-07,3499680000,Movies and Entertainment,USA
SPTRD2090456,2024-07-07,"National Amusements, Inc.",,Investor Group,,,Acquisition of Whole Company (incl. Majority Stake),Announced,,1750000000,Movies and Entertainment,USA
SPTRD2093248,2024-07-04,Neiman Marcus Group LTD LLC,,Hudson's Bay Company,,Allianz SE,Acquisition of Whole Company (incl. Majority Stake),Completed,2024-12-23,2650000000,Unclassified,USA
SPTRD2089158,2024-07-01,"Spirit AeroSystems Holdings, Inc.",,The Boeing Company,BA,,Acquisition of Whole Company (incl. Majority Stake),Completed,2025-12-08,4432498414,Aerospace and Defense,USA
SPTRD2088699,2024-06-27,"Nikaitchuq and Oooguruk Assets in Alaska, US",,Hilcorp Energy Company,,Eni S.p.A.,Acquisition of Asset or Branch,Completed,2024-11-04,1000000000,Oil and Gas Exploration and Production,USA
SPTRD2088887,2024-06-27,Infinera Corporation,,Nokia Oyj,,"Oaktree Optical Holdings, L.P.",Acquisition of Whole Company (incl. Majority Stake),Completed,2025-02-28,1740319442,Communications Equipment,USA
SPTRD2089329,2024-06-27,"Uinta Basin oil and gas assets of XCL Resources, LLC",,Investor Group,,"XCL Resources, LLC",Acquisition of Asset or Branch,Completed,2024-10-01,2550000000,Oil and Gas Exploration and Production,USA
SPTRD2088404,2024-06-25,Portfolio of 18 Multifamily Assets*,,KKR & Co. Inc.,KKR,"Quarterra Multifamily Communities, LLC",Acquisition of Asset or Branch,Completed,2024-06-25,2100000000,Real Estate Operating and Management,USA
SPTRD2088086,2024-06-23,"Coyote Logistics, LLC",,"RXO, Inc.",RXO,Investor Group,Acquisition of Whole Company (incl. Majority Stake),Completed,2024-09-16,1048000000,Cargo Ground Transportation,USA
SPTRD2087671,2024-06-20,Cobham Advanced Electronic Solutions Inc.*,,Honeywell International Inc.,HON,"Advent International, L.P.",Acquisition of Whole Company (incl. Majority Stake),Completed,2024-08-30,1930000000,Aerospace and Defense,USA
SPTRD2087709,2024-06-20,"Aimei Health Technology Co., Ltd",AFJK,United Hydrogen Group Inc.,,Investor Group,Acquisition of Whole Company (incl. Majority Stake),Announced,,1649738353,Asset Management,USA
SPTRD2087223,2024-06-18,"Silk Road Medical, Inc*",,Boston Scientific Corporation,BSX,Investor Group,Acquisition of Whole Company (incl. Majority Stake),Completed,2024-09-17,1260633136,Health Care Equipment,USA
SPTRD2087230,2024-06-17,"The Aaron's Company, Inc.*",,"IQVentures Holdings, LLC",,Investor Group,Acquisition of Whole Company (incl. Majority Stake),Completed,2024-10-03,340750002,Homefurnishing Retail,USA
SPTRD2087049,2024-06-16,"Fisher Investments, Inc.*",,Investor Group,,,Acquisition of Minority Stake,Completed,2025-01-07,3000000000,Asset Management,USA
SPTRD2087004,2024-06-12,"Ameredev Stateline II, LLC",,Matador Resources Company,MTDR,EnCap Investments L.P.,Acquisition of Whole Company (incl. Majority Stake),Completed,2024-09-18,1832000000,Oil and Gas Exploration and Production,USA
SPTRD2085811,2024-06-10,"Diamond Offshore Drilling, Inc.",,Noble Corporation plc,NE,Investor Group,Acquisition of Whole Company (incl. Majority Stake),Completed,2024-09-04,1500246588,Oil and Gas Drilling,USA
SPTRD2086018,2024-06-10,"Belcan, LLC",,Cognizant Domestic Holdings Corporation,,"AE Industrial Partners, LP",Acquisition of Whole Company (incl. Majority Stake),Completed,2024-08-26,1302955941,IT Consulting and Other Services,USA
SPTRD2085626,2024-06-07,"PowerSchool Holdings, Inc.*",,Investor Group,,"Vista Equity Partners Management, LLC",Acquisition of Whole Company (incl. Majority Stake),Completed,2024-10-01,4006932671,Interactive Home Entertainment,USA
SPTRD2085471,2024-06-06,Copeland LP*,,Investor Group,,Emerson Electric Co.,Acquisition of Minority Stake,Completed,2024-08-13,1500000000,Machinery and Supplies and Components: Industrial,USA
SPTRD2085117,2024-06-05,Global Champion Business of Hanesbrands Inc.,,"Authentic Brands Group, LLC",,Hanesbrands Inc.,Acquisition of Asset or Branch,Completed,2024-09-30,1500000000,"Apparel, Accessories and Luxury Goods",USA
SPTRD2084573,2024-06-03,"Stericycle, Inc.",,"Waste Management, Inc.",WM,Investor Group,Acquisition of Whole Company (incl. Majority Stake),Completed,2024-11-04,5864310114,Environmental and Facilities Services,USA
SPTRD2084586,2024-06-03,Critical Care Product Group of Edwards Lifesciences Corporation,,"Becton, Dickinson and Company",BDX,Edwards Lifesciences Corporation,Acquisition of Asset or Branch,Completed,2024-09-03,3911000000,Health Care Equipment,USA
SPTRD2083991,2024-05-29,Marathon Oil Corporation,,ConocoPhillips,COP,Investor Group,Acquisition of Whole Company (incl. Majority Stake),Completed,2024-11-22,16146137663,Oil and Gas Exploration and Production,USA
SPTRD2083816,2024-05-28,"WTG Midstream, LLC",,Energy Transfer LP,ET,Investor Group,Acquisition of Whole Company (incl. Majority Stake),Completed,2024-07-15,3100500000,Oil and Gas Storage and Transportation,USA
SPTRD2083972,2024-05-28,Wireless Operations and Select Spectrum Assets of United States Cellular Corpora,,"T-Mobile US, Inc.",TMUS,United States Cellular Corporation,Acquisition of Asset or Branch,Completed,2025-08-01,2700000000,Wireless Telecommunication Services,USA
SPTRD2083225,2024-05-23,"AuditBoard, Inc.*",,HgCapital LLP,,Battery Ventures,Acquisition of Whole Company (incl. Majority Stake),Completed,2024-07-18,3000000000,Application Software,USA
SPTRD2082954,2024-05-22,"Human Immunology Biosciences, Inc.*",,Biogen Inc.,BIIB,Investor Group,Acquisition of Whole Company (incl. Majority Stake),Completed,2024-07-02,1800000000,Biotechnology,USA
SPTRD2082972,2024-05-22,TIC Solutions Service Corporation*,,Acuren Corporation,,American Securities LLC,Acquisition of Whole Company (incl. Majority Stake),Completed,2024-07-30,1880000000,Research and Consulting Services,USA
SPTRD2082489,2024-05-20,"Venafi, Inc.*",,CyberArk Software Ltd.,,"Thoma Bravo, L.P.",Acquisition of Whole Company (incl. Majority Stake),Completed,2024-10-01,1666351012,Systems Software,USA
SPTRD2082508,2024-05-20,"Independent Bank Group, Inc.",INDB,SouthState Corporation,,,Acquisition of Whole Company (incl. Majority Stake),Completed,2025-01-01,2487261931,Bank,USA
SPTRD2082077,2024-05-16,"SilverBow Resources, Inc.*",,Crescent Energy Company,CRGY,Investor Group,Acquisition of Whole Company (incl. Majority Stake),Completed,2024-07-30,1021761520,Oil and Gas Exploration and Production,USA
SPTRD2082315,2024-05-16,"Corebridge Financial, Inc.",CRBG,Nippon Life Insurance Company,,"American International Group, Inc.",Acquisition of Minority Stake,Completed,2024-12-09,3866955140,Life and Health,USA
SPTRD2082449,2024-05-16,Portfolio of approximately 2000 commercial multi-family real estate loans of Was,,"Bank of America, National Association",,"WaFd, Inc",Acquisition of Asset or Branch,Completed,2024-06-21,2574906250,Unclassified,USA
SPTRD2096443,2024-05-16,Portfolio of 23 multifamily assets in the U.S.*,,Brookfield Property Partners L.P.,BPYPP,"Starwood Capital Operations, LLC",Acquisition of Asset or Branch,Completed,2024-06-30,1600000000,Real Estate Operating and Management,USA
SPTRD2081297,2024-05-13,"Squarespace, Inc.*",,Investor Group,,Investor Group,Acquisition of Whole Company (incl. Majority Stake),Completed,2024-10-17,7000202028,Internet Services and Infrastructure,USA
SPTRD2080760,2024-05-09,"PlayAGS, Inc.*",,"Brightstar Capital Partners, L.P.",,Investor Group,Acquisition of Whole Company (incl. Majority Stake),Completed,2025-06-30,554570243,Casinos and Gaming,USA
SPTRD2080088,2024-05-06,"Synopsys Software Integrity Group, Inc.*",,Investor Group,,"Synopsys, Inc.",Acquisition of Whole Company (incl. Majority Stake),Completed,2024-09-30,2100000000,Application Software,USA
SPTRD2080116,2024-05-06,"ALLETE, Inc.",,Investor Group,,,Acquisition of Whole Company (incl. Majority Stake),Completed,2025-12-15,3903832385,Electric Utilities,USA
SPTRD2080006,2024-05-05,"Perficient, Inc.*",,BPEA Private Equity Fund VIII,,,Acquisition of Whole Company (incl. Majority Stake),Completed,2024-10-02,2912543416,IT Consulting and Other Services,USA
SPTRD2079588,2024-05-02,"Mariana Oncology, Inc.*",,Novartis AG,NVS,Investor Group,Acquisition of Whole Company (incl. Majority Stake),Completed,2024-05-02,1900000000,Biotechnology,USA
SPTRD2079914,2024-05-02,"WideOpenWest, Inc.",,Investor group,,,Acquisition of Whole Company (incl. Majority Stake),Completed,2025-12-31,460730790,Cable and Satellite,USA
SPTRD2079470,2024-04-30,Reorganized ISA S.A.,,SES S.A.,,,Acquisition of Whole Company (incl. Majority Stake),Completed,2025-07-17,3320102732,Alternative Carriers,USA
SPTRD2078902,2024-04-29,"Deciphera Pharmaceuticals, Inc.*",,"Ono Pharmaceutical Co., Ltd.",,Investor Group,Acquisition of Whole Company (incl. Majority Stake),Completed,2024-06-11,2221823607,Biotechnology,USA
SPTRD2078910,2024-04-29,"Heartland Financial USA, Inc.",,UMB Financial Corporation,UMBF,,Acquisition of Whole Company (incl. Majority Stake),Completed,2025-01-31,2879594503,Bank,USA
SPTRD2078978,2024-04-26,"U.S. Silica Holdings, Inc.",,"Apollo Global Management, Inc.",APO,,Acquisition of Whole Company (incl. Majority Stake),Completed,2024-07-31,1265123624,Oil and Gas Equipment and Services,USA
SPTRD2078542,2024-04-25,"AssetMark Financial Holdings, Inc.*",,GTCR LLC,,Investor Group,Acquisition of Whole Company (incl. Majority Stake),Completed,2024-09-05,2749682383,Asset Management,USA
SPTRD2078562,2024-04-25,Portfolio of 19 Purpose-Built Student Housing Properties*,,KKR & Co. Inc.,KKR,"Blackstone Real Estate Income Trust, Inc.",Acquisition of Asset or Branch,Announced,,1640000000,Real Estate Operating and Management,USA
SPTRD2078421,2024-04-24,"HashiCorp, Inc.*",,International Business Machines Corporation,IBM,Investor Group,Acquisition of Whole Company (incl. Majority Stake),Completed,2025-02-27,8057910310,Application Software,USA
SPTRD2078025,2024-04-23,"Hibbett, Inc.",,JD Sports Fashion Plc,,Investor Group,Acquisition of Whole Company (incl. Majority Stake),Completed,2024-07-25,1093401952,Other Specialty Retail,USA
SPTRD2078121,2024-04-22,"Matterport, Inc.*",,"CoStar Group, Inc.",CSGP,Investor group,Acquisition of Whole Company (incl. Majority Stake),Completed,2025-02-28,2033197100,Application Software,USA
SPTRD2077607,2024-04-18,"Contracts of Arizona executives, coaches and players of IceArizona Hockey Co LLC",,Smith Entertainment Group,,IceArizona Hockey Co LLC,Acquisition of Asset or Branch,Completed,2024-04-18,1200000000,Movies and Entertainment,USA
SPTRD2077414,2024-04-16,"Amundi USA, Inc.",,"Victory Capital Holdings, Inc.",VCTR,Amundi S.A.,Acquisition of Whole Company (incl. Majority Stake),Completed,2025-04-01,1018512000,Asset Management,USA
SPTRD2076826,2024-04-15,Encore Wire Corporation,,Prysmian S.p.A.,,Investor Group,Acquisition of Whole Company (incl. Majority Stake),Completed,2024-07-02,4808563955,Electrical Components and Equipment: Light,USA
SPTRD2076839,2024-04-15,Snap One Holdings Corp.*,,ADI Global Distribution,,Investor Group,Acquisition of Whole Company (incl. Majority Stake),Completed,2024-06-14,877900233,Consumer Electronics Producers,USA
SPTRD2076401,2024-04-10,"Alpine Immune Sciences, Inc.*",,Vertex Pharmaceuticals Incorporated,VRTX,Investor Group,Acquisition of Whole Company (incl. Majority Stake),Completed,2024-05-20,4945909008,Biotechnology,USA
SPTRD2075838,2024-04-08,"Model N, Inc.*",,"Vista Equity Partners Management, LLC",,Investor Group,Acquisition of Whole Company (incl. Majority Stake),Completed,2024-06-27,1492561924,Application Software,USA
SPTRD2075971,2024-04-08,Apartment Income REIT Corp.*,,Blackstone Real Estate Partners X L.P.,,,Acquisition of Whole Company (incl. Majority Stake),Completed,2024-06-28,5697638816,Multi-Family Residential REIT,USA
SPTRD2075662,2024-04-05,"Shockwave Medical, Inc.*",,Johnson & Johnson,JNJ,Investor Group,Acquisition of Whole Company (incl. Majority Stake),Completed,2024-05-31,13903348890,Health Care Equipment,USA
SPTRD2074990,2024-04-03,"ProfoundBio, Inc.",,Genmab A/S,GMAB,,Acquisition of Whole Company (incl. Majority Stake),Completed,2024-05-21,1905000000,Biotechnology,USA
SPTRD2075319,2024-04-03,Kuvare Insurance Services LP,,Investor group,,,Acquisition of Whole Company (incl. Majority Stake),Completed,2024-07-01,1000000000,Asset Management,USA
SPTRD2074965,2024-04-02,ChampionX Corporation,,Schlumberger N.V.,,,Acquisition of Whole Company (incl. Majority Stake),Completed,2025-07-16,5083567804,Oil and Gas Equipment and Services,USA
SPTRD2074991,2024-04-02,"Endeavor Group Holdings, Inc.",,"Silver Lake Technology Management, L.L.C.",,,Acquisition of Whole Company (incl. Majority Stake),Completed,2025-03-24,8362647310,Movies and Entertainment,USA
SPTRD2080319,2024-03-31,Authentic Brands Group LLC*,,Investor Group,,"Simon Property Group, L.P.",Acquisition of Minority Stake,Completed,2024-03-31,1200000000,Apparel Retail,USA
SPTRD2074310,2024-03-28,"SRS Distribution, Inc.*",,"The Home Depot, Inc.",HD,Investor Group,Acquisition of Whole Company (incl. Majority Stake),Completed,2024-06-18,18028000000,Trading Companies and Distributors,USA
SPTRD2073768,2024-03-25,ILC Dover LP*,,Ingersoll Rand Inc.,IR,"New Mountain Capital, LLC",Acquisition of Whole Company (incl. Majority Stake),Completed,2024-06-03,2400000000,Health Care Supplies,USA
SPTRD2073136,2024-03-20,"Genentech Manufacturing Facility in Vacaville, California",,Lonza Group AG,,Roche Holding AG,Acquisition of Asset or Branch,Completed,2024-10-01,1200000000,Real Estate Operating and Management,USA
SPTRD2073211,2024-03-20,"Strada U.S. Payroll, LLC*",,"H.I.G. Capital, LLC",,"Alight, Inc.",Acquisition of Asset or Branch,Completed,2024-07-12,1200000000,Human Resource and Employment Services,USA
SPTRD2072953,2024-03-19,Pharma Solutions Business of International Flavors & Fragrances Inc.,,Roquette Frères S.A.,,International Flavors & Fragrances Inc.,Acquisition of Asset or Branch,Completed,2025-05-01,2850000000,Specialty Chemicals,USA
SPTRD2072851,2024-03-18,"Jama Software, Inc.*",,"Francisco Partners Management, L.P.",,Investor Group,Acquisition of Whole Company (incl. Majority Stake),Announced,,1200000000,Application Software,USA
SPTRD2071527,2024-03-11,Equitrans Midstream Corporation,,EQT Corporation,EQT,,Acquisition of Whole Company (incl. Majority Stake),Completed,2024-07-22,6016742175,Oil and Gas Storage and Transportation,USA
SPTRD2071757,2024-03-11,Bally's Corporation,BALY,The Queen Casino & Entertainment Inc.,,,Acquisition of Whole Company (incl. Majority Stake),Completed,2025-02-07,586755531,Casinos and Gaming,USA
SPTRD2071192,2024-03-07,"Avangrid, Inc.",,"Iberdrola, S.A.",,,Acquisition of Minority Stake,Completed,2024-12-23,2553946046,Electric Utilities,USA
SPTRD2070551,2024-03-04,"Yak Access, LLC",,"United Rentals, Inc.",URI,"Platinum Equity, LLC",Acquisition of Whole Company (incl. Majority Stake),Completed,2024-03-15,1150000000,Construction and Engineering,USA
SPTRD2071328,2024-03-04,"Portland Natural Gas Transmission System, LP",,Investor group,,Investor group,Acquisition of Whole Company (incl. Majority Stake),Completed,2024-08-15,890000000,Oil and Gas Storage and Transportation,USA
SPTRD2069988,2024-02-29,Sterling Ultimate Parent Corp.,,First Advantage Corporation,FA,Investor Group,Acquisition of Whole Company (incl. Majority Stake),Completed,2024-10-31,1759686736,Human Resource and Employment Services,USA
SPTRD2069280,2024-02-26,End-User Computing Division of Broadcom Inc.,,KKR & Co. Inc.,KKR,Broadcom Inc.,Acquisition of Asset or Branch,Completed,2024-07-01,4000000000,Application Software,USA
SPTRD2068847,2024-02-22,Coastal Virginia Offshore Wind Project*,,Stonepeak Partners LP,,"Dominion Energy, Inc.",Acquisition of Asset or Branch,Completed,2024-10-22,2600000000,Renewable Electricity,USA
SPTRD2068509,2024-02-21,Cyanco Corporation*,,Orica Limited,,"Cerberus Capital Management, L.P.",Acquisition of Whole Company (incl. Majority Stake),Completed,2024-04-30,973100000,Commodity Chemicals,USA
SPTRD2068392,2024-02-20,Louisiana and Mississippi Natural Gas LDC Businesses of CenterPoint Energy Resou*,,"Bernhard Capital Partners Management, LP",,"CenterPoint Energy, Inc.",Acquisition of Asset or Branch,Completed,2025-03-31,1200000000,Gas Utilities,USA
SPTRD2068406,2024-02-20,"Truist Insurance Holdings, LLC",,Investor group,,Truist Financial Corporation,Acquisition of Whole Company (incl. Majority Stake),Completed,2024-05-06,7600000000,Insurance Broker,USA
SPTRD2071495,2024-02-20,VIZIO Holding Corp.,,Walmart Inc.,WMT,Investor Group,Acquisition of Whole Company (incl. Majority Stake),Completed,2024-12-03,2500454847,Consumer Electronics Producers,USA
SPTRD2068245,2024-02-19,Discover Financial Services,,Capital One Financial Corporation,COF,,Acquisition of Whole Company (incl. Majority Stake),Completed,2025-05-18,50785861053,Payment Processors,USA
SPTRD2067750,2024-02-15,"Seal for Life Industries, LLC*",,Henkel AG & Co. KGaA,,Arsenal Capital Management LP,Acquisition of Whole Company (incl. Majority Stake),Completed,2024-04-02,1193415637,Specialty Chemicals,USA
SPTRD2067604,2024-02-14,Altium LLC,,Renesas Electronics Corporation,,Investor Group,Acquisition of Whole Company (incl. Majority Stake),Completed,2024-08-01,5898432480,Application Software,USA
SPTRD2067308,2024-02-13,"Atria Wealth Solutions, Inc.*",,LPL Financial Holdings Inc.,LPLA,,Acquisition of Whole Company (incl. Majority Stake),Completed,2024-10-01,1035000000,Investment and Capital Markets Technology,USA
SPTRD2067495,2024-02-13,South Fork and Revolution Wind Project,,Skyborn Renewables,,Eversource Energy,Acquisition of Asset or Branch,Completed,2024-09-30,1181275432,Renewable Electricity,USA
SPTRD2067024,2024-02-12,"Endeavor Energy Resources, LP",,"Diamondback Energy, Inc.",FANG,Investor Group,Acquisition of Whole Company (incl. Majority Stake),Completed,2024-09-10,28087431435,Oil and Gas Exploration and Production,USA
SPTRD2067026,2024-02-12,"20 Active Aggregates Operations in Alabama, South Carolina, South Florida, Tenne",,"Martin Marietta Materials, Inc.",MLM,Blue Water Industries LLC,Acquisition of Asset or Branch,Completed,2024-04-05,2050000000,Construction Materials,USA
SPTRD2067060,2024-02-12,"CymaBay Therapeutics, Inc.",,"Gilead Sciences, Inc.",GILD,,Acquisition of Whole Company (incl. Majority Stake),Completed,2024-03-22,4336360598,Pharmaceuticals,USA
SPTRD2066713,2024-02-09,Masonite International Corporation,,Owens Corning,OC,Investor Group,Acquisition of Whole Company (incl. Majority Stake),Completed,2024-05-15,3043226200,Building Products,USA
SPTRD2066224,2024-02-07,Aera Energy LLC,,California Resources Corporation,CRC,Investor Group,Acquisition of Whole Company (incl. Majority Stake),Completed,2024-07-01,1126686400,Oil and Gas Exploration and Production,USA
SPTRD2066601,2024-02-06,Glatfelter Corporation,,"Health, Hygiene and Specialties Global Nonwovens and Films Business of Berry Glo",,,Acquisition of Whole Company (incl. Majority Stake),Completed,2024-11-04,549769409,Paper Products,USA
SPTRD2065543,2024-02-05,Assets of Aqua Business of Elanco Animal Health Incorporated,,Intervet International B.V.,,Elanco Animal Health Incorporated,Acquisition of Asset or Branch,Completed,2024-07-09,1300000000,Pharmaceuticals,USA
SPTRD2065557,2024-02-05,"Catalent, Inc.*",,Novo Holdings A/S,,Investor Group,Acquisition of Whole Company (incl. Majority Stake),Completed,2024-12-18,11690287256,Pharmaceuticals,USA
SPTRD2065560,2024-02-05,"Everbridge, Inc.*",,"Thoma Bravo, L.P.",,,Acquisition of Whole Company (incl. Majority Stake),Completed,2024-07-02,1623325223,Application Software,USA
SPTRD2065725,2024-02-05,"J&J Maintenance, Inc.",,"CBRE Group, Inc.",CBRE,"Arlington Management Employees, LLC",Acquisition of Whole Company (incl. Majority Stake),Completed,2024-02-27,1050000000,Diversified Support Services,USA
SPTRD2064741,2024-01-31,"Specialty Networks, LLC*",,"Cardinal Health, Inc.",CAH,Investor Group,Acquisition of Whole Company (incl. Majority Stake),Completed,2024-03-18,1200000000,Health Care Services,USA
SPTRD2064756,2024-01-31,"Medicare Advantage, Medicare Supplemental Benefits, Medicare Part D and CareAlli",,"Health Care Service Corporation, a Mutual Legal Reserve Company",,The Cigna Group,Acquisition of Asset or Branch,Completed,2025-03-19,3300000000,Life and Health,USA
SPTRD2064908,2024-01-31,Globalink Investment Inc.,,Alps Group Inc,ALPS,Investor Group,Acquisition of Whole Company (incl. Majority Stake),Completed,2025-10-28,1764554635,Asset Management,USA
SPTRD2090154,2024-01-31,"Baltimore Orioles, Inc.",,Private Investors,,Private Investors,Acquisition of Minority Stake,Completed,2024-03-27,1725000000,Movies and Entertainment,USA
SPTRD2064520,2024-01-30,Carlisle Interconnect Technologies Inc.,,Amphenol Corporation,APH,Carlisle Companies Incorporated,Acquisition of Whole Company (incl. Majority Stake),Completed,2024-05-21,2025000000,Electrical Components and Equipment: Light,USA
SPTRD2087169,2024-01-29,"Overseas Shipholding Group, Inc.",,"Saltchuk Resources, Inc.",,Investor Group,Acquisition of Whole Company (incl. Majority Stake),Completed,2024-07-10,510407533,Oil and Gas Storage and Transportation,USA
SPTRD2063858,2024-01-25,"Procare Software, LLC*",,"Roper Technologies, Inc.",ROP,Investor Group,Acquisition of Whole Company (incl. Majority Stake),Completed,2024-02-26,1860000000,Application Software,USA
SPTRD2063219,2024-01-22,NuStar Energy L.P.,,Sunoco LP,SUN,,Acquisition of Whole Company (incl. Majority Stake),Completed,2024-05-03,3208696255,Oil and Gas Storage and Transportation,USA
SPTRD2062874,2024-01-19,Ally's Point-of-Sale Financing Business,,Synchrony Financial,SYF,Ally Financial Inc.,Acquisition of Asset or Branch,Completed,2024-03-01,1969000000,Specialty Finance: Consumer Focused,USA
SPTRD2062890,2024-01-19,Kaman Corporation*,,Arcline Investment Management LP,,Investor Group,Acquisition of Whole Company (incl. Majority Stake),Completed,2024-04-19,1350555906,Aerospace and Defense,USA
SPTRD2062623,2024-01-18,"Sekisui House U.S., Inc.",,"SH Residential Holdings, LLC",,Investor Group,Acquisition of Whole Company (incl. Majority Stake),Completed,2024-04-19,4913855190,Homebuilding Producers,USA
SPTRD2062271,2024-01-16,"Carrols Restaurant Group, Inc.",,Restaurant Brands International Inc.,QSR,Investor Group,Acquisition of Whole Company (incl. Majority Stake),Completed,2024-05-16,472604389,Restaurants,USA
SPTRD2062278,2024-01-16,"ANSYS, Inc.",,"Synopsys, Inc.",SNPS,Investor Group,Acquisition of Whole Company (incl. Majority Stake),Completed,2025-07-17,34930572292,Application Software,USA
SPTRD2062364,2024-01-16,Pilot Travel Centers LLC,,Berkshire Hathaway Inc.,BRK.B,Pilot Corporation,Acquisition of Minority Stake,Completed,2024-01-16,2600000000,Automotive Retail,USA
SPTRD2062140,2024-01-15,QuarterNorth Energy Inc.,,Talos Energy Inc.,TALO,,Acquisition of Whole Company (incl. Majority Stake),Completed,2024-03-04,1571997155,Oil and Gas Exploration and Production,USA
SPTRD2061891,2024-01-12,"Global Infrastructure Management, LLC",,"BlackRock, Inc.",BLK,,Acquisition of Whole Company (incl. Majority Stake),Completed,2024-10-01,14394120000,Asset Management,USA
SPTRD2061806,2024-01-11,Southwestern Energy Company,,Chesapeake Energy Corporation,,,Acquisition of Whole Company (incl. Majority Stake),Completed,2024-10-01,7918978699,Oil and Gas Refining and Marketing,USA
SPTRD2067752,2024-01-11,204 Convenience Stores,,"7-Eleven, Inc.",,Sunoco LP,Acquisition of Asset or Branch,Completed,2024-04-16,1000000000,Food Retail,USA
SPTRD2061318,2024-01-09,"Juniper Networks, Inc.",,Hewlett Packard Enterprise Company,HPE,,Acquisition of Whole Company (incl. Majority Stake),Completed,2025-07-02,13576993960,Systems Software,USA
SPTRD2061017,2024-01-08,"Axonics, Inc.*",,Boston Scientific Corporation,BSX,Investor Group,Acquisition of Whole Company (incl. Majority Stake),Completed,2024-11-15,3672974805,Health Care Equipment,USA
SPTRD2061070,2024-01-08,Ambrx Biopharma Inc.*,,Johnson & Johnson,JNJ,Investor Group,Acquisition of Whole Company (incl. Majority Stake),Completed,2024-03-07,1989872139,Biotechnology,USA
SPTRD2061172,2024-01-08,"Aiolos Bio, Inc.*",,GSK plc,GSK,Investor Group,Acquisition of Whole Company (incl. Majority Stake),Completed,2024-02-14,1400000000,Biotechnology,USA
SPTRD2060586,2024-01-04,Callon Petroleum Company,,APA Corporation,APA,,Acquisition of Whole Company (incl. Majority Stake),Completed,2024-04-01,2415536060,Oil and Gas Exploration and Production,USA
SPTRD2060238,2024-01-02,"PGT Innovations, Inc.",,MITER Brands,,Investor Group,Acquisition of Whole Company (incl. Majority Stake),Completed,2024-03-28,2450383656,Building Products,USA
SPTRD2059719,2023-12-27,Portfolio of natural gas storage assets,,"The Williams Companies, Inc.",WMB,"Hartree Partners, LP",Acquisition of Asset or Branch,Completed,2024-01-03,1950000000,Oil and Gas Storage and Transportation,USA
SPTRD2059379,2023-12-26,"RayzeBio, Inc.*",,Bristol-Myers Squibb Company,BMY,Investor Group,Acquisition of Whole Company (incl. Majority Stake),Completed,2024-02-26,4142789827,Biotechnology,USA
SPTRD2059022,2023-12-22,"Karuna Therapeutics, Inc.*",,Bristol-Myers Squibb Company,BMY,Investor Group,Acquisition of Whole Company (incl. Majority Stake),Completed,2024-03-18,14010325218,Biotechnology,USA
SPTRD2059078,2023-12-22,"Daseke, Inc.",,TFI International Inc.,TFII,Investor Group,Acquisition of Whole Company (incl. Majority Stake),Completed,2024-04-01,413585067,Cargo Ground Transportation,USA
SPTRD2059093,2023-12-22,OCA Acquisition Corp.,,"Powermers Smart Industries, Inc.",,Investor Group,Acquisition of Whole Company (incl. Majority Stake),Announced,,2158000000,Asset Management,USA
SPTRD2058646,2023-12-20,NFP Corp.*,,Aon plc,AON,Investor group,Acquisition of Whole Company (incl. Majority Stake),Completed,2024-04-25,12867770000,Insurance Broker,USA
SPTRD2058675,2023-12-20,Rent-Stabilized and Rent-Controlled Multifamily Loans,,"Santander Bank, National Association",,"Signature Bridge Bank, National Association",Acquisition of Asset or Branch,Completed,2023-12-20,1100000000,Unclassified,USA
SPTRD2058149,2023-12-18,"Iowa Fertilizer Company, LLC",,"Koch Ag and Energy Solutions, LLC",,OCI N.V.,Acquisition of Whole Company (incl. Majority Stake),Completed,2024-08-29,3600000000,Fertilizers and Agricultural Chemicals,USA
SPTRD2058221,2023-12-18,"Alteryx, Inc.*",,Investor Group,,Investor Group,Acquisition of Whole Company (incl. Majority Stake),Completed,2024-03-19,3741928393,Application Software,USA
SPTRD2058282,2023-12-18,United States Steel Corporation,,"Nippon Steel North America, Inc.",,,Acquisition of Whole Company (incl. Majority Stake),Completed,2025-06-18,14218382417,Steel,USA
SPTRD2058033,2023-12-15,Rockcliff Energy LLC*,,TG Natural Resources LLC,,"Quantum Energy Partners, LLC",Acquisition of Whole Company (incl. Majority Stake),Completed,2023-12-29,2700000000,Oil and Gas Exploration and Production,USA
SPTRD2058421,2023-12-14,Commercial Real Estate loan portfolio*,,Investor Group,,"Signature Bridge Bank, National Association",Acquisition of Asset or Branch,Completed,2023-12-14,1200000000,Unclassified,USA
SPTRD2057127,2023-12-11,"CrownRock, L.P.",,Occidental Petroleum Corporation,OXY,Investor Group,Acquisition of Whole Company (incl. Majority Stake),Completed,2024-08-01,11197876848,Oil and Gas Exploration and Production,USA
SPTRD2057432,2023-12-11,Eagle Bulk Shipping Inc.*,,Star Bulk Carriers Corp.,SBLK,Investor Group,Acquisition of Whole Company (incl. Majority Stake),Completed,2024-04-09,838517595,Marine Transportation,USA
SPTRD2056892,2023-12-08,Global Access Solutions,,Honeywell International Inc.,HON,Carrier Global Corporation,Acquisition of Whole Company (incl. Majority Stake),Completed,2024-06-03,4913000000,Electronic Equipment and Instruments,USA
SPTRD2144438,2023-12-08,"New Rise Renewables, LLC",,"XCF Global, Inc.",SAFX,"RESC Renewables Holdings, LLC",Acquisition of Whole Company (incl. Majority Stake),Completed,2025-02-19,1025325100,Oil and Gas Refining and Marketing,USA
SPTRD2056689,2023-12-06,"Cerevel Therapeutics Holdings, Inc.*",,AbbVie Inc.,ABBV,Investor Group,Acquisition of Whole Company (incl. Majority Stake),Completed,2024-08-01,9025496321,Biotechnology,USA
SPTRD2055892,2023-12-03,"Hawaiian Holdings, Inc.",,"Alaska Air Group, Inc.",ALK,,Acquisition of Whole Company (incl. Majority Stake),Completed,2024-09-18,929402928,Passenger Airlines,USA
SPTRD2055914,2023-12-03,Carmot Therapeutics Inc.*,,Roche Holding AG,,Investor Group,Acquisition of Whole Company (incl. Majority Stake),Completed,2024-01-29,3100000000,Biotechnology,USA
SPTRD2055624,2023-11-30,"ImmunoGen, Inc.*",,AbbVie Inc.,ABBV,Investor Group,Acquisition of Whole Company (incl. Majority Stake),Completed,2024-02-12,9445395273,Biotechnology,USA
SPTRD2055503,2023-11-29,"Rover Group, Inc.",,Blackstone Inc.,BX,,Acquisition of Whole Company (incl. Majority Stake),Completed,2024-02-27,2385317935,Specialized Consumer Services,USA
SPTRD2063796,2023-11-29,Embrace Pet Insurance Agency LLC,,JAB Holding Company LLC,,"NSM Insurance Group, LLC",Acquisition of Whole Company (incl. Majority Stake),Completed,2023-11-29,1500000000,Insurance Broker,USA
SPTRD2055638,2023-11-28,Dallas Basketball Limited,,Undisclosed Buyer,,,Acquisition of Whole Company (incl. Majority Stake),Completed,2023-12-27,3500000000,Movies and Entertainment,USA
SPTRD2054365,2023-11-20,"Martin Marietta South Texas Cement, LLC/Martin Marietta's South Texas ready-mix",,"CRH Americas Materials, Inc.",,"Martin Marietta Materials, Inc.",Acquisition of Asset or Branch,Completed,2024-02-08,2100000000,Unclassified,USA
SPTRD2053990,2023-11-17,Coastal Carolina Hospital/East Cooper Medical Center/Hilton Head Hospital,,"Novant Health, Inc.",,Investor Group,Acquisition of Asset or Branch,Completed,2024-01-31,2400000000,Health Care Facilities,USA
SPTRD2058172,2023-11-14,"AmWINS Group, Inc.*",,Investor Group,,Public Sector Pension Investment Board,Acquisition of Minority Stake,Completed,2023-11-14,1000000000,Insurance Broker,USA
SPTRD2059087,2023-11-10,Screaming Eagle Acquisition Corp.,,Studio Business of Lions Gate Entertainment Corp.,,,Acquisition of Whole Company (incl. Majority Stake),Completed,2024-05-13,2787082244,Asset Management,USA
SPTRD2052607,2023-11-09,"Electron Device Business of Communications & Power Industries, Inc.",,TransDigm Group Incorporated,TDG,Communications & Power Industries LLC,Acquisition of Asset or Branch,Completed,2024-06-06,1385000000,Aerospace and Defense,USA
SPTRD2051915,2023-11-06,Bluegreen Vacations Holding Corporation,,Hilton Grand Vacations Inc.,HGV,Investor Group,Acquisition of Whole Company (incl. Majority Stake),Completed,2024-01-17,1277833725,"Hotels, Resorts and Cruise Lines",USA
SPTRD2051973,2023-11-06,Guidehouse Inc.*,,"Bain Capital Private Equity, LP",,"Veritas Capital Fund Management, L.L.C",Acquisition of Whole Company (incl. Majority Stake),Completed,2023-12-14,5300000000,Research and Consulting Services,USA
SPTRD2052067,2023-11-06,Texas natural gas pipeline portfolio,,"Kinder Morgan, Inc.",KMI,"NextEra Energy Partners, LP",Acquisition of Asset or Branch,Completed,2023-12-28,1815000000,Oil and Gas Storage and Transportation,USA
SPTRD2058853,2023-11-03,Six Morrow Renewables Operating Landfill gas-to-RNG Production Facilities,,Enbridge Inc.,ENB,"Morrow Renewables, LLC",Acquisition of Asset or Branch,Completed,2024-01-02,1007000000,Oil and Gas Exploration and Production,USA
SPTRD2051449,2023-11-02,Six Flags Entertainment Corporation,FUN,"Cedar Fair, L.P.",,,Acquisition of Whole Company (incl. Majority Stake),Completed,2024-07-01,2633337387,Leisure Facilities,USA
SPTRD2051281,2023-11-01,"Hulu, LLC",,The Walt Disney Company,DIS,Comcast Corporation,Acquisition of Minority Stake,Completed,2025-06-28,9048700000,Movies and Entertainment,USA
SPTRD2050706,2023-10-30,Physicians Realty Trust,,"Healthpeak Properties, Inc.",DOC,,Acquisition of Whole Company (incl. Majority Stake),Completed,2024-03-01,2731871538,Health Care REIT,USA
SPTRD2050743,2023-10-30,"Spirit Realty Capital, Inc.",,Realty Income Corporation,O,,Acquisition of Whole Company (incl. Majority Stake),Completed,2024-01-23,6265287947,Retail REIT,USA
SPTRD2050799,2023-10-30,"Northern Star Holdings, Inc.*",,"Hubbell Power Systems, Inc.",,"Comvest Advisors, LLC",Acquisition of Whole Company (incl. Majority Stake),Completed,2023-12-12,1100000000,Electrical Components and Equipment: Heavy,USA
SPTRD2049916,2023-10-24,"Cybersecurity, Intelligence and Services Business of Raytheon Company",,Undisclosed Buyer,,Raytheon Company,Acquisition of Asset or Branch,Completed,2024-03-29,1300000000,Aerospace and Defense,USA
SPTRD2050910,2023-10-24,"Paragon Medical, Inc.*",,"AMETEK, Inc.",AME,American Securities LLC,Acquisition of Whole Company (incl. Majority Stake),Completed,2023-12-08,1900000000,Health Care Supplies,USA
SPTRD2049700,2023-10-23,Hess Corporation,,Chevron Corporation,CVX,Investor Group,Acquisition of Whole Company (incl. Majority Stake),Completed,2025-07-18,47820985764,Oil and Gas Exploration and Production,USA
SPTRD2049732,2023-10-23,"EngageSmart, Inc.*",,"Vista Equity Partners Management, LLC",,Investor Group,Acquisition of Whole Company (incl. Majority Stake),Completed,2024-01-26,2509567789,Application Software,USA
SPTRD2066500,2023-10-23,"Telavant Holdings, Inc.",,Roche Holding AG,,Investor Group,Acquisition of Whole Company (incl. Majority Stake),Completed,2023-12-14,7250000000,Biotechnology,USA
SPTRD2050337,2023-10-19,"Newly Weds Foods, Inc.*",,"Redwood Capital Investments, LLC",,,Acquisition of Whole Company (incl. Majority Stake),Completed,2024-10-19,4000000000,Packaged Foods and Meats Producers,USA
SPTRD2049022,2023-10-16,Sporting Products Segment Business (The Kinetic Group) of Vista Outdoor Inc.,,CSG N.V.,,Vista Outdoor Inc.,Acquisition of Asset or Branch,Completed,2024-11-27,2225000000,Leisure Products Producers,USA
SPTRD2048111,2023-10-11,Pioneer Natural Resources Company,,Exxon Mobil Corporation,XOM,,Acquisition of Whole Company (incl. Majority Stake),Completed,2024-05-03,63433585260,Oil and Gas Exploration and Production,USA
SPTRD2047750,2023-10-09,"National Western Life Group, Inc.",,"S.USA Life Insurance Company, Inc.",,,Acquisition of Whole Company (incl. Majority Stake),Completed,2024-07-09,1837048000,Life and Health,USA
SPTRD2047675,2023-10-08,"Mirati Therapeutics, Inc.*",,Bristol-Myers Squibb Company,BMY,Investor Group,Acquisition of Whole Company (incl. Majority Stake),Completed,2024-01-23,6002985352,Biotechnology,USA
SPTRD2047188,2023-10-05,SP Plus Corporation,,"Metropolis Technologies, Inc.",,Investor Group,Acquisition of Whole Company (incl. Majority Stake),Completed,2024-05-10,1118643264,Environmental and Facilities Services,USA
SPTRD2046941,2023-10-04,"Certain oil and gas assets in the Midland basin in Texas of Vencer Energy, LLC",,"Civitas Resources, Inc.",,"Vencer Energy, LLC",Acquisition of Asset or Branch,Completed,2024-01-02,2023356816,Oil and Gas Exploration and Production,USA
SPTRD2046669,2023-10-03,POINT Biopharma Global Inc.*,,Eli Lilly and Company,LLY,Investor Group,Acquisition of Whole Company (incl. Majority Stake),Completed,2023-12-27,1376823637,Biotechnology,USA
SPTRD2046486,2023-10-01,Substantially All of the Over-the-Counter Business of Viatris Inc.,,Cooper Consumer Health SAS,,Viatris Inc.,Acquisition of Asset or Branch,Completed,2024-07-03,2093622504,Pharmaceuticals,USA
SPTRD2046148,2023-09-28,"Chico's FAS, Inc.*",,"Sycamore Partners Management, L.P.",,Investor Group,Acquisition of Whole Company (incl. Majority Stake),Completed,2024-01-05,992657751,Apparel Retail,USA
SPTRD2045267,2023-09-21,Splunk Inc.*,,"Cisco Systems, Inc.",CSCO,Investor Group,Acquisition of Whole Company (incl. Majority Stake),Completed,2024-03-18,30055063178,Application Software,USA
SPTRD2043983,2023-09-12,600 MHz band,,T-Mobile License LLC,,Comcast Corporation,Acquisition of Asset or Branch,Announced,,3300000000,Wireless Telecommunication Services,USA
SPTRD2044328,2023-09-12,WestRock Company,,Smurfit Westrock Plc,SW,Investor Group,Acquisition of Whole Company (incl. Majority Stake),Completed,2024-07-05,11502817075,Packaging and Materials: Paper and Plastic,USA
SPTRD2043630,2023-09-11,"Hostess Brands, Inc.",,The J. M. Smucker Company,SJM,Investor Group,Acquisition of Whole Company (incl. Majority Stake),Completed,2023-11-07,4521958732,Packaged Foods and Meats Producers,USA
SPTRD2043632,2023-09-11,"Avantax, Inc.*",,"Aretec Group, Inc.",,,Acquisition of Whole Company (incl. Majority Stake),Completed,2023-11-27,1024708014,Asset Management,USA
SPTRD2043206,2023-09-07,Argos North America Corp.,,"Summit Materials, Inc.",,Investor Group,Acquisition of Whole Company (incl. Majority Stake),Completed,2024-01-12,3236115200,Construction Materials,USA
SPTRD2045190,2023-09-07,Jim Koons Management Co Inc.,,Asbury Automotive Group L.L.C.,,,Acquisition of Whole Company (incl. Majority Stake),Completed,2023-12-11,1200000000,Automotive Retail,USA
SPTRD2042986,2023-09-06,"NextGen Healthcare, Inc.*",,"Thoma Bravo, L.P.",,,Acquisition of Whole Company (incl. Majority Stake),Completed,2023-11-09,1894582361,Health Care Technology,USA
SPTRD2043044,2023-09-06,"Energy Capital Partners, LLC*",,Bridgepoint Group plc,,GP Strategic Capital,Acquisition of Whole Company (incl. Majority Stake),Completed,2024-08-20,1207616723,Asset Management,USA
SPTRD2042737,2023-09-05,Certain Mineral And Royalty Interests*,,Viper Energy Partners LLC,,Investor Group,Acquisition of Asset or Branch,Completed,2023-11-01,1006854285,Oil and Gas Exploration and Production,USA
SPTRD2042808,2023-09-05,The East Ohio Gas Company,,Enbridge Inc.,ENB,"Dominion Energy, Inc.",Acquisition of Whole Company (incl. Majority Stake),Completed,2024-03-06,4300000000,Gas Utilities,USA
SPTRD2042877,2023-09-05,Questar Gas Company,,Enbridge Inc.,ENB,"Dominion Energy, Inc.",Acquisition of Whole Company (incl. Majority Stake),Completed,2024-05-31,2950000000,Gas Utilities,USA
SPTRD2042960,2023-09-05,"Public Service Company of North Carolina, Incorporated",,Enbridge Inc.,ENB,"Dominion Energy, Inc.",Acquisition of Whole Company (incl. Majority Stake),Completed,2024-09-30,2200000000,Gas Utilities,USA
SPTRD2041609,2023-08-28,Hersha Hospitality Trust*,,"KSL Advisors, LLC",,,Acquisition of Whole Company (incl. Majority Stake),Completed,2023-11-28,401049160,Hotel and Resort REIT,USA
SPTRD2041610,2023-08-28,RPT Realty,,Kimco Realty Corporation,KIM,,Acquisition of Whole Company (incl. Majority Stake),Completed,2024-01-02,1104758487,Retail REIT,USA
SPTRD2041268,2023-08-24,Doctor's Associates Inc.*,,Roark Capital Management LLC,,,Acquisition of Whole Company (incl. Majority Stake),Completed,2024-04-30,10000000000,Restaurants,USA
SPTRD2040643,2023-08-21,"Earthstone Energy, Inc.*",,Permian Resources Corporation,PR,Investor Group,Acquisition of Whole Company (incl. Majority Stake),Completed,2023-11-01,2945130599,Oil and Gas Exploration and Production,USA
SPTRD2040276,2023-08-17,BAE Systems Space & Mission Systems Holdings Inc.,,"BAE Systems, Inc.",,Ball Corporation,Acquisition of Whole Company (incl. Majority Stake),Completed,2024-02-16,5550000000,Unclassified,USA
SPTRD2040127,2023-08-16,Crestwood Equity Partners LP,,Energy Transfer LP,ET,,Acquisition of Whole Company (incl. Majority Stake),Completed,2023-11-03,4993096638,Oil and Gas Storage and Transportation,USA
SPTRD2039444,2023-08-10,"Omni Logistics, LLC*",,Forward Air Corporation,FWRD,Investor Group,Acquisition of Whole Company (incl. Majority Stake),Completed,2024-01-25,3200000000,Air Freight and Logistics,USA
SPTRD2039174,2023-08-09,"Avid Technology, Inc.*",,"Symphony Technology Group, LLC",,Investor Group,Acquisition of Whole Company (incl. Majority Stake),Completed,2023-11-07,1228333656,"Technology Hardware, Storage and Peripherals",USA
SPTRD2038833,2023-08-08,"Fire & Security Holdings, LLC*",,GTCR LLC,,The ADT Security Corporation,Acquisition of Whole Company (incl. Majority Stake),Completed,2023-10-02,1612500000,Security and Alarm Services,USA
SPTRD2038848,2023-08-08,"Syntellis Performance Solutions, LLC*",,"Strata Decision Technology, L.L.C.",,Investor Group,Acquisition of Whole Company (incl. Majority Stake),Completed,2023-08-08,1400000000,Application Software,USA
SPTRD2038880,2023-08-08,DISH Network Corporation,,EchoStar Corp.,SATS,,Acquisition of Whole Company (incl. Majority Stake),Completed,2023-12-31,488665442,Cable and Satellite,USA
SPTRD2038727,2023-08-07,"Simon & Schuster, Inc.",,KKR & Co. Inc.,KKR,Paramount Global,Acquisition of Whole Company (incl. Majority Stake),Completed,2023-10-30,1620000000,Publishing,USA
SPTRD2038807,2023-08-07,Veritiv Corporation*,,"Clayton, Dubilier & Rice, LLC",,Investor Group,Acquisition of Whole Company (incl. Majority Stake),Completed,2023-11-30,2410892102,Trading Companies and Distributors,USA
SPTRD2038808,2023-08-07,"Sovos Brands, Inc.*",,Campbell Soup Company,,Investor Group,Acquisition of Whole Company (incl. Majority Stake),Completed,2024-03-12,2460865174,Packaged Foods and Meats Producers,USA
SPTRD2037522,2023-07-30,"New Relic, Inc.*",,Investor Group,,Investor Group,Acquisition of Whole Company (incl. Majority Stake),Completed,2023-11-07,6982184902,Application Software,USA
SPTRD2037234,2023-07-28,Assets of early-stage rare disease gene therapy portfolio of Pfizer Inc.,,"Alexion Pharmaceuticals, Inc.",,Pfizer Inc.,Acquisition of Asset or Branch,Completed,2023-09-19,1000000000,Biotechnology,USA
SPTRD2037262,2023-07-28,Quten Research Institute LLC,,Sanofi,SNY,,Acquisition of Whole Company (incl. Majority Stake),Completed,2023-09-29,1400000000,Personal Care and Beauty Products: Producers,USA
SPTRD2037276,2023-07-28,"Reata Pharmaceuticals, Inc.*",,Biogen Inc.,BIIB,Investor Group,Acquisition of Whole Company (incl. Majority Stake),Completed,2023-09-26,7532527314,Pharmaceuticals,USA
SPTRD2036523,2023-07-24,"Simply Storage Management, LLC",,Public Storage,PSA,"Blackstone Real Estate Income Trust, Inc.",Acquisition of Whole Company (incl. Majority Stake),Completed,2023-09-13,2200000000,Real Estate Operating and Management,USA
SPTRD2036611,2023-07-24,"Imperva, Inc.*",,Thales S.A.,,"Thoma Bravo, L.P.",Acquisition of Whole Company (incl. Majority Stake),Completed,2023-12-04,3700000000,Systems Software,USA
SPTRD2036653,2023-07-24,"Columbia Gas Transmission, LLC/Columbia Gulf Transmission, LLC",,"Global Infrastructure Management, LLC",,TC Energy Corporation,Acquisition of Minority Stake,Completed,2023-10-04,3900000000,Oil and Gas Storage and Transportation,USA
SPTRD2036298,2023-07-21,Chase Corporation,,KKR & Co. Inc.,KKR,,Acquisition of Whole Company (incl. Majority Stake),Completed,2023-11-15,1248394575,Specialty Chemicals,USA
SPTRD2036169,2023-07-20,CRAFT 1861 Global Holdings Inc.,,"Nano Cures International, Inc.",,,Acquisition of Whole Company (incl. Majority Stake),Completed,2024-08-01,1849040792,Pharmaceuticals,USA
SPTRD2035917,2023-07-19,"Nextech Systems, LLC",,TPG Inc.,TPG,"Thomas H. Lee Partners, L.P.",Acquisition of Whole Company (incl. Majority Stake),Completed,2023-08-31,1400000000,Health Care Technology,USA
SPTRD2035978,2023-07-19,"Heritage-Crystal Clean, Inc.*",,"J.F. Lehman and Company, LLC",,Investor Group,Acquisition of Whole Company (incl. Majority Stake),Completed,2023-10-17,1138518519,Environmental and Facilities Services,USA
SPTRD2035263,2023-07-14,"Versanis Bio, Inc.*",,Eli Lilly and Company,LLY,Investor Group,Acquisition of Whole Company (incl. Majority Stake),Completed,2023-08-14,1925000000,Biotechnology,USA
SPTRD2035492,2023-07-14,"DTx Pharma, Inc.*",,Novartis AG,NVS,Investor Group,Acquisition of Whole Company (incl. Majority Stake),Completed,2023-07-14,1100000000,Biotechnology,USA
SPTRD2035092,2023-07-13,Western Asset Mortgage Capital Corporation,,"AG Mortgage Investment Trust, Inc.",,,Acquisition of Whole Company (incl. Majority Stake),Completed,2023-12-06,57097544,Mortgage REIT,USA
SPTRD2035176,2023-07-13,Denbury Inc.,,Exxon Mobil Corporation,XOM,Investor Group,Acquisition of Whole Company (incl. Majority Stake),Completed,2023-11-02,4811415520,Oil and Gas Exploration and Production,USA
SPTRD2034590,2023-07-11,AltC Acquisition Corp.,,Oklo Inc.,OKLO,Investor Group,Acquisition of Whole Company (incl. Majority Stake),Completed,2024-05-09,1486301590,Asset Management,USA
SPTRD2034376,2023-07-10,"Cove Point LNG, LP",,Berkshire Hathaway Energy Company,,"Dominion Energy, Inc.",Acquisition of Whole Company (incl. Majority Stake),Completed,2023-09-01,3300000000,Oil and Gas Storage and Transportation,USA
SPTRD2033948,2023-07-07,Kerecis LLC*,,Coloplast A/S,,Investor Group,Acquisition of Whole Company (incl. Majority Stake),Completed,2023-08-31,1300000000,Biotechnology,USA
SPTRD2032807,2023-06-29,Semper Paratus Acquisition Corporation,,Tevogen Bio Inc.,TVGN,Investor Group,Acquisition of Whole Company (incl. Majority Stake),Completed,2024-02-14,1479800000,Asset Management,USA
SPTRD2032225,2023-06-27,American Equity Investment Life Holding Company,,Brookfield Reinsurance Ltd.,,,Acquisition of Whole Company (incl. Majority Stake),Completed,2024-05-02,3768184822,Life and Health,USA
SPTRD2032146,2023-06-26,"Mosaic ML, Inc.*",,"Databricks, Inc.",,Investor Group,Acquisition of Whole Company (incl. Majority Stake),Completed,2023-07-12,1300000000,Systems Software,USA
SPTRD2032162,2023-06-26,245 Park Avenue,,"Mori Trust Co., Ltd.",,SL Green Realty Corp.,Acquisition of Asset or Branch,Completed,2023-06-26,1995000000,Real Estate Operating and Management,USA
SPTRD2032174,2023-06-26,14MSF Blackstone Industrial Portfolio*,,"Prologis, Inc.",PLD,Blackstone Inc.,Acquisition of Asset or Branch,Completed,2023-06-29,3100000000,Real Estate Operating and Management,USA
SPTRD2032295,2023-06-26,"Apptio, Inc.*",,International Business Machines Corporation,IBM,"Vista Equity Partners Management, LLC",Acquisition of Whole Company (incl. Majority Stake),Completed,2023-08-10,4612000000,Application Software,USA
SPTRD2031251,2023-06-20,"Hibernia Energy III, LLC/Hibernia Energy III-B, LLC*",,"Civitas Resources, Inc.",,"NGP Energy Capital Management, LLC",Acquisition of Whole Company (incl. Majority Stake),Completed,2023-08-02,2200000000,Unclassified,USA
SPTRD2031276,2023-06-20,"Compass Datacenters, LLC*",,Investor Group,,Investor Group,Acquisition of Whole Company (incl. Majority Stake),Completed,2023-10-02,1350000000,Internet Services and Infrastructure,USA
SPTRD2031305,2023-06-20,"DICE Therapeutics, Inc.*",,Eli Lilly and Company,LLY,Investor Group,Acquisition of Whole Company (incl. Majority Stake),Completed,2023-08-09,2431777394,Pharmaceuticals,USA
SPTRD2030740,2023-06-15,NexTier Oilfield Solutions Inc.*,,"Patterson-UTI Energy, Inc.",PTEN,Investor Group,Acquisition of Whole Company (incl. Majority Stake),Completed,2023-09-01,2541519587,Oil and Gas Equipment and Services,USA
SPTRD2030792,2023-06-15,"Novo Oil & Gas Holdings, LLC*",,"Earthstone Energy Holdings, LLC",,Investor Group,Acquisition of Whole Company (incl. Majority Stake),Completed,2023-08-15,1500000000,Oil and Gas Exploration and Production,USA
SPTRD2030536,2023-06-14,South Texas Gateway Terminal LLC,,Gibson Energy Inc.,,"Buckeye Partners, L.P.",Acquisition of Whole Company (incl. Majority Stake),Completed,2023-08-01,1099500000,Oil and Gas Storage and Transportation,USA
SPTRD2029985,2023-06-12,"Adenza Group, Inc.",,"Nasdaq, Inc.",NDAQ,"Thoma Bravo, L.P.",Acquisition of Whole Company (incl. Majority Stake),Completed,2023-11-01,10060177334,Application Software,USA
SPTRD2030027,2023-06-12,"Chinook Therapeutics, Inc.*",,Novartis AG,NVS,Investor Group,Acquisition of Whole Company (incl. Majority Stake),Completed,2023-08-11,3500000000,Biotechnology,USA
SPTRD2030080,2023-06-12,Commercial Renewables business,,Brookfield Renewable Partners L.P.,BEP,Duke Energy Corporation,Acquisition of Asset or Branch,Completed,2023-10-25,2800000000,Renewable Electricity,USA
SPTRD2028889,2023-06-05,"CIRCOR International, Inc.*",,KKR & Co. Inc.,KKR,,Acquisition of Whole Company (incl. Majority Stake),Completed,2023-10-18,1179077648,Machinery and Supplies and Components: Industrial,USA
SPTRD2028918,2023-06-05,Loan portfolio,,Fairfax Financial Holdings Limited,,"Kennedy-Wilson Holdings, Inc.",Acquisition of Asset or Branch,Completed,2023-07-07,2100000000,Specialty Finance: Commercial Focused,USA
SPTRD2029802,2023-06-05,"Amedisys, Inc.",,"Optum, Inc.",,Investor Group,Acquisition of Whole Company (incl. Majority Stake),Completed,2025-08-14,3364312222,Health Care Services,USA
SPTRD2028430,2023-06-01,South Texas Project,,"Constellation Energy Generation, LLC",,"NRG Energy, Inc.",Acquisition of Asset or Branch,Completed,2023-11-01,1750000000,Electric Utilities,USA
SPTRD2028235,2023-05-31,"Putnam Investments, LLC",,"Franklin Resources, Inc.",BEN,Great-West Lifeco Inc.,Acquisition of Whole Company (incl. Majority Stake),Completed,2024-01-01,1300000000,Asset Management,USA
SPTRD2028294,2023-05-31,"Jetro Holdings, LLC",,Undisclosed Buyer,,"Fomento Económico Mexicano, S.A.B. de C.V.",Acquisition of Minority Stake,Completed,2023-06-30,1400000000,Food Distributors,USA
SPTRD2028343,2023-05-31,"PureWest Energy, LLC*",,Investor Group,,,Acquisition of Whole Company (incl. Majority Stake),Completed,2023-05-31,1840000000,Oil and Gas Exploration and Production,USA
SPTRD2027936,2023-05-27,Liberty Seguros personal and small commercial business of Liberty Mutual Insuran,,HDI International AG,,Liberty Mutual Holding Company Inc.,Acquisition of Asset or Branch,Completed,2024-03-01,1491730624,Property and Casualty,USA
SPTRD2027207,2023-05-23,"The Necessity Retail REIT, Inc.",,"Global Net Lease, Inc.",GNL,,Acquisition of Whole Company (incl. Majority Stake),Completed,2023-09-12,1084915244,Retail REIT,USA
SPTRD2026816,2023-05-22,Loan portfolio*,,"Kennedy-Wilson Holdings, Inc.",KW,PacWest Bancorp,Acquisition of Asset or Branch,Completed,2023-07-07,2400000000,Mortgage Banks and Brokers,USA
SPTRD2026839,2023-05-22,"PDC Energy, Inc.",,Chevron Corporation,CVX,Investor Group,Acquisition of Whole Company (incl. Majority Stake),Completed,2023-08-07,6520613394,Oil and Gas Exploration and Production,USA
SPTRD2026451,2023-05-18,Urstadt Biddle Properties Inc.,,Regency Centers Corporation,REG,,Acquisition of Whole Company (incl. Majority Stake),Completed,2023-08-18,832920390,Retail REIT,USA
SPTRD2026247,2023-05-17,in-force individual life insurance business of FNWL,,Security Life of Denver Insurance Company,,Farmers New World Life Insurance Company,Acquisition of Asset or Branch,Completed,2023-08-01,1800000000,Life and Health,USA
SPTRD2025736,2023-05-15,"Angelo, Gordon & Co., L.P.",,TPG Inc.,TPG,,Acquisition of Whole Company (incl. Majority Stake),Completed,2023-11-01,3097500000,Asset Management,USA
SPTRD2025802,2023-05-15,"Wencor Group, LLC*",,HEICO Corporation,HEI,Warburg Pincus LLC,Acquisition of Whole Company (incl. Majority Stake),Completed,2023-08-04,2060246280,Aerospace and Defense,USA
SPTRD2025726,2023-05-14,"Magellan Midstream Partners, L.P.",,"ONEOK, Inc.",OKE,,Acquisition of Whole Company (incl. Majority Stake),Completed,2023-09-25,14156180421,Oil and Gas Storage and Transportation,USA
SPTRD2025427,2023-05-12,Washington Commander's NFL franchise,,Private Investor,,Undisclosed Seller,Acquisition of Asset or Branch,Completed,2023-07-21,6050000000,Movies and Entertainment,USA
SPTRD2025201,2023-05-11,"CI US Holdings, Inc.*",,Investor group,,CI Financial Corp.,Acquisition of Minority Stake,Announced,,1000000000,Asset Management,USA
SPTRD2024813,2023-05-10,CTI BioPharma Corp.,,Swedish Orphan Biovitrum AB (publ),,Investor Group,Acquisition of Whole Company (incl. Majority Stake),Completed,2023-06-26,1680327825,Biotechnology,USA
SPTRD2024905,2023-05-10,"Syneos Health, Inc.*",,Investor Group,,Investor Group,Acquisition of Whole Company (incl. Majority Stake),Completed,2023-09-28,4605823877,Life Sciences Tools and Services,USA
SPTRD2024913,2023-05-10,Livent Corporation,,Allkem Limited,,,Acquisition of Whole Company (incl. Majority Stake),Completed,2024-01-04,2876760006,Specialty Chemicals,USA
SPTRD2024722,2023-05-09,Mattress Firm Group Inc.,,"Tempur Sealy International, Inc.",,Investor Group,Acquisition of Whole Company (incl. Majority Stake),Completed,2025-02-05,4001604000,Homefurnishing Retail,USA
SPTRD2024418,2023-05-08,Simtra US LLC*,,Investor Group,,Investor Group,Acquisition of Whole Company (incl. Majority Stake),Completed,2023-09-29,4250000000,Pharmaceuticals,USA
SPTRD2024003,2023-05-04,Arconic Corporation,,Investor group,,,Acquisition of Whole Company (incl. Majority Stake),Completed,2023-08-18,3100616850,Aluminum,USA
SPTRD2024086,2023-05-04,"Holly Energy Partners, L.P.",,HF Sinclair Corporation,DINO,,Acquisition of Whole Company (incl. Majority Stake),Completed,2023-12-01,1372435603,Oil and Gas Storage and Transportation,USA
SPTRD2023438,2023-05-02,"Spectrum Plastics Group, Inc.*",,"DuPont de Nemours, Inc.",DD,AEA Investors LP,Acquisition of Whole Company (incl. Majority Stake),Completed,2023-08-01,1750000000,Health Care Supplies,USA
SPTRD2023143,2023-04-30,"IVERIC bio, Inc.*",,"Astellas US Holding, Inc.",,Investor Group,Acquisition of Whole Company (incl. Majority Stake),Completed,2023-07-11,5926264170,Biotechnology,USA
SPTRD2022899,2023-04-27,Arrowroot Acquisition Corp.,,"iLearningEngines, Inc.",,Arrowroot Acquisition LLC,Acquisition of Whole Company (incl. Majority Stake),Completed,2024-04-16,1310250671,Asset Management,USA
SPTRD2041174,2023-04-27,Portfolio of 173 retail assets,,Investor Group,,Investor Group,Acquisition of Asset or Branch,Completed,2023-04-27,1800000000,Unclassified,USA
SPTRD2032606,2023-04-25,"IMG Academy, LLC",,Investor group,,"Endeavor Group Holdings, Inc.",Acquisition of Whole Company (incl. Majority Stake),Completed,2023-06-28,1100000000,Education Services,USA
SPTRD2022059,2023-04-24,BAQSIMI worldwide and related assets of Eli Lilly and Company,,"Amphastar Medication Co., LLC",,Eli Lilly and Company,Acquisition of Asset or Branch,Completed,2023-06-30,1075000000,Pharmaceuticals,USA
SPTRD2028072,2023-04-22,worldwide commercial rights for Zyprexa,,CHEPLAPHARM Arzneimittel GmbH,,Eli Lilly and Company,Acquisition of Asset or Branch,Completed,2023-07-24,1405000000,Pharmaceuticals,USA
SPTRD2021640,2023-04-20,"OneOncology, LLC*",,Investor Group,,"General Atlantic Service Company, L.P.",Acquisition of Whole Company (incl. Majority Stake),Completed,2023-06-09,2100000000,Health Care Facilities,USA
SPTRD2021666,2023-04-20,Affordable Apartment Homes Across Eight States of US,,Essential Housing Impact Partnership,,Harmony Housing,Acquisition of Asset or Branch,Completed,2023-04-20,1200000000,Unclassified,USA
SPTRD2020857,2023-04-16,"Prometheus Biosciences, Inc.*",,"Merck & Co., Inc.",MRK,Investor Group,Acquisition of Whole Company (incl. Majority Stake),Completed,2023-06-16,10847163053,Biotechnology,USA
SPTRD2020660,2023-04-13,"Consolidated Communications Holdings, Inc.*",,Investor group,,,Acquisition of Whole Company (incl. Majority Stake),Completed,2024-12-27,386680943,Integrated Telecommunication Services,USA
SPTRD2020035,2023-04-11,FGS Global Inc*,,KKR & Co. Inc.,KKR,Investor Group,Acquisition of Minority Stake,Completed,2023-07-31,1425000000,Research and Consulting Services,USA
SPTRD2019158,2023-04-05,"Scopely, Inc.*",,Savvy Games Group,,Investor Group,Acquisition of Whole Company (incl. Majority Stake),Completed,2023-07-12,4900000000,Interactive Home Entertainment,USA
SPTRD2018438,2023-04-03,"Life Storage, Inc.",,Extra Space Storage Inc.,EXR,,Acquisition of Whole Company (incl. Majority Stake),Completed,2023-07-20,11368991737,Self-Storage REIT,USA
SPTRD2018510,2023-04-03,"World Wrestling Entertainment, Inc.",,"Zuffa, LLC",,,Acquisition of Whole Company (incl. Majority Stake),Completed,2023-09-12,8370300000,Movies and Entertainment,USA
SPTRD2018553,2023-04-03,"Substantially All leasehold interest & related assets of Black Swan Oil, Petrole*",,Ovintiv USA Inc.,,Investor Group,Acquisition of Asset or Branch,Completed,2023-06-12,4439650921,Unclassified,USA
SPTRD2018624,2023-04-03,"ECM Industries, LLC*",,nVent Electric plc,NVT,"Sentinel Capital Partners, L.L.C.",Acquisition of Whole Company (incl. Majority Stake),Completed,2023-05-18,1137500000,Trading Companies and Distributors,USA
SPTRD2020969,2023-03-31,"Boardriders, Inc.",,Authentic Brands Group Inc.,,,Acquisition of Whole Company (incl. Majority Stake),Completed,2023-09-01,1300000000,"Apparel, Accessories and Luxury Goods",USA
SPTRD2017394,2023-03-28,United Malt Group Limited,,Malteries Soufflet SAS,,,Acquisition of Whole Company (incl. Majority Stake),Completed,2023-11-15,981943999,Packaged Foods and Meats Producers,USA
SPTRD2017255,2023-03-27,Centurion Pipeline Company LLC,,Energy Transfer LP,ET,"Lotus Midstream, LLC",Acquisition of Whole Company (incl. Majority Stake),Completed,2023-05-02,1504495000,Oil and Gas Storage and Transportation,USA
SPTRD2015995,2023-03-20,"Ammonia Production Facility and Business in Waggaman, Louisiana of Incitec Pivot",,"CF Industries Holdings, Inc.",CF,Incitec Pivot Limited,Acquisition of Asset or Branch,Completed,2023-12-01,1675000000,Unclassified,USA
SPTRD2016336,2023-03-20,"Franchise Group, Inc.",,Management Group,,,Acquisition of Whole Company (incl. Majority Stake),Completed,2023-08-21,732708921,Other Specialty Retail,USA
SPTRD2015237,2023-03-15,Kaena Corporation,,"T-Mobile US, Inc.",TMUS,,Acquisition of Whole Company (incl. Majority Stake),Completed,2024-05-01,1350000000,Wireless Telecommunication Services,USA
SPTRD2015064,2023-03-14,Univar Solutions Inc.,,Investor group,,,Acquisition of Whole Company (incl. Majority Stake),Completed,2023-08-01,5898535962,Trading Companies and Distributors,USA
SPTRD2015095,2023-03-14,Cvent Holding Corp.,,Investor group,,,Acquisition of Whole Company (incl. Majority Stake),Completed,2023-06-15,4693878093,Application Software,USA
SPTRD2014859,2023-03-13,Seagen Inc.*,,Pfizer Inc.,PFE,Investor Group,Acquisition of Whole Company (incl. Majority Stake),Completed,2023-12-14,44493206162,Biotechnology,USA
SPTRD2014904,2023-03-13,"Provention Bio, Inc.",,Sanofi,SNY,,Acquisition of Whole Company (incl. Majority Stake),Completed,2023-04-27,2856870416,Pharmaceuticals,USA
SPTRD2014924,2023-03-13,Momentive Global Inc.*,,"Symphony Technology Group, LLC",,Investor Group,Acquisition of Whole Company (incl. Majority Stake),Completed,2023-05-31,1531329790,Application Software,USA
SPTRD2014858,2023-03-12,Qualtrics International Inc.*,,Investor Group,,Investor Group,Acquisition of Whole Company (incl. Majority Stake),Completed,2023-06-28,10887984386,Application Software,USA
SPTRD2014224,2023-03-08,"Diversey Holdings, Ltd.*",,Solenis LLC,,"Bain Capital Private Equity, LP",Acquisition of Whole Company (incl. Majority Stake),Completed,2023-07-05,2636353316,Specialty Chemicals,USA
SPTRD2015333,2023-03-08,Securities portfolio of Silicon Valley Bank,,Goldman Sachs & Co. LLC,,SVB Financial Group,Acquisition of Asset or Branch,Completed,2023-03-08,21450000000,Asset Management,USA
SPTRD2013788,2023-03-06,414 Single-tenant Convenience Store Properties in the U.S,,Realty Income Corporation,O,EG Group Limited,Acquisition of Asset or Branch,Completed,2023-06-30,1500000000,Real Estate Operating and Management,USA
SPTRD2013792,2023-03-06,"NJOY Holdings, Inc.*",,"Altria Group, Inc.",MO,Investor Group,Acquisition of Whole Company (incl. Majority Stake),Completed,2023-06-01,3250000000,Tobacco Producers,USA
SPTRD2013858,2023-03-06,Energy Harbor Corp.,,Vistra Operations Company LLC,,Investor group,Acquisition of Whole Company (incl. Majority Stake),Completed,2024-03-01,4596000000,Electric Utilities,USA
SPTRD2013050,2023-03-01,"Radius Global Infrastructure, Inc.*",,Investor Group,,Investor Group,Acquisition of Whole Company (incl. Majority Stake),Completed,2023-09-21,1836351203,Integrated Telecommunication Services,USA
SPTRD2012780,2023-02-28,Ranger Oil Corporation*,,Baytex Energy Corp.,BTE,Investor Group,Acquisition of Whole Company (incl. Majority Stake),Completed,2023-06-20,1036294122,Oil and Gas Exploration and Production,USA
SPTRD2012810,2023-02-28,"Amplexor Life Sciences, LLC*",,ArisGlobal LLC,,,Acquisition of Whole Company (incl. Majority Stake),Completed,2023-04-20,8000000000,Health Care Technology,USA
SPTRD2018839,2023-02-28,Heska Corporation,,"Antech Diagnostics, Inc.",,Investor Group,Acquisition of Whole Company (incl. Majority Stake),Completed,2023-06-13,1518573513,Health Care Equipment,USA
SPTRD2011904,2023-02-22,Renewables Portfolio,,IRG Acquisition Holdings,,"American Electric Power Company, Inc.",Acquisition of Asset or Branch,Completed,2023-08-16,1300000000,Renewable Electricity,USA
SPTRD2011718,2023-02-21,Marblegate Acquisition Corp.,,Marblegate Capital Corporation,,Investor Group,Acquisition of Whole Company (incl. Majority Stake),Completed,2025-04-10,2705897535,Asset Management,USA
SPTRD2011593,2023-02-20,Northern Portion of Chesapeake Eagle Ford Asset,,INEOS Upstream Holdings Limited,,Investor Group,Acquisition of Asset or Branch,Completed,2023-04-27,1400000000,Unclassified,USA
SPTRD2010725,2023-02-16,"Truist Insurance Holdings, Inc.",,Investor Group,,Truist Financial Corporation,Acquisition of Minority Stake,Completed,2023-04-03,1950000000,Insurance Broker,USA
SPTRD2010498,2023-02-15,Wyatt Technology Corporation,,Waters Technologies Corporation,,,Acquisition of Whole Company (incl. Majority Stake),Completed,2023-04-13,1360000000,Electronic Equipment and Instruments,USA
SPTRD2010804,2023-02-15,TravelCenters of America Inc.,,BP Products North America Inc.,,Investor Group,Acquisition of Whole Company (incl. Majority Stake),Completed,2023-05-14,1346315982,Automotive Retail,USA
SPTRD2009540,2023-02-09,"Sumo Logic, Inc.*",,"Francisco Partners Management, L.P.",,Investor Group,Acquisition of Whole Company (incl. Majority Stake),Completed,2023-05-07,1739112291,Application Software,USA
SPTRD2009563,2023-02-09,"NuVasive, Inc.",,"Globus Medical, Inc.",GMED,Investor Group,Acquisition of Whole Company (incl. Majority Stake),Completed,2023-09-01,2614712415,Health Care Equipment,USA
SPTRD2009290,2023-02-08,"Oak Street Health, Inc.*",,CVS Health Corporation,CVS,Investor Group,Acquisition of Whole Company (incl. Majority Stake),Completed,2023-05-01,10440862742,Health Care Services,USA
SPTRD2009312,2023-02-08,"Pet Food Business of Ainsworth Pet Nutrition, LLC and Big Heart Pet Brands, Inc.",,"Post Holdings, Inc.",POST,Investor Group,Acquisition of Asset or Branch,Completed,2023-04-28,1207091165,Packaged Foods and Meats Producers,USA
SPTRD2008848,2023-02-07,"Duro-Last, Inc.",,Holcim AG,,,Acquisition of Whole Company (incl. Majority Stake),Completed,2023-02-24,1293000000,Building Products,USA
SPTRD2008803,2023-02-06,"Cerveau Technologies, Inc.",,"Lantheus Holdings, Inc.",LNTH,,Acquisition of Whole Company (incl. Majority Stake),Completed,2023-02-06,1309800000,Biotechnology,USA
SPTRD2008555,2023-02-03,Titan Acquisition Holdings L.P.*,TACH,"Lone Star Americas Acquisitions, Inc.",,Investor Group,Acquisition of Whole Company (incl. Majority Stake),Completed,2023-06-14,2000000000,Machinery and Equipment: Construction and Heavy Transportation,USA
SPTRD2008258,2023-02-02,Focus Financial Partners Inc.*,,Investor Group,,,Acquisition of Whole Company (incl. Majority Stake),Completed,2023-08-31,4135285621,Asset Management,USA
SPTRD2008511,2023-02-02,"FirstEnergy Transmission, LLC",,Brookfield Corporation,BN,FirstEnergy Corp.,Acquisition of Minority Stake,Completed,2024-03-25,3500000000,Electric Utilities,USA
SPTRD2008357,2023-02-01,"Pono Capital Two, Inc.",,SBC Medical Group Holdings Incorporated,SBC,Investor Group,Acquisition of Whole Company (incl. Majority Stake),Completed,2024-09-17,1044200000,Asset Management,USA
SPTRD2019864,2023-01-31,Pilot Travel Centers LLC,,Berkshire Hathaway Inc.,BRK.B,,Acquisition of Minority Stake,Completed,2023-01-31,8200000000,Automotive Retail,USA
SPTRD2007600,2023-01-30,"WPF Holdings, Inc.",,"Vezbi, Inc",,,Acquisition of Whole Company (incl. Majority Stake),Completed,2023-04-27,4863563100,Casinos and Gaming,USA
SPTRD2006518,2023-01-24,"Advance Energy Partners, LLC*",,MRC Energy Company,,EnCap Investments L.P.,Acquisition of Whole Company (incl. Majority Stake),Completed,2023-04-12,1687533504,Oil and Gas Exploration and Production,USA
SPTRD2006233,2023-01-23,Evoqua Water Technologies Corp.,,Xylem Inc.,XYL,Investor Group,Acquisition of Whole Company (incl. Majority Stake),Completed,2023-05-24,6351081064,Machinery and Supplies and Components: Industrial,USA
SPTRD2016967,2023-01-23,Assets of Genesis Global Capital LLC,,KAJ LABS INC,,"Genesis Global Capital, LLC",Acquisition of Asset or Branch,Announced,,1500000000,Unclassified,USA
SPTRD2005377,2023-01-18,"Brazos Valley region of Eagle Ford asset of Brazos Valley Longhorn, L.L.C.",,"WildFire Energy I, LLC",,"Brazos Valley Longhorn, L.L.C.",Acquisition of Asset or Branch,Completed,2023-03-20,1425000000,Unclassified,USA
SPTRD2003232,2023-01-09,"Albireo Pharma, Inc.*",,"Ipsen Biopharmaceuticals, Inc.",,Investor Group,Acquisition of Whole Company (incl. Majority Stake),Completed,2023-03-01,1172646590,Biotechnology,USA
SPTRD2003360,2023-01-09,Duck Creek Technologies LLC*,,"Vista Equity Partners Management, LLC",,Investor Group,Acquisition of Whole Company (incl. Majority Stake),Completed,2023-03-30,2611495451,Insurance Technology,USA
SPTRD2003392,2023-01-09,"CinCor Pharma, Inc.*",,AstraZeneca Finance and Holdings Inc.,,Investor Group,Acquisition of Whole Company (incl. Majority Stake),Completed,2023-02-23,1657412446,Pharmaceuticals,USA
SPTRD2003350,2023-01-08,Paya Holdings Inc.,,Nuvei Corporation,,"GTCR-Ultra Holdings, LLC",Acquisition of Whole Company (incl. Majority Stake),Completed,2023-02-20,1311454384,Payment Processors,USA
SPTRD2002311,2023-01-03,Grand Prix NGL Pipeline*,,Targa Resources Corp.,TRGP,Blackstone Inc.,Acquisition of Asset or Branch,Completed,2023-01-09,1050000000,Oil and Gas Storage and Transportation,USA
SPTRD2002077,2022-12-30,Prime Number Acquisition I Corp.,,noco-noco Inc.,,Investor Group,Acquisition of Whole Company (incl. Majority Stake),Completed,2023-08-25,1350000000,Asset Management,USA
SPTRD2013135,2022-12-20,Phoenix Suns and Phoenix Mercury,,Investor group,,Private Investor - Robert Sarver,Acquisition of Asset or Branch,Completed,2023-02-07,4000000000,Movies and Entertainment,USA
SPTRD1999677,2022-12-19,"Developed Market Gum Business of Mondelez International, Inc.",,Perfetti Van Melle Group B.V.,,"Mondelez International, Inc.",Acquisition of Asset or Branch,Completed,2023-10-23,1400000000,Packaged Foods and Meats Producers,USA
SPTRD1999482,2022-12-18,"Aerojet Rocketdyne Holdings, Inc.*",,"L3Harris Technologies, Inc.",LHX,Investor Group,Acquisition of Whole Company (incl. Majority Stake),Completed,2023-07-28,4780588572,Aerospace and Defense,USA
SPTRD1999220,2022-12-16,Maxar Technologies Inc.*,,Investor Group,,Investor Group,Acquisition of Whole Company (incl. Majority Stake),Completed,2023-05-03,4169017524,Aerospace and Defense,USA
SPTRD2013075,2022-12-16,Wind Portfolio,,Investor group,,Undisclosed Seller,Acquisition of Asset or Branch,Completed,2022-12-16,1092000000,Renewable Electricity,USA
SPTRD1998925,2022-12-15,MountainWest Pipelines Holding Company,,Williams Partners Operating LLC,,"Southwest Gas Holdings, Inc.",Acquisition of Whole Company (incl. Majority Stake),Completed,2023-02-14,1070000000,Oil and Gas Storage and Transportation,USA
SPTRD1998926,2022-12-15,Heritage Distribution Holdings LLC*,,Beijer Ref AB (publ),,"Gryphon Advisors, LLC",Acquisition of Whole Company (incl. Majority Stake),Completed,2023-01-20,1275000000,Trading Companies and Distributors,USA
SPTRD1998704,2022-12-14,Rice Acquisition Corp. II*,,"NET Power, LLC",NPWR,Rice Acquisition Sponsor II LLC,Acquisition of Whole Company (incl. Majority Stake),Completed,2023-06-08,1612012615,Asset Management,USA
SPTRD1998187,2022-12-12,Coupa Software Incorporated*,,Investor Group,,Investor Group,Acquisition of Whole Company (incl. Majority Stake),Completed,2023-02-28,6836516445,Application Software,USA
SPTRD1998261,2022-12-12,Horizon Therapeutics Public Limited Company,,Amgen Inc.,AMGN,,Acquisition of Whole Company (incl. Majority Stake),Completed,2023-10-06,27563053774,Biotechnology,USA
SPTRD1996947,2022-12-06,"Vivint Smart Home, Inc.",,"NRG Energy, Inc.",NRG,,Acquisition of Whole Company (incl. Majority Stake),Completed,2023-03-10,2623000000,Specialized Consumer Services,USA
SPTRD1996192,2022-12-01,MGM Grand Las Vegas/Mandalay Bay Resort,,VICI Properties Inc.,VICI,"Blackstone Real Estate Income Trust, Inc.",Acquisition of Asset or Branch,Completed,2023-01-09,1261882000,Real Estate Operating and Management,USA
SPTRD1995972,2022-11-30,"The Stoller Group, Inc.",,"Corteva, Inc.",CTVA,,Acquisition of Whole Company (incl. Majority Stake),Completed,2023-03-01,1224000000,Fertilizers and Agricultural Chemicals,USA
SPTRD1994429,2022-11-21,"Imago BioSciences, Inc.*",,Merck Sharp & Dohme LLC,,Investor Group,Acquisition of Whole Company (incl. Majority Stake),Completed,2023-01-11,1347697334,Biotechnology,USA
SPTRD1994473,2022-11-21,Substantially All Assets of the Cincinnati Southern Railway,,Norfolk Southern Railway Company,,The Cincinnati Southern Railway Corp.,Acquisition of Asset or Branch,Completed,2024-03-15,1624500000,Unclassified,USA
SPTRD1993926,2022-11-17,"ServiceMax, Inc.",,PTC Inc.,PTC,"ServiceMax JV, LP",Acquisition of Whole Company (incl. Majority Stake),Completed,2023-01-03,1485000000,Application Software,USA
SPTRD1993793,2022-11-16,"All leasehold interests and related assets of Lario Permian, LLC",,"Diamondback Energy, Inc.",FANG,"Lario Permian, LLC",Acquisition of Asset or Branch,Completed,2023-01-31,1443292841,Unclassified,USA
SPTRD1993461,2022-11-15,"Trademarks And Other Intellectual Property Rights of Tom Ford International, LLC",,The Estée Lauder Companies Inc.,,"Tom Ford International, LLC",Acquisition of Asset or Branch,Completed,2023-04-28,2550000000,Unclassified,USA
SPTRD1993028,2022-11-14,"Assets of Ahern Rentals, Inc.",,"United Rentals, Inc.",URI,"Ahern Rentals, Inc.",Acquisition of Asset or Branch,Completed,2022-12-07,2000000000,Trading Companies and Distributors,USA
SPTRD1991738,2022-11-07,"Insurance Auto Auctions, Inc",,Ritchie Bros. Holdings Inc,,Investor Group,Acquisition of Whole Company (incl. Majority Stake),Completed,2023-03-20,5450884592,Diversified Support Services,USA
SPTRD1991765,2022-11-07,"City Practice Group of New York, LLC*",,"Village Practice Management Company, LLC",,Warburg Pincus LLC,Acquisition of Whole Company (incl. Majority Stake),Completed,2023-01-03,7000000000,Health Care Facilities,USA
SPTRD1991422,2022-11-03,"Immucor, Inc.*",,"Werfen, S.A.",,"TPG Capital, L.P.",Acquisition of Whole Company (incl. Majority Stake),Completed,2023-03-15,2000000000,Health Care Supplies,USA
SPTRD1990949,2022-11-02,"Europe, Middle East and Africa (EMEA) business of Lumen Technologies, Inc.",,Colt Technology Services Group Limited,,"Lumen Technologies, Inc.",Acquisition of Asset or Branch,Completed,2023-11-01,1800000000,Data Processing and Outsourced Services,USA
SPTRD1991045,2022-11-02,"Eagle Ford assets of Ensign Operating LLC, Ensign Operating II LLC and Ensign Op",,Marathon Oil EF II LLC,,Investor Group,Acquisition of Asset or Branch,Completed,2022-12-27,3000000000,Oil and Gas Exploration and Production,USA
SPTRD1990697,2022-11-01,"Abiomed, Inc.",,Johnson & Johnson,JNJ,,Acquisition of Whole Company (incl. Majority Stake),Completed,2022-12-22,18981203560,Health Care Equipment,USA
SPTRD1990725,2022-11-01,Liqui-Box Corporation*,,Sealed Air Corporation,,"Olympus Advisors, LLC",Acquisition of Whole Company (incl. Majority Stake),Completed,2023-01-31,1150000000,Packaging and Materials: Paper and Plastic,USA
SPTRD1990538,2022-10-31,Climate Technologies Business of Emerson,,Investor group,,Emerson Electric Co.,Acquisition of Asset or Branch,Completed,2023-05-31,11950000000,Unclassified,USA
SPTRD1990811,2022-10-28,Portfolio of operating landfill gas-to-electric facilities,,"NextEra Energy Resources, LLC",,Investor Group,Acquisition of Asset or Branch,Completed,2023-03-21,1100000000,Renewable Electricity,USA
SPTRD1989978,2022-10-27,"WillowTree, LLC*",,Telus International Holding (U.S.A.) Corp.,,Investor Group,Acquisition of Whole Company (incl. Majority Stake),Completed,2023-01-03,1015000000,Application Software,USA
SPTRD1990021,2022-10-27,Altra Industrial Motion Corp.,,Regal Rexnord Corporation,RRX,Investor Group,Acquisition of Whole Company (incl. Majority Stake),Completed,2023-03-27,4086535196,Machinery and Supplies and Components: Industrial,USA
SPTRD1990061,2022-10-27,"UserTesting, Inc.*",,Investor Group,,Investor Group,Acquisition of Whole Company (incl. Majority Stake),Completed,2023-01-12,1266409552,Application Software,USA
SPTRD1989829,2022-10-26,Jupiter Wellness Acquisition Corp.,,"Chijet Motor Company, Inc.",,Investor Group,Acquisition of Whole Company (incl. Majority Stake),Completed,2023-06-01,1125203781,Asset Management,USA
SPTRD1989523,2022-10-24,Weber LLC*,,"BDT Capital Partners, LLC",,Investor Group,Acquisition of Whole Company (incl. Majority Stake),Completed,2023-02-21,956525714,Household Appliances Producers,USA
SPTRD1988279,2022-10-17,Archaea Energy Inc.,,BP Products North America Inc.,,Investor Group,Acquisition of Whole Company (incl. Majority Stake),Completed,2022-12-28,3254933986,Oil and Gas Refining and Marketing,USA
SPTRD1987631,2022-10-12,"Great River Hydro, LLC*",,HQI US Holding LLC,,"ArcLight Capital Partners, LLC",Acquisition of Whole Company (incl. Majority Stake),Completed,2023-02-10,1500000000,Renewable Electricity,USA
SPTRD1987315,2022-10-11,"ForgeRock, Inc.*",,"Thoma Bravo, L.P.",,Investor Group,Acquisition of Whole Company (incl. Majority Stake),Completed,2023-08-23,2290874328,Application Software,USA
SPTRD1987448,2022-10-11,All Leasehold Interest and Related Assets of FireBird Energy LLC,,Diamondback E&P LLC,,FireBird Energy LLC,Acquisition of Asset or Branch,Completed,2022-11-30,1655820833,Oil and Gas Exploration and Production,USA
SPTRD1987481,2022-10-11,Westinghouse Electric Company LLC*,,Investor Group,,Brookfield Business Partners L.P.,Acquisition of Whole Company (incl. Majority Stake),Completed,2023-11-07,4500000000,Construction and Engineering,USA
SPTRD1985621,2022-10-03,"Villaris Therapeutics, Inc.*",,Incyte Corporation,INCY,Medicxi Ventures (UK) LLP,Acquisition of Whole Company (incl. Majority Stake),Completed,2022-11-17,1430000000,Biotechnology,USA
SPTRD1985766,2022-10-03,"Poshmark, Inc.",,NAVER Corporation,,,Acquisition of Whole Company (incl. Majority Stake),Completed,2023-01-05,1627102164,Apparel Retail,USA
SPTRD1987632,2022-10-03,"Link 16 Tactical Data Links Business of Viasat, Inc.",,"L3Harris Technologies, Inc.",LHX,"Viasat, Inc.",Acquisition of Asset or Branch,Completed,2023-01-03,1960000000,Communications Equipment,USA
SPTRD1985683,2022-10-01,"Con Edison Clean Energy Businesses, Inc.",,"RWE Renewables Americas, LLC",,"Consolidated Edison, Inc.",Acquisition of Whole Company (incl. Majority Stake),Completed,2023-03-01,6800000000,Renewable Electricity,USA
SPTRD1985117,2022-09-29,Scout Clean Energy LLC,,Brookfield Asset Management Inc.,BAM,Quinbrook Infrastructure Partners Pty Ltd.,Acquisition of Whole Company (incl. Majority Stake),Completed,2022-12-16,1000000000,Renewable Electricity,USA
SPTRD1984898,2022-09-28,BTRS Holdings Inc.*,,EQT Partners Inc.,,,Acquisition of Whole Company (incl. Majority Stake),Completed,2022-12-16,1624751330,Application Software,USA
SPTRD1984616,2022-09-27,Assets of Voyager Digital LLC,,"West Realm Shires Services, Inc.",,"Voyager Digital, LLC",Acquisition of Asset or Branch,Announced,,1422000000,Financial Media and Data Solutions,USA
SPTRD1983888,2022-09-22,EnVen Energy Corporation,,Talos Production Inc.,,Investor Group,Acquisition of Whole Company (incl. Majority Stake),Completed,2023-02-13,1910950280,Oil and Gas Exploration and Production,USA
SPTRD1983691,2022-09-21,Avalon Acquisition Inc.,,"The Beneficient Company Group, L.P.",BENF,,Acquisition of Whole Company (incl. Majority Stake),Completed,2023-06-07,1812000000,Asset Management,USA
SPTRD1983483,2022-09-20,"Shields Specialty Pharmacy Holdings, LLC*",,"Walgreens Boots Alliance, Inc.",,"Welsh, Carson, Anderson & Stowe, L.P.",Acquisition of Minority Stake,Completed,2022-12-28,1370000000,Health Care Services,USA
SPTRD1983120,2022-09-19,"KnowBe4, Inc.*",,"Vista Equity Partners Management, LLC",,Investor Group,Acquisition of Whole Company (incl. Majority Stake),Completed,2023-02-01,3436675049,Systems Software,USA
SPTRD1982880,2022-09-16,Safety Business of Intrado Corporation,,Stonepeak Partners LP,,"Apollo Global Management, Inc.",Acquisition of Asset or Branch,Completed,2023-01-31,2400000000,Application Software,USA
SPTRD1982633,2022-09-15,TPB Acquisition Corporation I*,,Lavoro Agro Holding S.A.,,Investor Group,Acquisition of Whole Company (incl. Majority Stake),Completed,2023-02-28,1125000000,Asset Management,USA
SPTRD1982643,2022-09-15,STORE Capital Corporation*,,Investor Group,,,Acquisition of Whole Company (incl. Majority Stake),Completed,2023-02-03,9169378792,Diversified REIT,USA
SPTRD1982013,2022-09-12,"Skyway Concession Company, LLC",,Atlas Arteria Limited,,Investor Group,Acquisition of Whole Company (incl. Majority Stake),Completed,2022-12-02,2013000000,Highways and Railtracks,USA
SPTRD1980816,2022-09-06,"BankDirect Capital Finance, LLC",,AFCO Credit Corporation,,"Texas Capital Bancshares, Inc.",Acquisition of Whole Company (incl. Majority Stake),Completed,2022-11-01,3400000000,Specialty Finance: Commercial Focused,USA
SPTRD1980908,2022-09-06,MNRL Sub Inc.,,Sitio Royalties Corp.,,Investor Group,Acquisition of Whole Company (incl. Majority Stake),Completed,2022-12-29,2070825727,Oil and Gas Exploration and Production,USA
SPTRD1980924,2022-09-06,Upstream and Midstream Assets,,EQT Corporation,EQT,"Tug Hill, Inc.",Acquisition of Asset or Branch,Completed,2023-08-22,4610662908,Integrated Oil and Gas,USA
SPTRD1980664,2022-09-05,"Signify Health, Inc.*",,"CVS Pharmacy, Inc.",,"New Mountain Capital, LLC",Acquisition of Whole Company (incl. Majority Stake),Completed,2023-03-29,7617777422,Health Care Technology,USA
SPTRD1980423,2022-09-02,"Ardent Health Partners, Inc.*",,Pure Health LLC,,Equity Group Investments,Acquisition of Minority Stake,Completed,2023-05-01,500000000,Health Care Facilities,USA
SPTRD1980259,2022-09-01,Aera Energy LLC,,"Green Gate Resources E, LLC",,Exxon Mobil Corporation,Acquisition of Minority Stake,Completed,2023-02-28,2000000000,Oil and Gas Exploration and Production,USA
SPTRD1980300,2022-09-01,Aera Energy LLC,,"Green Gate Resources E, LLC",,"Shell Offshore, Inc.",Acquisition of Whole Company (incl. Majority Stake),Completed,2023-02-28,2000000000,Oil and Gas Exploration and Production,USA
SPTRD1979726,2022-08-30,"Frontline Technologies Group, LLC*",,"Roper Technologies, Inc.",ROP,Investor Group,Acquisition of Whole Company (incl. Majority Stake),Completed,2022-10-04,3738000000,Application Software,USA
SPTRD1979479,2022-08-26,18 million Square Feet in 22 Major Metropolitan Areas in US,,Investor Group,,"Griffin Realty Trust, Inc.",Acquisition of Asset or Branch,Completed,2022-08-26,1132000000,Real Estate Operating and Management,USA
SPTRD1979818,2022-08-22,"Computer Services, Inc.",,Investor Group,,,Acquisition of Whole Company (incl. Majority Stake),Completed,2022-11-16,1594812950,Banking Technology,USA
SPTRD1978047,2022-08-17,"DCP Midstream, LP*",,Phillips 66,PSX,,Acquisition of Minority Stake,Completed,2023-06-15,3783664934,Oil and Gas Storage and Transportation,USA
SPTRD1977017,2022-08-11,iStar Inc.,,Safehold Inc.,SAFE,,Acquisition of Whole Company (incl. Majority Stake),Completed,2023-03-31,686451607,Diversified REIT,USA
SPTRD1976536,2022-08-09,Validus Energy Services LLC,,Devon Energy Corporation,DVN,,Acquisition of Whole Company (incl. Majority Stake),Completed,2022-09-28,1800000000,Oil and Gas Exploration and Production,USA
SPTRD1976562,2022-08-09,600 MHz Spectrum Licenses*,,T-Mobile License LLC,,"Channel 51, LLC",Acquisition of Asset or Branch,Announced,,1900000000,Wireless Telecommunication Services,USA
SPTRD1976670,2022-08-09,600 MHz Wireless Licenses*,,T-Mobile License LLC,,"LB Spectrum Holdings, LLC",Acquisition of Asset or Branch,Announced,,1600000000,Wireless Telecommunication Services,USA
SPTRD1976251,2022-08-08,"Global Blood Therapeutics, Inc.*",,Pfizer Inc.,PFE,Investor Group,Acquisition of Whole Company (incl. Majority Stake),Completed,2022-10-05,5370111417,Biotechnology,USA
SPTRD1976281,2022-08-08,"InSinkErator, Inc.",,Whirlpool Corporation,WHR,Emerson Electric Co.,Acquisition of Whole Company (incl. Majority Stake),Completed,2022-10-31,3000000000,Household Appliances Producers,USA
SPTRD1976321,2022-08-08,"Avalara, Inc.*",,"Vista Equity Partners Management, LLC",,Investor Group,Acquisition of Whole Company (incl. Majority Stake),Completed,2022-10-19,8812625651,Application Software,USA
SPTRD1975781,2022-08-04,"Atlas Air Worldwide Holdings, Inc.*",,Investor Group,,Investor Group,Acquisition of Whole Company (incl. Majority Stake),Completed,2023-03-17,2848181748,Air Freight and Logistics,USA
SPTRD1975865,2022-08-04,"ChemoCentryx, Inc.*",,Amgen Inc.,AMGN,Investor Group,Acquisition of Whole Company (incl. Majority Stake),Completed,2022-10-20,3899029982,Biotechnology,USA
SPTRD1975551,2022-08-03,Ping Identity Holding Corp.*,,"Thoma Bravo, L.P.",,Investor Group,Acquisition of Whole Company (incl. Majority Stake),Completed,2022-10-18,2698452848,Systems Software,USA
SPTRD1975126,2022-08-02,Cowen Inc.,,The Toronto-Dominion Bank,TD,,Acquisition of Whole Company (incl. Majority Stake),Completed,2023-03-01,1316146494,"Investment Banks, Brokers and Capital Markets",USA
SPTRD1974870,2022-08-01,"EVO Payments, Inc.",,Global Payments Inc.,GPN,,Acquisition of Whole Company (incl. Majority Stake),Completed,2023-03-24,2034083762,Payment Processors,USA
SPTRD1974887,2022-08-01,"Applied, Food and Enterprise Services Businesses of PerkinElmer, Inc.*",,"New Mountain Capital, L.L.C.",,"PerkinElmer, Inc.",Acquisition of Asset or Branch,Completed,2023-03-13,2450000000,Life Sciences Tools and Services,USA
SPTRD1974909,2022-08-01,The Burke Porter Group of brands*,,AEA Investors LP,,China Everbright Limited,Acquisition of Whole Company (incl. Majority Stake),Completed,2022-08-01,1100000000,Machinery and Supplies and Components: Industrial,USA
SPTRD1974918,2022-08-01,Global Products Business of Valvoline Inc.,,Aramco Overseas Company B.V.,,Valvoline Inc.,Acquisition of Asset or Branch,Completed,2023-03-01,2650000000,Commodity Chemicals,USA
SPTRD1974931,2022-08-01,Netspend Consumer Business of Global Payments Inc.*,,Investor group,,Global Payments Inc.,Acquisition of Asset or Branch,Completed,2023-04-26,1000000000,Broadline Retail,USA
SPTRD1974399,2022-07-28,Credit card portfolio,,"Bread Financial Holdings, Inc.",BFH,AAA Northeast,Acquisition of Asset or Branch,Completed,2022-10-01,1600000000,Specialty Finance: Consumer Focused,USA
SPTRD1978173,2022-07-28,PBF Logistics LP,,PBF Energy Inc.,PBF,,Acquisition of Whole Company (incl. Majority Stake),Completed,2022-11-30,681154739,Oil and Gas Storage and Transportation,USA
SPTRD1973630,2022-07-25,"Infrastructure and Energy Alternatives, Inc.*",,"MasTec, Inc.",MTZ,Investor Group,Acquisition of Whole Company (incl. Majority Stake),Completed,2022-10-07,748500000,Construction and Engineering,USA
SPTRD1973314,2022-07-21,"Hanger, Inc.*",,"Patient Square Capital, LP",,Investor Group,Acquisition of Whole Company (incl. Majority Stake),Completed,2022-10-03,765459926,Health Care Facilities,USA
SPTRD1973918,2022-07-21,"1Life Healthcare, Inc., d/b/a One Medical",,"Amazon.com, Inc.",AMZN,,Acquisition of Whole Company (incl. Majority Stake),Completed,2023-02-22,3716914104,Health Care Services,USA
SPTRD1972712,2022-07-19,"HydraForce, Inc.",,Bosch Rexroth AG,,,Acquisition of Whole Company (incl. Majority Stake),Completed,2023-02-03,1215000000,Machinery and Supplies and Components: Industrial,USA
SPTRD1972910,2022-07-15,Texan pipeline assets*,,Momentum Midstream LLC,,"Midcoast Energy, LLC",Acquisition of Asset or Branch,Announced,,1300000000,Oil and Gas Storage and Transportation,USA
SPTRD1971807,2022-07-13,"Theravance Respiratory Company, LLC",,Royalty Pharma plc,RPRX,"Theravance Biopharma, Inc.",Acquisition of Whole Company (incl. Majority Stake),Completed,2022-07-20,1350000000,Unclassified,USA
SPTRD1971424,2022-07-12,FAST Acquisition Corp. II,,"Falcon's Beyond Global, LLC",FBYD,Investor Group,Acquisition of Whole Company (incl. Majority Stake),Completed,2023-10-05,1296577360,Asset Management,USA
SPTRD1971154,2022-07-11,U.S. data center business of American Tower Corporation,,Stonepeak Partners LP,,American Tower Corporation,Acquisition of Minority Stake,Completed,2022-08-31,2500000000,Unclassified,USA
SPTRD1970616,2022-07-07,"Meridian Bioscience, Inc.*",,Investor Group,,Investor Group,Acquisition of Whole Company (incl. Majority Stake),Completed,2023-01-31,1532313712,Health Care Supplies,USA
SPTRD1970062,2022-07-05,"TeneoTwo, Inc.",,AstraZeneca PLC,AZN,"TBio, LLC",Acquisition of Whole Company (incl. Majority Stake),Completed,2022-08-11,1265000000,Pharmaceuticals,USA
SPTRD1969087,2022-06-29,Sunbelt Logistics Portfolio in United States,,Undisclosed Buyer,,"MDH Partners, LLC",Acquisition of Asset or Branch,Completed,2022-06-29,1260000000,Real Estate Operating and Management,USA
SPTRD1968455,2022-06-27,"Brightly Software, Inc.*",,Siemens Smart Infrastructure,,"Clearlake Capital Group, L.P.",Acquisition of Whole Company (incl. Majority Stake),Completed,2022-08-03,1875000000,Application Software,USA
SPTRD1968237,2022-06-24,"Zendesk, Inc.*",,Investor Group,,Investor Group,Acquisition of Whole Company (incl. Majority Stake),Completed,2022-11-22,10116652991,Application Software,USA
SPTRD1968008,2022-06-23,Adara Acquisition Corp.,,Alliance Entertainment Holding Corporation,AENT,Investor Group,Acquisition of Whole Company (incl. Majority Stake),Completed,2023-02-10,1061025000,Asset Management,USA
SPTRD1967198,2022-06-20,Clif Bar & Company,,"Mondelez International, Inc.",MDLZ,,Acquisition of Whole Company (incl. Majority Stake),Completed,2022-08-01,2900000000,Packaged Foods and Meats Producers,USA
SPTRD1966754,2022-06-16,"DataBank Holdings, Ltd.",,Investor group,,"DigitalBridge Group, Inc.",Acquisition of Minority Stake,Completed,2022-08-29,1500000000,Internet Services and Infrastructure,USA
SPTRD1966828,2022-06-16,"Lucid Energy Delaware, LLC*",,Targa Resources Corp.,TRGP,Investor group,Acquisition of Whole Company (incl. Majority Stake),Completed,2022-07-29,3550000000,Oil and Gas Storage and Transportation,USA
SPTRD1966429,2022-06-15,"Riverbend Oil & Gas VI, L.L.C./Riverbend Oil & Gas VI-B, L.L.C./Riverbend Oil &*",,Undisclosed Buyer,,Riverbend Energy Group,Acquisition of Whole Company (incl. Majority Stake),Completed,2022-08-22,1800000000,Unclassified,USA
SPTRD1966063,2022-06-14,"Continental Resources, Inc.",,Undisclosed Buyer,,,Acquisition of Minority Stake,Completed,2022-11-22,5099695257,Oil and Gas Exploration and Production,USA
SPTRD1965009,2022-06-07,"PDB Sports, Ltd.",,Private Investor,,,Acquisition of Whole Company (incl. Majority Stake),Completed,2022-08-11,4650000000,Movies and Entertainment,USA
SPTRD1964465,2022-06-06,Concessionaire for the new Terminal 1 at JFK International Airport in New York C*,,Ferrovial SE,,The Carlyle Group Inc.,Acquisition of Asset or Branch,Completed,2022-06-10,1140000000,Airport Services,USA
SPTRD1964475,2022-06-06,"Parata Systems, LLC*",,"Becton, Dickinson and Company",BDX,"Frazier Management, L.L.C.",Acquisition of Whole Company (incl. Majority Stake),Completed,2022-07-15,1548000000,Life Sciences Tools and Services,USA
SPTRD1964076,2022-06-03,"Barrette Outdoor Living, Inc.*",,CRH plc,,Investor Group,Acquisition of Whole Company (incl. Majority Stake),Completed,2022-07-08,1850000000,Diversified Metals and Mining,USA
SPTRD1964214,2022-06-03,"Turning Point Therapeutics, Inc.*",,Bristol-Myers Squibb Company,BMY,Investor Group,Acquisition of Whole Company (incl. Majority Stake),Completed,2022-08-15,3969965488,Biotechnology,USA
SPTRD1963748,2022-06-01,"RIPIC Holdings, LLC*",,"Clayton, Dubilier & Rice, LLC",,"Roper Technologies, Inc.",Acquisition of Whole Company (incl. Majority Stake),Completed,2022-11-22,880000000,Unclassified,USA
SPTRD1963446,2022-05-31,"Affinivax, Inc.*",,GSK plc,GSK,Investor Group,Acquisition of Whole Company (incl. Majority Stake),Completed,2022-08-16,3300000000,Biotechnology,USA
SPTRD1962725,2022-05-26,VMware LLC*,,Broadcom Inc.,AVGO,Investor Group,Acquisition of Whole Company (incl. Majority Stake),Completed,2023-11-22,86436595167,Systems Software,USA
SPTRD1962757,2022-05-26,COVA Acquisition Corp.,,ECARX Holdings Inc.,ECX,Investor Group,Acquisition of Whole Company (incl. Majority Stake),Completed,2022-12-20,3400000000,Asset Management,USA
SPTRD1966035,2022-05-25,Clearway Energy Group LLC,CWEN,TotalEnergies SE,TTE,"Global Infrastructure Management, LLC",Acquisition of Whole Company (incl. Majority Stake),Completed,2022-09-12,1600000000,Electric Utilities,USA
SPTRD2005030,2022-05-25,National Instruments Corporation,,Emerson Electric Co.,EMR,Investor Group,Acquisition of Whole Company (incl. Majority Stake),Completed,2023-10-11,8056744680,Electronic Equipment and Instruments,USA
SPTRD1961286,2022-05-19,"Colgate Energy Partners III, LLC",,"Centennial Resource Development, Inc.",,,Acquisition of Whole Company (incl. Majority Stake),Completed,2022-09-01,2700944000,Oil and Gas Exploration and Production,USA
SPTRD1961573,2022-05-19,"Covetrus, Inc.*",,Investor Group,,Investor Group,Acquisition of Whole Company (incl. Majority Stake),Completed,2022-10-12,2338207051,Health Care Technology,USA
SPTRD1960299,2022-05-16,ManTech International Corporation,,The Carlyle Group Inc.,CG,,Acquisition of Whole Company (incl. Majority Stake),Completed,2022-09-14,3997936881,Research and Consulting Services,USA
SPTRD1960342,2022-05-16,"C.H.I. Overhead Doors, Inc.",,Nucor Corporation,NUE,KKR & Co. Inc.,Acquisition of Whole Company (incl. Majority Stake),Completed,2022-06-24,3000000000,Building Products,USA
SPTRD1960410,2022-05-16,Executive Network Partnering Corporation,,"Granite Ridge Resources, Inc.",GRNT,Investor Group,Acquisition of Whole Company (incl. Majority Stake),Completed,2022-10-24,1284400000,Asset Management,USA
SPTRD1959992,2022-05-13,GVB Biopharma,,"22nd Century Group, Inc.",XXII,,Acquisition of Whole Company (incl. Majority Stake),Completed,2022-05-13,6973155000,Pharmaceuticals,USA
SPTRD1963238,2022-05-13,"Atlas Renewable Energy USA, LLC*",,"Global Infrastructure Management, LLC",,Actis LLP,Acquisition of Whole Company (incl. Majority Stake),Completed,2022-10-11,2000000000,Renewable Electricity,USA
SPTRD1960894,2022-05-11,"Switch, Inc.",,Investor group,,,Acquisition of Whole Company (incl. Majority Stake),Completed,2022-12-06,8509813259,Internet Services and Infrastructure,USA
SPTRD1959033,2022-05-10,Duke Realty Corporation,,"Prologis, Inc.",PLD,,Acquisition of Whole Company (incl. Majority Stake),Completed,2022-10-03,18714664226,Industrial REIT,USA
SPTRD1958803,2022-05-09,"NSM Insurance Group, Inc.*",,The Carlyle Group Inc.,CG,"White Mountains Insurance Group, Ltd.",Acquisition of Whole Company (incl. Majority Stake),Completed,2022-08-01,1775000000,Insurance Broker,USA
SPTRD1958568,2022-05-06,"Watermark Lodging Trust, Inc.",,Brookfield Asset Management Inc.,BAM,,Acquisition of Whole Company (incl. Majority Stake),Completed,2022-10-21,1575724862,Hotel and Resort REIT,USA
SPTRD1958243,2022-05-05,"Magellan Rx Management, Inc.",,Prime Therapeutics LLC,,Centene Corporation,Acquisition of Whole Company (incl. Majority Stake),Completed,2022-12-02,1350000000,Health Care Services,USA
SPTRD1958269,2022-05-05,"PANTHERx Rare, LLC",,Investor group,,Centene Corporation,Acquisition of Whole Company (incl. Majority Stake),Completed,2022-07-14,1373000000,Drug Retail,USA
SPTRD1958284,2022-05-05,"Deliverr, Inc.*",,Shopify Inc.,SHOP,Investor Group,Acquisition of Whole Company (incl. Majority Stake),Completed,2022-07-08,1991087403,Air Freight and Logistics,USA
SPTRD1958009,2022-05-04,"Black Knight, Inc.",,"Intercontinental Exchange, Inc.",ICE,,Acquisition of Whole Company (incl. Majority Stake),Completed,2023-09-05,11997946000,Banking Technology,USA
SPTRD1957556,2022-05-02,Mountain Crest Acquisition Corp. IV,,CH Auto Inc.,,Investor Group,Acquisition of Whole Company (incl. Majority Stake),Completed,2024-03-28,1702500000,Asset Management,USA
SPTRD1956114,2022-04-25,"PS Business Parks, Inc.*",,Blackstone Inc.,BX,Investor group,Acquisition of Whole Company (incl. Majority Stake),Completed,2022-07-20,6584637749,Diversified REIT,USA
SPTRD1956183,2022-04-25,Middle Market Lending Portfolio,,Ares Management Corporation,ARES,"Annaly Capital Management, Inc.",Acquisition of Asset or Branch,Completed,2022-05-26,2400000000,Specialty Finance: Commercial Focused,USA
SPTRD1985161,2022-04-22,Claims Editing Business (ClaimsXten) of Change Healthcare Inc.*,,"TPG Capital, L.P.",,UnitedHealth Group Incorporated,Acquisition of Asset or Branch,Completed,2022-10-05,2200000000,Insurance Technology,USA
SPTRD1955616,2022-04-21,KAH Hospice and Personal Care divisions of Humana Inc.,,"Clayton, Dubilier & Rice, LLC",,Humana Inc.,Acquisition of Asset or Branch,Completed,2022-08-11,2800000000,Health Care Services,USA
SPTRD1955150,2022-04-19,"American Campus Communities, Inc.*",,"Blackstone Real Estate Income Trust, Inc.",,,Acquisition of Whole Company (incl. Majority Stake),Completed,2022-08-09,9215901899,Multi-Family Residential REIT,USA
SPTRD1954902,2022-04-18,Natus Medical Incorporated*,,ArchiMed SAS,,Investor Group,Acquisition of Whole Company (incl. Majority Stake),Completed,2022-07-21,1196399494,Health Care Equipment,USA
SPTRD1954759,2022-04-16,East Stone Acquisition Corporation,,ICONIQ Holding Limited,,Investor Group,Acquisition of Whole Company (incl. Majority Stake),Completed,2022-11-11,2557992685,Asset Management,USA
SPTRD1954425,2022-04-14,"Twitter, Inc.",,Private Investor - Elon Reeve Musk,,,Acquisition of Whole Company (incl. Majority Stake),Completed,2022-10-27,41434609930,Interactive Media and Services,USA
SPTRD1954045,2022-04-13,"Sierra Oncology, Inc.*",,GlaxoSmithKline plc,,Investor Group,Acquisition of Whole Company (incl. Majority Stake),Completed,2022-07-01,1925065491,Biotechnology,USA
SPTRD1953525,2022-04-11,"SailPoint Technologies Holdings, Inc.*",,"Thoma Bravo, L.P.",,Investor Group,Acquisition of Whole Company (incl. Majority Stake),Completed,2022-08-16,7431030950,Systems Software,USA
SPTRD1953564,2022-04-11,Datto Holding Corp.*,,Kaseya Inc.,,"Vista Equity Partners Management, LLC",Acquisition of Whole Company (incl. Majority Stake),Completed,2022-06-23,6188835745,Systems Software,USA
SPTRD1952869,2022-04-07,"CDK Global, Inc.*",,Brookfield Business Partners L.P.,,,Acquisition of Whole Company (incl. Majority Stake),Completed,2022-07-05,6586395238,Application Software,USA
SPTRD1952304,2022-04-05,"Tivity Health, Inc.*",,Stone Point Capital LLC,,,Acquisition of Whole Company (incl. Majority Stake),Completed,2022-06-28,1666214720,Managed Health Care,USA
SPTRD1952012,2022-04-04,Pensando Systems Inc.*,,"Advanced Micro Devices, Inc.",AMD,Investor Group,Acquisition of Whole Company (incl. Majority Stake),Completed,2022-05-26,1900000000,Internet Services and Infrastructure,USA
SPTRD1954673,2022-03-31,"433,000-Square-Foot Trophy Office and Laboratory Building at 100 Binney St. in C",,CBRE Investment Management,,"Alexandria Real Estate Equities, Inc.",Acquisition of Asset or Branch,Completed,2022-03-31,1020000000,Real Estate Operating and Management,USA
SPTRD1950820,2022-03-29,Nielsen Holdings plc*,,Investor group,,,Acquisition of Whole Company (incl. Majority Stake),Completed,2022-10-11,10226302744,Research and Consulting Services,USA
SPTRD1951337,2022-03-29,"LHC Group, Inc.",,"OptumHealth, Inc.",,,Acquisition of Whole Company (incl. Majority Stake),Completed,2023-02-22,5282509114,Health Care Services,USA
SPTRD1950551,2022-03-28,"Plantronics, Inc.",,HP Inc.,,Investor Group,Acquisition of Whole Company (incl. Majority Stake),Completed,2022-08-29,1918257360,Communications Equipment,USA
SPTRD1950590,2022-03-28,"NEENAH PAPER, INC.",,"Schweitzer-Mauduit International, Inc.",,,Acquisition of Whole Company (incl. Majority Stake),Completed,2022-07-06,551022214,Paper Products,USA
SPTRD1950384,2022-03-25,EP Energy Corporation,,Verdun Oil Company II LLC,,,Acquisition of Whole Company (incl. Majority Stake),Completed,2022-03-30,1445000000,Oil and Gas Exploration and Production,USA
SPTRD1949494,2022-03-22,Thunder Bridge Capital Partners IV Inc.,,Coincheck Group N.V.,CNCK,Investor Group,Acquisition of Whole Company (incl. Majority Stake),Completed,2024-12-10,1293299349,Asset Management,USA
SPTRD1949133,2022-03-21,Alleghany Corporation,,Berkshire Hathaway Inc.,BRK.B,,Acquisition of Whole Company (incl. Majority Stake),Completed,2022-10-19,11569357928,Reinsurance,USA
SPTRD1949061,2022-03-20,"Anaplan, Inc.*",,"Thoma Bravo, L.P.",,Investor Group,Acquisition of Whole Company (incl. Majority Stake),Completed,2022-06-22,10335542500,Application Software,USA
SPTRD1948555,2022-03-17,CarVal Investors LP,,AllianceBernstein L.P.,AB,,Acquisition of Whole Company (incl. Majority Stake),Completed,2022-07-01,1400000000,Asset Management,USA
SPTRD1948974,2022-03-17,GM Cruise Holdings LLC*,,General Motors Company,GM,SB Investment Advisers (UK) Limited,Acquisition of Minority Stake,Completed,2022-03-17,2100000000,Automobile Manufacturers,USA
SPTRD1947118,2022-03-10,Environmental Science Professional Business of Bayer AG*,,Cinven Limited,,Bayer Aktiengesellschaft,Acquisition of Asset or Branch,Completed,2022-10-05,2600000000,Environmental and Facilities Services,USA
SPTRD1946625,2022-03-08,"Mandiant, Inc.",,Google LLC,,,Acquisition of Whole Company (incl. Majority Stake),Completed,2022-09-12,6478143882,Systems Software,USA
SPTRD1946752,2022-03-08,AMCI Acquisition Corp. II*,,"LanzaTech Global, Inc.",LNZA,Investor Group,Acquisition of Whole Company (incl. Majority Stake),Completed,2023-02-08,1762490000,Asset Management,USA
SPTRD1946756,2022-03-08,Intertape Polymer Group Inc.*,,"Clearlake Capital Group, L.P.",,,Acquisition of Whole Company (incl. Majority Stake),Completed,2022-06-28,1975284062,"Containers and Packaging: Metal, Glass, and Plastic",USA
SPTRD1946490,2022-03-07,Vertex Aerospace Services Holding Corp.,,"Vectrus, Inc.",,,Acquisition of Whole Company (incl. Majority Stake),Completed,2022-07-05,630644896,Aerospace and Defense,USA
SPTRD1946520,2022-03-07,Precoat Metals Corp.,,AZZ Inc.,AZZ,The Carlyle Group Inc.,Acquisition of Whole Company (incl. Majority Stake),Completed,2022-05-13,1280000000,Home Improvement Retail,USA
SPTRD1946536,2022-03-07,Whiting Petroleum Corporation,,Oasis Petroleum Inc.,,,Acquisition of Whole Company (incl. Majority Stake),Completed,2022-07-01,3052170651,Oil and Gas Exploration and Production,USA
SPTRD1944697,2022-02-28,"Oldcastle BuildingEnvelope, Inc.*",,"KPS Capital Partners, LP",,CRH plc,Acquisition of Whole Company (incl. Majority Stake),Completed,2022-04-29,3450000000,Construction Materials,USA
SPTRD1944758,2022-02-28,Corporate Property Associates 18 - Global Incorporated,,W. P. Carey Inc.,WPC,,Acquisition of Whole Company (incl. Majority Stake),Completed,2022-08-01,1759830920,Diversified REIT,USA
SPTRD1944783,2022-02-28,"Renewable Energy Group, Inc.",,Chevron Corporation,CVX,Investor Group,Acquisition of Whole Company (incl. Majority Stake),Completed,2022-06-13,3147121603,Oil and Gas Refining and Marketing,USA
SPTRD1944801,2022-02-28,"Great Western Petroleum, LLC*",,"PDC Energy, Inc.",,Investor Group,Acquisition of Whole Company (incl. Majority Stake),Completed,2022-05-06,835872946,Oil and Gas Exploration and Production,USA
SPTRD1944875,2022-02-28,Healthcare Realty Trust Incorporated,HR,"Healthcare Trust of America, Inc.",,,Acquisition of Whole Company (incl. Majority Stake),Completed,2022-07-20,5703434141,Health Care REIT,USA
SPTRD1944454,2022-02-25,"Channel Biosciences, LLC",,Biohaven Therapeutics Ltd,,Knopp Biosciences LLC,Acquisition of Whole Company (incl. Majority Stake),Completed,2022-04-01,1172500000,Unclassified,USA
SPTRD1944491,2022-02-25,"ETQ, LLC*",,Hexagon AB (publ),,TCMI Inc.,Acquisition of Whole Company (incl. Majority Stake),Completed,2022-04-01,1200000000,Application Software,USA
SPTRD1946581,2022-02-25,AmeriVet Partners Management Inc.*,,Investor Group,,Imperial Capital Limited,Acquisition of Whole Company (incl. Majority Stake),Completed,2022-02-25,1600000000,Health Care Facilities,USA
SPTRD1944175,2022-02-24,"South Jersey Industries, Inc.",,J.P. Morgan Investment Management Inc.,,,Acquisition of Whole Company (incl. Majority Stake),Completed,2023-02-01,4250633076,Gas Utilities,USA
SPTRD1948261,2022-02-24,U.S. physical auction business of ADESA,,"Carvana Group, LLC",CVNA,"KAR Auction Services, Inc.",Acquisition of Asset or Branch,Completed,2022-05-10,2200000000,Diversified Support Services,USA
SPTRD1943408,2022-02-22,Houghton Mifflin Harcourt Company*,,"Veritas Capital Fund Management, L.L.C",,"Engine Investments, LLC",Acquisition of Whole Company (incl. Majority Stake),Completed,2022-04-06,2681561589,Education Services,USA
SPTRD1943507,2022-02-22,Substantially All of the Assets of Peninsula Pacific Entertainment LLC,,Churchill Downs Incorporated,CHDN,"Peninsula Pacific Entertainment, LLC",Acquisition of Asset or Branch,Completed,2022-11-01,2750000000,Casinos and Gaming,USA
SPTRD1943526,2022-02-22,"Meritor, Inc.",,Cummins Inc.,CMI,Investor Group,Acquisition of Whole Company (incl. Majority Stake),Completed,2022-08-03,2666365698,Other Distributors,USA
SPTRD1943772,2022-02-22,Tenneco Inc.,,"Apollo Global Management, Inc.",APO,,Acquisition of Whole Company (incl. Majority Stake),Completed,2022-11-17,1757854360,Automotive Parts and Equipment,USA
SPTRD1942572,2022-02-18,"Mobility and Materials Business of DuPont de Nemours, Inc.",,Celanese Corporation,CE,"DuPont de Nemours, Inc.",Acquisition of Asset or Branch,Completed,2022-11-01,11000000000,Commodity Chemicals,USA
SPTRD1942370,2022-02-17,Capital Automotive LLC,,Ares Management Corporation,ARES,Brookfield Asset Management Inc.,Acquisition of Whole Company (incl. Majority Stake),Completed,2022-02-17,3800000000,Retail REIT,USA
SPTRD1940754,2022-02-16,"Preferred Apartment Communities, Inc.",,"Blackstone Real Estate Income Trust, Inc.",,,Acquisition of Whole Company (incl. Majority Stake),Completed,2022-06-23,1383771215,Real Estate Operating and Management,USA
SPTRD1940047,2022-02-15,"Optimal Blue Holdco, LLC*",,"Black Knight, Inc.",,Investor group,Acquisition of Minority Stake,Completed,2022-02-15,1156000000,Application Software,USA
SPTRD1940197,2022-02-15,Real Estate of Encore Boston Harbor Casino,,Realty Income Corporation,O,"Wynn Ma, LLC",Acquisition of Asset or Branch,Completed,2022-12-01,1700000000,Real Estate Operating and Management,USA
SPTRD1940224,2022-02-15,Viper Holdings Corporation,,Masimo Corporation,MASI,,Acquisition of Whole Company (incl. Majority Stake),Completed,2022-04-11,1025000000,"Holding Companies, Patent Owners, and Trusts or Estates",USA
SPTRD1939754,2022-02-14,"Elkay Manufacturing Company, Inc.",,Zurn Water Solutions Corporation,,,Acquisition of Whole Company (incl. Majority Stake),Completed,2022-07-01,1405584000,Building Products,USA
SPTRD1939829,2022-02-14,"Cornerstone Building Brands, Inc.*",,Investor Group,,Golden Gate Capital,Acquisition of Whole Company (incl. Majority Stake),Completed,2022-07-25,1612684567,Building Products,USA
SPTRD1945350,2022-02-11,"Shell Midstream Partners, L.P.",,Shell Pipeline Company LP,,,Acquisition of Minority Stake,Completed,2022-10-19,1962741000,Oil and Gas Storage and Transportation,USA
SPTRD1938708,2022-02-09,"Pilot Freight Services, Inc.*",,A.P. Møller - Mærsk A/S,,Investor Group,Acquisition of Whole Company (incl. Majority Stake),Completed,2022-05-02,1680000000,Cargo Ground Transportation,USA
SPTRD1938783,2022-02-09,"US Ecology Holdings, Inc.",,"Republic Services, Inc.",RSG,Investor Group,Acquisition of Whole Company (incl. Majority Stake),Completed,2022-05-02,1530030377,Environmental and Facilities Services,USA
SPTRD1938521,2022-02-08,"DPCM Capital, Inc.",,D-Wave Quantum Inc.,QBTS,Investor Group,Acquisition of Whole Company (incl. Majority Stake),Completed,2022-08-05,1138727297,Asset Management,USA
SPTRD1937000,2022-02-02,Net Lease Asset Portfolio of iStar Inc.*,,"Carlyle Net Lease Income, L.P.",,iStar Inc.,Acquisition of Asset or Branch,Completed,2022-03-22,3071500000,Real Estate Operating and Management,USA
SPTRD1936583,2022-02-01,Scholle IPN Corporation,,SIG Combibloc Group AG,,,Acquisition of Whole Company (incl. Majority Stake),Completed,2022-06-01,1411012970,Packaging and Materials: Paper and Plastic,USA
SPTRD1936263,2022-01-31,"Citrix Systems, Inc.*",,TIBCO Software Inc.,,Investor Group,Acquisition of Whole Company (incl. Majority Stake),Completed,2022-09-30,13632762615,Application Software,USA
SPTRD1936309,2022-01-31,"Bungie, Inc.*",,Sony Interactive Entertainment LLC,,Netease Capital,Acquisition of Whole Company (incl. Majority Stake),Completed,2022-07-15,3700000000,Interactive Home Entertainment,USA
SPTRD1937342,2022-01-31,Portfolio of 75 Buildings Totaling 5.4 Million Square Feet,,"Equus Capital Partners, Ltd.",,"Prologis, Inc.",Acquisition of Asset or Branch,Completed,2022-01-31,1000000000,Real Estate Operating and Management,USA
SPTRD1934932,2022-01-26,"Gavilon Agriculture Investment, Inc.",,Viterra Ltd.,,Marubeni America Corporation,Acquisition of Whole Company (incl. Majority Stake),Completed,2022-10-03,1125000000,Food Distributors,USA
SPTRD1934650,2022-01-25,Arisz Acquisition Corp.,,Ethereal Tech PTE. Ltd,,Investor Group,Acquisition of Whole Company (incl. Majority Stake),Completed,2024-02-29,1237500001,Asset Management,USA
SPTRD1933984,2022-01-24,Financial Services Segment of Adtalem Global Education Inc.*,,Investor Group,,Adtalem Global Education Inc.,Acquisition of Whole Company (incl. Majority Stake),Completed,2022-03-10,1000000000,Unclassified,USA
SPTRD1934099,2022-01-24,"Resource REIT, Inc.",,"Blackstone Real Estate Income Trust, Inc.",,,Acquisition of Whole Company (incl. Majority Stake),Completed,2022-05-19,2544661775,Multi-Family Residential REIT,USA
SPTRD1975837,2022-01-24,111 WoodSpring Suites-Branded Hotels*,,Investor Group,,Brookfield Property Partners L.P.,Acquisition of Asset or Branch,Completed,2022-03-31,1500000000,Real Estate Operating and Management,USA
SPTRD1933812,2022-01-21,IBM Watson Health*,,"Francisco Partners Management, L.P.",,"IBM Watson Health, Inc.",Acquisition of Asset or Branch,Completed,2022-06-30,1065000000,Health Care Technology,USA
SPTRD1933080,2022-01-19,"Zogenix, Inc.",,"UCB BioSciences, Inc.",,,Acquisition of Whole Company (incl. Majority Stake),Completed,2022-03-04,1867640628,Pharmaceuticals,USA
SPTRD1932851,2022-01-18,"Activision Blizzard, Inc.",,Microsoft Corporation,MSFT,Investor group,Acquisition of Whole Company (incl. Majority Stake),Completed,2023-10-13,75693137765,Interactive Home Entertainment,USA
SPTRD1931279,2022-01-11,"Wind River Systems, Inc.*",,Aptiv PLC,APTV,"TPG Capital, L.P.",Acquisition of Whole Company (incl. Majority Stake),Completed,2022-12-23,3500000000,Systems Software,USA
SPTRD1930841,2022-01-10,"Navitas Midstream Partners, LLC*",,Enterprise Products Partners L.P.,EPD,Warburg Pincus LLC,Acquisition of Whole Company (incl. Majority Stake),Completed,2022-02-17,3250000000,Integrated Oil and Gas,USA
SPTRD1930981,2022-01-10,"Apria, Inc.*",,"Byram Healthcare Centers, Inc.",,Blackstone Inc.,Acquisition of Whole Company (incl. Majority Stake),Completed,2022-03-29,1491172967,Health Care Services,USA
SPTRD1931084,2022-01-10,Zynga Inc.,,"Take-Two Interactive Software, Inc.",TTWO,,Acquisition of Whole Company (incl. Majority Stake),Completed,2022-05-23,10252520399,Interactive Home Entertainment,USA
SPTRD1931200,2022-01-10,"Revint Holdings, LLC",,R1 RCM Inc.,,"New Mountain Capital, L.L.C.",Acquisition of Whole Company (incl. Majority Stake),Completed,2022-06-21,2695486784,Application Software,USA
SPTRD1930315,2022-01-06,"Vocera Communications, Inc.",,Stryker Corporation,SYK,,Acquisition of Whole Company (incl. Majority Stake),Completed,2022-02-23,2971763575,Health Care Technology,USA
SPTRD1930631,2022-01-05,"DB Energy Assets, LLC/Beacon Energy Holdings, LLC",,Vauban Infrastructure Partners,,Investor Group,Acquisition of Whole Company (incl. Majority Stake),Completed,2022-05-23,2200000000,Unclassified,USA
SPTRD1929411,2022-01-04,28.4-million square-foot portfolio of state-of-the-art logistics properties the,,CBRE Investment Management,,"Hillwood Investment Properties, L.P.",Acquisition of Asset or Branch,Announced,,4900000000,Real Estate Operating and Management,USA
SPTRD1929781,2021-12-30,"PeproTech, Inc.",,Thermo Fisher Scientific Inc.,TMO,,Acquisition of Whole Company (incl. Majority Stake),Completed,2021-12-30,1947000000,Life Sciences Tools and Services,USA
SPTRD1928282,2021-12-28,"Valley Proteins, Inc.",,Darling Ingredients Inc.,DAR,,Acquisition of Whole Company (incl. Majority Stake),Completed,2022-05-02,1100000000,Environmental and Facilities Services,USA
SPTRD1927912,2021-12-27,CUSIP Global Services division of S&P Global Inc.,,FactSet Research Systems Inc.,FDS,S&P Global Inc.,Acquisition of Asset or Branch,Completed,2022-03-01,1925000000,Banking Technology,USA
SPTRD1980732,2021-12-24,Aircraft Leasing Business*,,Carlyle Aviation Partners Ltd.,,CK Asset Holdings Limited,Acquisition of Whole Company (incl. Majority Stake),Completed,2022-04-12,4281000000,Aerospace and Defense,USA
SPTRD1927354,2021-12-23,Malarkey Roofing Products Co.,,Holcim Group Services Limited,,,Acquisition of Whole Company (incl. Majority Stake),Completed,2022-02-28,1350000000,Building Products,USA
SPTRD1926679,2021-12-21,"Amunix Pharmaceuticals, Inc.*",,Sanofi,SNY,Investor Group,Acquisition of Whole Company (incl. Majority Stake),Completed,2022-02-08,1225000000,Biotechnology,USA
SPTRD1926704,2021-12-21,Zanite Acquisition Corp.,,"Eve Holding, Inc.",EVEX,Investor Group,Acquisition of Whole Company (incl. Majority Stake),Completed,2022-05-09,2233000000,Asset Management,USA
SPTRD1926726,2021-12-21,Two Portfolios Consisting of 75 Industrial Properties,,Ares Real Estate Group,,Undisclosed Seller,Acquisition of Asset or Branch,Completed,2021-12-21,1700000000,Real Estate Operating and Management,USA
SPTRD1926826,2021-12-21,Encora Digital Inc.*,,Advent International Corporation,,Warburg Pincus LLC,Acquisition of Whole Company (incl. Majority Stake),Completed,2021-12-21,1500000000,IT Consulting and Other Services,USA
SPTRD1927106,2021-12-21,"Sempra Infrastructure Partners, LP",,Black River B 2017 Inc.,,Sempra,Acquisition of Minority Stake,Completed,2022-06-01,1730000000,Multi-Utilities,USA
SPTRD1926275,2021-12-20,Bank of the West,,BMO Harris Bank National Association,,BNP Paribas SA,Acquisition of Whole Company (incl. Majority Stake),Completed,2023-02-01,13800000000,Bank,USA
SPTRD1926434,2021-12-20,Hexion Holdings Corporation*,,American Securities LLC,,,Acquisition of Whole Company (incl. Majority Stake),Completed,2022-03-15,3618561640,Specialty Chemicals,USA
SPTRD1926439,2021-12-20,"Ball Metalpack, LLC*",,Sonoco Products Company,SON,Investor Group,Acquisition of Whole Company (incl. Majority Stake),Completed,2022-01-26,1350000000,"Containers and Packaging: Metal, Glass, and Plastic",USA
SPTRD1926442,2021-12-20,"Bluerock Residential Growth REIT, Inc.",,"Blackstone Real Estate Income Trust, Inc.",,,Acquisition of Whole Company (incl. Majority Stake),Completed,2022-10-06,741434705,Real Estate Development,USA
SPTRD1926461,2021-12-20,"Truebill, Inc.",,"Rocket Companies, Inc.",RKT,,Acquisition of Whole Company (incl. Majority Stake),Completed,2021-12-23,1275000000,Application Software,USA
SPTRD1926647,2021-12-20,Hudson Commons,,"CommonWealth Partners, LLC",,Investor Group,Acquisition of Asset or Branch,Completed,2021-12-20,1033000000,Real Estate Operating and Management,USA
SPTRD1944014,2021-12-20,Cerner Corporation,,Oracle Corporation,ORCL,,Acquisition of Whole Company (incl. Majority Stake),Completed,2022-06-08,28259285770,Health Care Technology,USA
SPTRD1925925,2021-12-17,"Bottomline Technologies, Inc.*",,"Thoma Bravo, L.P.",,Investor group,Acquisition of Whole Company (incl. Majority Stake),Completed,2022-05-13,2574355866,Banking Technology,USA
SPTRD1925930,2021-12-17,Armada Acquisition Corp. I,,Rezolve Group Limited,,Investor Group,Acquisition of Whole Company (incl. Majority Stake),Completed,2024-08-15,1560000000,Asset Management,USA
SPTRD1926464,2021-12-17,"Portfolio of 81 Multi-tenant Power, Anchored and Grocery Centers in United State",,Investor Group,,"CIM Real Estate Finance Trust, Inc.",Acquisition of Asset or Branch,Completed,2022-07-07,943760690,Real Estate Operating and Management,USA
SPTRD1925553,2021-12-16,Founder SPAC,,"Rubicon Technologies, Inc.",,Investor Group,Acquisition of Whole Company (incl. Majority Stake),Completed,2022-08-15,1483000000,Asset Management,USA
SPTRD1925268,2021-12-15,"CMC Materials, Inc.",,"Entegris, Inc.",ENTG,Investor Group,Acquisition of Whole Company (incl. Majority Stake),Completed,2022-07-06,5102491646,Semiconductor Materials and Equipment,USA
SPTRD1925494,2021-12-15,"20 Newly Built Multifamily Properties Totaling 6,341 Units*",,"Blackstone Real Estate Income Trust, Inc.",,Undisclosed Seller,Acquisition of Asset or Branch,Completed,2022-01-31,2100000000,Real Estate Operating and Management,USA
SPTRD1925584,2021-12-15,Kaman Distribution Group*,,"Motion Industries, Inc.",,"Littlejohn & Co., LLC",Acquisition of Whole Company (incl. Majority Stake),Completed,2022-01-03,1300000000,Trading Companies and Distributors,USA
SPTRD1925731,2021-12-15,Life Science Property in the City of Cambridge,,Investor Group,,"Alexandria Real Estate Equities, Inc.",Acquisition of Asset or Branch,Completed,2021-12-15,1185111270,Real Estate Operating and Management,USA
SPTRD1924842,2021-12-14,"Terminix Global Holdings, Inc.",,Rentokil Initial plc,RTO,Investor Group,Acquisition of Whole Company (incl. Majority Stake),Completed,2022-10-12,4742971383,Environmental and Facilities Services,USA
SPTRD1924922,2021-12-14,Spring Valley Acquisition Corp.,,"NuScale Power, LLC",SMR,Investor Group,Acquisition of Whole Company (incl. Majority Stake),Completed,2022-05-02,1775047274,Asset Management,USA
SPTRD1924937,2021-12-14,Food Safety Business of 3M Company,,Neogen Corporation,NEOG,3M Company,Acquisition of Asset or Branch,Completed,2022-09-01,2262073107,Electronic Equipment and Instruments,USA
SPTRD1964223,2021-12-14,"Savion, LLC",,Shell New Energies US LLC,,Macquarie Group Limited,Acquisition of Whole Company (incl. Majority Stake),Completed,2021-12-17,1400000000,Renewable Electricity,USA
SPTRD1924542,2021-12-13,"Arena Pharmaceuticals, Inc.",,Pfizer Inc.,PFE,,Acquisition of Whole Company (incl. Majority Stake),Completed,2022-03-11,6676350535,Biotechnology,USA
SPTRD1924693,2021-12-13,The Mirage Casino-Hotel LLC,,"Seminole Hard Rock International, LLC",,MGM Resorts International,Acquisition of Whole Company (incl. Majority Stake),Completed,2022-12-19,1075000000,"Hotels, Resorts and Cruise Lines",USA
SPTRD1924598,2021-12-12,"SPX FLOW, Inc.*",,"Lone Star Americas Acquisitions, Inc.",,,Acquisition of Whole Company (incl. Majority Stake),Completed,2022-04-04,3697703654,Machinery and Supplies and Components: Industrial,USA
SPTRD1975539,2021-12-10,CC Neuberger Principal Holdings II,,"Getty Images Holdings, Inc.",GETY,,Acquisition of Whole Company (incl. Majority Stake),Completed,2022-07-22,2628990942,Asset Management,USA
SPTRD1923539,2021-12-08,Electronic Security Solutions And Healthcare Solutions Businesses Of Stanley Bla,,Securitas AB (publ),,"Stanley Black & Decker, Inc.",Acquisition of Asset or Branch,Completed,2022-07-22,3200000000,Unclassified,USA
SPTRD1923551,2021-12-08,Virgin Group Acquisition Corp. II*,,"Grove Collaborative, Inc.",GROV,Investor Group,Acquisition of Whole Company (incl. Majority Stake),Completed,2022-06-16,1400000000,Asset Management,USA
SPTRD1923132,2021-12-07,Oaktree Acquisition Corp. II,,Alvotech,ALVO,Investor Group,Acquisition of Whole Company (incl. Majority Stake),Completed,2022-06-15,2160839100,Asset Management,USA
SPTRD1922696,2021-12-06,GCP Applied Technologies Inc.,,Compagnie de Saint-Gobain S.A.,,Investor Group,Acquisition of Whole Company (incl. Majority Stake),Completed,2022-09-27,2383419996,Specialty Chemicals,USA
SPTRD1922891,2021-12-06,Real Estate Assets of Live! Casino & Hotel Maryland,,"Gaming and Leisure Properties, Inc.",GLPI,"PPE Casino Resorts Maryland, LLC",Acquisition of Asset or Branch,Completed,2021-12-29,777000000,Real Estate Operating and Management,USA
SPTRD1922453,2021-12-03,Apollo Strategic Growth Capital*,,"Global Business Travel Group, Inc.",GBTG,"APSG Sponsor, L.P.",Acquisition of Whole Company (incl. Majority Stake),Completed,2022-05-27,4027000000,Asset Management,USA
SPTRD1922534,2021-12-03,"Provation Software, Inc.*",,Fortive Corporation,FTV,"Clearlake Capital Group, L.P.",Acquisition of Whole Company (incl. Majority Stake),Completed,2021-12-27,1425000000,Health Care Technology,USA
SPTRD2044183,2021-12-01,Razer Inc.*,,Investor Group,,,Acquisition of Whole Company (incl. Majority Stake),Completed,2022-05-11,2834742944,"Technology Hardware, Storage and Peripherals",USA
SPTRD1921419,2021-11-30,CBS Studios Inc.,,Investor Group,,ViacomCBS Inc.,Acquisition of Whole Company (incl. Majority Stake),Completed,2021-12-23,1850000000,Broadcasting,USA
SPTRD1921231,2021-11-29,"Aqua Finance, Inc.*",,Athene Holding Ltd.,ATHS,Blackstone Inc.,Acquisition of Whole Company (incl. Majority Stake),Completed,2022-07-22,1000000000,Specialty Finance: Consumer Focused,USA
SPTRD1921306,2021-11-29,"Quest Software, Inc.*",,"Clearlake Capital Group, L.P.",,"Francisco Partners Management, L.P.",Acquisition of Whole Company (incl. Majority Stake),Completed,2022-02-01,5400000000,Application Software,USA
SPTRD1920540,2021-11-24,"Clinigence Holdings, Inc.",,Nutex Health Inc.,NUTX,,Acquisition of Whole Company (incl. Majority Stake),Completed,2022-04-01,2311887680,Health Care Services,USA
SPTRD1919513,2021-11-22,Vonage Holdings Corp.,,Telefonaktiebolaget LM Ericsson (publ),,,Acquisition of Whole Company (incl. Majority Stake),Completed,2022-07-21,5738155518,Application Software,USA
SPTRD1919597,2021-11-22,PK Global,,Concentrix Corporation,CNXC,The Carlyle Group Inc.,Acquisition of Whole Company (incl. Majority Stake),Completed,2021-12-27,1575000000,IT Consulting and Other Services,USA
SPTRD1920105,2021-11-22,athenahealth Inc.*,,Investor group,,Investor group,Acquisition of Whole Company (incl. Majority Stake),Completed,2022-02-15,17000000000,Health Care Technology,USA
SPTRD1918857,2021-11-18,"Dicerna Pharmaceuticals, Inc.*",,Novo Nordisk A/S,NVO,Investor Group,Acquisition of Whole Company (incl. Majority Stake),Completed,2021-12-28,3146916991,Biotechnology,USA
SPTRD1918374,2021-11-16,Archimedes Tech SPAC Partners Co.,,"SoundHound AI, Inc.",SOUN,Archimedes Tech SPAC Sponsors LLC,Acquisition of Whole Company (incl. Majority Stake),Completed,2022-04-26,1994000000,Asset Management,USA
SPTRD1918448,2021-11-16,"SimpleNexus, LLC",,"nCino, Inc.",NCNO,,Acquisition of Whole Company (incl. Majority Stake),Completed,2022-01-07,1168304000,Application Software,USA
SPTRD1918006,2021-11-15,CyrusOne Inc.*,,Investor group,,,Acquisition of Whole Company (incl. Majority Stake),Completed,2022-03-25,11756271028,Data Center REIT,USA
SPTRD1918053,2021-11-15,CoreSite Realty Corporation*,,American Tower Investments LLC,,,Acquisition of Whole Company (incl. Majority Stake),Completed,2021-12-27,8314855550,Internet Services and Infrastructure,USA
SPTRD1918205,2021-11-15,"LAACO, Ltd.",,"CubeSmart, L.P.",CUBE,,Acquisition of Whole Company (incl. Majority Stake),Completed,2021-12-09,1740000000,Diversified Real Estate Activities,USA
SPTRD1918213,2021-11-15,"Firehouse Restaurant Group, Inc.",,Restaurant Brands International Inc.,QSR,,Acquisition of Whole Company (incl. Majority Stake),Completed,2021-12-15,968000000,Restaurants,USA
SPTRD1929000,2021-11-14,"Freeport LNG Development, L.P.",,JERA Americas Inc.,,"Global Infrastructure Management, LLC",Acquisition of Minority Stake,Announced,,2500000000,Oil and Gas Refining and Marketing,USA
SPTRD1917774,2021-11-12,"Consumer Club, Inc. d/b/a/ Getaroom.com*",,Booking Holdings Inc.,BKNG,"Court Square Capital Management, L.P.",Acquisition of Whole Company (incl. Majority Stake),Completed,2021-12-30,1200000000,"Hotels, Resorts and Cruise Lines",USA
SPTRD1917995,2021-11-12,"Manhattan Mini Storage, LLC",,"TKG StorageMart Partners, LP",,Edison Properties Inc.,Acquisition of Whole Company (incl. Majority Stake),Completed,2021-12-31,3000000000,Diversified Support Services,USA
SPTRD1917322,2021-11-10,Generate Life Sciences Inc.*,,"CooperSurgical, Inc.",,GI Manager L.P.,Acquisition of Whole Company (incl. Majority Stake),Completed,2021-12-17,1605000000,Biotechnology,USA
SPTRD1916878,2021-11-09,30-Property Multifamily Portfolio in United States,,Undisclosed Buyer,,"Greystar Real Estate Partners, LLC",Acquisition of Asset or Branch,Announced,,3600000000,Real Estate Operating and Management,USA
SPTRD1916536,2021-11-08,CorePoint Lodging Inc.*,,Investor group,,,Acquisition of Whole Company (incl. Majority Stake),Completed,2022-03-03,944684994,Hotel and Resort REIT,USA
SPTRD1916574,2021-11-08,McAfee Corp.*,,Investor Group,,Investor Group,Acquisition of Whole Company (incl. Majority Stake),Completed,2022-03-01,11976207991,Systems Software,USA
SPTRD1916855,2021-11-08,86 Ambulatory Surgery Centers and Other Related Assets in US,,United Surgical Partners International Inc.,,Investor Group,Acquisition of Asset or Branch,Completed,2021-12-22,1100000000,Health Care Facilities,USA
SPTRD1916782,2021-11-07,"FirstEnergy Transmission, LLC",,Brookfield Corporation,BN,FirstEnergy Corp.,Acquisition of Minority Stake,Completed,2022-05-31,2375000000,Electric Utilities,USA
SPTRD1916155,2021-11-05,Monmouth Real Estate Investment Corporation,,Industrial Logistics Properties Trust,ILPT,,Acquisition of Whole Company (incl. Majority Stake),Completed,2022-02-25,2070361587,Industrial REIT,USA
SPTRD1920137,2021-11-04,"GEP Haynesville, LLC",,Southwestern Energy Company,,Investor group,Acquisition of Whole Company (incl. Majority Stake),Completed,2021-12-31,1801821190,Oil and Gas Exploration and Production,USA
SPTRD1915875,2021-11-03,"Fenix Marine Services, Ltd.*",,CMA CGM S.A.,,EQT Partners AB,Acquisition of Whole Company (incl. Majority Stake),Announced,,2300000000,Marine Ports and Services,USA
SPTRD1916133,2021-11-03,Jagged Peak Energy LLC And Oil And Gas Assets In Delaware Basin,,"Continental Resources, Inc.",,Investor Group,Acquisition of Asset or Branch,Completed,2021-12-21,3100000000,Oil and Gas Exploration and Production,USA
SPTRD1917254,2021-11-03,70.5 million Square Foot Portfolio in United States,,GIC Private Limited,,EQT Exeter,Acquisition of Asset or Branch,Completed,2021-11-03,6800000000,Real Estate Operating and Management,USA
SPTRD1917826,2021-11-03,Portfolio of 14 Logistics Assets in US,,Investor Group,,Undisclosed Seller,Acquisition of Asset or Branch,Completed,2021-11-03,2000000000,Real Estate Operating and Management,USA
SPTRD1915607,2021-11-02,SilverBox Engaged Merger Corp I,,BRC Inc.,RILY,SilverBox Engaged Sponsor LLC,Acquisition of Whole Company (incl. Majority Stake),Completed,2022-02-09,1282256811,Asset Management,USA
SPTRD1915297,2021-11-01,Lexington Partners L.P.,,"Franklin Resources, Inc.",BEN,,Acquisition of Whole Company (incl. Majority Stake),Completed,2022-04-01,1750000000,Asset Management,USA
SPTRD1915620,2021-11-01,56 properties All Storage Portfolio,,Public Storage,PSA,"All Storage, Inc.",Acquisition of Asset or Branch,Completed,2021-12-02,1506000000,Real Estate Operating and Management,USA
SPTRD1915038,2021-10-29,"Pivotal Home Solutions, LLC*",,Apax Partners LLP,,Investor Group,Acquisition of Whole Company (incl. Majority Stake),Completed,2021-12-09,1280000000,Homebuilding Producers,USA
SPTRD1914668,2021-10-28,American First Finance Inc.,,"FirstCash, Inc.",FCFS,,Acquisition of Whole Company (incl. Majority Stake),Completed,2021-12-16,1296924500,Specialty Finance: Consumer Focused,USA
SPTRD1914698,2021-10-28,Adhesive Resins business of Eastman Chemical Company,,Synthomer plc,,Eastman Chemical Company,Acquisition of Asset or Branch,Completed,2022-04-01,1000000000,Commodity Chemicals,USA
SPTRD1914700,2021-10-28,"Oak Hill Advisors, L.P.",,"T. Rowe Price Group, Inc.",,,Acquisition of Whole Company (incl. Majority Stake),Completed,2021-12-29,4228793818,Asset Management,USA
SPTRD1914906,2021-10-28,Bro-Tech Corporation,,Ecolab Inc.,ECL,,Acquisition of Whole Company (incl. Majority Stake),Completed,2021-12-01,3700000000,Commodity Chemicals,USA
SPTRD1914449,2021-10-27,Phillips 66 Partners LP,,Phillips 66 Project Development Inc.,,,Acquisition of Minority Stake,Completed,2022-03-09,2468986607,Oil and Gas Storage and Transportation,USA
SPTRD1914534,2021-10-27,"Lucid Holdings, LLC*",LCID,Cint Group AB (publ),,Guidepost Growth Equity,Acquisition of Whole Company (incl. Majority Stake),Completed,2021-12-29,1320600362,Application Software,USA
SPTRD1914576,2021-10-27,Lottery Business of Scientific Games Corporation*,,Brookfield Business Corporation,BBUC,Investor Group,Acquisition of Whole Company (incl. Majority Stake),Completed,2022-04-04,5929000000,Unclassified,USA
SPTRD1914053,2021-10-26,"TransUnion Healthcare, Inc.*",,"nThrive, Inc.",,TransUnion,Acquisition of Whole Company (incl. Majority Stake),Completed,2021-12-17,1706400000,Health Care Technology,USA
SPTRD1914185,2021-10-26,Oasis Midstream Partners LP,,Crestwood Equity Partners LP,,Investor group,Acquisition of Whole Company (incl. Majority Stake),Completed,2022-02-01,1090082639,Oil and Gas Storage and Transportation,USA
SPTRD1913952,2021-10-25,PAE Incorporated*,,Amentum Government Services Holdings LLC,,Investor Group,Acquisition of Whole Company (incl. Majority Stake),Completed,2022-02-15,965593137,Aerospace and Defense,USA
SPTRD1913986,2021-10-25,Clearway Community Energy,,KKR & Co. Inc.,KKR,"Clearway Energy, Inc.",Acquisition of Asset or Branch,Completed,2022-05-01,1460000000,Multi-Utilities,USA
SPTRD1913211,2021-10-20,"TriState Capital Holdings, Inc.",,"Raymond James Financial, Inc.",RJF,,Acquisition of Whole Company (incl. Majority Stake),Completed,2022-06-01,1238685000,Bank,USA
SPTRD2039442,2021-10-20,Digital World Acquisition Corp.,,Trump Media & Technology Group Corp.,DJT,,Acquisition of Whole Company (incl. Majority Stake),Completed,2024-03-25,1700000000,"Holding Companies, Patent Owners, and Trusts or Estates",USA
SPTRD1913281,2021-10-19,Portfolio of more than 20 Garden and Mid-Rise Assets in US,,"Greystar Real Estate Partners, LLC",,"Femco, Inc.",Acquisition of Asset or Branch,Completed,2021-10-19,2000000000,Real Estate Operating and Management,USA
SPTRD1912593,2021-10-18,"Oak Street Real Estate Capital, LLC",,Blue Owl Capital Inc.,OWL,,Acquisition of Whole Company (incl. Majority Stake),Completed,2021-12-29,1656500000,Asset Management,USA
SPTRD1912682,2021-10-18,"Sirius Computer Solutions, LLC.*",,CDW LLC,CDW,"Clayton, Dubilier & Rice, LLC",Acquisition of Whole Company (incl. Majority Stake),Completed,2021-12-01,2500000000,IT Consulting and Other Services,USA
SPTRD1912821,2021-10-18,"GSN Games, Inc.",,"Scopely, Inc.",,Sony Group Corporation,Acquisition of Whole Company (incl. Majority Stake),Completed,2021-12-06,1000000000,Casinos and Gaming,USA
SPTRD1912344,2021-10-15,High-quality Industrial Portfolio of 102 assets located throughout the U.S.*,,"Blackstone Real Estate Income Trust, Inc.",,"Cabot Properties, Inc.",Acquisition of Asset or Branch,Completed,2021-11-19,2300000000,Real Estate Operating and Management,USA
SPTRD1912370,2021-10-15,26 Capital Acquisition Corp.,,"Tiger Resorts, Leisure and Entertainment Inc.",,Investor Group,Acquisition of Whole Company (incl. Majority Stake),Announced,,2445342456,Asset Management,USA
SPTRD1911540,2021-10-12,"Columbia Banking System, Inc.",COLB,Umpqua Holdings Corporation,,,Acquisition of Whole Company (incl. Majority Stake),Completed,2023-02-28,5147060488,Bank,USA
SPTRD1914191,2021-10-12,R. R. Donnelley & Sons Company,,"Chatham Asset Management, LLC",,,Acquisition of Whole Company (incl. Majority Stake),Completed,2022-02-25,786868084,Commercial Printing,USA
SPTRD1911406,2021-10-11,"Aspen Technology, Inc.",,Emerson Electric Co.,EMR,,Acquisition of Whole Company (incl. Majority Stake),Completed,2022-05-16,6014000000,Application Software,USA
SPTRD1911467,2021-10-11,"Genesis Capital, LLC",,New Residential Investment Corp.,,"The Goldman Sachs Group, Inc.",Acquisition of Whole Company (incl. Majority Stake),Completed,2021-12-20,1630000000,Specialty Finance: Commercial Focused,USA
SPTRD1910714,2021-10-07,FirstMark Horizon Acquisition Corp.,,"Starry Group Holdings, Inc.",,FirstMark Horizon Sponsor LLC,Acquisition of Whole Company (incl. Majority Stake),Completed,2022-03-29,1760000000,Asset Management,USA
SPTRD1910735,2021-10-07,"Personal Accident, Supplemental Health and Life Insurance Business of Cigna Corp",,Chubb Limited,CB,Cigna Corporation,Acquisition of Asset or Branch,Completed,2022-07-01,5360000000,Multiline,USA
SPTRD1910328,2021-10-06,"Supernova Partners Acquisition Company II, Ltd.",,"Rigetti & Co, Inc.",,Supernova Partners II LLC,Acquisition of Whole Company (incl. Majority Stake),Completed,2022-03-02,1014975000,Asset Management,USA
SPTRD1910333,2021-10-06,"MoPub, Inc.",,AppLovin Corporation,APP,"Twitter, Inc.",Acquisition of Whole Company (incl. Majority Stake),Completed,2022-01-01,1050000000,Application Software,USA
SPTRD1910567,2021-10-06,Meredith Holdings Corp.,,Dotdash Media Inc.,,Meredith Corporation,Acquisition of Whole Company (incl. Majority Stake),Completed,2021-12-01,2700000000,Publishing,USA
SPTRD1910055,2021-10-05,"Dominion Energy Questar Pipeline, LLC",,"Southwest Gas Holdings, Inc.",SWX,"Dominion Energy, Inc.",Acquisition of Whole Company (incl. Majority Stake),Completed,2021-12-31,1545000000,Oil and Gas Storage and Transportation,USA
SPTRD1909648,2021-10-03,"DentaQuest Group, Inc.*",,Sun Life and Health Insurance Company (U.S.),,Investor group,Acquisition of Whole Company (incl. Majority Stake),Completed,2022-06-01,2586000000,Managed Health Care,USA
SPTRD1910016,2021-10-03,"Transcore Partners, Inc./TLP Holdings, LLC",,ST Engineering Urban Solutions USA Inc.,,"TransCore Holdings, Inc.",Acquisition of Whole Company (incl. Majority Stake),Completed,2022-03-17,2680000000,Unclassified,USA
SPTRD1911048,2021-10-01,74-Property Industrial Portfolio in Arizona,,"Equus Capital Partners, Ltd.",,Undisclosed Seller,Acquisition of Asset or Branch,Completed,2021-10-01,1150000000,Real Estate Operating and Management,USA
SPTRD1821593,2021-09-30,"Commercial Real Estate Business of Annaly Capital Management, Inc.",,Slate Asset Management,,"Annaly Capital Management, Inc.",Acquisition of Asset or Branch,Completed,2021-09-30,2330000000,Mortgage REIT,USA
SPTRD1909221,2021-09-30,Acceleron Pharma Inc.,,Merck Sharp & Dohme Corp.,,Investor Group,Acquisition of Whole Company (incl. Majority Stake),Completed,2021-11-19,7569605710,Biotechnology,USA
SPTRD1909225,2021-09-30,"Mailgun Technologies, Inc.*",,Pegasus Corp One,,Investor Group,Acquisition of Whole Company (incl. Majority Stake),Completed,2021-12-06,1517798449,Application Software,USA
SPTRD1908587,2021-09-28,"Smiths Medical, Inc.",,"ICU Medical, Inc.",ICUI,Smiths Group plc,Acquisition of Whole Company (incl. Majority Stake),Completed,2022-01-06,2597880000,Health Care Equipment,USA
SPTRD1908614,2021-09-28,23 Apartment Communities in United States,,Undisclosed Buyer,,Bell Partners Inc.,Acquisition of Asset or Branch,Completed,2021-09-28,1800000000,Real Estate Operating and Management,USA
SPTRD1908414,2021-09-27,Real Estate Assets of The Nevada Property 1 LLC,,Investor Group,,Nevada Property 1 LLC,Acquisition of Asset or Branch,Completed,2022-09-27,4025000000,Real Estate Operating and Management,USA
SPTRD1908449,2021-09-27,Kraton Corporation,,"DL Chemical Co., Ltd.",,Investor Group,Acquisition of Whole Company (incl. Majority Stake),Completed,2022-03-15,1571791232,Specialty Chemicals,USA
SPTRD1907810,2021-09-23,Bank Leumi Le-Israel Corporation*,,Valley National Bancorp,VLY,Bank Leumi le- Israel B.M.,Acquisition of Whole Company (incl. Majority Stake),Completed,2022-04-01,1257929921,Bank,USA
SPTRD1907868,2021-09-23,"BK Medical Holding Company, Inc.*",,GE Healthcare Inc.,,"Altaris, LLC",Acquisition of Whole Company (incl. Majority Stake),Completed,2021-12-21,1466000000,Health Care Equipment,USA
SPTRD1907529,2021-09-22,"RFJ Auto Partners, Inc.*",,"Sonic Automotive, Inc.",SAH,TJC LP,Acquisition of Whole Company (incl. Majority Stake),Completed,2021-12-06,964900000,Automotive Retail,USA
SPTRD1907192,2021-09-21,"MUFG Union Bank, National Association",,U.S. Bancorp,,"Mitsubishi UFJ Financial Group, Inc.",Acquisition of Whole Company (incl. Majority Stake),Completed,2022-12-01,7514142895,Bank,USA
SPTRD1907108,2021-09-20,Substantially All of the Assets of SWEPI LP,,ConocoPhillips Company,COP,Shell Enterprises LLC,Acquisition of Asset or Branch,Completed,2021-12-01,9500000000,Oil and Gas Exploration and Production,USA
SPTRD1906468,2021-09-16,"Great Western Bancorp, Inc.",,"First Interstate BancSystem, Inc.",FIBK,,Acquisition of Whole Company (incl. Majority Stake),Completed,2022-02-01,1709070514,Bank,USA
SPTRD1906202,2021-09-15,"GreenSky, Inc.",,"The Goldman Sachs Group, Inc.",GS,,Acquisition of Whole Company (incl. Majority Stake),Completed,2022-03-29,1854502654,Digital Lending,USA
SPTRD1906244,2021-09-15,Prudential Annuities Life Assurance Corporation*,,Fortitude Reinsurance Company Ltd.,,"Prudential Financial, Inc.",Acquisition of Whole Company (incl. Majority Stake),Completed,2022-04-01,1500000000,Life and Health,USA
SPTRD1905607,2021-09-13,"Neustar, Inc.",,TransUnion,TRU,Investor group,Acquisition of Whole Company (incl. Majority Stake),Completed,2021-12-01,3100000000,Data Processing and Outsourced Services,USA
SPTRD1905746,2021-09-13,"The Rocket Science Group, LLC",,Intuit Inc.,INTU,,Acquisition of Whole Company (incl. Majority Stake),Completed,2021-11-01,12381191270,Application Software,USA
SPTRD1905862,2021-09-13,Motive Capital Corp.,,"Forge Global, Inc.",,Investor Group,Acquisition of Whole Company (incl. Majority Stake),Completed,2022-03-21,1463600000,Asset Management,USA
SPTRD1905426,2021-09-10,"Echo Global Logistics, Inc.*",,TJC LP,,Investor Group,Acquisition of Whole Company (incl. Majority Stake),Completed,2021-11-23,1313716013,Air Freight and Logistics,USA
SPTRD1905177,2021-09-09,"Summit Behavioral Healthcare, LLC*",,"Patient Square Capital, LP",,Investor Group,Acquisition of Whole Company (incl. Majority Stake),Completed,2021-11-24,1300000000,Health Care Facilities,USA
SPTRD1904937,2021-09-08,"Kadmon Holdings, Inc.",,Sanofi,SNY,,Acquisition of Whole Company (incl. Majority Stake),Completed,2021-11-09,1768909160,Biotechnology,USA
SPTRD1904997,2021-09-08,"Distribution International, Inc.*",,TopBuild Corp.,BLD,"Advent International, L.P.",Acquisition of Whole Company (incl. Majority Stake),Completed,2021-10-15,1031000000,Trading Companies and Distributors,USA
SPTRD1905019,2021-09-08,Wellness Infrastructure Business of DigitalBridge Operating Co. LLC,,Investor Group,,DigitalBridge Operating Co. LLC,Acquisition of Asset or Branch,Completed,2022-02-28,316000000,Real Estate Operating and Management,USA
SPTRD1905033,2021-09-08,"Hardware and Home Improvement Business of Spectrum Brands Holdings, Inc.",,ASSA ABLOY AB (publ),,"Spectrum Brands Holdings, Inc.",Acquisition of Asset or Branch,Completed,2023-06-20,4300000000,Household Products Producers,USA
SPTRD1905151,2021-09-08,Novus Capital Corporation II,,"Energy Vault Holdings, Inc.",NRGV,,Acquisition of Whole Company (incl. Majority Stake),Completed,2022-02-11,1147780311,Asset Management,USA
SPTRD1904590,2021-09-07,Masterflex,,"Avantor, Inc.",AVTR,Antylia Scientific,Acquisition of Whole Company (incl. Majority Stake),Completed,2021-11-01,2845300000,Machinery and Supplies and Components: Industrial,USA
SPTRD1904723,2021-09-07,"Columbia Property Trust, Inc.",,Pacific Investment Management Company LLC,,,Acquisition of Whole Company (incl. Majority Stake),Completed,2021-12-07,2314523067,Office REIT,USA
SPTRD1904743,2021-09-07,Moda Ingleside Energy Center and Other Assets,,Enbridge Inc.,ENB,"Moda Midstream, LLC",Acquisition of Asset or Branch,Completed,2021-10-12,3000000000,Oil and Gas Storage and Transportation,USA
SPTRD1905145,2021-09-07,"Chamberlain Group, Inc.",,Blackstone Inc.,BX,"Duchossois Group, Inc.",Acquisition of Whole Company (incl. Majority Stake),Completed,2021-11-03,5000000000,Electronic Equipment and Instruments,USA
SPTRD1903886,2021-09-02,"Blattner Holding Company, Inc.",,"Quanta Services, Inc.",PWR,,Acquisition of Whole Company (incl. Majority Stake),Completed,2021-10-13,3028412000,Construction and Engineering,USA
SPTRD1903934,2021-09-02,"Hill-Rom Holdings, Inc.",,Baxter International Inc.,BAX,,Acquisition of Whole Company (incl. Majority Stake),Completed,2021-12-13,10522271624,Health Care Equipment,USA
SPTRD1903637,2021-09-01,Portfolio of Multifamily Assets in New Jersey,,Investor Group,,Undisclosed Seller,Acquisition of Asset or Branch,Completed,2021-09-01,1050000000,Real Estate Operating and Management,USA
SPTRD1903343,2021-08-31,Performance Adhesives Business of Ashland LLC,,Arkema S.A.,,Ashland LLC,Acquisition of Asset or Branch,Completed,2022-02-28,1650000000,Specialty Chemicals,USA
SPTRD1903104,2021-08-30,"Medical Solutions, L.L.C.*",,Investor Group,,Investor Group,Acquisition of Whole Company (incl. Majority Stake),Announced,,2300000000,Health Care Services,USA
SPTRD1903128,2021-08-30,"Bettera Brands, LLC*",,"Catalent Pharma Solutions, Inc.",,Investor Group,Acquisition of Whole Company (incl. Majority Stake),Completed,2021-10-01,1000000001,Packaged Foods and Meats Producers,USA
SPTRD1902846,2021-08-27,Credit card portfolio,,Barclays Bank Delaware,DJP,Synchrony Financial,Acquisition of Asset or Branch,Completed,2022-06-21,3900000000,Specialty Finance: Consumer Focused,USA
SPTRD1902644,2021-08-25,"Masergy Communications, Inc.",,Comcast Corporation,CMCSA,Berkshire Partners LLC,Acquisition of Whole Company (incl. Majority Stake),Completed,2021-10-08,1200000000,Internet Services and Infrastructure,USA
SPTRD1901810,2021-08-23,Trillium Therapeutics Inc.*,,Pfizer Inc.,PFE,Investor Group,Acquisition of Whole Company (incl. Majority Stake),Completed,2021-11-17,2103712949,Biotechnology,USA
SPTRD1901865,2021-08-23,Landmark Infrastructure Partners LP,,Landmark Dividend LLC,,,Acquisition of Whole Company (incl. Majority Stake),Completed,2021-12-22,414620842,Real Estate Operating and Management,USA
SPTRD1901960,2021-08-23,Microbial Control Business Unit of International Flavors & Fragrances Inc.,,LANXESS Aktiengesellschaft,,International Flavors & Fragrances Inc.,Acquisition of Asset or Branch,Completed,2022-07-01,1300000000,Specialty Chemicals,USA
SPTRD1901857,2021-08-22,NextGen Acquisition Corp. II,,"Virgin Orbit Holdings, Inc.",,NextGen Sponsor II LLC,Acquisition of Whole Company (incl. Majority Stake),Completed,2021-12-28,3000800000,Asset Management,USA
SPTRD1901383,2021-08-19,"Frame.io, Inc.*",,Adobe Inc.,ADBE,Investor Group,Acquisition of Whole Company (incl. Majority Stake),Completed,2021-10-07,1236000000,Application Software,USA
SPTRD1901588,2021-08-19,"Inovalon Holdings, Inc.*",,Investor group,,,Acquisition of Whole Company (incl. Majority Stake),Completed,2021-11-24,7019955660,Health Care Technology,USA
SPTRD1900776,2021-08-17,MTD Holdings Inc.,,"Stanley Black & Decker, Inc.",SWK,,Acquisition of Whole Company (incl. Majority Stake),Completed,2021-12-01,1904700000,Household Appliances Producers,USA
SPTRD1900858,2021-08-17,14.5 Million Square Foot Infill and Light Industrial Portfolio*,,"Oxford Properties Group, Inc.",,KKR & Co. Inc.,Acquisition of Asset or Branch,Completed,2021-12-31,2200000000,Real Estate Operating and Management,USA
SPTRD1900456,2021-08-15,Apple Leisure Group,,Hyatt Hotels Corporation,H,Investor group,Acquisition of Whole Company (incl. Majority Stake),Completed,2021-11-01,2769000000,"Hotels, Resorts and Cruise Lines",USA
SPTRD1900043,2021-08-12,Reebok International Ltd.,,Authentic Brands Group LLC,,adidas AG,Acquisition of Whole Company (incl. Majority Stake),Completed,2022-03-01,2500000000,Footwear Producers,USA
SPTRD1900103,2021-08-12,Fossil generating portfolio*,,ArcLight Capital Partners LLC,,Public Service Enterprise Group Incorporated,Acquisition of Asset or Branch,Completed,2022-02-18,1920000000,Independent Power Producers and Energy Traders,USA
SPTRD1899829,2021-08-11,Vine Energy Inc.,,Chesapeake Energy Corporation,,Blackstone Inc.,Acquisition of Whole Company (incl. Majority Stake),Completed,2021-11-01,1312002109,Oil and Gas Exploration and Production,USA
SPTRD1899221,2021-08-10,"Appriss Insights, LLC",,Equifax Inc.,EFX,Appriss Inc.,Acquisition of Whole Company (incl. Majority Stake),Completed,2021-10-01,1825000000,Application Software,USA
SPTRD1899370,2021-08-10,Environmental Impact Acquisition Corp.,,"GreenLight Biosciences, Inc.",,Investor Group,Acquisition of Whole Company (incl. Majority Stake),Completed,2022-02-02,1164000000,Asset Management,USA
SPTRD1899378,2021-08-10,"Service Finance Company, LLC",,Truist Bank,,ECN Capital Corp.,Acquisition of Whole Company (incl. Majority Stake),Completed,2021-12-06,2000000000,Specialty Finance: Commercial Focused,USA
SPTRD1899656,2021-08-10,Kansas City Southern,,Canadian Pacific Railway Limited,,Investor Group,Acquisition of Whole Company (incl. Majority Stake),Completed,2021-12-14,26830838109,Rail Transportation,USA
SPTRD1900051,2021-08-10,"Universal Music Group, Inc.",,"Pershing Square Capital Management, L.P.",,Vivendi SE,Acquisition of Minority Stake,Completed,2021-08-10,2799928270,Movies and Entertainment,USA
SPTRD1898929,2021-08-09,"American National Group, Inc.",ANG.PD,Brookfield Asset Management Reinsurance Partners Ltd.,,,Acquisition of Whole Company (incl. Majority Stake),Completed,2022-05-25,5110505430,Multiline,USA
SPTRD1899103,2021-08-08,"Sanderson Farms, Inc.*",,Investor Group,,Investor Group,Acquisition of Whole Company (incl. Majority Stake),Completed,2022-07-21,4618635091,Packaged Foods and Meats Producers,USA
SPTRD1898579,2021-08-06,CM Life Sciences III Inc.*,,"EQRx, Inc.",,Investor Group,Acquisition of Whole Company (incl. Majority Stake),Completed,2021-12-17,4154150000,Asset Management,USA
SPTRD1898604,2021-08-06,"Intersect ENT, Inc.",,Medtronic plc,MDT,Investor Group,Acquisition of Whole Company (incl. Majority Stake),Completed,2022-05-13,992067806,Health Care Equipment,USA
SPTRD1898170,2021-08-05,"Vividion Therapeutics, Inc.*",,Bayer Aktiengesellschaft,,Investor Group,Acquisition of Whole Company (incl. Majority Stake),Completed,2021-08-19,2000000000,Biotechnology,USA
SPTRD1898199,2021-08-05,"Risk Management Solutions, Inc.",,"Moody's Analytics, Inc.",,Daily Mail and General Trust plc,Acquisition of Whole Company (incl. Majority Stake),Completed,2021-09-15,1958321000,Insurance Technology,USA
SPTRD1898342,2021-08-05,Growth Capital Acquisition Corp.,,"Cepton, Inc.",,Investor Group,Acquisition of Whole Company (incl. Majority Stake),Completed,2022-02-10,1458000000,"Holding Companies, Patent Owners, and Trusts or Estates",USA
SPTRD1898650,2021-08-05,"Cornerstone OnDemand, Inc.*",,"Clearlake Capital Group, L.P.",,,Acquisition of Whole Company (incl. Majority Stake),Completed,2021-10-15,3846451259,Application Software,USA
SPTRD1897920,2021-08-04,MGM Growth Properties LLC,,VICI Properties L.P.,VICI,,Acquisition of Whole Company (incl. Majority Stake),Completed,2022-04-29,11365244464,Hotel and Resort REIT,USA
SPTRD1897960,2021-08-04,HYDROCHEM LLC*,,"Clean Harbors, Inc.",CLH,"Littlejohn & Co., LLC",Acquisition of Whole Company (incl. Majority Stake),Completed,2021-10-08,1250000000,Environmental and Facilities Services,USA
SPTRD1897468,2021-08-03,"Translate Bio, Inc.*",,Sanofi,SNY,Investor Group,Acquisition of Whole Company (incl. Majority Stake),Completed,2021-09-13,3040394893,Biotechnology,USA
SPTRD1897637,2021-08-03,"Tropicana Products, Inc./Naked Juice Company and Other Select Juice Brands Acros*",,PAI Partners SAS,,"PepsiCo, Inc.",Acquisition of Asset or Branch,Completed,2022-01-31,3500000000,Packaged Foods and Meats Producers,USA
SPTRD1897692,2021-08-03,"ILEC business, including its consumer, small business, wholesale and mostly copp*",,"Apollo Global Management, Inc.",APO,"Lumen Technologies, Inc.",Acquisition of Asset or Branch,Completed,2022-10-03,6000000000,Integrated Telecommunication Services,USA
SPTRD1985350,2021-08-03,All Assets of Sinclair Oil Corporation,,HF Sinclair Corporation,DINO,Sinclair Oil LLC,Acquisition of Asset or Branch,Completed,2022-03-14,2149007684,Unclassified,USA
SPTRD1897301,2021-08-02,OPIS and PetroChem Wire businesses of IHS Markit Ltd.,,News Corporation,NWSA,IHS Markit Ltd.,Acquisition of Asset or Branch,Completed,2022-02-28,1150000000,Financial Exchanges,USA
SPTRD1896800,2021-07-29,TPG Pace Solutions Corp.,,"Vacasa, Inc.",,"TPG Pace Solutions Sponsor, Series LLC",Acquisition of Whole Company (incl. Majority Stake),Completed,2021-12-06,3943185000,Asset Management,USA
SPTRD1896899,2021-07-29,"Clarabridge, Inc.",,Qualtrics International Inc.,,,Acquisition of Whole Company (incl. Majority Stake),Completed,2021-10-01,1198364138,Application Software,USA
SPTRD1896393,2021-07-28,"Investors Bancorp, Inc.",,"Citizens Financial Group, Inc.",CFG,,Acquisition of Whole Company (incl. Majority Stake),Completed,2022-04-06,3557466712,Bank,USA
SPTRD1896413,2021-07-28,"Vestcom, Inc.*",,Avery Dennison Corporation,AVY,Investor Group,Acquisition of Whole Company (incl. Majority Stake),Completed,2021-08-31,1465100000,Commercial Printing,USA
SPTRD1896488,2021-07-28,Spartan Acquisition Corp. III,,Allego N.V.,,Investor Group,Acquisition of Whole Company (incl. Majority Stake),Completed,2022-03-16,2393475000,Asset Management,USA
SPTRD1896269,2021-07-27,"TeneoBio, Inc.*",,Amgen Inc.,AMGN,Investor Group,Acquisition of Whole Company (incl. Majority Stake),Completed,2021-10-19,2500000000,Biotechnology,USA
SPTRD1895805,2021-07-26,"BioLegend, Inc.",,"PerkinElmer, Inc.",,,Acquisition of Whole Company (incl. Majority Stake),Completed,2021-09-17,5950348930,Biotechnology,USA
SPTRD1895819,2021-07-26,Mechanical Power Transmission Division of ABB Ltd,,RBC Bearings Incorporated,RBC,ABB Ltd,Acquisition of Asset or Branch,Completed,2021-11-01,2900000000,Machinery and Supplies and Components: Industrial,USA
SPTRD1895846,2021-07-26,"Latin American business of Lumen Technologies, Inc.",,Investor Group,,"Lumen Technologies, Inc.",Acquisition of Asset or Branch,Completed,2022-08-01,2700000000,Alternative Carriers,USA
SPTRD1895975,2021-07-26,"Medallia, Inc.*",,"Thoma Bravo, L.P.",,Investor Group,Acquisition of Whole Company (incl. Majority Stake),Completed,2021-10-29,6444937611,Application Software,USA
SPTRD1896005,2021-07-26,"Steadfast Apartment REIT, Inc.",,"Independence Realty Trust, Inc.",IRT,,Acquisition of Whole Company (incl. Majority Stake),Completed,2021-12-16,2603245428,Multi-Family Residential REIT,USA
SPTRD1895579,2021-07-23,Dragoneer Growth Opportunities Corp. II*,,"Cvent, Inc.",,Dragoneer Growth Opportunities Holdings II,Acquisition of Whole Company (incl. Majority Stake),Completed,2021-12-08,4481377881,Asset Management,USA
SPTRD1895309,2021-07-22,Transplace Inc.*,,Uber Freight LLC,,"TPG Capital, L.P.",Acquisition of Whole Company (incl. Majority Stake),Completed,2021-11-15,2250000000,Air Freight and Logistics,USA
SPTRD1895132,2021-07-21,Power & Digital Infrastructure Acquisition Corp.,,"Core Scientific, Inc.",CORZ,Investor Group,Acquisition of Whole Company (incl. Majority Stake),Completed,2022-01-19,4000000000,Asset Management,USA
SPTRD1895180,2021-07-21,"Full Service Retirement business of Prudential Financial, Inc.",,Great-West Life & Annuity Insurance Company,,"Prudential Financial, Inc.",Acquisition of Asset or Branch,Completed,2022-04-01,3500000000,Life and Health,USA
SPTRD1894511,2021-07-19,"Retail Properties of America, Inc.",,Kite Realty Group Trust,KRG,,Acquisition of Whole Company (incl. Majority Stake),Completed,2021-10-22,2834439153,Retail REIT,USA
SPTRD1894528,2021-07-19,Henry Company LLC*,,Carlisle Companies Incorporated,CSL,American Securities LLC,Acquisition of Whole Company (incl. Majority Stake),Completed,2021-09-01,1575000000,Building Products,USA
SPTRD1894073,2021-07-15,Reinvent Technology Partners Y,,"Aurora Innovation, Inc.",AUR,Reinvent Sponsor Y LLC,Acquisition of Whole Company (incl. Majority Stake),Completed,2021-11-03,10835000000,Asset Management,USA
SPTRD1894077,2021-07-15,"ABD Insurance and Financial Services, Inc.",,"Newfront Insurance Services, LLC",,,Acquisition of Whole Company (incl. Majority Stake),Completed,2021-08-19,1350000000,Insurance Broker,USA
SPTRD1893750,2021-07-14,Covanta Holding Corporation*,,EQT Partners AB,,,Acquisition of Whole Company (incl. Majority Stake),Completed,2021-11-30,2844277771,Environmental and Facilities Services,USA
SPTRD1893844,2021-07-14,"SAFG Retirement Services, Inc.*",,Blackstone Inc.,BX,"American International Group, Inc.",Acquisition of Minority Stake,Completed,2021-11-02,2200000000,Life and Health,USA
SPTRD1893887,2021-07-14,Portfolio of Equity and Debt Interests in Affordable Housing Properties*,,"Blackstone Real Estate Income Trust, Inc.",,"American International Group, Inc.",Acquisition of Asset or Branch,Completed,2021-12-15,4900000000,Real Estate Operating and Management,USA
SPTRD1893373,2021-07-13,Ivanhoe Capital Acquisition Corp.,,SES AI Corporation,SES,Ivanhoe Capital Sponsor LLC,Acquisition of Whole Company (incl. Majority Stake),Completed,2022-02-03,3253060000,Asset Management,USA
SPTRD1893129,2021-07-12,Lionheart Acquisition Corporation II,,"MSP Recovery, Inc.",,"Lionheart Equities, LLC",Acquisition of Whole Company (incl. Majority Stake),Completed,2022-05-23,32142500000,Asset Management,USA
SPTRD1893184,2021-07-12,"ServiceChannel.com, Inc.*",,Fortive Corporation,FTV,Investor Group,Acquisition of Whole Company (incl. Majority Stake),Completed,2021-08-24,1200000000,Application Software,USA
SPTRD1892768,2021-07-09,Stamps.com Inc.*,,"Thoma Bravo, L.P.",,,Acquisition of Whole Company (incl. Majority Stake),Completed,2021-10-05,6644317095,Other Specialty Retail,USA
SPTRD1892786,2021-07-09,International Wine & Spirits Ltd.*,,"Sycamore Partners Management, L.P.",,UST LLC,Acquisition of Whole Company (incl. Majority Stake),Completed,2021-10-01,1200000000,Distillers and Vintners,USA
SPTRD1892114,2021-07-07,"dMY Technology Group, Inc. IV",,"Planet Labs, Inc.",,Investor Group,Acquisition of Whole Company (incl. Majority Stake),Completed,2021-12-07,2359305000,Asset Management,USA
SPTRD1892133,2021-07-07,Athena Technology Acquisition Corp.,,"Heliogen, Inc.",,Investor Group,Acquisition of Whole Company (incl. Majority Stake),Completed,2021-12-30,1800050000,Asset Management,USA
SPTRD1891748,2021-07-06,"Global Enterprise Asset Management (EAM) Business of Infor, Inc.",,Hexagon AB (publ),,"Infor, Inc.",Acquisition of Asset or Branch,Completed,2021-10-01,2852663140,Application Software,USA
SPTRD1891808,2021-07-06,Solenis International LLC*,,Innovative Water Care Global Corporation,,Investor Group,Acquisition of Whole Company (incl. Majority Stake),Completed,2021-11-08,2750000000,Specialty Chemicals,USA
SPTRD1891836,2021-07-06,Reverse servicing portfolio,,"Mortgage Assets Management, LLC",,Mr. Cooper Group Inc.,Acquisition of Asset or Branch,Completed,2021-12-01,1640000000,Mortgage Banks and Brokers,USA
SPTRD1891838,2021-07-06,Alion Science and Technology Corp.*,,"Huntington Ingalls Industries, Inc.",HII,"Veritas Capital Fund Management, L.L.C",Acquisition of Whole Company (incl. Majority Stake),Completed,2021-08-19,1780000000,Aerospace and Defense,USA
SPTRD1891869,2021-07-06,"Sphera Solutions, Inc.",,Blackstone Inc.,BX,"Genstar Capital, LLC",Acquisition of Whole Company (incl. Majority Stake),Completed,2021-09-13,1400000000,Application Software,USA
SPTRD1891488,2021-07-05,DexKo Global Inc.*,,Brookfield Business Corporation,BBUC,"KPS Capital Partners, LP",Acquisition of Whole Company (incl. Majority Stake),Completed,2021-10-04,3400000000,Automotive Parts and Equipment,USA
SPTRD1891893,2021-07-05,"AAA Cooper Transportation, Inc.",,Knight-Swift Transportation Holdings Inc.,KNX,,Acquisition of Whole Company (incl. Majority Stake),Completed,2021-07-05,1310000003,Cargo Ground Transportation,USA
SPTRD1890923,2021-07-02,Santander Consumer USA Holdings Inc.*,,"Santander Holdings USA, Inc.",,Investor group,Acquisition of Minority Stake,Completed,2022-01-27,2530130466,Specialty Finance: Consumer Focused,USA
SPTRD1891177,2021-07-02,Parexel International Corporation*,,Investor Group,,Pamplona Capital Management LLP,Acquisition of Whole Company (incl. Majority Stake),Completed,2021-11-15,8500000000,Life Sciences Tools and Services,USA
SPTRD1890699,2021-07-01,Isos Acquisition Corporation,,Bowlero Corp.,,Investor Group,Acquisition of Whole Company (incl. Majority Stake),Completed,2021-12-15,1721743170,Asset Management,USA
SPTRD1890739,2021-07-01,"CityCenter Holdings, LLC",,MGM Resorts International,MGM,Infinity World Development Corporation,Acquisition of Whole Company (incl. Majority Stake),Completed,2021-09-27,2125000000,Real Estate Operating and Management,USA
SPTRD1891109,2021-07-01,Syncreon.Us Inc.,,DP World Limited,,,Acquisition of Whole Company (incl. Majority Stake),Completed,2021-12-01,1200000000,Air Freight and Logistics,USA
SPTRD1893293,2021-07-01,Real Estate Assets Related to Aria Las Vegas and Vdara Las Vegas*,,"Blackstone Real Estate Income Trust, Inc.",,"CityCenter Land, LLC",Acquisition of Asset or Branch,Completed,2021-09-28,3890000000,Real Estate Operating and Management,USA
SPTRD1890362,2021-06-30,Ohio Broadband Systems,,"Atlantic Broadband Finance, LLC",,"WideOpenWest, Inc.",Acquisition of Asset or Branch,Completed,2021-09-01,1125000000,Cable and Satellite,USA
SPTRD1890404,2021-06-30,Thayer Ventures Acquisition Corporation,,Inspirato Incorporated,,Investor Group,Acquisition of Whole Company (incl. Majority Stake),Completed,2022-02-11,1072140000,Asset Management,USA
SPTRD1890422,2021-06-30,"Santoprene TPV Elastomers Business of ExxonMobil Chemical Company, Inc.",,Celanese Corporation,CE,"ExxonMobil Chemical Company, Inc.",Acquisition of Asset or Branch,Completed,2021-12-01,1150000000,Commodity Chemicals,USA
SPTRD1890129,2021-06-29,Trebia Acquisition Corp.*,,"System1, Inc.",SST,Investor Group,Acquisition of Whole Company (incl. Majority Stake),Completed,2022-01-27,1119987500,Asset Management,USA
SPTRD1889824,2021-06-28,New Senior Investment Group Inc.,,"Ventas, Inc.",VTR,,Acquisition of Whole Company (incl. Majority Stake),Completed,2021-09-21,769256920,Health Care REIT,USA
SPTRD1889884,2021-06-27,QAD Inc.*,,"Thoma Bravo, L.P.",,,Acquisition of Whole Company (incl. Majority Stake),Completed,2021-11-04,1606311871,Application Software,USA
SPTRD1889502,2021-06-25,"Plex Systems, Inc.*",,"Rockwell Automation, Inc.",ROK,"Francisco Partners Management, L.P.",Acquisition of Whole Company (incl. Majority Stake),Completed,2021-08-31,2220000000,Application Software,USA
SPTRD1889549,2021-06-25,"Alliance Healthcare Services, Inc.",,Akumin Corp.,,"Tahoe Investment Group Co., Ltd.",Acquisition of Whole Company (incl. Majority Stake),Completed,2021-09-01,806516511,Health Care Services,USA
SPTRD1888956,2021-06-23,Northern Genesis Acquisition Corp. II,,"Embark Trucks, Inc.",,Investor Group,Acquisition of Whole Company (incl. Majority Stake),Completed,2021-11-10,4198999924,Asset Management,USA
SPTRD1889045,2021-06-23,Paramit Corporation*,,Tecan Group AG,,"Altaris, LLC",Acquisition of Whole Company (incl. Majority Stake),Completed,2021-08-02,1000000000,Health Care Equipment,USA
SPTRD1888924,2021-06-22,"Sage Veterinary Centers, LP*",,"National Veterinary Associates, Inc.",,,Acquisition of Whole Company (incl. Majority Stake),Announced,,1100000000,Health Care Facilities,USA
SPTRD1888321,2021-06-21,"Raven Industries, Inc.",,CNH Industrial N.V.,CNH,,Acquisition of Whole Company (incl. Majority Stake),Completed,2021-11-30,2126996219,Industrial Conglomerates,USA
SPTRD1888458,2021-06-21,Niacet Corporation*,,Kerry Group plc,,"SK Capital Partners, LP",Acquisition of Whole Company (incl. Majority Stake),Completed,2021-09-13,1015000000,Commodity Chemicals,USA
SPTRD1888474,2021-06-21,"Lydall, Inc.",,Unifrax I LLC,,,Acquisition of Whole Company (incl. Majority Stake),Completed,2021-10-01,1159214105,Machinery and Supplies and Components: Industrial,USA
SPTRD1888559,2021-06-21,Portfolio of 86 Seniors Housing Properties in United States,,Welltower Inc.,WELL,Holiday Al Management Sub LLC,Acquisition of Asset or Branch,Completed,2021-07-30,1580000000,Real Estate Operating and Management,USA
SPTRD1888288,2021-06-20,North American building products businesses of Boral Industries Inc.,,Westlake Chemical Corporation,,Boral Industries Inc.,Acquisition of Asset or Branch,Completed,2021-10-01,2150000000,Building Products,USA
SPTRD1888079,2021-06-18,"Sykes Enterprises, Incorporated",,Sitel Worldwide Corporation,,Investor Group,Acquisition of Whole Company (incl. Majority Stake),Completed,2021-08-27,2222179175,Data Processing and Outsourced Services,USA
SPTRD1887809,2021-06-17,GS Acquisition Holdings Corp II*,,"Mirion Technologies, Inc.",MIR,Investor Group,Acquisition of Whole Company (incl. Majority Stake),Completed,2021-10-20,1700000000,Asset Management,USA
SPTRD1887811,2021-06-17,"Aldevron, LLC*",,Danaher Corporation,DHR,Investor Group,Acquisition of Whole Company (incl. Majority Stake),Completed,2021-08-30,9563000000,Life Sciences Tools and Services,USA
SPTRD1887964,2021-06-17,"CAI International, Inc.",,Mitsubishi HC Capital Inc.,,,Acquisition of Whole Company (incl. Majority Stake),Completed,2021-11-22,986474086,Trading Companies and Distributors,USA
SPTRD1887467,2021-06-16,EverArc Holdings Limited,,"Perimeter Solutions, SA",PRM,,Acquisition of Whole Company (incl. Majority Stake),Completed,2021-11-08,2000000000,Asset Management,USA
SPTRD1887615,2021-06-16,Five Hospitals in South Florida,,Steward Health Care System LLC,,Tenet Healthcare Corporation,Acquisition of Whole Company (incl. Majority Stake),Completed,2021-08-01,1100000000,Health Care Facilities,USA
SPTRD1887198,2021-06-15,Decarbonization Plus Acquisition Corporation III,,"Solid Power, Inc.",SLDP,Decarbonization Plus Acquisition Sponsor III LLC,Acquisition of Whole Company (incl. Majority Stake),Completed,2021-12-08,1497951000,Asset Management,USA
SPTRD1887340,2021-06-15,"McGraw-Hill Education, Inc.*",,"Platinum Equity, LLC",,"Apollo Global Management, Inc.",Acquisition of Whole Company (incl. Majority Stake),Completed,2021-07-30,4500000000,Publishing,USA
SPTRD1886985,2021-06-14,"Paula's Choice, LLC*",,Unilever PLC,UL,Investor Group,Acquisition of Whole Company (incl. Majority Stake),Completed,2021-08-02,2173190984,Personal Care and Beauty Products: Producers,USA
SPTRD1886563,2021-06-11,Yucaipa Acquisition Corporation,,SIGNA Sports United B.V.,,Investor Group,Acquisition of Whole Company (incl. Majority Stake),Completed,2021-12-14,2924341413,Asset Management,USA
SPTRD1886067,2021-06-09,Kensington Capital Acquisition Corp. II,,Wallbox N.V.,WBX,Kensington Capital Sponsor II LLC,Acquisition of Whole Company (incl. Majority Stake),Completed,2021-10-01,1800012500,Asset Management,USA
SPTRD1886078,2021-06-09,"CIOX Health, LLC*",,"Datavant, Inc.",,Investor Group,Acquisition of Whole Company (incl. Majority Stake),Completed,2021-07-27,7000000000,Health Care Technology,USA
SPTRD1891816,2021-06-09,Khosla Ventures Acquisition Co. II,,"Nextdoor, Inc.",NXDR,Investor Group,Acquisition of Whole Company (incl. Majority Stake),Completed,2021-11-05,3049948478,Asset Management,USA
SPTRD1885772,2021-06-08,EnerBank USA,,Regions Bank,,CMS Energy Corporation,Acquisition of Whole Company (incl. Majority Stake),Completed,2021-09-30,1000000000,Bank,USA
SPTRD1885796,2021-06-08,24 Class A Senior Housing Properties Portfolio,,"Harrison Street Real Estate Capital, LLC",,Investor Group,Acquisition of Asset or Branch,Completed,2021-10-18,1200000000,Health Care Facilities,USA
SPTRD1885448,2021-06-07,"Iora Health, Inc.*",,"1Life Healthcare, Inc.",,Investor Group,Acquisition of Whole Company (incl. Majority Stake),Completed,2021-09-01,1301356371,Managed Health Care,USA
SPTRD1885452,2021-06-07,"U.S. Concrete, Inc.",,Vulcan Materials Company,VMC,Investor Group,Acquisition of Whole Company (incl. Majority Stake),Completed,2021-08-26,1307438290,Construction Materials,USA
SPTRD1885485,2021-06-07,Crestone Peak Resources LLC*,,"Bonanza Creek Energy, Inc.",,Investor Group,Acquisition of Whole Company (incl. Majority Stake),Completed,2021-11-01,1263150000,Oil and Gas Exploration and Production,USA
SPTRD1885487,2021-06-07,"QTS Realty Trust, Inc.*",,Investor group,,,Acquisition of Whole Company (incl. Majority Stake),Completed,2021-08-31,6319808853,Data Center REIT,USA
SPTRD1885494,2021-06-07,"Insulated Metal Panels Business of Cornerstone Building Brands, Inc.",,Investor Group,,"Cornerstone Building Brands, Inc.",Acquisition of Asset or Branch,Completed,2021-08-09,1000000000,Building Products,USA
SPTRD1886526,2021-06-07,Atlantic Aviation business of Macquarie Infrastructure Corporation,,KKR & Co. Inc.,KKR,Macquarie Infrastructure Corporation,Acquisition of Asset or Branch,Completed,2021-09-23,3525000000,Airport Services,USA
SPTRD1885328,2021-06-05,"Medline Industries, Inc.*",,Investor Group,,,Acquisition of Whole Company (incl. Majority Stake),Completed,2021-10-31,32000000000,Health Care Supplies,USA
SPTRD1885199,2021-06-04,"GigCapital4, Inc.",,"BigBear.ai Holdings, Inc.",BBAI,"GigAcquisitions4, LLC",Acquisition of Whole Company (incl. Majority Stake),Completed,2021-12-07,1276224100,Asset Management,USA
SPTRD1885239,2021-06-03,"International Data Group, Inc.*",,The Blackstone Group Inc.,BX,"China Oceanwide Holdings Group Co., Ltd.",Acquisition of Whole Company (incl. Majority Stake),Completed,2021-11-15,1300000000,Publishing,USA
SPTRD1884572,2021-06-02,"Constellation Pharmaceuticals, Inc.*",,MorphoSys AG,,Investor Group,Acquisition of Whole Company (incl. Majority Stake),Completed,2021-07-15,1665344629,Biotechnology,USA
SPTRD1884693,2021-06-02,"Indigo Natural Resources, LLC.",,Southwestern Energy Company,,,Acquisition of Whole Company (incl. Majority Stake),Completed,2021-09-01,1943681084,Oil and Gas Exploration and Production,USA
SPTRD1884703,2021-06-02,Stack Exchange Inc.*,,Prosus N.V.,,Investor Group,Acquisition of Whole Company (incl. Majority Stake),Completed,2021-08-02,1800000000,Interactive Media and Services,USA
SPTRD1884776,2021-06-02,"Products Business of FireEye, Inc.",,Musarubra US LLC,,"FireEye, Inc.",Acquisition of Asset or Branch,Completed,2021-10-08,1200000000,Systems Software,USA
SPTRD1884283,2021-06-01,"First Midwest Bancorp, Inc.",,Old National Bancorp,ONB,,Acquisition of Whole Company (incl. Majority Stake),Completed,2022-02-15,2396025607,Bank,USA
SPTRD1884288,2021-06-01,"Cloudera, Inc.*",,Investor Group,,Icahn Capital LP,Acquisition of Whole Company (incl. Majority Stake),Completed,2021-10-08,4711759510,Application Software,USA
SPTRD1884305,2021-06-01,Stagecoach Gas Services LLC*,,"Kinder Morgan, Inc.",KMI,Investor group,Acquisition of Whole Company (incl. Majority Stake),Completed,2021-11-24,1258000000,Oil and Gas Storage and Transportation,USA
SPTRD1883822,2021-05-28,"Welbilt, Inc.",,Ali Group Holding S.R.L.,,Investor Group,Acquisition of Whole Company (incl. Majority Stake),Completed,2022-07-28,3466790880,Machinery and Supplies and Components: Industrial,USA
SPTRD1883108,2021-05-26,Decarbonization Plus Acquisition Corporation II,,Tritium DCFC Limited,,Investor Group,Acquisition of Whole Company (incl. Majority Stake),Completed,2022-01-13,1159200000,Asset Management,USA
SPTRD1883129,2021-05-26,MGM Holdings Inc.,,"Amazon.com, Inc.",AMZN,,Acquisition of Whole Company (incl. Majority Stake),Completed,2022-03-17,6576164000,Movies and Entertainment,USA
SPTRD1882956,2021-05-25,Foresight Acquisition Corp.,,P3 Health Partners Inc.,PIII,"Foresight Sponsor Group, LLC",Acquisition of Whole Company (incl. Majority Stake),Completed,2021-12-03,2116941695,Asset Management,USA
SPTRD1882416,2021-05-24,Lehigh West Region Business,,"Martin Marietta Materials, Inc.",MLM,Investor Group,Acquisition of Asset or Branch,Completed,2021-10-01,2300000000,Construction Materials,USA
SPTRD1882503,2021-05-24,Coterra Energy Operating Co,,Cabot Oil & Gas Corporation,,,Acquisition of Whole Company (incl. Majority Stake),Completed,2021-10-01,9013658531,Oil and Gas Exploration and Production,USA
SPTRD1882687,2021-05-24,Legato Merger Corp.,,Algoma Steel Group Inc.,ASTL,,Acquisition of Whole Company (incl. Majority Stake),Completed,2021-10-19,1125000000,"Holding Companies, Patent Owners, and Trusts or Estates",USA
SPTRD1930771,2021-05-21,"Green Globe International, Inc.",,"Green Globe International, Inc.",,,Acquisition of Whole Company (incl. Majority Stake),Completed,2021-05-21,5227709109,Research and Consulting Services,USA
SPTRD1881568,2021-05-20,29-Property Data Center Portfolio in United States,,Mapletree Industrial Trust,,"Sila Realty Trust, Inc.",Acquisition of Asset or Branch,Completed,2021-07-22,1320000000,Internet Services and Infrastructure,USA
SPTRD1881085,2021-05-18,"Core-Mark Holding Company, Inc.",,Performance Food Group Company,PFGC,,Acquisition of Whole Company (incl. Majority Stake),Completed,2021-09-01,2108064565,Other Distributors,USA
SPTRD1880748,2021-05-17,ProQuest LLC*,,Clarivate Plc,CLVT,Investor Group,Acquisition of Whole Company (incl. Majority Stake),Completed,2021-12-01,4082650943,Application Software,USA
SPTRD1880822,2021-05-17,"Warner Media, LLC",,"Discovery, Inc.",,AT&T Inc.,Acquisition of Whole Company (incl. Majority Stake),Completed,2022-04-08,39242070000,Movies and Entertainment,USA
SPTRD1882302,2021-05-14,"Tyson Pet Products, Inc.",,"General Mills, Inc.",GIS,"Tyson Foods, Inc.",Acquisition of Whole Company (incl. Majority Stake),Completed,2021-07-06,1200000000,Packaged Foods and Meats Producers,USA
SPTRD1879800,2021-05-12,Switchback II Corporation,,"Bird Global, Inc.",,Investor Group,Acquisition of Whole Company (incl. Majority Stake),Completed,2021-11-04,2689200000,Asset Management,USA
SPTRD1879602,2021-05-11,Soaring Eagle Acquisition Corp.,,"Ginkgo Bioworks, Inc.",DNA,"Eagle Equity Partners III, LLC",Acquisition of Whole Company (incl. Majority Stake),Completed,2021-09-16,16699674416,Asset Management,USA
SPTRD1879609,2021-05-11,Ferro Corporation,,Prince International Corporation,,,Acquisition of Whole Company (incl. Majority Stake),Completed,2022-04-21,1880564402,Specialty Chemicals,USA
SPTRD1879632,2021-05-11,Domtar Corporation,,Karta Halten B.V.,,,Acquisition of Whole Company (incl. Majority Stake),Completed,2021-11-30,2854249189,Paper Products,USA
SPTRD1879231,2021-05-10,Star Peak Corp II,,"Benson Hill, Inc.",,Investor Group,Acquisition of Whole Company (incl. Majority Stake),Completed,2021-09-29,1505139336,Asset Management,USA
SPTRD1879242,2021-05-10,"Extraction Oil & Gas, Inc.*",,"Bonanza Creek Energy, Inc.",,Investor Group,Acquisition of Whole Company (incl. Majority Stake),Completed,2021-11-01,1752319998,Oil and Gas Exploration and Production,USA
SPTRD1879499,2021-05-10,PurpleMed Healing Center,,Trulieve Cannabis Corp.,TRLV,,Acquisition of Whole Company (incl. Majority Stake),Completed,2021-10-01,2172258872,Pharmaceuticals,USA
SPTRD1878944,2021-05-07,LifeSci Acquisition II Corp.*,,"Science 37, Inc.",,Investor Group,Acquisition of Whole Company (incl. Majority Stake),Completed,2021-10-06,1143000000,Asset Management,USA
SPTRD1878547,2021-05-06,Northeast Marcellus assets,,EQT Corporation,EQT,"Alta Resources, LLC",Acquisition of Asset or Branch,Completed,2021-07-21,2925405000,Oil and Gas Exploration and Production,USA
SPTRD1878656,2021-05-06,At Home Group Inc.*,,Hellman & Friedman LLC,,"CAS Investment Partners, LLC",Acquisition of Whole Company (incl. Majority Stake),Completed,2021-07-22,2639381469,Homefurnishing Retail,USA
SPTRD1878853,2021-05-06,"DivvyPay, Inc.*",,"Bill.com Holdings, Inc.",,Investor Group,Acquisition of Whole Company (incl. Majority Stake),Completed,2021-06-01,2500000000,Payment Processors,USA
SPTRD1879538,2021-05-06,"Aspect Software, Inc.*",,Investor Group,,Investor Group,Acquisition of Whole Company (incl. Majority Stake),Completed,2021-05-06,1000000000,Application Software,USA
SPTRD1886533,2021-05-05,"Melody Wireless Infrastructure, Inc.",,Investor group,,Melody Capital Management LLC,Acquisition of Whole Company (incl. Majority Stake),Completed,2021-06-15,1625000000,Wireless Telecommunication Services,USA
SPTRD1877779,2021-05-03,Verizon Media Inc.,,"Apollo Global Management, Inc.",APO,Verizon Communications Inc.,Acquisition of Whole Company (incl. Majority Stake),Completed,2021-09-01,5000000000,Application Software,USA
SPTRD1877797,2021-05-03,Meredith Corporation,,"Gray Television, Inc.",,,Acquisition of Whole Company (incl. Majority Stake),Completed,2021-12-01,806498408,Publishing,USA
SPTRD1877853,2021-05-01,"Boomi, LP*",,Investor Group,,Dell Technologies Inc.,Acquisition of Whole Company (incl. Majority Stake),Completed,2021-09-30,4000000000,Application Software,USA
SPTRD1877420,2021-04-30,Bountiful Company,,Nestlé Health Science S.A.,,Investor group,Acquisition of Whole Company (incl. Majority Stake),Completed,2021-08-09,5750000000,Personal Care and Beauty Products: Producers,USA
SPTRD1877583,2021-04-30,"Gores Metropoulos II, Inc.*",,Sonder Holdings Inc.,,Investor Group,Acquisition of Whole Company (incl. Majority Stake),Completed,2022-01-18,2468553455,Asset Management,USA
SPTRD1877826,2021-04-30,CXApp Holding Corp.,CXAI,Inpixon,,,Acquisition of Whole Company (incl. Majority Stake),Completed,2021-04-30,1035002532,Application Software,USA
SPTRD1877251,2021-04-29,"VEREIT, Inc.",,Realty Income Corporation,O,,Acquisition of Whole Company (incl. Majority Stake),Completed,2021-11-01,11620096693,Diversified REIT,USA
SPTRD1877333,2021-04-29,"Turbonomic, Inc.*",,International Business Machines Corporation,IBM,Investor Group,Acquisition of Whole Company (incl. Majority Stake),Completed,2021-06-16,1834000000,Application Software,USA
SPTRD1877955,2021-04-29,Arkansas and Oklahoma gas distribution assets,,"Summit Utilities, Inc.",,"CenterPoint Energy, Inc.",Acquisition of Asset or Branch,Completed,2022-01-10,2150000000,Gas Utilities,USA
SPTRD1877068,2021-04-27,"Gentiva Health Services, Inc.",,Humana Inc.,HUM,Investor Group,Acquisition of Whole Company (incl. Majority Stake),Completed,2021-08-17,5700000000,Health Care Services,USA
SPTRD1876460,2021-04-26,"Flagstar Bancorp, Inc.*",,"New York Community Bancorp, Inc.",,Investor group,Acquisition of Whole Company (incl. Majority Stake),Completed,2022-12-01,1995643984,Bank,USA
SPTRD1876466,2021-04-26,"Proofpoint, Inc.*",,"Thoma Bravo, LLC",,,Acquisition of Whole Company (incl. Majority Stake),Completed,2021-08-31,12196794840,Systems Software,USA
SPTRD1876489,2021-04-26,W. R. Grace & Co.,,Standard Industries Inc.,,Investor Group,Acquisition of Whole Company (incl. Majority Stake),Completed,2021-09-21,4682318732,Specialty Chemicals,USA
SPTRD1876304,2021-04-25,Sports Entertainment Acquisition Corp.,,SGHC Limited,,Investor Group,Acquisition of Whole Company (incl. Majority Stake),Completed,2022-01-27,4655730000,Asset Management,USA
SPTRD1876111,2021-04-23,"First Student, Inc./First Transit Inc.*",,EQT Partners AB,,"FirstGroup America, Inc.",Acquisition of Whole Company (incl. Majority Stake),Completed,2021-07-21,3305000000,Passenger Ground Transportation,USA
SPTRD1876149,2021-04-23,"Blue Yonder Group, Inc.*",,Connected Solutions Company,,Investor Group,Acquisition of Whole Company (incl. Majority Stake),Completed,2021-09-17,5600000000,Application Software,USA
SPTRD1875910,2021-04-22,Fifth Wall Acquisition Corp. I,,"SmartRent, Inc.",SMRT,Investor Group,Acquisition of Whole Company (incl. Majority Stake),Completed,2021-08-24,1613049009,Asset Management,USA
SPTRD1876000,2021-04-22,Infrastructure & Automotive (I&A) Business of Silicon Labs,,"Skyworks Solutions, Inc.",SWKS,Silicon Laboratories Inc.,Acquisition of Asset or Branch,Completed,2021-07-26,2750000000,Semiconductors,USA
SPTRD1876054,2021-04-22,"Meridian Bancorp, Inc.",,Independent Bank Corp.,INDB,,Acquisition of Whole Company (incl. Majority Stake),Completed,2021-11-12,1299728936,Bank,USA
SPTRD1875567,2021-04-21,"VES Group, Inc.",,"MAXIMUS Federal Services, Inc.",,,Acquisition of Whole Company (incl. Majority Stake),Completed,2021-05-28,1400000000,Health Care Services,USA
SPTRD1874945,2021-04-19,Sterling Bancorp,,Webster Financial Corporation,WBS,,Acquisition of Whole Company (incl. Majority Stake),Completed,2022-01-31,5355361552,Bank,USA
SPTRD1874995,2021-04-19,Nortek Air Management Business of Nortek Inc.,,Madison IAQ LLC,,Nortek Inc.,Acquisition of Asset or Branch,Completed,2021-06-22,3630000000,Machinery and Supplies and Components: Industrial,USA
SPTRD1875125,2021-04-19,"Knoll, Inc.*",,"Herman Miller, Inc.",,Investor Group,Acquisition of Whole Company (incl. Majority Stake),Completed,2021-07-19,1535287736,Home Furnishings Producers,USA
SPTRD1874272,2021-04-15,Weingarten Realty Investors,,Kimco Realty Corporation,KIM,,Acquisition of Whole Company (incl. Majority Stake),Completed,2021-08-03,4107416156,Retail REIT,USA
SPTRD1874366,2021-04-15,"PPD, Inc.*",,Thermo Fisher Scientific Inc.,TMO,Investor Group,Acquisition of Whole Company (incl. Majority Stake),Completed,2021-12-08,17346747295,Life Sciences Tools and Services,USA
SPTRD1873974,2021-04-14,"Caliber Home Loans, Inc.*",,New Residential Investment Corp.,,Investor group,Acquisition of Whole Company (incl. Majority Stake),Completed,2021-08-23,1314700000,Mortgage Banks and Brokers,USA
SPTRD1873684,2021-04-13,Altimeter Growth Corp.,,Grab Holdings Inc.,GRAB,"Altimeter Capital Management, LP",Acquisition of Whole Company (incl. Majority Stake),Completed,2021-12-01,48584853596,Asset Management,USA
SPTRD1873758,2021-04-13,48 self-storage facilities portfolio of ezStorage Corporation,,Public Storage,PSA,Ezstorage Corporation,Acquisition of Asset or Branch,Completed,2021-04-28,1800000000,Diversified Support Services,USA
SPTRD1873794,2021-04-13,Portfolio of 88 Industrial Properties in US,,Undisclosed Buyer,,Undisclosed Seller,Acquisition of Asset or Branch,Completed,2021-04-13,1000000000,Real Estate Operating and Management,USA
SPTRD1873414,2021-04-12,Cadence Bancorporation*,,BancorpSouth Bank,,Investor group,Acquisition of Whole Company (incl. Majority Stake),Completed,2021-10-29,2560101023,Bank,USA
SPTRD1873420,2021-04-12,"Nuance Communications, Inc.",,Microsoft Corporation,MSFT,,Acquisition of Whole Company (incl. Majority Stake),Completed,2022-03-04,16473438969,Application Software,USA
SPTRD1873497,2021-04-12,"Club Car, LLC*",,"Platinum Equity, LLC",,Ingersoll Rand Inc.,Acquisition of Whole Company (incl. Majority Stake),Completed,2021-06-01,1680000000,Automobile Manufacturers,USA
SPTRD1874055,2021-04-12,"Counter Brands, LLC*",,Carlyle Group Inc.,CG,Investor Group,Acquisition of Whole Company (incl. Majority Stake),Completed,2021-04-12,1000000000,Personal Care and Beauty Products: Producers,USA
SPTRD1873302,2021-04-11,Luminex Corporation,,DiaSorin S.p.A.,,Investor Group,Acquisition of Whole Company (incl. Majority Stake),Completed,2021-07-14,1862649345,Life Sciences Tools and Services,USA
SPTRD1858853,2021-04-08,ORBCOMM Inc.*,,GI Manager L.P,,Investor group,Acquisition of Whole Company (incl. Majority Stake),Completed,2021-09-01,940668650,Alternative Carriers,USA
SPTRD1858623,2021-04-07,"Therapy Brands, Inc.",,KKR & Co. Inc.,KKR,Investor group,Acquisition of Whole Company (incl. Majority Stake),Completed,2021-05-18,1200000000,Application Software,USA
SPTRD1858155,2021-04-06,Rotor Acquisition Corp.*,,Sarcos Corp.,,Investor Group,Acquisition of Whole Company (incl. Majority Stake),Completed,2021-09-24,1496031250,Asset Management,USA
SPTRD1857822,2021-04-05,Sempra Global*,,KKR & Co. Inc.,KKR,Sempra Energy,Acquisition of Minority Stake,Completed,2021-10-01,3370000000,Multi-Utilities,USA
SPTRD1857657,2021-04-02,Ithaca Holdings LLC,,HYBE America,,,Acquisition of Whole Company (incl. Majority Stake),Completed,2021-05-06,1000000000,Movies and Entertainment,USA
SPTRD1857952,2021-04-01,Santa Cruz Works,,Undisclosed Buyer,,,Acquisition of Whole Company (incl. Majority Stake),Announced,,1900000000,Diversified Support Services,USA
SPTRD1823155,2021-03-31,Landmark Partners LLC,,Ares Management Corporation,ARES,Investor group,Acquisition of Whole Company (incl. Majority Stake),Completed,2021-06-02,1092407916,Asset Management,USA
SPTRD1823219,2021-03-31,"Globallogic Worldwide Holdings, Inc.",,Hitachi Global Digital Holdings Corporation,,Canada Pension Plan Investment Board,Acquisition of Whole Company (incl. Majority Stake),Completed,2021-07-14,8500000000,IT Consulting and Other Services,USA
SPTRD1823232,2021-03-31,Diamond S Shipping Inc.*,,"International Seaways, Inc.",INSW,Investor Group,Acquisition of Whole Company (incl. Majority Stake),Completed,2021-07-16,398674141,Oil and Gas Storage and Transportation,USA
SPTRD1889533,2021-03-31,"Tesla, Inc.",TSLA,Undisclosed Buyer,,Panasonic Corporation,Acquisition of Minority Stake,Completed,2021-03-31,3608186800,Automobile Manufacturers,USA
SPTRD1822534,2021-03-30,Qell Acquisition Corp.,,Lilium N.V.,,Qell Partners LLC,Acquisition of Whole Company (incl. Majority Stake),Completed,2021-09-14,2380800000,Asset Management,USA
SPTRD1971092,2021-03-30,"BrainyBrawn, Inc.",,GEMX Exchange Limited,,,Acquisition of Whole Company (incl. Majority Stake),Completed,2021-04-29,3079853472,IT Consulting and Other Services,USA
SPTRD1822255,2021-03-29,CM Life Sciences II Inc.*,,CM Life Sciences II Inc.,,Investor Group,Acquisition of Whole Company (incl. Majority Stake),Completed,2021-09-01,1505000000,Asset Management,USA
SPTRD2007022,2021-03-29,"Triple Lift, Inc.*",,"Vista Equity Partners Management, LLC",,,Acquisition of Whole Company (incl. Majority Stake),Completed,2021-05-31,1400000000,Application Software,USA
SPTRD1821707,2021-03-26,MSG Networks Inc.,,Madison Square Garden Entertainment Corp.,MSGE,,Acquisition of Whole Company (incl. Majority Stake),Completed,2021-07-09,921770357,Cable and Satellite,USA
SPTRD1821717,2021-03-26,BowX Acquisition Corp.,,The We Company,,Investor Group,Acquisition of Whole Company (incl. Majority Stake),Completed,2021-10-20,6441599000,Asset Management,USA
SPTRD1820545,2021-03-23,Jaws Spitfire Acquisition Corporation,,"Velo3D, Inc.",VELO,Investor Group,Acquisition of Whole Company (incl. Majority Stake),Completed,2021-09-29,1500000000,"Holding Companies, Patent Owners, and Trusts or Estates",USA
SPTRD1820250,2021-03-22,Thoma Bravo Advantage,,ironSource Ltd.,,Thoma Bravo Advantage Sponsor LLC,Acquisition of Whole Company (incl. Majority Stake),Completed,2021-06-28,1180959233,Asset Management,USA
SPTRD1820296,2021-03-22,Abaco Systems Inc.*,,"AMETEK, Inc.",AME,"Veritas Capital Fund Management, L.L.C",Acquisition of Whole Company (incl. Majority Stake),Completed,2021-04-29,1350000000,Aerospace and Defense,USA
SPTRD1820424,2021-03-22,Tech Data Corporation,,SYNNEX Corporation,,"Apollo Global Management, Inc.",Acquisition of Whole Company (incl. Majority Stake),Completed,2021-09-01,7201080000,Technology Distributors,USA
SPTRD1822741,2021-03-22,"Calypso Technology, Inc.*",,"Thoma Bravo, LLC",,Investor Group,Acquisition of Whole Company (incl. Majority Stake),Completed,2021-07-22,3750000000,Investment and Capital Markets Technology,USA
SPTRD1819706,2021-03-18,"Supernova Partners Acquisition Company, Inc.",,Offerpad Solutions Inc.,OPAD,Investor Group,Acquisition of Whole Company (incl. Majority Stake),Completed,2021-09-01,2250000000,Asset Management,USA
SPTRD1821153,2021-03-18,Narragansett Electric Company,,"PPL Energy Holdings, LLC",,National Grid plc,Acquisition of Whole Company (incl. Majority Stake),Completed,2022-05-25,3820000000,Electric Utilities,USA
SPTRD1819339,2021-03-17,"AIT Worldwide Logistics, Inc.*",,"The Jordan Company, L.P.",,"Quad-C Management, Inc.",Acquisition of Whole Company (incl. Majority Stake),Completed,2021-04-06,1200000000,Air Freight and Logistics,USA
SPTRD1818292,2021-03-15,"Extended Stay America, Inc.*",,Investor group,,,Acquisition of Whole Company (incl. Majority Stake),Completed,2021-06-16,3643480846,"Hotels, Resorts and Cruise Lines",USA
SPTRD1818383,2021-03-15,"GenMark Diagnostics, Inc.",,Roche Holding AG,,,Acquisition of Whole Company (incl. Majority Stake),Completed,2021-04-21,1862791549,Health Care Equipment,USA
SPTRD1814854,2021-03-10,"GE Capital Aviation Services, Inc.",,AerCap Holdings N.V.,AER,General Electric Company,Acquisition of Whole Company (incl. Majority Stake),Completed,2021-11-01,31488358000,Specialty Finance: Commercial Focused,USA
SPTRD1815660,2021-03-10,"Diamond Resorts International, LLC*",,Hilton Grand Vacations Inc.,HGV,Investor Group,Acquisition of Whole Company (incl. Majority Stake),Completed,2021-08-02,1413131893,"Hotels, Resorts and Cruise Lines",USA
SPTRD1809626,2021-03-09,Global Preneed,,CUNA Mutual Holding Company,,"Assurant, Inc.",Acquisition of Asset or Branch,Completed,2021-08-02,1350000000,Unclassified,USA
SPTRD1809144,2021-03-08,NewHold Investment Corp.*,,"Evolv Technologies, Inc.",EVLV,Investor Group,Acquisition of Whole Company (incl. Majority Stake),Completed,2021-07-16,1023924084,Asset Management,USA
SPTRD1809150,2021-03-08,"Laird Technologies, Inc.*",,"DuPont de Nemours, Inc.",DD,"Advent International, L.P.",Acquisition of Whole Company (incl. Majority Stake),Completed,2021-07-01,2300000000,Electrical Components and Equipment: Light,USA
SPTRD1809174,2021-03-08,"dMY Technology Group, Inc. III",,"IonQ, Inc.",IONQ,"dMY Sponsor III, LLC",Acquisition of Whole Company (incl. Majority Stake),Completed,2021-09-30,1591844086,Asset Management,USA
SPTRD1809232,2021-03-08,The Exchange on 16th*,,KKR & Co. Inc.,KKR,Kilroy Realty Corporation,Acquisition of Asset or Branch,Completed,2021-03-30,1080000000,Real Estate Operating and Management,USA
SPTRD1808118,2021-03-05,Good Works Acquisition Corp.,,Cipher Mining Inc.,,,Acquisition of Whole Company (incl. Majority Stake),Completed,2021-08-27,2000000000,Asset Management,USA
SPTRD1807861,2021-03-04,Reinvent Technology Partners Z,,Hippo Enterprises Inc.,,,Acquisition of Whole Company (incl. Majority Stake),Completed,2021-04-16,5100000000,Asset Management,USA
SPTRD1807872,2021-03-04,Sustainable Opportunities Acquisition Corp.,,TMC the metals company Inc.,TMC,Investor Group,Acquisition of Whole Company (incl. Majority Stake),Completed,2021-09-09,1962141087,Asset Management,USA
SPTRD1807892,2021-03-04,"Five Prime Therapeutics, Inc.",,Amgen Inc.,AMGN,Bristol-Myers Squibb Company,Acquisition of Whole Company (incl. Majority Stake),Completed,2021-04-16,1891689510,Biotechnology,USA
SPTRD1807606,2021-03-03,"Michaels Companies, Inc.",,"Apollo Global Management, Inc.",APO,,Acquisition of Whole Company (incl. Majority Stake),Completed,2021-04-15,3222997470,Other Specialty Retail,USA
SPTRD1807697,2021-03-03,"Auth0, Inc.*",,"Okta, Inc.",OKTA,Investor Group,Acquisition of Whole Company (incl. Majority Stake),Completed,2021-05-03,6500000000,Application Software,USA
SPTRD1809574,2021-03-03,"Real Estate Assets Associated with Venetian Resort Las Vegas, Sands Expo and Con",,VICI Properties L.P.,VICI,Las Vegas Sands Corp.,Acquisition of Asset or Branch,Completed,2022-02-23,4000000000,Real Estate Operating and Management,USA
SPTRD1809579,2021-03-03,Operating Assets of Las Vegas Business of Las Vegas Sands Corp.*,,"Apollo Global Management, Inc.",APO,Investor Group,Acquisition of Asset or Branch,Completed,2022-02-23,2250000000,Real Estate Operating and Management,USA
SPTRD1911575,2021-03-03,"Uplight, Inc.",,Investor group,,Rubicon Technology Partners,Acquisition of Whole Company (incl. Majority Stake),Completed,2021-07-27,1500000000,Application Software,USA
SPTRD1807288,2021-03-02,Ascendant Digital Acquisition Corp.,,"Beacon Street Group, LLC",,Investor Group,Acquisition of Whole Company (incl. Majority Stake),Completed,2021-07-21,2910923000,Asset Management,USA
SPTRD1807463,2021-03-02,Capitol Investment Corp. V,,Doma Holdings Inc.,,Investor Group,Acquisition of Whole Company (incl. Majority Stake),Completed,2021-07-28,3115710000,Asset Management,USA
SPTRD1807487,2021-03-02,Thycotic Software Ltd*,,Investor Group,,"Insight Venture Management, LLC",Acquisition of Whole Company (incl. Majority Stake),Completed,2021-04-13,1400000000,Systems Software,USA
SPTRD1806928,2021-03-01,Vector Acquisition Corporation,,"Rocket Lab USA, Inc.",,Investor Group,Acquisition of Whole Company (incl. Majority Stake),Completed,2021-08-25,1640000000,Asset Management,USA
SPTRD1806984,2021-03-01,"L-3 Link Simulation & Training / AMI Instruments / L3 Doss Aviation, Inc.",,"CAE USA, Inc.",,"L3Harris Technologies, Inc.",Acquisition of Whole Company (incl. Majority Stake),Completed,2021-07-02,1050000000,Unclassified,USA
SPTRD1806997,2021-03-01,Performance Chemicals Business of PQ Group Holdings Inc.*,,Investor Group,,PQ Group Holdings Inc.,Acquisition of Asset or Branch,Completed,2021-08-01,1100000000,Specialty Chemicals,USA
SPTRD1807114,2021-03-01,"NavSight Holdings, Inc.",,"Spire Global, Inc.",SPIR,Investor Group,Acquisition of Whole Company (incl. Majority Stake),Completed,2021-08-16,1182000000,Asset Management,USA
SPTRD1806732,2021-02-26,"MDLIVE, Inc.",,"Evernorth Health, Inc.",,,Acquisition of Whole Company (incl. Majority Stake),Completed,2021-04-19,2083000000,Health Care Technology,USA
SPTRD1806519,2021-02-25,"Pandion Therapeutics, Inc.",,Merck Sharp & Dohme Corp.,,,Acquisition of Whole Company (incl. Majority Stake),Completed,2021-04-01,1813136655,Biotechnology,USA
SPTRD1806193,2021-02-24,"TheraPearl and Biofreeze of Performance Health, LLC",,Reckitt Benckiser Group plc,,"Performance Health, LLC",Acquisition of Asset or Branch,Completed,2021-07-12,1100000000,Health Care Supplies,USA
SPTRD1806273,2021-02-24,Revolution Acceleration Acquisition Corp,,"Berkshire Grey, Inc.",,Investor Group,Acquisition of Whole Company (incl. Majority Stake),Completed,2021-07-21,2091817114,Asset Management,USA
SPTRD1806324,2021-02-24,RMG Acquisition Corporation II,,ReNew Power Private Limited,,"RMG Sponsor II, LLC",Acquisition of Whole Company (incl. Majority Stake),Completed,2021-08-23,3584000000,"Holding Companies, Patent Owners, and Trusts or Estates",USA
SPTRD1806325,2021-02-24,Reinvent Technology Partners,,"Joby Aviation, Inc.",JOBY,Investor Group,Acquisition of Whole Company (incl. Majority Stake),Completed,2021-08-10,6567050000,Asset Management,USA
SPTRD1806326,2021-02-24,"Innovyze, Inc.*",,"Autodesk, Inc.",ADSK,EQT Partners AB,Acquisition of Whole Company (incl. Majority Stake),Completed,2021-03-31,1038300000,Application Software,USA
SPTRD1806337,2021-02-24,"PRA Health Sciences, Inc.",,ICON Public Limited Company,,,Acquisition of Whole Company (incl. Majority Stake),Completed,2021-07-01,11259065663,Life Sciences Tools and Services,USA
SPTRD1808264,2021-02-24,North Star Portfolio,,Investor Group,,ENP 2015 LLC,Acquisition of Asset or Branch,Completed,2021-02-24,1750000000,Real Estate Operating and Management,USA
SPTRD1805905,2021-02-23,"Gores Holdings V, Inc.",,Ardagh Metal Packaging S.A.,AMBP,Gores Sponsor V LLC,Acquisition of Whole Company (incl. Majority Stake),Completed,2021-08-04,5362271827,Asset Management,USA
SPTRD1806345,2021-02-23,one,,"MarkForged, Inc.",,,Acquisition of Whole Company (incl. Majority Stake),Completed,2021-07-14,1936350000,Asset Management,USA
SPTRD1805606,2021-02-22,"People's United Financial, Inc.",,M&T Bank Corporation,MTB,,Acquisition of Whole Company (incl. Majority Stake),Completed,2022-04-01,7730816000,Bank,USA
SPTRD1805632,2021-02-22,Fortress Value Acquisition Corp. II*,,"ATI Physical Therapy, Inc.",,Fortress Acquisition Sponsor II LLC,Acquisition of Whole Company (incl. Majority Stake),Completed,2021-06-16,1552430000,Asset Management,USA
SPTRD1805638,2021-02-22,Starboard Value Acquisition Corp.*,,"CTI Liquidation Co., Inc.",,SVAC Sponsor LLC,Acquisition of Whole Company (incl. Majority Stake),Completed,2021-07-29,1183015000,Asset Management,USA
SPTRD1805677,2021-02-22,Cooper Tire & Rubber Company,,The Goodyear Tire & Rubber Company,GT,,Acquisition of Whole Company (incl. Majority Stake),Completed,2021-06-07,3068775402,Tires and Rubber,USA
SPTRD1805704,2021-02-22,NextGen Acquisition Corporation,,"Xos, Inc.",XOS,,Acquisition of Whole Company (incl. Majority Stake),Completed,2021-08-20,1681768000,Asset Management,USA
SPTRD1805742,2021-02-22,Rodgers Silicon Valley Acquisition Corp.,,Enovix Corporation,ENVX,Investor Group,Acquisition of Whole Company (incl. Majority Stake),Completed,2021-07-14,1653750000,Asset Management,USA
SPTRD1805748,2021-02-22,"Hydro Conduit, LLC*",,"Quikrete Holdings, Inc.",,"Lone Star Americas Acquisitions, Inc.",Acquisition of Whole Company (incl. Majority Stake),Completed,2022-03-18,1699688808,Construction Materials,USA
SPTRD1805772,2021-02-22,Churchill Capital Corp IV,,"Lucid Group, Inc.",LCID,Churchill Sponsor IV LLC,Acquisition of Whole Company (incl. Majority Stake),Completed,2021-07-23,11750000000,Asset Management,USA
SPTRD1819332,2021-02-22,"MedRisk, LLC",,CVC Capital Partners Limited,,Carlyle Group Inc.,Acquisition of Whole Company (incl. Majority Stake),Completed,2021-05-21,1150000000,Managed Care,USA
SPTRD1915483,2021-02-19,"BA Sports Nutrition, LLC",,The Coca-Cola Company,KO,Investor Group,Acquisition of Whole Company (incl. Majority Stake),Completed,2021-11-01,5600000000,Soft Drinks and Non-alcoholic Beverages,USA
SPTRD1805108,2021-02-18,Osprey Technology Acquisition Corp.,,BlackSky Technology Inc.,BKSY,Investor Group,Acquisition of Whole Company (incl. Majority Stake),Completed,2021-09-09,1012439190,Asset Management,USA
SPTRD1804820,2021-02-17,"Enable Midstream Partners, LP",,Energy Transfer LP,ET,,Acquisition of Whole Company (incl. Majority Stake),Completed,2021-12-02,3115609183,Oil and Gas Storage and Transportation,USA
SPTRD1804857,2021-02-17,"Inteliquent, Inc.",,Sinch AB (publ),,"Onvoy, LLC",Acquisition of Whole Company (incl. Majority Stake),Completed,2021-12-09,1140000000,Alternative Carriers,USA
SPTRD1804880,2021-02-17,CF Finance Acquisition Corp. III,,"US LADAR, Inc.",,Investor Group,Acquisition of Whole Company (incl. Majority Stake),Completed,2021-08-16,1015845752,Asset Management,USA
SPTRD1804583,2021-02-16,Process & Motion Control Segment of Rexnord Corporation,,Regal Beloit Corporation,,Rexnord Corporation,Acquisition of Asset or Branch,Completed,2021-10-04,3877152334,Machinery and Supplies and Components: Industrial,USA
SPTRD1804591,2021-02-16,Aegion Corporation*,,"New Mountain Capital, LLC",,,Acquisition of Whole Company (incl. Majority Stake),Completed,2021-05-17,961819410,Construction and Engineering,USA
SPTRD1804595,2021-02-16,"AmeriHome Mortgage Company, LLC*",,Western Alliance Bank,,"Apollo Global Management, Inc.",Acquisition of Whole Company (incl. Majority Stake),Completed,2021-04-07,1220000000,Mortgage Banks and Brokers,USA
SPTRD1804619,2021-02-16,Born Inc.,,"Alkeon Creators, Inc.",,,Acquisition of Whole Company (incl. Majority Stake),Completed,2021-02-16,1539158588,Health Care Technology,USA
SPTRD1804671,2021-02-16,"BlueTriton Brands Holdings, Inc.*",,Investor Group,,Nestlé S.A.,Acquisition of Whole Company (incl. Majority Stake),Completed,2021-03-31,4300000000,Soft Drinks and Non-alcoholic Beverages,USA
SPTRD1804269,2021-02-15,"Hargray Communications Group, Inc.*",,"Cable One, Inc.",CABO,Investor group,Acquisition of Whole Company (incl. Majority Stake),Completed,2021-05-03,1971266000,Alternative Carriers,USA
SPTRD1804163,2021-02-14,"Emerald Kalama Chemical, LLC*",,LANXESS Aktiengesellschaft,,American Securities LLC,Acquisition of Whole Company (incl. Majority Stake),Completed,2021-08-03,1040000000,Specialty Chemicals,USA
SPTRD1803949,2021-02-12,Fusion Acquisition Corp.,,"Moneylion, Inc.",,,Acquisition of Whole Company (incl. Majority Stake),Completed,2021-09-22,2400000000,Asset Management,USA
SPTRD1803977,2021-02-12,Falcon Capital Acquisition Corp.,,"Sharecare, Inc.",,,Acquisition of Whole Company (incl. Majority Stake),Completed,2021-07-01,4412155000,Asset Management,USA
SPTRD1804010,2021-02-12,"Coherent, Inc.",COHR,II-VI Incorporated,,,Acquisition of Whole Company (incl. Majority Stake),Completed,2022-07-01,6694655810,Electronic Equipment and Instruments,USA
SPTRD1804829,2021-02-12,Artius Acquisition Inc.,,"Micromidas, Inc.",,Artius Acquisition Partners LLC,Acquisition of Whole Company (incl. Majority Stake),Completed,2021-06-25,1444982000,Asset Management,USA
SPTRD1803730,2021-02-11,Nuts Business of The Kraft Heinz Company,,Hormel Foods Corporation,HRL,The Kraft Heinz Company,Acquisition of Asset or Branch,Completed,2021-06-07,3350000000,Packaged Foods and Meats Producers,USA
SPTRD1803749,2021-02-11,Nebula Caravel Acquisition Corp.*,,"A Place for Rover, Inc.",,Investor Group,Acquisition of Whole Company (incl. Majority Stake),Completed,2021-07-30,1597500000,Asset Management,USA
SPTRD1803444,2021-02-10,Forest Road Acquisition Corp.,,"The Beachbody Company Group, LLC",BODI,Forest Road Acquisition Sponsor LLC,Acquisition of Whole Company (incl. Majority Stake),Completed,2021-06-25,2621136000,Asset Management,USA
SPTRD1803480,2021-02-10,NIC Inc.,,"Tyler Technologies, Inc.",TYL,,Acquisition of Whole Company (incl. Majority Stake),Completed,2021-04-21,2328034128,Payment Processors,USA
SPTRD1803494,2021-02-10,Atlas Crest Investment Corp.,,Archer Aviation Inc.,ACHR,,Acquisition of Whole Company (incl. Majority Stake),Completed,2021-09-16,2824050000,Asset Management,USA
SPTRD1803109,2021-02-09,Decarbonization Plus Acquisition Corporation,,Hyzon Motors Inc.,,Investor Group,Acquisition of Whole Company (incl. Majority Stake),Completed,2021-07-16,1929211020,Asset Management,USA
SPTRD1803460,2021-02-09,"CM Life Sciences, Inc.",,Sema4 Holdings Corp.,,CMLS Holdings LLC,Acquisition of Whole Company (incl. Majority Stake),Completed,2021-07-22,2384731050,Asset Management,USA
SPTRD1802849,2021-02-08,Tortoise Acquisition Corp. II,,Volta Inc.,,Investor Group,Acquisition of Whole Company (incl. Majority Stake),Completed,2021-08-26,1677000000,Asset Management,USA
SPTRD1802855,2021-02-08,Cubic Corporation*,,Investor Group,,,Acquisition of Whole Company (incl. Majority Stake),Completed,2021-05-25,2409636300,Aerospace and Defense,USA
SPTRD1802864,2021-02-08,ARYA Sciences Acquisition Corp III,,"Nautilus Biotechnology, Inc.",NAUT,ARYA Sciences Holdings III,Acquisition of Whole Company (incl. Majority Stake),Completed,2021-06-09,1018832060,Asset Management,USA
SPTRD1802894,2021-02-08,"Gores Holdings VI, Inc.",,"Matterport, Inc.",,Investor Group,Acquisition of Whole Company (incl. Majority Stake),Completed,2021-07-22,2947065000,"Holding Companies, Patent Owners, and Trusts or Estates",USA
SPTRD1802917,2021-02-08,Glu Mobile Inc.*,,Electronic Arts Inc.,EA,Investor Group,Acquisition of Whole Company (incl. Majority Stake),Completed,2021-04-29,2308160155,Interactive Home Entertainment,USA
SPTRD1802505,2021-02-05,"SpotX, Inc.",,"Magnite, Inc.",MGNI,RTL Group S.A.,Acquisition of Whole Company (incl. Majority Stake),Completed,2021-04-30,1141159758,Interactive Media and Services,USA
SPTRD1802201,2021-02-04,VG Acquisition Corp.,,23andMe Holding Co.,,VG Acquisition Sponsor LLC,Acquisition of Whole Company (incl. Majority Stake),Completed,2021-06-16,5779019520,Asset Management,USA
SPTRD1802206,2021-02-04,"CoreLogic, Inc.*",,Investor group,,,Acquisition of Whole Company (incl. Majority Stake),Completed,2021-06-04,5860502520,Financial Media and Data Solutions,USA
SPTRD1801746,2021-02-03,"The Gearbox Entertainment Company, Inc.",,Embracer Group AB (publ),,,Acquisition of Whole Company (incl. Majority Stake),Completed,2021-04-06,1488866011,Interactive Home Entertainment,USA
SPTRD1801864,2021-02-03,10X Capital Venture Acquisition Corp*,,REE Automotive Ltd.,REE,Investor Group,Acquisition of Whole Company (incl. Majority Stake),Completed,2021-07-22,3282960532,Asset Management,USA
SPTRD1801887,2021-02-03,FTAC Olympus Acquisition Corp.*,,Payoneer Inc.,,,Acquisition of Whole Company (incl. Majority Stake),Completed,2021-06-25,3118072425,Asset Management,USA
SPTRD1801473,2021-02-02,Holicity Inc.,,"Astra Space, Inc.",,Investor Group,Acquisition of Whole Company (incl. Majority Stake),Completed,2021-06-30,2030000000,Asset Management,USA
SPTRD1801529,2021-02-02,"Drizly, Inc.",,"Uber Technologies, Inc.",UBER,,Acquisition of Whole Company (incl. Majority Stake),Completed,2021-10-13,1100000000,Application Software,USA
SPTRD1801130,2021-02-01,"Viela Bio, Inc.*",,"Horizon Therapeutics USA, Inc.",,Investor Group,Acquisition of Whole Company (incl. Majority Stake),Completed,2021-03-15,3052416442,Biotechnology,USA
SPTRD1801206,2021-02-01,Acies Acquisition Corp.,,"PLAYSTUDIOS, Inc.",MYPS,,Acquisition of Whole Company (incl. Majority Stake),Completed,2021-06-21,1127000000,Asset Management,USA
SPTRD1801252,2021-02-01,"Interior Logic Group Holdings, LLC",,Blackstone Group Inc.,BX,Investor group,Acquisition of Whole Company (incl. Majority Stake),Completed,2021-03-31,1600000000,Diversified Support Services,USA
SPTRD1801299,2021-02-01,Kismet Acquisition One Corp,,Nexters Inc.,,Kismet Sponsor Limited,Acquisition of Whole Company (incl. Majority Stake),Completed,2021-08-26,2120977500,Asset Management,USA
SPTRD1823630,2021-02-01,"InvestCloud, Inc.",,Investor group,,,Acquisition of Whole Company (incl. Majority Stake),Completed,2021-02-01,1000000000,Investment and Capital Markets Technology,USA
SPTRD1800882,2021-01-29,Trippe Manufacturing Company,,Eaton Corporation plc,ETN,,Acquisition of Whole Company (incl. Majority Stake),Completed,2021-03-17,1651000000,Electrical Components and Equipment: Light,USA
SPTRD1948269,2021-01-29,TPG Pace Tech Opportunities Corp.,,"Nerdy, Inc.",NRDY,TPG Inc.,Acquisition of Whole Company (incl. Majority Stake),Completed,2021-09-20,1700000000,Asset Management,USA
SPTRD1800506,2021-01-28,Property Solutions Acquisition Corp.,,Faraday&Future Inc.,,,Acquisition of Whole Company (incl. Majority Stake),Completed,2021-07-21,3251300000,Asset Management,USA
SPTRD1800726,2021-01-28,"Duke Energy Indiana, LLC",,EPSOM Investment Pte. Ltd.,,Duke Energy Corporation,Acquisition of Minority Stake,Completed,2022-12-22,2050000000,Electric Utilities,USA
SPTRD1800281,2021-01-27,Perspecta Inc.*,,Peraton Corporation,,,Acquisition of Whole Company (incl. Majority Stake),Completed,2021-05-06,4160785498,IT Consulting and Other Services,USA
SPTRD1800374,2021-01-27,Great American Life Insurance Company,,Massachusetts Mutual Life Insurance Company,,"American Financial Group, Inc.",Acquisition of Whole Company (incl. Majority Stake),Completed,2021-05-28,3500000000,Life and Health,USA
SPTRD1799931,2021-01-26,"Exeter Property Group, LLC*",,EQT AB (publ),,Investor group,Acquisition of Whole Company (incl. Majority Stake),Completed,2021-04-01,2167575457,Asset Management,USA
SPTRD1800014,2021-01-26,Allstate Life Insurance Company*,,The Blackstone Group Inc.,BX,The Allstate Corp.,Acquisition of Whole Company (incl. Majority Stake),Completed,2021-11-01,4250000000,Life and Health,USA
SPTRD1799646,2021-01-25,TS Innovation Acquisitions Corp.,,"Latch, Inc.",,"TS Innovation Acquisitions Sponsor, L.L.C.",Acquisition of Whole Company (incl. Majority Stake),Completed,2021-06-04,1036000000,Asset Management,USA
SPTRD1799696,2021-01-25,ION Acquisition Corp 1 Ltd.,,Taboola.com Ltd.,TBLA,Investor Group,Acquisition of Whole Company (incl. Majority Stake),Completed,2021-06-29,2550619500,Asset Management,USA
SPTRD1799767,2021-01-25,Foley Trasimene Acquisition Corp.*,,Alight Solutions LLC,,,Acquisition of Whole Company (incl. Majority Stake),Completed,2021-07-02,3405021912,"Holding Companies, Patent Owners, and Trusts or Estates",USA
SPTRD1799350,2021-01-22,Climate Change Crisis Real Impact I Acquisition Corporation,,"EVgo, Inc.",EVGO,Investor Group,Acquisition of Whole Company (incl. Majority Stake),Completed,2021-07-01,2611972000,Asset Management,USA
SPTRD1798995,2021-01-21,"tastytrade, Inc.*",,IG Group Holdings Plc,,Investor group,Acquisition of Whole Company (incl. Majority Stake),Completed,2021-06-28,1052233761,Financial Media and Data Solutions,USA
SPTRD1798796,2021-01-20,Talcott Resolution Life Insurance Company*,,Sixth Street Partners,,Investor group,Acquisition of Whole Company (incl. Majority Stake),Completed,2021-06-30,1734000000,Life and Health,USA
SPTRD1798364,2021-01-19,"Wrangler Topco, LLC*",,"Citrix Systems, Inc.",,"Vista Equity Partners Management, LLC",Acquisition of Whole Company (incl. Majority Stake),Completed,2021-02-26,2250000000,Technology Distributors,USA
SPTRD1797510,2021-01-14,Atlantic Power Corporation*,,"I Squared Capital Advisors, LLC",,,Acquisition of Whole Company (incl. Majority Stake),Completed,2021-05-14,283832860,Independent Power Producers and Energy Traders,USA
SPTRD1797072,2021-01-13,Hudson Executive Investment Corp.,,Groop Internet Platform Inc.,,,Acquisition of Whole Company (incl. Majority Stake),Completed,2021-06-22,1611400000,Asset Management,USA
SPTRD1797116,2021-01-13,"NuVia, Inc.*",,"Qualcomm Technologies, Inc.",,Investor Group,Acquisition of Whole Company (incl. Majority Stake),Completed,2021-03-16,1400000000,Semiconductors,USA
SPTRD1796808,2021-01-12,ArcLight Clean Transition Corp.,,Proterra Inc.,,,Acquisition of Whole Company (incl. Majority Stake),Completed,2021-06-14,2025651670,Asset Management,USA
SPTRD1796836,2021-01-12,Cantel Medical LLC,,STERIS plc,STE,Investor Group,Acquisition of Whole Company (incl. Majority Stake),Completed,2021-06-02,3807401413,Health Care Equipment,USA
SPTRD1796356,2021-01-11,Cardtronics plc*,,NCR Corporation,,,Acquisition of Whole Company (incl. Majority Stake),Completed,2021-06-21,1873620750,Payments Infrastructure,USA
SPTRD1796428,2021-01-11,VPC Impact Acquisition Holdings,,"Bakkt Holdings, Inc.",BKKT,Investor Group,Acquisition of Whole Company (incl. Majority Stake),Completed,2021-10-15,1969572000,Asset Management,USA
SPTRD1796052,2021-01-08,GX Acquisition Corp.,,Celularity Inc.,CELU,,Acquisition of Whole Company (incl. Majority Stake),Completed,2021-07-16,1692789804,Asset Management,USA
SPTRD1795465,2021-01-07,"Firestone Building Products Company, LLC",,Holcim Participations (US) Inc.,,"Bridgestone Americas, Inc.",Acquisition of Whole Company (incl. Majority Stake),Completed,2021-03-31,3400000000,Building Products,USA
SPTRD1795723,2021-01-07,Social Capital Hedosophia Holdings Corp. V,,"Social Finance, Inc.",,,Acquisition of Whole Company (incl. Majority Stake),Completed,2021-05-28,12634116496,Asset Management,USA
SPTRD1795210,2021-01-06,"Majority of Alliance Healthcare Businesses of Walgreens Boots Alliance, Inc.",,AmerisourceBergen Corporation,,"Walgreens Boots Alliance, Inc.",Acquisition of Asset or Branch,Completed,2021-06-01,5890037715,Health Care Distributors,USA
SPTRD1821018,2021-01-06,Change Healthcare Inc.*,,"Optum, Inc.",,Investor group,Acquisition of Whole Company (incl. Majority Stake),Completed,2022-10-03,8723543505,Health Care Technology,USA
SPTRD1809969,2021-01-05,Landmark Center Office and Retail Complex Near Fenway Park,,"Alexandria Real Estate Equities, Inc.",ARE,Investor Group,Acquisition of Asset or Branch,Completed,2021-01-29,1520000000,Real Estate Operating and Management,USA
SPTRD1878041,2021-01-05,"Web.com Group, Inc.*",,Investor Group,,"Siris Capital Group, LLC",Acquisition of Whole Company (incl. Majority Stake),Completed,2021-02-10,2200000000,Internet Services and Infrastructure,USA
SPTRD1794472,2021-01-04,"FLIR Systems, Inc.",,Teledyne Technologies Incorporated,TDY,,Acquisition of Whole Company (incl. Majority Stake),Completed,2021-05-14,7671685117,Electronic Equipment and Instruments,USA
SPTRD1794516,2021-01-04,"Boston Private Financial Holdings, Inc.",,SVB Financial Group,,,Acquisition of Whole Company (incl. Majority Stake),Completed,2021-07-01,1276823567,Bank,USA
SPTRD1794525,2021-01-04,"Magellan Health, Inc.",,Centene Corporation,CNC,,Acquisition of Whole Company (incl. Majority Stake),Completed,2022-01-04,2571146351,Managed Care,USA
SPTRD1794497,2020-12-31,"Straight Smile, LLC",,DENTSPLY SIRONA Inc.,XRAY,,Acquisition of Whole Company (incl. Majority Stake),Completed,2020-12-31,1040000000,Health Care Equipment,USA
SPTRD1792888,2020-12-23,US-based Metal Container Plants of Anheuser-Busch InBev*,,"Apollo Global Management, Inc.",APO,Anheuser-Busch InBev SA/NV,Acquisition of Asset or Branch,Completed,2020-12-31,3000000000,"Containers and Packaging: Metal, Glass, and Plastic",USA
SPTRD1792491,2020-12-22,"Sparta Systems, Inc.*",,Honeywell International Inc.,HON,"New Mountain Capital, LLC",Acquisition of Whole Company (incl. Majority Stake),Completed,2021-02-12,1303000000,Application Software,USA
SPTRD1792517,2020-12-22,Colonnade Acquisition Corp.,,"Ouster, Inc.",OUST,Colonnade Sponsor LLC,Acquisition of Whole Company (incl. Majority Stake),Completed,2021-03-11,1624500000,Asset Management,USA
SPTRD1792619,2020-12-22,"Juniper Industrial Holdings, Inc.*",,"Janus International Group, LLC",JBI,Investor Group,Acquisition of Whole Company (incl. Majority Stake),Completed,2021-06-07,1235200000,Asset Management,USA
SPTRD1792104,2020-12-21,"RealPage, Inc.*",,"Thoma Bravo, LLC",,,Acquisition of Whole Company (incl. Majority Stake),Completed,2021-04-22,9512838366,Application Software,USA
SPTRD1792184,2020-12-21,HMS Holdings Corp.*,,Gainwell,,,Acquisition of Whole Company (incl. Majority Stake),Completed,2021-04-01,3383311771,Health Care Technology,USA
SPTRD1792269,2020-12-21,"Oncology Business of Agios Pharmaceuticals, Inc.",,Servier Pharmaceuticals LLC,,"Agios Pharmaceuticals, Inc.",Acquisition of Asset or Branch,Completed,2021-03-31,2000000000,Health Care Services,USA
SPTRD1792277,2020-12-21,All Leasehold Interests and Related Assets of Guidon Operating LLC,,Diamondback E&P LLC,,Guidon Operating LLC,Acquisition of Asset or Branch,Completed,2021-02-26,1112560800,Oil and Gas Exploration and Production,USA
SPTRD1792282,2020-12-21,"QEP Resources, Inc.",,"Diamondback Energy, Inc.",FANG,,Acquisition of Whole Company (incl. Majority Stake),Completed,2021-03-17,1021519841,Oil and Gas Exploration and Production,USA
SPTRD1792417,2020-12-21,"Specialty Building Products, LLC*",,"The Jordan Company, L.P.",,"Madison Dearborn Partners, LLC",Acquisition of Whole Company (incl. Majority Stake),Completed,2021-01-21,1100000000,Trading Companies and Distributors,USA
SPTRD1793120,2020-12-21,"NantKwest, Inc.",,"ImmunityBio, Inc.",IBRX,,Acquisition of Whole Company (incl. Majority Stake),Completed,2021-03-09,2806280227,Biotechnology,USA
SPTRD1792731,2020-12-20,"Acima Credit, LLC",,"Rent-A-Center, Inc.",,,Acquisition of Whole Company (incl. Majority Stake),Completed,2021-02-17,1833520000,Specialty Finance: Consumer Focused,USA
SPTRD1791635,2020-12-18,"BioTelemetry, Inc.",,Philips Holding USA Inc.,,,Acquisition of Whole Company (incl. Majority Stake),Completed,2021-02-09,2684515460,Health Care Services,USA
SPTRD1791677,2020-12-18,"Universal Music Group, Inc.",,Investor group,,Vivendi SA,Acquisition of Minority Stake,Completed,2021-01-29,3637245393,Movies and Entertainment,USA
SPTRD1791680,2020-12-17,Northern Star Acquisition Corp.,,Bark & Co,,,Acquisition of Whole Company (incl. Majority Stake),Completed,2021-06-01,1500000000,Asset Management,USA
SPTRD1791139,2020-12-16,New Providence Acquisition Corp.,,"AST SpaceMobile, Inc.",ASTS,Investor Group,Acquisition of Whole Company (incl. Majority Stake),Completed,2021-04-06,1330253160,Asset Management,USA
SPTRD1791199,2020-12-16,Transurban Chesapeake assets,,Investor Group,,Transurban Group,Acquisition of Asset or Branch,Completed,2021-04-01,2201841844,Highways and Railtracks,USA
SPTRD1790728,2020-12-15,"Thunder Bridge Acquisition II, Ltd.",,"indie Semiconductor, Inc.",INDI,Thunder Bridge Acquisition II LLC,Acquisition of Whole Company (incl. Majority Stake),Completed,2021-06-10,1042000000,Asset Management,USA
SPTRD1790680,2020-12-14,2.3 Million Square Foot Portfolio Of Lab Office Buildings*,,Blackstone Property Partners Life Sciences,,Brookfield Asset Management Inc.,Acquisition of Asset or Branch,Completed,2021-03-12,3450000000,Real Estate Operating and Management,USA
SPTRD1790142,2020-12-13,"Pluralsight, LLC*",,Investor Group,,Investor Group,Acquisition of Whole Company (incl. Majority Stake),Completed,2021-04-06,4146633814,Application Software,USA
SPTRD1790192,2020-12-13,TCF Financial Corporation,,Huntington Bancshares Incorporated,HBAN,,Acquisition of Whole Company (incl. Majority Stake),Completed,2021-06-09,7000292313,Bank,USA
SPTRD1790130,2020-12-12,"Alexion Pharmaceuticals, Inc.",,AstraZeneca PLC,AZN,Investor Group,Acquisition of Whole Company (incl. Majority Stake),Completed,2021-07-21,42002702301,Biotechnology,USA
SPTRD1789637,2020-12-11,Metropolitan Property and Casualty Insurance Company,,"Farmers Group, Inc.",,"MetLife, Inc.",Acquisition of Asset or Branch,Completed,2021-04-07,3940000000,Property and Casualty,USA
SPTRD1789794,2020-12-11,Forum Merger III Corporation,,"Electric Last Mile Solutions, Inc.",,Investor Group,Acquisition of Whole Company (incl. Majority Stake),Completed,2021-06-25,1182384000,Asset Management,USA
SPTRD1789804,2020-12-11,Collective Growth Corporation,,Innoviz Technologies Ltd.,INVZ,,Acquisition of Whole Company (incl. Majority Stake),Completed,2021-03-31,1363312500,Asset Management,USA
SPTRD1876154,2020-12-11,"Certain U.S. Property And Casualty Business Of Farmers Group, Inc.",,The Farmers Exchanges,,Farmers Group Inc.,Acquisition of Asset or Branch,Completed,2021-04-07,1510000000,Multiline,USA
SPTRD1789590,2020-12-10,Silver Spike Acquisition Corp.,,"WM Technology, Inc.",,Investor Group,Acquisition of Whole Company (incl. Majority Stake),Completed,2021-06-16,1359490000,Asset Management,USA
SPTRD1789728,2020-12-10,Portfolio of 45 Ambulatory Surgery Centers in United States,,United Surgical Partners International Inc.,,"Surgical Center Development, Inc.",Acquisition of Asset or Branch,Completed,2020-12-31,1100000000,Health Care Facilities,USA
SPTRD1790827,2020-12-10,"GCL Investment Management, Inc.",,Imola Acquisition Corporation,,"Tianjin Tianhai Logistics Investment Management Co., Ltd.",Acquisition of Whole Company (incl. Majority Stake),Completed,2021-07-02,1615982546,Specialty Finance: Commercial Focused,USA
SPTRD1789328,2020-12-09,Ingram Micro Holding Corporation*,INGM,"Platinum Equity, LLC",,"HNA Technology Co.,Ltd.",Acquisition of Whole Company (incl. Majority Stake),Completed,2021-07-07,5900000000,Technology Distributors,USA
SPTRD1789364,2020-12-09,Vesper Healthcare Acquisition Corp.,,The HydraFacial Company,,Investor Group,Acquisition of Whole Company (incl. Majority Stake),Completed,2021-05-04,1050000000,Asset Management,USA
SPTRD1789404,2020-12-09,"Crunchyroll, Inc.",,"Funimation Global Group, LLC",,AT&T Inc.,Acquisition of Whole Company (incl. Majority Stake),Completed,2021-08-09,1237000000,Movies and Entertainment,USA
SPTRD1789455,2020-12-09,MTS Systems Corporation,,Amphenol Corporation,APH,,Acquisition of Whole Company (incl. Majority Stake),Completed,2021-04-07,1167343578,Electronic Equipment and Instruments,USA
SPTRD1788752,2020-12-07,Anworth Mortgage Asset Corporation,,Ready Capital Corporation,RC,,Acquisition of Whole Company (incl. Majority Stake),Completed,2021-03-19,297932601,Mortgage REIT,USA
SPTRD1788753,2020-12-07,SEACOR Holdings Inc.*,,"AIP, LLC",,,Acquisition of Whole Company (incl. Majority Stake),Completed,2021-04-14,860215693,Marine Transportation,USA
SPTRD1789110,2020-12-07,Federal IT and Mission Support Services Business of Northrop Grumman Corporation*,,Peraton Corporation,,Northrop Grumman Corporation,Acquisition of Asset or Branch,Completed,2021-02-01,3400000000,Aerospace and Defense,USA
SPTRD1789224,2020-12-07,Uber Advanced Technologies Group,,"Aurora Innovation, Inc.",AUR,"Uber Technologies, Inc.",Acquisition of Whole Company (incl. Majority Stake),Completed,2021-01-19,1916000000,Passenger Ground Transportation,USA
SPTRD1787913,2020-12-03,Custom Truck/Utility One Source GP/Blackstone UOS Feeder Fund VI/Blackstone UOS*,,"Nesco Holdings II, Inc.",,Investor Group,Acquisition of Whole Company (incl. Majority Stake),Completed,2021-04-01,1527500000,Unclassified,USA
SPTRD1788209,2020-12-03,FanDuel Inc.,,Flutter Entertainment plc,FLUT,Fastball Holdings LLC,Acquisition of Minority Stake,Completed,2020-12-30,4499113826,Casinos and Gaming,USA
SPTRD1787750,2020-12-02,"Waddell & Reed Financial, Inc.",,Macquarie Asset Management. Inc.,,,Acquisition of Whole Company (incl. Majority Stake),Completed,2021-04-30,1645199225,Asset Management,USA
SPTRD1787851,2020-12-02,Altimar Acquisition Corporation,,Owl Rock Capital Group LLC & Dyal Capital Partners,,,Acquisition of Whole Company (incl. Majority Stake),Completed,2021-05-19,12150000000,Asset Management,USA
SPTRD1787259,2020-12-01,"AeroCare Holdings, Inc.*",,AdaptHealth Corp.,AHCO,Investor Group,Acquisition of Whole Company (incl. Majority Stake),Completed,2021-02-01,2025660000,Health Care Distributors,USA
SPTRD1787399,2020-12-01,"Slack Technologies, LLC*",,"salesforce.com, inc.",,Investor Group,Acquisition of Whole Company (incl. Majority Stake),Completed,2021-07-21,28147748716,Application Software,USA
SPTRD1787108,2020-11-30,Ennis-Flint Inc.*,,"PPG Industries, Inc.",PPG,"Olympus Advisors, LLC",Acquisition of Whole Company (incl. Majority Stake),Completed,2020-12-23,1150000000,Specialty Chemicals,USA
SPTRD1787150,2020-11-30,CF Finance Acquisition Corp. II,,"View, Inc.",,Investor Group,Acquisition of Whole Company (incl. Majority Stake),Completed,2021-03-08,1515900736,Asset Management,USA
SPTRD1787166,2020-11-30,"International business segment of CDK Global, Inc.*",,"Francisco Partners Management, L.P.",,"CDK Global, Inc.",Acquisition of Asset or Branch,Completed,2021-03-01,1450000000,Application Software,USA
SPTRD1787232,2020-11-30,"Kustomer, Inc.",,"Facebook, Inc.",,,Acquisition of Whole Company (incl. Majority Stake),Completed,2022-02-15,1000000000,Application Software,USA
SPTRD1787473,2020-11-30,Northern Genesis Acquisition Corp.*,,The Lion Electric Company,,Investor Group,Acquisition of Whole Company (incl. Majority Stake),Completed,2021-05-06,1676242070,Asset Management,USA
SPTRD1788599,2020-11-30,"Gainsight, Inc.*",,"Vista Equity Partners Management, LLC",,Battery Ventures,Acquisition of Whole Company (incl. Majority Stake),Completed,2020-12-02,1100000000,Application Software,USA
SPTRD1800996,2020-11-24,FS KKR Capital Corp. II,,FS KKR Capital Corp.,FSK,,Acquisition of Whole Company (incl. Majority Stake),Completed,2021-06-16,3642210719,Investment and Business Development Companies,USA
SPTRD1785973,2020-11-23,"Aperio Group, LLC*",,"BlackRock, Inc.",BLK,"Golden Gate Private Equity, Inc.",Acquisition of Whole Company (incl. Majority Stake),Completed,2021-02-01,1100000000,Asset Management,USA
SPTRD1786281,2020-11-23,Apex Technology Acquisition Corporation,,"AvePoint, Inc.",AVPT,,Acquisition of Whole Company (incl. Majority Stake),Completed,2021-07-01,1746615682,Asset Management,USA
SPTRD1785166,2020-11-20,Longview Acquisition Corp.,,"Butterfly Network, Inc.",BFLY,"Glenview Capital Management, LLC",Acquisition of Whole Company (incl. Majority Stake),Completed,2021-02-12,1275884000,Asset Management,USA
SPTRD1784997,2020-11-19,"ECI Software Solutions, Inc.*",,Investor Group,,Investor Group,Acquisition of Whole Company (incl. Majority Stake),Completed,2020-12-30,2500000000,Application Software,USA
SPTRD1784516,2020-11-18,CIIG Merger Corp.,,Arrival,,,Acquisition of Whole Company (incl. Majority Stake),Completed,2021-03-21,5738726250,Asset Management,USA
SPTRD1784156,2020-11-17,"LendingTree, Inc.",TREE,Undisclosed buyer,,"GCI Liberty, Inc.",Acquisition of Minority Stake,Completed,2020-11-19,1007000000,Digital Lending,USA
SPTRD1783829,2020-11-16,"BBVA USA Bancshares, Inc.",,"PNC Financial Services Group, Inc.",PNC,"Banco Bilbao Vizcaya Argentaria, SA",Acquisition of Whole Company (incl. Majority Stake),Completed,2021-06-01,11566740000,Bank,USA
SPTRD1783915,2020-11-16,"HD Supply Holdings, Inc.",,"The Home Depot, Inc.",HD,,Acquisition of Whole Company (incl. Majority Stake),Completed,2020-12-24,8795119810,Trading Companies and Distributors,USA
SPTRD1783830,2020-11-15,"Foundation Building Materials, Inc.*",,American Securities LLC,,"Lone Star Americas Acquisitions, Inc.",Acquisition of Whole Company (incl. Majority Stake),Completed,2021-01-29,855696244,Trading Companies and Distributors,USA
SPTRD1783713,2020-11-13,Tuscan Holdings Corp.,,"Microvast, Inc.",MVST,Investor Group,Acquisition of Whole Company (incl. Majority Stake),Completed,2021-07-23,2355200000,Asset Management,USA
SPTRD1783428,2020-11-12,Jaws Acquisition Corp.*,,"Cano Health, LLC",,Jaws Sponsor LLC,Acquisition of Whole Company (incl. Majority Stake),Completed,2021-06-03,3516300000,Asset Management,USA
SPTRD1782832,2020-11-10,"Planview, Inc.*",,"TPG Capital, L.P.",,"Thoma Bravo, LLC",Acquisition of Whole Company (incl. Majority Stake),Completed,2020-12-18,1600000000,Application Software,USA
SPTRD1782379,2020-11-09,Elizabeth River Crossings concession,,Investor Group,,Investor Group,Acquisition of Asset or Branch,Completed,2020-12-30,1181470000,Highways and Railtracks,USA
SPTRD1782407,2020-11-09,"Supreme Holdings, Inc.*",,V.F. Corporation,VFC,Investor Group,Acquisition of Whole Company (incl. Majority Stake),Completed,2020-12-28,2400000000,Leisure Products Producers,USA
SPTRD1782469,2020-11-09,"International-Matex Tank Terminals, Inc.*",,Riverstone Holdings LLC,,Macquarie Infrastructure Corporation,Acquisition of Whole Company (incl. Majority Stake),Completed,2020-12-23,1561000000,Oil and Gas Storage and Transportation,USA
SPTRD1782548,2020-11-09,"Workfront, Inc.*",,Adobe Inc.,ADBE,Investor Group,Acquisition of Whole Company (incl. Majority Stake),Completed,2020-12-07,1483000000,Application Software,USA
SPTRD1796609,2020-11-09,W. R. Grace & Co.,,Standard Investments LLC,,,Acquisition of Whole Company (incl. Majority Stake),Announced,,3661315320,Specialty Chemicals,USA
SPTRD1781987,2020-11-06,"Emisphere Technologies, Inc.",,Novo Nordisk A/S,NVO,IsZo Capital Management LP,Acquisition of Whole Company (incl. Majority Stake),Completed,2020-12-08,1338147000,Pharmaceuticals,USA
SPTRD1781598,2020-11-05,"InSite Wireless Group, LLC",,American Tower Corporation,AMT,,Acquisition of Whole Company (incl. Majority Stake),Completed,2020-12-23,3500000000,Wireless Telecommunication Services,USA
SPTRD1781627,2020-11-05,"VelosBio, Inc.*",,"Merck & Co., Inc.",MRK,Investor Group,Acquisition of Whole Company (incl. Majority Stake),Completed,2020-12-18,2696000000,Biotechnology,USA
SPTRD1775318,2020-11-02,"Endurance International Group Holdings, Inc.*",,"Clearlake Capital Group, L.P.",,Investor Group,Acquisition of Whole Company (incl. Majority Stake),Completed,2021-02-10,1495654217,Internet Services and Infrastructure,USA
SPTRD1775376,2020-11-02,"LLamasoft, Inc.*",,Coupa Software Incorporated,,Investor Group,Acquisition of Whole Company (incl. Majority Stake),Completed,2020-11-02,1398289000,Application Software,USA
SPTRD1775461,2020-11-02,"Cole Office & Industrial REIT (CCIT II), Inc.",,"Griffin Capital Essential Asset REIT, Inc.",,,Acquisition of Whole Company (incl. Majority Stake),Completed,2021-03-01,831773242,Diversified REIT,USA
SPTRD1777069,2020-11-02,InterPrivate Acquisition Corp.,,"Aeva Technologies, Inc.",AEVA,InterPrivate Acquisition Management LLC,Acquisition of Whole Company (incl. Majority Stake),Completed,2021-03-12,1496430057,Asset Management,USA
SPTRD1775281,2020-11-01,"Astound Broadband, LLC*",,Stonepeak Partners LP,,Investor group,Acquisition of Whole Company (incl. Majority Stake),Completed,2021-08-19,8100000000,Alternative Carriers,USA
SPTRD1775378,2020-11-01,Nielsen Global Connect,,Investor group,,Nielsen Holdings PLC,Acquisition of Whole Company (incl. Majority Stake),Completed,2021-03-05,2700000000,Research and Consulting Services,USA
SPTRD1775170,2020-10-30,Freshly Inc.*,,"Nestlé USA, Inc.",,Investor Group,Acquisition of Whole Company (incl. Majority Stake),Completed,2020-10-30,1500000000,Packaged Foods and Meats Producers,USA
SPTRD1775200,2020-10-30,"Dunkin' Brands Group, Inc.*",,"Inspire Brands, Inc.",,,Acquisition of Whole Company (incl. Majority Stake),Completed,2020-12-14,8935785335,Restaurants,USA
SPTRD1774907,2020-10-29,Inphi Corporation,,Marvell Technology Group Ltd.,MRVL,,Acquisition of Whole Company (incl. Majority Stake),Completed,2021-04-20,9810063967,Semiconductors,USA
SPTRD1774825,2020-10-28,"Consumer Cellular, Inc.*",,GTCR LLC,,,Acquisition of Whole Company (incl. Majority Stake),Completed,2020-12-17,2300000000,Wireless Telecommunication Services,USA
SPTRD1774382,2020-10-27,"Xilinx, Inc.",,"Advanced Micro Devices, Inc.",AMD,Investor Group,Acquisition of Whole Company (incl. Majority Stake),Completed,2022-02-14,47820544176,Semiconductors,USA
SPTRD1774399,2020-10-27,Thrive Earlier Detection Corp.*,,Exact Sciences Corporation,,Investor Group,Acquisition of Whole Company (incl. Majority Stake),Completed,2021-01-04,2275239512,Biotechnology,USA
SPTRD1774008,2020-10-26,"Asklepios BioPharmaceutical, Inc.*",,Bayer Aktiengesellschaft,,Investor Group,Acquisition of Whole Company (incl. Majority Stake),Completed,2020-12-01,4000000000,Biotechnology,USA
SPTRD1774162,2020-10-26,"Panther Purchaser, L.P.*",,"Francisco Partners Management, L.P.",,Raytheon Company,Acquisition of Whole Company (incl. Majority Stake),Completed,2021-01-11,1100000000,Systems Software,USA
SPTRD1774062,2020-10-25,"Simply Storage Management, LLC",,"Blackstone Real Estate Income Trust, Inc.",,Brookfield Asset Management Inc.,Acquisition of Whole Company (incl. Majority Stake),Completed,2020-12-18,1200000000,Self-Storage REIT,USA
SPTRD1773406,2020-10-21,Panacea Acquisition Corp.,,Nuvation Bio Inc.,NUVB,,Acquisition of Whole Company (incl. Majority Stake),Completed,2021-02-10,1659361200,Asset Management,USA
SPTRD1773100,2020-10-20,"Parsley Energy, Inc./Parsley Energy, LLC",,Pioneer Natural Resources Company,,"Q-Jagged Peak Energy Investment Partners, LLC",Acquisition of Whole Company (incl. Majority Stake),Completed,2021-01-12,6853537098,Oil and Gas Exploration and Production,USA
SPTRD1772702,2020-10-19,Front Yard Residential Corporation,,Investor group,,,Acquisition of Whole Company (incl. Majority Stake),Completed,2021-01-11,960036055,Single-Family Residential REIT,USA
SPTRD1772789,2020-10-19,Concho Resources Inc.,,ConocoPhillips,COP,,Acquisition of Whole Company (incl. Majority Stake),Completed,2021-01-15,13719811297,Oil and Gas Exploration and Production,USA
SPTRD1772848,2020-10-19,South Mountain Merger Corp.,,BTRS Holdings Inc.,,,Acquisition of Whole Company (incl. Majority Stake),Completed,2021-01-12,1349107178,Asset Management,USA
SPTRD1772315,2020-10-16,CIT Group Inc.,,"First Citizens BancShares, Inc.",FCNCA,,Acquisition of Whole Company (incl. Majority Stake),Completed,2022-01-03,5069775686,Bank,USA
SPTRD1772340,2020-10-15,"Disarm Therapeutics, Inc.*",,Eli Lilly and Company,LLY,Investor Group,Acquisition of Whole Company (incl. Majority Stake),Completed,2020-10-31,1360000000,Biotechnology,USA
SPTRD1798408,2020-10-15,"BioMed Realty Trust, Inc.*",,Investor group,,,Acquisition of Whole Company (incl. Majority Stake),Completed,2020-11-20,14600000000,Office REIT,USA
SPTRD1771687,2020-10-13,"CarePort Health, LLC",,WellSky Corporation,,"Allscripts Healthcare Solutions, Inc.",Acquisition of Whole Company (incl. Majority Stake),Completed,2020-12-31,1350000000,Health Care Technology,USA
SPTRD1771411,2020-10-12,"Segment.io, Inc.*",,Twilio Inc.,TWLO,Investor Group,Acquisition of Whole Company (incl. Majority Stake),Completed,2020-11-02,3069707756,Application Software,USA
SPTRD1770887,2020-10-08,Eaton Vance Corp.,,Morgan Stanley,MS,,Acquisition of Whole Company (incl. Majority Stake),Completed,2021-03-01,9154153686,Asset Management,USA
SPTRD1773524,2020-10-06,Social Capital Hedosophia Holdings Corp. III,,"Clover Health Investments, Corp.",CLOV,,Acquisition of Whole Company (incl. Majority Stake),Completed,2021-01-07,3500000000,Asset Management,USA
SPTRD1770031,2020-10-05,"MyoKardia, Inc.*",,Bristol-Myers Squibb Company,BMY,"Third Rock Ventures, LLC",Acquisition of Whole Company (incl. Majority Stake),Completed,2020-11-16,13083250726,Pharmaceuticals,USA
SPTRD1770056,2020-10-05,"TC PipeLines, LP*",,TC Energy Corporation,TRP,Investor group,Acquisition of Whole Company (incl. Majority Stake),Completed,2021-03-03,1650563850,Oil and Gas Storage and Transportation,USA
SPTRD1770205,2020-10-05,"Eidos Therapeutics, Inc.*",,"BridgeBio Pharma, Inc.",BBIO,Investor Group,Acquisition of Minority Stake,Completed,2021-01-26,1717476528,Biotechnology,USA
SPTRD1809148,2020-10-05,Credit-Card Business of Capital One Financial Corporation,,"Goldman Sachs Group, Inc.",GS,Capital One Financial Corporation,Acquisition of Asset or Branch,Completed,2021-01-15,2500000000,Specialty Finance: Commercial Focused,USA
SPTRD1770144,2020-10-04,RMG Acquisition Corp.,,"Romeo Power, Inc.",,"RMG Sponsor, LLC",Acquisition of Whole Company (incl. Majority Stake),Completed,2020-12-28,1031550000,Asset Management,USA
SPTRD1769693,2020-10-02,Certain Assets in Louisiana of Sasol Chemicals (USA) LLC,,LyondellBasell Industries N.V.,LYB,Sasol Chemicals (USA) LLC,Acquisition of Asset or Branch,Completed,2020-12-01,2000000000,Commodity Chemicals,USA
SPTRD1769779,2020-10-02,"American Renal Associates Holdings, Inc.*",,"Innovative Renal Care, LLC",,Investor Group,Acquisition of Whole Company (incl. Majority Stake),Completed,2021-01-25,402830039,Health Care Services,USA
SPTRD1769551,2020-10-01,Oaktree Acquisition Corp.,,"Hims, Inc.",,,Acquisition of Whole Company (incl. Majority Stake),Completed,2021-01-20,1880000000,Asset Management,USA
SPTRD1768990,2020-09-29,"Safe Harbor Marinas, LLC",,"Sun Communities, Inc.",SUI,,Acquisition of Whole Company (incl. Majority Stake),Completed,2020-10-30,1166100000,Leisure Facilities,USA
SPTRD1768992,2020-09-29,zColo,,"DataBank Holdings, Ltd.",,Zayo Group Holdings Inc.,Acquisition of Whole Company (incl. Majority Stake),Completed,2020-12-15,1400000000,Internet Services and Infrastructure,USA
SPTRD1768640,2020-09-28,ArcelorMittal USA LLC,,Cleveland-Cliffs Inc.,CLF,ArcelorMittal,Acquisition of Whole Company (incl. Majority Stake),Completed,2020-12-09,1897554190,Steel,USA
SPTRD1768802,2020-09-28,"WPX Energy, Inc.*",,Devon Energy Corporation,DVN,Investor Group,Acquisition of Whole Company (incl. Majority Stake),Completed,2021-01-07,5421235539,Oil and Gas Exploration and Production,USA
SPTRD1768173,2020-09-24,Switchback Energy Acquisition Corporation,,"ChargePoint Holdings, Inc.",CHPT,"Ngp Switchback, LLC",Acquisition of Whole Company (incl. Majority Stake),Completed,2021-02-26,3312960000,Asset Management,USA
SPTRD1768178,2020-09-24,"ION Media Networks, Inc.*",,E. W. Scripps Company,SSP,Investor group,Acquisition of Whole Company (incl. Majority Stake),Completed,2021-01-07,2650000000,Broadcasting,USA
SPTRD1770973,2020-09-24,Five Hospitality Portfolios and THL Portfolio,,"Highgate Hotels, L.P.",,"Colony Capital, Inc.",Acquisition of Asset or Branch,Completed,2021-03-24,67500000,Real Estate Operating and Management,USA
SPTRD1767956,2020-09-23,"1-800 CONTACTS, Inc.",,KKR & Co. Inc.,KKR,AEA Investors LP,Acquisition of Whole Company (incl. Majority Stake),Completed,2020-11-06,3100000000,Other Specialty Retail,USA
SPTRD1849893,2020-09-23,Trophy Life Science Portfolio in South San Francisco,,"Ventas, Inc.",VTR,Investor Group,Acquisition of Asset or Branch,Completed,2020-10-15,1000000000,Real Estate Operating and Management,USA
SPTRD1767480,2020-09-21,ZeniMax Media Inc.*,,Microsoft Corporation,MSFT,Investor group,Acquisition of Whole Company (incl. Majority Stake),Completed,2021-03-09,8100000000,Interactive Home Entertainment,USA
SPTRD1767275,2020-09-18,Pivotal Investment Corporation II,,"XL Hybrids, Inc.",,,Acquisition of Whole Company (incl. Majority Stake),Completed,2020-12-21,1058500000,Asset Management,USA
SPTRD1766943,2020-09-17,"Versant Health, Inc.*",,"MetLife, Inc.",MET,Investor group,Acquisition of Whole Company (incl. Majority Stake),Completed,2020-12-30,1800000000,Managed Care,USA
SPTRD1767127,2020-09-17,"Ericsson Enterprise Wireless Solutions, Inc*",,Telefonaktiebolaget LM Ericsson (publ),,Investor Group,Acquisition of Whole Company (incl. Majority Stake),Completed,2020-11-01,1068671545,Communications Equipment,USA
SPTRD1767525,2020-09-17,"GRAIL, Inc.*",GRAL,"Illumina, Inc.",ILMN,Investor Group,Acquisition of Whole Company (incl. Majority Stake),Completed,2021-08-18,8000000000,Biotechnology,USA
SPTRD1766497,2020-09-15,Natural Cheese Business of The Kraft Heinz Company,,Groupe Lactalis S.A.,,The Kraft Heinz Company,Acquisition of Asset or Branch,Completed,2021-11-29,3200000000,Packaged Foods and Meats Producers,USA
SPTRD1766121,2020-09-14,"TracFone Wireless, Inc.",,Verizon Communications Inc.,VZ,"América Móvil, S.A.B. de C.V.",Acquisition of Whole Company (incl. Majority Stake),Completed,2021-11-23,6743525878,Wireless Telecommunication Services,USA
SPTRD1766236,2020-09-14,The New York Metropolitan Baseball Club Inc.*,,Private Investor,,Sterling Equities,Acquisition of Whole Company (incl. Majority Stake),Completed,2020-11-05,2450000000,Movies and Entertainment,USA
SPTRD1766022,2020-09-13,"Immunomedics, Inc.*",,"Gilead Sciences, Inc.",GILD,Investor Group,Acquisition of Whole Company (incl. Majority Stake),Completed,2020-10-23,20882123744,Pharmaceuticals,USA
SPTRD1765892,2020-09-11,"Walden e-Learning, LLC",,Adtalem Global Education Inc.,,"Laureate Education, Inc.",Acquisition of Whole Company (incl. Majority Stake),Completed,2021-08-12,1480000000,Education Services,USA
SPTRD1765606,2020-09-10,Virtusa Corporation*,,Baring Private Equity Asia,,,Acquisition of Whole Company (incl. Majority Stake),Completed,2021-02-11,1811206819,IT Consulting and Other Services,USA
SPTRD1779907,2020-09-10,Empire and Beacon wind projects,,BP p.l.c.,,Equinor ASA,Acquisition of Asset or Branch,Completed,2021-01-29,1100000000,Renewable Electricity,USA
SPTRD1810588,2020-09-09,"All Of Retail And Operating Assets Of J. C. Penney Company, Inc.*",,Investor Group,,"J. C. Penney Company, Inc.",Acquisition of Asset or Branch,Completed,2020-12-06,692000000,Broadline Retail,USA
SPTRD1765017,2020-09-08,Conyers Park II Acquisition Corp.*,,Advantage Solutions Inc.,ADV,,Acquisition of Whole Company (incl. Majority Stake),Completed,2020-10-28,2271200000,Asset Management,USA
SPTRD1765361,2020-09-08,"Resource Real Estate Opportunity REIT, Inc.",,"Resource Real Estate Opportunity REIT II, Inc.",,,Acquisition of Whole Company (incl. Majority Stake),Completed,2021-01-28,784406780,Multi-Family Residential REIT,USA
SPTRD1764224,2020-09-03,Kensington Capital Acquisition Corp.*,,QuantumScape Corporation,QS,"Kensington Capital Partners, LLC",Acquisition of Whole Company (incl. Majority Stake),Completed,2020-11-25,2224631095,Asset Management,USA
SPTRD1763894,2020-09-02,Flying Eagle Acquisition Corp.,,Skillz Inc.,SKLZ,"Eagle Equity Partners, LLC",Acquisition of Whole Company (incl. Majority Stake),Completed,2020-12-16,3345739806,Asset Management,USA
SPTRD1763198,2020-08-31,"Aimmune Therapeutics, Inc.*",,Société des Produits Nestlé S.A.,,Investor Group,Acquisition of Whole Company (incl. Majority Stake),Completed,2020-10-09,1960248238,Biotechnology,USA
SPTRD1763273,2020-08-31,Epicor Software Corporation,,"Clayton, Dubilier & Rice, LLC",,KKR & Co. Inc.,Acquisition of Whole Company (incl. Majority Stake),Completed,2020-10-14,4700000000,Application Software,USA
SPTRD1762884,2020-08-27,"Open Systems International, Inc.",,Emerson Electric Co.,EMR,,Acquisition of Whole Company (incl. Majority Stake),Completed,2020-10-01,1600000000,Application Software,USA
SPTRD1763033,2020-08-27,"BMC Stock Holdings, Inc.",,"Builders FirstSource, Inc.",BLDR,,Acquisition of Whole Company (incl. Majority Stake),Completed,2021-01-01,3706267040,Trading Companies and Distributors,USA
SPTRD1801442,2020-08-27,Shentel’s wireless telecommunications assets,,"Sprint Spectrum L.P., d/b/a Sprint PCS",,Shenandoah Telecommunications Company,Acquisition of Asset or Branch,Completed,2021-07-01,1940000000,Wireless Telecommunication Services,USA
SPTRD1762677,2020-08-26,Trine Acquisition Corp.,,"Desktop Metal, Inc.",,,Acquisition of Whole Company (incl. Majority Stake),Completed,2020-12-09,1855620000,Asset Management,USA
SPTRD1762383,2020-08-25,"OSIsoft, LLC*",,Investor Group,,Investor Group,Acquisition of Whole Company (incl. Majority Stake),Completed,2021-03-19,4918323809,Application Software,USA
SPTRD1762172,2020-08-24,"Gores Metropoulos, Inc.",,"Luminar Technologies, Inc.",,Gores Metropoulos Sponsor LLC,Acquisition of Whole Company (incl. Majority Stake),Completed,2020-12-02,2856618000,Asset Management,USA
SPTRD1764566,2020-08-24,"Cheniere Energy Partners, L.P.*",CQP,Brookfield Infrastructure Partners L.P.,BIPH,The Blackstone Group Inc.,Acquisition of Minority Stake,Completed,2020-09-24,3479801781,Oil and Gas Storage and Transportation,USA
SPTRD1761518,2020-08-19,"Momenta Pharmaceuticals, Inc.",,Johnson & Johnson,JNJ,,Acquisition of Whole Company (incl. Majority Stake),Completed,2020-10-01,6343941457,Biotechnology,USA
SPTRD1761588,2020-08-19,"Wyoming, Colorado, and Utah Land Grant Assets of Occidental Petroleum Corporatio*",,Orion Mine Finance,,Occidental Petroleum Corporation,Acquisition of Asset or Branch,Completed,2020-10-19,1330000000,Oil and Gas Exploration and Production,USA
SPTRD1760964,2020-08-17,Principia Biopharma Inc.*,,Sanofi,SNY,Investor Group,Acquisition of Whole Company (incl. Majority Stake),Completed,2020-09-25,3679630298,Biotechnology,USA
SPTRD1760549,2020-08-13,"Vertafore, Inc.*",,"Roper Technologies, Inc.",ROP,Investor group,Acquisition of Whole Company (incl. Majority Stake),Completed,2020-09-03,5398600000,Insurance Technology,USA
SPTRD1761409,2020-08-12,WCA Waste Corporation,,GFL Environmental Inc.,GFL,Macquarie Group Ltd.,Acquisition of Whole Company (incl. Majority Stake),Completed,2020-10-01,1212000000,Environmental and Facilities Services,USA
SPTRD1759250,2020-08-06,"GCI Liberty, Inc.",,"Liberty Broadband Corporation, Inc.",LBRDA,,Acquisition of Whole Company (incl. Majority Stake),Completed,2020-12-18,10523978183,Alternative Carriers,USA
SPTRD1759274,2020-08-06,"Ellie Mae, Inc.*",,"Intercontinental Exchange, Inc.",ICE,"Thoma Bravo, LLC",Acquisition of Whole Company (incl. Majority Stake),Completed,2020-09-04,11145236561,Banking Technology,USA
SPTRD1758808,2020-08-05,Ancestry.com LLC,,The Blackstone Group Inc.,BX,Investor group,Acquisition of Whole Company (incl. Majority Stake),Completed,2020-12-04,4700000000,Interactive Media and Services,USA
SPTRD1758050,2020-08-03,"Paya, Inc.*",,FinTech Acquisition Corp. III,,GTCR LLC,Acquisition of Whole Company (incl. Majority Stake),Completed,2020-10-15,1185000000,Payment Processors,USA
SPTRD1757867,2020-08-02,Speedway LLC,,"7-Eleven, Inc.",,Investor Group,Acquisition of Whole Company (incl. Majority Stake),Completed,2021-05-14,21000000000,Automotive Retail,USA
SPTRD1757876,2020-08-02,"Varian Medical Systems, Inc.",,Siemens Healthineers AG,,Investor Group,Acquisition of Whole Company (incl. Majority Stake),Completed,2021-04-15,16429463918,Health Care Equipment,USA
SPTRD1756877,2020-07-27,Optimal Blue LLC*,,Investor group,,GTCR LLC,Acquisition of Whole Company (incl. Majority Stake),Completed,2020-09-15,1828100000,Financial Media and Data Solutions,USA
SPTRD1756914,2020-07-27,"dMY Technology Group, Inc.",,"Rush Street Interactive, Inc.",RSI,,Acquisition of Whole Company (incl. Majority Stake),Completed,2020-12-29,1725000000,Asset Management,USA
SPTRD1755699,2020-07-20,"Noble Energy, Inc.",,Chevron Corporation,CVX,,Acquisition of Whole Company (incl. Majority Stake),Completed,2020-10-05,4153897496,Oil and Gas Exploration and Production,USA
SPTRD1754696,2020-07-15,Fortress Value Acquisition Corp.,,MP Materials Corp.,MP,Fortress Acquisition Sponsor LLC,Acquisition of Whole Company (incl. Majority Stake),Completed,2020-11-17,1048013780,Asset Management,USA
SPTRD1752269,2020-07-13,Churchill Capital Corp III*,,"MultiPlan, Inc.",,,Acquisition of Whole Company (incl. Majority Stake),Completed,2020-10-08,5696000000,Asset Management,USA
SPTRD1752271,2020-07-13,"Maxim Integrated Products, Inc.",,"Analog Devices, Inc.",ADI,Investor Group,Acquisition of Whole Company (incl. Majority Stake),Completed,2021-08-26,28706596256,Semiconductors,USA
SPTRD1759176,2020-07-13,"New Hanover Regional Medical Center, Inc.",,"Novant Health, Inc.",,"County of New Hanover, North Carolina",Acquisition of Whole Company (incl. Majority Stake),Completed,2021-02-01,1500000000,Health Care Facilities,USA
SPTRD1751121,2020-07-07,National General Holdings Corporation,,"Allstate Insurance Holdings, LLC",,,Acquisition of Whole Company (incl. Majority Stake),Completed,2021-01-04,3727480440,Multiline,USA
SPTRD1750865,2020-07-06,Postmates Inc.,,"Uber Technologies, Inc.",UBER,,Acquisition of Whole Company (incl. Majority Stake),Completed,2020-12-01,3496141398,Application Software,USA
SPTRD1750948,2020-07-06,"Vivint Solar, Inc.",,SunRun Inc.,RUN,,Acquisition of Whole Company (incl. Majority Stake),Completed,2020-10-08,5924964589,Electrical Components and Equipment: Light,USA
SPTRD1750690,2020-07-05,"Natural gas transmission and storage business of Dominion Energy, Inc.",,Berkshire Hathaway Energy Company,,"Dominion Energy, Inc.",Acquisition of Asset or Branch,Completed,2020-11-01,2700000000,Oil and Gas Storage and Transportation,USA
SPTRD1750407,2020-07-02,Graf Industrial Corp.,,"Velodyne Lidar, Inc.",,,Acquisition of Whole Company (incl. Majority Stake),Completed,2020-09-29,2081319318,Asset Management,USA
SPTRD1749942,2020-06-30,MYOS RENS Technology Inc.,,MedAvail Inc.,,,Acquisition of Whole Company (incl. Majority Stake),Completed,2020-11-17,3908018966,Personal Care and Beauty Products: Producers,USA
SPTRD1749460,2020-06-29,Personal Capital Corporation,,"Empower Retirement, LLC",,Investor group,Acquisition of Whole Company (incl. Majority Stake),Completed,2020-08-17,1000000000,Investment and Capital Markets Technology,USA
SPTRD1750231,2020-06-26,"Zoox, Inc.",,"Amazon.com, Inc.",AMZN,,Acquisition of Whole Company (incl. Majority Stake),Completed,2020-09-18,1300000000,Automobile Manufacturers,USA
SPTRD1749237,2020-06-25,MDC Partners Inc.*,,Stagwell Group LLC,STGW,,Acquisition of Whole Company (incl. Majority Stake),Completed,2021-08-02,1763690000,Advertising,USA
SPTRD1748221,2020-06-22,"ArcherDx, Inc.*",,Invitae Corporation,,Investor Group,Acquisition of Whole Company (incl. Majority Stake),Completed,2020-10-02,1391470000,Biotechnology,USA
SPTRD1747786,2020-06-19,Tortoise Acquisition Corp.,,"Hyliion, Inc.",HYLN,,Acquisition of Whole Company (incl. Majority Stake),Completed,2020-10-01,1022000000,"Holding Companies, Patent Owners, and Trusts or Estates",USA
SPTRD1746367,2020-06-11,"Corvidia Therapeutics, Inc.*",,Novo Nordisk A/S,NVO,Investor Group,Acquisition of Whole Company (incl. Majority Stake),Completed,2020-07-31,2100000000,Biotechnology,USA
SPTRD1746310,2020-06-10,Grubhub Inc.,,Just Eat Takeaway.com N.V.,,,Acquisition of Whole Company (incl. Majority Stake),Completed,2021-06-15,5851339608,Other Specialty Retail,USA
SPTRD1732695,2020-05-11,Alacer Gold Corp.,,SSR Mining Inc.,SSRM,,Acquisition of Whole Company (incl. Majority Stake),Completed,2020-09-16,2187475843,Gold,USA
SPTRD1732918,2020-05-11,"Professional Beauty and Retail Hair Businesses Including the Wella, Clairol, OPI",,KKR & Co. Inc.,KKR,Coty Inc.,Acquisition of Asset or Branch,Completed,2020-11-30,3500000000,Personal Care and Beauty Products: Producers,USA
SPTRD1731658,2020-05-05,"Portola Pharmaceuticals, Inc.",,"Alexion Pharmaceuticals, Inc.",,,Acquisition of Whole Company (incl. Majority Stake),Completed,2020-07-01,1403384078,Biotechnology,USA
SPTRD1730939,2020-04-30,Magellan Complete Care line of business,,"Molina Healthcare, Inc.",MOH,"Magellan Health, Inc.",Acquisition of Asset or Branch,Completed,2020-12-31,1008000000,Managed Care,USA
SPTRD1723270,2020-04-07,"Galileo Financial Technologies, Inc.*",,"Social Finance, Inc.",,,Acquisition of Whole Company (incl. Majority Stake),Completed,2020-05-14,1200000000,Payment Processors,USA
SPTRD1720884,2020-03-25,Portfolio of Non-Agency Securities,,Undisclosed buyer,,Two Harbors Investment Corp.,Acquisition of Asset or Branch,Completed,2020-03-25,1700000000,Mortgage REIT,USA
SPTRD1714088,2020-03-11,"Rockstar, Inc.",,"PepsiCo, Inc.",PEP,,Acquisition of Whole Company (incl. Majority Stake),Completed,2020-04-24,4700000000,Soft Drinks and Non-alcoholic Beverages,USA
SPTRD1713903,2020-03-10,U.S. State and Local Health and Human Services business of DXC Technology Compan*,,"Veritas Capital Fund Management, L.L.C",,DXC Technology Company,Acquisition of Asset or Branch,Completed,2020-10-01,5000000000,IT Consulting and Other Services,USA
SPTRD1712074,2020-03-03,VectoIQ Acquisition Corp.,,Nikola Corporation,,,Acquisition of Whole Company (incl. Majority Stake),Completed,2020-06-03,2866935758,Asset Management,USA
SPTRD1711832,2020-03-02,"Mobile Mini, Inc.*",,WillScot Corporation,WSC,,Acquisition of Whole Company (incl. Majority Stake),Completed,2020-07-01,1311889743,Diversified Support Services,USA
SPTRD1711874,2020-03-02,"Forty Seven, Inc.*",,"Gilead Sciences, Inc.",GILD,Investor Group,Acquisition of Whole Company (incl. Majority Stake),Completed,2020-04-06,4949381118,Biotechnology,USA
SPTRD1711435,2020-02-27,"EQM Midstream Partners, LP",,Equitrans Midstream Corporation,,,Acquisition of Minority Stake,Completed,2020-06-17,1783489219,Oil and Gas Storage and Transportation,USA
SPTRD1711083,2020-02-26,All assets of Bay State Gas Company,,Eversource Energy,ES,NiSource Inc.,Acquisition of Asset or Branch,Completed,2020-10-09,1112600000,Gas Utilities,USA
SPTRD1710856,2020-02-25,"Vlocity, Inc.*",,"salesforce.com, inc.",,Investor Group,Acquisition of Whole Company (incl. Majority Stake),Completed,2020-06-01,1172000000,Application Software,USA
SPTRD1710533,2020-02-24,"Credit Karma, Inc.*",,Intuit Inc.,INTU,,Acquisition of Whole Company (incl. Majority Stake),Completed,2020-12-03,8128017000,Financial Media and Data Solutions,USA
SPTRD1710539,2020-02-24,"Saba Software, Inc.*",,"Cornerstone OnDemand, Inc.",,,Acquisition of Whole Company (incl. Majority Stake),Completed,2020-04-22,1294877523,Application Software,USA
SPTRD1709932,2020-02-20,E*TRADE Financial Corporation,,Morgan Stanley,MS,,Acquisition of Whole Company (incl. Majority Stake),Completed,2020-10-02,11017491576,"Investment Banks, Brokers and Capital Markets",USA
SPTRD1819690,2020-02-20,Portfolio of Private Student Loans of SLM Corporation,,Magnolia Parent LLC,,SLM Corporation,Acquisition of Asset or Branch,Completed,2020-02-20,1000000000,Specialty Finance: Consumer Focused,USA
SPTRD1709379,2020-02-18,"Legg Mason, Inc.",,"Franklin Resources, Inc.",BEN,,Acquisition of Whole Company (incl. Majority Stake),Completed,2020-07-31,4443148550,Asset Management,USA
SPTRD1709405,2020-02-18,RSA Security LLC*,,Investor Group,,Dell Technologies Inc.,Acquisition of Whole Company (incl. Majority Stake),Completed,2020-09-01,2075000000,Systems Software,USA
SPTRD1709149,2020-02-14,"Sb Capital Management, Inc.",,Newlife Investment Group,,,Acquisition of Whole Company (incl. Majority Stake),Completed,2021-02-05,1000000000,Asset Management,USA
SPTRD1705095,2020-02-10,"Taubman Centers, Inc.",,"Simon Property Group, LP",SPG,,Acquisition of Whole Company (incl. Majority Stake),Completed,2020-12-29,3818511430,Retail REIT,USA
SPTRD1704497,2020-02-06,U.S. Federal Business of Unisys Corporation,,Science Applications International Corporation,SAIC,Unisys Corporation,Acquisition of Asset or Branch,Completed,2020-03-13,1200000000,IT Consulting and Other Services,USA
SPTRD1704544,2020-02-06,"Forescout Technologies, Inc.*",,Investor Group,,Investor Group,Acquisition of Whole Company (incl. Majority Stake),Completed,2020-08-14,1624883067,Systems Software,USA
SPTRD1703104,2020-01-30,Navistar International Corporation*,,Dusk Inc.,,Investor Group,Acquisition of Whole Company (incl. Majority Stake),Completed,2021-07-01,3734692004,Machinery and Equipment: Construction and Heavy Transportation,USA
SPTRD1702725,2020-01-29,"Consolidated Aerospace Manufacturing, LLC*",,"Stanley Black & Decker, Inc.",SWK,Tinicum Incorporated,Acquisition of Whole Company (incl. Majority Stake),Completed,2020-02-24,1500000000,Aerospace and Defense,USA
SPTRD1702052,2020-01-27,CenterState Bank Corporation,,South State Corporation,,,Acquisition of Whole Company (incl. Majority Stake),Completed,2020-06-07,2267804256,Bank,USA
SPTRD1701812,2020-01-24,Cincinnati Bell Inc.,,Macquarie Infrastructure and Real Assets Inc.,,,Acquisition of Whole Company (incl. Majority Stake),Completed,2021-09-07,813116592,Integrated Telecommunication Services,USA
SPTRD1701152,2020-01-22,"Duff & Phelps, LLC*",,Investor group,,Permira Holdings Limited,Acquisition of Whole Company (incl. Majority Stake),Completed,2020-04-09,4200000000,Research and Consulting Services,USA
SPTRD1697419,2020-01-20,Military Global Positioning System Business Of Collins Aerospace,,BAE Systems plc,,Collins Aerospace,Acquisition of Asset or Branch,Completed,2020-07-31,1925000000,Aerospace and Defense,USA
SPTRD1691759,2020-01-16,Far Point Acquisition Corporation,,Global Blue Group AG,,Third Point LLC,Acquisition of Whole Company (incl. Majority Stake),Completed,2020-08-28,2100650125,Asset Management,USA
SPTRD1691873,2020-01-15,36 Apartment Properties Portfolio,,"Harbor Group International, LLC",,Aragon Holdings LLC,Acquisition of Asset or Branch,Completed,2020-01-15,1850000000,Real Estate Operating and Management,USA
SPTRD1682496,2020-01-13,"TerraForm Power, Inc.",,Brookfield Renewable Partners L.P.,BEP,,Acquisition of Minority Stake,Completed,2020-07-31,1681642996,Renewable Electricity,USA
SPTRD1682252,2020-01-12,"InTouch Technologies, Inc.*",,"Teladoc Health, Inc.",TDOC,Investor Group,Acquisition of Whole Company (incl. Majority Stake),Completed,2020-07-01,1035364000,Health Care Technology,USA
SPTRD1678829,2020-01-07,"AmeriLife Group, LLC*",,Investor group,,J.C. Flowers & Co. LLC,Acquisition of Whole Company (incl. Majority Stake),Completed,2020-03-18,1000000000,Insurance Broker,USA
SPTRD1678255,2020-01-06,Armis Inc.*,,Investor Group,,Investor Group,Acquisition of Whole Company (incl. Majority Stake),Completed,2020-02-11,1100000000,Systems Software,USA
SPTRD1676029,2019-12-31,"Universal Music Group, Inc.",,Investor group,,Vivendi SA,Acquisition of Minority Stake,Completed,2020-03-31,3309796998,Movies and Entertainment,USA
SPTRD1674029,2019-12-24,Anixter International Inc.*,,"WESCO International, Inc.",WCC,Equity Group Investments,Acquisition of Whole Company (incl. Majority Stake),Completed,2020-06-22,3693514618,Technology Distributors,USA
SPTRD1673366,2019-12-23,AquaVenture Holdings Limited*,,Culligan International Company,,,Acquisition of Whole Company (incl. Majority Stake),Completed,2020-03-30,911198578,Water Utilities,USA
SPTRD1702931,2019-12-23,Texas Express Pipeline*,,Investor group,,Enbridge Inc.,Acquisition of Asset or Branch,Completed,2019-12-23,1080000000,Oil and Gas Storage and Transportation,USA
SPTRD1671603,2019-12-19,ChampionX Holding Inc.,,Apergy Corporation,,Nalco Champion LLC,Acquisition of Asset or Branch,Completed,2020-06-03,1283441401,Commodity Chemicals,USA
SPTRD1671658,2019-12-19,TiVo Corporation,,Xperi Corporation,XPER,,Acquisition of Whole Company (incl. Majority Stake),Completed,2020-06-01,840632218,Systems Software,USA
SPTRD1670699,2019-12-18,"Individual Life Business and Other Closed Blocks of Voya Financial, Inc.",,Resolution Life Group Holdings LP,,"Voya Financial, Inc.",Acquisition of Asset or Branch,Completed,2021-01-04,1127000000,Life and Health,USA
SPTRD1670931,2019-12-18,Cigna’s group life and disability insurance business,,New York Life Insurance Company,,Cigna Corporation,Acquisition of Asset or Branch,Completed,2020-12-31,6300000000,Life and Health,USA
SPTRD1670351,2019-12-17,"Dynetics, Inc.",,"Leidos, Inc.",LDOS,,Acquisition of Whole Company (incl. Majority Stake),Completed,2020-01-31,1650000000,Aerospace and Defense,USA
SPTRD1670545,2019-12-17,"LogMeIn, Inc.*",,Investor Group,,,Acquisition of Whole Company (incl. Majority Stake),Completed,2020-08-31,4367720398,Application Software,USA
SPTRD1669636,2019-12-16,"Felix Energy, LLC*",,"WPX Energy, Inc.",,EnCap Investments L.P.,Acquisition of Whole Company (incl. Majority Stake),Completed,2020-03-06,2133646271,Oil and Gas Exploration and Production,USA
SPTRD1668881,2019-12-15,"Nutrition & Biosciences business of DuPont de Nemours, Inc.",,International Flavors & Fragrances Inc.,IFF,"DuPont de Nemours, Inc.",Acquisition of Asset or Branch,Completed,2021-02-01,15971713739,Biotechnology,USA
SPTRD1669803,2019-12-12,"21st Century Oncology, Inc.*",,Genesis Care Pty Limited,,Investor Group,Acquisition of Whole Company (incl. Majority Stake),Completed,2020-05-15,1050000000,Health Care Services,USA
SPTRD1662215,2019-12-11,U.S. Ice Cream Business Of Nestlé S.A.*,,Froneri International Limited,,Nestlé S.A.,Acquisition of Asset or Branch,Completed,2020-01-31,4000000000,Packaged Foods and Meats Producers,USA
SPTRD1660426,2019-12-09,"Synthorx, Inc.*",,Sanofi,SNY,Investor Group,Acquisition of Whole Company (incl. Majority Stake),Completed,2020-01-23,2455832752,Biotechnology,USA
SPTRD1660798,2019-12-09,"ArQule, Inc.*",,Merck Sharp & Dohme Corp.,,Pontifax Venture Capital,Acquisition of Whole Company (incl. Majority Stake),Completed,2020-01-15,2625758398,Biotechnology,USA
SPTRD1658543,2019-12-04,"Instructure Holdings, Inc.*",,"Thoma Bravo, L.P.",,Investor Group,Acquisition of Whole Company (incl. Majority Stake),Completed,2020-03-20,2019988626,Application Software,USA
SPTRD1657684,2019-12-03,AK Steel Holding Corporation,,Cleveland-Cliffs Inc.,CLF,,Acquisition of Whole Company (incl. Majority Stake),Completed,2020-03-13,515732946,Steel,USA
SPTRD1657361,2019-12-02,"Audentes Therapeutics, Inc.*",,"Astellas US Holding, Inc.",,Investor Group,Acquisition of Whole Company (incl. Majority Stake),Completed,2020-01-14,2973343370,Biotechnology,USA
SPTRD1655570,2019-11-27,AVX Corporation,,Kyocera Corporation,,,Acquisition of Minority Stake,Completed,2020-03-27,1046106510,Electronic Components,USA
SPTRD1654429,2019-11-25,TD Ameritrade Holding Corporation,,Charles Schwab Corporation,,,Acquisition of Whole Company (incl. Majority Stake),Completed,2020-10-06,21761072587,"Investment Banks, Brokers and Capital Markets",USA
SPTRD1654723,2019-11-25,"Fortitude Group Holdings, LLC*",,Investor group,,"American International Group, Inc.",Acquisition of Whole Company (incl. Majority Stake),Completed,2020-06-02,1800000000,Reinsurance,USA
SPTRD1655044,2019-11-25,"StubHub, Inc.",STUB,viagogo Entertainment Inc,,eBay Inc.,Acquisition of Whole Company (incl. Majority Stake),Completed,2020-02-13,4050000000,Other Specialty Retail,USA
SPTRD1654242,2019-11-24,The Medicines Company*,,Novartis AG,NVS,"Eshelman Ventures, LLC",Acquisition of Whole Company (incl. Majority Stake),Completed,2020-01-03,9677945967,Biotechnology,USA
SPTRD1652543,2019-11-20,Honey Science Corporation,,"PayPal Holdings, Inc.",PYPL,,Acquisition of Whole Company (incl. Majority Stake),Completed,2020-01-03,4000000000,Interactive Media and Services,USA
SPTRD1676510,2019-11-20,Optical Fiber of Triple T Broadband Public Company Limited,,Jasmine International Public Company Limited,,Triple T Broadband Public Company Limited,Acquisition of Asset or Branch,Completed,2019-11-20,1258486508,Diversified Metals and Mining,USA
SPTRD1649785,2019-11-15,"Promedior, Inc.*",,Roche Holding AG,,Investor Group,Acquisition of Whole Company (incl. Majority Stake),Completed,2020-02-13,1390000000,Biotechnology,USA
SPTRD1649786,2019-11-14,Onshore midstream gathering assets,,Noble Midstream Partners LP,,"Noble Energy, Inc.",Acquisition of Asset or Branch,Completed,2019-11-14,1541006158,Oil and Gas Storage and Transportation,USA
SPTRD1648553,2019-11-13,Tech Data Corporation,,"Apollo Global Management, Inc.",APO,,Acquisition of Whole Company (incl. Majority Stake),Completed,2020-06-30,5262425985,Technology Distributors,USA
SPTRD1676055,2019-11-13,".org, The Public Interest Registry*",,"Ethos Capital, L.L.C.",,Internet Society,Acquisition of Whole Company (incl. Majority Stake),Completed,2020-05-04,1135000000,Interactive Media and Services,USA
SPTRD1647962,2019-11-12,"Continental Building Products, Inc.*",,"CertainTeed Gypsum & Ceiling USA, Inc.",,"Lone Star Americas Acquisitions, Inc.",Acquisition of Whole Company (incl. Majority Stake),Completed,2020-02-03,1300561733,Building Products,USA
SPTRD1647035,2019-11-11,"Carbonite, Inc.",,Open Text Corporation,OTEX,PenderFund Capital Management Ltd.,Acquisition of Whole Company (incl. Majority Stake),Completed,2019-12-24,847870449,Internet Services and Infrastructure,USA
SPTRD1647179,2019-11-11,KEMET Corporation,,Yageo Corporation,,,Acquisition of Whole Company (incl. Majority Stake),Completed,2020-06-15,1628653132,Electronic Manufacturing Services,USA
SPTRD1644361,2019-11-06,Aircastle Limited,,Investor group,,,Acquisition of Whole Company (incl. Majority Stake),Completed,2020-03-27,1736595840,Trading Companies and Distributors,USA
SPTRD1646104,2019-11-06,William Lyon Homes,,Taylor Morrison Home Corporation,TMHC,,Acquisition of Whole Company (incl. Majority Stake),Completed,2020-02-06,950900968,Homebuilding Producers,USA
SPTRD1897424,2019-11-06,WCG Holding IV Inc./WCG Market Intelligence & Insights Inc.,,"WCG Clinical, Inc.",,WCG Holding IV LLC,Acquisition of Whole Company (incl. Majority Stake),Completed,2020-01-07,3203465000,Unclassified,USA
SPTRD1643284,2019-11-04,IBERIABANK Corporation,,First Horizon National Corporation,,,Acquisition of Whole Company (incl. Majority Stake),Completed,2020-07-01,2419080317,Bank,USA
SPTRD1643311,2019-11-04,Pattern Energy Group Inc.*,,Canada Pension Plan Investment Board,,,Acquisition of Whole Company (incl. Majority Stake),Completed,2020-03-16,2633661891,Renewable Electricity,USA
SPTRD1642456,2019-11-01,"Fitbit, Inc.",,Google LLC,,,Acquisition of Whole Company (incl. Majority Stake),Completed,2021-01-14,2130741672,Electronic Equipment and Instruments,USA
SPTRD1640911,2019-10-28,Tiffany & Co.,,"LVMH Moët Hennessy - Louis Vuitton, Société Européenne",,Investor Group,Acquisition of Whole Company (incl. Majority Stake),Completed,2021-01-07,16234158189,Other Specialty Retail,USA
SPTRD1640698,2019-10-27,Liberty Property Trust,,"Prologis, Inc.",PLD,,Acquisition of Whole Company (incl. Majority Stake),Completed,2020-02-04,9858436410,Diversified REIT,USA
SPTRD1633389,2019-10-22,Carey Watermark Investors 2 Incorporated*,,Carey Watermark Investors Incorporated,,,Acquisition of Whole Company (incl. Majority Stake),Completed,2020-04-13,1483880379,Diversified REIT,USA
SPTRD1659715,2019-10-22,Cision Ltd.,,"Platinum Equity Advisors, LLC",,,Acquisition of Whole Company (incl. Majority Stake),Completed,2020-01-31,1528279190,Application Software,USA
SPTRD1630591,2019-10-21,Rabipur/RabAvert and Encepur Travel Vaccines of GlaxoSmithKline plc,,Bavarian Nordic A/S,,GlaxoSmithKline plc,Acquisition of Asset or Branch,Completed,2019-12-31,1078631520,Pharmaceuticals,USA
SPTRD1630711,2019-10-21,"Innophos Holdings, Inc.*",,Iris Parent LLC,,,Acquisition of Whole Company (incl. Majority Stake),Completed,2020-02-07,634423377,Specialty Chemicals,USA
SPTRD1630816,2019-10-21,Santander BanCorp,,FirstBank Puerto Rico,,"Santander Holdings USA, Inc.",Acquisition of Whole Company (incl. Majority Stake),Completed,2020-09-01,1277600000,Bank,USA
SPTRD1639529,2019-10-21,"Dominion Energy Cove Point LNG, LP",,Brookfield Asset Management Inc.,BAM,"Dominion Energy, Inc.",Acquisition of Minority Stake,Completed,2019-12-20,2078000000,Oil and Gas Storage and Transportation,USA
SPTRD1629511,2019-10-18,Gathering system and gathering pipeline,,DTE Energy Company,DTE,Investor group,Acquisition of Asset or Branch,Completed,2019-12-04,2650000000,Oil and Gas Storage and Transportation,USA
SPTRD1628089,2019-10-16,"Achillion Pharmaceuticals, Inc.",,"Alexion Pharmaceuticals, Inc.",,,Acquisition of Whole Company (incl. Majority Stake),Completed,2020-01-28,1230933346,Biotechnology,USA
SPTRD1627623,2019-10-15,"Cooper Lighting, LLC",,Signify N.V.,,Eaton Corporation plc,Acquisition of Whole Company (incl. Majority Stake),Completed,2020-03-02,1400000000,Electrical Components and Equipment: Light,USA
SPTRD1675451,2019-10-15,"CLP Healthcare Services, Inc.*",,Investor Group,,Investor Group,Acquisition of Whole Company (incl. Majority Stake),Completed,2020-04-17,1000000000,Health Care Facilities,USA
SPTRD1812248,2019-10-15,Bellagio Real Estate Assets*,,"Blackstone Real Estate Income Trust, Inc.",,MGM Resorts International,Acquisition of Asset or Branch,Completed,2019-11-15,4250000000,Real Estate Operating and Management,USA
SPTRD1626810,2019-10-14,AECOM Management Services Inc.*,,Investor Group,,AECOM,Acquisition of Whole Company (incl. Majority Stake),Completed,2020-01-31,2350000000,Aerospace and Defense,USA
SPTRD1626849,2019-10-14,Jagged Peak Energy Inc.*,,"Parsley Energy, Inc.",,"Quantum Energy Partners, LLC",Acquisition of Whole Company (incl. Majority Stake),Completed,2020-01-10,1805577674,Oil and Gas Exploration and Production,USA
SPTRD1625287,2019-10-10,"Ra Pharmaceuticals, Inc.*",,UCB SA,,Investor Group,Acquisition of Whole Company (incl. Majority Stake),Completed,2020-04-02,2458562351,Biotechnology,USA
SPTRD1624932,2019-10-09,Beach Holding Corporation,,Leo Cable LP,,AT&T Inc.,Acquisition of Whole Company (incl. Majority Stake),Completed,2020-10-31,1950000000,Integrated Telecommunication Services,USA
SPTRD1622562,2019-10-03,"Privilege Underwriters, Inc.*",,"HCC Insurance Holdings, Inc.",,Investor group,Acquisition of Whole Company (incl. Majority Stake),Completed,2020-02-07,3100000000,Property and Casualty,USA
SPTRD1622210,2019-10-01,"Roan Resources, Inc.",,"Citizen Energy Operating, LLC",,Investor Group,Acquisition of Whole Company (incl. Majority Stake),Completed,2019-12-06,236288366,Oil and Gas Exploration and Production,USA
SPTRD1623192,2019-10-01,Big River Steel LLC,,United States Steel Corporation,,Investor Group,Acquisition of Minority Stake,Completed,2019-10-31,1107167325,Steel,USA
SPTRD1621335,2019-09-30,Central Penn pipeline,,"NextEra Energy Partners, LP",,Investor group,Acquisition of Asset or Branch,Completed,2019-11-13,1280000000,Oil and Gas Storage and Transportation,USA
SPTRD1621408,2019-09-30,"Brand Industrial Services, Inc.*",,Brookfield Business Corporation,BBUC,"Clayton, Dubilier & Rice, LLC",Acquisition of Minority Stake,Completed,2020-01-31,1300000000,Construction and Engineering,USA
SPTRD1812329,2019-09-30,"CIR III-1 REIT and ColFin Cobalt REIT, Inc.*",,Blackstone Inc.,BX,"Colony Capital, Inc.",Acquisition of Whole Company (incl. Majority Stake),Completed,2019-12-10,5700000000,Unclassified,USA
SPTRD1726749,2019-09-26,29 Million Square Foot Portfolio*,,Nuveen Investment Management Holdings Limited,,Blackstone Inc.,Acquisition of Asset or Branch,Completed,2019-09-26,3000000000,Real Estate Operating and Management,USA
SPTRD1619810,2019-09-24,"Acquia, Inc.*",,"Vista Equity Partners Management, LLC",,Investor Group,Acquisition of Whole Company (incl. Majority Stake),Completed,2019-11-30,1000000000,Application Software,USA
SPTRD1616906,2019-09-16,"Alder Biopharmaceuticals, Inc.*",,H. Lundbeck A/S,,Investor Group,Acquisition of Whole Company (incl. Majority Stake),Completed,2019-10-22,1841101240,Biotechnology,USA
SPTRD1616907,2019-09-16,SemGroup Corporation*,,Energy Transfer LP,ET,,Acquisition of Whole Company (incl. Majority Stake),Completed,2019-12-05,1377808245,Oil and Gas Storage and Transportation,USA
SPTRD1616118,2019-09-12,"Promontory Interfinancial Network, LLC*",,Blackstone Inc.,BX,The Bank of New York Mellon Corporation,Acquisition of Whole Company (incl. Majority Stake),Completed,2019-11-08,2500000000,Specialty Finance: Commercial Focused,USA
SPTRD1614840,2019-09-09,Aviation Capital Group LLC,,"TC Skyward Aviation U.S., Inc.",,Pacific Mutual Holding Company,Acquisition of Whole Company (incl. Majority Stake),Completed,2019-12-05,5983000000,Trading Companies and Distributors,USA
SPTRD1613810,2019-09-05,"Assurance IQ, Inc.",,"Prudential Financial, Inc.",PRU,,Acquisition of Whole Company (incl. Majority Stake),Completed,2019-10-10,2312000000,Insurance Technology,USA
SPTRD1612879,2019-09-03,APi Group Inc.,APG,J2 Acquisition Limited,,,Acquisition of Whole Company (incl. Majority Stake),Completed,2019-10-01,3129474022,Construction and Engineering,USA
SPTRD1645480,2019-09-03,454 Single-Tenant Properties,,Realty Income Corporation,O,Investor Group,Acquisition of Asset or Branch,Completed,2020-04-01,1116835296,Unclassified,USA
SPTRD1612277,2019-08-30,Kansas City Royals Baseball Corporation,,Private Investor,,,Acquisition of Whole Company (incl. Majority Stake),Completed,2019-11-25,1000000000,Movies and Entertainment,USA
SPTRD1610878,2019-08-27,All Alaska Operations of BP p.l.c. and BP Pipelines (Alaska) Inc.,,Hilcorp Alaska LLC,,Investor Group,Acquisition of Asset or Branch,Completed,2020-12-18,5600000000,Unclassified,USA
SPTRD1611216,2019-08-27,"Tallgrass Energy, LP*",,Investor group,,,Acquisition of Whole Company (incl. Majority Stake),Completed,2020-04-17,3501754278,Oil and Gas Storage and Transportation,USA
SPTRD1610245,2019-08-26,SRC Energy Inc.,,"PDC Energy, Inc.",,,Acquisition of Whole Company (incl. Majority Stake),Completed,2020-01-14,1009139581,Oil and Gas Exploration and Production,USA
SPTRD1610260,2019-08-26,Worldwide Rights to Otezla of Celgene Corporation,,Amgen Inc.,AMGN,Celgene Corporation,Acquisition of Asset or Branch,Completed,2019-11-20,13400000000,Biotechnology,USA
SPTRD1609719,2019-08-22,"Carbon Black, Inc.*",,VMware LLC,,Atlas Venture L.P.,Acquisition of Whole Company (incl. Majority Stake),Completed,2019-10-07,2194586443,Systems Software,USA
SPTRD1609789,2019-08-22,"Pivotal Software, Inc.",,VMware LLC,,Investor Group,Acquisition of Whole Company (incl. Majority Stake),Completed,2019-12-30,3107654501,Application Software,USA
SPTRD1608983,2019-08-21,Cochin US pipeline system*,,Pembina U.S. Corporation,,"Kinder Morgan, Inc.",Acquisition of Asset or Branch,Completed,2019-12-16,1546000000,Oil and Gas Storage and Transportation,USA
SPTRD1609248,2019-08-21,"SignalFx, Inc.*",,Splunk Inc.,,Investor Group,Acquisition of Whole Company (incl. Majority Stake),Completed,2019-10-01,1050000000,Application Software,USA
SPTRD1609330,2019-08-21,"Quest Nutrition, LLC",,"Atkins Nutritionals Holdings, Inc.",,,Acquisition of Whole Company (incl. Majority Stake),Completed,2019-11-07,1000000000,Packaged Foods and Meats Producers,USA
SPTRD1606976,2019-08-14,"Presidio, Inc.*",,BC Partners LLP,,"AP VIII Aegis Holdings, L.P.",Acquisition of Whole Company (incl. Majority Stake),Completed,2019-12-19,1459627999,IT Consulting and Other Services,USA
SPTRD1606450,2019-08-13,Mutual of Omaha Bank*,,"CIT Bank, National Association",,"Omaha Financial Holdings, Inc.",Acquisition of Whole Company (incl. Majority Stake),Completed,2020-01-01,1000000000,Bank,USA
SPTRD1606648,2019-08-13,Viacom Inc.,,CBS Corporation,,,Acquisition of Whole Company (incl. Majority Stake),Completed,2019-12-04,10005138592,Movies and Entertainment,USA
SPTRD1606017,2019-08-12,"Trinity Merger Corp., PBRELF I, BRELF III, BRELF IV, MgCo l, MgCo ll, MgCo III a",,"BRELF II, LLC",,,Acquisition of Whole Company (incl. Majority Stake),Completed,2019-11-14,1198000000,Asset Management,USA
SPTRD1605739,2019-08-09,"Wesco Aircraft Holdings, Inc.*",,Pattonair Limited,,Investor Group,Acquisition of Whole Company (incl. Majority Stake),Completed,2020-01-09,1122726465,Trading Companies and Distributors,USA
SPTRD1605156,2019-08-08,"Corindus Vascular Robotics, Inc.*",,"Siemens Medical Solutions USA, Inc.",,Investor Group,Acquisition of Whole Company (incl. Majority Stake),Completed,2019-10-29,1101905837,Health Care Equipment,USA
SPTRD1605189,2019-08-08,iPipeline*,,"Roper Technologies, Inc.",ROP,"Thoma Bravo, LLC",Acquisition of Whole Company (incl. Majority Stake),Completed,2019-08-22,1625000000,Insurance Technology,USA
SPTRD1605332,2019-08-08,Enterprise security business of Symantec Corporation,,Broadcom Inc.,AVGO,Symantec Corporation,Acquisition of Asset or Branch,Completed,2019-11-04,10700000000,Systems Software,USA
SPTRD1604738,2019-08-07,Cambrex Corporation*,,Permira Advisers Ltd.,,Investor Group,Acquisition of Whole Company (incl. Majority Stake),Completed,2019-12-04,2053982269,Life Sciences Tools and Services,USA
SPTRD1604282,2019-08-06,"Steadfast Income REIT, Inc.",,"Steadfast Apartment REIT, Inc.",,,Acquisition of Whole Company (incl. Majority Stake),Completed,2020-03-06,695524750,Multi-Family Residential REIT,USA
SPTRD1603746,2019-08-05,"Gannett Co., Inc.",,New Media Investment Group Inc.,,,Acquisition of Whole Company (incl. Majority Stake),Completed,2019-11-18,1299311126,Publishing,USA
SPTRD1603031,2019-08-02,Arnott’s and certain of campbell’s international operations,,KKR & Co. Inc.,KKR,Campbell Soup Company,Acquisition of Asset or Branch,Completed,2019-12-23,2200000000,Packaged Foods and Meats Producers,USA
SPTRD1603053,2019-08-02,"Navigant Consulting, Inc.*",,Guidehouse LLP,,,Acquisition of Whole Company (incl. Majority Stake),Completed,2019-10-11,1125312058,Research and Consulting Services,USA
SPTRD1872118,2019-08-02,Manhattan Multifamily Portfolio,,Undisclosed Buyer,,Brookfield Property Partners L.P.,Acquisition of Asset or Branch,Completed,2019-10-23,1200000000,Real Estate Operating and Management,USA
SPTRD1602690,2019-07-31,"Infiltrator Water Technologies, LLC",,"Advanced Drainage Systems, Inc.",WMS,Ontario Teachers' Pension Plan Board,Acquisition of Whole Company (incl. Majority Stake),Completed,2019-07-31,1080000000,Machinery and Supplies and Components: Industrial,USA
SPTRD1609608,2019-07-31,"Thermal North America, Inc.",,Antin Infrastructure Partners US Services LLC,,Veolia Environnement S.A.,Acquisition of Asset or Branch,Completed,2019-12-30,1250000000,Electric Utilities,USA
SPTRD1637684,2019-07-30,"2,800 Manhattan Rental Apartments*",,Investor Group,,Investor Group,Acquisition of Asset or Branch,Completed,2019-11-01,1200000000,Real Estate Operating and Management,USA
SPTRD1601016,2019-07-29,"Genomic Health, Inc.",,Exact Sciences Corporation,,Baker Bros. Advisors LP,Acquisition of Whole Company (incl. Majority Stake),Completed,2019-11-08,2478872346,Biotechnology,USA
SPTRD1601026,2019-07-29,Exotic Metals Forming Company LLC,,Parker-Hannifin Corporation,PH,Investor Group,Acquisition of Whole Company (incl. Majority Stake),Completed,2019-09-16,1705566000,Aerospace and Defense,USA
SPTRD1600588,2019-07-26,"Prepaid businesses of T-Mobile US, Inc.",,DISH Network Corporation,,"T-Mobile US, Inc.",Acquisition of Asset or Branch,Completed,2020-07-01,1400000000,Wireless Telecommunication Services,USA
SPTRD1600173,2019-07-25,Smartphone modem business of Intel Corporation,,Apple Inc.,AAPL,Intel Corporation,Acquisition of Asset or Branch,Completed,2019-12-02,1000000000,Semiconductors,USA
SPTRD1600216,2019-07-25,Assets of USAA Investment Management Company,,Charles Schwab Corporation,,United Services Automobile Association,Acquisition of Asset or Branch,Completed,2020-05-26,1800000000,"Investment Banks, Brokers and Capital Markets",USA
SPTRD1812691,2019-07-16,Benchmark Senior Living Portfolio*,,KKR & Co. Inc.,KKR,Welltower Inc.,Acquisition of Asset or Branch,Completed,2019-07-16,1826000000,Health Care Facilities,USA
SPTRD1973809,2019-07-16,"Definitive Healthcare, LLC*",DH,Advent International Corporation,,,Acquisition of Whole Company (incl. Majority Stake),Completed,2019-07-16,1699612000,Health Care Technology,USA
SPTRD1596357,2019-07-15,"Carrizo Oil & Gas, Inc.",,Callon Petroleum Company,,,Acquisition of Whole Company (incl. Majority Stake),Completed,2019-12-20,794890040,Oil and Gas Exploration and Production,USA
SPTRD1596454,2019-07-15,Industrial Property Trust Inc.*,,"Prologis, Inc.",PLD,,Acquisition of Whole Company (incl. Majority Stake),Completed,2020-01-08,2214375483,Industrial REIT,USA
SPTRD1637207,2019-07-15,Real Estate of 11 Acute Care Hospitals and 2 Behavioral Health Facilities,,"MPT Operating Partnership, L.P.",,"Prospect Medical Holdings, Inc.",Acquisition of Asset or Branch,Completed,2019-08-23,1400000000,Health Care Facilities,USA
SPTRD1595713,2019-07-12,Milacron Holdings Corp.,,"Hillenbrand, Inc.",,,Acquisition of Whole Company (incl. Majority Stake),Completed,2019-11-21,1338188817,Machinery and Supplies and Components: Industrial,USA
SPTRD1595778,2019-07-12,"Tower International, Inc.",,"Autokiniton US Holdings, Inc.",,,Acquisition of Whole Company (incl. Majority Stake),Completed,2019-09-30,661743142,Automotive Parts and Equipment,USA
SPTRD1595285,2019-07-11,"BioTek Instruments, Inc.",,"Agilent Technologies, Inc.",A,,Acquisition of Whole Company (incl. Majority Stake),Completed,2019-08-23,1170000000,Electronic Equipment and Instruments,USA
SPTRD1594364,2019-07-09,"Acacia Communications, Inc.",,"Cisco Systems, Inc.",CSCO,,Acquisition of Whole Company (incl. Majority Stake),Completed,2021-03-01,5122887661,Communications Equipment,USA
SPTRD1592489,2019-07-03,NorthStar Realty Europe Corp.,,AXA Investment Managers - Real Assets,,,Acquisition of Whole Company (incl. Majority Stake),Completed,2019-09-30,885954500,Office REIT,USA
SPTRD1592115,2019-07-02,Columbia Midstream Group LLC,,"UGI Appalachia, LLC",,TC Energy Corporation,Acquisition of Whole Company (incl. Majority Stake),Completed,2019-08-01,1187000000,Oil and Gas Storage and Transportation,USA
SPTRD1590957,2019-07-01,Reinhart FoodService L.L.C./Associated Real Estate Companies,,Performance Food Group Company,PFGC,Investor Group,Acquisition of Whole Company (incl. Majority Stake),Completed,2019-12-30,2000000000,Food Distributors,USA
SPTRD1591056,2019-07-01,Genesee & Wyoming Inc.*,,Investor Group,,"Blue Harbour Group, L.P.",Acquisition of Whole Company (incl. Majority Stake),Completed,2019-12-30,6461125029,Rail Transportation,USA
SPTRD1636853,2019-06-28,Two Class A Office Buildings in Seattle,,Equity Office Properties Trust,,"Ivanhoé Cambridge, Inc.",Acquisition of Asset or Branch,Completed,2019-06-28,1200000000,Real Estate Operating and Management,USA
SPTRD1820652,2019-06-28,Portfolio of Eleven Properties,,Prime US REIT,,"KBS Real Estate Investment Trust III, Inc.",Acquisition of Asset or Branch,Completed,2019-07-18,1222150000,Real Estate Operating and Management,USA
SPTRD1588973,2019-06-25,"Cube Hydro Partners, LLC/Helix Partners, LLC*",,Ontario Power Generation Inc.,,I Squared Capital,Acquisition of Whole Company (incl. Majority Stake),Completed,2019-10-08,1123000000,Asset Management,USA
SPTRD1588345,2019-06-24,Caesars Entertainment Corporation,CZR,"Eldorado Resorts, Inc.",,Investor Group,Acquisition of Whole Company (incl. Majority Stake),Completed,2020-07-20,11145437810,Casinos and Gaming,USA
SPTRD1636581,2019-06-24,"Land & Real Estate Assets of Harrah's New Orleans, Harrah's Laughlin and Harrah'",,VICI Properties L.P.,VICI,"Eldorado Resorts, Inc.",Acquisition of Asset or Branch,Completed,2020-07-20,1823500000,Real Estate Operating and Management,USA
SPTRD1588182,2019-06-20,"Equian, LLC*",,UnitedHealth Group Incorporated,UNH,"New Mountain Capital, L.L.C.",Acquisition of Whole Company (incl. Majority Stake),Completed,2019-09-13,3200000000,Health Care Technology,USA
SPTRD1586481,2019-06-18,Asset of Ditech Financial's forward mortgage servicing and originations business*,,New Residential Investment Corp.,,Ditech Holding Corporation,Acquisition of Asset or Branch,Completed,2019-10-01,1200000000,Mortgage Banks and Brokers,USA
SPTRD1586061,2019-06-17,"LegacyTexas Financial Group, Inc.",,"Prosperity Bancshares, Inc.",PB,,Acquisition of Whole Company (incl. Majority Stake),Completed,2019-10-31,2201704378,Bank,USA
SPTRD1586180,2019-06-17,Array BioPharma Inc.,,Pfizer Inc.,PFE,,Acquisition of Whole Company (incl. Majority Stake),Completed,2019-07-29,11365097483,Biotechnology,USA
SPTRD1586230,2019-06-17,Sotheby's,,Undisclosed Buyer,,Investor Group,Acquisition of Whole Company (incl. Majority Stake),Completed,2019-10-03,2720372196,Specialized Consumer Services,USA
SPTRD1584426,2019-06-12,"Medidata Solutions, Inc.",,Dassault Systemes Americas Corp.,,,Acquisition of Whole Company (incl. Majority Stake),Completed,2019-10-28,5924596759,Health Care Technology,USA
SPTRD1584247,2019-06-11,Shell Martinez Refinery and Shell Martinez Truck Rack of Equilon Enterprises LLC,,PBF Holding Company LLC,,Equilon Enterprises LLC,Acquisition of Asset or Branch,Completed,2020-02-01,1600000000,Oil and Gas Refining and Marketing,USA
SPTRD1583570,2019-06-10,"Tableau Software, LLC",,"salesforce.com, inc.",,,Acquisition of Whole Company (incl. Majority Stake),Completed,2019-07-31,16655663293,Systems Software,USA
SPTRD1583614,2019-06-10,Covey Park Energy LLC*,,"Comstock Resources, Inc.",CRK,Denham Capital Management LP,Acquisition of Whole Company (incl. Majority Stake),Completed,2019-07-16,1037730190,Oil and Gas Exploration and Production,USA
SPTRD1583688,2019-06-10,"Shutterfly, Inc.*",,"Apollo Global Management, LLC",APO,,Acquisition of Whole Company (incl. Majority Stake),Completed,2019-09-25,1879289973,Other Specialty Retail,USA
SPTRD1583349,2019-06-09,Raytheon Company,,United Technologies Corporation,,,Acquisition of Whole Company (incl. Majority Stake),Completed,2020-04-03,56427021575,Aerospace and Defense,USA
SPTRD1582542,2019-06-06,"Looker Data Sciences, Inc.",,Google LLC,,,Acquisition of Whole Company (incl. Majority Stake),Completed,2020-02-13,2600000000,Application Software,USA
SPTRD1582702,2019-06-06,"Exonics Therapeutics, Inc.",,Vertex Pharmaceuticals Incorporated,VRTX,,Acquisition of Whole Company (incl. Majority Stake),Completed,2019-07-16,1043000000,Biotechnology,USA
SPTRD1581967,2019-06-05,Pregis LLC*,,Warburg Pincus LLC,,"Olympus Advisors, LLC",Acquisition of Whole Company (incl. Majority Stake),Completed,2019-08-01,1300000000,"Containers and Packaging: Metal, Glass, and Plastic",USA
SPTRD1580872,2019-06-03,El Paso Electric Company,,J.P. Morgan Investment Management Inc.,,,Acquisition of Whole Company (incl. Majority Stake),Completed,2020-07-29,2801140387,Electric Utilities,USA
SPTRD1580896,2019-06-03,Cypress Semiconductor Corporation,,Infineon Technologies AG,,,Acquisition of Whole Company (incl. Majority Stake),Completed,2020-04-16,9843517778,Semiconductors,USA
SPTRD1581008,2019-06-03,"Capital Vision Services, LLC",,"Goldman Sachs Group, Inc.",GS,Investor group,Acquisition of Whole Company (incl. Majority Stake),Completed,2019-08-31,2700000000,Health Care Services,USA
SPTRD1813047,2019-06-03,Master Trust 2014 Owned Properties Of Spirit MTA REIT And Three Assets of Spirit,,Hospitality Properties Trust,,Investor Group,Acquisition of Asset or Branch,Completed,2019-09-20,2400000000,Real Estate Operating and Management,USA
SPTRD1813057,2019-06-02,179 million square feet of Infill Logistics Assets*,,Investor Group,,GLP Pte. Ltd.,Acquisition of Asset or Branch,Completed,2019-09-26,18005000000,Real Estate Operating and Management,USA
SPTRD1579731,2019-05-29,Operations and all associated assets of Frontier Communications Corporation*,,Investor group,,Frontier Communications Corporation,Acquisition of Asset or Branch,Completed,2020-05-01,1352000000,Integrated Telecommunication Services,USA
SPTRD1649100,2019-05-29,"Ensemble Health Partners, Inc.*",,Golden Gate Capital,,"Bon Secours Mercy Health, Inc.",Acquisition of Whole Company (incl. Majority Stake),Completed,2019-08-31,1180000000,Health Care Technology,USA
SPTRD1579099,2019-05-28,"Total System Services, Inc.",,Global Payments Inc.,GPN,,Acquisition of Whole Company (incl. Majority Stake),Completed,2019-09-17,24121493637,Payment Processors,USA
SPTRD1577568,2019-05-22,"Avon Products, Inc.",,Natura Cosméticos S.A.,,Investor Group,Acquisition of Whole Company (incl. Majority Stake),Completed,2020-01-03,2473566032,Personal Care and Beauty Products: Producers,USA
SPTRD1576970,2019-05-21,"Peloton Therapeutics, Inc.*",,"Merck & Co., Inc.",MRK,Investor Group,Acquisition of Whole Company (incl. Majority Stake),Completed,2019-07-30,2033249000,Pharmaceuticals,USA
SPTRD1576106,2019-05-17,Cray Inc.,,Hewlett Packard Enterprise Company,HPE,Investor Group,Acquisition of Whole Company (incl. Majority Stake),Completed,2019-09-25,1497328628,"Technology Hardware, Storage and Peripherals",USA
SPTRD1573467,2019-05-10,"Buckeye Partners, L.P.",,IFM Investors Pty Ltd.,,,Acquisition of Whole Company (incl. Majority Stake),Completed,2019-11-01,6536887233,Oil and Gas Storage and Transportation,USA
SPTRD1573022,2019-05-09,"Advisor Group, Inc.*",,"Reverence Capital Partners, L.P.",,Investor group,Acquisition of Whole Company (incl. Majority Stake),Completed,2019-08-02,2000000000,"Investment Banks, Brokers and Capital Markets",USA
SPTRD1572340,2019-05-08,Zayo Group Holdings Inc.,,Investor group,,,Acquisition of Whole Company (incl. Majority Stake),Completed,2020-03-09,8388437435,Alternative Carriers,USA
SPTRD1572357,2019-05-08,Andeavor Logistics LP*,,MPLX LP,MPLX,,Acquisition of Minority Stake,Completed,2019-07-30,2901146252,Oil and Gas Storage and Transportation,USA
SPTRD1572660,2019-05-08,"Xiidra of Shire US, Inc.",,Novartis AG,NVS,"Shire US, Inc.",Acquisition of Asset or Branch,Completed,2019-07-01,5300000000,Pharmaceuticals,USA
SPTRD1571289,2019-05-06,Chesapeake Lodging Trust,,Park Hotels & Resorts Inc.,PK,,Acquisition of Whole Company (incl. Majority Stake),Completed,2019-09-18,1656028363,Hotel and Resort REIT,USA
SPTRD1571016,2019-05-03,Fox Sports Net LLC,,"Diamond Sports Group, LLC",,Walt Disney Company,Acquisition of Whole Company (incl. Majority Stake),Completed,2019-08-23,9600000000,Broadcasting,USA
SPTRD1570274,2019-05-02,"Acelity, Inc.",,3M Company,,Acelity L.P. Inc.,Acquisition of Whole Company (incl. Majority Stake),Completed,2019-10-11,4445200000,Health Care Equipment,USA
SPTRD1570171,2019-05-01,"Cura Partners, Inc.*",,"Curaleaf Holdings, Inc.",,Measure 8 Ventures Management LLC,Acquisition of Whole Company (incl. Majority Stake),Completed,2020-02-01,1147561864,Pharmaceuticals,USA
SPTRD1569428,2019-04-30,LBCT LLC,,Macquarie Infrastructure and Real Assets,,Investor Group,Acquisition of Whole Company (incl. Majority Stake),Completed,2019-10-24,1780000000,Marine Ports and Services,USA
SPTRD1569554,2019-04-30,Industrial Segment Business of Ingersoll-Rand plc,,"Gardner Denver Holdings, Inc.",,Ingersoll-Rand Plc,Acquisition of Asset or Branch,Completed,2020-02-29,8785900000,Machinery and Supplies and Components: Industrial,USA
SPTRD1569188,2019-04-29,LORD Corporation,,Parker-Hannifin Corporation,PH,"Jura, LLC",Acquisition of Whole Company (incl. Majority Stake),Completed,2019-10-29,3675000000,Specialty Chemicals,USA
SPTRD1569615,2019-04-29,"WageWorks, Inc.",,"HealthEquity, Inc.",HQY,,Acquisition of Whole Company (incl. Majority Stake),Completed,2019-08-30,2135534792,Human Resource and Employment Services,USA
SPTRD1567769,2019-04-24,Anadarko Petroleum Corporation,,Occidental Petroleum Corporation,OXY,,Acquisition of Whole Company (incl. Majority Stake),Completed,2019-08-08,36793764722,Oil and Gas Exploration and Production,USA
SPTRD1567803,2019-04-24,Commercial renewable energy portfolio,,John Hancock Life Insurance Company (U.S.A.),,Duke Energy Corporation,Acquisition of Asset or Branch,Completed,2019-09-06,1250000000,Renewable Electricity,USA
SPTRD1567318,2019-04-23,Deep Water Gulf of Mexico Assets of LLOG Exploration Offshore LLC and LLOG Bluew,,Murphy Exploration & Production Company – USA,,Investor Group,Acquisition of Asset or Branch,Completed,2019-05-31,1477000000,Oil and Gas Exploration and Production,USA
SPTRD1567451,2019-04-23,"JR Automation Technologies, LLC*",,"Hitachi, Ltd.",,"Crestview Advisors, L.L.C.",Acquisition of Whole Company (incl. Majority Stake),Completed,2019-12-27,1425000000,Machinery and Supplies and Components: Industrial,USA
SPTRD1635804,2019-04-23,Office Space at 30 Hudson Yards,,Investor Group,,"Warner Media, LLC",Acquisition of Asset or Branch,Completed,2019-06-14,2200000000,Real Estate Operating and Management,USA
SPTRD1871711,2019-04-18,Upper Fifth Avenue And Times Square Retail Portfolio,,Investor Group,,Vornado Realty L.P.,Acquisition of Asset or Branch,Completed,2019-04-18,1310000000,Real Estate Operating and Management,USA
SPTRD1565043,2019-04-16,Cloverleaf Cold Storage Co.,,Americold Realty Trust,COLD,Investor group,Acquisition of Whole Company (incl. Majority Stake),Completed,2019-05-01,1241521000,Diversified Support Services,USA
SPTRD1565189,2019-04-16,"Smart & Final Stores, Inc.",,"Apollo Global Management, LLC",APO,Ares Management Corporation,Acquisition of Whole Company (incl. Majority Stake),Completed,2019-06-18,497181984,Food Retail,USA
SPTRD1564579,2019-04-15,"Advanced Disposal Services, Inc.",,"Waste Management, Inc.",WM,Investor Group,Acquisition of Whole Company (incl. Majority Stake),Completed,2020-10-30,2785588368,Environmental and Facilities Services,USA
SPTRD1564594,2019-04-15,"Paragon Bioservices, Inc.*",,"Catalent Pharma Solutions, Inc.",,Investor Group,Acquisition of Whole Company (incl. Majority Stake),Completed,2019-05-17,1200000000,Pharmaceuticals,USA
SPTRD1564619,2019-04-15,"Electronics for Imaging, Inc.*",,"Siris Capital Group, LLC",,Investor Group,Acquisition of Whole Company (incl. Majority Stake),Completed,2019-07-23,1700113228,"Technology Hardware, Storage and Peripherals",USA
SPTRD1565066,2019-04-15,"Hulu, LLC",,Investor Group,,AT&T Inc.,Acquisition of Minority Stake,Completed,2019-04-15,1430000000,Broadcasting,USA
SPTRD1564446,2019-04-14,"Epsilon Data Management, LLC",,Publicis Groupe S.A.,,Alliance Data Systems Corporation,Acquisition of Whole Company (incl. Majority Stake),Completed,2019-07-01,4400000000,Advertising,USA
SPTRD1563788,2019-04-11,"Carter Validus Mission Critical REIT, Inc.",,"Carter Validus Mission Critical REIT II, Inc.",,,Acquisition of Whole Company (incl. Majority Stake),Completed,2019-10-04,962943617,Diversified REIT,USA
SPTRD1563272,2019-04-10,"Global Brass and Copper Holdings, Inc.",,Wieland-Werke Aktiengesellschaft,,,Acquisition of Whole Company (incl. Majority Stake),Completed,2019-07-12,998815481,Diversified Metals and Mining,USA
SPTRD1562706,2019-04-09,Institutional Retirement & Trust business of Wells Fargo Bank NA,,"Principal Financial Services, Inc.",,Wells Fargo & Company,Acquisition of Asset or Branch,Completed,2019-07-01,1350000000,Asset Management,USA
SPTRD1565072,2019-04-04,"Liberty Expedia Holdings, Inc.",,"Expedia Group, Inc.",EXPE,,Acquisition of Whole Company (incl. Majority Stake),Completed,2019-07-26,2915503760,"Hotels, Resorts and Cruise Lines",USA
SPTRD1559603,2019-04-02,"AmeriGas Partners, L.P.",,UGI Corporation,UGI,,Acquisition of Whole Company (incl. Majority Stake),Completed,2019-08-21,2215232038,Gas Utilities,USA
SPTRD1559648,2019-04-02,IDS Property Casualty Insurance Company,,American Family Insurance Mutual Holding Company,,"Ameriprise Financial, Inc.",Acquisition of Whole Company (incl. Majority Stake),Completed,2019-10-01,1135000000,Property and Casualty,USA
SPTRD1559688,2019-04-02,Substantially all assets of Oryx Southern Delaware/ Substantially all assets of,,Stonepeak Partners LP,,Investor Group,Acquisition of Asset or Branch,Announced,,3600000000,Oil and Gas Storage and Transportation,USA
SPTRD1558987,2019-04-01,"IFM Tre, Inc.",,Novartis AG,NVS,"IFM Therapeutics, LLC",Acquisition of Whole Company (incl. Majority Stake),Completed,2019-05-07,1575000000,Biotechnology,USA
SPTRD1559212,2019-04-01,Cookies and Fruit Snacks Business of Kellogg Company,,Ferrero International S.A.,,Kellogg Company,Acquisition of Asset or Branch,Completed,2019-07-29,1300000000,Packaged Foods and Meats Producers,USA
SPTRD1558922,2019-03-31,MG LLC*,,Willis Towers Watson Public Limited Company,,Clayton Dubilier & Rice LLC,Acquisition of Whole Company (incl. Majority Stake),Completed,2019-07-30,1334500000,Advertising,USA
SPTRD1557733,2019-03-27,"WellCare Health Plans, Inc.",,Centene Corporation,CNC,,Acquisition of Whole Company (incl. Majority Stake),Completed,2020-01-23,17679282153,Managed Care,USA
SPTRD1556601,2019-03-25,"TIER REIT, Inc.",,Cousins Properties Incorporated,CUZ,,Acquisition of Whole Company (incl. Majority Stake),Completed,2019-06-14,1607433614,Office REIT,USA
SPTRD1556315,2019-03-24,"Brammer Bio, LLC*",,Thermo Fisher Scientific Inc.,TMO,Ampersand Capital Partners,Acquisition of Whole Company (incl. Majority Stake),Completed,2019-04-30,1700000000,Biotechnology,USA
SPTRD1555529,2019-03-22,IPSCO Tubulars Inc.,,Tenaris S.A.,,PAO TMK,Acquisition of Whole Company (incl. Majority Stake),Completed,2020-01-02,1029000000,Steel,USA
SPTRD1554359,2019-03-19,"HFF, Inc.",,Jones Lang LaSalle Incorporated,JLL,,Acquisition of Whole Company (incl. Majority Stake),Completed,2019-07-01,1914330814,Real Estate Services,USA
SPTRD1553739,2019-03-18,"Worldpay, Inc.",,"Fidelity National Information Services, Inc.",FIS,,Acquisition of Whole Company (incl. Majority Stake),Completed,2019-07-31,42663791608,Payment Processors,USA
SPTRD1554238,2019-03-18,Utica East Ohio Midstream LLC / Williams Ohio Valley Midstream LLC,,Canada Pension Plan Investment Board,,"Williams Companies, Inc.",Acquisition of Minority Stake,Completed,2019-06-17,1330000000,Oil and Gas Storage and Transportation,USA
SPTRD1553407,2019-03-15,"Rabobank, National Association*",,Mechanics Bank,,Coöperatieve Rabobank U.A.,Acquisition of Whole Company (incl. Majority Stake),Completed,2019-08-31,1530944750,Bank,USA
SPTRD1552851,2019-03-14,"Eureka Midstream, LLC / Hornet Midstream Pipeline LLC",,"EQM Midstream Partners, LP",,Morgan Stanley,Acquisition of Whole Company (incl. Majority Stake),Completed,2019-04-02,860000000,Oil and Gas Storage and Transportation,USA
SPTRD1552377,2019-03-13,"Oaktree Capital Group, LLC/ Oaktree Capital Group Holdings, L.P.",,Brookfield Asset Management Inc.,BAM,,Acquisition of Whole Company (incl. Majority Stake),Completed,2019-09-30,4800000000,Asset Management,USA
SPTRD1551352,2019-03-11,"Mellanox Technologies, Ltd.",,NVIDIA Corporation,NVDA,,Acquisition of Whole Company (incl. Majority Stake),Completed,2020-04-27,7339022113,Semiconductors,USA
SPTRD1611871,2019-03-08,"Yankees Entertainment & Sports Network, LLC d/b/a YES Network*",,Investor group,,Walt Disney Company,Acquisition of Whole Company (incl. Majority Stake),Completed,2019-08-29,2776000000,Movies and Entertainment,USA
SPTRD1550655,2019-03-06,"Turnitin, LLC",,"Advance Publications, Inc.",,,Acquisition of Whole Company (incl. Majority Stake),Completed,2019-04-30,1750000000,Application Software,USA
SPTRD1548343,2019-03-04,Six wind and solar projects,,"NextEra Energy Partners, LP",,NextEra Energy Resources LLC,Acquisition of Asset or Branch,Completed,2019-06-11,1020000000,Renewable Electricity,USA
SPTRD1821542,2019-02-28,Portfolio of 54 Light and Bulk Industrial Buildings in the United States,,Colony Industrial,,Dermody Properties LLC,Acquisition of Asset or Branch,Completed,2019-02-28,1160000000,Real Estate Operating and Management,USA
SPTRD1547278,2019-02-27,"Versum Materials, Inc.",,Merck KGaA,,Investor Group,Acquisition of Whole Company (incl. Majority Stake),Completed,2019-10-07,5888154772,Semiconductor Materials and Equipment,USA
SPTRD1545837,2019-02-25,"Spark Therapeutics, Inc.*",,Roche Holding AG,,"Sofinnova Investment, Inc.",Acquisition of Whole Company (incl. Majority Stake),Completed,2019-12-16,4765769485,Biotechnology,USA
SPTRD1546044,2019-02-25,Cytiva,,Danaher Corporation,DHR,General Electric Company,Acquisition of Asset or Branch,Completed,2020-03-31,20834500000,Life Sciences Tools and Services,USA
SPTRD1546181,2019-02-25,Multi-Color Corporation*,,"WS Packaging Group, Inc.",,Investor Group,Acquisition of Whole Company (incl. Majority Stake),Completed,2019-07-01,1028600550,Commercial Printing,USA
SPTRD1664471,2019-02-22,Portfolio Of Rental Apartments In Maryland And Virginia*,,Kushner Companies LLC,,"Lone Star Americas Acquisitions, Inc.",Acquisition of Asset or Branch,Completed,2019-02-22,1150000000,Real Estate Operating and Management,USA
SPTRD1543911,2019-02-19,Targa Badlands LLC*,,Blackstone Group L.P.,BX,Targa Resources Corp.,Acquisition of Minority Stake,Completed,2019-04-01,1600000000,Oil and Gas Storage and Transportation,USA
SPTRD1543198,2019-02-15,"Radio, newspaper and TV properties*",,"Terrier Media Buyer, Inc.",,"Cox Enterprises, Inc.",Acquisition of Asset or Branch,Completed,2019-12-17,3100000000,Broadcasting,USA
SPTRD1542184,2019-02-13,"Auris Health, Inc.",,"Ethicon US, LLC",,,Acquisition of Whole Company (incl. Majority Stake),Completed,2019-04-01,5750000000,Health Care Technology,USA
SPTRD1849501,2019-02-13,"Portfolio of Fifteen Complexes In The Philadelphia, Baltimore And Washington Are*",,Morgan Properties Trust,,"Lone Star Americas Acquisitions, Inc.",Acquisition of Asset or Branch,Completed,2020-02-13,1400000000,Real Estate Operating and Management,USA
SPTRD1541601,2019-02-12,"Ellie Mae, Inc.*",,"Thoma Bravo, LLC",,,Acquisition of Whole Company (incl. Majority Stake),Completed,2019-04-16,3698858251,Banking Technology,USA
SPTRD1541663,2019-02-12,Coty Inc.,COTY,JAB Cosmetics B.V.,,,Acquisition of Minority Stake,Completed,2019-04-26,1747500000,Personal Care and Beauty Products: Producers,USA
SPTRD1541712,2019-02-12,Wind assets,,"American Electric Power Company, Inc.",AEP,Sempra Energy,Acquisition of Asset or Branch,Completed,2019-04-22,551000000,Renewable Electricity,USA
SPTRD1541801,2019-02-12,"Sempra Renewables, LLC.",,Aep Clean Energy Resources LLC,,Sempra Energy,Acquisition of Whole Company (incl. Majority Stake),Completed,2019-04-22,584000000,Renewable Electricity,USA
SPTRD1541062,2019-02-11,Precision Flow Systems Management Business of Accudyne Industries LLC,,Ingersoll-Rand Plc,IR,Accudyne Industries LLC,Acquisition of Asset or Branch,Completed,2019-05-15,1450000000,Machinery and Supplies and Components: Industrial,USA
SPTRD1539991,2019-02-07,"SunTrust Banks, Inc.",,BB&T Corporation,,,Acquisition of Whole Company (incl. Majority Stake),Completed,2019-12-06,31289608523,Bank,USA
SPTRD1539212,2019-02-04,"Ultimate Software Group, Inc.*",,Investor Group,,,Acquisition of Whole Company (incl. Majority Stake),Completed,2019-05-03,10971109460,Application Software,USA
SPTRD1535835,2019-01-31,"Tallgrass Energy GP, LLC*",,Investor Group,,Investor Group,Acquisition of Whole Company (incl. Majority Stake),Completed,2019-03-11,3200000000,Oil and Gas Storage and Transportation,USA
SPTRD1534086,2019-01-28,Chemical Financial Corporation,,TCF Financial Corporation,,,Acquisition of Whole Company (incl. Majority Stake),Completed,2019-08-01,3515904900,Bank,USA
SPTRD1534187,2019-01-28,Anatomical Pathology business of Thermo Fisher Scientific Inc.,,PHC Holdings Corporation,,Thermo Fisher Scientific Inc.,Acquisition of Asset or Branch,Completed,2019-06-28,1140000000,Health Care Equipment,USA
SPTRD1849468,2019-01-24,"Graniteone Health, Inc.",,Dartmouth-Hitchcock Health,,,Acquisition of Whole Company (incl. Majority Stake),Announced,,2700000000,Health Care Facilities,USA
SPTRD1663090,2019-01-23,Manhattan Office Tower at 237 Park Avenue,,Private Investor,,Investor Group,Acquisition of Asset or Branch,Completed,2020-01-17,1250000000,Real Estate Operating and Management,USA
SPTRD1529842,2019-01-16,First Data Corporation*,,"Fiserv, Inc.",FISV,Investor group,Acquisition of Whole Company (incl. Majority Stake),Completed,2019-07-29,29860447816,Payment Processors,USA
SPTRD1528947,2019-01-14,"IM Flash Technologies, LLC",,"Micron Technology, Inc.",MU,Intel Corporation,Acquisition of Minority Stake,Completed,2019-10-31,500000000,Semiconductors,USA
SPTRD1525942,2019-01-07,"Loxo Oncology, Inc.*",,Eli Lilly and Company,LLY,Aisling Capital LLC,Acquisition of Whole Company (incl. Majority Stake),Completed,2019-02-15,8013129815,Biotechnology,USA
SPTRD1524963,2019-01-03,Celgene Corporation,,Bristol-Myers Squibb Company,BMY,,Acquisition of Whole Company (incl. Majority Stake),Completed,2019-11-20,82128398514,Pharmaceuticals,USA
SPTRD1814148,2019-01-02,55 Medical Office Building and Related Properties in United States,,Welltower Inc.,WELL,Investor Group,Acquisition of Asset or Branch,Completed,2019-05-15,1250000000,Real Estate Operating and Management,USA
SPTRD1521664,2018-12-24,"MINDBODY, Inc.*",,"Vista Equity Partners Management, LLC",,Institutional Venture Partners,Acquisition of Whole Company (incl. Majority Stake),Completed,2019-02-15,1904993336,Application Software,USA
SPTRD1520739,2018-12-20,"Caraustar Industries, Inc.",,Greif Packaging LLC,,"Paperboard Parent, Inc.",Acquisition of Whole Company (incl. Majority Stake),Completed,2019-02-11,1800000000,Packaging and Materials: Paper and Plastic,USA
SPTRD1520177,2018-12-19,Technology Business of MModal IP LLC,,3M Company,,Mmodal Ip LLC,Acquisition of Asset or Branch,Completed,2019-02-01,1000000000,Health Care Technology,USA
SPTRD1519825,2018-12-18,"Civitas Solutions, Inc.*",,"Centerbridge Partners, L.P.",,"Vestar Capital Partners, LLC",Acquisition of Whole Company (incl. Majority Stake),Completed,2019-03-08,677198431,Health Care Services,USA
SPTRD1515794,2018-12-10,"Nutrisystem, Inc.",,"Tivity Health, Inc.",,Investor Group,Acquisition of Whole Company (incl. Majority Stake),Completed,2019-03-08,1299747706,Food Retail,USA
SPTRD1549001,2018-12-10,BrightSpring Health Services,BTSG,PharMerica Corp.,,Onex Corp.,Acquisition of Whole Company (incl. Majority Stake),Completed,2019-03-05,1320000000,Health Care Services,USA
SPTRD1515474,2018-12-07,Software Portfolio of International Business Machines Corp.,,HCL Technologies Limited,,International Business Machines Corporation,Acquisition of Asset or Branch,Completed,2019-06-30,1775000000,Application Software,USA
SPTRD1536417,2018-12-06,Sears Holdings Corporation,,"ESL Investments, Inc.",,,Acquisition of Asset or Branch,Completed,2019-02-11,5200000000,Broadline Retail,USA
SPTRD1512565,2018-12-03,Tribune Media Company,,"Nexstar Media Group, Inc.",NXST,,Acquisition of Whole Company (incl. Majority Stake),Completed,2019-09-19,4197294333,Broadcasting,USA
SPTRD1512712,2018-12-03,"Tesaro, Inc.*",,GlaxoSmithKline plc,,Investor Group,Acquisition of Whole Company (incl. Majority Stake),Completed,2019-01-22,4976993974,Biotechnology,USA
SPTRD1610135,2018-11-30,"The Juice Plus+ Company, LLC*",,Investor Group,,,Acquisition of Whole Company (incl. Majority Stake),Completed,2018-11-30,1500000000,Personal Care and Beauty Products: Producers,USA
SPTRD1697108,2018-11-30,"IDI Logistics, LLC",,Investor Group,,Brookfield Asset Management Inc.,Acquisition of Whole Company (incl. Majority Stake),Completed,2018-12-31,3500000000,Real Estate Development,USA
SPTRD1511434,2018-11-28,Golub Capital Investment Corporation,,"Golub Capital BDC, Inc.",GBDC,,Acquisition of Whole Company (incl. Majority Stake),Completed,2019-09-16,1265262967,Investment and Business Development Companies,USA
SPTRD1510079,2018-11-21,Grifols Diagnostic Solutions Inc.,,"Shanghai RAAS Blood Products Co., Ltd.",,"Grifols, S.A.",Acquisition of Minority Stake,Completed,2020-03-13,1884620482,Health Care Services,USA
SPTRD1507124,2018-11-19,Trans Bay Cable LLC*,,"NextEra Energy Transmission, LLC",,"SteelRiver Infrastructure Partners, LP",Acquisition of Whole Company (incl. Majority Stake),Completed,2019-07-16,671000000,Electric Utilities,USA
SPTRD1507224,2018-11-19,Resolute Energy Corporation,,Coterra Energy Operating Co,,Investor Group,Acquisition of Whole Company (incl. Majority Stake),Completed,2019-03-01,783633113,Oil and Gas Exploration and Production,USA
SPTRD1507683,2018-11-19,DJO Global Inc.,,Colfax Corporation,,Blackstone Group L.P.,Acquisition of Whole Company (incl. Majority Stake),Completed,2019-02-22,3150000000,Health Care Equipment,USA
SPTRD1506422,2018-11-16,Cylance Inc.*,,BlackBerry Limited,BB,"Khosla Ventures, LLC",Acquisition of Whole Company (incl. Majority Stake),Completed,2019-02-21,1500000000,Systems Software,USA
SPTRD1505501,2018-11-15,Schwan's Company,,CJ Foods USA Inc.,,,Acquisition of Whole Company (incl. Majority Stake),Completed,2019-02-25,2180000000,Packaged Foods and Meats Producers,USA
SPTRD1506011,2018-11-15,"Global Auto Care Business of Spectrum Brands Holdings, Inc.",,"Energizer Holdings, Inc.",ENR,"Spectrum Brands Holdings, Inc.",Acquisition of Asset or Branch,Completed,2019-01-28,1182480572,Automotive Parts and Equipment,USA
SPTRD1505077,2018-11-14,Tahoe Resources Inc.,,Pan American Silver Corp.,PAAS,,Acquisition of Whole Company (incl. Majority Stake),Completed,2019-02-22,1310286333,Gold,USA
SPTRD1504565,2018-11-13,"Johnson Controls Battery Group, LLC*",,Investor Group,,Johnson Controls International plc,Acquisition of Asset or Branch,Completed,2019-04-30,11600000000,Automotive Parts and Equipment,USA
SPTRD1503652,2018-11-12,"athenahealth, Inc.*",,Investor group,,,Acquisition of Whole Company (incl. Majority Stake),Completed,2019-02-11,5760615644,Health Care Technology,USA
SPTRD1503261,2018-11-11,Qualtrics International Inc.*,,"SAP America, Inc.",,"Insight Venture Management, LLC",Acquisition of Whole Company (incl. Majority Stake),Completed,2019-01-23,8000000000,Application Software,USA
SPTRD1503293,2018-11-11,"Apptio, Inc.*",,"Vista Equity Partners Management, LLC",,Madrona Venture Group,Acquisition of Whole Company (incl. Majority Stake),Completed,2019-01-10,2122213807,Application Software,USA
SPTRD1502796,2018-11-08,Midstream assets,,"Western Gas Partners, LP",,Anadarko Petroleum Corporation,Acquisition of Asset or Branch,Completed,2019-02-28,4015000000,Integrated Oil and Gas,USA
SPTRD1502830,2018-11-08,"Western Gas Partners, LP",,"Western Gas Equity Partners, LP",,,Acquisition of Whole Company (incl. Majority Stake),Completed,2019-02-28,5013445614,Oil and Gas Storage and Transportation,USA
SPTRD1502280,2018-11-07,"Investment Technology Group, Inc.",,"Virtu Financial, Inc.",VIRT,,Acquisition of Whole Company (incl. Majority Stake),Completed,2019-03-01,1113028501,"Investment Banks, Brokers and Capital Markets",USA
SPTRD1502460,2018-11-07,"Pure Fishing, Inc.*",,"Sycamore Partners Management, L.P.",,Newell Brands Inc.,Acquisition of Whole Company (incl. Majority Stake),Completed,2018-12-21,1300000000,Leisure Products Producers,USA
SPTRD1502525,2018-11-07,Elite Comfort Solutions LLC*,,"Leggett & Platt, Incorporated",LEG,Arsenal Capital Management LP,Acquisition of Whole Company (incl. Majority Stake),Completed,2019-01-16,876560000,Commodity Chemicals,USA
SPTRD1502576,2018-11-07,"Jostens, Inc.*",,"Platinum Equity, LLC",,Newell Brands Inc.,Acquisition of Whole Company (incl. Majority Stake),Completed,2018-12-21,1300000000,"Apparel, Accessories and Luxury Goods",USA
SPTRD1544546,2018-11-07,Portfolio of Eight Operating Wind Facilities,,Undisclosed Buyer,,Southern Power Company,Acquisition of Asset or Branch,Completed,2018-12-11,1200000000,Renewable Electricity,USA
SPTRD1502000,2018-11-06,"ConvergeOne Holdings, Inc.*",,CVC Holdings Limited,,"Clearlake Capital Group, L.P.",Acquisition of Whole Company (incl. Majority Stake),Completed,2019-01-03,942996848,IT Consulting and Other Services,USA
SPTRD1502067,2018-11-06,USAA Asset Management Company/USAA Transfer Agency Company*,,"Victory Capital Holdings, Inc.",VCTR,United Services Automobile Association,Acquisition of Whole Company (incl. Majority Stake),Completed,2019-07-01,1001300000,Asset Management,USA
SPTRD1499827,2018-11-01,Newfield Exploration Company,,Encana Oil & Gas (USA) Inc.,,,Acquisition of Whole Company (incl. Majority Stake),Completed,2019-02-13,5623302521,Oil and Gas Exploration and Production,USA
SPTRD1499838,2018-11-01,Blue Racer Midstream LLC*,,"First Reserve Management, L.P.",,"Dominion Energy, Inc.",Acquisition of Whole Company (incl. Majority Stake),Completed,2018-12-14,1500000000,Oil and Gas Storage and Transportation,USA
SPTRD1814525,2018-10-31,Shoreline Technology Center Campus in Mountain View,,Google LLC,,"HCP, Inc.",Acquisition of Asset or Branch,Completed,2018-11-20,1000000000,Real Estate Operating and Management,USA
SPTRD1499070,2018-10-30,"Brazos Valley Longhorn, L.L.C.*",,Chesapeake Energy Corporation,,Investor Group,Acquisition of Whole Company (incl. Majority Stake),Completed,2019-02-01,3017271407,Oil and Gas Exploration and Production,USA
SPTRD1498904,2018-10-28,"Red Hat, LLC*",,International Business Machines Corporation,IBM,Investor Group,Acquisition of Whole Company (incl. Majority Stake),Completed,2019-07-09,35686509887,Systems Software,USA
SPTRD1497512,2018-10-23,"PNG Companies, LLC*",,Aqua America Inc.,,"SteelRiver Infrastructure Partners, LP",Acquisition of Whole Company (incl. Majority Stake),Completed,2020-03-16,3175000000,Gas Utilities,USA
SPTRD1496870,2018-10-22,"EnLink Midstream Partners, LP*",,"EnLink Midstream, LLC",,,Acquisition of Whole Company (incl. Majority Stake),Completed,2019-01-25,3336831339,Oil and Gas Storage and Transportation,USA
SPTRD1581898,2018-10-22,"American Railcar Industries, Inc.",,ITE Management L.P.,,Icahn Enterprises L.P.,Acquisition of Whole Company (incl. Majority Stake),Completed,2018-12-05,1335871460,Machinery and Equipment: Construction and Heavy Transportation,USA
SPTRD1496603,2018-10-21,"Energy, Chemicals and Resources Business of Jacobs Engineering Group Inc.",,WorleyParsons Limited,,Jacobs Solutions Inc.,Acquisition of Asset or Branch,Completed,2019-04-26,3218041269,Unclassified,USA
SPTRD1495920,2018-10-18,"Endocyte, Inc.*",,Novartis AG,NVS,Investor Group,Acquisition of Whole Company (incl. Majority Stake),Completed,2018-12-21,2102165508,Pharmaceuticals,USA
SPTRD1496035,2018-10-18,"OppenheimerFunds, Inc.",,Invesco Ltd.,IVZ,Massachusetts Mutual Life Insurance Company,Acquisition of Whole Company (incl. Majority Stake),Completed,2019-05-24,5674795208,Asset Management,USA
SPTRD1496050,2018-10-18,"InfraREIT, Inc.",,Oncor Electric Delivery Company LLC,,Investor group,Acquisition of Whole Company (incl. Majority Stake),Completed,2019-05-16,1275536472,Other Specialized REIT,USA
SPTRD1494576,2018-10-15,"Greencore Us Holdings, LLC*",,Hearthside Food Solutions LLC,,Greencore Group plc,Acquisition of Whole Company (incl. Majority Stake),Completed,2018-11-25,1075000000,Packaged Foods and Meats Producers,USA
SPTRD1494818,2018-10-15,"SendGrid, Inc.*",,Twilio Inc.,TWLO,Investor Group,Acquisition of Whole Company (incl. Majority Stake),Completed,2019-02-01,1997587979,Application Software,USA
SPTRD1494271,2018-10-14,"L3 Technologies, Inc.",,Harris Corporation,,Investor Group,Acquisition of Whole Company (incl. Majority Stake),Completed,2019-06-29,19566482045,Aerospace and Defense,USA
SPTRD1493042,2018-10-10,"Imperva, Inc.*",,"Thoma Bravo, LLC",,,Acquisition of Whole Company (incl. Majority Stake),Completed,2019-01-10,2114051751,Systems Software,USA
SPTRD1493071,2018-10-10,Esterline Technologies Corporation,,TransDigm Group Incorporated,TDG,,Acquisition of Whole Company (incl. Majority Stake),Completed,2019-03-14,3683394558,Aerospace and Defense,USA
SPTRD1492510,2018-10-09,Antero Midstream Partners LP*,,Antero Midstream GP LP,,Investor group,Acquisition of Whole Company (incl. Majority Stake),Completed,2019-03-12,4341120612,Oil and Gas Storage and Transportation,USA
SPTRD1490454,2018-10-03,"Hortonworks, Inc.*",,"Cloudera, Inc.",,Benchmark,Acquisition of Whole Company (incl. Majority Stake),Completed,2019-01-03,2106715615,Application Software,USA
SPTRD1488401,2018-09-28,"American Midstream Partners, LP*",,"ArcLight Capital Partners, LLC",,,Acquisition of Whole Company (incl. Majority Stake),Completed,2019-07-23,210383801,Oil and Gas Storage and Transportation,USA
SPTRD1490727,2018-09-27,"Genoa Healthcare, LLC",,UnitedHealth Group Incorporated,UNH,Advent International Corp.,Acquisition of Whole Company (incl. Majority Stake),Completed,2018-09-27,2500000000,Drug Retail,USA
SPTRD1487434,2018-09-26,"Syntimmune, Inc.*",,"Alexion Pharmaceuticals, Inc.",,Investor Group,Acquisition of Whole Company (incl. Majority Stake),Completed,2018-11-02,1200000000,Biotechnology,USA
SPTRD1486063,2018-09-25,Sonic LLC*,,"Inspire Brands, Inc.",,"Southeastern Asset Management, Inc.",Acquisition of Whole Company (incl. Majority Stake),Completed,2018-12-07,1593934028,Restaurants,USA
SPTRD1484970,2018-09-24,"Pandora Media, Inc.",,Sirius XM Radio Inc.,,,Acquisition of Whole Company (incl. Majority Stake),Completed,2019-02-01,2500980871,Movies and Entertainment,USA
SPTRD1485521,2018-09-24,Fairless & Manchester Street Power Stations*,,"Starwood Energy Group Global, LLC",,"Dominion Energy, Inc.",Acquisition of Asset or Branch,Completed,2018-12-13,1230000000,Independent Power Producers and Energy Traders,USA
SPTRD1484530,2018-09-20,U.S. solar assets,,"Consolidated Edison, Inc.",ED,Sempra Energy,Acquisition of Asset or Branch,Completed,2018-12-13,1609000000,Renewable Electricity,USA
SPTRD1484536,2018-09-20,"Marketo, Inc.*",,Adobe Systems Incorporated,,"Vista Equity Partners Management, LLC",Acquisition of Whole Company (incl. Majority Stake),Completed,2018-10-31,4750000000,Application Software,USA
SPTRD1484057,2018-09-19,"Dominion Energy Midstream Partners, LP",,"Dominion Energy, Inc.",D,,Acquisition of Minority Stake,Completed,2019-01-28,1178814614,Oil and Gas Storage and Transportation,USA
SPTRD1482811,2018-09-17,Select Income REIT,,Government Properties Income Trust,,,Acquisition of Whole Company (incl. Majority Stake),Completed,2018-12-31,677073632,Office REIT,USA
SPTRD1483002,2018-09-17,Gerber Life Insurance Company,,"Western & Southern Financial Group, Inc. (MHC)",,Nestle S.A.,Acquisition of Whole Company (incl. Majority Stake),Completed,2018-12-31,1550000000,Life and Health,USA
SPTRD1483068,2018-09-17,"Nexeo Solutions, Inc.*",,Univar Inc.,,Investor Group,Acquisition of Whole Company (incl. Majority Stake),Completed,2019-02-28,1112708968,Trading Companies and Distributors,USA
SPTRD1481756,2018-09-13,MPM Holdings Inc.*,,Investor Group,,Investor Group,Acquisition of Whole Company (incl. Majority Stake),Completed,2019-05-15,1626867652,Specialty Chemicals,USA
SPTRD1481398,2018-09-12,"Sedgwick Claims Management Services, Inc.*",,Investor Group,,KKR & Co. Inc.,Acquisition of Whole Company (incl. Majority Stake),Completed,2018-12-31,6700000000,Insurance Technology,USA
SPTRD1480446,2018-09-10,Vander Holding Corporation*,,"United Rentals, Inc.",URI,"Platinum Equity, LLC",Acquisition of Whole Company (incl. Majority Stake),Completed,2018-10-31,2100000000,Trading Companies and Distributors,USA
SPTRD1480455,2018-09-10,"Engility Holdings, Inc.",,Science Applications International Corporation,SAIC,"Birch Partners, LP",Acquisition of Whole Company (incl. Majority Stake),Completed,2019-01-14,1125552139,Aerospace and Defense,USA
SPTRD1480691,2018-09-10,"Integrated Device Technology, Inc.",,Renesas Electronics Corporation,,Investor Group,Acquisition of Whole Company (incl. Majority Stake),Completed,2019-03-29,7392657476,Semiconductors,USA
SPTRD1479472,2018-09-06,"IntraLinks Holdings, Inc.*",,"SS&C Technologies Holdings, Inc.",SSNC,"Siris Capital Group, LLC",Acquisition of Whole Company (incl. Majority Stake),Completed,2018-11-16,1500000000,Data Processing and Outsourced Services,USA
SPTRD1479033,2018-09-05,Wind and solar power plants,,"NextEra Energy Partners, LP",,NextEra Energy Resources LLC,Acquisition of Asset or Branch,Completed,2018-12-20,1275000000,Renewable Electricity,USA
SPTRD1478271,2018-09-04,Fayetteville Shale business of Southwestern Energy Company*,,"Flywheel Energy, LLC",,Southwestern Energy Company,Acquisition of Asset or Branch,Completed,2018-12-03,1865000000,Integrated Oil and Gas,USA
SPTRD1476969,2018-08-30,"K2M Group Holdings, Inc.*",,Stryker Corporation,SYK,HBM Partners Ltd.,Acquisition of Whole Company (incl. Majority Stake),Completed,2018-11-09,1330106337,Health Care Equipment,USA
SPTRD1474405,2018-08-22,"Navigators Group, Inc.",,"Hartford Financial Services Group, Inc.",,,Acquisition of Whole Company (incl. Majority Stake),Completed,2019-05-23,2150986600,Property and Casualty,USA
SPTRD1474063,2018-08-21,BridgeTex pipeline*,,"Mapleleaf Midstream, LLC",,Investor group,Acquisition of Asset or Branch,Completed,2018-09-30,1437500000,Integrated Oil and Gas,USA
SPTRD1472406,2018-08-15,"KMG Chemicals, Inc.",,Cabot Microelectronics Corporation,,,Acquisition of Whole Company (incl. Majority Stake),Completed,2018-11-15,1230532875,Specialty Chemicals,USA
SPTRD1472106,2018-08-14,Energen Corporation,,"Diamondback Energy, Inc.",FANG,Investor Group,Acquisition of Whole Company (incl. Majority Stake),Completed,2018-11-29,6905449311,Oil and Gas Exploration and Production,USA
SPTRD1471229,2018-08-10,"TravelClick, Inc.*",,"Amadeus Americas, Inc.",,"Thoma Bravo, L.P.",Acquisition of Whole Company (incl. Majority Stake),Completed,2018-10-04,1520000000,Application Software,USA
SPTRD1470175,2018-08-08,"Energy project finance debt business of GE Capital Global Holdings, LLC",,"Starwood Property Trust, Inc.",STWD,"GE Capital Global Holdings, LLC",Acquisition of Asset or Branch,Completed,2018-09-19,2500000000,Specialty Finance: Commercial Focused,USA
SPTRD1470179,2018-08-08,"Beneficial Bancorp, Inc.",,WSFS Financial Corporation,WSFS,,Acquisition of Whole Company (incl. Majority Stake),Completed,2019-03-01,1230595134,Bank,USA
SPTRD1470295,2018-08-08,"All Assets of Ajax Resources, LLC",,"Diamondback Energy, Inc.",FANG,"Ajax Resources, LLC",Acquisition of Asset or Branch,Completed,2018-10-31,1183490400,Oil and Gas Exploration and Production,USA
SPTRD1470447,2018-08-08,Dun & Bradstreet Corporation*,,Investor group,,,Acquisition of Whole Company (incl. Majority Stake),Completed,2019-02-08,5458076469,Financial Media and Data Solutions,USA
SPTRD1471028,2018-08-08,"Oxy Ingleside Energy Center, LLC/Certain Crude Oil and LPG Infrastructure",,"Moda Midstream, LLC",,Occidental Petroleum Corporation,Acquisition of Asset or Branch,Completed,2018-09-30,2600000000,Unclassified,USA
SPTRD1471643,2018-08-08,Puget Holdings LLC,,Investor group,,Macquarie Group Ltd.,Acquisition of Minority Stake,Completed,2019-04-17,3149760000,Electric Utilities,USA
SPTRD1469764,2018-08-07,"Otter Media Holdings, LLC",,AT&T Inc.,T,"Chernin Group, LLC",Acquisition of Whole Company (incl. Majority Stake),Completed,2018-08-07,1637000000,Movies and Entertainment,USA
SPTRD1468984,2018-08-06,"Deep Gulf Energy LP/Deep Gulf Energy II, LLC/Deep Gulf Energy III, LLC*",,Kosmos Energy Ltd.,KOS,"First Reserve Management, L.P.",Acquisition of Whole Company (incl. Majority Stake),Completed,2018-09-14,1260943548,Oil and Gas Exploration and Production,USA
SPTRD1469110,2018-08-06,"Bemis Company, Inc.",,Amcor Limited,AMCR,,Acquisition of Whole Company (incl. Majority Stake),Completed,2019-06-11,5289368473,Packaging and Materials: Paper and Plastic,USA
SPTRD1469855,2018-08-06,"Certain Assets of Western Refining Southwest, Inc.",,Andeavor Logistics LP,,"Western Refining Southwest, Inc.",Acquisition of Asset or Branch,Completed,2018-08-06,1602183482,Unclassified,USA
SPTRD1815012,2018-08-03,666 Fifth Avenue's Office Condominium in Midtown Manhattan*,,Brookfield Asset Management Inc.,BAM,Kushner Companies LLC,Acquisition of Asset or Branch,Completed,2018-08-03,1300000000,Real Estate Operating and Management,USA
SPTRD1468035,2018-08-02,"Duo Security, Inc.*",,"Cisco Systems, Inc.",CSCO,Investor Group,Acquisition of Whole Company (incl. Majority Stake),Completed,2018-09-28,2350000000,Systems Software,USA
SPTRD1467861,2018-08-01,"Energy Transfer Partners, L.P.",,"Energy Transfer Equity, L.P.",,,Acquisition of Whole Company (incl. Majority Stake),Completed,2018-10-19,24933166711,Oil and Gas Storage and Transportation,USA
SPTRD1466969,2018-07-31,Eze Software Group LLC*,,"SS&C Technologies, Inc.",SSNC,"TPG Capital, L.P.",Acquisition of Whole Company (incl. Majority Stake),Completed,2018-10-01,1450000000,Investment and Capital Markets Technology,USA
SPTRD1467015,2018-07-31,"Forest City Realty Trust, Inc.",,Brookfield Asset Management Inc.,BAM,,Acquisition of Whole Company (incl. Majority Stake),Completed,2018-12-07,6930252669,Diversified REIT,USA
SPTRD1467030,2018-07-31,"Athena Superholdco, Inc.*",,Fortive Corporation,FTV,"Genstar Capital, LLC",Acquisition of Whole Company (incl. Majority Stake),Completed,2018-09-06,2000000000,Application Software,USA
SPTRD1466492,2018-07-30,"Discovery Midstream Partners, LLC*",,Investor group,,"TPG Capital Management, L.P.",Acquisition of Whole Company (incl. Majority Stake),Completed,2018-08-03,1173000000,Oil and Gas Storage and Transportation,USA
SPTRD1466525,2018-07-30,Four Corners Area assets,,Harvest Midstream Company,,Williams Partners L.P.,Acquisition of Asset or Branch,Completed,2018-10-01,1125000000,Oil and Gas Storage and Transportation,USA
SPTRD1466612,2018-07-30,Food Group of Companies of Services Group of America,,"US Foods, Inc.",USFD,"Services Group of America, Inc.",Acquisition of Whole Company (incl. Majority Stake),Completed,2019-09-13,1800000000,Unclassified,USA
SPTRD1465551,2018-07-26,SUPERVALU INC.,,"United Natural Foods, Inc.",UNFI,,Acquisition of Whole Company (incl. Majority Stake),Completed,2018-10-22,1332860379,Food Retail,USA
SPTRD1465710,2018-07-26,Utica Shale Assets of Chesapeake Energy Corporation,,Encino Acquisition Partners LLC,,Chesapeake Energy Corporation,Acquisition of Asset or Branch,Completed,2018-10-29,2000000000,Oil and Gas Exploration and Production,USA
SPTRD1465723,2018-07-26,Petrohawk Energy Corporation,,BP America Production Company,,BHP Billiton Petroleum (Americas) Inc.,Acquisition of Whole Company (incl. Majority Stake),Completed,2018-10-31,10500000000,Oil and Gas Exploration and Production,USA
SPTRD1677264,2018-07-26,Aleris Corporation,,Novelis Inc.,,Investor group,Acquisition of Whole Company (incl. Majority Stake),Completed,2020-04-14,825000000,Aluminum,USA
SPTRD1464418,2018-07-24,"FCB Financial Holdings, Inc.",,Synovus Financial Corp.,,,Acquisition of Whole Company (incl. Majority Stake),Completed,2019-01-01,1622389734,Bank,USA
SPTRD1463998,2018-07-23,"Corporate Capital Trust, Inc.",,FS Investment Corporation,,,Acquisition of Whole Company (incl. Majority Stake),Completed,2018-12-19,1590256625,Investment and Business Development Companies,USA
SPTRD1464107,2018-07-23,LifePoint Health Inc.,,RegionalCare Hospital Partners Holdings Inc.,,,Acquisition of Whole Company (incl. Majority Stake),Completed,2018-11-16,2678889723,Health Care Facilities,USA
SPTRD1463772,2018-07-22,"Syntel, Inc.",,Atos SE,,,Acquisition of Whole Company (incl. Majority Stake),Completed,2018-10-09,3402564252,Data Processing and Outsourced Services,USA
SPTRD1463294,2018-07-20,"Charles River Systems, Inc.",,State Street Corporation,STT,,Acquisition of Whole Company (incl. Majority Stake),Completed,2018-10-01,2600000000,Investment and Capital Markets Technology,USA
SPTRD1462818,2018-07-19,"Sage Automotive Interiors, Inc.*",,Asahi Kasei Corporation,,"Clearlake Capital Group, L.P.",Acquisition of Whole Company (incl. Majority Stake),Completed,2018-09-27,700000000,Automotive Parts and Equipment,USA
SPTRD1462383,2018-07-18,"Phillips Edison Grocery Center REIT II, Inc.",,"Phillips Edison & Company, Inc.",PECO,,Acquisition of Whole Company (incl. Majority Stake),Completed,2018-11-16,1066325010,Retail REIT,USA
SPTRD1462411,2018-07-17,"Ply Gem Parent, LLC*",,"NCI Building Systems, Inc.",,Investor Group,Acquisition of Whole Company (incl. Majority Stake),Completed,2018-11-16,719186071,Building Products,USA
SPTRD1461479,2018-07-16,Assets in the Americas of Linde Aktiengesellschaft*,,Investor Group,,Linde Aktiengesellschaft,Acquisition of Asset or Branch,Completed,2019-03-01,3300000000,Industrial Gases,USA
SPTRD1462895,2018-07-16,"U.S. Security Associates, Inc.",,Allied Universal,,"Goldman Sachs Group, Inc.",Acquisition of Whole Company (incl. Majority Stake),Completed,2018-10-26,1000000000,Security and Alarm Services,USA
SPTRD1460288,2018-07-11,"CA, Inc.",,Broadcom Inc,AVGO,,Acquisition of Whole Company (incl. Majority Stake),Completed,2018-11-05,18856863677,Systems Software,USA
SPTRD1460046,2018-07-10,TransMontaigne Partners L.P.*,,TLP Finance Holdings LLC,,,Acquisition of Whole Company (incl. Majority Stake),Completed,2019-02-26,542759271,Oil and Gas Storage and Transportation,USA
SPTRD1871147,2018-07-10,Portfolio of 112 self-storage properties,,Investor Group,,"Simply Storage Management, LLC",Acquisition of Asset or Branch,Completed,2018-09-07,1325000000,Diversified Support Services,USA
SPTRD1455946,2018-07-02,Acxiom marketing solutions business,,Interpublic Group of Cos. Inc.,,Acxiom Corp.,Acquisition of Asset or Branch,Completed,2018-10-01,2300000000,Application Software,USA
SPTRD1455615,2018-06-29,"Boardwalk Pipeline Partners, LP",,Loews Corporation,L,,Acquisition of Minority Stake,Completed,2018-07-18,1504010427,Oil and Gas Storage and Transportation,USA
SPTRD1455173,2018-06-28,Convergys Corporation,,SYNNEX Corp.,,,Acquisition of Whole Company (incl. Majority Stake),Completed,2018-10-05,2297672926,Data Processing and Outsourced Services,USA
SPTRD1454471,2018-06-27,"North American Licensing Business of GBG USA, Inc.*",,Differential Brands Group Inc.,,"GBG USA, Inc.",Acquisition of Asset or Branch,Completed,2018-10-29,1210000000,"Apparel, Accessories and Luxury Goods",USA
SPTRD1465133,2018-06-27,"Pinnacle Foods, Inc.",,"Conagra Brands, Inc.",CAG,Investor group,Acquisition of Whole Company (incl. Majority Stake),Completed,2018-10-26,8285737409,Packaged Foods and Meats Producers,USA
SPTRD1453118,2018-06-25,"Education Realty Trust, Inc.",,"Greystar Real Estate Partners, LLC",,,Acquisition of Whole Company (incl. Majority Stake),Completed,2018-09-20,3375615437,Multi-Family Residential REIT,USA
SPTRD1453158,2018-06-25,Easterly Acquisition Corp.,,"Sirius International Insurance Group, Ltd.",,,Acquisition of Whole Company (incl. Majority Stake),Completed,2018-11-05,2200000000,Asset Management,USA
SPTRD1453170,2018-06-25,"Raycom Media, Inc.",,"Gray Television, Inc.",,,Acquisition of Whole Company (incl. Majority Stake),Completed,2019-01-02,3669510000,Broadcasting,USA
SPTRD1453260,2018-06-25,INNIO*,,"Advent International, L.P.",,GE Power & Water,Acquisition of Asset or Branch,Completed,2018-10-26,3250000000,Trading Companies and Distributors,USA
SPTRD1848844,2018-06-25,Portfolio of 19 Purpose-Built Student Housing Properties,,Investor Group,,Education Realty Operating Partnership LP,Acquisition of Asset or Branch,Completed,2018-09-20,1200000000,Real Estate Operating and Management,USA
SPTRD1452513,2018-06-22,"Modular Space Holdings, Inc.*",,"Williams Scotsman International, Inc.",,Investor Group,Acquisition of Whole Company (incl. Majority Stake),Completed,2018-08-15,1055704139,Trading Companies and Distributors,USA
SPTRD1451908,2018-06-21,"Web.com Group, Inc.*",,"Siris Capital Group, LLC",,,Acquisition of Whole Company (incl. Majority Stake),Completed,2018-10-11,1680577378,Internet Services and Infrastructure,USA
SPTRD1456563,2018-06-21,Data center colocation operations and assets,,Brookfield Infrastructure Partners L.P.,BIPH,AT&T Inc.,Acquisition of Asset or Branch,Completed,2018-12-31,1100000000,Broadline Retail,USA
SPTRD1450896,2018-06-19,"Foundation Medicine, Inc.*",,"Roche Holdings, Inc.",,Roche Venture Fund,Acquisition of Minority Stake,Completed,2018-07-30,2395051304,Biotechnology,USA
SPTRD1451003,2018-06-19,Cotiviti Holdings Inc.*,,Verscend Technologies Inc.,,,Acquisition of Whole Company (incl. Majority Stake),Completed,2018-08-27,4352965378,Insurance Technology,USA
SPTRD1451405,2018-06-19,Varsity Brands LLC*,,"Bain Capital Private Equity, LP",,Investor Group,Acquisition of Whole Company (incl. Majority Stake),Completed,2018-08-27,2800000000,"Apparel, Accessories and Luxury Goods",USA
SPTRD1450592,2018-06-18,Corporate Property Associates 17 - Global Incorporated,,W. P. Carey Inc.,WPC,,Acquisition of Whole Company (incl. Majority Stake),Completed,2018-10-31,3781301717,Diversified REIT,USA
SPTRD1448392,2018-06-11,Envision Healthcare Corp.,,KKR & Co. L.P.,KKR,,Acquisition of Whole Company (incl. Majority Stake),Completed,2018-10-11,5741911357,Health Care Services,USA
SPTRD1448403,2018-06-11,"Adaptive Insights, Inc.",,"Workday, Inc.",WDAY,,Acquisition of Whole Company (incl. Majority Stake),Completed,2018-08-01,1437221000,Application Software,USA
SPTRD1446652,2018-06-06,EnLink Midstream companies*,,"Global Infrastructure Management, LLC",,Devon Energy Corp.,Acquisition of Whole Company (incl. Majority Stake),Completed,2018-07-18,3125000000,Oil and Gas Storage and Transportation,USA
SPTRD1446845,2018-06-06,Advanced Sterilization Products Services Inc.,,Fortive Corporation,FTV,"Ethicon US, LLC",Acquisition of Whole Company (incl. Majority Stake),Completed,2019-04-01,2700000000,Health Care Equipment,USA
SPTRD1445705,2018-06-04,"GitHub, Inc.",,Microsoft Corporation,MSFT,,Acquisition of Whole Company (incl. Majority Stake),Completed,2018-10-25,7500000000,Application Software,USA
SPTRD1442321,2018-05-29,"Meridian Health Plan of Michigan, Inc./Illinois, Inc./MeridianRx",,"WellCare Health Plans, Inc.",,"Caidan Enterprises, Inc.",Acquisition of Whole Company (incl. Majority Stake),Completed,2018-09-01,2500000000,Managed Care,USA
SPTRD1440392,2018-05-23,Solar portfolio,,Global Atlantic Financial Group Limited,,Southern Power Company,Acquisition of Asset or Branch,Completed,2018-05-25,1175000000,Renewable Electricity,USA
SPTRD1439164,2018-05-21,"MB Financial, Inc.",,Fifth Third Financial Corporation,,,Acquisition of Whole Company (incl. Majority Stake),Completed,2019-03-22,3607868628,Bank,USA
SPTRD1439183,2018-05-21,Ipreo Holdings LLC*,,Markit North America Inc.,,Investor group,Acquisition of Whole Company (incl. Majority Stake),Completed,2018-08-02,1855000000,Financial Media and Data Solutions,USA
SPTRD1439241,2018-05-21,GlobalLogic Inc.*,,Canada Pension Plan Investment Board,,Investor Group,Acquisition of Whole Company (incl. Majority Stake),Completed,2018-12-31,2000000000,IT Consulting and Other Services,USA
SPTRD1439386,2018-05-21,Gulf Power Company,,"NextEra Energy, Inc.",NEE,Southern Company,Acquisition of Whole Company (incl. Majority Stake),Completed,2019-01-01,4350000000,Electric Utilities,USA
SPTRD1439476,2018-05-21,"PowerPlan, Inc.*",,"Roper Technologies, Inc.",ROP,"Thoma Bravo, L.P.",Acquisition of Whole Company (incl. Majority Stake),Completed,2018-06-04,1110000000,Application Software,USA
SPTRD1439488,2018-05-21,GE Transportation,,Westinghouse Air Brake Technologies Corporation,WAB,General Electric Company,Acquisition of Whole Company (incl. Majority Stake),Completed,2019-02-25,9851536000,Machinery and Equipment: Construction and Heavy Transportation,USA
SPTRD1439581,2018-05-21,Adobe Commerce*,,Adobe Systems Incorporated,,Investor Group,Acquisition of Whole Company (incl. Majority Stake),Completed,2018-06-18,1680000000,Application Software,USA
SPTRD1439007,2018-05-18,"Carrier Commercial Refrigeration, Inc.",,Middleby Marshall Inc.,,Investor Group,Acquisition of Whole Company (incl. Majority Stake),Completed,2018-06-22,1000000000,Machinery and Supplies and Components: Industrial,USA
SPTRD1438267,2018-05-17,Williams Partners L.P.,,"Williams Companies, Inc.",WMB,,Acquisition of Minority Stake,Completed,2018-08-10,12160470321,Oil and Gas Storage and Transportation,USA
SPTRD1438431,2018-05-17,"Spectra Energy Partners, LP",,Enbridge Inc.,ENB,,Acquisition of Minority Stake,Completed,2018-12-17,2907960103,Oil and Gas Storage and Transportation,USA
SPTRD1438444,2018-05-17,"Enbridge Energy Partners, L.P.",,Enbridge Inc.,ENB,,Acquisition of Whole Company (incl. Majority Stake),Completed,2018-12-20,2284108250,Oil and Gas Storage and Transportation,USA
SPTRD1437834,2018-05-16,"Abaxis, Inc.",,Zoetis Inc.,ZTS,,Acquisition of Whole Company (incl. Majority Stake),Completed,2018-07-31,1994349979,Health Care Equipment,USA
SPTRD1437884,2018-05-16,"Carolina Panthers, LLC",,Private Investor,,,Acquisition of Whole Company (incl. Majority Stake),Completed,2018-07-09,2275000000,Movies and Entertainment,USA
SPTRD1458833,2018-05-14,"Crown Pine Timber 1, L.P.*",,Investor Group,,Investor Group,Acquisition of Whole Company (incl. Majority Stake),Completed,2018-07-06,1389500000,Forest Products,USA
SPTRD1435787,2018-05-10,Amberjack Pipeline,,"Shell Midstream Partners, L.P.",,Royal Dutch Shell plc,Acquisition of Asset or Branch,Completed,2018-05-11,1220000000,Oil and Gas Storage and Transportation,USA
SPTRD1435829,2018-05-10,"ARMO BioSciences, Inc.*",,Eli Lilly and Company,LLY,Investor Group,Acquisition of Whole Company (incl. Majority Stake),Completed,2018-06-21,1627936242,Biotechnology,USA
SPTRD1435124,2018-05-09,U.S. Midstream Businesses of Enbridge Inc.*,,"ArcLight Capital Partners, LLC",,Enbridge Inc.,Acquisition of Asset or Branch,Completed,2018-08-01,1100000000,Oil and Gas Refining and Marketing,USA
SPTRD1471483,2018-05-08,"Glassdoor, Inc.",,"Recruit Holdings Co.,Ltd.",,,Acquisition of Whole Company (incl. Majority Stake),Completed,2018-06-21,1200000000,Human Resource and Employment Services,USA
SPTRD1433726,2018-05-07,MORSCO Inc.*,,Reece Limited,,"Advent International, L.P.",Acquisition of Whole Company (incl. Majority Stake),Completed,2018-07-02,1440000000,Trading Companies and Distributors,USA
SPTRD1434163,2018-05-07,Gramercy Property Trust*,,Blackstone Group L.P.,BX,,Acquisition of Whole Company (incl. Majority Stake),Completed,2018-10-10,4619620007,Industrial REIT,USA
SPTRD1434262,2018-05-07,Marketing and Distribution Rights of Various Brands of Starbucks Corporation,,Nestlé S.A.,,Starbucks Corporation,Acquisition of Asset or Branch,Completed,2018-08-26,7150000000,Food Distributors,USA
SPTRD1433329,2018-05-04,Waddington Group Inc.,,Novolex,,Newell Brands Inc.,Acquisition of Whole Company (incl. Majority Stake),Completed,2018-06-29,2300000000,"Containers and Packaging: Metal, Glass, and Plastic",USA
SPTRD1432322,2018-05-02,"Benevir Biopharm, Inc.",,"Janssen Biotech, Inc.",,"Pansend Life Sciences, LLC",Acquisition of Whole Company (incl. Majority Stake),Completed,2018-06-11,1040000000,Biotechnology,USA
SPTRD1431711,2018-05-01,KLX Inc.,,Boeing Distribution,,Investor Group,Acquisition of Whole Company (incl. Majority Stake),Completed,2018-10-09,4227573020,Aerospace and Defense,USA
SPTRD1431795,2018-05-01,"Service Provider Video Software and Solutions of Cisco Systems, Inc.*",,Permira Advisers Ltd.,,"Cisco Systems, Inc.",Acquisition of Whole Company (incl. Majority Stake),Completed,2018-10-28,1000000000,Unclassified,USA
SPTRD1431440,2018-04-30,Andeavor,,Marathon Petroleum Corporation,MPC,Investor Group,Acquisition of Whole Company (incl. Majority Stake),Completed,2018-10-01,22683779075,Oil and Gas Refining and Marketing,USA
SPTRD1431455,2018-04-30,"ILG, Inc.",,Marriott Vacations Worldwide Corporation,VAC,Investor Group,Acquisition of Whole Company (incl. Majority Stake),Completed,2018-09-01,4366772075,"Hotels, Resorts and Cruise Lines",USA
SPTRD1431469,2018-04-30,"Financial Engines, Inc.*",,"Edelman Financial Services, LLC",,,Acquisition of Whole Company (incl. Majority Stake),Completed,2018-07-19,3024550957,Asset Management,USA
SPTRD2142540,2018-04-30,Grand Wailea Resort & Hotel Spa,,Blackstone Real Estate Advisors L.P.,,GIC Private Limited,Acquisition of Whole Company (incl. Majority Stake),Completed,2018-04-30,1100000000,"Hotels, Resorts and Cruise Lines",USA
SPTRD1431419,2018-04-29,DCT Industrial Trust Inc.,,"Prologis, Inc.",PLD,,Acquisition of Whole Company (incl. Majority Stake),Completed,2018-08-22,6531770593,Industrial REIT,USA
SPTRD1431480,2018-04-29,Sprint Corporation,,"T-Mobile US, Inc.",TMUS,SoftBank Group Corp.,Acquisition of Whole Company (incl. Majority Stake),Completed,2020-04-01,36859805789,Wireless Telecommunication Services,USA
SPTRD1428806,2018-04-26,"Quality Care Properties, Inc.",,Welltower Inc.,WELL,"HCP, Inc.",Acquisition of Whole Company (incl. Majority Stake),Completed,2018-07-26,1990124757,Health Care REIT,USA
SPTRD1428812,2018-04-26,Rice Midstream Partners LP,,"EQT Midstream Partners, LP",,Investor group,Acquisition of Whole Company (incl. Majority Stake),Completed,2018-07-23,1860601000,Oil and Gas Storage and Transportation,USA
SPTRD1428815,2018-04-26,"CYS Investments, Inc.*",,Two Harbors Investment Corp.,TWO,,Acquisition of Whole Company (incl. Majority Stake),Completed,2018-07-31,1149834257,Investment and Business Development Companies,USA
SPTRD1428820,2018-04-26,Ohio gathering assets,,"EQT Midstream Partners, LP",,EQT Corporation,Acquisition of Asset or Branch,Completed,2018-05-22,1472909332,Oil and Gas Storage and Transportation,USA
SPTRD1430795,2018-04-25,"HCR ManorCare, Inc.",,"ProMedica Health System, Inc.",,"Quality Care Properties, Inc.",Acquisition of Whole Company (incl. Majority Stake),Completed,2018-07-26,300000000,Health Care Facilities,USA
SPTRD1431000,2018-04-25,SRS Distribution Inc.*,,"Leonard Green & Partners, L.P.",,Berkshire Partners LLC,Acquisition of Whole Company (incl. Majority Stake),Completed,2018-05-23,3000000000,Trading Companies and Distributors,USA
SPTRD1427544,2018-04-23,Vectren Corporation,,"CenterPoint Energy, Inc.",CNP,,Acquisition of Whole Company (incl. Majority Stake),Completed,2019-02-01,6022732752,Multi-Utilities,USA
SPTRD1427773,2018-04-23,"Viewpoint, Inc.*",,Trimble Inc.,TRMB,"Bain Capital Private Equity, LP",Acquisition of Whole Company (incl. Majority Stake),Completed,2018-07-02,1200000000,Application Software,USA
SPTRD1632740,2018-04-23,"Curo Health Services, LLC*",,Investor Group,,"Thomas H. Lee Partners, L.P.",Acquisition of Whole Company (incl. Majority Stake),Completed,2018-07-11,1400000000,Health Care Facilities,USA
SPTRD1427406,2018-04-21,"Sound Inpatient Physicians, Inc.*",,Investor Group,,Fresenius Medical Care AG & Co. KGaA,Acquisition of Whole Company (incl. Majority Stake),Completed,2018-06-28,2150000000,Managed Health Care,USA
SPTRD1815800,2018-04-16,Real Estate Assets of Six Casino Properties,,Investor Group,,Tropicana Entertainment Inc.,Acquisition of Asset or Branch,Completed,2018-10-01,1210000000,Real Estate Operating and Management,USA
SPTRD1424449,2018-04-12,"Fitch Group, Inc.",,Hearst Corporation,,F. Marc de Lacharrière (Fimalac) S.A.,Acquisition of Minority Stake,Completed,2018-04-12,2800000000,Financial Media and Data Solutions,USA
SPTRD1642753,2018-04-10,Federal-Mogul LLC,,Tenneco Inc.,,American Entertainment Properties Corp.,Acquisition of Whole Company (incl. Majority Stake),Completed,2018-10-01,5400000000,Automotive Parts and Equipment,USA
SPTRD1422456,2018-04-09,"AveXis, Inc.*",,Novartis AG,NVS,Investor Group,Acquisition of Whole Company (incl. Majority Stake),Completed,2018-05-14,8696329020,Biotechnology,USA
SPTRD1422894,2018-04-09,"Verifone Systems, Inc.*",,Investor Group,,,Acquisition of Whole Company (incl. Majority Stake),Completed,2018-08-20,2686577193,Payment Processors,USA
SPTRD1422942,2018-04-09,Delaware Basin subsidiary companies,,Morgan Stanley Infrastructure Inc.,,Investor group,Acquisition of Whole Company (incl. Majority Stake),Completed,2018-05-29,1750000000,Integrated Oil and Gas,USA
SPTRD1813469,2018-04-06,Portfolio of Properties in United States,,"Silverstein Properties, Inc.",,The Walt Disney Company,Acquisition of Asset or Branch,Completed,2018-07-01,1155000000,Unclassified,USA
SPTRD1871023,2018-04-05,"Northfield Park Associates, LLC",,MGM Growth Properties Operating Partnership LP,,Milstein Entertainment LLC,Acquisition of Whole Company (incl. Majority Stake),Completed,2018-07-06,1062500000,Leisure Facilities,USA
SPTRD1420928,2018-04-04,"Ainsworth Pet Nutrition Parent, LLC*",,NU Pet Company,,L Catterton Partners,Acquisition of Whole Company (incl. Majority Stake),Completed,2018-05-14,1900000000,Packaged Foods and Meats Producers,USA
SPTRD1419719,2018-04-02,VVC Holding Corp.*,,"Veritas Capital Fund Management, L.L.C",,GE Healthcare LLC,Acquisition of Asset or Branch,Completed,2018-07-11,1050000000,Health Care Technology,USA
SPTRD1418290,2018-03-28,"Polycom, LLC*",,"Plantronics, Inc.",,Investor Group,Acquisition of Whole Company (incl. Majority Stake),Completed,2018-07-02,1432355326,Communications Equipment,USA
SPTRD1418320,2018-03-28,"RSP Permian, Inc.",,Concho Resources Inc.,,Investor Group,Acquisition of Whole Company (incl. Majority Stake),Completed,2018-07-19,7738353291,Oil and Gas Exploration and Production,USA
SPTRD1418431,2018-03-28,LaSalle Hotel Properties,,Pebblebrook Hotel Trust,PEB,,Acquisition of Whole Company (incl. Majority Stake),Completed,2018-11-30,3415759371,Hotel and Resort REIT,USA
SPTRD1417104,2018-03-26,USG Corporation,,Gebr. Knauf KG,,Investor Group,Acquisition of Whole Company (incl. Majority Stake),Completed,2019-04-24,5531788455,Building Products,USA
SPTRD1417263,2018-03-26,GGP Inc.,,Brookfield Property Partners L.P.,BPYPP,,Acquisition of Whole Company (incl. Majority Stake),Completed,2018-08-28,14250396607,Retail REIT,USA
SPTRD1417441,2018-03-26,"Tallgrass Energy Partners, LP*",,"Tallgrass Energy GP, LP",,,Acquisition of Whole Company (incl. Majority Stake),Completed,2018-06-30,2113758059,Oil and Gas Storage and Transportation,USA
SPTRD1416197,2018-03-22,"Wynn Resorts, Limited",WYNN,Investor Group,,,Acquisition of Minority Stake,Completed,2019-03-28,1404673900,Casinos and Gaming,USA
SPTRD1415551,2018-03-21,"Corpus Christi Project, Certain Intellectual Property and a Desalination/Boiler",,Investor Group,,M&G USA Corporation,Acquisition of Asset or Branch,Completed,2018-12-28,1199000000,Commodity Chemicals,USA
SPTRD1641632,2018-03-21,"All Assets of Mission Health System, Inc.",,"HCA Healthcare, Inc.",HCA,"Mission Health System, Inc.",Acquisition of Asset or Branch,Completed,2019-01-31,1500000000,Unclassified,USA
SPTRD1415155,2018-03-20,"MuleSoft, Inc.*",,"salesforce.com, inc.",,Investor Group,Acquisition of Whole Company (incl. Majority Stake),Completed,2018-05-01,6773694555,Application Software,USA
SPTRD1418949,2018-03-20,EnerVest's South Texas Division,,TPG Pace Energy Holdings Corp.,,Investor Group,Acquisition of Asset or Branch,Completed,2018-07-31,2798329909,Oil and Gas Exploration and Production,USA
SPTRD1815965,2018-03-20,Chelsea Market in New York,,Alphabet Inc.,GOOGL,"Jamestown, L.P.",Acquisition of Asset or Branch,Completed,2018-03-20,2400000000,Real Estate Operating and Management,USA
SPTRD1414471,2018-03-16,"LifeScan, Inc.*",,"Platinum Equity, LLC",,Johnson & Johnson,Acquisition of Whole Company (incl. Majority Stake),Completed,2018-10-01,2100000000,Health Care Equipment,USA
SPTRD1381692,2018-03-15,"Connecticut Water Service, Inc.",,SJW Group,,Investor Group,Acquisition of Whole Company (incl. Majority Stake),Completed,2019-10-09,831837020,Water Utilities,USA
SPTRD1379714,2018-03-12,"Oclaro, Inc.",,Lumentum Holdings Inc.,LITE,Investor Group,Acquisition of Whole Company (incl. Majority Stake),Completed,2018-12-10,1452720061,Communications Equipment,USA
SPTRD1379230,2018-03-09,"Integrated DNA Technologies, Inc.*",,Danaher Corporation,DHR,"Summit Partners, L.P.",Acquisition of Whole Company (incl. Majority Stake),Completed,2018-04-13,2000000000,Life Sciences Tools and Services,USA
SPTRD1378217,2018-03-08,Express Scripts Holding Co.,,Cigna Corporation,CI,,Acquisition of Whole Company (incl. Majority Stake),Completed,2018-12-20,54815469764,Health Care Services,USA
SPTRD1816073,2018-03-08,Sands Bethworks Gaming LLC,,"PCI Gaming Authority, Inc.",,Las Vegas Sands Corp.,Acquisition of Whole Company (incl. Majority Stake),Completed,2019-05-31,1300000000,Casinos and Gaming,USA
SPTRD1377576,2018-03-07,"Butler Group Holdings, Inc.",,"Inovalon Holdings, Inc.",,,Acquisition of Whole Company (incl. Majority Stake),Completed,2018-04-01,1180560000,Health Care Technology,USA
SPTRD1377922,2018-03-07,"Stevens Holding Company, Inc.",,Altra Industrial Motion Corp.,,Fortive Corporation,Acquisition of Asset or Branch,Completed,2018-10-01,2445500000,Machinery and Supplies and Components: Industrial,USA
SPTRD1377220,2018-03-06,"CommerceHub, Inc.*",,Investor Group,,Investor Group,Acquisition of Whole Company (incl. Majority Stake),Completed,2018-05-21,1075715691,Application Software,USA
SPTRD1430861,2018-03-02,"HCR ManorCare, Inc.",,"Quality Care Properties, Inc.",,,Acquisition of Whole Company (incl. Majority Stake),Completed,2018-07-26,300000000,Health Care Facilities,USA
SPTRD1375947,2018-03-01,Microsemi Corporation,,Microchip Technology Incorporated,MCHP,Investor Group,Acquisition of Whole Company (incl. Majority Stake),Completed,2018-05-29,8335665522,Semiconductors,USA
SPTRD1374624,2018-02-27,Student Transportation Inc.,,Investor Group,,"SNCF Participations, S.A.",Acquisition of Whole Company (incl. Majority Stake),Completed,2018-04-27,807262383,Passenger Ground Transportation,USA
SPTRD1373595,2018-02-26,"Spectrum Brands Holdings, Inc.",SPB,"HRG Group, Inc.",,Brahman Capital Corp.,Acquisition of Minority Stake,Completed,2018-07-13,1944469781,Household Products Producers,USA
SPTRD1372386,2018-02-23,"Blue Buffalo Pet Products, Inc.*",,"General Mills, Inc.",GIS,Investor Group,Acquisition of Whole Company (incl. Majority Stake),Completed,2018-04-24,7932220994,Packaged Foods and Meats Producers,USA
SPTRD1848924,2018-02-21,Andaz Maui and Grand Hyatt San Francisco and Hyatt Regency Coconut Point,,Host Hotels & Resorts LP,HST,Investor Group,Acquisition of Asset or Branch,Completed,2018-03-29,1000000000,"Hotels, Resorts and Cruise Lines",USA
SPTRD1870959,2018-02-20,"Property Located at 701 Seventh Avenue, New York",,Maefield Development Corporation,,Winthrop Realty Trust,Acquisition of Asset or Branch,Completed,2018-04-30,1530000000,Real Estate Operating and Management,USA
SPTRD1368866,2018-02-15,"A. Schulman, Inc.",,LyondellBasell Industries N.V.,LYB,Investor Group,Acquisition of Whole Company (incl. Majority Stake),Completed,2018-08-21,1361563761,Specialty Chemicals,USA
SPTRD1369035,2018-02-15,"Flatiron Health, Inc.*",,Roche Holding AG,,Investor Group,Acquisition of Whole Company (incl. Majority Stake),Completed,2018-04-06,1900000000,Health Care Technology,USA
SPTRD1368459,2018-02-14,Auto finance business of Wells Fargo & Co.,,"Popular Auto, LLC",,Wells Fargo & Company,Acquisition of Asset or Branch,Completed,2018-08-01,1843256000,Mortgage Banks and Brokers,USA
SPTRD1367575,2018-02-13,Nationstar Mortgage Holdings Inc.*,,WMIH Corp.,,Fortress Investment Group LLC,Acquisition of Whole Company (incl. Majority Stake),Completed,2018-07-31,1795885000,Specialty Finance: Consumer Focused,USA
SPTRD1367927,2018-02-13,Infinity Property and Casualty Corporation,,Kemper Corporation,KMPR,,Acquisition of Whole Company (incl. Majority Stake),Completed,2018-07-02,1559485587,Property and Casualty,USA
SPTRD1367459,2018-02-12,CSRA Inc.,,General Dynamics Corporation,GD,Fidelity Management & Research Company LLC,Acquisition of Whole Company (incl. Majority Stake),Completed,2018-04-02,6928074643,IT Consulting and Other Services,USA
SPTRD1364614,2018-02-07,"Renewable energy business of NRG Energy, Inc.*",,"Global Infrastructure Management, LLC",,"NRG Energy, Inc.",Acquisition of Asset or Branch,Completed,2018-08-31,1347500000,Independent Power Producers and Energy Traders,USA
SPTRD1364677,2018-02-07,"South Central business of NRG Energy, Inc.*",,Cleco Corporate Holdings LLC,,"NRG Energy, Inc.",Acquisition of Asset or Branch,Completed,2019-02-04,1000000000,Electric Utilities,USA
SPTRD1363496,2018-02-05,8point3 Energy Partners LP,,"Capital Dynamics, Inc.",,Investor group,Acquisition of Whole Company (incl. Majority Stake),Completed,2018-06-19,987084446,Renewable Electricity,USA
SPTRD1363806,2018-02-05,Convenience Store Business of The Kroger Co.,,EG Group Limited,,The Kroger Co.,Acquisition of Asset or Branch,Completed,2018-04-20,2150000000,Food Retail,USA
SPTRD1361922,2018-02-02,Convergint Technologies LLC,,"Ares Management, L.P.",ARES,,Acquisition of Whole Company (incl. Majority Stake),Completed,2018-02-02,1600000000,IT Consulting and Other Services,USA
SPTRD1360871,2018-01-31,"Ply Gem Midco, LLC*",,"Clayton, Dubilier & Rice, LLC",,Investor Group,Acquisition of Whole Company (incl. Majority Stake),Completed,2018-04-12,1520393917,Building Products,USA
SPTRD1340208,2018-01-30,Callidus Software Inc.,,"SAP America, Inc.",,Investor Group,Acquisition of Whole Company (incl. Majority Stake),Completed,2018-04-05,2568321648,Application Software,USA
SPTRD1355538,2018-01-30,Financial & Risk business of Thomson Reuters Corporation*,,Investor group,,Thomson Reuters Corporation,Acquisition of Asset or Branch,Completed,2018-10-01,17000000000,Financial Media and Data Solutions,USA
SPTRD1337673,2018-01-29,Kapstone Paper and Packaging Corporation,,WestRock Company,,Investor Group,Acquisition of Whole Company (incl. Majority Stake),Completed,2018-11-02,3149225498,Paper Products,USA
SPTRD1222568,2018-01-22,"Juno Therapeutics, Inc.*",,Celgene Corporation,,Investor Group,Acquisition of Whole Company (incl. Majority Stake),Completed,2018-03-06,9295394636,Biotechnology,USA
SPTRD1222587,2018-01-22,Bioverativ Inc.,,Sanofi,SNY,Investor Group,Acquisition of Whole Company (incl. Majority Stake),Completed,2018-03-07,11474261820,Biotechnology,USA
SPTRD1219526,2018-01-19,Liberty Life Assurance Company of Boston & Individual Life and Annuity business,,Investor group,,Liberty Mutual Holding Company Inc.,Acquisition of Asset or Branch,Completed,2018-05-01,2844000000,Life and Health,USA
SPTRD1219438,2018-01-18,La Quinta Holdings Inc.,,Wyndham Worldwide Corporation,,,Acquisition of Whole Company (incl. Majority Stake),Completed,2018-05-30,999943216,"Hotels, Resorts and Cruise Lines",USA
SPTRD1224515,2018-01-18,Westinghouse Electric claims,,"Baupost Group, L.L.C.",,Toshiba Corporation,Acquisition of Asset or Branch,Completed,2018-01-22,2160000000,Construction and Engineering,USA
SPTRD1218449,2018-01-16,"Blackhawk Network Holdings, Inc.*",,Investor group,,,Acquisition of Whole Company (incl. Majority Stake),Completed,2018-06-15,3062269881,Payment Processors,USA
SPTRD1218491,2018-01-16,"Global Battery and Lighting Business of Spectrum Brands Holdings, Inc.",,"Energizer Holdings, Inc.",ENR,"Spectrum Brands Holdings, Inc.",Acquisition of Asset or Branch,Completed,2019-01-02,2000000000,Household Products Producers,USA
SPTRD1218572,2018-01-16,Compression Business,,"USA Compression Partners, LP",USAC,"Energy Transfer Partners, L.P.",Acquisition of Whole Company (incl. Majority Stake),Completed,2018-04-02,1665227119,Oil and Gas Equipment and Services,USA
SPTRD1218602,2018-01-16,U.S. Confectionary Business of Nestlé S.A.,,Ferrero International S.A.,,Nestlé S.A.,Acquisition of Asset or Branch,Completed,2018-03-31,2800000000,Packaged Foods and Meats Producers,USA
SPTRD1158808,2018-01-11,"DST Systems, Inc.",,"SS&C Technologies Holdings, Inc.",SSNC,,Acquisition of Whole Company (incl. Majority Stake),Completed,2018-04-16,5130769733,Data Processing and Outsourced Services,USA
SPTRD1144605,2018-01-09,"AmTrust Financial Services, Inc.*",,Investor group,,,Acquisition of Minority Stake,Completed,2018-11-29,1390144972,Property and Casualty,USA
SPTRD1140903,2018-01-08,Lucid Energy Group II LLC*,,Investor group,,Investor group,Acquisition of Whole Company (incl. Majority Stake),Completed,2018-02-15,1600000000,Oil and Gas Storage and Transportation,USA
SPTRD1140495,2018-01-07,"Impact Biomedicines, Inc.*",,Celgene Corporation,,Investor Group,Acquisition of Whole Company (incl. Majority Stake),Completed,2018-02-28,7000000000,Biotechnology,USA
SPTRD1423741,2018-01-04,"OneMain Holdings, Inc.*",OMF,Investor Group,,Fortress Investment Group LLC,Acquisition of Minority Stake,Completed,2018-06-25,1428375000,Specialty Finance: Consumer Focused,USA
SPTRD1135279,2018-01-03,SCANA Corporation,,"Dominion Energy, Inc.",D,,Acquisition of Whole Company (incl. Majority Stake),Completed,2019-01-01,6800000000,Multi-Utilities,USA
SPTRD1693180,2018-01-03,24-Property Student Housing Portfolio,,Scion Student Communities LP,,"Harrison Street Real Estate Capital, LLC",Acquisition of Asset or Branch,Completed,2018-01-03,1100113000,Real Estate Operating and Management,USA
SPTRD1134581,2018-01-02,"Archrock Partners, L.P.",,"Archrock, Inc.",AROC,,Acquisition of Whole Company (incl. Majority Stake),Completed,2018-04-26,619334963,Oil and Gas Equipment and Services,USA
SPTRD1131668,2017-12-26,"Meter Readings Holding, LLC*",,"Hubbell Power Systems, Inc.",,"Sun Capital Partners, Inc.",Acquisition of Whole Company (incl. Majority Stake),Completed,2018-02-02,1100000000,Technology Distributors,USA
SPTRD1429815,2017-12-26,"Sucampo Pharmaceuticals, Inc.*",,Keenova Therapeutics plc,,Investor Group,Acquisition of Whole Company (incl. Majority Stake),Completed,2018-02-13,1219044854,Pharmaceuticals,USA
SPTRD1130660,2017-12-22,"Ignyta, Inc.*",,"Roche Holdings, Inc.",,Investor Group,Acquisition of Whole Company (incl. Majority Stake),Completed,2018-02-07,1938595415,Biotechnology,USA
SPTRD1130166,2017-12-21,Closed Block Variable Annuity and Fixed and Fixed Indexed Annuities Businesses o*,,Investor group,,"Voya Financial, Inc.",Acquisition of Asset or Branch,Completed,2018-06-01,1100000000,Life and Health,USA
SPTRD1129786,2017-12-20,"Cabot Industrial Value Fund IV Reit, LLC & Cabot Industrial Value Fund IV Operat",,BREIT Industrial Bobcat Holdings LLC,,Investor Group,Acquisition of Asset or Branch,Completed,2018-03-09,1800000000,Unclassified,USA
SPTRD1128916,2017-12-19,"Kindred Healthcare, Inc.*",,Investor Group,,Investor Group,Acquisition of Whole Company (incl. Majority Stake),Completed,2018-07-02,851766399,Health Care Facilities,USA
SPTRD1130270,2017-12-19,Signode Industrial Group LLC,,"Crown Holdings, Inc.",CCK,Carlyle Group L.P.,Acquisition of Whole Company (incl. Majority Stake),Completed,2018-04-03,3910000000,"Containers and Packaging: Metal, Glass, and Plastic",USA
SPTRD1127247,2017-12-18,Cayan LLC*,,"Total System Services, Inc.",,,Acquisition of Whole Company (incl. Majority Stake),Completed,2018-01-11,1050000000,Payment Processors,USA
SPTRD1128191,2017-12-18,"Pinnacle Entertainment, Inc.",,"Penn National Gaming, Inc.",,,Acquisition of Whole Company (incl. Majority Stake),Completed,2018-10-15,2107116490,Casinos and Gaming,USA
SPTRD1128251,2017-12-18,"Snyder's-Lance, Inc.",,Campbell Soup Company,,,Acquisition of Whole Company (incl. Majority Stake),Completed,2018-03-26,4996222164,Packaged Foods and Meats Producers,USA
SPTRD1125661,2017-12-14,"Twenty-First Century Fox, Inc.",,Walt Disney Company,DIS,,Acquisition of Whole Company (incl. Majority Stake),Completed,2019-03-20,70033496365,Movies and Entertainment,USA
SPTRD1098878,2017-12-11,Loan Portfolio*,,"Morgan Stanley Bank, National Association",,PacWest Bancorp,Acquisition of Asset or Branch,Completed,2018-03-30,1480000000,Specialty Finance: Commercial Focused,USA
SPTRD1125641,2017-12-11,"IO Data Centers, LLC",,Iron Mountain Incorporated,IRM,,Acquisition of Whole Company (incl. Majority Stake),Completed,2018-01-10,1340000000,Data Processing and Outsourced Services,USA
SPTRD1097249,2017-12-07,Perimeter Solutions*,PRM,"SK Capital Partners, LP",,Israel Chemicals Ltd.,Acquisition of Asset or Branch,Completed,2018-03-28,1000000000,Oil and Gas Refining and Marketing,USA
SPTRD1096677,2017-12-06,DaVita Medical Group,,"Optum, Inc.",,DaVita Inc.,Acquisition of Whole Company (incl. Majority Stake),Completed,2019-06-19,4340000000,Health Care Services,USA
SPTRD1085229,2017-12-05,Regal Entertainment Group,,Cineworld Group plc,,,Acquisition of Whole Company (incl. Majority Stake),Completed,2018-02-28,3627463584,Movies and Entertainment,USA
SPTRD1081484,2017-12-04,"Talcott Resolution Life, Inc.*",,Investor Group,,"Hartford Financial Services Group, Inc.",Acquisition of Whole Company (incl. Majority Stake),Completed,2018-05-31,1607000000,Life and Health,USA
SPTRD1095305,2017-12-04,General Cable Corporation,,Prysmian S.p.A.,,Investor Group,Acquisition of Whole Company (incl. Majority Stake),Completed,2018-06-06,1977756250,Electrical Components and Equipment: Light,USA
SPTRD1079097,2017-12-03,Aetna Inc.,,CVS Health Corp.,CVS,,Acquisition of Whole Company (incl. Majority Stake),Completed,2018-11-28,70746506065,Managed Care,USA
SPTRD1094825,2017-12-01,"RSI Home Products, Inc.",,American Woodmark Corporation,,,Acquisition of Whole Company (incl. Majority Stake),Completed,2017-12-29,491174370,Home Furnishings Producers,USA
SPTRD1132788,2017-11-30,Aricent Inc.,,Altran US Corp.,,KKR & Co. L.P.,Acquisition of Whole Company (incl. Majority Stake),Completed,2018-03-22,2000000000,IT Consulting and Other Services,USA
SPTRD1692861,2017-11-30,"25-Property, 9,677-Unit Multifamily Portfolio Spanning Five Major Metropolitan A*",,"Harbor Group International, LLC",,"Lone Star Americas Acquisitions, Inc.",Acquisition of Asset or Branch,Completed,2017-11-30,1799922000,Real Estate Operating and Management,USA
SPTRD1816958,2017-11-29,Real estate assets associated with Harrah's Las Vegas Hotel and Casino,,VICI Properties Inc.,VICI,"Harrah's Las Vegas, LLC",Acquisition of Asset or Branch,Completed,2017-12-22,1136200000,Real Estate Operating and Management,USA
SPTRD1065811,2017-11-28,"Buffalo Wild Wings, Inc.*",,"Arby's Restaurant Group, Inc.",,Investor Group,Acquisition of Whole Company (incl. Majority Stake),Completed,2018-02-05,2467815771,Restaurants,USA
SPTRD1061788,2017-11-27,"Barracuda Networks, Inc.*",,"Thoma Bravo, L.P.",,Investor Group,Acquisition of Whole Company (incl. Majority Stake),Completed,2018-02-12,1611639718,Systems Software,USA
SPTRD1059010,2017-11-26,Time Inc.,,Meredith Corporation,,,Acquisition of Whole Company (incl. Majority Stake),Completed,2018-01-31,1915863918,Publishing,USA
SPTRD1030212,2017-11-20,"Cavium, Inc.*",,Marvell Technology Group Ltd.,MRVL,Investor Group,Acquisition of Whole Company (incl. Majority Stake),Completed,2018-07-06,6203404199,Semiconductors,USA
SPTRD1006377,2017-11-16,Consumer credit receivables portfolio,,Synchrony Bank,,"PayPal Holdings, Inc.",Acquisition of Asset or Branch,Completed,2018-07-02,6900000000,Specialty Finance: Consumer Focused,USA
SPTRD1817054,2017-11-16,"Centaur Holdings, LLC*",,Caesars Entertainment Corporation,CZR,Investor Group,Acquisition of Whole Company (incl. Majority Stake),Completed,2018-07-16,1700000000,Casinos and Gaming,USA
SPTRD992293,2017-11-13,Refining logistics assets /fuels distribution services of Marathon Petroleum Cor,,MPLX LP,MPLX,Marathon Petroleum Corporation,Acquisition of Asset or Branch,Completed,2018-02-01,8337080000,Integrated Oil and Gas,USA
SPTRD991589,2017-11-12,"Uber Technologies, Inc.*",UBER,Investor Group,,Investor Group,Acquisition of Minority Stake,Completed,2018-01-18,8000000000,Application Software,USA
SPTRD985915,2017-11-09,Musical.ly Inc.*,,Bytedance Ltd,,Investor Group,Acquisition of Whole Company (incl. Majority Stake),Completed,2017-11-28,1000000000,Interactive Media and Services,USA
SPTRD1598167,2017-11-01,"Securus Technologies, LLC*",,"Platinum Equity, LLC",,"ABRY Partners, LLC",Acquisition of Whole Company (incl. Majority Stake),Completed,2017-11-01,1600000000,Interactive Media and Services,USA
SPTRD969312,2017-11-01,Duff & Phelps Corporation*,,Permira Advisers LLP,,Investor Group,Acquisition of Whole Company (incl. Majority Stake),Completed,2018-02-28,1750000000,Research and Consulting Services,USA
SPTRD1429907,2017-10-30,Cheetah Cub Group Corp.*,,Lennar Corporation,LEN,MatlinPatterson Global Advisers LLC,Acquisition of Whole Company (incl. Majority Stake),Completed,2018-02-12,6124304933,Homebuilding Producers,USA
SPTRD967713,2017-10-30,Dynegy Inc.*,,Vistra Energy Corp.,,,Acquisition of Whole Company (incl. Majority Stake),Completed,2018-04-09,2421210279,Independent Power Producers and Energy Traders,USA
SPTRD967734,2017-10-30,Capella Education Company*,,"Strayer Education, Inc.",,Investor Group,Acquisition of Whole Company (incl. Majority Stake),Completed,2018-08-01,1209050268,Education Services,USA
SPTRD966348,2017-10-26,"NextEra Energy Resources LLC, 691 MW of Wind & Solar Assets",,"NextEra Energy Partners, LP",,"NextEra Energy Resources, LLC",Acquisition of Asset or Branch,Completed,2017-11-20,812000000,Renewable Electricity,USA
SPTRD966356,2017-10-26,Gigamon Inc.,,Elliott Management Corporation,,,Acquisition of Whole Company (incl. Majority Stake),Completed,2017-12-27,1485295773,Systems Software,USA
SPTRD964138,2017-10-23,Aetna�s U.S. group life and disability business of Aetna Inc.,,Hartford Life and Accident Insurance Company,,Aetna Inc.,Acquisition of Asset or Branch,Completed,2017-11-01,1450000000,Life and Health,USA
SPTRD964234,2017-10-23,Deltic Timber Corporation,,Potlatch Corporation,,,Acquisition of Whole Company (incl. Majority Stake),Completed,2018-02-20,1222027077,Forest Products,USA
SPTRD964290,2017-10-23,"BroadSoft, Inc.*",,"Cisco Systems, Inc.",CSCO,Investor Group,Acquisition of Whole Company (incl. Majority Stake),Completed,2018-02-01,2284592452,Application Software,USA
SPTRD960543,2017-10-18,"Warranty Group, Inc.*",,"Assurant, Inc.",AIZ,"TPG Capital Management, L.P.",Acquisition of Whole Company (incl. Majority Stake),Completed,2018-05-31,1898042836,Property and Casualty,USA
SPTRD961140,2017-10-18,"Ferrara Candy Company, Inc.*",,Ferrero S.p.A.,,L Catterton Partners,Acquisition of Whole Company (incl. Majority Stake),Completed,2017-12-01,1300000000,Packaged Foods and Meats Producers,USA
SPTRD959332,2017-10-17,"NewStar Financial, Inc.*",,"FE Holdco, LLC",,,Acquisition of Whole Company (incl. Majority Stake),Completed,2017-12-22,517035550,Specialty Finance: Commercial Focused,USA
SPTRD959363,2017-10-17,Portfolio of investment assets*,,GSO Capital Partners LP,,"NewStar Financial, Inc.",Acquisition of Asset or Branch,Completed,2017-12-22,2370700000,Specialty Finance: Commercial Focused,USA
SPTRD959474,2017-10-17,"IntraLinks Holdings, Inc.*",,"Siris Capital Group, LLC",,"Synchronoss Technologies, Inc.",Acquisition of Whole Company (incl. Majority Stake),Completed,2017-11-14,1002000000,Application Software,USA
SPTRD957094,2017-10-16,"Avendra, LLC",,"Aramark Services, Inc.",,Investor group,Acquisition of Whole Company (incl. Majority Stake),Completed,2017-12-11,1350000000,Diversified Support Services,USA
SPTRD957329,2017-10-16,"Elizabethtown Gas businessess of Pivotal Utility Holdings, Inc.",,"South Jersey Industries, Inc.",,"Pivotal Utility Holdings, Inc.",Acquisition of Asset or Branch,Completed,2018-07-01,1690000000,Gas Utilities,USA
SPTRD957942,2017-10-16,AmeriPride Services Inc.,,Aramark,ARMK,,Acquisition of Whole Company (incl. Majority Stake),Completed,2018-01-19,1000000000,"Apparel, Accessories and Luxury Goods",USA
SPTRD928324,2017-10-10,"eviCore healthcare MSI, LLC*",,"Oz Parent, Inc.",,Investor Group,Acquisition of Whole Company (incl. Majority Stake),Completed,2017-12-15,3600000000,Health Care Technology,USA
SPTRD852729,2017-10-03,Pilot Travel Centers LLC*,,Berkshire Hathaway Inc.,BRK.B,"BDT Capital Partners, LLC",Acquisition of Minority Stake,Completed,2017-10-03,2760000000,Automotive Retail,USA
SPTRD869113,2017-10-02,"Medallion Gathering & Processing, LLC*",,"Global Infrastructure Management, LLC",,Investor Group,Acquisition of Whole Company (incl. Majority Stake),Completed,2017-10-30,1825000000,Oil and Gas Equipment and Services,USA
SPTRD831951,2017-09-28,ETF Business,,Invesco Ltd.,IVZ,"Guggenheim Capital, LLC",Acquisition of Asset or Branch,Completed,2018-04-06,1200000000,Asset Management,USA
SPTRD811947,2017-09-25,"GE Industrial Systems Technology Management, Inc.",,ABB Ltd,,General Electric Company,Acquisition of Whole Company (incl. Majority Stake),Completed,2018-06-30,2600000000,Electrical Components and Equipment: Heavy,USA
SPTRD794806,2017-09-22,"25% Each in Dakota Access, LLC and Energy Transfer Crude Oil Company, LLC and 10",,Phillips 66 Partners LP,,Phillips 66 Project Development Inc.,Acquisition of Asset or Branch,Completed,2017-10-06,1410000000,Unclassified,USA
SPTRD812657,2017-09-21,Calgon Carbon Corporation,,"Kuraray Holdings U.S.A., Inc.",,Investor Group,Acquisition of Whole Company (incl. Majority Stake),Completed,2018-03-09,1106552582,Commodity Chemicals,USA
SPTRD812611,2017-09-19,"Bob Evans Farms, Inc.",,"Post Holdings, Inc.",POST,Sandell Asset Management Corp.,Acquisition of Whole Company (incl. Majority Stake),Completed,2018-01-12,1541345121,Packaged Foods and Meats Producers,USA
SPTRD812588,2017-09-18,"Orbital ATK, Inc.",,Northrop Grumman Corporation,NOC,Investor Group,Acquisition of Whole Company (incl. Majority Stake),Completed,2018-06-06,7924033511,Aerospace and Defense,USA
SPTRD756790,2017-09-12,New York State Catholic Health Plan Inc.,,Centene Corporation,CNC,,Acquisition of Asset or Branch,Completed,2018-07-01,3750000000,Managed Care,USA
SPTRD756804,2017-09-11,"Teva Women's Health, Inc., Global Rights and Business of PARAGARD Intrauterine D",,"CooperSurgical, Inc.",,"Teva Women's Health, LLC",Acquisition of Asset or Branch,Completed,2017-11-01,1100000000,Health Care Equipment,USA
SPTRD754645,2017-09-05,"NeoTract, Inc.*",,Teleflex Urology Limited,,Investor Group,Acquisition of Whole Company (incl. Majority Stake),Completed,2017-10-02,1100000000,Health Care Equipment,USA
SPTRD831986,2017-09-05,"Rocket Ball, Ltd.",,Private Investor - Tilman Joseph Fertitta,,Private Investor - Leslie L. Alexander,Acquisition of Whole Company (incl. Majority Stake),Completed,2017-09-30,2200000000,Movies and Entertainment,USA
SPTRD754307,2017-09-04,"Royal Adhesives & Sealants, LLC*",,H.B. Fuller Company,,American Securities LLC,Acquisition of Whole Company (incl. Majority Stake),Completed,2017-10-20,1575000000,Specialty Chemicals,USA
SPTRD754493,2017-09-04,"Rockwell Collins, Inc.",,United Technologies Corporation,,Investor Group,Acquisition of Whole Company (incl. Majority Stake),Completed,2018-11-26,23158216674,Aerospace and Defense,USA
SPTRD752382,2017-09-01,Certain pipelines and storage facilities*,,MPLX LP,MPLX,Marathon Petroleum Corporation,Acquisition of Asset or Branch,Completed,2017-09-01,1055302119,Integrated Oil and Gas,USA
SPTRD714126,2017-08-29,ABCO's education business of Advisory Board Company*,,"Vista Equity Partners Management, LLC",,Advisory Board Company,Acquisition of Asset or Branch,Completed,2017-11-17,1550000000,Insurance Technology,USA
SPTRD714127,2017-08-29,Advisory Board Company,,"OptumInsight, Inc.",,,Acquisition of Whole Company (incl. Majority Stake),Completed,2017-11-17,1300000000,Research and Consulting Services,USA
SPTRD751911,2017-08-28,"Kite Pharma, Inc.*",,"Gilead Sciences, Inc.",GILD,Investor Group,Acquisition of Whole Company (incl. Majority Stake),Completed,2017-10-02,11225580130,Biotechnology,USA
SPTRD738277,2017-08-24,WeWork Companies Inc.*,,Investor Group,,,Acquisition of Minority Stake,Completed,2017-12-31,3000000000,Real Estate Operating and Management,USA
SPTRD797158,2017-08-24,Allied Building Products Corp. And Kapalama Kilgos Acquisition Corp.,,"Beacon Roofing Supply, Inc.",,Oldcastle Distribution Inc.,Acquisition of Asset or Branch,Completed,2018-01-02,2625000000,Unclassified,USA
SPTRD724508,2017-08-23,Portfolio of 99 Properties,,"Stonemont Financial Group, LLC",,"Oak Street Real Estate Capital, LLC",Acquisition of Asset or Branch,Completed,2017-08-23,1300000000,Real Estate Operating and Management,USA
SPTRD656529,2017-08-21,Oncor Electric Delivery Company LLC*,,Sempra Energy,,Energy Future Holdings Corp.,Acquisition of Whole Company (incl. Majority Stake),Completed,2018-03-09,9450000000,Electric Utilities,USA
SPTRD659979,2017-08-21,"Williams Scotsman International, Inc.",,Williams Scotsman Holdings Corp.,,Algeco/Scotsman Holding S.à r.l.,Acquisition of Whole Company (incl. Majority Stake),Completed,2017-11-29,448735000,Specialty Finance: Commercial Focused,USA
SPTRD655422,2017-08-18,Calpine Corporation*,,Investor group,,,Acquisition of Whole Company (incl. Majority Stake),Completed,2018-03-08,5285719122,Independent Power Producers and Energy Traders,USA
SPTRD647675,2017-08-16,"Alta Mesa Holdings LP and Kingfisher Midstream, LLC",,Silver Run Acquisition Corporation II,,,Acquisition of Whole Company (incl. Majority Stake),Completed,2018-02-09,1200000000,Oil and Gas Exploration and Production,USA
SPTRD643187,2017-08-14,"Western Refining Logistics, LP",,Andeavor Logistics LP,,Andeavor,Acquisition of Whole Company (incl. Majority Stake),Completed,2017-10-30,1394370764,Oil and Gas Storage and Transportation,USA
SPTRD874754,2017-08-13,Major League Baseball’s Miami Marlins,,Private Investors - Derek Sanderson Jeter and Bruce Stephen Sherman,,Private Investor - Jeffrey Harold Loria,Acquisition of Asset or Branch,Completed,2017-09-30,800000000,Movies and Entertainment,USA
SPTRD609228,2017-08-10,Starwood Waypoint Homes*,,Invitation Homes Inc.,INVH,,Acquisition of Whole Company (incl. Majority Stake),Completed,2017-11-16,5018621772,Real Estate Operating and Management,USA
SPTRD585327,2017-08-08,"American Medical Response, Inc.",,"Air Medical Group Holdings, Inc.",,Envision Healthcare Corp.,Acquisition of Whole Company (incl. Majority Stake),Completed,2018-03-14,2400000000,Health Care Services,USA
SPTRD588330,2017-08-08,"BAMTECH, LLC",,Walt Disney Company,DIS,"MLB Advanced Media, L.P.",Acquisition of Minority Stake,Completed,2017-09-25,1581000000,Movies and Entertainment,USA
SPTRD578410,2017-08-07,"NxStage Medical, Inc.*",,"Fresenius Medical Care Holdings, Inc.",FMS,Sprout Group,Acquisition of Whole Company (incl. Majority Stake),Completed,2019-02-21,2062188262,Health Care Equipment,USA
SPTRD566659,2017-08-03,"Active Network, LLC*",,Global Payments Inc.,GPN,,Acquisition of Whole Company (incl. Majority Stake),Completed,2017-09-01,1207078534,Application Software,USA
SPTRD572349,2017-08-03,"IFM Therapeutics, LLC*",,Bristol-Myers Squibb Company,BMY,Investor Group,Acquisition of Whole Company (incl. Majority Stake),Completed,2017-09-07,2320000000,Biotechnology,USA
SPTRD560379,2017-08-02,PharMerica Corp.,,Phoenix Parent Holdings Inc.,,,Acquisition of Whole Company (incl. Majority Stake),Completed,2017-12-07,944091633,Health Care Distributors,USA
SPTRD564942,2017-08-02,Website security business of Symantec Corporation*,,"DigiCert, Inc.",,Symantec Corporation,Acquisition of Asset or Branch,Completed,2017-10-31,1119000000,Systems Software,USA
SPTRD566728,2017-08-02,"CH2M HILL Companies, Ltd.*",,Jacobs Solutions Inc.,J,"Apollo Global Management, Inc.",Acquisition of Whole Company (incl. Majority Stake),Completed,2017-12-15,3124109147,Construction and Engineering,USA
SPTRD573210,2017-08-02,Tronox Alkali Corp.,,"Genesis Energy, L.P.",GEL,Tronox Limited,Acquisition of Whole Company (incl. Majority Stake),Completed,2017-09-01,1325000000,Commodity Chemicals,USA
SPTRD532527,2017-07-31,"Scripps Networks Interactive, Inc.",,"Discovery Communications, Inc.",,,Acquisition of Whole Company (incl. Majority Stake),Completed,2018-03-06,12005470787,Broadcasting,USA
SPTRD536022,2017-07-31,Rover Pipeline Project*,,Blackstone Energy \ Blackstone Capital,,"Energy Transfer, LP",Acquisition of Asset or Branch,Completed,2017-10-31,1571000000,Integrated Oil and Gas,USA
SPTRD813381,2017-07-27,"ASCO Power Technologies, L.P.",,Schneider Electric S.E.,,Vertiv Group Corporation,Acquisition of Whole Company (incl. Majority Stake),Completed,2017-10-31,1250000000,Electrical Components and Equipment: Heavy,USA
SPTRD478975,2017-07-25,"MainSource Financial Group, Inc.",,First Financial Bancorp.,FFBC,,Acquisition of Whole Company (incl. Majority Stake),Completed,2018-04-01,1056291719,Bank,USA
SPTRD462367,2017-07-24,WebMD Health Corp.*,,"Internet Brands, Inc.",,,Acquisition of Whole Company (incl. Majority Stake),Completed,2017-09-15,2661275145,Interactive Media and Services,USA
SPTRD452444,2017-07-18,LTS Group Holdings LLC*,,Crown Castle International Corp.,,Investor group,Acquisition of Whole Company (incl. Majority Stake),Completed,2017-11-01,7100000000,Alternative Carriers,USA
SPTRD481524,2017-07-17,"Water Pik, Inc.*",,"Church & Dwight Co., Inc.",CHD,Investor Group,Acquisition of Whole Company (incl. Majority Stake),Completed,2017-08-07,1033000000,Personal Care and Beauty Products: Producers,USA
SPTRD420022,2017-07-12,"GCA Services Group, Inc.*",,ABM Industries Incorporated,ABM,Investor Group,Acquisition of Whole Company (incl. Majority Stake),Completed,2017-09-01,1272837925,Environmental and Facilities Services,USA
SPTRD410829,2017-07-11,Operated Oil and Gas Properties in the Williston Basin,,"Bruin E&P Partners, LLC",,Investor Group,Acquisition of Asset or Branch,Completed,2017-09-07,1400000000,Oil and Gas Exploration and Production,USA
SPTRD412494,2017-07-11,Penguin Random House LLC,,Bertelsmann SE & Co. KGaA,,"Pearson, PLC",Acquisition of Minority Stake,Completed,2017-10-05,1034000000,Publishing,USA
SPTRD405402,2017-07-10,"Harron Communications, L.P. dba MetroCast Communications",,"Atlantic Broadband Group, LLC",,"Harron Communications, L.P.",Acquisition of Whole Company (incl. Majority Stake),Completed,2018-01-04,1400000000,Cable and Satellite,USA
SPTRD401489,2017-07-09,"ClubCorp Holdings, Inc.",,"Constellation Club Parent, Inc.",,,Acquisition of Whole Company (incl. Majority Stake),Completed,2017-09-18,1134077780,Leisure Facilities,USA
SPTRD365711,2017-07-06,"HSN, Inc.",,"Liberty Horizon, Inc.",,,Acquisition of Whole Company (incl. Majority Stake),Completed,2017-12-29,1351986116,Broadline Retail,USA
SPTRD367842,2017-07-06,Ambry Genetics Corporation,,Investor Group,,,Acquisition of Whole Company (incl. Majority Stake),Completed,2017-10-19,1000000000,Health Care Services,USA
SPTRD374294,2017-07-06,Syncsort Incorporated*,,"Centerbridge Partners, L.P.",,"Clearlake Capital Group, L.P.",Acquisition of Whole Company (incl. Majority Stake),Completed,2017-08-17,1260000000,Application Software,USA
SPTRD346406,2017-07-04,"Monogram Residential Trust, Inc.",,Investor group,,,Acquisition of Whole Company (incl. Majority Stake),Completed,2017-09-19,2020903368,Multi-Family Residential REIT,USA
SPTRD346181,2017-07-03,"Bankrate, Inc.",,Red Ventures LLC,,,Acquisition of Whole Company (incl. Majority Stake),Completed,2017-11-08,1326268136,Financial Media and Data Solutions,USA
SPTRD321972,2017-06-30,"Parkway, Inc.",,Canada Pension Plan Investment Board,,,Acquisition of Whole Company (incl. Majority Stake),Completed,2017-10-12,964330812,Office REIT,USA
SPTRD320235,2017-06-29,"Rite Aid Corporation, 1,932 Rite Aid Stores and Related Assets",,Walgreen Co.,,Rite Aid Corporation,Acquisition of Asset or Branch,Completed,2018-03-27,4157000000,Drug Retail,USA
SPTRD812639,2017-06-29,"Indevco Management Resources, Inc.",,DS Smith Plc,,Merpas Co. S.à R.L.,Acquisition of Whole Company (incl. Majority Stake),Completed,2017-08-25,1137544259,Packaging and Materials: Paper and Plastic,USA
SPTRD319166,2017-06-28,The Spectranetics Corporation,,Philips Holding USA Inc.,,Investor Group,Acquisition of Whole Company (incl. Majority Stake),Completed,2017-08-09,1805161769,Health Care Supplies,USA
SPTRD319231,2017-06-28,First Potomac Realty Trust,,Government Properties Income Trust,,,Acquisition of Whole Company (incl. Majority Stake),Completed,2017-10-02,684186772,Office REIT,USA
SPTRD319358,2017-06-28,"Milestone AV Technologies, LLC*",,"Legrand North America, LLC",,Investor Group,Acquisition of Whole Company (incl. Majority Stake),Completed,2017-08-02,1200000000,Home Furnishings Producers,USA
SPTRD319662,2017-06-28,"Staples, Inc.*",,"Sycamore Partners Management, L.P.",,Investor Group,Acquisition of Whole Company (incl. Majority Stake),Completed,2017-09-12,6848723660,Other Specialty Retail,USA
SPTRD318276,2017-06-27,Residential assets*,,"Cerberus Capital Management, L.P.",,"New York Community Bancorp, Inc.",Acquisition of Asset or Branch,Completed,2017-07-28,1900000000,Mortgage Banks and Brokers,USA
SPTRD814113,2017-06-26,"Bluegrass Materials Company, LLC",,"Martin Marietta Materials, Inc.",MLM,Panadero Aggregates Holdings LLC,Acquisition of Whole Company (incl. Majority Stake),Completed,2018-04-27,1625000000,Construction Materials,USA
SPTRD795242,2017-06-21,Casamigos Spirits Co.,,"Diageo North America, Inc.",,,Acquisition of Whole Company (incl. Majority Stake),Completed,2017-08-15,1000000000,Distillers and Vintners,USA
SPTRD319244,2017-06-20,Parexel International Corporation*,,Pamplona Capital Management LLP,,JF Asset Management Limited,Acquisition of Whole Company (incl. Majority Stake),Completed,2017-09-29,4591782745,Life Sciences Tools and Services,USA
SPTRD271409,2017-06-19,"Rice Energy, Inc.",,EQT Corporation,EQT,,Acquisition of Whole Company (incl. Majority Stake),Completed,2017-11-13,7330079691,Oil and Gas Exploration and Production,USA
SPTRD271439,2017-06-19,"Hawthorn Retirement Group, LLC",,"Columbia Pacific Advisors, LLC",,,Acquisition of Whole Company (incl. Majority Stake),Completed,2017-09-30,2600000000,Health Care Facilities,USA
SPTRD232880,2017-06-16,"Whole Foods Market, Inc.",,"Amazon.com, Inc.",AMZN,,Acquisition of Whole Company (incl. Majority Stake),Completed,2017-08-28,13571748138,Food Retail,USA
SPTRD225229,2017-06-13,Flexential Colorado LLC*,,Peak 10 Holding Corporation,,Shaw Communications Inc.,Acquisition of Whole Company (incl. Majority Stake),Completed,2017-08-01,1675000000,Internet Services and Infrastructure,USA
SPTRD816857,2017-06-12,American Casino & Entertainment Properties LLC,,"Golden Entertainment, Inc.",,"W2007/ACEP Managers Voteco, LLC",Acquisition of Whole Company (incl. Majority Stake),Completed,2017-10-20,881555376,Casinos and Gaming,USA
SPTRD225139,2017-06-09,"DuPont Fabros Technology, Inc.",,"Digital Realty Trust, Inc.",DLR,,Acquisition of Whole Company (incl. Majority Stake),Completed,2017-09-14,5982734771,Data Center REIT,USA
SPTRD223976,2017-06-06,Buffalo Parent Gulf Coast Terminals LLC/HFOTCO LLC*,,SemGroup Corporation,,Alinda Capital Partners Ltd.,Acquisition of Whole Company (incl. Majority Stake),Completed,2017-07-17,1301000000,Oil and Gas Storage and Transportation,USA
SPTRD224117,2017-06-06,AMRI*,,Investor Group,,Investor Group,Acquisition of Whole Company (incl. Majority Stake),Completed,2017-08-31,987253016,Life Sciences Tools and Services,USA
SPTRD396491,2017-06-06,HD Supply Waterworks Group and HD Supply Waterworks and Certain Other Waterworks*,,"Clayton, Dubilier & Rice, LLC",,Investor Group,Acquisition of Asset or Branch,Completed,2017-08-01,2400000000,Unclassified,USA
SPTRD223794,2017-06-02,Macquarie Utilities Inc,,Eversource Energy,ES,Macquarie Group Limited,Acquisition of Whole Company (incl. Majority Stake),Completed,2017-12-04,880000000,Water Utilities,USA
SPTRD347173,2017-06-01,"Parfums de Coeur, Ltd.*",,Investor Group,,"Yellow Wood Partners, LLC",Acquisition of Whole Company (incl. Majority Stake),Completed,2017-07-05,1425000000,Personal Care and Beauty Products: Producers,USA
SPTRD316367,2017-05-30,Atwood Oceanics Inc.,,Ensco plc,,Investor Group,Acquisition of Whole Company (incl. Majority Stake),Completed,2017-10-06,780253824,Oil and Gas Drilling,USA
SPTRD223102,2017-05-24,Fidelity & Guaranty Life*,,FGL US Holdings Inc.,,HRG Group Inc.,Acquisition of Whole Company (incl. Majority Stake),Completed,2017-11-30,1835186383,Life and Health,USA
SPTRD346127,2017-05-23,Navig8 Product Tankers Inc.,,Scorpio Tankers Inc.,STNG,"Avenue Capital Group, LLC",Acquisition of Whole Company (incl. Majority Stake),Completed,2017-09-01,311495875,Marine Transportation,USA
SPTRD223069,2017-05-22,"WaveDivision Holdings, LLC*",,"RCN Telecom Services, LLC",,,Acquisition of Whole Company (incl. Majority Stake),Completed,2018-01-24,2365000000,Alternative Carriers,USA
SPTRD222975,2017-05-19,IASIS Healthcare LLC*,,Steward Healthcare System LLC,,IASIS Healthcare Corporation,Acquisition of Whole Company (incl. Majority Stake),Completed,2017-09-29,1900000000,Managed Care,USA
SPTRD316083,2017-05-19,Phillips Edison Limited Partnership,,"Phillips Edison Grocery Center REIT I, Inc.",,,Acquisition of Whole Company (incl. Majority Stake),Completed,2017-10-04,1139438000,Asset Management,USA
SPTRD225461,2017-05-10,"Double Eagle Parent, Inc.*",,"INC Research Holdings, Inc.",,Investor Group,Acquisition of Whole Company (incl. Majority Stake),Completed,2017-08-01,2732986643,Life Sciences Tools and Services,USA
SPTRD225500,2017-05-10,"Surgery Partners, Inc.*",SGRY,"Bain Capital Private Equity, LP",,"H.I.G. Surgery Centers, LLC",Acquisition of Whole Company (incl. Majority Stake),Completed,2017-08-31,502657369,Health Care Facilities,USA
SPTRD222739,2017-05-09,West Corporation,,"Apollo Global Management, LLC",APO,,Acquisition of Whole Company (incl. Majority Stake),Completed,2017-10-10,1975383140,Data Processing and Outsourced Services,USA
SPTRD346161,2017-05-08,Kate Spade & Company,,"Coach, Inc.",,Investor Group,Acquisition of Whole Company (incl. Majority Stake),Completed,2017-07-10,2383865616,"Apparel, Accessories and Luxury Goods",USA
SPTRD222689,2017-05-07,"Care Capital Properties, Inc.",,"Sabra Health Care REIT, Inc.",SBRA,,Acquisition of Whole Company (incl. Majority Stake),Completed,2017-08-17,2054886022,Health Care REIT,USA
SPTRD225663,2017-05-05,VWR Corporation,,"Avantor Performance Materials, LLC",,"Varietal Distribution Holdings, LLC",Acquisition of Whole Company (incl. Majority Stake),Completed,2017-11-21,4450617330,Life Sciences Tools and Services,USA
SPTRD222626,2017-05-04,Capital Bank Financial Corp.*,,First Horizon National Corporation,,,Acquisition of Whole Company (incl. Majority Stake),Completed,2017-11-30,2175063335,Bank,USA
SPTRD225761,2017-05-03,Kofax Limited*,,"Thoma Bravo, L.P.",,"Lexmark International, Inc.",Acquisition of Whole Company (incl. Majority Stake),Completed,2017-07-07,1350000000,Application Software,USA
SPTRD317181,2017-05-02,"Noble Energy, Inc., Upstream Appalachia Natural Gas Assets",,Undisclosed Buyer,,"Noble Energy, Inc.",Acquisition of Asset or Branch,Completed,2017-06-28,1225000000,Oil and Gas Exploration and Production,USA
SPTRD1848014,2017-05-01,Medical Office Portfolio,,"Healthcare Trust of America, Inc.",,Investor Group,Acquisition of Asset or Branch,Completed,2017-11-02,2750000000,Real Estate Operating and Management,USA
SPTRD222515,2017-04-28,"Midcoast Gas Gathering and Processing business of Enbridge Energy Partners, L.P.",,"Enbridge Energy Company, Inc.",,"Enbridge Energy Partners, L.P.",Acquisition of Asset or Branch,Completed,2017-06-28,1310000000,Oil and Gas Refining and Marketing,USA
SPTRD222781,2017-04-25,Straight Path Communications Inc.,,Verizon Communications Inc.,VZ,,Acquisition of Whole Company (incl. Majority Stake),Completed,2018-02-28,2409330960,Alternative Carriers,USA
SPTRD347951,2017-04-25,"AdvancePierre Foods Holdings, Inc.",,"Tyson Foods, Inc.",TSN,"Oaktree Capital Management, L.P.",Acquisition of Whole Company (incl. Majority Stake),Completed,2017-06-07,3383627139,Packaged Foods and Meats Producers,USA
SPTRD222318,2017-04-24,FelCor Lodging Trust Incorporated,,RLJ Lodging Trust,RLJ,,Acquisition of Whole Company (incl. Majority Stake),Completed,2017-08-31,1015715137,Hotel and Resort REIT,USA
SPTRD226335,2017-04-23,"C. R. Bard, Inc.",,"Becton, Dickinson and Company",BDX,Investor Group,Acquisition of Whole Company (incl. Majority Stake),Completed,2017-12-29,25352663847,Health Care Equipment,USA
SPTRD226385,2017-04-20,"Upsher-Smith Laboratories, Inc., Generic Pharmaceuticals Business",,"Sawai Group Holdings Co., Ltd.",,"Upsher-Smith Laboratories, LLC",Acquisition of Asset or Branch,Completed,2017-05-31,1050000000,Pharmaceuticals,USA
SPTRD1082069,2017-04-18,"Air Medical Resource Group, Inc.",,"Air Medical Group Holdings, Inc.",,Envision Healthcare Corp.,Acquisition of Whole Company (incl. Majority Stake),Completed,2018-03-15,2400000000,Health Care Services,USA
SPTRD226508,2017-04-18,"Medtronic plc, Patient Care, Deep Vein Thrombosis and Nutritional Insufficiency",,"Cardinal Health, Inc.",CAH,Medtronic plc,Acquisition of Asset or Branch,Completed,2017-07-29,6059123062,Health Care Equipment,USA
SPTRD226511,2017-04-18,"Chewy, Inc.*",CHWY,PetSmart LLC,,Investor Group,Acquisition of Whole Company (incl. Majority Stake),Completed,2017-05-31,3400000000,Other Specialty Retail,USA
SPTRD222130,2017-04-17,"Williams Olefins, LLC",,NOVA Chemicals Corporation,,Williams Partners L.P.,Acquisition of Whole Company (incl. Majority Stake),Completed,2017-07-06,2100000000,Commodity Chemicals,USA
SPTRD222137,2017-04-17,"EagleClaw Midstream Services, LLC*",,Blackstone Capital Partners/ Blackstone Energy Partners,,,Acquisition of Whole Company (incl. Majority Stake),Completed,2017-06-30,2000000000,Oil and Gas Storage and Transportation,USA
SPTRD345623,2017-04-13,"ConocoPhillips, San Juan Basin Assets*",,Investor Group,,ConocoPhillips,Acquisition of Asset or Branch,Completed,2017-07-31,3000000000,Oil and Gas Exploration and Production,USA
SPTRD221974,2017-04-11,"CCC Acquisition Holdings, Inc.",,Loews Corporation,L,,Acquisition of Whole Company (incl. Majority Stake),Completed,2017-05-22,1200000000,Multiline,USA
SPTRD221979,2017-04-11,"Navigator Energy Services, LLC",,"NuStar Logistics, L.P.",,"First Reserve Management, L.P.",Acquisition of Whole Company (incl. Majority Stake),Completed,2017-05-04,1475000000,Oil and Gas Storage and Transportation,USA
SPTRD314612,2017-04-10,Alterra Mountain Company*,,Investor Group,,Investor Group,Acquisition of Whole Company (incl. Majority Stake),Completed,2017-07-31,981708490,Leisure Facilities,USA
SPTRD315846,2017-04-10,Swift Transportation Company,,"Knight Transportation, Inc.",,The Teamsters General Fund,Acquisition of Whole Company (incl. Majority Stake),Completed,2017-09-08,3949543952,Cargo Ground Transportation,USA
SPTRD221860,2017-04-06,Convenience store business and gasoline retail business of Sunoco LP,,"7-Eleven, Inc.",,Sunoco LP,Acquisition of Asset or Branch,Completed,2018-01-23,3300000000,Oil and Gas Refining and Marketing,USA
SPTRD221826,2017-04-05,Studio 3 Partners LLC*,,Metro-Goldwyn-Mayer Studios Inc.,,Investor group,Acquisition of Whole Company (incl. Majority Stake),Completed,2017-05-04,1031602500,Broadcasting,USA
SPTRD348397,2017-04-05,Panera Bread Company*,,JAB Holdings B.V.,,Capital Research Global Investors,Acquisition of Whole Company (incl. Majority Stake),Completed,2017-07-18,7260810250,Restaurants,USA
SPTRD811953,2017-04-05,Houghton International Inc.,,Quaker Chemical Corporation,KWR,Gulf Houghton Lubricants Ltd.,Acquisition of Whole Company (incl. Majority Stake),Completed,2019-08-01,976577000,Specialty Chemicals,USA
SPTRD221742,2017-04-04,"General Communication, Inc.*",,Liberty Ventures (Business Unit),,,Acquisition of Whole Company (incl. Majority Stake),Completed,2018-03-09,1360144567,Alternative Carriers,USA
SPTRD818749,2017-03-31,"E. I. du Pont de Nemours and Company, Certain Assets Relating to Crop Protection",,FMC Corporation,FMC,E. I. du Pont de Nemours and Company,Acquisition of Asset or Branch,Completed,2017-11-01,3194200000,Fertilizers and Agricultural Chemicals,USA
SPTRD820407,2017-03-28,Florida East Coast Holdings Corp.,,"GMéxico Transportes, S.A.B. de C.V.",,"Florida East Coast Industries, LLC",Acquisition of Whole Company (incl. Majority Stake),Completed,2017-06-30,2003000000,Rail Transportation,USA
SPTRD316012,2017-03-27,"Sealed Air Corporation, Diversey Care Division and the Food Hygiene and Cleaning*",,"Bain Capital Private Equity, LP",,Sealed Air Corporation,Acquisition of Asset or Branch,Completed,2017-09-06,3200000000,Household Products Producers,USA
SPTRD446932,2017-03-21,245 Park Avenue,,HNA Property Holdings (Group) Company Ltd.,,Investor Group,Acquisition of Asset or Branch,Completed,2017-05-11,2210000000,Real Estate Operating and Management,USA
SPTRD221106,2017-03-17,"USI Insurance Services, LLC*",,Investor group,,Onex Corporation,Acquisition of Whole Company (incl. Majority Stake),Completed,2017-05-16,4300000000,Insurance Broker,USA
SPTRD227984,2017-03-16,"Scott Technologies, Inc.",,3M Company,,Johnson Controls International plc,Acquisition of Whole Company (incl. Majority Stake),Completed,2017-10-04,2000000000,Office Services and Supplies,USA
SPTRD348909,2017-03-16,Three U.S. Student Housing Portfolios,,Scion Student Communities LP,,"Harrison Street Real Estate Capital, LLC",Acquisition of Asset or Branch,Completed,2017-03-16,1575000000,Real Estate Operating and Management,USA
SPTRD222251,2017-03-15,"KCG Holdings, Inc.",,"Virtu Financial, Inc.",VIRT,,Acquisition of Whole Company (incl. Majority Stake),Completed,2017-07-20,1419680893,"Investment Banks, Brokers and Capital Markets",USA
SPTRD228104,2017-03-14,Air Methods Corporation*,,American Securities LLC,,Investor Group,Acquisition of Whole Company (incl. Majority Stake),Completed,2017-04-20,1585682691,Health Care Services,USA
SPTRD335923,2017-03-09,"70,000 Net Surface Acres In The Permian Basin",,Marathon Oil Corporation,,"BC Operating, Inc.",Acquisition of Asset or Branch,Completed,2017-05-01,1100000000,Oil and Gas Exploration and Production,USA
SPTRD220827,2017-03-08,US First Lien Residential Mortgage Loans,,"DLJ Mortgage Capital, Inc.",,HSBC Holdings Plc,Acquisition of Asset or Branch,Completed,2017-03-08,3396000000,Mortgage Banks and Brokers,USA
SPTRD220871,2017-03-08,Mortgage Loan Portfolio,,"DLJ Mortgage Capital, Inc.",,HSBC Holdings Plc,Acquisition of Asset or Branch,Completed,2017-03-08,2900000000,Mortgage Banks and Brokers,USA
SPTRD349109,2017-03-08,"GE Osmonics, Inc.",,Investor Group,,General Electric Company,Acquisition of Whole Company (incl. Majority Stake),Completed,2017-09-30,3782058858,Machinery and Supplies and Components: Industrial,USA
SPTRD220732,2017-03-07,"TerraForm Global, Inc.",,Brookfield Asset Management Inc.,BAM,Investor group,Acquisition of Whole Company (incl. Majority Stake),Completed,2017-12-28,776645707,Renewable Electricity,USA
SPTRD220735,2017-03-07,Astoria Financial Corporation*,,Sterling Bancorp,,,Acquisition of Whole Company (incl. Majority Stake),Completed,2017-10-02,2194095000,Bank,USA
SPTRD220737,2017-03-07,"TerraForm Power, Inc.",,Investor group,,Investor group,Acquisition of Minority Stake,Completed,2017-10-16,621507821,Renewable Electricity,USA
SPTRD228402,2017-03-07,"Nimble Storage, Inc.*",,Hewlett Packard Enterprise Company,HPE,Investor Group,Acquisition of Whole Company (incl. Majority Stake),Completed,2017-04-13,1249940208,Internet Services and Infrastructure,USA
SPTRD821399,2017-03-02,Grace Darex Packaging Technologies,,Henkel AG & Co. KGaA,,GCP Applied Technologies Inc.,Acquisition of Whole Company (incl. Majority Stake),Completed,2017-07-03,1050000000,Specialty Chemicals,USA
SPTRD220557,2017-03-01,Hardin Street Transportation LLC/Woodhaven Cavern LLC/MPLX Terminals LLC*,,MPLX LP,MPLX,Marathon Petroleum Corporation,Acquisition of Whole Company (incl. Majority Stake),Completed,2017-03-01,2003347524,Oil and Gas Storage and Transportation,USA
SPTRD349296,2017-03-01,"The Bissell Companies, Inc.",,Northwood Investors LLC,,,Acquisition of Asset or Branch,Completed,2017-03-01,1207600000,Real Estate Operating and Management,USA
SPTRD220496,2017-02-28,"Sabadell United Bank, N.A.",,IBERIABANK,,"Banco de Sabadell, SA",Acquisition of Whole Company (incl. Majority Stake),Completed,2017-07-31,1012068815,Bank,USA
SPTRD220445,2017-02-27,Silver Bay Realty Trust Corp.,,TAH Acquisition Holdings LLC,,,Acquisition of Whole Company (incl. Majority Stake),Completed,2017-05-09,823964238,Single-Family Residential REIT,USA
SPTRD317834,2017-02-24,"Vantor Holdings, Inc.",,"SSL MDA Holdings, Inc.",,Investor Group,Acquisition of Whole Company (incl. Majority Stake),Completed,2017-10-05,2256603918,Aerospace and Defense,USA
SPTRD220817,2017-02-23,US Second Lien Residential Mortgage Loans,,"DLJ Mortgage Capital, Inc.",,HSBC Holdings Plc,Acquisition of Asset or Branch,Completed,2017-02-23,1495000000,Mortgage Banks and Brokers,USA
SPTRD220875,2017-02-23,Real Estate Secured Receivables,,Undisclosed Buyer,,HSBC Holdings Plc,Acquisition of Asset or Branch,Completed,2017-02-23,1500000000,Specialty Finance: Commercial Focused,USA
SPTRD220239,2017-02-21,C & V Business of ECN Capital Corp.,,"PNC Bank, National Association",,ECN Capital Corp.,Acquisition of Asset or Branch,Completed,2017-03-31,1300000000,Specialty Finance: Commercial Focused,USA
SPTRD349493,2017-02-21,"Popeyes Louisiana Kitchen, Inc.",,Restaurant Brands International Inc.,QSR,Investor Group,Acquisition of Whole Company (incl. Majority Stake),Completed,2017-03-24,1667268673,Restaurants,USA
SPTRD229309,2017-02-15,"DePuy Synthes, Inc., Codman Neurosurgery Business",,Integra LifeSciences Holdings Corporation,IART,"DePuy Synthes, Inc.",Acquisition of Asset or Branch,Completed,2017-10-02,1045000000,Health Care Equipment,USA
SPTRD219969,2017-02-14,Fortress Investment Group LLC,,SB Foundation Holdings LP,,,Acquisition of Whole Company (incl. Majority Stake),Completed,2017-12-27,3265540225,Asset Management,USA
SPTRD229361,2017-02-14,"Cynosure, LLC",,"Hologic, Inc.",,Investor Group,Acquisition of Whole Company (incl. Majority Stake),Completed,2017-03-21,1659936044,Health Care Equipment,USA
SPTRD229426,2017-02-13,"ZELTIQ Aesthetics, Inc.*",,Allergan plc,,Investor Group,Acquisition of Whole Company (incl. Majority Stake),Completed,2017-04-28,2471205163,Health Care Equipment,USA
SPTRD219857,2017-02-10,Technology-Enabled Benefits & Human Resources Platform*,,"Tempo Acquisition, LLC",,Aon plc,Acquisition of Asset or Branch,Completed,2017-05-01,4800000000,Application Software,USA
SPTRD349743,2017-02-10,Mead Johnson Nutrition Company,,Reckitt Benckiser Group plc,,Investor Group,Acquisition of Whole Company (incl. Majority Stake),Completed,2017-06-15,16640640339,Packaged Foods and Meats Producers,USA
SPTRD349852,2017-02-07,Double Eagle Energy Permian Operating LLC,,"Parsley Energy, LLC",,Double Eagle Energy Permian Operating LLC,Acquisition of Whole Company (incl. Majority Stake),Completed,2017-04-20,2800000018,Unclassified,USA
SPTRD349856,2017-02-07,184-Property Cabot Industrial Portfolio,,DRA Advisors LLC,,"Cabot Properties, Inc.",Acquisition of Asset or Branch,Completed,2017-02-07,1070000000,Real Estate Operating and Management,USA
SPTRD219591,2017-02-02,CBS Radio Inc.,,Entercom Communications Corp.,,CBS Corporation,Acquisition of Whole Company (incl. Majority Stake),Completed,2017-11-17,1141847924,Broadcasting,USA
SPTRD219554,2017-02-01,"ONEOK Partners, L.P.*",,"ONEOK, Inc.",OKE,,Acquisition of Whole Company (incl. Majority Stake),Completed,2017-06-30,8702928566,Oil and Gas Storage and Transportation,USA
SPTRD230104,2017-01-30,Ixia,,"Keysight Technologies, Inc.",KEYS,Investor Group,Acquisition of Whole Company (incl. Majority Stake),Completed,2017-04-18,1712422040,Communications Equipment,USA
SPTRD219365,2017-01-25,"WGL Holdings, Inc.",,AltaGas Ltd.,,,Acquisition of Whole Company (incl. Majority Stake),Completed,2018-07-06,4544396597,Gas Utilities,USA
SPTRD230286,2017-01-25,"CoverMyMeds, LLC*",,McKesson Corporation,MCK,Investor Group,Acquisition of Whole Company (incl. Majority Stake),Completed,2017-04-03,1500000000,Health Care Technology,USA
SPTRD219330,2017-01-24,Alpha Crude Connector system,,"Plains All American Pipeline, L.P.",PAA,"Frontier Midstream Solutions, LLC",Acquisition of Asset or Branch,Completed,2017-02-14,1215000000,Oil and Gas Storage and Transportation,USA
SPTRD230361,2017-01-24,AppDynamics LLC*,,"Cisco Systems, Inc.",CSCO,Investor Group,Acquisition of Whole Company (incl. Majority Stake),Completed,2017-03-22,3700000000,Application Software,USA
SPTRD350208,2017-01-24,Multi Packaging Solutions International Limited*,,WestRock Company,,Investor Group,Acquisition of Whole Company (incl. Majority Stake),Completed,2017-06-06,1411963740,Packaging and Materials: Paper and Plastic,USA
SPTRD447130,2017-01-24,60 Wall Street,,Investor Group,,"Morgan Stanley Real Estate Fund, Inc.",Acquisition of Asset or Branch,Completed,2017-01-24,1040309120,Real Estate Operating and Management,USA
SPTRD319305,2017-01-23,Life settlement portfolio*,,Blackstone Group L.P.,BX,"American International Group, Inc.",Acquisition of Asset or Branch,Completed,2017-11-01,1100000000,Life and Health,USA
SPTRD219277,2017-01-22,BNC Bancorp*,,"Pinnacle Financial Partners, Inc.",PNFP,,Acquisition of Whole Company (incl. Majority Stake),Completed,2017-06-16,1870962232,Bank,USA
SPTRD219224,2017-01-19,Milestone Apartments Real Estate Investment Trust*,,"Starwood Capital Group Management, L.L.C.",,,Acquisition of Whole Company (incl. Majority Stake),Completed,2017-04-28,1499775938,Multi-Family Residential REIT,USA
SPTRD342534,2017-01-17,Oil And Gas Properties In The Permian Basin And Certain Additional Properties An,,XTO Energy Inc.,,Undisclosed Seller,Acquisition of Asset or Branch,Completed,2017-02-28,6564720000,Unclassified,USA
SPTRD323274,2017-01-16,"Clayton Williams Energy, Inc.",,"Noble Energy, Inc.",,Investor Group,Acquisition of Whole Company (incl. Majority Stake),Completed,2017-04-24,2296199394,Oil and Gas Exploration and Production,USA
SPTRD220284,2017-01-13,"Novitex Holdings, Inc./SourceHOV LLC",,Quinpario Acquisition Corp. 2,,Investor group,Acquisition of Whole Company (incl. Majority Stake),Completed,2017-07-12,1112000000,Data Processing and Outsourced Services,USA
SPTRD219093,2017-01-12,Eagle ford Shale assets,,Investor group,,Anadarko Petroleum Corporation,Acquisition of Asset or Branch,Completed,2017-02-06,2100000000,Integrated Oil and Gas,USA
SPTRD218971,2017-01-09,"Surgical Care Affiliates, Inc.",,"Optum, Inc.",,,Acquisition of Whole Company (incl. Majority Stake),Completed,2017-03-24,2588451597,Health Care Facilities,USA
SPTRD231158,2017-01-09,VCA Inc.*,,"Mars, Incorporated",,Walter Financial Inc.,Acquisition of Whole Company (incl. Majority Stake),Completed,2017-09-12,7682417526,Health Care Facilities,USA
SPTRD231159,2017-01-09,"ARIAD Pharmaceuticals, Inc.",,"Takeda Pharmaceuticals U.S.A., Inc.",,Investor Group,Acquisition of Whole Company (incl. Majority Stake),Completed,2017-02-15,4898591937,Biotechnology,USA
SPTRD231213,2017-01-08,"Merrimack Pharmaceuticals, Global Oncology Assets",,Ipsen S.A.,,"Merrimack Pharmaceuticals, Inc.",Acquisition of Asset or Branch,Completed,2017-04-03,1025000000,Pharmaceuticals,USA
SPTRD218922,2017-01-05,CEB Inc.,,"Gartner, Inc.",IT,,Acquisition of Whole Company (incl. Majority Stake),Completed,2017-04-05,2591495670,Research and Consulting Services,USA
SPTRD231466,2017-01-03,"Ivanti Software, Inc.*",,"Clearlake Capital Group, L.P.",,Investor Group,Acquisition of Whole Company (incl. Majority Stake),Completed,2017-01-23,1600000000,Application Software,USA
SPTRD218879,2017-01-01,All of the assets of DCP Midstream LLC*,,"DCP Midstream Partners, LP",,Investor group,Acquisition of Asset or Branch,Completed,2017-01-01,1193737899,Integrated Oil and Gas,USA
SPTRD336972,2016-12-23,"Rock-Green, Inc",,Undisclosed Buyer,,Canada Pension Plan Investment Board,Acquisition of Minority Stake,Completed,2016-12-23,1030000000,Asset Management,USA
SPTRD231940,2016-12-21,"InvenSense, Inc.*",,TDK U.S.A. Corporation,,Investor Group,Acquisition of Whole Company (incl. Majority Stake),Completed,2017-05-18,1422624695,Electronic Components,USA
SPTRD332898,2016-12-21,"Anadarko Petroleum Corporation, Marcellus Shale Natural Gas Assets",,"Alta Resources, LLC",,Anadarko Petroleum Corporation,Acquisition of Asset or Branch,Completed,2017-03-31,1240000000,Oil and Gas Exploration and Production,USA
SPTRD232007,2016-12-20,LifeCell Corporation,,Allergan plc,,Acelity L.P. Inc.,Acquisition of Whole Company (incl. Majority Stake),Completed,2017-02-01,2900000000,Biotechnology,USA
SPTRD218492,2016-12-19,American Railcar Leasing LLC,,SMBC Rail Services LLC,,Icahn Enterprises L.P.,Acquisition of Whole Company (incl. Majority Stake),Completed,2017-06-01,1542056000,Specialty Finance: Commercial Focused,USA
SPTRD218463,2016-12-15,"Capsugel, Inc.",,Lonza Group Limited,,KKR & Co. L.P.,Acquisition of Whole Company (incl. Majority Stake),Completed,2017-07-05,3500000000,Pharmaceuticals,USA
SPTRD232383,2016-12-14,"Vercara, LLC*",,Investor Group,,Investor Group,Acquisition of Whole Company (incl. Majority Stake),Completed,2017-08-08,2019194949,Application Software,USA
SPTRD232392,2016-12-14,"Hologic, Inc., Nucleic Acid Testing Donor Screening Business",,Grifols Diagnostic Solutions Inc.,,"Hologic, Inc.",Acquisition of Asset or Branch,Completed,2017-01-31,1850000000,Health Care Equipment,USA
SPTRD444112,2016-12-14,Leasehold Interests and Related Assets in Pecos and Reeves counties,,Diamondback E&P LLC,,Investor Group,Acquisition of Asset or Branch,Completed,2017-02-28,2399863197,Oil and Gas Exploration and Production,USA
SPTRD447319,2016-12-14,"Vitruvian II Woodford, LLC, 46,400 Net Surface Acres in the Core of the SCOOP",,Gulfport Energy Corporation,GPOR,"Vitruvian II Woodford, LLC",Acquisition of Asset or Branch,Completed,2017-02-17,1824199776,Real Estate Operating and Management,USA
SPTRD351447,2016-12-12,Seventy Seven Energy Inc.*,,"Patterson-UTI Energy, Inc.",PTEN,Investor Group,Acquisition of Whole Company (incl. Majority Stake),Completed,2017-04-20,1133662457,Oil and Gas Equipment and Services,USA
SPTRD218273,2016-12-09,Stillwater Mining Company,,Thor US Holdco Inc.,,,Acquisition of Whole Company (incl. Majority Stake),Completed,2017-04-25,2202876828,Precious Metals and Gemstones,USA
SPTRD218208,2016-12-06,US and Latin Americas data center portfolio,,Equinix Inc.,EQIX,Verizon Communications Inc.,Acquisition of Asset or Branch,Completed,2017-05-01,3600000000,Integrated Telecommunication Services,USA
SPTRD232830,2016-12-06,"Deltek, Inc.*",,"Roper Technologies, Inc.",ROP,Investor Group,Acquisition of Whole Company (incl. Majority Stake),Completed,2016-12-26,2800000000,Application Software,USA
SPTRD218157,2016-12-05,"FairPoint Communications, Inc.",,"Consolidated Communications Holdings, Inc.",,,Acquisition of Whole Company (incl. Majority Stake),Completed,2017-07-03,433548790,Integrated Telecommunication Services,USA
SPTRD232985,2016-12-02,"Acetylon Pharmaceuticals, Inc.",,Celgene Corporation,,,Acquisition of Whole Company (incl. Majority Stake),Completed,2016-12-16,1696300000,Pharmaceuticals,USA
SPTRD325979,2016-12-01,Portfolio of Real Estate Secured Receivables,,"MTGLQ Investors, L.P.",,Undisclosed Seller,Acquisition of Asset or Branch,Completed,2016-12-01,3000000000,Specialty Finance: Commercial Focused,USA
SPTRD826371,2016-12-01,CLARCOR Inc.,,Parker-Hannifin Corporation,PH,,Acquisition of Whole Company (incl. Majority Stake),Completed,2017-02-28,4118669147,Machinery and Supplies and Components: Industrial,USA
SPTRD218052,2016-11-30,"Electric Lightwave Parent, Inc.*",,"Zayo Group, LLC",,,Acquisition of Whole Company (incl. Majority Stake),Completed,2017-03-01,1420000000,Integrated Telecommunication Services,USA
SPTRD218017,2016-11-28,"SquareTrade Holding Company, Inc.*",,"Allstate Non-Insurance Holdings, Inc.",,"Bain Capital Private Equity, LP/Bain Capital Ventures, LP",Acquisition of Whole Company (incl. Majority Stake),Completed,2017-01-03,1400000000,Insurance Broker,USA
SPTRD233543,2016-11-22,"Chase Pharmaceuticals Corporation, Inc.*",,Allergan plc,,Investor Group,Acquisition of Whole Company (incl. Majority Stake),Completed,2016-11-22,1000000000,Pharmaceuticals,USA
SPTRD826944,2016-11-22,Bai Brands LLC,,Mott's LLP,,,Acquisition of Whole Company (incl. Majority Stake),Completed,2017-01-31,1700000000,Soft Drinks and Non-alcoholic Beverages,USA
SPTRD217802,2016-11-21,"Energy Transfer Partners, L.P.",,Sunoco Logistics Partners L.P.,,,Acquisition of Whole Company (incl. Majority Stake),Completed,2017-04-28,19926999356,Oil and Gas Storage and Transportation,USA
SPTRD220292,2016-11-20,"LifeLock, Inc.",,Symantec Corporation,,,Acquisition of Whole Company (incl. Majority Stake),Completed,2017-02-09,2528176430,Specialized Consumer Services,USA
SPTRD352081,2016-11-20,Headwaters Incorporated,,Boral Industries Inc.,,Investor Group,Acquisition of Whole Company (incl. Majority Stake),Completed,2017-05-08,1861784258,Construction Materials,USA
SPTRD341073,2016-11-18,"Anadarko Petroleum Corporation, Carthage upstream and midstream assets in East T",,Castleton Commodities International LLC,,Anadarko Petroleum Corporation,Acquisition of Asset or Branch,Completed,2016-11-18,1000000000,Oil and Gas Exploration and Production,USA
SPTRD337592,2016-11-17,"Western Refining, Inc.",,Tesoro Corporation,,Franklin Mountain Investments Limited Partnership,Acquisition of Whole Company (incl. Majority Stake),Completed,2017-06-01,3962588218,Oil and Gas Refining and Marketing,USA
SPTRD352123,2016-11-17,"Bellisio Foods, Inc.*",,Charoen Pokphand Foods Public Company Limited,,Centre Partners Management LLC,Acquisition of Whole Company (incl. Majority Stake),Completed,2016-12-22,1075000000,Food Distributors,USA
SPTRD233819,2016-11-16,"Infor, Inc.*",,"Koch Equity Development, LLC",,,Acquisition of Minority Stake,Completed,2017-02-21,2000000000,Application Software,USA
SPTRD217601,2016-11-14,"Equity One, Inc.",,Regency Centers Corporation,REG,Investor group,Acquisition of Whole Company (incl. Majority Stake),Completed,2017-03-01,4612443924,Retail REIT,USA
SPTRD233895,2016-11-14,"Harman International Industries, Incorporated",,"Samsung Electronics America, Inc.",,"T. Rowe Price Associates, Inc.",Acquisition of Whole Company (incl. Majority Stake),Completed,2017-03-10,8046754598,Consumer Electronics Producers,USA
SPTRD233896,2016-11-14,Mentor Graphics Corporation,,"Siemens Industry, Inc.",,Investor Group,Acquisition of Whole Company (incl. Majority Stake),Completed,2017-03-30,4781975543,Application Software,USA
SPTRD352315,2016-11-14,"Too Faced Cosmetics, LLC*",,The Estée Lauder Companies Inc.,,"General Atlantic Service Company, L.P.",Acquisition of Whole Company (incl. Majority Stake),Completed,2016-12-19,1450000000,Personal Care and Beauty Products: Producers,USA
SPTRD217440,2016-11-07,Earthlink Holdings Corp.*,,"Windstream Holdings, Inc.",,,Acquisition of Whole Company (incl. Majority Stake),Completed,2017-02-27,675776556,Integrated Telecommunication Services,USA
SPTRD217407,2016-11-04,"Data centers and colocation business of CenturyLink, Inc.",,Investor group,,"CenturyLink, Inc.",Acquisition of Asset or Branch,Completed,2017-05-01,2300000000,Integrated Telecommunication Services,USA
SPTRD217685,2016-11-04,"Dick clark productions, Inc.",,Dalian Wanda Group Co. Ltd.,,"Eldridge Industries, LLC",Acquisition of Whole Company (incl. Majority Stake),Completed,2016-11-04,1000000000,Movies and Entertainment,USA
SPTRD352648,2016-11-03,Metaldyne Performance Group Inc.*,,"American Axle & Manufacturing Holdings, Inc.",,Investor Group,Acquisition of Whole Company (incl. Majority Stake),Completed,2017-04-06,1560725034,Automotive Parts and Equipment,USA
SPTRD234409,2016-11-02,Brocade Communications Systems LLC,,Investor Group,,Investor Group,Acquisition of Whole Company (incl. Majority Stake),Completed,2017-11-17,5930115769,Communications Equipment,USA
SPTRD352691,2016-11-02,Anchor Glass Container Corporation*,,Investor Group,,"KPS Capital Partners, LP",Acquisition of Whole Company (incl. Majority Stake),Completed,2016-12-07,1000000000,"Containers and Packaging: Metal, Glass, and Plastic",USA
SPTRD217309,2016-11-01,"NextEra FiberNet, LLC/FPL FiberNet Holdings",,Crown Castle International Corp.,,"NextEra Energy, Inc.",Acquisition of Whole Company (incl. Majority Stake),Completed,2017-01-17,1500000000,Alternative Carriers,USA
SPTRD217324,2016-11-01,Generation plants*,,"Helix Generation, LLC",,TransCanada PipeLines Limited,Acquisition of Asset or Branch,Completed,2017-06-02,2100000000,Independent Power Producers and Energy Traders,USA
SPTRD217327,2016-11-01,New England hydroelectric power portfolio*,,Great River Hydro LLC,,TransCanada PipeLines Limited,Acquisition of Asset or Branch,Completed,2017-04-19,1065000000,Renewable Electricity,USA
SPTRD234414,2016-11-01,Real Estate of 64 Facilities*,,Second Spring Healthcare Investments,,Welltower Inc.,Acquisition of Asset or Branch,Completed,2016-11-01,1100000000,Health Care Facilities,USA
SPTRD352729,2016-11-01,Portfolio of 64 Communities*,,Blackstone Real Estate Advisors L.P.,,"HCP, Inc.",Acquisition of Asset or Branch,Completed,2017-03-29,1125000000,Real Estate Operating and Management,USA
SPTRD217279,2016-10-31,"Level 3 Communications, Inc.",,"CenturyLink, Inc.",,,Acquisition of Whole Company (incl. Majority Stake),Completed,2017-11-01,19647039160,Alternative Carriers,USA
SPTRD234555,2016-10-31,"Team Health Holdings, Inc.*",,"Tennessee Parent, Inc.",,Investor Group,Acquisition of Whole Company (incl. Majority Stake),Completed,2017-02-06,3353031153,Health Care Services,USA
SPTRD329383,2016-10-31,"Permian Basin Leasehold Acreage, Enhanced Oil Recovery and CO2 Properties and Re",,Occidental Petroleum Corporation,OXY,Undisclosed Seller,Acquisition of Asset or Branch,Completed,2016-10-31,2000000000,Oil and Gas Exploration and Production,USA
SPTRD336410,2016-10-31,"Questar Pipeline, LLC",,"Northeast Midstream Partners, LP",,"Dominion Resources, Inc.",Acquisition of Whole Company (incl. Majority Stake),Completed,2016-12-01,1290000000,Oil and Gas Storage and Transportation,USA
SPTRD217124,2016-10-24,"Scottrade Financial Services, Inc.",,TD Ameritrade Holding Corporation,,,Acquisition of Whole Company (incl. Majority Stake),Completed,2017-09-18,4325703558,"Investment Banks, Brokers and Capital Markets",USA
SPTRD217128,2016-10-24,Scottrade Bank,,"TD Bank, N.A.",,"Scottrade Financial Services, Inc.",Acquisition of Whole Company (incl. Majority Stake),Completed,2017-09-18,1380000000,Bank,USA
SPTRD217143,2016-10-24,Hilton Worldwide Holdings Inc.*,HLT,HNA Group Company Limited,,Blackstone Group L.P.,Acquisition of Minority Stake,Completed,2017-03-15,6496875000,"Hotels, Resorts and Cruise Lines",USA
SPTRD353079,2016-10-23,"B/E Aerospace, Inc.",,"Rockwell Collins, Inc.",,"BlackRock, Inc.",Acquisition of Whole Company (incl. Majority Stake),Completed,2017-04-13,6571914105,Aerospace and Defense,USA
SPTRD217113,2016-10-22,Time Warner Inc.,,AT&T Inc.,T,,Acquisition of Whole Company (incl. Majority Stake),Completed,2018-06-14,78805016319,Movies and Entertainment,USA
SPTRD217106,2016-10-21,"Acrisure, LLC*",,Management group,,"Genstar Capital, LLC",Acquisition of Whole Company (incl. Majority Stake),Completed,2016-11-22,2900000000,Insurance Broker,USA
SPTRD828541,2016-10-21,Reynolds American Inc.,,British American Tobacco p.l.c.,BTI,,Acquisition of Whole Company (incl. Majority Stake),Completed,2017-07-25,54339986733,Tobacco Producers,USA
SPTRD446193,2016-10-18,"35,700 Net Acres in Howard and Martin Counties in West Texas",,SM Energy Company,SM,Investor Group,Acquisition of Asset or Branch,Completed,2016-12-21,1577744520,Oil and Gas Exploration and Production,USA
SPTRD235177,2016-10-17,"Moran Foods, LLC*",,Onex Corporation,,SUPERVALU INC.,Acquisition of Whole Company (incl. Majority Stake),Completed,2016-12-05,1365000000,Food Retail,USA
SPTRD335535,2016-10-13,"Silver Hill Energy Partners, LLC*",,"RSP Permian, LLC",,Investor Group,Acquisition of Whole Company (incl. Majority Stake),Completed,2016-11-28,1233414841,Oil and Gas Exploration and Production,USA
SPTRD828912,2016-10-12,"Newell Brands Inc., Tool Business including Irwin Industrial Tool Company, Hilmo",,"Stanley Black & Decker, Inc.",SWK,Newell Brands Inc.,Acquisition of Asset or Branch,Completed,2017-03-09,1950000000,Unclassified,USA
SPTRD412078,2016-10-11,Phillips Texas Pipeline Company Eagle 1 LLC and Phillips Texas Pipeline Company,,Phillips 66 Partners LP,,Phillips 66 Project Development Inc.,Acquisition of Asset or Branch,Completed,2016-10-14,1301371940,Unclassified,USA
SPTRD216815,2016-10-10,Latin American businesses of Duke Energy Corporation*,,I Squared Capital Advisors (US) LLC,,Duke Energy Corporation,Acquisition of Asset or Branch,Completed,2016-12-20,890000000,Electric Utilities,USA
SPTRD216796,2016-10-09,Noble Americas Energy Solutions LLC,,Calpine Corporation,,Noble Group Limited,Acquisition of Whole Company (incl. Majority Stake),Completed,2016-12-01,1150000000,Independent Power Producers and Energy Traders,USA
SPTRD216811,2016-10-08,"Learfield Communications, Inc.*",,"Atairos Management, L.P.",,Providence Equity Partners L.L.C.,Acquisition of Whole Company (incl. Majority Stake),Completed,2016-10-08,1300000000,Movies and Entertainment,USA
SPTRD353615,2016-10-07,"Blackhawk Group Holdings, Inc.*",,Frank's International N.V.,,"Bain Capital Private Equity, LP",Acquisition of Whole Company (incl. Majority Stake),Completed,2016-11-01,1013999987,Household Appliances Producers,USA
SPTRD235577,2016-10-06,"Hospira Inc., Infusion Systems Business",,"ICU Medical, Inc.",ICUI,Hospira Inc.,Acquisition of Asset or Branch,Completed,2017-02-03,1014840000,Health Care Supplies,USA
SPTRD216584,2016-10-03,Janus Capital Group Inc.,,Henderson Group Plc,,Investor group,Acquisition of Whole Company (incl. Majority Stake),Completed,2017-05-30,2632132933,Asset Management,USA
SPTRD235780,2016-10-03,Cabela's L.L.C.*,,"Bass Pro Group, LLC",,Investor Group,Acquisition of Whole Company (incl. Majority Stake),Completed,2017-09-25,4311346980,Other Specialty Retail,USA
SPTRD322442,2016-09-30,"Apollo Residential Mortgage, Inc.",,Undisclosed Buyer,,"Apollo Commercial Real Estate Finance, Inc.",Acquisition of Asset or Branch,Completed,2016-09-30,421000000,Mortgage REIT,USA
SPTRD216412,2016-09-26,"Bats Global Markets, Inc.*",,"CBOE V, LLC",,,Acquisition of Whole Company (incl. Majority Stake),Completed,2017-02-28,3370564769,"Investment Banks, Brokers and Capital Markets",USA
SPTRD217334,2016-09-26,Columbia Pipeline Partners LP,,"Columbia Pipeline Group, Inc.",,,Acquisition of Whole Company (incl. Majority Stake),Completed,2017-02-17,915669810,Oil and Gas Storage and Transportation,USA
SPTRD412076,2016-09-26,"Vantage Energy, LLC and Vantage Energy II, LLC*",,"Rice Energy Operating, LLC",,Investor Group,Acquisition of Asset or Branch,Completed,2016-10-19,2017050000,Oil and Gas Exploration and Production,USA
SPTRD354254,2016-09-25,Chemtura Corporation,,LANXESS Deutschland GmbH,,Investor Group,Acquisition of Whole Company (incl. Majority Stake),Completed,2017-04-21,2159720677,Specialty Chemicals,USA
SPTRD236385,2016-09-20,"Tobira Therapeutics, Inc.*",,Allergan plc,,Investor Group,Acquisition of Whole Company (incl. Majority Stake),Completed,2016-11-01,1687134132,Biotechnology,USA
SPTRD236448,2016-09-19,Infoblox Inc.*,,"Vista Equity Partners Management, LLC",,Investor Group,Acquisition of Whole Company (incl. Majority Stake),Completed,2016-11-04,1508142398,Systems Software,USA
SPTRD354451,2016-09-19,"Isle of Capri Casinos, Inc.",,"Eldorado Resorts, Inc.",,Investor Group,Acquisition of Whole Company (incl. Majority Stake),Completed,2017-05-01,1120435991,Casinos and Gaming,USA
SPTRD236546,2016-09-16,"Johnson & Johnson Surgical Vision, Inc.",,Chace LLC,,Abbott Laboratories,Acquisition of Whole Company (incl. Majority Stake),Completed,2017-02-27,4325000000,Health Care Supplies,USA
SPTRD221476,2016-09-15,"Penton Business Media Holdings, Inc.",,Informa plc,,Investor group,Acquisition of Whole Company (incl. Majority Stake),Completed,2016-11-02,1637875000,Publishing,USA
SPTRD216083,2016-09-14,Four competitive power plants*,,Investor group,,"American Electric Power Company, Inc.",Acquisition of Asset or Branch,Completed,2017-01-30,2100000000,Independent Power Producers and Energy Traders,USA
SPTRD1847256,2016-09-12,US Logistics Portfolio,,Global Logistic Properties Limited,,"Hillwood Development Company, LLC",Acquisition of Asset or Branch,Completed,2016-12-14,1100000000,Real Estate Operating and Management,USA
SPTRD236777,2016-09-12,Intersil Corporation,,Renesas Electronics Corporation,,Investor Group,Acquisition of Whole Company (incl. Majority Stake),Completed,2017-02-24,3225651751,Semiconductors,USA
SPTRD236783,2016-09-12,Enterprise Content Division,,Open Text Corporation,OTEX,Investor Group,Acquisition of Asset or Branch,Completed,2017-01-23,1620000000,Application Software,USA
SPTRD446060,2016-09-12,Oil and Gas Properties in Gulf of Mexico,,Anadarko US Offshore LLC,,Investor Group,Acquisition of Asset or Branch,Completed,2016-12-15,2150000000,Oil and Gas Exploration and Production,USA
SPTRD215916,2016-09-07,"American Realty Capital - Retail Centers of America, Inc.",,"American Finance Trust, Inc.",,,Acquisition of Whole Company (incl. Majority Stake),Completed,2017-02-16,1017329989,Retail REIT,USA
SPTRD236979,2016-09-07,"Hewlett Packard Enterprise Company, Software Business",,Micro Focus International plc,,Hewlett Packard Enterprise Company,Acquisition of Asset or Branch,Completed,2017-08-31,9044763076,Application Software,USA
SPTRD236980,2016-09-07,Intel Security Inc.*,,"TPG Capital, L.P.",,Intel Corporation,Acquisition of Whole Company (incl. Majority Stake),Completed,2017-04-03,1100000000,Systems Software,USA
SPTRD215886,2016-09-06,Spectra Energy Corp,,Enbridge Inc.,ENB,,Acquisition of Whole Company (incl. Majority Stake),Completed,2017-02-27,28705204230,Oil and Gas Storage and Transportation,USA
SPTRD237031,2016-09-06,"Cepheid, Inc.",,Danaher Corporation,DHR,Wellington Management Group LLP,Acquisition of Whole Company (incl. Majority Stake),Completed,2016-11-04,4301859321,Biotechnology,USA
SPTRD332728,2016-09-06,Yates Petroleum Corporation,,"EOG Resources, Inc.",EOG,,Acquisition of Whole Company (incl. Majority Stake),Completed,2016-10-04,2369733900,Oil and Gas Exploration and Production,USA
SPTRD237298,2016-08-31,"Interactive Intelligence Group, Inc.",,"Genesys Telecommunications Laboratories, Inc.",,Investor Group,Acquisition of Whole Company (incl. Majority Stake),Completed,2016-12-01,1446392741,Application Software,USA
SPTRD355052,2016-08-31,U.S. Portfolio of Real Estate Assets*,,The Blackstone Group L.P.,BX,"Alecta Pensionsförsäkring, ömsesidigt",Acquisition of Asset or Branch,Completed,2017-02-03,1700000000,Real Estate Operating and Management,USA
SPTRD321476,2016-08-23,Arris Petroleum Corporation*,,"PDC Energy, Inc.",,"Kimmeridge Energy Management Company, LLC",Acquisition of Whole Company (incl. Majority Stake),Completed,2016-12-06,937366785,Oil and Gas Exploration and Production,USA
SPTRD283438,2016-08-22,"Medivation, Inc.*",,Pfizer Inc.,PFE,HBM Partners Ltd.,Acquisition of Whole Company (incl. Majority Stake),Completed,2016-09-27,14313533057,Biotechnology,USA
SPTRD283442,2016-08-22,"CST Brands, Inc.",,Circle K Stores Inc.,,Investor Group,Acquisition of Whole Company (incl. Majority Stake),Completed,2017-06-28,3721856953,Automotive Retail,USA
SPTRD355318,2016-08-22,"LanguageLine Solutions, Inc.*",,Teleperformance SE,,"ABRY Partners, LLC",Acquisition of Whole Company (incl. Majority Stake),Completed,2016-09-19,1522000000,Diversified Support Services,USA
SPTRD226265,2016-08-19,"HealthSun Health Plans, Inc.*",,"Summit Partners, L.P.",,,Acquisition of Whole Company (incl. Majority Stake),Completed,2016-11-30,1000000000,Managed Care,USA
SPTRD355442,2016-08-16,"G&K Services, LLC",,Cintas Corporation,CTAS,"T. Rowe Price Associates, Inc.",Acquisition of Whole Company (incl. Majority Stake),Completed,2017-03-21,1961802846,"Apparel, Accessories and Luxury Goods",USA
SPTRD215302,2016-08-15,"Post Properties, Inc.",,"Mid-America Apartment Communities, Inc.",MAA,,Acquisition of Whole Company (incl. Majority Stake),Completed,2016-12-01,3507966191,Multi-Family Residential REIT,USA
SPTRD215313,2016-08-15,"RCN Telecom Services, LLC*",,"TPG Capital, L.P.",,RCN Corporation,Acquisition of Whole Company (incl. Majority Stake),Completed,2017-02-01,1600000000,Alternative Carriers,USA
SPTRD215320,2016-08-15,United Guaranty Corporation,,Arch Capital Group Ltd.,ACGL,"American International Group, Inc.",Acquisition of Whole Company (incl. Majority Stake),Completed,2016-12-31,3260000000,Financial Guaranty,USA
SPTRD332798,2016-08-15,Certain oil and natural gas properties and related assets located in the Norther,,COG Operating LLC,,Investor Group,Acquisition of Asset or Branch,Completed,2016-10-04,1625000000,Oil and Gas Exploration and Production,USA
SPTRD355494,2016-08-15,Sensus Worldwide Limited*,,Xylem Inc.,XYL,Investor Group,Acquisition of Whole Company (incl. Majority Stake),Completed,2016-10-31,1700000000,Electronic Equipment and Instruments,USA
SPTRD283852,2016-08-09,"Press Ganey Holdings, Inc.*",,EQT Partners AB,,Investor Group,Acquisition of Whole Company (incl. Majority Stake),Completed,2016-10-21,2256383581,Health Care Technology,USA
SPTRD215122,2016-08-08,EverBank Financial Corp*,,Teachers Insurance and Annuity Association of America,,,Acquisition of Whole Company (incl. Majority Stake),Completed,2017-06-09,2365543110,Bank,USA
SPTRD215173,2016-08-08,"Jet.com, Inc.*",,"Wal-Mart Stores, Inc.",,,Acquisition of Whole Company (incl. Majority Stake),Completed,2016-09-19,3300000000,Other Specialty Retail,USA
SPTRD283955,2016-08-07,Mattress Firm Holding Corp.*,,Steinhoff International Holdings N.V.,,Investor Group,Acquisition of Whole Company (incl. Majority Stake),Completed,2016-09-14,1606708736,Homefurnishing Retail,USA
SPTRD215610,2016-08-05,"Rackspace Hosting, Inc.*",,"Apollo Global Management, LLC",APO,,Acquisition of Whole Company (incl. Majority Stake),Completed,2016-11-03,4301622481,Application Software,USA
SPTRD325638,2016-08-03,Dakota Access Pipeline and Energy Transfer Crude Oil Pipeline Projects,,Investor Group,,Investor Group,Acquisition of Asset or Branch,Completed,2017-02-15,2000000000,Oil and Gas Storage and Transportation,USA
SPTRD447849,2016-08-03,"A 42-Story, 1.2 Million Square Foot Tower at 1095 Sixth Avenue",,Real Summit Investment,,Investor Group,Acquisition of Asset or Branch,Completed,2016-08-03,1150000000,Real Estate Operating and Management,USA
SPTRD214968,2016-08-02,Bakken pipeline project,,MarEn Bakken Company LLC,,Investor group,Acquisition of Asset or Branch,Completed,2017-02-15,2000000000,Oil and Gas Storage and Transportation,USA
SPTRD284159,2016-08-02,West Coast Seniors Housing Portfolio of 19 Properties,,Welltower Inc.,WELL,"Vintage Senior Housing, LLC",Acquisition of Asset or Branch,Completed,2016-10-13,1152550000,Health Care Facilities,USA
SPTRD872754,2016-08-02,"Emerson Electric Co., Motors, Drives and Electric Power Generation Businesses",,Nidec Corporation,,Emerson Electric Co.,Acquisition of Asset or Branch,Completed,2017-01-31,1200000000,Unclassified,USA
SPTRD873456,2016-08-02,"Emerson Electric Co., Network Power Business Segment",,"ASCO Power GP, LLC",,Emerson Electric Co.,Acquisition of Asset or Branch,Completed,2016-11-30,4000000000,Electrical Components and Equipment: Light,USA
SPTRD214898,2016-08-01,SolarCity Corporation,,"Tesla Motors, Inc.",,,Acquisition of Whole Company (incl. Majority Stake),Completed,2016-11-21,2125199190,Independent Power Producers and Energy Traders,USA
SPTRD284254,2016-08-01,"Double Eagle Parent, Inc.*",,"Advent International, L.P.",,,Acquisition of Whole Company (incl. Majority Stake),Completed,2016-11-10,1900000000,Life Sciences Tools and Services,USA
SPTRD872768,2016-07-29,Fashion Show in Las Vegas,,Tiaa-Cref Global Investments LLC,,"General Growth Properties, Inc.",Acquisition of Asset or Branch,Completed,2016-07-29,1250000000,Real Estate Operating and Management,USA
SPTRD284375,2016-07-28,"NetSuite, Inc.*",,Oracle Corporation,ORCL,Investor Group,Acquisition of Whole Company (incl. Majority Stake),Completed,2016-11-04,6794035945,Systems Software,USA
SPTRD214734,2016-07-27,"Epiq Systems, Inc.*",,Investor group,,,Acquisition of Whole Company (incl. Majority Stake),Completed,2016-09-30,659533430,Banking Technology,USA
SPTRD284508,2016-07-26,Linear Technology Corporation,,"Analog Devices, Inc.",ADI,Investor Group,Acquisition of Whole Company (incl. Majority Stake),Completed,2017-03-10,16055928329,Semiconductors,USA
SPTRD284512,2016-07-26,"Citrix Systems, Inc., GoTo Family Of Products",,"LogMeIn, Inc.",,"Citrix Systems, Inc.",Acquisition of Asset or Branch,Completed,2017-01-31,2848036514,Application Software,USA
SPTRD214627,2016-07-25,Yahoo's operating business,,Verizon Communications Inc.,VZ,Yahoo! Inc.,Acquisition of Asset or Branch,Completed,2017-06-13,4475800000,Application Software,USA
SPTRD214635,2016-07-25,Outerwall Inc.*,,"Apollo Global Management, LLC",APO,,Acquisition of Whole Company (incl. Majority Stake),Completed,2016-09-27,895211200,Movies and Entertainment,USA
SPTRD214616,2016-07-22,"Centennial Resource Production, LLC",,Investor group,,Carlyle Group L.P.,Acquisition of Whole Company (incl. Majority Stake),Completed,2016-10-11,1575000000,Oil and Gas Exploration and Production,USA
SPTRD356254,2016-07-22,"IT Cosmetics, LLC*",,L'Oréal S.A.,,"TSG Consumer Partners, LP",Acquisition of Whole Company (incl. Majority Stake),Completed,2016-08-31,1200000000,Personal Care and Beauty Products: Producers,USA
SPTRD214571,2016-07-21,Yadkin Financial Corporation,,F.N.B. Corporation,,,Acquisition of Whole Company (incl. Majority Stake),Completed,2017-03-11,1798745339,Bank,USA
SPTRD284668,2016-07-21,"Relypsa, Inc.*",,Vifor Pharma Ltd.,,Investor Group,Acquisition of Whole Company (incl. Majority Stake),Completed,2016-08-31,1531432081,Pharmaceuticals,USA
SPTRD356299,2016-07-21,Joy Global Inc.,,Komatsu America Corp.,,Investor Group,Acquisition of Whole Company (incl. Majority Stake),Completed,2017-04-05,2861570266,Machinery and Equipment: Construction and Heavy Transportation,USA
SPTRD356331,2016-07-20,"Dollar Shave Club, Inc.*",,The Unilever Group,UL,Investor Group,Acquisition of Whole Company (incl. Majority Stake),Completed,2016-08-10,1000000000,Personal Care and Beauty Products: Producers,USA
SPTRD214449,2016-07-18,Medical Liability Mutual Insurance Company,,National Indemnity Company,,,Acquisition of Whole Company (incl. Majority Stake),Completed,2018-10-01,2500000000,Property and Casualty,USA
SPTRD214228,2016-07-11,Intellectual Property & Science business of Thomson Reuters Corporation,,Investor group,,Thomson Reuters Corporation,Acquisition of Asset or Branch,Completed,2016-10-03,3550000000,Application Software,USA
SPTRD214372,2016-07-11,"Ultimate Fighting Championship, Ltd.*",,Investor group,,Zuffa LLC,Acquisition of Whole Company (incl. Majority Stake),Completed,2016-08-18,4000000000,Movies and Entertainment,USA
SPTRD214216,2016-07-10,"Southern Natural Gas Company, L.L.C.*",,Southern Company Gas,,Kinder Morgan Inc.,Acquisition of Whole Company (incl. Majority Stake),Completed,2016-09-01,1450000000,Oil and Gas Storage and Transportation,USA
SPTRD356718,2016-07-07,The WhiteWave Foods Company*,,Danone S.A.,,The Litchfield Fund,Acquisition of Whole Company (incl. Majority Stake),Completed,2017-04-12,10349467467,Packaged Foods and Meats Producers,USA
SPTRD356752,2016-07-06,Nortek Inc.,,Melrose Industries PLC,,Investor Group,Acquisition of Whole Company (incl. Majority Stake),Completed,2016-08-31,1305895275,Machinery and Supplies and Components: Industrial,USA
SPTRD356828,2016-07-05,"Hostess Brands, LLC*",,"Gores Holdings, Inc.",,Investor Group,Acquisition of Whole Company (incl. Majority Stake),Completed,2016-11-04,2198410000,Packaged Foods and Meats Producers,USA
SPTRD441722,2016-07-05,Life Science and Medical Real Estate Assets,,"Ventas, Inc.",VTR,Wexford Science & Technology,Acquisition of Asset or Branch,Completed,2016-09-01,1538000000,Health Care Facilities,USA
SPTRD356944,2016-07-01,Intelligrated Inc.*,,Honeywell International Inc.,HON,Permira Advisers Ltd.,Acquisition of Whole Company (incl. Majority Stake),Completed,2016-08-29,1500000000,Machinery and Supplies and Components: Industrial,USA
SPTRD213980,2016-06-30,Starz*,,Lions Gate Entertainment Corp.,,,Acquisition of Whole Company (incl. Majority Stake),Completed,2016-12-08,3470779353,Cable and Satellite,USA
SPTRD213991,2016-06-30,Video streaming business of MLB Advanced Media LP,,Walt Disney Company,DIS,MLB Advanced Media LP,Acquisition of Asset or Branch,Completed,2016-08-10,3500000000,Movies and Entertainment,USA
SPTRD791137,2016-06-30,Seven West Coast Office Assets,,BRE Hydra Property Owner LLC,,"Hines Real Estate Investment Trust, Inc.",Acquisition of Asset or Branch,Completed,2016-11-10,1162000000,Unclassified,USA
SPTRD213910,2016-06-29,"PrivateBancorp, Inc.",,CIBC Holdco Inc.,,,Acquisition of Whole Company (incl. Majority Stake),Completed,2017-06-23,4906879569,Bank,USA
SPTRD213922,2016-06-29,"Diamond Resorts International, Inc.*",,"Dakota Parent, Inc.",,,Acquisition of Whole Company (incl. Majority Stake),Completed,2016-09-02,2224125365,"Hotels, Resorts and Cruise Lines",USA
SPTRD285828,2016-06-27,Heartware International Inc.*,,"Medtronic, Inc.",MDT,Investor Group,Acquisition of Whole Company (incl. Majority Stake),Completed,2016-08-22,1065224762,Health Care Equipment,USA
SPTRD285897,2016-06-24,The Sun Products Corporation*,,Henkel Consumer Goods Inc.,,"Vestar Capital Partners, LLC",Acquisition of Whole Company (incl. Majority Stake),Completed,2016-09-01,3600000000,Household Products Producers,USA
