Transaction ID,Announcement Date,Completion Date,Target or Issuer,target_ticker,target_match_method,target_matched_name,Buyer,acquirer_ticker,acquirer_match_method,acquirer_matched_name,Seller,Transaction Type,Transaction Value ($M),Deal Value ($M),Status,Primary Industry (MI),Country/Region
SPTRD2218468,2026-06-16,,"Anysphere, Inc.",,no_match,ANYSPHERE,Space Exploration Technologies Corp.,SPCX,normalized_exact,SPACE EXPLORATION TECHNOLOGIES,,Acquisition of Whole Company (incl. Majority Stake),57300.0,60000.0,Announced,Systems Software,USA
SPTRD2218417,2026-06-16,,Huntsman Corporation,HUN,normalized_exact,HUNTSMAN,Olin Corporation,OLN,normalized_exact,OLIN,,Acquisition of Whole Company (incl. Majority Stake),4845.778337,2506.778337,Announced,Diversified Chemicals,USA
SPTRD2218486,2026-06-16,,"Pizza Hut, LLC*",,no_match,PIZZA HUT,"LongRange Capital, L.P.",,no_match,LONGRANGE CAPITAL,"Yum! Brands, Inc.",Acquisition of Whole Company (incl. Majority Stake),1575.0,1575.0,Announced,Restaurants,USA
SPTRD2218127,2026-06-15,,Fin*,,no_match,FIN,"Salesforce, Inc.",CRM,normalized_exact,SALESFORCE,Sprints Capital Management Limited,Acquisition of Whole Company (incl. Majority Stake),3600.0,3600.0,Announced,Application Software,USA
SPTRD2218098,2026-06-15,,Payoneer Global Inc.,PAYO,normalized_exact,PAYONEER GLOBAL,Nuvei Corporation,,no_match,NUVEI,,Acquisition of Whole Company (incl. Majority Stake),2506.496455,2768.592455,Announced,Payment Service Providers and Gateways,USA
SPTRD2218151,2026-06-15,,"Roku, Inc.",ROKU,normalized_exact,ROKU,Fox Corporation,FOXA,normalized_exact,FOX,,Acquisition of Whole Company (incl. Majority Stake),22866.535832,24745.637832,Announced,Movies and Entertainment,USA
SPTRD2217628,2026-06-12,,Navitas Credit Corp./Nlfc Reinsurance Corp.,,no_match,NAVITAS CREDIT REINSURANCE,Wafra Inc.,,no_match,WAFRA,"United Community Banks, Inc.",Acquisition of Whole Company (incl. Majority Stake),1936.0,1936.0,Announced,Unclassified,USA
SPTRD2217419,2026-06-11,,Crowe Advisory LLC,,no_match,CROWE ADVISORY,Investor Group,,no_match,INVESTOR,Crowe LLP,Acquisition of Whole Company (incl. Majority Stake),3000.0,,Announced,Research and Consulting Services,USA
SPTRD2216608,2026-06-09,,"Nuvalent, Inc.*",NUVL,normalized_exact,NUVALENT,GlaxoSmithKline LLC,,no_match,GLAXOSMITHKLINE,Investor Group,Acquisition of Whole Company (incl. Majority Stake),10015.101746,11302.577746,Announced,Biotechnology,USA
SPTRD2216707,2026-06-09,,"Riverpoint Medical, LLC*",,no_match,RIVERPOINT MEDICAL,Novanta Inc.,NOVT,normalized_exact,NOVANTA,"Arlington Management Employees, LLC",Acquisition of Whole Company (incl. Majority Stake),1450.0,1450.0,Announced,Health Care Equipment,USA
SPTRD2216457,2026-06-08,,"Firefly Bio, Inc.*",,no_match,FIREFLY BIO,Johnson & Johnson,JNJ,normalized_exact,JOHNSON AND JOHNSON,Investor Group,Acquisition of Whole Company (incl. Majority Stake),1000.0,1000.0,Announced,Biotechnology,USA
SPTRD2216528,2026-06-08,,Standard BioTools Inc.*,LAB,normalized_exact,STANDARD BIOTOOLS,"Treeline Biosciences, Inc.",,no_match,TREELINE BIOSCIENCES,"Casdin Capital, LLC",Acquisition of Whole Company (incl. Majority Stake),2500.0,2500.0,Announced,Life Sciences Tools and Services,USA
SPTRD2216435,2026-06-08,2026-07-06,"Vega Therapeutics, Inc.",,no_match,VEGA THERAPEUTICS,Incyte Corporation,INCY,normalized_exact,INCYTE,"Star OpCo, Inc.",Acquisition of Whole Company (incl. Majority Stake),2000.0,2000.0,Completed,Biotechnology,USA
SPTRD2216166,2026-06-05,2026-06-05,"ECHO Realty, L.P.",,no_match,ECHO REALTY,Investor Group,,no_match,INVESTOR,,Acquisition of Whole Company (incl. Majority Stake),2000.0,,Completed,Real Estate Operating and Management,USA
SPTRD2215590,2026-06-03,2026-06-03,8.5-million-square-foot portfolio*,,no_match,8 5 MILLION SQUARE FOOT PORTFOLIO,Investor Group,,no_match,INVESTOR,Link Logistics Real Estate LLC,Acquisition of Asset or Branch,1810.0,1810.0,Completed,Unclassified,USA
SPTRD2215634,2026-06-03,,"Hartford Funds Management Group, Inc.",,no_match,HARTFORD FUNDS MANAGEMENT,Wellington Investment Advisors Holdings LLP,,no_match,WELLINGTON INVESTMENT ADVISORS LLP,"The Hartford Insurance Group, Inc.",Acquisition of Whole Company (incl. Majority Stake),1900.0,,Announced,Asset Management,USA
SPTRD2215165,2026-06-01,,MGM Resorts International,MGM,normalized_exact,MGM RESORTS INTERNATIONAL,IAC Inc.,,no_match,IAC,,Acquisition of Whole Company (incl. Majority Stake),39696.117243,9417.247243,Announced,Casinos and Gaming,USA
SPTRD2215131,2026-06-01,,"Sevasemten and Muscular Dystrophy Business of Edgewise Therapeutics, Inc",,no_match,SEVASEMTEN AND MUSCULAR DYSTROPHY BUSINESS OF EDGEWISE THERAPEUTICS,Investor Group,,no_match,INVESTOR,"Edgewise Therapeutics, Inc.",Acquisition of Asset or Branch,2650.0,2650.0,Announced,Unclassified,USA
SPTRD2215018,2026-05-31,,Taylor Morrison Home Corporation,TMHC,normalized_exact,TAYLOR MORRISON HOME,Berkshire Hathaway Inc.,BRK.B,normalized_exact,BERKSHIRE HATHAWAY,,Acquisition of Whole Company (incl. Majority Stake),8724.644223,6854.073223,Announced,Homebuilding Producers,USA
SPTRD2214757,2026-05-29,,Food Ingredients Business of International Flavors & Fragrances Inc.*,,no_match,FOOD INGREDIENTS BUSINESS OF INTERNATIONAL FLAVORS AND FRAGRANCES,CVC Capital Partners plc,,no_match,CVC CAPITAL PARTNERS,International Flavors & Fragrances Inc.,Acquisition of Asset or Branch,3800.0,3800.0,Announced,Unclassified,USA
SPTRD2214470,2026-05-28,,"Caesars Entertainment, Inc.",CZR,normalized_exact,CAESARS ENTERTAINMENT,"Fertitta Entertainment, Inc.",,no_match,FERTITTA ENTERTAINMENT,Recreational Enterprises Inc.,Acquisition of Whole Company (incl. Majority Stake),31702.711186,6394.711186,Announced,Casinos and Gaming,USA
SPTRD2214551,2026-05-28,,"MaintainX, Inc.*",,no_match,MAINTAINX,"Autodesk, Inc.",ADSK,normalized_exact,AUTODESK,Investor Group,Acquisition of Whole Company (incl. Majority Stake),3575.0,3575.0,Announced,Application Software,USA
SPTRD2214219,2026-05-27,,"ArcLight Capital Partners, LLC",,no_match,ARCLIGHT CAPITAL PARTNERS,"DigitalBridge Group, Inc.",DBRG,normalized_exact,DIGITALBRIDGE,,Acquisition of Whole Company (incl. Majority Stake),1050.0,1050.0,Announced,Asset Management,USA
SPTRD2214235,2026-05-27,,NewHold Investment Corp III,NHIC,normalized_exact,NEWHOLD INVESTMENT III,newcleo Ltd,,no_match,NEWCLEO,,Acquisition of Whole Company (incl. Majority Stake),2350.0,,Announced,Asset Management,USA
SPTRD2214187,2026-05-27,,Translational Development Acquisition Corp.,TDAC,normalized_exact,TRANSLATIONAL DEVELOPMENT ACQUISITION,Prologium Holdings Inc,,no_match,PROLOGIUM,Investor Group,Acquisition of Whole Company (incl. Majority Stake),3900.0,,Announced,Asset Management,USA
SPTRD2213817,2026-05-26,,"Curevo, Inc.*",,no_match,CUREVO,Eli Lilly and Company,LLY,normalized_exact,ELI LILLY AND,Investor Group,Acquisition of Whole Company (incl. Majority Stake),1500.0,,Announced,Biotechnology,USA
SPTRD2213832,2026-05-26,,"Vaccine Company, Inc.",,no_match,VACCINE,Eli Lilly and Company,LLY,normalized_exact,ELI LILLY AND,,Acquisition of Whole Company (incl. Majority Stake),1550.0,,Announced,Biotechnology,USA
SPTRD2213165,2026-05-22,,GCDC Purchaser Phase 2 LLC,,no_match,GCDC PURCHASER PHASE 2,Blue Owl Digital Infrastructure Trust,,no_match,BLUE OWL DIGITAL INFRASTRUCTURE TRUST,US GCDC Phase 2 Holdings LP,Acquisition of Whole Company (incl. Majority Stake),1100.0,1100.0,Announced,Unclassified,USA
SPTRD2213174,2026-05-21,2026-05-21,"5,154 Net Undeveloped Acres in the Core of the Delaware Basin",,no_match,5 154 NET UNDEVELOPED ACRES IN CORE OF BASIN,Matador Resources Company,MTDR,normalized_exact,MATADOR RESOURCES,Bureau of Land Management,Acquisition of Asset or Branch,1143.0,1143.0,Completed,Real Estate Development,USA
SPTRD2212672,2026-05-21,,"AvalonBay Communities, Inc.",AVB,normalized_exact,AVALONBAY COMMUNITIES,Equity Residential,EQR,normalized_exact,EQUITY RESIDENTIAL,,Acquisition of Whole Company (incl. Majority Stake),36237.657093,26611.457093,Announced,Multi-Family Residential REIT,USA
SPTRD2212761,2026-05-21,,"Commercial and Defense Aerospace Business of CIRCOR International, Inc.",,no_match,COMMERCIAL AND DEFENSE AEROSPACE BUSINESS OF CIRCOR INTERNATIONAL,Parker-Hannifin Corporation,PH,normalized_exact,PARKER HANNIFIN,KKR & Co. Inc.,Acquisition of Asset or Branch,2550.0,2550.0,Announced,Aerospace and Defense,USA
SPTRD2212743,2026-05-21,,"The H.D. Lee Company, Inc.",,no_match,H D LEE,ABG-Storm LLC,,no_match,ABG STORM,"Kontoor Brands, Inc.",Acquisition of Asset or Branch,1000.0,1000.0,Announced,"Apparel, Accessories and Luxury Goods",USA
SPTRD2212756,2026-05-20,2026-05-20,"16,300 net undeveloped acres of Delaware Basin acreage in Lea and Eddy Counties,",,no_match,16 300 NET UNDEVELOPED ACRES OF BASIN ACREAGE IN LEA AND EDDY COUNTIES,Devon Energy Corporation,DVN,normalized_exact,DEVON ENERGY,Bureau of Land Management,Acquisition of Asset or Branch,2632.45,2632.45,Completed,Oil and Gas Exploration and Production,USA
SPTRD2212114,2026-05-19,,"Empower Semiconductor, Inc.*",,no_match,EMPOWER SEMICONDUCTOR,"Analog Devices, Inc.",ADI,normalized_exact,ANALOG DEVICES,Investor Group,Acquisition of Whole Company (incl. Majority Stake),1500.0,1500.0,Announced,Semiconductors,USA
SPTRD2211808,2026-05-18,,"Dominion Energy, Inc.",D,normalized_exact,DOMINION ENERGY,"NextEra Energy, Inc.",NEE,normalized_exact,NEXTERA ENERGY,,Acquisition of Whole Company (incl. Majority Stake),124339.353585,67373.353585,Announced,Multi-Utilities,USA
SPTRD2211887,2026-05-18,,Sachem Capital Corp.,SACH,normalized_exact,SACHEM CAPITAL,"Industrial Realty Group, LLC",,no_match,INDUSTRIAL REALTY,,Acquisition of Whole Company (incl. Majority Stake),1853.734,1529.0,Announced,Mortgage REIT,USA
SPTRD2213446,2026-05-17,,"LiveRamp Holdings, Inc.",RAMP,normalized_exact,LIVERAMP,"Mms Usa Holdings, Inc.",,no_match,MMS USA,,Acquisition of Whole Company (incl. Majority Stake),2173.91223,2531.39423,Announced,Application Software,USA
SPTRD2213712,2026-05-15,2026-05-15,"MiRus, LLC",,no_match,MIRUS,Boston Scientific Corporation,BSX,normalized_exact,BOSTON SCIENTIFIC,,Acquisition of Minority Stake,1500.0,1500.0,Completed,Health Care Equipment,USA
SPTRD2210870,2026-05-11,,"Emerald Holding, Inc.",EEX,normalized_exact,EMERALD,"Apollo Global Management, Inc.",APO,normalized_exact,APOLLO GLOBAL MANAGEMENT,Onex Corporation,Acquisition of Whole Company (incl. Majority Stake),1416.290186,1004.890186,Announced,Advertising,USA
SPTRD2210291,2026-05-11,,Portfolio of Recognition Music Group,,no_match,PORTFOLIO OF RECOGNITION MUSIC,Sony Music Publishing (US) LLC,,no_match,SONY MUSIC PUBLISHING,Blackstone Inc.,Acquisition of Asset or Branch,4000.0,4000.0,Announced,Movies and Entertainment,USA
SPTRD2209660,2026-05-07,,"Catalyst Pharmaceuticals, Inc.",CPRX,normalized_exact,CATALYST PHARMACEUTICALS,Angelini Pharma S.p.a.,,no_match,ANGELINI PHARMA S A,,Acquisition of Whole Company (incl. Majority Stake),3344.21066,4097.38866,Announced,Biotechnology,USA
SPTRD2209659,2026-05-07,,"PathAI, Inc.*",,no_match,PATHAI,Roche Holding AG,,no_match,ROCHE,Investor Group,Acquisition of Whole Company (incl. Majority Stake),1050.0,1050.0,Announced,Life Sciences Tools and Services,USA
SPTRD2209794,2026-05-07,,Quasaredge Acquisition Corporation,QRED,normalized_exact,QUASAREDGE ACQUISITION,Robseek Intelligence Inc.,,no_match,ROBSEEK INTELLIGENCE,,Acquisition of Whole Company (incl. Majority Stake),1000.0,1000.0,Announced,Asset Management,USA
SPTRD2209591,2026-05-06,2026-06-11,"Brazos Delaware II, LLC",,no_match,BRAZOS II,"Western Midstream Partners, LP",WES,normalized_exact,WESTERN MIDSTREAM PARTNERS,Morgan Stanley Infrastructure Inc.,Acquisition of Whole Company (incl. Majority Stake),1658.062,1658.062,Completed,Oil and Gas Storage and Transportation,USA
SPTRD2209440,2026-05-06,2026-06-17,"Perfuse Therapeutics, Inc.*",,no_match,PERFUSE THERAPEUTICS,Bayer Aktiengesellschaft,,no_match,BAYER AKTIENGESELLSCHAFT,Investor Group,Acquisition of Whole Company (incl. Majority Stake),2450.0,2450.0,Completed,Biotechnology,USA
SPTRD2209918,2026-05-06,,Portfolio of Certain Oil And Natural Gas Properties,,no_match,PORTFOLIO OF CERTAIN OIL AND NATURAL GAS PROPERTIES,Investor Group,,no_match,INVESTOR,"Camino Natural Resources, LLC",Acquisition of Asset or Branch,1175.0,1175.0,Announced,Oil and Gas Exploration and Production,USA
SPTRD2209488,2026-05-06,,"portfolio of instrumentation businesses of Indicor, LLC",,no_match,PORTFOLIO OF INSTRUMENTATION BUSINESSES OF INDICOR,"AMETEK, Inc.",AME,normalized_exact,AMETEK,"Indicor, LLC",Acquisition of Asset or Branch,5000.0,5000.0,Announced,Machinery and Supplies and Components: Industrial,USA
SPTRD2209093,2026-05-04,,"American Megatrends International, LLC*",,no_match,AMERICAN MEGATRENDS INTERNATIONAL,Lattice Semiconductor Corporation,LSCC,normalized_exact,LATTICE SEMICONDUCTOR,"Thomas H. Lee Partners, L.P.",Acquisition of Whole Company (incl. Majority Stake),1650.0,1650.0,Announced,Systems Software,USA
SPTRD2210804,2026-05-04,2026-06-09,"NSI Industries, LLC*",,no_match,NSI INDUSTRIES,Hubbell Incorporated,HUBB,normalized_exact,HUBBELL,"Sentinel Capital Partners, L.L.C.",Acquisition of Whole Company (incl. Majority Stake),3000.0,3000.0,Completed,Electrical Components and Equipment: Light,USA
SPTRD2208852,2026-05-03,2026-06-17,"Candid Therapeutics, Inc.*",,no_match,CANDID THERAPEUTICS,UCB SA,,no_match,UCB,Investor Group,Acquisition of Whole Company (incl. Majority Stake),2200.0,2200.0,Completed,Biotechnology,USA
SPTRD2208905,2026-05-02,,Padres L.P.,,no_match,PADRES,Private Investor- Kwanza Jones and Jose E. Feliciano,,no_match,PRIVATE INVESTOR KWANZA JONES AND JOSE E FELICIANO,,Acquisition of Minority Stake,3900.0,,Announced,Movies and Entertainment,USA
SPTRD2208837,2026-05-01,,Blueport Acquisition Ltd,BPAC,normalized_exact,BLUEPORT ACQUISITION,SingAuto Inc,,no_match,SINGAUTO,,Acquisition of Whole Company (incl. Majority Stake),1200.0,,Announced,Asset Management,USA
SPTRD2208774,2026-05-01,,"Esperion Therapeutics, Inc.*",ESPR,normalized_exact,ESPERION THERAPEUTICS,ArchiMed SAS,,no_match,ARCHIMED SAS,Investor Group,Acquisition of Whole Company (incl. Majority Stake),1387.290946,999.641946,Announced,Pharmaceuticals,USA
SPTRD2219206,2026-05-01,2026-05-01,Western Anadarko Assets,,no_match,WESTERN ANADARKO ASSETS,Investor Group,,no_match,INVESTOR,Scout Energy Partners,Acquisition of Asset or Branch,1000.0,1000.0,Completed,Oil and Gas Exploration and Production,USA
SPTRD2208677,2026-04-30,,Driven Brands Holdings Inc.,DRVN,normalized_exact,DRIVEN BRANDS,ADW Capital Management LLC,,no_match,ADW CAPITAL MANAGEMENT,Roark Capital Management LLC,Acquisition of Whole Company (incl. Majority Stake),5565.748203,2972.286203,Announced,Specialized Consumer Services,USA
SPTRD2208655,2026-04-30,,Long Ridge Energy & Power LLC,,no_match,LONG RIDGE ENERGY AND POWER,MARA USA Corporation,,no_match,MARA USA,FTAI Infrastructure Inc.,Acquisition of Whole Company (incl. Majority Stake),1512.0,,Announced,Electric Utilities,USA
SPTRD2208661,2026-04-30,,"Oldcastle Lawn & Garden, Inc.*",,no_match,OLDCASTLE LAWN AND GARDEN,"Pacific Avenue Capital Partners, LLC",,no_match,PACIFIC AVENUE CAPITAL PARTNERS,CRH plc,Acquisition of Whole Company (incl. Majority Stake),1100.0,1100.0,Announced,Environmental and Facilities Services,USA
SPTRD2208591,2026-04-30,2026-07-01,Ruckus Wireless LLC,,no_match,RUCKUS WIRELESS,Belden Inc.,BDC,normalized_exact,BELDEN,"Vistance Networks, Inc.",Acquisition of Whole Company (incl. Majority Stake),1870.0,1870.0,Completed,Communications Equipment,USA
SPTRD2208374,2026-04-29,2026-06-11,"KalVista Pharmaceuticals, Inc.",KALV,normalized_exact,KALVISTA PHARMACEUTICALS,Chiesi Farmaceutici S.p.A.,,no_match,CHIESI FARMACEUTICI S A,,Acquisition of Whole Company (incl. Majority Stake),1538.285688,1538.285688,Completed,Biotechnology,USA
SPTRD2208183,2026-04-28,,"NetSpeed LLC/Greenlight Networks, LLC*",,no_match,NETSPEED NETWORKS,"T-Mobile US, Inc.",TMUS,normalized_exact,T MOBILE US,"Oak Hill Capital Management, LLC",Acquisition of Whole Company (incl. Majority Stake),2000.0,2000.0,Announced,Alternative Carriers,USA
SPTRD2207889,2026-04-27,2026-06-08,"Ajax Therapeutics, Inc.*",,no_match,AJAX THERAPEUTICS,Eli Lilly and Company,LLY,normalized_exact,ELI LILLY AND,Investor Group,Acquisition of Whole Company (incl. Majority Stake),2300.0,2300.0,Completed,Biotechnology,USA
SPTRD2208026,2026-04-27,,Cleco Group LLC*,,no_match,CLECO,Investor Group,,no_match,INVESTOR,Investor Group,Acquisition of Whole Company (incl. Majority Stake),6000.0,,Announced,Electric Utilities,USA
SPTRD2207885,2026-04-27,,Global Microbiology Business of Thermo Fisher Scientific Inc.*,,no_match,GLOBAL MICROBIOLOGY BUSINESS OF THERMO FISHER SCIENTIFIC,Astorg Asset Management S A.R.L.,,no_match,ASTORG ASSET MANAGEMENT S A R,Thermo Fisher Scientific Inc.,Acquisition of Asset or Branch,1075.0,1075.0,Announced,Health Care Services,USA
SPTRD2207733,2026-04-26,,Organon & Co.,OGN,normalized_exact,ORGANON AND,Sun Pharmaceutical Industries Limited,,no_match,SUN PHARMACEUTICAL INDUSTRIES,Investor Group,Acquisition of Whole Company (incl. Majority Stake),11442.205738,3989.205738,Announced,Pharmaceuticals,USA
SPTRD2207221,2026-04-22,2026-06-15,"Celerion Holdings, Inc.*",,no_match,CELERION,"Thomas H. Lee Partners, L.P.",,no_match,THOMAS H LEE PARTNERS,"H.I.G. Capital, LLC",Acquisition of Whole Company (incl. Majority Stake),1800.0,1800.0,Completed,Life Sciences Tools and Services,USA
SPTRD2207234,2026-04-22,2026-06-09,"Invited USA, Inc.",,no_match,INVITED USA,"KSL Advisors, LLC",,no_match,KSL ADVISORS,"Apollo Global Management, Inc.",Acquisition of Whole Company (incl. Majority Stake),3000.0,,Completed,Leisure Facilities,USA
SPTRD2207190,2026-04-22,,"Kashiv BioSciences, LLC*",,no_match,KASHIV BIOSCIENCES,"Amneal Pharmaceuticals, Inc.",AMRX,normalized_exact,AMNEAL PHARMACEUTICALS,Tarsadia Investments LLC,Acquisition of Whole Company (incl. Majority Stake),1101.826246,1101.826246,Announced,Biotechnology,USA
SPTRD2206917,2026-04-20,,Archimedes Tech SPAC Partners II Co.,ATII,normalized_exact,ARCHIMEDES TECH SPAC PARTNERS II,"Forge Nano, Inc.",,no_match,FORGE NANO,Archimedes Tech SPAC Sponsors II LLC,Acquisition of Whole Company (incl. Majority Stake),2141.4,2141.4,Announced,Asset Management,USA
SPTRD2206687,2026-04-20,,"Kelonia Therapeutics, Inc.*",,no_match,KELONIA THERAPEUTICS,Eli Lilly and Company,LLY,normalized_exact,ELI LILLY AND,Investor Group,Acquisition of Whole Company (incl. Majority Stake),7000.0,7000.0,Announced,Biotechnology,USA
SPTRD2206696,2026-04-20,,Productivity Solutions and Services of Honeywell International Inc.,,no_match,PRODUCTIVITY SOLUTIONS AND SERVICES OF HONEYWELL INTERNATIONAL,Brady Corporation,BRC,normalized_exact,BRADY,Honeywell International Inc.,Acquisition of Asset or Branch,1400.0,1400.0,Announced,"Technology Hardware, Storage and Peripherals",USA
SPTRD2206717,2026-04-20,2026-07-01,"Sila Realty Trust, Inc.*",SILA,normalized_exact,SILA REALTY TRUST,Blue Owl Real Estate Capital LLC,,no_match,BLUE OWL REAL ESTATE CAPITAL,,Acquisition of Whole Company (incl. Majority Stake),2382.435476,1684.256476,Completed,Health Care REIT,USA
SPTRD2206561,2026-04-19,2026-07-01,TopBuild Corp.,BLD,normalized_exact,TOPBUILD,"QXO, Inc.",QXO,normalized_exact,QXO,,Acquisition of Whole Company (incl. Majority Stake),14750.872415,11892.318415,Completed,Homebuilding Producers,USA
SPTRD2206481,2026-04-17,2026-06-02,"Neurona Therapeutics, Inc.*",,no_match,NEURONA THERAPEUTICS,UCB SA,,no_match,UCB,Investor Group,Acquisition of Whole Company (incl. Majority Stake),1150.0,1150.0,Completed,Biotechnology,USA
SPTRD2206206,2026-04-16,,Sweetwater Royalties LLC,,no_match,SWEETWATER ROYALTIES,Uranium Royalty Corp.,UROY,normalized_exact,URANIUM ROYALTY,Investor Group,Acquisition of Whole Company (incl. Majority Stake),1832.546725,1207.546725,Announced,Diversified Metals and Mining,USA
SPTRD2205596,2026-04-14,,"Avanos Medical, Inc.*",AVNS,normalized_exact,AVANOS MEDICAL,"AIP, LLC",,no_match,AIP,"BlackRock, Inc.",Acquisition of Whole Company (incl. Majority Stake),1331.792975,1258.992975,Announced,Health Care Supplies,USA
SPTRD2205653,2026-04-14,,"Globalstar, Inc.",GSAT,normalized_exact,GLOBALSTAR,"Amazon.com, Inc.",AMZN,normalized_exact,AMAZON COM,Investor Group,Acquisition of Whole Company (incl. Majority Stake),10975.112908,10726.823908,Announced,Alternative Carriers,USA
SPTRD2205396,2026-04-13,2026-07-01,"Heavy Construction Systems Specialists, LLC*",,no_match,HEAVY CONSTRUCTION SYSTEMS SPECIALISTS,Nemetschek SE,,no_match,NEMETSCHEK SE,"Thoma Bravo, L.P.",Acquisition of Whole Company (incl. Majority Stake),2284.93088,,Completed,Application Software,USA
SPTRD2205441,2026-04-13,,"Learfield Communications, LLC*",,no_match,LEARFIELD COMMUNICATIONS,Investor Group,,no_match,INVESTOR,Investor Group,Acquisition of Whole Company (incl. Majority Stake),2000.0,2000.0,Announced,Advertising,USA
SPTRD2205194,2026-04-13,,"Waygate Technologies USA, LP",,no_match,WAYGATE TECHNOLOGIES USA,Hexagon AB (publ),,no_match,HEXAGON AB,Baker Hughes Company,Acquisition of Whole Company (incl. Majority Stake),1450.0,1450.0,Announced,Electronic Equipment and Instruments,USA
SPTRD2204893,2026-04-09,,"Gruns Nutrition, Inc.",,no_match,GRUNS NUTRITION,Unilever PLC,UL,normalized_exact,UNILEVER,,Acquisition of Whole Company (incl. Majority Stake),1200.0,,Announced,Personal Care and Beauty Products: Producers,USA
SPTRD2204730,2026-04-09,,Mountain Lake Acquisition Corp. II,MLAA,normalized_exact,MOUNTAIN LAKE ACQUISITION II,Terra Quantum AG,,no_match,TERRA QUANTUM,,Acquisition of Whole Company (incl. Majority Stake),3250.0,,Announced,Asset Management,USA
SPTRD2204741,2026-04-09,,Whitestone REIT,WSR,normalized_exact,WHITESTONE REIT,"Ares Real Estate Management Holdings, LLC",,no_match,ARES REAL ESTATE MANAGEMENT,,Acquisition of Whole Company (incl. Majority Stake),1670.811112,1024.724112,Announced,Retail REIT,USA
SPTRD2204466,2026-04-08,,Drugs Made In America Acquisition Corp.,DMAA,normalized_exact,DRUGS MADE IN AMERICA ACQUISITION,Power Analytics Global Corporation.,,no_match,POWER ANALYTICS GLOBAL,Investor Group,Acquisition of Whole Company (incl. Majority Stake),1000.0,1000.0,Announced,Asset Management,USA
SPTRD2203974,2026-04-06,,"EnergySolutions, Inc.*",,no_match,ENERGYSOLUTIONS,"Energy Capital Partners, LLC",,no_match,ENERGY CAPITAL PARTNERS,Investor Group,Acquisition of Whole Company (incl. Majority Stake),2000.0,2000.0,Announced,Environmental and Facilities Services,USA
SPTRD2203860,2026-04-06,2026-05-18,"Soleno Therapeutics, Inc.*",,no_match,SOLENO THERAPEUTICS,"Neurocrine Biosciences, Inc.",NBIX,normalized_exact,NEUROCRINE BIOSCIENCES,Investor Group,Acquisition of Whole Company (incl. Majority Stake),2391.752763,2866.456763,Completed,Biotechnology,USA
SPTRD2202830,2026-03-31,2026-05-14,"Apellis Pharmaceuticals, Inc.*",,no_match,APELLIS PHARMACEUTICALS,Biogen Inc.,BIIB,normalized_exact,BIOGEN,The Morningside Group Limited,Acquisition of Whole Company (incl. Majority Stake),5951.56,5882.0,Completed,Biotechnology,USA
SPTRD2202587,2026-03-30,2026-05-04,"Electrical Power Products, Inc.",,no_match,ELECTRICAL POWER PRODUCTS,Flex Ltd.,FLEX,normalized_exact,FLEX,,Acquisition of Whole Company (incl. Majority Stake),1100.0,,Completed,Electrical Components and Equipment: Light,USA
SPTRD2202530,2026-03-30,,Jetro Cash & Carry LLC*,,no_match,JETRO CASH AND CARRY,Sysco Corporation,SYY,normalized_exact,SYSCO,Investor Group,Acquisition of Whole Company (incl. Majority Stake),29084.7,29084.7,Announced,Food Distributors,USA
SPTRD2202684,2026-03-30,,Traverse Midstream Partners LLC,,no_match,TRAVERSE MIDSTREAM PARTNERS,ePointZero Holding RSC Ltd,,no_match,EPOINTZERO RSC,,Acquisition of Whole Company (incl. Majority Stake),2250.0,2250.0,Announced,Construction and Engineering,USA
SPTRD2202318,2026-03-27,2026-06-12,"Transcend Therapeutics, Inc.*",,no_match,TRANSCEND THERAPEUTICS,"Otsuka America, Inc.",,no_match,OTSUKA AMERICA,Investor Group,Acquisition of Whole Company (incl. Majority Stake),1225.0,1225.0,Completed,Biotechnology,USA
SPTRD2202032,2026-03-26,,"Equitable Holdings, Inc.",EQH,normalized_exact,EQUITABLE,"Corebridge Financial, Inc.",CRBG,normalized_exact,COREBRIDGE FINANCIAL,,Acquisition of Whole Company (incl. Majority Stake),10456.95527,10456.95527,Announced,Specialty Finance: Commercial Focused,USA
SPTRD2202186,2026-03-26,,Excellergy Inc.*,,no_match,EXCELLERGY,Novartis International AG,,no_match,NOVARTIS INTERNATIONAL,Investor Group,Acquisition of Whole Company (incl. Majority Stake),2000.0,2000.0,Announced,Biotechnology,USA
SPTRD2201959,2026-03-26,,"Olaplex Holdings, Inc.*",OLPX,normalized_exact,OLAPLEX,Henkel US Operations Corporation,,no_match,HENKEL US OPERATIONS,"Advent International, L.P.",Acquisition of Whole Company (incl. Majority Stake),1479.667114,1442.478114,Announced,Personal Care and Beauty Products: Producers,USA
SPTRD2201800,2026-03-25,2026-05-04,"Terns Pharmaceuticals, Inc.*",,no_match,TERNS PHARMACEUTICALS,Merck Sharp & Dohme LLC,,no_match,MERCK SHARP AND DOHME,Investor Group,Acquisition of Whole Company (incl. Majority Stake),5845.836453,6863.899453,Completed,Pharmaceuticals,USA
SPTRD2201370,2026-03-23,2026-06-04,"Ouro Medicines, Inc.*",,no_match,OURO MEDICINES,"Gilead Sciences, Inc.",GILD,normalized_exact,GILEAD SCIENCES,Investor Group,Acquisition of Whole Company (incl. Majority Stake),2175.0,2175.0,Completed,Biotechnology,USA
SPTRD2201283,2026-03-23,,Retina business of EyeSouth Partners,,no_match,RETINA BUSINESS OF EYESOUTH PARTNERS,Retina Consultants of America,,no_match,RETINA CONSULTANTS OF AMERICA,"EyeSouth Partners, LLC",Acquisition of Asset or Branch,1100.0,1100.0,Announced,Health Care Services,USA
SPTRD2201469,2026-03-23,,Two Harbors Investment Corp.,TWO,normalized_exact,TWO HARBORS INVESTMENT,Undisclosed Buyer,,no_match,UNDISCLOSED BUYER,,Acquisition of Whole Company (incl. Majority Stake),9505.730262,1143.697262,Announced,Mortgage REIT,USA
SPTRD2200947,2026-03-20,,"Pikavation Therapeutics, Inc.",,no_match,PIKAVATION THERAPEUTICS,Novartis AG,NVS,normalized_exact,NOVARTIS,"Synnovation Therapeutics, Inc.",Acquisition of Whole Company (incl. Majority Stake),3000.0,3000.0,Announced,Pharmaceuticals,USA
SPTRD2201012,2026-03-20,2026-06-12,Portfolio of over the counter consumer health products of Foundation Consumer Br,,no_match,PORTFOLIO OF OVER COUNTER CONSUMER HEALTH PRODUCTS OF FOUNDATION CONSUMER BR,"Prestige Brands, Inc.",,no_match,PRESTIGE BRANDS,"Foundation Consumer Brands, LLC",Acquisition of Asset or Branch,1045.0,1045.0,Completed,Pharmaceuticals,USA
SPTRD2200830,2026-03-19,,Madison Fire & Rescue*,,no_match,MADISON FIRE AND RESCUE,Investor Group,,no_match,INVESTOR,Madison Industries US Holdings Corporation,Acquisition of Whole Company (incl. Majority Stake),1950.0,1950.0,Announced,Machinery and Supplies and Components: Industrial,USA
SPTRD2200876,2026-03-19,,Two Harbors Investment Corp.,TWO,normalized_exact,TWO HARBORS INVESTMENT,"CrossCountry Mortgage, LLC",,no_match,CROSSCOUNTRY MORTGAGE,,Acquisition of Whole Company (incl. Majority Stake),9742.484468,1285.569468,Announced,Mortgage REIT,USA
SPTRD2200836,2026-03-18,,Portfolio of Generation Assets in PJM,,no_match,PORTFOLIO OF GENERATION ASSETS IN PJM,"LS Power Equity Advisors, LLC",,no_match,LS POWER EQUITY ADVISORS,Constellation Energy Corporation,Acquisition of Asset or Branch,5000.0,5000.0,Announced,Electric Utilities,USA
SPTRD2200075,2026-03-16,,National Storage Affiliates Trust,NSA,normalized_exact,NATIONAL STORAGE AFFILIATES TRUST,Public Storage,PSA,normalized_exact,PUBLIC STORAGE,,Acquisition of Whole Company (incl. Majority Stake),12943.632645,8610.363645,Announced,Self-Storage REIT,USA
SPTRD2198868,2026-03-09,2026-07-01,"Jiffy Lube International, Inc.*",,no_match,JIFFY LUBE INTERNATIONAL,"Monomoy Capital Management, L.P.",,no_match,MONOMOY CAPITAL MANAGEMENT,Pennzoil-Quaker State Company,Acquisition of Whole Company (incl. Majority Stake),1300.0,1300.0,Completed,Specialized Consumer Services,USA
SPTRD2198663,2026-03-06,2026-04-23,"Day One Biopharmaceuticals, Inc.*",,no_match,DAY ONE BIOPHARMACEUTICALS,Servier Pharmaceuticals LLC,,no_match,SERVIER PHARMACEUTICALS,Investor Group,Acquisition of Whole Company (incl. Majority Stake),2068.765315,2507.085315,Completed,Biotechnology,USA
SPTRD2198367,2026-03-04,,Bleichroeder Acquisition Corp. II,BBCQ,normalized_exact,BLEICHROEDER ACQUISITION II,Pasqal SAS,,no_match,PASQAL SAS,,Acquisition of Whole Company (incl. Majority Stake),2000.0,2000.0,Announced,Asset Management,USA
SPTRD2197920,2026-03-03,2026-05-12,"CPM Holdings, Inc.*",,no_match,CPM,Rosebank Industries plc,,no_match,ROSEBANK INDUSTRIES,Investor Group,Acquisition of Whole Company (incl. Majority Stake),2300.0,2300.0,Completed,Machinery and Supplies and Components: Industrial,USA
SPTRD2197907,2026-03-03,2026-06-17,"Ookla, LLC",,no_match,OOKLA,"Accenture, Inc",ACN,normalized_exact,ACCENTURE,"Ziff Davis, Inc.",Acquisition of Whole Company (incl. Majority Stake),1200.0,1200.0,Completed,Internet Services and Infrastructure,USA
SPTRD2198679,2026-03-03,,Portfolio of operating renewable energy assets in North America*,,no_match,PORTFOLIO OF OPERATING RENEWABLE ENERGY ASSETS IN NORTH AMERICA,Investor Group,,no_match,INVESTOR,Undisclosed Seller,Acquisition of Asset or Branch,2600.0,,Announced,Renewable Electricity,USA
SPTRD2197649,2026-03-02,,The AES Corporation,AES,normalized_exact,AES,Investor Group,,no_match,INVESTOR,,Acquisition of Whole Company (incl. Majority Stake),48080.996973,10827.996973,Announced,Independent Power Producers and Energy Traders,USA
SPTRD2197231,2026-02-26,,NCR Atleos Corporation,NATL,normalized_exact,NCR ATLEOS,The Brink's Company,,no_match,BRINK S,,Acquisition of Whole Company (incl. Majority Stake),6559.39926,3974.39926,Announced,Payment Service Providers and Gateways,USA
SPTRD2185698,2026-02-25,,"Assets including building and its infrastructure in Ohio, USA",,no_match,ASSETS INCLUDING BUILDING AND ITS INFRASTRUCTURE IN OHIO USA,"Honda Development and Manufacturing of America, LLC",,no_match,HONDA DEVELOPMENT AND MANUFACTURING OF AMERICA,"L-H Battery Company, Incorporated",Acquisition of Asset or Branch,2856.4,2856.4,Announced,Real Estate Operating and Management,USA
SPTRD2196590,2026-02-24,2026-06-01,"Thermon Group Holdings, Inc.",,no_match,THERMON,CECO Environmental Corp.,CECO,normalized_exact,CECO ENVIRONMENTAL,Investor Group,Acquisition of Whole Company (incl. Majority Stake),2197.744209,2092.147209,Completed,Electrical Components and Equipment: Light,USA
SPTRD2196379,2026-02-23,2026-04-28,"Arcellx, Inc.*",,no_match,ARCELLX,"Gilead Sciences, Inc.",GILD,normalized_exact,GILEAD SCIENCES,Investor Group,Acquisition of Whole Company (incl. Majority Stake),7142.897031,7611.028031,Completed,Biotechnology,USA
SPTRD2196387,2026-02-23,2026-05-15,"Enhabit, Inc.*",,no_match,ENHABIT,"Kinderhook Industries, LLC",,no_match,KINDERHOOK INDUSTRIES,Investor Group,Acquisition of Whole Company (incl. Majority Stake),1211.881254,751.381254,Completed,Health Care Services,USA
SPTRD2196399,2026-02-23,2026-07-01,Real Asset Acquisition Corp.,RAAQ,normalized_exact,REAL ASSET ACQUISITION,IQM Quantum Computers Oyj,,no_match,IQM QUANTUM COMPUTERS OYJ,,Acquisition of Whole Company (incl. Majority Stake),1800.0,1800.0,Completed,Asset Management,USA
SPTRD2196414,2026-02-23,2026-05-27,"Veris Residential, Inc.",,no_match,VERIS RESIDENTIAL,Investor Group,,no_match,INVESTOR,,Acquisition of Whole Company (incl. Majority Stake),3337.004718,1860.322718,Completed,Multi-Family Residential REIT,USA
SPTRD2196337,2026-02-21,,830 MW Portfolio of wind and solar,,no_match,830 MW PORTFOLIO OF WIND AND SOLAR,"Enel Green Power North America, Inc.",,no_match,ENEL GREEN POWER NORTH AMERICA,Excelsior Energy Capital LP,Acquisition of Asset or Branch,1000.0,1000.0,Announced,Renewable Electricity,USA
SPTRD2195736,2026-02-18,2026-02-18,Four seasons resort orlando at walt disney/Four Seasons Resort and Residences Ja,,no_match,FOUR SEASONS RESORT ORLANDO AT WALT DISNEY SEASONS RESORT AND RESIDENCES JA,Undisclosed Buyer,,no_match,UNDISCLOSED BUYER,"Host Hotels & Resorts, Inc.",Acquisition of Whole Company (incl. Majority Stake),1100.0,1100.0,Completed,Unclassified,USA
SPTRD2195668,2026-02-18,,"MWI Veterinary Supply, Inc.",,no_match,MWI VETERINARY SUPPLY,"Covetrus, Inc.",,no_match,COVETRUS,"Cencora, Inc.",Acquisition of Whole Company (incl. Majority Stake),3500.0,3500.0,Announced,Health Care Distributors,USA
SPTRD2195506,2026-02-17,2026-04-09,Anadarko Assets in Oklahoma of Ovintiv Inc.,,no_match,ANADARKO ASSETS IN OKLAHOMA OF OVINTIV,Undisclosed Buyer,,no_match,UNDISCLOSED BUYER,Ovintiv Inc.,Acquisition of Asset or Branch,2900.0,2900.0,Completed,Oil and Gas Exploration and Production,USA
SPTRD2195512,2026-02-17,,Champions Group Holdings,,no_match,CHAMPIONS,Blackstone Inc.,BX,normalized_exact,BLACKSTONE,"Odyssey Investment Partners, LLC",Acquisition of Whole Company (incl. Majority Stake),2500.0,2500.0,Announced,Construction and Engineering,USA
SPTRD2195452,2026-02-17,,JFB Construction Holdings,JFB,normalized_exact,JFB CONSTRUCTION,XTEND Reality Expansion Ltd,,no_match,XTEND REALITY EXPANSION,Investor Group,Acquisition of Whole Company (incl. Majority Stake),1478.492216,1500.0,Announced,Construction and Engineering,USA
SPTRD2195448,2026-02-17,2026-06-10,Masimo Corporation,MASI,normalized_exact,MASIMO,Danaher Corporation,DHR,normalized_exact,DANAHER,Investor Group,Acquisition of Whole Company (incl. Majority Stake),9936.654534,9575.354534,Completed,Health Care Equipment,USA
SPTRD2195450,2026-02-17,,Three Power Plants,,no_match,THREE POWER PLANTS,Investor Group,,no_match,INVESTOR,PacifiCorp,Acquisition of Asset or Branch,1900.0,1900.0,Announced,Electric Utilities,USA
SPTRD2195086,2026-02-13,,"Accident Fund Holdings, Inc.*",,no_match,ACCIDENT FUND,Enstar Group Limited,,no_match,ENSTAR,Blue Cross Blue Shield of Michigan Mutual Insurance Company,Acquisition of Whole Company (incl. Majority Stake),1590.0,1590.0,Announced,Property and Casualty,USA
SPTRD2194792,2026-02-13,2026-05-14,"Tri Pointe Homes, Inc.",,no_match,TRI POINTE HOMES,Sumitomo Forestry America Inc.,,no_match,SUMITOMO FORESTRY AMERICA,Investor Group,Acquisition of Whole Company (incl. Majority Stake),4518.548953,4116.823953,Completed,Homebuilding Producers,USA
SPTRD2194236,2026-02-11,2026-04-01,Great Lakes Dredge & Dock Corporation,,no_match,GREAT LAKES DREDGE AND DOCK,"Saltchuk Resources, Inc.",,no_match,SALTCHUK RESOURCES,,Acquisition of Whole Company (incl. Majority Stake),1358.300486,913.555486,Completed,Construction and Engineering,USA
SPTRD2194231,2026-02-11,2026-04-01,Kodiak Building Partners Inc.*,,no_match,KODIAK BUILDING PARTNERS,"QXO, Inc.",QXO,normalized_exact,QXO,"Court Square Capital Management, L.P.",Acquisition of Whole Company (incl. Majority Stake),2305.394743,2305.394743,Completed,Trading Companies and Distributors,USA
SPTRD2193861,2026-02-09,,"Clear Channel Outdoor Holdings, Inc.",CCO,normalized_exact,CLEAR CHANNEL OUTDOOR,Investor Group,,no_match,INVESTOR,,Acquisition of Whole Company (incl. Majority Stake),7640.239806,1347.981806,Announced,Advertising,USA
SPTRD2193678,2026-02-09,,"Orna Therapeutics, Inc.*",,no_match,ORNA THERAPEUTICS,Eli Lilly and Company,LLY,normalized_exact,ELI LILLY AND,Investor Group,Acquisition of Whole Company (incl. Majority Stake),2400.0,,Announced,Biotechnology,USA
SPTRD2193466,2026-02-06,2026-05-01,SunOpta Inc.,,no_match,SUNOPTA,Refresco B.V.,,no_match,REFRESCO B V,Investor Group,Acquisition of Whole Company (incl. Majority Stake),1219.780942,832.575942,Completed,Packaged Foods and Meats Producers,USA
SPTRD2193202,2026-02-05,2026-05-05,Arctos Partners LP,,no_match,ARCTOS PARTNERS,KKR & Co. Inc.,KKR,normalized_exact,KKR AND,,Acquisition of Whole Company (incl. Majority Stake),1757.85652,1757.85652,Completed,Asset Management,USA
SPTRD2192900,2026-02-04,,DT Cloud Star Acquisition Corporation,DTSQ,normalized_exact,DT CLOUD STAR ACQUISITION,"PrimeGen US, Inc.",,no_match,PRIMEGEN US,,Acquisition of Whole Company (incl. Majority Stake),1489.8,1489.8,Announced,Asset Management,USA
SPTRD2192860,2026-02-04,,Silicon Laboratories Inc.,SLAB,normalized_exact,SILICON LABORATORIES,Texas Instruments Incorporated,TXN,normalized_exact,TEXAS INSTRUMENTS,Investor Group,Acquisition of Whole Company (incl. Majority Stake),7560.102643,7979.768643,Announced,Semiconductors,USA
SPTRD2192938,2026-02-04,2026-07-01,Timing Business of Renesas Electronics America Inc.,,no_match,TIMING BUSINESS OF RENESAS ELECTRONICS AMERICA,SiTime Corporation,SITM,normalized_exact,SITIME,Renesas Electronics America Inc.,Acquisition of Asset or Branch,4579.642941,4579.642941,Completed,Semiconductor Materials and Equipment,USA
SPTRD2192545,2026-02-03,,"MarineMax, Inc.*",HZO,normalized_exact,MARINEMAX,"The Donerail Group, Inc",,no_match,DONERAIL,,Acquisition of Whole Company (incl. Majority Stake),1874.997885,803.715885,Announced,Other Specialty Retail,USA
SPTRD2192614,2026-02-03,,Webster Financial Corporation,WBS,normalized_exact,WEBSTER FINANCIAL,"Banco Santander, S.A.",SAN,normalized_exact,BANCO SANTANDER S A,,Acquisition of Whole Company (incl. Majority Stake),12225.064023,12225.064023,Announced,Bank,USA
SPTRD2192187,2026-02-02,2026-05-07,Coterra Energy Inc.,,no_match,COTERRA ENERGY,Devon Energy Corporation,DVN,normalized_exact,DEVON ENERGY,,Acquisition of Whole Company (incl. Majority Stake),28257.976626,25049.976626,Completed,Oil and Gas Exploration and Production,USA
SPTRD2192275,2026-02-02,2026-05-06,Peakstone Realty Trust,,no_match,PEAKSTONE REALTY TRUST,Brookfield Asset Management Ltd.,BAM,normalized_exact,BROOKFIELD ASSET MANAGEMENT,,Acquisition of Whole Company (incl. Majority Stake),1227.543168,857.598168,Completed,Office REIT,USA
SPTRD2192724,2026-02-02,2026-02-02,X.AI LLC*,,no_match,X AI,Space Exploration Technologies Corp.,SPCX,normalized_exact,SPACE EXPLORATION TECHNOLOGIES,Investor Group,Acquisition of Whole Company (incl. Majority Stake),250000.0,,Completed,Application Software,USA
SPTRD2191623,2026-01-29,2026-05-05,"Precision Aviation Group, Inc.*",,no_match,PRECISION AVIATION,VSE Corporation,VSEC,normalized_exact,VSE,GenNx360 Capital Partners,Acquisition of Whole Company (incl. Majority Stake),2099.396926,2099.396926,Completed,Aerospace and Defense,USA
SPTRD2191377,2026-01-28,2026-07-01,"Stellar Bancorp, Inc.",STEL,normalized_exact,STELLAR BANCORP,"Prosperity Bancshares, Inc.",PB,normalized_exact,PROSPERITY BANCSHARES,,Acquisition of Whole Company (incl. Majority Stake),2001.514495,2001.514495,Completed,Bank,USA
SPTRD2190885,2026-01-26,2026-03-27,"ENTRUST Solutions Group, LLC*",,no_match,ENTRUST SOLUTIONS,"Leidos, Inc.",LDOS,normalized_exact,LEIDOS,Investor Group,Acquisition of Whole Company (incl. Majority Stake),2400.0,2400.0,Completed,Construction and Engineering,USA
SPTRD2190921,2026-01-26,,"Marathon Asset Management, LP*",,no_match,MARATHON ASSET MANAGEMENT,CVC Capital Partners plc,,no_match,CVC CAPITAL PARTNERS,,Acquisition of Whole Company (incl. Majority Stake),1599.5062,1599.5062,Announced,Asset Management,USA
SPTRD2190881,2026-01-26,,"SkyWater Technology, Inc.*",SKYT,normalized_exact,SKYWATER TECHNOLOGY,"IonQ, Inc.",IONQ,normalized_exact,IONQ,Investor Group,Acquisition of Whole Company (incl. Majority Stake),1999.215915,1764.103915,Announced,Semiconductors,USA
SPTRD2190547,2026-01-22,2026-04-07,Brex Inc.,,no_match,BREX,Capital One Financial Corporation,COF,normalized_exact,CAPITAL ONE FINANCIAL,Investor Group,Acquisition of Whole Company (incl. Majority Stake),4521.156028,4521.156028,Completed,Specialty Finance: Commercial Focused,USA
SPTRD2190426,2026-01-22,,EGH Acquisition Corp.,EGHA,normalized_exact,EGH ACQUISITION,"Hecate Energy Group, LLC",,no_match,HECATE ENERGY,,Acquisition of Whole Company (incl. Majority Stake),1200.0,,Announced,Asset Management,USA
SPTRD2190482,2026-01-22,2026-04-01,"GOJO Industries, Inc.",,no_match,GOJO INDUSTRIES,The Clorox Company,CLX,normalized_exact,CLOROX,,Acquisition of Whole Company (incl. Majority Stake),1920.0,1920.0,Completed,Personal Care and Beauty Products: Producers,USA
SPTRD2189830,2026-01-20,2026-03-03,"RAPT Therapeutics, Inc.*",,no_match,RAPT THERAPEUTICS,GlaxoSmithKline LLC,,no_match,GLAXOSMITHKLINE,Investor Group,Acquisition of Whole Company (incl. Majority Stake),1716.52092,1871.26892,Completed,Biotechnology,USA
SPTRD2189122,2026-01-16,,Aethon III LLC/Aethon United LP*,,no_match,AETHON III UNITED,Mitsubishi Corporation,,no_match,MITSUBISHI,Investor Group,Acquisition of Whole Company (incl. Majority Stake),7530.0,5200.0,Announced,Unclassified,USA
SPTRD2189256,2026-01-16,,Allegro Merger Corp.,,no_match,ALLEGRO MERGER,"SeeQC, Inc.",,no_match,SEEQC,,Acquisition of Whole Company (incl. Majority Stake),1000.0,,Announced,Asset Management,USA
SPTRD2189305,2026-01-16,2026-04-07,"Victor Sierra Aviation Holdings LLC/Jet Parts Engineering, LLC*",,no_match,VICTOR SIERRA AVIATION PARTS ENGINEERING,TransDigm Group Incorporated,TDG,normalized_exact,TRANSDIGM,Vance Street Management LLC,Acquisition of Whole Company (incl. Majority Stake),2200.0,2200.0,Completed,Unclassified,USA
SPTRD2189024,2026-01-15,2026-06-15,PJM Natural Gas Portfolio,,no_match,PJM NATURAL GAS PORTFOLIO,Talen Energy Corporation,TLN,normalized_exact,TALEN ENERGY,"Energy Capital Partners, LLC",Acquisition of Asset or Branch,3415.295279,3415.295279,Completed,Electric Utilities,USA
SPTRD2188997,2026-01-15,,"Penumbra, Inc.",PEN,normalized_exact,PENUMBRA,Boston Scientific Corporation,BSX,normalized_exact,BOSTON SCIENTIFIC,Investor Group,Acquisition of Whole Company (incl. Majority Stake),14512.771491,14837.888491,Announced,Health Care Equipment,USA
SPTRD2188218,2026-01-11,2026-05-13,"Sun Country, Inc.",,no_match,SUN COUNTRY,Allegiant Travel Company,ALGT,normalized_exact,ALLEGIANT TRAVEL,Investor Group,Acquisition of Whole Company (incl. Majority Stake),1242.779815,893.281815,Completed,Passenger Airlines,USA
SPTRD2187373,2026-01-06,2026-04-01,"OneStream, Inc.*",,no_match,ONESTREAM,Investor Group,,no_match,INVESTOR,Investor Group,Acquisition of Whole Company (incl. Majority Stake),5804.014166,6387.837166,Completed,Systems Software,USA
SPTRD2187331,2026-01-06,2026-01-30,US-based Metal Container Plants of Anheuser-Busch InBev*,,no_match,US BASED METAL CONTAINER PLANTS OF ANHEUSER BUSCH INBEV,Anheuser-Busch InBev SA/NV,BUD,normalized_exact,ANHEUSER BUSCH INBEV,"Apollo Global Management, Inc.",Acquisition of Asset or Branch,2900.0,2900.0,Completed,"Containers and Packaging: Metal, Glass, and Plastic",USA
SPTRD2187045,2026-01-05,,"Cogentrix Energy Power Management, LLC",,no_match,COGENTRIX ENERGY POWER MANAGEMENT,Vistra Operations Company LLC,,no_match,VISTRA OPERATIONS,"Quantum Energy Partners, LLC",Acquisition of Whole Company (incl. Majority Stake),4626.15,3126.15,Announced,Independent Power Producers and Energy Traders,USA
SPTRD2186233,2025-12-29,,"DigitalBridge Group, Inc.",DBRG,normalized_exact,DIGITALBRIDGE,SoftBank Group Corp.,,no_match,SOFTBANK,,Acquisition of Whole Company (incl. Majority Stake),4309.028464,3016.378464,Announced,Real Estate Operating and Management,USA
SPTRD2186054,2025-12-26,2026-04-23,Encora Digital LLC*,,no_match,ENCORA DIGITAL,Coforge Limited,,no_match,COFORGE,Investor Group,Acquisition of Whole Company (incl. Majority Stake),1609.46387,1235.864009,Completed,IT Consulting and Other Services,USA
SPTRD2185634,2025-12-24,2026-02-09,Dynavax Technologies Corporation,,no_match,DYNAVAX TECHNOLOGIES,Sanofi,SNY,normalized_exact,SANOFI,,Acquisition of Whole Company (incl. Majority Stake),1567.02264,1925.61464,Completed,Biotechnology,USA
SPTRD2185506,2025-12-23,2026-04-20,Armis Inc.*,,no_match,ARMIS,"ServiceNow, Inc.",NOW,normalized_exact,SERVICENOW,Investor Group,Acquisition of Whole Company (incl. Majority Stake),7750.0,7750.0,Completed,Systems Software,USA
SPTRD2185325,2025-12-22,2026-03-09,"ARKA Group, LP",,no_match,ARKA,"CACI, Inc. - Federal",,no_match,CACI FEDERAL,Blackstone Inc.,Acquisition of Whole Company (incl. Majority Stake),2600.0,2600.0,Completed,Aerospace and Defense,USA
SPTRD2185299,2025-12-22,2026-04-06,"Consolidated Aerospace Manufacturing, LLC",,no_match,CONSOLIDATED AEROSPACE MANUFACTURING,Howmet Aerospace Inc.,HWM,normalized_exact,HOWMET AEROSPACE,"Stanley Black & Decker, Inc.",Acquisition of Whole Company (incl. Majority Stake),1800.0,1800.0,Completed,Aerospace and Defense,USA
SPTRD2185486,2025-12-22,2026-04-01,"Global rights to RADICAVA ORS and IV RADICAVA from Tanabe Pharma Provision Co.,",,no_match,GLOBAL RIGHTS TO RADICAVA ORS AND IV RADICAVA FROM TANABE PHARMA PROVISION,Shionogi Inc.,,no_match,SHIONOGI,"Tanabe Pharma Provision Co., Ltd.",Acquisition of Asset or Branch,2500.0,2500.0,Completed,Unclassified,USA
SPTRD2185312,2025-12-22,2026-03-10,"Intersect Power, LLC*",,no_match,INTERSECT POWER,Google LLC,,no_match,GOOGLE,Investor group,Acquisition of Whole Company (incl. Majority Stake),4750.0,4750.0,Completed,Renewable Electricity,USA
SPTRD2185220,2025-12-22,2026-02-11,"LLOG Exploration Company, L.L.C.",,no_match,LLOG EXPLORATION C,Harbour Energy plc,,no_match,HARBOUR ENERGY,,Acquisition of Whole Company (incl. Majority Stake),3236.333625,3236.333625,Completed,Oil and Gas Exploration and Production,USA
SPTRD2185286,2025-12-22,,UniFirst Corporation,UNF,normalized_exact,UNIFIRST,Cintas Corporation,CTAS,normalized_exact,CINTAS,,Acquisition of Whole Company (incl. Majority Stake),5445.385516,5497.981516,Announced,Diversified Support Services,USA
SPTRD2185292,2025-12-22,2026-03-02,"United Utility Services, LLC*",,no_match,UNITED UTILITY SERVICES,Investor Group,,no_match,INVESTOR,"Bernhard Capital Partners Management, LP",Acquisition of Whole Company (incl. Majority Stake),1000.0,,Completed,Construction and Engineering,USA
SPTRD2185166,2025-12-21,2026-06-25,"Clearwater Analytics Holdings, Inc.*",CWAN,normalized_exact,CLEARWATER ANALYTICS,Investor Group,,no_match,INVESTOR,Investor Group,Acquisition of Whole Company (incl. Majority Stake),8400.0,,Completed,Application Software,USA
SPTRD2184885,2025-12-19,2026-04-27,"Amicus Therapeutics, Inc.",,no_match,AMICUS THERAPEUTICS,BioMarin Pharmaceutical Inc.,BMRN,normalized_exact,BIOMARIN PHARMACEUTICAL,Investor Group,Acquisition of Whole Company (incl. Majority Stake),4936.90647,4788.07947,Completed,Biotechnology,USA
SPTRD2185147,2025-12-19,,"Pittsburgh Penguins, Inc.*",,no_match,PITTSBURGH PENGUINS,Hoffmann Family of Companies,,no_match,HOFFMANN FAMILY OF,"Fenway Sports Group, Inc",Acquisition of Minority Stake,1800.0,1800.0,Announced,Movies and Entertainment,USA
SPTRD2184928,2025-12-19,,Plum Acquisition Corp. IV,PLMK,normalized_exact,PLUM ACQUISITION IV,Controlled Thermal Resources Holdings Inc.,,no_match,CONTROLLED THERMAL RESOURCES,,Acquisition of Whole Company (incl. Majority Stake),5552.0,5552.0,Announced,Asset Management,USA
SPTRD2184640,2025-12-18,2026-06-05,Cartesian Growth Corporation III,,no_match,CARTESIAN GROWTH III,Factorial Inc.,,no_match,FACTORIAL,,Acquisition of Whole Company (incl. Majority Stake),1323.046486,1323.046486,Completed,Asset Management,USA
SPTRD2203608,2025-12-18,,"TAE Technologies, Inc.",,no_match,TAE TECHNOLOGIES,Trump Media & Technology Group Corp.,DJT,normalized_exact,TRUMP MEDIA AND TECHNOLOGY,,Acquisition of Whole Company (incl. Majority Stake),6000.0,,Announced,Electrical Components and Equipment: Heavy,USA
SPTRD2184631,2025-12-18,2026-02-26,"Verdad Resources Intermediate Holdings, LLC",,no_match,VERDAD RESOURCES INTERMEDIATE,"Peoria Resources, LLC",,no_match,PEORIA RESOURCES,Verdad Resources Feeder LLC,Acquisition of Whole Company (incl. Majority Stake),1300.0,1300.0,Completed,Oil and Gas Exploration and Production,USA
SPTRD2183989,2025-12-15,2026-02-04,"OneOncology, LLC",,no_match,ONEONCOLOGY,"Cencora, Inc.",COR,normalized_exact,CENCORA,TPG Inc.,Acquisition of Whole Company (incl. Majority Stake),5000.0,3600.0,Completed,Health Care Facilities,USA
SPTRD2183876,2025-12-15,2026-02-24,"TRC Companies, Inc.*",,no_match,TRC,WSP Global Inc.,,no_match,WSP GLOBAL,Warburg Pincus LLC,Acquisition of Whole Company (incl. Majority Stake),3207.902,3300.0,Completed,Environmental and Facilities Services,USA
SPTRD2183786,2025-12-15,,US Photovoltaic Portfolio & Mexico Wind Farm,,no_match,US PHOTOVOLTAIC PORTFOLIO AND MEXICO WIND FARM,"MÉXICO INFRASTRUCTURE PARTNERS F1, S.A.P.I. DE C.V.",,no_match,M XICO INFRASTRUCTURE PARTNERS F1 S A I C V,"Corporación Acciona Energías Renovables, S.A.",Acquisition of Asset or Branch,1000.0,1000.0,Announced,Renewable Electricity,USA
SPTRD2183714,2025-12-13,2026-02-09,"Arthrosi Therapeutics, Inc.*",,no_match,ARTHROSI THERAPEUTICS,Swedish Orphan Biovitrum AB (publ),,no_match,SWEDISH ORPHAN BIOVITRUM AB,Investor Group,Acquisition of Whole Company (incl. Majority Stake),1500.0,1500.0,Completed,Biotechnology,USA
SPTRD2183142,2025-12-10,2026-01-27,Newfront Insurance Holdings Inc.,,no_match,NEWFRONT INSURANCE,Willis Towers Watson Public Limited Company,,no_match,WILLIS TOWERS WATSON PUBLIC,,Acquisition of Whole Company (incl. Majority Stake),1450.0,1450.0,Completed,Multiline,USA
SPTRD2182886,2025-12-09,,Teleflex Medical OEM LLC*,,no_match,TELEFLEX MEDICAL OEM,Investor Group,,no_match,INVESTOR,Teleflex Incorporated,Acquisition of Whole Company (incl. Majority Stake),1500.0,,Announced,Health Care Equipment,USA
SPTRD2182702,2025-12-08,2026-03-12,"Alexander & Baldwin, Inc.",,no_match,ALEXANDER AND BALDWIN,Investor Group,,no_match,INVESTOR,,Acquisition of Whole Company (incl. Majority Stake),2058.522973,1563.895973,Completed,Diversified REIT,USA
SPTRD2182633,2025-12-08,2026-03-17,"Confluent, Inc.*",,no_match,CONFLUENT,International Business Machines Corporation,IBM,normalized_exact,INTERNATIONAL BUSINESS MACHINES,Investor Group,Acquisition of Whole Company (incl. Majority Stake),10697.942822,11646.543822,Completed,Application Software,USA
SPTRD2182605,2025-12-08,2026-02-03,"HG Energy II Midstream Holdings, LLC",,no_match,HG ENERGY II MIDSTREAM,Antero Midstream Partners LP,,no_match,ANTERO MIDSTREAM PARTNERS,"HG Energy II, LLC",Acquisition of Asset or Branch,1100.0,1100.0,Completed,Oil and Gas Exploration and Production,USA
SPTRD2182802,2025-12-08,2026-02-03,"HG Energy II Production Holdings, LLC",,no_match,HG ENERGY II PRODUCTION,Antero Resources Corporation,AR,normalized_exact,ANTERO RESOURCES,"HG Energy II, LLC",Acquisition of Whole Company (incl. Majority Stake),2800.0,2800.0,Completed,Oil and Gas Exploration and Production,USA
SPTRD2182630,2025-12-08,2026-03-05,TC Transcontinental Packaging Inc.*,,no_match,TC TRANSCONTINENTAL PACKAGING,"ProAmpac Intermediate, Inc.",,no_match,PROAMPAC INTERMEDIATE,Transcontinental Inc.,Acquisition of Whole Company (incl. Majority Stake),1541.6012094,1541.6012094,Completed,"Containers and Packaging: Metal, Glass, and Plastic",USA
SPTRD2182379,2025-12-05,2026-03-02,"SPX FLOW, Inc.*",,no_match,SPX FLOW,"ITT Industries Holdings, Inc.",,no_match,ITT INDUSTRIES,"Lone Star Americas Acquisitions, Inc.",Acquisition of Whole Company (incl. Majority Stake),4852.218776,4852.218776,Completed,Machinery and Supplies and Components: Industrial,USA
SPTRD2181787,2025-12-02,2026-02-02,Celestial AI Inc.*,,no_match,CELESTIAL AI,"Marvell Technology, Inc.",MRVL,normalized_exact,MARVELL TECHNOLOGY,Investor Group,Acquisition of Whole Company (incl. Majority Stake),5324.971946,5324.971946,Completed,Systems Software,USA
SPTRD2181835,2025-12-02,2026-01-01,"Cobbs Allen Capital Holdings, LLC",,no_match,COBBS ALLEN CAPITAL,"The Baldwin Insurance Group, Inc.",BWIN,normalized_exact,BALDWIN INSURANCE,,Acquisition of Whole Company (incl. Majority Stake),1315.496,1315.496,Completed,Insurance Broker,USA
SPTRD2182116,2025-12-02,2026-01-13,"Metronome Technologies, Inc.",,no_match,METRONOME TECHNOLOGIES,"Stripe, Inc.",,no_match,STRIPE,Investor Group,Acquisition of Whole Company (incl. Majority Stake),1000.0,1000.0,Completed,Application Software,USA
SPTRD2181763,2025-12-02,2026-03-02,"Veza Technologies, Inc.*",,no_match,VEZA TECHNOLOGIES,"ServiceNow, Inc.",NOW,normalized_exact,SERVICENOW,Investor Group,Acquisition of Whole Company (incl. Majority Stake),1250.0,1250.0,Completed,Systems Software,USA
SPTRD2182110,2025-12-02,,"Warner Bros. Discovery, Inc.",WBD,normalized_exact,WARNER BROS DISCOVERY,Paramount Skydance Corporation,PSKY,normalized_exact,PARAMOUNT SKYDANCE,,Acquisition of Whole Company (incl. Majority Stake),109968.676264,80720.676264,Announced,Movies and Entertainment,USA
SPTRD2181492,2025-12-01,2026-04-02,"Innovator Capital Management, LLC*",,no_match,INNOVATOR CAPITAL MANAGEMENT,"Goldman Sachs Asset Management, L.P.",,no_match,GOLDMAN SACHS ASSET MANAGEMENT,,Acquisition of Whole Company (incl. Majority Stake),2000.0,2000.0,Completed,Asset Management,USA
SPTRD2181493,2025-12-01,,"Leggett & Platt, Incorporated",LEG,normalized_exact,LEGGETT AND PLATT,Somnigroup International Inc.,SGI,normalized_exact,SOMNIGROUP INTERNATIONAL,Investor Group,Acquisition of Whole Company (incl. Majority Stake),2742.353226,1604.453226,Announced,Home Furnishings Producers,USA
SPTRD2181499,2025-12-01,2026-01-01,"Stakeholder Midstream, LLC",,no_match,STAKEHOLDER MIDSTREAM,Targa Resources Corp.,TRGP,normalized_exact,TARGA RESOURCES,,Acquisition of Whole Company (incl. Majority Stake),1250.0,1250.0,Completed,Oil and Gas Storage and Transportation,USA
SPTRD2181394,2025-11-28,,"Raptor Technologies, LLC*",,no_match,RAPTOR TECHNOLOGIES,Investor Group,,no_match,INVESTOR,Investor Group,Acquisition of Whole Company (incl. Majority Stake),1800.0,,Announced,Application Software,USA
SPTRD2180531,2025-11-24,,Genco Shipping & Trading Limited,GNK,normalized_exact,GENCO SHIPPING AND TRADING,Diana Shipping Inc.,DSX,normalized_exact,DIANA SHIPPING,Investor Group,Acquisition of Whole Company (incl. Majority Stake),1309.493746,1038.166746,Announced,Marine Transportation,USA
SPTRD2180506,2025-11-24,,Green Dot Corporation,GDOT,normalized_exact,GREEN DOT,CommerceOne Financial Corporation,,no_match,COMMERCEONE FINANCIAL,,Acquisition of Whole Company (incl. Majority Stake),1111.90296,1111.90296,Announced,Bank,USA
SPTRD2180628,2025-11-24,2026-06-30,Select Medical Holdings Corporation*,SEM,normalized_exact,SELECT MEDICAL,"Welsh, Carson, Anderson & Stowe, L.P.",,no_match,WELSH CARSON ANDERSON AND STOWE,"BlackRock, Inc.",Acquisition of Whole Company (incl. Majority Stake),5096.583592,1780.101592,Completed,Health Care Facilities,USA
SPTRD2180179,2025-11-21,2026-06-01,"Clean Earth, Inc.",,no_match,CLEAN EARTH,Veolia Environnement SA,,no_match,VEOLIA ENVIRONNEMENT,Enviri Corporation,Acquisition of Whole Company (incl. Majority Stake),3040.0,3040.0,Completed,Environmental and Facilities Services,USA
SPTRD2180031,2025-11-20,2026-03-23,Exact Sciences Corporation,,no_match,EXACT SCIENCES,Abbott Laboratories,ABT,normalized_exact,ABBOTT LABORATORIES,Investor Group,Acquisition of Whole Company (incl. Majority Stake),22574.906497,21004.790497,Completed,Biotechnology,USA
SPTRD2180012,2025-11-19,2026-01-29,"Chronosphere, Inc.*",,no_match,CHRONOSPHERE,"Palo Alto Networks, Inc.",PANW,normalized_exact,PALO ALTO NETWORKS,,Acquisition of Whole Company (incl. Majority Stake),3350.0,3350.0,Completed,Application Software,USA
SPTRD2179753,2025-11-19,2025-12-23,"Power Solutions, LLC",,no_match,POWER SOLUTIONS,"Dycom Industries, Inc.",DY,normalized_exact,DYCOM INDUSTRIES,,Acquisition of Whole Company (incl. Majority Stake),1980.952161,1980.952161,Completed,Construction and Engineering,USA
SPTRD2179756,2025-11-19,2026-04-28,"Semrush Holdings, Inc.*",,no_match,SEMRUSH,Adobe Inc.,ADBE,normalized_exact,ADOBE,Investor Group,Acquisition of Whole Company (incl. Majority Stake),1714.942822,1969.232822,Completed,Application Software,USA
SPTRD2179402,2025-11-18,,Axalta Coating Systems Ltd.,AXTA,normalized_exact,AXALTA COATING SYSTEMS,Akzo Nobel N.V.,,no_match,AKZO NOBEL N V,Investor Group,Acquisition of Whole Company (incl. Majority Stake),12122.529643,9280.529643,Announced,Specialty Chemicals,USA
SPTRD2179177,2025-11-17,2026-05-14,Barings LLC,,no_match,BARINGS,"Mitsui Sumitomo Insurance Co., Ltd.",,no_match,MITSUI SUMITOMO INSURANCE,Massachusetts Mutual Life Insurance Company,Acquisition of Minority Stake,1440.0,1440.0,Completed,Asset Management,USA
SPTRD2179442,2025-11-17,2025-11-17,"Concert Golf Partners, LLC*",,no_match,CONCERT GOLF PARTNERS,"Bain Capital Private Equity, LP",,no_match,BAIN CAPITAL PRIVATE EQUITY,"Clearlake Capital Group, L.P.",Acquisition of Minority Stake,1376.4160000000002,1376.4160000000002,Completed,Leisure Facilities,USA
SPTRD2180225,2025-11-17,2026-05-07,"Cross Border Xpress, L.L.C.",,no_match,CROSS BORDER XPRESS C,"Grupo Aeroportuario del Pacífico, S.A.B. de C.V.",,no_match,GRUPO AEROPORTUARIO DEL PAC FICO S A B C V,"Otay-Tijuana Venture, L.L.C.",Acquisition of Whole Company (incl. Majority Stake),2230.420077,2230.420077,Completed,Airport Services,USA
SPTRD2179240,2025-11-17,2025-12-29,Halda Therapeutics Inc.*,,no_match,HALDA THERAPEUTICS,Johnson & Johnson,JNJ,normalized_exact,JOHNSON AND JOHNSON,"Vida Ventures Advisors, LLC",Acquisition of Whole Company (incl. Majority Stake),3050.0,3050.0,Completed,Biotechnology,USA
SPTRD2179258,2025-11-17,2026-02-02,"OmniMax International, Inc.*",,no_match,OMNIMAX INTERNATIONAL,"Gibraltar Industries, Inc.",ROCK,normalized_exact,GIBRALTAR INDUSTRIES,"Strategic Value Partners, LLC",Acquisition of Whole Company (incl. Majority Stake),1335.0,1335.0,Completed,Building Products,USA
SPTRD2179236,2025-11-17,2026-04-09,Sealed Air Corporation*,,no_match,SEALED AIR,"Clayton, Dubilier & Rice, LLC",,no_match,CLAYTON DUBILIER AND RICE,Investor Group,Acquisition of Whole Company (incl. Majority Stake),10083.115067,6327.015067,Completed,Packaging and Materials: Paper and Plastic,USA
SPTRD2178940,2025-11-14,2026-01-07,"Cidara Therapeutics, Inc.*",,no_match,CIDARA THERAPEUTICS,Merck Sharp & Dohme LLC,,no_match,MERCK SHARP AND DOHME,Investor Group,Acquisition of Whole Company (incl. Majority Stake),8837.204319,9255.241319,Completed,Biotechnology,USA
SPTRD2178515,2025-11-12,2025-12-19,"Baytex Energy USA, Inc.",,no_match,BAYTEX ENERGY USA,Undisclosed Buyer,,no_match,UNDISCLOSED BUYER,Baytex Energy Corp.,Acquisition of Whole Company (incl. Majority Stake),2140.0,2140.0,Completed,Oil and Gas Exploration and Production,USA
SPTRD2178537,2025-11-12,2026-06-09,"Pathway Capital Management, LP*",,no_match,PATHWAY CAPITAL MANAGEMENT,"Clearlake Capital Group, L.P.",,no_match,CLEARLAKE CAPITAL,,Acquisition of Whole Company (incl. Majority Stake),1000.0,1000.0,Completed,Asset Management,USA
SPTRD2178285,2025-11-11,,Filtration Group Corporation*,,no_match,FILTRATION,Parker-Hannifin Corporation,PH,normalized_exact,PARKER HANNIFIN,Madison Capital Partners Corporation,Acquisition of Whole Company (incl. Majority Stake),9250.0,9250.0,Announced,Machinery and Supplies and Components: Industrial,USA
SPTRD2177984,2025-11-10,,Novaria Holdings LLC*,,no_match,NOVARIA,Arcline Investment Management LP,,no_match,ARCLINE INVESTMENT MANAGEMENT,KKR & Co. Inc.,Acquisition of Whole Company (incl. Majority Stake),2200.0,,Announced,Aerospace and Defense,USA
SPTRD2177980,2025-11-10,2026-02-11,"TreeHouse Foods, Inc.*",,no_match,TREEHOUSE FOODS,InvestIndustrial,,no_match,INVESTINDUSTRIAL,JANA Partners LLC,Acquisition of Whole Company (incl. Majority Stake),2996.8842,1377.4842,Completed,Packaged Foods and Meats Producers,USA
SPTRD2177699,2025-11-07,2026-05-15,"Cantor Equity Partners III, Inc.*",,no_match,CANTOR EQUITY PARTNERS III,AIR Holdings Limited,,no_match,AIR,"Cantor EP Holdings III, LLC",Acquisition of Whole Company (incl. Majority Stake),1699.573596,1699.573596,Completed,Asset Management,USA
SPTRD2177514,2025-11-06,,"Brighthouse Financial, Inc.",BHF,normalized_exact,BRIGHTHOUSE FINANCIAL,"Aquarian Holdings, LLC",,no_match,AQUARIAN,,Acquisition of Whole Company (incl. Majority Stake),4126.99931,4126.99931,Announced,Life and Health,USA
SPTRD2178491,2025-11-06,2025-11-06,Portfolio of 8 Student Housing Assets in Tier 1 U.S. University Markets,,no_match,PORTFOLIO OF 8 STUDENT HOUSING ASSETS IN TIER 1 U S UNIVERSITY MARKETS,Investor Group,,no_match,INVESTOR,Investor Group,Acquisition of Asset or Branch,1000.0,,Completed,Real Estate Operating and Management,USA
SPTRD2177517,2025-11-06,2026-04-30,"Seven casino real estate assets and operating assets of Golden Entertainment, In",,no_match,SEVEN CASINO REAL ESTATE ASSETS AND OPERATING ASSETS OF GOLDEN ENTERTAINMENT IN,VICI Properties Inc.,VICI,normalized_exact,VICI PROPERTIES,"Golden Entertainment, Inc.",Acquisition of Asset or Branch,1195.065366,769.065366,Completed,Casinos and Gaming,USA
SPTRD2177256,2025-11-05,2026-03-11,"CNL Healthcare Properties, Inc.",,no_match,CNL HEALTHCARE PROPERTIES,"Sonida Senior Living, Inc.",SNDA,normalized_exact,SONIDA SENIOR LIVING,,Acquisition of Whole Company (incl. Majority Stake),1705.797683,1200.200683,Completed,Health Care REIT,USA
SPTRD2177196,2025-11-04,2026-06-16,"Kennedy-Wilson Holdings, Inc.",KW,normalized_exact,KENNEDY WILSON,Fairfax Financial Holdings Limited,,no_match,FAIRFAX FINANCIAL,,Acquisition of Whole Company (incl. Majority Stake),6816.506971,1229.906971,Completed,Real Estate Operating and Management,USA
SPTRD2177044,2025-11-04,2025-11-04,"Pearce Services, LLC",,no_match,PEARCE SERVICES,"CBRE Group, Inc.",CBRE,normalized_exact,CBRE,"New Mountain Capital, LLC",Acquisition of Whole Company (incl. Majority Stake),1315.0,1315.0,Completed,Construction and Engineering,USA
SPTRD2177052,2025-11-04,2026-03-16,TriMas Aerospace*,,no_match,TRIMAS AEROSPACE,Investor Group,,no_match,INVESTOR,TriMas Corporation,Acquisition of Whole Company (incl. Majority Stake),1451.0,1451.0,Completed,Aerospace and Defense,USA
SPTRD2177091,2025-11-04,,Whitestone REIT,WSR,normalized_exact,WHITESTONE REIT,MCB PR Capital LLC,,no_match,MCB PR CAPITAL,,Acquisition of Whole Company (incl. Majority Stake),1346.5519,704.2369,Announced,Retail REIT,USA
SPTRD2176834,2025-11-03,2026-01-30,"Civitas Resources, Inc.",,no_match,CIVITAS RESOURCES,SM Energy Company,SM,normalized_exact,SM ENERGY,"Kimmeridge Chelsea, LLC",Acquisition of Whole Company (incl. Majority Stake),2406.777379,2406.777379,Completed,Oil and Gas Exploration and Production,USA
SPTRD2176851,2025-11-03,2026-03-26,Crane Harbor Acquisition Corp.,,no_match,CRANE HARBOR ACQUISITION,Xanadu Quantum Technologies Inc.,XNDU,normalized_exact,XANADU QUANTUM TECHNOLOGIES,Xanadu Quantum Technologies Inc.,Acquisition of Whole Company (incl. Majority Stake),3000.0,3000.0,Completed,Asset Management,USA
SPTRD2176841,2025-11-03,,Kenvue Inc.,KVUE,normalized_exact,KENVUE,Kimberly-Clark Corporation,KMB,normalized_exact,KIMBERLY CLARK,Investor Group,Acquisition of Whole Company (incl. Majority Stake),48596.406818,40626.406818,Announced,Personal Care and Beauty Products: Producers,USA
SPTRD2176778,2025-11-03,,Non-Controlling Interests in Permian and Eagle Ford Midstream Assets of BPX Ener*,,no_match,NON CONTROLLING INTERESTS IN PERMIAN AND EAGLE FORD MIDSTREAM ASSETS OF BPX ENER,"Sixth Street Partners, LLC",,no_match,SIXTH STREET PARTNERS,BPX Energy Inc.,Acquisition of Asset or Branch,1500.0,1500.0,Announced,Oil and Gas Storage and Transportation,USA
SPTRD2176825,2025-11-03,2025-12-04,"Purge Rite, LLC*",,no_match,PURGE RITE,Vertiv Corporation,VRT,normalized_exact,VERTIV,"Milton Street Capital, LLC",Acquisition of Whole Company (incl. Majority Stake),1250.0,1250.0,Completed,Environmental and Facilities Services,USA
SPTRD2199621,2025-11-03,2026-03-12,Thermal Business Of LTI Holdings Inc.,,no_match,THERMAL BUSINESS OF LTI,Eaton Corporation plc,ETN,normalized_exact,EATON,"The Goldman Sachs Group, Inc.",Acquisition of Asset or Branch,9500.0,9500.0,Completed,Electrical Components and Equipment: Light,USA
SPTRD2177405,2025-11-01,2025-11-01,"Epic Crude Holdings, LP",,no_match,EPIC CRUDE,"Plains All American Pipeline, L.P.",PAA,normalized_exact,PLAINS ALL AMERICAN PIPELINE,Ares Management Corporation,Acquisition of Minority Stake,1487.0,987.0,Completed,Oil and Gas Storage and Transportation,USA
SPTRD2176460,2025-10-30,2026-02-02,"REV Group, Inc.",,no_match,REV,Terex Corporation,TEX,normalized_exact,TEREX,,Acquisition of Whole Company (incl. Majority Stake),3236.926701,3210.426701,Completed,Machinery and Equipment: Construction and Heavy Transportation,USA
SPTRD2178014,2025-10-29,,AOL Inc.,,no_match,AOL,Bending Spoons S.p.A.,,no_match,BENDING SPOONS S A,Yahoo Inc.,Acquisition of Whole Company (incl. Majority Stake),1500.0,,Announced,Interactive Media and Services,USA
SPTRD2177011,2025-10-29,2026-05-14,"CSG Systems International, Inc.",,no_match,CSG SYSTEMS INTERNATIONAL,Netcracker Technology Corporation,,no_match,NETCRACKER TECHNOLOGY,,Acquisition of Whole Company (incl. Majority Stake),2362.458042,2362.458042,Completed,Data Processing and Outsourced Services,USA
SPTRD2176221,2025-10-29,2026-03-24,Clario*,,no_match,CLARIO,Thermo Fisher Scientific Inc.,TMO,normalized_exact,THERMO FISHER SCIENTIFIC,Investor Group,Acquisition of Whole Company (incl. Majority Stake),9400.0,9400.0,Completed,Health Care Technology,USA
SPTRD2176302,2025-10-29,2026-01-09,"JHCC Holdings, LLC*",,no_match,JHCC,Boyd Group Services Inc.,BGSI,normalized_exact,BOYD SERVICES,TSG Consumer Partners LP,Acquisition of Whole Company (incl. Majority Stake),1300.0,1300.0,Completed,Specialized Consumer Services,USA
SPTRD2176237,2025-10-29,2026-01-30,Jamf Holding Corp.*,,no_match,JAMF,"Francisco Partners Management, L.P.",,no_match,FRANCISCO PARTNERS MANAGEMENT,Investor Group,Acquisition of Whole Company (incl. Majority Stake),1945.771399,1945.771399,Completed,Application Software,USA
SPTRD2177703,2025-10-28,,"Cantor Equity Partners II, Inc.",CEPT,normalized_exact,CANTOR EQUITY PARTNERS II,"Securitize, Inc.",,no_match,SECURITIZE,,Acquisition of Whole Company (incl. Majority Stake),1250.0,1250.0,Announced,Asset Management,USA
SPTRD2175753,2025-10-27,2026-02-01,Cadence Bank,,no_match,CADENCE BANK,The Huntington National Bank,,no_match,HUNTINGTON NATIONAL BANK,,Acquisition of Whole Company (incl. Majority Stake),8259.708797,8259.708797,Completed,Bank,USA
SPTRD2175750,2025-10-27,,"Essential Utilities, Inc.",WTRG,normalized_exact,ESSENTIAL UTILITIES,"American Water Works Company, Inc.",AWK,normalized_exact,AMERICAN WATER WORKS,Investor Group,Acquisition of Whole Company (incl. Majority Stake),20226.463116,12256.390116,Announced,Water Utilities,USA
SPTRD2179082,2025-10-27,,Portfolio of Outpatient Medical Assets in 34 States*,,no_match,PORTFOLIO OF OUTPATIENT MEDICAL ASSETS IN 34 STATES,Investor Group,,no_match,INVESTOR,Welltower Inc.,Acquisition of Asset or Branch,7200.0,,Announced,Health Care Facilities,USA
SPTRD2175985,2025-10-27,,"Qorvo, Inc.",QRVO,normalized_exact,QORVO,"Skyworks Solutions, Inc.",SWKS,normalized_exact,SKYWORKS SOLUTIONS,Investor Group,Acquisition of Whole Company (incl. Majority Stake),10427.655428,9981.755428,Announced,Semiconductors,USA
SPTRD2175647,2025-10-26,2026-02-27,"Avidity Biosciences, Inc.*",,no_match,AVIDITY BIOSCIENCES,Novartis AG,NVS,normalized_exact,NOVARTIS,Investor Group,Acquisition of Whole Company (incl. Majority Stake),10448.062992,12095.680992,Completed,Biotechnology,USA
SPTRD2175551,2025-10-24,2026-01-27,"Plymouth Industrial REIT, Inc.",,no_match,PLYMOUTH INDUSTRIAL REIT,Investor Group,,no_match,INVESTOR,,Acquisition of Whole Company (incl. Majority Stake),2012.106186,990.912186,Completed,Industrial REIT,USA
SPTRD2175282,2025-10-23,,Hennessy Capital Investment Corp. VII,HVII,normalized_exact,HENNESSY CAPITAL INVESTMENT VII,ONE Nuclear Energy LLC,,no_match,ONE NUCLEAR ENERGY,Investor Group,Acquisition of Whole Company (incl. Majority Stake),1134.42,1134.42,Announced,Asset Management,USA
SPTRD2175329,2025-10-23,2026-02-13,"MidWestOne Financial Group, Inc.",,no_match,MIDWESTONE FINANCIAL,"Nicolet Bankshares, Inc.",NIC,normalized_exact,NICOLET BANKSHARES,,Acquisition of Whole Company (incl. Majority Stake),1010.054292,1010.054292,Completed,Bank,USA
SPTRD2174836,2025-10-21,2026-04-07,"Hologic, Inc.*",,no_match,HOLOGIC,Investor Group,,no_match,INVESTOR,,Acquisition of Whole Company (incl. Majority Stake),18109.253731,17955.553731,Completed,Health Care Equipment,USA
SPTRD2174829,2025-10-21,2025-12-11,"Securiti, Inc.*",,no_match,SECURITI,Veeam Software Group GmbH,,no_match,VEEAM SOFTWARE GMBH,Investor Group,Acquisition of Whole Company (incl. Majority Stake),1725.0,1725.0,Completed,Systems Software,USA
SPTRD2174816,2025-10-21,,"Vectren Energy Delivery of Ohio, LLC",,no_match,VECTREN ENERGY DELIVERY OF OHIO,National Fuel Gas Company,NFG,normalized_exact,NATIONAL FUEL GAS,"CenterPoint Energy, Inc.",Acquisition of Whole Company (incl. Majority Stake),2620.0,2620.0,Announced,Gas Utilities,USA
SPTRD2174641,2025-10-20,,Armada Acquisition Corp. II,XRPN,normalized_exact,ARMADA ACQUISITION II,"Evernorth Holdings, Inc.",,no_match,EVERNORTH,"Arrington Capital Investment Management, LLC",Acquisition of Whole Company (incl. Majority Stake),1400.0,,Announced,Asset Management,USA
SPTRD2174210,2025-10-16,2025-12-15,"Foley Products Company, LLC",,no_match,FOLEY PRODUCTS,Commercial Metals Company,CMC,normalized_exact,COMMERCIAL METALS,Investor Group,Acquisition of Whole Company (incl. Majority Stake),1840.0,1840.0,Completed,Construction Materials,USA
SPTRD2174267,2025-10-16,2025-12-04,"G Treasury SS, LLC*",,no_match,G TREASURY SS,Ripple Labs Inc.,,no_match,RIPPLE LABS,Investor Group,Acquisition of Whole Company (incl. Majority Stake),1000.0,1000.0,Completed,Application Software,USA
SPTRD2174050,2025-10-15,,"Aligned Data Centers, LLC",,no_match,ALIGNED DATA CENTERS,Investor Group,,no_match,INVESTOR,Macquarie Group Limited,Acquisition of Whole Company (incl. Majority Stake),40000.0,,Announced,Internet Services and Infrastructure,USA
SPTRD2174010,2025-10-15,2026-02-10,"Hillenbrand, Inc.*",,no_match,HILLENBRAND,"Lone Star Americas Acquisitions, Inc.",,no_match,LONE STAR AMERICAS ACQUISITIONS,Investor Group,Acquisition of Whole Company (incl. Majority Stake),3847.324192,2321.924192,Completed,Machinery and Supplies and Components: Industrial,USA
SPTRD2173737,2025-10-14,2026-01-30,PotlatchDeltic Corporation,,no_match,POTLATCHDELTIC,Rayonier Inc.,RYN,normalized_exact,RAYONIER,,Acquisition of Whole Company (incl. Majority Stake),4041.759663,3080.524663,Completed,Timber REIT,USA
SPTRD2173570,2025-10-13,2026-06-30,"Brag House Holdings, Inc.",TBH,normalized_exact,BRAG HOUSE,House of Doge Inc.,,no_match,HOUSE OF DOGE,,Acquisition of Whole Company (incl. Majority Stake),1593.411422,1591.800422,Completed,Movies and Entertainment,USA
SPTRD2173519,2025-10-13,,"Oaktree Capital Management, L.P.",,no_match,OAKTREE CAPITAL MANAGEMENT,Investor Group,,no_match,INVESTOR,,Acquisition of Minority Stake,3000.0,3000.0,Announced,Asset Management,USA
SPTRD2173207,2025-10-10,2025-12-08,"Orbital Therapeutics, Inc.*",,no_match,ORBITAL THERAPEUTICS,Bristol-Myers Squibb Company,BMY,normalized_exact,BRISTOL MYERS SQUIBB,Investor Group,Acquisition of Whole Company (incl. Majority Stake),1500.0,1500.0,Completed,Biotechnology,USA
SPTRD2172960,2025-10-09,2025-12-09,"Akero Therapeutics, Inc.*",,no_match,AKERO THERAPEUTICS,Novo Nordisk A/S,NVO,normalized_exact,NOVO NORDISK A S,Investor Group,Acquisition of Whole Company (incl. Majority Stake),4124.365001,5112.076001,Completed,Biotechnology,USA
SPTRD2172694,2025-10-07,2025-10-07,Specialty Products and Insulation LLC*,,no_match,SPECIALTY PRODUCTS AND INSULATION,TopBuild Corp.,BLD,normalized_exact,TOPBUILD,"Incline Management, L.P.",Acquisition of Whole Company (incl. Majority Stake),1000.0,1000.0,Completed,Trading Companies and Distributors,USA
SPTRD2172203,2025-10-06,2026-02-01,Comerica Incorporated,,no_match,COMERICA,Fifth Third Financial Corporation,,no_match,FIFTH THIRD FINANCIAL,,Acquisition of Whole Company (incl. Majority Stake),12350.508818,12350.508818,Completed,Bank,USA
SPTRD2172525,2025-10-06,2026-01-09,"Eagle Creek Renewable Energy, LLC",,no_match,EAGLE CREEK RENEWABLE ENERGY,"Apollo Global Management, Inc.",APO,normalized_exact,APOLLO GLOBAL MANAGEMENT,Ontario Power Generation Inc.,Acquisition of Whole Company (incl. Majority Stake),1480.0,,Completed,Renewable Electricity,USA
SPTRD2172314,2025-10-06,2026-05-18,Forsta group,,no_match,FORSTA,"Qualtrics, LLC",,no_match,QUALTRICS,Press Ganey Associates LLC,Acquisition of Whole Company (incl. Majority Stake),6750.0,6750.0,Completed,Application Software,USA
SPTRD2171794,2025-10-02,2025-11-04,"Avtron Power Solutions, LLC*",,no_match,AVTRON POWER SOLUTIONS,Legrand SA,,no_match,LEGRAND,"Hidden Harbor Capital Partners, LLC",Acquisition of Whole Company (incl. Majority Stake),1125.0,,Completed,Electronic Equipment and Instruments,USA
SPTRD2171782,2025-10-02,2026-01-02,Occidental Chemical Corporation,,no_match,OCCIDENTAL CHEMICAL,Berkshire Hathaway Inc.,BRK.B,normalized_exact,BERKSHIRE HATHAWAY,Occidental Petroleum Corporation,Acquisition of Whole Company (incl. Majority Stake),9700.0,9700.0,Completed,Commodity Chemicals,USA
SPTRD2171559,2025-10-01,,Veeco Instruments Inc.*,VECO,normalized_exact,VEECO INSTRUMENTS,"Axcelis Technologies, Inc.",ACLS,normalized_exact,AXCELIS TECHNOLOGIES,Investor Group,Acquisition of Whole Company (incl. Majority Stake),2090.723385,2197.619385,Announced,Semiconductor Materials and Equipment,USA
SPTRD2171170,2025-09-29,,Electronic Arts Inc.*,EA,normalized_exact,ELECTRONIC ARTS,Investor Group,,no_match,INVESTOR,Investor Group,Acquisition of Whole Company (incl. Majority Stake),55189.02572,54610.02572,Announced,Interactive Home Entertainment,USA
SPTRD2170835,2025-09-25,2026-05-29,"The Fortegra Group, Inc.",,no_match,FORTEGRA,"DB Insurance Co., Ltd.",,no_match,DB INSURANCE,Investor Group,Acquisition of Whole Company (incl. Majority Stake),1650.0,1650.0,Completed,Property and Casualty,USA
SPTRD2170525,2025-09-24,2025-12-23,Integral Ad Science Holding Corp.*,,no_match,INTEGRAL AD SCIENCE,Novacap Management Inc.,,no_match,NOVACAP MANAGEMENT,"Vista Equity Partners Management, LLC",Acquisition of Whole Company (incl. Majority Stake),1900.353546,1900.353546,Completed,Advertising,USA
SPTRD2170256,2025-09-23,2026-02-02,"National Diversified Sales, Inc.",,no_match,NATIONAL DIVERSIFIED SALES,"Advanced Drainage Systems, Inc.",WMS,normalized_exact,ADVANCED DRAINAGE SYSTEMS,NORMA Group SE,Acquisition of Whole Company (incl. Majority Stake),1000.0,,Completed,Building Products,USA
SPTRD2170450,2025-09-23,2025-12-03,"New Alvogen Group Holdings, Inc.",,no_match,ALVOGEN,"Lotus Pharmaceutical Co., Ltd.",,no_match,LOTUS PHARMACEUTICAL,,Acquisition of Whole Company (incl. Majority Stake),1158.0,1158.0,Completed,Pharmaceuticals,USA
SPTRD2170335,2025-09-23,,"Sempra Infrastructure Partners, LP*",,no_match,SEMPRA INFRASTRUCTURE PARTNERS,Investor Group,,no_match,INVESTOR,Sempra,Acquisition of Minority Stake,19490.0,9990.0,Announced,Multi-Utilities,USA
SPTRD2170125,2025-09-22,2026-01-09,Anywhere Real Estate Inc.,,no_match,ANYWHERE REAL ESTATE,"Compass, Inc.",COMP,normalized_exact,COMPASS,,Acquisition of Whole Company (incl. Majority Stake),5230.883434,2245.883434,Completed,Real Estate Services,USA
SPTRD2170099,2025-09-22,2025-11-13,"Metsera, Inc.*",,no_match,METSERA,Pfizer Inc.,PFE,normalized_exact,PFIZER,Investor Group,Acquisition of Whole Company (incl. Majority Stake),8925.262864,9370.886864,Completed,Biotechnology,USA
SPTRD2170158,2025-09-22,2026-01-16,Performance Predictions LLC,,no_match,PERFORMANCE PREDICTIONS,Allwyn International AG,,no_match,ALLWYN INTERNATIONAL,,Acquisition of Whole Company (incl. Majority Stake),2533.0,2533.0,Completed,Casinos and Gaming,USA
SPTRD2170105,2025-09-22,2025-11-25,"Premier, Inc.*",,no_match,PREMIER,"Patient Square Capital, LP",,no_match,PATIENT SQUARE CAPITAL,,Acquisition of Whole Company (incl. Majority Stake),2778.620947,2495.011947,Completed,Health Care Services,USA
SPTRD2170376,2025-09-22,2026-01-16,"Semler Scientific, Inc.",,no_match,SEMLER SCIENTIFIC,"Strive, Inc.",ASST,normalized_exact,STRIVE,,Acquisition of Whole Company (incl. Majority Stake),1567.103832,1460.861832,Completed,Health Care Equipment,USA
SPTRD2169615,2025-09-18,2025-10-29,"89bio, Inc.*",,no_match,89BIO,Roche Holding AG,,no_match,ROCHE,Investor Group,Acquisition of Whole Company (incl. Majority Stake),2516.774125,3040.319125,Completed,Biotechnology,USA
SPTRD2169718,2025-09-18,2025-11-10,"A Software Company, Inc.",,no_match,A SOFTWARE,Atlassian Corporation,TEAM,normalized_exact,ATLASSIAN,,Acquisition of Whole Company (incl. Majority Stake),1000.0,1000.0,Completed,Application Software,USA
SPTRD2169501,2025-09-17,2025-12-19,"Paramount Group, Inc.",,no_match,PARAMOUNT,Rithm Capital Corp.,RITM,normalized_exact,RITHM CAPITAL,,Acquisition of Whole Company (incl. Majority Stake),5891.908,1458.26,Completed,Office REIT,USA
SPTRD2169263,2025-09-15,,620 MW Natural Gas-Fired Power Plant,,no_match,620 MW NATURAL GAS FIRED POWER PLANT,Blackstone Energy Transition Partners,,no_match,BLACKSTONE ENERGY TRANSITION PARTNERS,Ardian SAS,Acquisition of Asset or Branch,1000.0,1000.0,Announced,Electric Utilities,USA
SPTRD2168415,2025-09-10,2026-06-01,AIP MC Holdings LLC*,,no_match,AIP MC,Investor Group,,no_match,INVESTOR,"AIP, LLC",Acquisition of Whole Company (incl. Majority Stake),1455.0,,Completed,Construction Materials,USA
SPTRD2168393,2025-09-10,2025-11-24,"Vimeo.com, Inc.*",,no_match,VIMEO COM,"Bending Spoons US, Inc.",,no_match,BENDING SPOONS US,"Thrive Capital Management, LLC",Acquisition of Whole Company (incl. Majority Stake),1371.979181,1371.979181,Completed,Interactive Media and Services,USA
SPTRD2168091,2025-09-09,2025-10-27,"Tourmaline Bio, Inc.*",,no_match,TOURMALINE BIO,Novartis AG,NVS,normalized_exact,NOVARTIS,Investor Group,Acquisition of Whole Company (incl. Majority Stake),1053.904492,1292.993492,Completed,Biotechnology,USA
SPTRD2168171,2025-09-09,2025-10-01,WRB Refining LP,,no_match,WRB REFINING,Phillips 66,PSX,normalized_exact,PHILLIPS 66,Cenovus Energy Inc.,Acquisition of Whole Company (incl. Majority Stake),1300.0,1300.0,Completed,Oil and Gas Refining and Marketing,USA
SPTRD2167967,2025-09-08,,"AWS-3 uplink, AWS-4 And H-Block Spectrum Licenses",,no_match,AWS 3 UPLINK AWS 4 AND H BLOCK SPECTRUM LICENSES,Space Exploration Technologies Corp.,SPCX,normalized_exact,SPACE EXPLORATION TECHNOLOGIES,EchoStar Corporation,Acquisition of Asset or Branch,19616.737853,19616.737853,Announced,Cable and Satellite,USA
SPTRD2168004,2025-09-08,2026-02-13,Churchill Capital Corp X*,,no_match,CHURCHILL CAPITAL X,"ColdQuanta, Inc.",,no_match,COLDQUANTA,Investor Group,Acquisition of Whole Company (incl. Majority Stake),1800.0,1800.0,Completed,Asset Management,USA
SPTRD2167969,2025-09-08,2026-01-05,FirstBank Holding Company,,no_match,FIRSTBANK,"The PNC Financial Services Group, Inc.",PNC,normalized_exact,PNC FINANCIAL SERVICES,,Acquisition of Whole Company (incl. Majority Stake),4078.66,4078.66,Completed,Bank,USA
SPTRD2168002,2025-09-08,2026-03-31,Vine Hill Capital Investment Corp.,,no_match,VINE HILL CAPITAL INVESTMENT,CoinShares PLC,CSHR,normalized_exact,COINSHARES,Vine Hill Capital Sponsor I LLC,Acquisition of Whole Company (incl. Majority Stake),1250.4,1250.4,Completed,Asset Management,USA
SPTRD2167714,2025-09-05,,"PDV Holding, Inc.",,no_match,PDV,Blue Water Acquisition Corp. III,BLUW,normalized_exact,BLUE WATER ACQUISITION III,"Petróleos de Venezuela, S.A.",Acquisition of Whole Company (incl. Majority Stake),10000.0,6800.0,Announced,Oil and Gas Refining and Marketing,USA
SPTRD2167276,2025-09-03,2025-10-30,Wealthspire Advisors/Fiducient Advisors/Newport Pvt Wealth/Ground Ctrl Business/*,,no_match,WEALTHSPIRE ADVISORS ADVISORS PVT WEALTH CTRL BUSINESS,"Madison Dearborn Partners, LLC",,no_match,MADISON DEARBORN PARTNERS,Aon plc,Acquisition of Whole Company (incl. Majority Stake),2700.0,2700.0,Completed,Asset Management,USA
SPTRD2167074,2025-09-02,2026-04-08,Air Lease Corporation,,no_match,AIR LEASE,Investor Group,,no_match,INVESTOR,,Acquisition of Whole Company (incl. Majority Stake),27613.254925,7449.535925,Completed,Trading Companies and Distributors,USA
SPTRD2167899,2025-09-02,2025-10-31,"Epic Crude Holdings, LP",,no_match,EPIC CRUDE,"Plains All American Pipeline, L.P.",PAA,normalized_exact,PLAINS ALL AMERICAN PIPELINE,Investor Group,Acquisition of Whole Company (incl. Majority Stake),1792.5,1192.5,Completed,Oil and Gas Storage and Transportation,USA
SPTRD2167059,2025-09-02,,"Statsig, Inc.*",,no_match,STATSIG,"OpenAI, L.L.C.",,no_match,OPENAI C,Investor Group,Acquisition of Whole Company (incl. Majority Stake),1100.0,1100.0,Announced,Application Software,USA
SPTRD2166623,2025-08-29,2026-04-01,"Aramids business of DuPont de Nemours, Inc.*",,no_match,ARAMIDS BUSINESS OF DUPONT NEMOURS,"Arclin, Inc.",,no_match,ARCLIN,"DuPont de Nemours, Inc.",Acquisition of Asset or Branch,1825.0,1825.0,Completed,Commodity Chemicals,USA
SPTRD2166179,2025-08-27,2025-11-13,Rockies Gathering and Processing Assets,,no_match,ROCKIES GATHERING AND PROCESSING ASSETS,Harvest Midstream Company,,no_match,HARVEST MIDSTREAM,MPLX LP,Acquisition of Asset or Branch,1000.0,1000.0,Completed,Oil and Gas Storage and Transportation,USA
SPTRD2165992,2025-08-26,,600 MHz Band And The 3.45 GHz Band Licenses,,no_match,600 MHZ BAND AND 3 45 GHZ BAND LICENSES,AT&T Mobility II LLC,,no_match,AT AND T MOBILITY II,EchoStar Corporation,Acquisition of Asset or Branch,22650.0,22650.0,Announced,Wireless Telecommunication Services,USA
SPTRD2165828,2025-08-25,2025-11-26,Verint Systems Inc.*,,no_match,VERINT SYSTEMS,"Calabrio, Inc.",,no_match,CALABRIO,Investor Group,Acquisition of Whole Company (incl. Majority Stake),2058.423564,1336.935564,Completed,Application Software,USA
SPTRD2165823,2025-08-25,2025-12-15,"Vital Energy, Inc.",,no_match,VITAL ENERGY,Crescent Energy Company,CRGY,normalized_exact,CRESCENT ENERGY,,Acquisition of Whole Company (incl. Majority Stake),3041.468908,716.540908,Completed,Oil and Gas Exploration and Production,USA
SPTRD2165446,2025-08-21,2026-02-04,"Dayforce, Inc.*",,no_match,DAYFORCE,Investor Group,,no_match,INVESTOR,Investor Group,Acquisition of Whole Company (incl. Majority Stake),12159.186175,12134.886175,Completed,Human Resource and Employment Services,USA
SPTRD2165452,2025-08-21,2026-01-23,Global Cellulose Fibers Business of International Paper Company*,,no_match,GLOBAL CELLULOSE FIBERS BUSINESS OF INTERNATIONAL PAPER,"AIP, LLC",,no_match,AIP,International Paper Company,Acquisition of Asset or Branch,1500.0,1500.0,Completed,Unclassified,USA
SPTRD2165531,2025-08-21,2025-10-01,"Paradox, Inc.",,no_match,PARADOX,"Workday, Inc.",WDAY,normalized_exact,WORKDAY,,Acquisition of Whole Company (incl. Majority Stake),1000.0,1000.0,Completed,Application Software,USA
SPTRD2171815,2025-08-21,2025-10-27,"Shermco Industries, Inc.",,no_match,SHERMCO INDUSTRIES,Blackstone Inc.,BX,normalized_exact,BLACKSTONE,"Gryphon Advisors, LLC",Acquisition of Whole Company (incl. Majority Stake),1600.0,,Completed,Construction and Engineering,USA
SPTRD2165230,2025-08-20,2025-10-09,"Foundation Building Materials, Inc.*",,no_match,FOUNDATION BUILDING MATERIALS,"Lowe's Companies, Inc.",,no_match,LOWE S,Investor Group,Acquisition of Whole Company (incl. Majority Stake),8800.0,8800.0,Completed,Trading Companies and Distributors,USA
SPTRD2165000,2025-08-19,,"NorthWestern Energy Group, Inc.",NWE,normalized_exact,NORTHWESTERN ENERGY,Black Hills Corporation,BKH,normalized_exact,BLACK HILLS,,Acquisition of Whole Company (incl. Majority Stake),6862.450875,3672.080875,Announced,Multi-Utilities,USA
SPTRD2164983,2025-08-19,,"Plymouth Industrial REIT, Inc.",,no_match,PLYMOUTH INDUSTRIAL REIT,"Sixth Street Partners, LLC",,no_match,SIXTH STREET PARTNERS,,Acquisition of Whole Company (incl. Majority Stake),1896.951932,982.746932,Announced,Industrial REIT,USA
SPTRD2165008,2025-08-18,2026-03-19,TEGNA Inc.,,no_match,TEGNA,"Nexstar Media Group, Inc.",NXST,normalized_exact,NEXSTAR MEDIA,,Acquisition of Whole Company (incl. Majority Stake),6012.799264,3702.732264,Completed,Broadcasting,USA
SPTRD2164731,2025-08-18,2025-11-06,"TPC Engineering Holdings, LLC*",,no_match,TPC ENGINEERING,Amphenol Corporation,APH,normalized_exact,AMPHENOL,"Audax Management Company, LLC",Acquisition of Whole Company (incl. Majority Stake),1000.0,1000.0,Completed,Electrical Components and Equipment: Light,USA
SPTRD2164547,2025-08-14,,Google Chrome Browser of Alphabet Inc.,,no_match,GOOGLE CHROME BROWSER OF ALPHABET,"Public Good Software, Inc.",,no_match,PUBLIC GOOD SOFTWARE,Alphabet Inc.,Acquisition of Asset or Branch,35000.0,35000.0,Announced,Application Software,USA
SPTRD2164097,2025-08-13,2025-12-01,HanesBrands Inc.,,no_match,HANESBRANDS,Gildan Activewear Inc.,GIL,normalized_exact,GILDAN ACTIVEWEAR,Investor Group,Acquisition of Whole Company (incl. Majority Stake),2385.833945,2385.833945,Completed,"Apparel, Accessories and Luxury Goods",USA
SPTRD2210018,2025-08-13,,"Trail Blazers, Inc.",,no_match,TRAIL BLAZERS,Pvt. Invts.- Rip City Rising Group,,no_match,PVT INVTS RIP CITY RISING,Pvt. Invt.- Estate of Paul G. Allen,Acquisition of Whole Company (incl. Majority Stake),4250.0,4250.0,Announced,Movies and Entertainment,USA
SPTRD2163943,2025-08-12,,Google Chrome Browser of Alphabet Inc.,,no_match,GOOGLE CHROME BROWSER OF ALPHABET,"Perplexity AI, Inc.",,no_match,PERPLEXITY AI,Alphabet Inc.,Acquisition of Asset or Branch,34500.0,34500.0,Announced,Application Software,USA
SPTRD2163919,2025-08-11,2025-10-24,"MeridianLink, Inc.",,no_match,MERIDIANLINK,"Centerbridge Partners, L.P.",,no_match,CENTERBRIDGE PARTNERS,,Acquisition of Whole Company (incl. Majority Stake),2053.49198,1676.96298,Completed,Application Software,USA
SPTRD2163182,2025-08-07,,Lower 48 Assets in the Anadarko Basin,,no_match,LOWER 48 ASSETS IN ANADARKO BASIN,"Stone Ridge Energy, LLC",,no_match,STONE RIDGE ENERGY,ConocoPhillips,Acquisition of Asset or Branch,1300.0,1300.0,Announced,Oil and Gas Exploration and Production,USA
SPTRD2163854,2025-08-07,2025-09-22,"Meade Pipeline Co LLC and Redwood Meade Midstream MPC, LLC",,no_match,MEADE PIPELINE AND REDWOOD MEADE MIDSTREAM MPC,Ares Management LLC,ARES,normalized_exact,ARES MANAGEMENT,"XPLR Infrastructure, LP",Acquisition of Whole Company (incl. Majority Stake),1100.0,1100.0,Completed,Oil and Gas Storage and Transportation,USA
SPTRD2162807,2025-08-06,2026-05-28,American Woodmark Corporation,,no_match,AMERICAN WOODMARK,"MasterBrand, Inc.",MBC,normalized_exact,MASTERBRAND,Investor Group,Acquisition of Whole Company (incl. Majority Stake),1177.49833,722.02433,Completed,Building Products,USA
SPTRD2163163,2025-08-06,2025-10-15,"Aris Water Solutions, Inc.",,no_match,ARIS WATER SOLUTIONS,"Western Midstream Partners, LP",WES,normalized_exact,WESTERN MIDSTREAM PARTNERS,,Acquisition of Whole Company (incl. Majority Stake),2306.135758,1476.381758,Completed,Oil and Gas Equipment and Services,USA
SPTRD2163080,2025-08-06,2025-11-03,Comvest Credit Partners*,,no_match,COMVEST CREDIT PARTNERS,Manulife Financial Corporation,MFC,normalized_exact,MANULIFE FINANCIAL,Investor Group,Acquisition of Whole Company (incl. Majority Stake),1275.0,1275.0,Completed,Specialty Finance: Commercial Focused,USA
SPTRD2162904,2025-08-06,,"Enverus, Inc.",,no_match,ENVERUS,Investor Group,,no_match,INVESTOR,Investor Group,Acquisition of Whole Company (incl. Majority Stake),6500.0,6500.0,Announced,Application Software,USA
SPTRD2162829,2025-08-06,2025-08-25,The Wheeling Corporation,,no_match,WHEELING,Percy Acquisition LLC,,no_match,PERCY ACQUISITION,"WLE Management Partners, L.P.",Acquisition of Whole Company (incl. Majority Stake),1050.0,1050.0,Completed,Rail Transportation,USA
SPTRD2162919,2025-08-05,,"Duke Energy Florida, LLC*",,no_match,DUKE ENERGY FLORIDA,Brookfield Corporation,BN,normalized_exact,BROOKFIELD,Duke Energy Corporation,Acquisition of Minority Stake,6000.0,6000.0,Announced,Electric Utilities,USA
SPTRD2162566,2025-08-05,2025-09-30,"Elo Touch Solutions, Inc.*",,no_match,ELO TOUCH SOLUTIONS,Zebra Technologies Corporation,ZBRA,normalized_exact,ZEBRA TECHNOLOGIES,"Crestview Advisors, L.L.C.",Acquisition of Whole Company (incl. Majority Stake),1300.0,1300.0,Completed,"Technology Hardware, Storage and Peripherals",USA
SPTRD2162587,2025-08-05,,FG Merger II Corp.,FGMC,normalized_exact,FG MERGER II,Boxabl Inc.,,no_match,BOXABL,Investor Group,Acquisition of Whole Company (incl. Majority Stake),3500.0,,Announced,Asset Management,USA
SPTRD2162276,2025-08-04,2025-11-12,19 Property Portfolio,,no_match,19 PROPERTY PORTFOLIO,"Cortland Partners, LLC",,no_match,CORTLAND PARTNERS,Elme Communities,Acquisition of Asset or Branch,1606.0,1606.0,Completed,Real Estate Operating and Management,USA
SPTRD2162253,2025-08-04,2026-01-09,Connectivity and Cable Solutions (CCS) business of CommScope,,no_match,CONNECTIVITY AND CABLE SOLUTIONS BUSINESS OF COMMSCOPE,Amphenol Corporation,APH,normalized_exact,AMPHENOL,"CommScope Holding Company, Inc.",Acquisition of Asset or Branch,10500.0,10500.0,Completed,Communications Equipment,USA
SPTRD2162248,2025-08-04,2025-12-10,Steelcase Inc.,,no_match,STEELCASE,HNI Corporation,HNI,normalized_exact,HNI,,Acquisition of Whole Company (incl. Majority Stake),2618.615266,2256.015266,Completed,Office Services and Supplies,USA
SPTRD2161742,2025-07-31,2025-09-02,Northwind Midstream Partners LLC,,no_match,NORTHWIND MIDSTREAM PARTNERS,MPLX LP,MPLX,normalized_exact,MPLX,Five Point Energy LLC,Acquisition of Whole Company (incl. Majority Stake),2375.0,2375.0,Completed,Oil and Gas Exploration and Production,USA
SPTRD2161490,2025-07-30,2025-11-10,"Trading Technologies International, Inc.*",,no_match,TRADING TECHNOLOGIES INTERNATIONAL,"Thoma Bravo, L.P.",,no_match,THOMA BRAVO,7Ridge Limited,Acquisition of Minority Stake,1000.0,,Completed,Investment and Capital Markets Technology,USA
SPTRD2161177,2025-07-29,2026-03-31,"Business of Piedmont Natural Gas Company, Inc.",,no_match,BUSINESS OF PIEDMONT NATURAL GAS,Spire Inc.,SR,normalized_exact,SPIRE,Duke Energy Corp.,Acquisition of Asset or Branch,2480.0,2480.0,Completed,Gas Utilities,USA
SPTRD2161185,2025-07-29,,"Chart Industries, Inc.",GTLS,normalized_exact,CHART INDUSTRIES,Baker Hughes Company,BKR,normalized_exact,BAKER HUGHES,,Acquisition of Whole Company (incl. Majority Stake),13153.67612,9557.67612,Announced,Machinery and Supplies and Components: Industrial,USA
SPTRD2161200,2025-07-29,2025-09-22,Eco Material Technologies Inc.*,,no_match,ECO MATERIAL TECHNOLOGIES,CRH plc,,no_match,CRH,Investor Group,Acquisition of Whole Company (incl. Majority Stake),2100.0,2100.0,Completed,Construction Materials,USA
SPTRD2161217,2025-07-29,,Norfolk Southern Corporation,NSC,normalized_exact,NORFOLK SOUTHERN,Union Pacific Corporation,UNP,normalized_exact,UNION PACIFIC,,Acquisition of Whole Company (incl. Majority Stake),88222.937917,71624.937917,Announced,Rail Transportation,USA
SPTRD2168196,2025-07-28,,"Governmentjobs.com, Inc.",,no_match,GOVERNMENTJOBS COM,Investor Group,,no_match,INVESTOR,Investor Group,Acquisition of Whole Company (incl. Majority Stake),3000.0,3000.0,Announced,Application Software,USA
SPTRD2161732,2025-07-25,2025-07-25,"Dynamic Systems (DSI), LLC",,no_match,DYNAMIC SYSTEMS,"Quanta Services, Inc.",PWR,normalized_exact,QUANTA SERVICES,"Faulkner Group, Inc.",Acquisition of Whole Company (incl. Majority Stake),1564.083948,1564.083948,Completed,Construction and Engineering,USA
SPTRD2160537,2025-07-24,2026-01-01,Synovus Financial Corp.,,no_match,SYNOVUS FINANCIAL,"Pinnacle Financial Partners, Inc.",PNFP,normalized_exact,PINNACLE FINANCIAL PARTNERS,,Acquisition of Whole Company (incl. Majority Stake),7043.256484,7043.256484,Completed,Bank,USA
SPTRD2160238,2025-07-23,2025-10-01,"Iodine Software, LLC*",,no_match,IODINE SOFTWARE,Waystar Holding Corp.,WAY,normalized_exact,WAYSTAR,Investor Group,Acquisition of Whole Company (incl. Majority Stake),1260.218435,1260.218435,Completed,Health Care Technology,USA
SPTRD2171152,2025-07-21,,"NAVEX Global, Inc.",,no_match,NAVEX GLOBAL,Investor Group,,no_match,INVESTOR,Investor Group,Acquisition of Whole Company (incl. Majority Stake),2500.0,2500.0,Announced,Application Software,USA
SPTRD2159634,2025-07-17,2025-11-25,Guernsey Power Station,,no_match,GUERNSEY POWER STATION,"Talen Generation, LLC",,no_match,TALEN GENERATION,Investor Group,Acquisition of Asset or Branch,2330.0,2330.0,Completed,Electric Utilities,USA
SPTRD2186394,2025-07-17,2025-11-25,"Moxie Freedom, LLC",,no_match,MOXIE FREEDOM,"Talen Generation, LLC",,no_match,TALEN GENERATION,"Caithness Energy, LLC",Acquisition of Whole Company (incl. Majority Stake),1460.0,1460.0,Completed,Electric Utilities,USA
SPTRD2159084,2025-07-16,2025-07-23,"Fundamental Income Properties, LLC",,no_match,FUNDAMENTAL INCOME PROPERTIES,"Starwood Property Trust, Inc.",STWD,normalized_exact,STARWOOD PROPERTY TRUST,Brookfield Asset Management Ltd.,Acquisition of Whole Company (incl. Majority Stake),2200.0,2200.0,Completed,Asset Management,USA
SPTRD2158363,2025-07-14,2026-02-09,Biosciences and Diagnostics Solutions Business of Becton Dickinson and Company,,no_match,BIOSCIENCES AND DIAGNOSTICS SOLUTIONS BUSINESS OF BECTON DICKINSON AND,Waters Corporation,WAT,normalized_exact,WATERS,"Becton, Dickinson and Company",Acquisition of Asset or Branch,18800.0,,Completed,Pharmaceuticals,USA
SPTRD2162332,2025-07-14,2025-07-14,RapheGenerics Corp,,no_match,RAPHEGENERICS,"Bachem, Inc.",,no_match,BACHEM,,Acquisition of Whole Company (incl. Majority Stake),2300.0,2300.0,Completed,Pharmaceuticals,USA
SPTRD2158512,2025-07-14,,Tampa Bay Rays Baseball Ltd.,,no_match,TAMPA BAY RAYS BASEBALL,Private Investor- Patrick Zalupski,,no_match,PRIVATE INVESTOR PATRICK ZALUPSKI,Private Investor- Stuart Sternberg,Acquisition of Whole Company (incl. Majority Stake),1700.0,1700.0,Announced,Movies and Entertainment,USA
SPTRD2158393,2025-07-14,2025-10-20,"Veritex Holdings, Inc.",,no_match,VERITEX,Huntington Bancshares Incorporated,HBAN,normalized_exact,HUNTINGTON BANCSHARES,,Acquisition of Whole Company (incl. Majority Stake),1668.441611,1668.441611,Completed,Bank,USA
SPTRD2157846,2025-07-10,2025-07-31,FanDuel Inc.,,no_match,FANDUEL,Flutter Entertainment plc,FLUT,normalized_exact,FLUTTER ENTERTAINMENT,Boyd Gaming Corporation,Acquisition of Minority Stake,1550.0,1550.0,Completed,Casinos and Gaming,USA
SPTRD2157773,2025-07-10,2025-09-26,WK Kellogg Co*,,no_match,WK KELLOGG,Ferrero International S.A.,,no_match,FERRERO INTERNATIONAL S A,Investor Group,Acquisition of Whole Company (incl. Majority Stake),2841.352726,2101.352726,Completed,Packaged Foods and Meats Producers,USA
SPTRD2156527,2025-07-03,2025-07-03,Cvent Holding Corp.*,,no_match,CVENT,Blackstone Inc.,BX,normalized_exact,BLACKSTONE,"Vista Equity Partners Management, LLC",Acquisition of Minority Stake,1300.0,1300.0,Completed,Application Software,USA
SPTRD2156485,2025-07-03,2025-09-12,Olo Inc.*,,no_match,OLO,"Thoma Bravo, L.P.",,no_match,THOMA BRAVO,Investor Group,Acquisition of Whole Company (incl. Majority Stake),1602.442317,1967.159317,Completed,Application Software,USA
SPTRD2156165,2025-07-02,2026-01-13,"Applied Technical Services, LLC*",,no_match,APPLIED TECHNICAL SERVICES,SGS SA,,no_match,SGS,"Odyssey Investment Partners, LLC",Acquisition of Whole Company (incl. Majority Stake),1325.0,,Completed,Research and Consulting Services,USA
SPTRD2155950,2025-07-01,2025-08-31,"Greif Containerboard Solutions, LLC/Box-Board Products, Inc.",,no_match,GREIF CONTAINERBOARD SOLUTIONS BOARD PRODUCTS,Packaging Corporation of America,PKG,normalized_exact,PACKAGING OF AMERICA,Greif Packaging LLC,Acquisition of Whole Company (incl. Majority Stake),1800.0,1800.0,Completed,Unclassified,USA
SPTRD2156051,2025-07-01,2025-10-09,International Interactive business of Bally's Corporation.,,no_match,INTERNATIONAL INTERACTIVE BUSINESS OF BALLY S,Intralot S.A. Intergrated Lottery Systems and Services,,no_match,INTRALOT S A INTERGRATED LOTTERY SYSTEMS AND SERVICES,Bally's Corporation,Acquisition of Asset or Branch,2954.8097172600574,2954.8097172600574,Completed,Casinos and Gaming,USA
SPTRD2155781,2025-06-30,2025-08-19,"Capstan Therapeutics, Inc.*",,no_match,CAPSTAN THERAPEUTICS,AbbVie Inc.,ABBV,normalized_exact,ABBVIE,Investor Group,Acquisition of Whole Company (incl. Majority Stake),2100.0,2100.0,Completed,Biotechnology,USA
SPTRD2155771,2025-06-30,2025-09-18,"Curtis Instruments, Inc.",,no_match,CURTIS INSTRUMENTS,Parker-Hannifin Corporation,PH,normalized_exact,PARKER HANNIFIN,Discovery Energy LLC,Acquisition of Whole Company (incl. Majority Stake),1000.0,1000.0,Completed,Automotive Parts and Equipment,USA
SPTRD2155770,2025-06-30,2025-09-03,Gypsum Management & Supply Inc.,,no_match,GYPSUM MANAGEMENT AND SUPPLY,SRS Distribution Inc.,,no_match,SRS DISTRIBUTION,,Acquisition of Whole Company (incl. Majority Stake),5881.47052,4265.88052,Completed,Trading Companies and Distributors,USA
SPTRD2155783,2025-06-30,2025-11-10,"vLex, LLC*",,no_match,VLEX,Investor Group,,no_match,INVESTOR,Oakley Capital Limited,Acquisition of Whole Company (incl. Majority Stake),1000.0,,Completed,Interactive Media and Services,USA
SPTRD2155352,2025-06-26,2025-11-06,MRC Global Inc.,,no_match,MRC GLOBAL,DNOW Inc.,DNOW,normalized_exact,DNOW,Investor Group,Acquisition of Whole Company (incl. Majority Stake),1810.021701,1211.021701,Completed,Trading Companies and Distributors,USA
SPTRD2155219,2025-06-24,2025-10-15,Melio Payments Inc.,,no_match,MELIO PAYMENTS,Xero Limited,,no_match,XERO,Investor group,Acquisition of Whole Company (incl. Majority Stake),2506.0,2506.0,Completed,Payment Service Providers and Gateways,USA
SPTRD2154579,2025-06-23,2025-06-23,"Digital Global Systems, Inc.",,no_match,DIGITAL GLOBAL SYSTEMS,Casa Del Fuego Family Office & Trust LLC,,no_match,CASA DEL FUEGO FAMILY OFFICE AND TRUST,,Acquisition of Whole Company (incl. Majority Stake),5000.0,5000.0,Completed,Communications Equipment,USA
SPTRD2154556,2025-06-23,2025-11-16,"Dr. Squatch, LLC*",,no_match,DR SQUATCH,Unilever PLC,UL,normalized_exact,UNILEVER,"Summit Partners, L.P.",Acquisition of Whole Company (incl. Majority Stake),1500.0,1500.0,Completed,Personal Care and Beauty Products: Producers,USA
SPTRD2155175,2025-06-23,,"PDV Holding, Inc.",,no_match,PDV,"Black Lion Citgo Group, LLC",,no_match,BLACK LION CITGO,"Petróleos de Venezuela, S.A.",Acquisition of Whole Company (incl. Majority Stake),8000.0,8000.0,Announced,Oil and Gas Refining and Marketing,USA
SPTRD2154256,2025-06-20,2025-09-24,"Couchbase, Inc.*",,no_match,COUCHBASE,Haveli Investment Management LLC,,no_match,HAVELI INVESTMENT MANAGEMENT,Investor Group,Acquisition of Whole Company (incl. Majority Stake),1528.152198,1528.152198,Completed,Application Software,USA
SPTRD2153958,2025-06-18,2025-10-30,"The Los Angeles Lakers, Inc.",,no_match,LOS ANGELES LAKERS,Private Investor,,no_match,PRIVATE INVESTOR,,Acquisition of Whole Company (incl. Majority Stake),10000.0,,Completed,Movies and Entertainment,USA
SPTRD2153666,2025-06-17,2026-06-04,AMSURG Corp.,,no_match,AMSURG,Ascension Health Alliance,,no_match,ASCENSION HEALTH ALLIANCE,,Acquisition of Whole Company (incl. Majority Stake),3900.0,3900.0,Completed,Health Care Facilities,USA
SPTRD2153857,2025-06-17,2025-11-28,Guild Holdings Company*,,no_match,GUILD,"Bayview Asset Management, LLC",,no_match,BAYVIEW ASSET MANAGEMENT,"McCarthy Partners Management, LLC",Acquisition of Whole Company (incl. Majority Stake),1267.0293,1267.0293,Completed,Mortgage Banks and Brokers,USA
SPTRD2152759,2025-06-11,2026-01-01,Off-Highway Business of Dana Incorporated,,no_match,OFF HIGHWAY BUSINESS OF DANA,"Allison Transmission Holdings, Inc.",ALSN,normalized_exact,ALLISON TRANSMISSION,Dana Incorporated,Acquisition of Asset or Branch,2732.0,2732.0,Completed,Automotive Parts and Equipment,USA
SPTRD2152416,2025-06-10,2025-08-01,"RSC Topco, Inc.*",,no_match,RSC TOPCO,"Brown & Brown, Inc.",BRO,normalized_exact,BROWN AND BROWN,"Kelso & Company, L.P.",Acquisition of Whole Company (incl. Majority Stake),9825.0,9825.0,Completed,Insurance Broker,USA
SPTRD2152181,2025-06-09,2026-01-01,Precision Sensors & Instrumentation (PSI) Product Line of Baker Hughes Company,,no_match,PRECISION SENSORS AND INSTRUMENTATION PRODUCT LINE OF BAKER HUGHES,Crane Company,CR,normalized_exact,CRANE,Baker Hughes Company,Acquisition of Asset or Branch,1150.0,1150.0,Completed,Unclassified,USA
SPTRD2151842,2025-06-06,2025-08-19,"Electrical Components International, Inc.*",,no_match,ELECTRICAL COMPONENTS INTERNATIONAL,Rosebank Industries plc,,no_match,ROSEBANK INDUSTRIES,"Cerberus Capital Management, L.P.",Acquisition of Whole Company (incl. Majority Stake),2025.5489235,2025.5489235,Completed,Electrical Components and Equipment: Light,USA
SPTRD2150889,2025-06-03,2025-08-19,Sitio Royalties Corp.,,no_match,SITIO ROYALTIES,"Viper Energy, Inc.",VNOM,normalized_exact,VIPER ENERGY,,Acquisition of Whole Company (incl. Majority Stake),3810.644201,2728.436201,Completed,Oil and Gas Exploration and Production,USA
SPTRD2150544,2025-06-02,2025-07-18,Blueprint Medicines Corporation*,,no_match,BLUEPRINT MEDICINES,Sanofi,SNY,normalized_exact,SANOFI,"Sixth Street Partners, LLC",Acquisition of Whole Company (incl. Majority Stake),9327.358712,9513.812712,Completed,Biotechnology,USA
SPTRD2150826,2025-06-02,2025-06-02,"Multiven, Inc.",,no_match,MULTIVEN,Photon AI Ltd,,no_match,PHOTON AI,,Acquisition of Whole Company (incl. Majority Stake),2200.0,2200.0,Completed,Internet Services and Infrastructure,USA
SPTRD2150398,2025-05-30,2025-08-01,Encino Acquisition Partners LLC,,no_match,ENCINO ACQUISITION PARTNERS,"EOG Resources, Inc.",EOG,normalized_exact,EOG RESOURCES,Investor Group,Acquisition of Whole Company (incl. Majority Stake),5600.0,,Completed,Oil and Gas Exploration and Production,USA
SPTRD2164554,2025-05-29,,590 Madison Avenue,,no_match,590 MADISON AVENUE,Investor Group,,no_match,INVESTOR,STRS Ohio,Acquisition of Asset or Branch,1100.0,1100.0,Announced,Real Estate Operating and Management,USA
SPTRD2150196,2025-05-29,,"Acumatica, Inc.*",,no_match,ACUMATICA,"Vista Equity Partners Management, LLC",,no_match,VISTA EQUITY PARTNERS MANAGEMENT,Investor Group,Acquisition of Whole Company (incl. Majority Stake),2000.0,,Announced,Systems Software,USA
SPTRD2150292,2025-05-29,2026-01-01,Rail Assets of Wells Fargo & Co.,,no_match,RAIL ASSETS OF WELLS FARGO AND,Investor Group,,no_match,INVESTOR,Wells Fargo & Company,Acquisition of Asset or Branch,4200.0,4200.0,Completed,Trading Companies and Distributors,USA
SPTRD2150042,2025-05-28,2025-08-05,HRBeauty LLC,,no_match,HRBEAUTY,"e.l.f. Cosmetics, Inc.",,no_match,E F COSMETICS,,Acquisition of Whole Company (incl. Majority Stake),1000.0,1000.0,Completed,Personal Care and Beauty Products: Producers,USA
SPTRD2149970,2025-05-28,2025-10-01,"Heartland Payroll Solutions, Inc.*",,no_match,HEARTLAND PAYROLL SOLUTIONS,"Acrisure, LLC",,no_match,ACRISURE,Global Payments Inc.,Acquisition of Whole Company (incl. Majority Stake),1100.0,1100.0,Completed,Application Software,USA
SPTRD2149725,2025-05-27,2025-11-18,Informatica Inc.,,no_match,INFORMATICA,"Salesforce, Inc.",CRM,normalized_exact,SALESFORCE,Investor Group,Acquisition of Whole Company (incl. Majority Stake),8619.717955,8240.629955,Completed,Application Software,USA
SPTRD2149806,2025-05-27,2025-08-06,"Silvus Technologies, Inc.*",,no_match,SILVUS TECHNOLOGIES,"Motorola Solutions, Inc.",MSI,normalized_exact,MOTOROLA SOLUTIONS,TJC LP,Acquisition of Whole Company (incl. Majority Stake),5022.392264,5022.392264,Completed,Communications Equipment,USA
SPTRD2149743,2025-05-27,2025-07-31,"SiteOne Therapeutics, Inc.*",,no_match,SITEONE THERAPEUTICS,Eli Lilly and Company,LLY,normalized_exact,ELI LILLY AND,Investor Group,Acquisition of Whole Company (incl. Majority Stake),1000.0,,Completed,Pharmaceuticals,USA
SPTRD2149412,2025-05-25,2025-08-04,"E2open Parent Holdings, Inc.*",,no_match,E2OPEN PARENT,WiseTech Global Limited,,no_match,WISETECH GLOBAL,Investor Group,Acquisition of Whole Company (incl. Majority Stake),2182.050384,1321.015384,Completed,Application Software,USA
SPTRD2148881,2025-05-21,2026-02-02,Mass Markets Fiber Internet Connectivity Business,,no_match,MASS MARKETS FIBER INTERNET CONNECTIVITY BUSINESS,AT&T Inc.,T,normalized_exact,AT AND T,"Lumen Technologies, Inc.",Acquisition of Asset or Branch,5750.0,5750.0,Completed,Alternative Carriers,USA
SPTRD2148874,2025-05-21,2025-07-09,"io Products, Inc.",,no_match,IO PRODUCTS,"OpenAI, L.L.C.",,no_match,OPENAI C,Investor Group,Acquisition of Whole Company (incl. Majority Stake),5000.0,5000.0,Completed,Consumer Electronics Producers,USA
SPTRD2148525,2025-05-20,,"Itel Laboratories, Inc.*",,no_match,ITEL LABORATORIES,Nearmap Australia Pty Ltd,,no_match,NEARMAP AUSTRALIA PTY,GTCR LLC,Acquisition of Whole Company (incl. Majority Stake),1300.0,,Announced,Research and Consulting Services,USA
SPTRD2148256,2025-05-19,2025-10-27,"DataCenter Infrastructure Manufacturing Business of ZT Group Intl, Inc.",,no_match,DATACENTER INFRASTRUCTURE MANUFACTURING BUSINESS OF ZT INTL,Sanmina Corporation,SANM,normalized_exact,SANMINA,"ZT Group Intl, Inc.",Acquisition of Asset or Branch,3087.292998,3087.292998,Completed,Internet Services and Infrastructure,USA
SPTRD2148241,2025-05-19,,"TXNM Energy, Inc.*",TXNM,normalized_exact,TXNM ENERGY,Blackstone Inc.,BX,normalized_exact,BLACKSTONE,,Acquisition of Whole Company (incl. Majority Stake),11941.003818,5747.408818,Announced,Electric Utilities,USA
SPTRD2147933,2025-05-16,,"Cox Communications, Inc.",,no_match,COX COMMUNICATIONS,"Charter Communications, Inc.",CHTR,normalized_exact,CHARTER COMMUNICATIONS,"Cox Enterprises, Inc.",Acquisition of Whole Company (incl. Majority Stake),36697.552,24097.552,Announced,Cable and Satellite,USA
SPTRD2147674,2025-05-15,2025-09-08,"Foot Locker, Inc.*",,no_match,FOOT LOCKER,"DICK'S Sporting Goods, Inc.",DKS,normalized_exact,DICK S SPORTING GOODS,Investor Group,Acquisition of Whole Company (incl. Majority Stake),4977.882157,2507.882157,Completed,Apparel Retail,USA
SPTRD2147712,2025-05-15,2025-08-04,"NV5 Global, Inc.*",,no_match,NV5 GLOBAL,Acuren Corporation,,no_match,ACUREN,Cercano Management LLC,Acquisition of Whole Company (incl. Majority Stake),1783.045478,1565.458478,Completed,Research and Consulting Services,USA
SPTRD2147847,2025-05-15,2025-10-22,Seven Natural Gas Generation Facilities,,no_match,SEVEN NATURAL GAS GENERATION FACILITIES,Vistra Corp.,VST,normalized_exact,VISTRA,Lotus Infrastructure Partners,Acquisition of Asset or Branch,1900.0,1900.0,Completed,Electric Utilities,USA
SPTRD2147590,2025-05-14,2025-07-07,Efimosfermin alfa drug of Boston Pharmaceuticals,,no_match,EFIMOSFERMIN ALFA DRUG OF BOSTON PHARMACEUTICALS,GSK plc,GSK,normalized_exact,GSK,Boston Pharmaceuticals Inc.,Acquisition of Asset or Branch,2000.0,2000.0,Completed,Life Sciences Tools and Services,USA
SPTRD2147164,2025-05-14,2025-05-31,"Neon, Inc.*",,no_match,NEON,"Databricks, Inc.",,no_match,DATABRICKS,Investor Group,Acquisition of Whole Company (incl. Majority Stake),1000.0,1000.0,Completed,Systems Software,USA
SPTRD2146676,2025-05-12,2025-07-21,"EOS Fitness Opco Holdings, LLC*",,no_match,EOS FITNESS OPCO,"TSG Consumer Partners, LP",,no_match,TSG CONSUMER PARTNERS,"Bruckmann, Rosser, Sherrill & Co., Management, L.P.",Acquisition of Whole Company (incl. Majority Stake),1500.0,,Completed,Leisure Facilities,USA
SPTRD2146665,2025-05-12,2026-06-12,Horizon Space Acquisition II Corp.,HSPT,normalized_exact,HORIZON SPACE ACQUISITION II,"SL BIO Co., Ltd.",,no_match,SL BIO,Horizon Space Acquisition II Sponsor Corp.,Acquisition of Whole Company (incl. Majority Stake),5568.0,5568.0,Completed,Asset Management,USA
SPTRD2146670,2025-05-12,2025-06-24,Landsea Homes Corporation*,,no_match,LANDSEA HOMES,The New Home Company Inc.,,no_match,HOME,,Acquisition of Whole Company (incl. Majority Stake),1155.894828,432.002828,Completed,Homebuilding Producers,USA
SPTRD2145814,2025-05-06,2025-10-15,"AvidXchange Holdings, Inc.",,no_match,AVIDXCHANGE,Investor Group,,no_match,INVESTOR,,Acquisition of Whole Company (incl. Majority Stake),1885.71704,2218.15504,Completed,Payment Service Providers and Gateways,USA
SPTRD2145723,2025-05-06,2025-06-13,SevenRooms Inc.*,,no_match,SEVENROOMS,"DoorDash, Inc.",DASH,normalized_exact,DOORDASH,Investor Group,Acquisition of Whole Company (incl. Majority Stake),1200.0,1200.0,Completed,Application Software,USA
SPTRD2145560,2025-05-05,2025-09-12,"Skechers U.S.A., Inc.",,no_match,SKECHERS U S A,"3G Capital, Inc.",,no_match,3G CAPITAL,Investor group,Acquisition of Whole Company (incl. Majority Stake),11099.147704,9735.919704,Completed,Footwear Producers,USA
SPTRD2145518,2025-05-02,2025-05-28,Antylia Scientific*,,no_match,ANTYLIA SCIENTIFIC,Investor Group,,no_match,INVESTOR,GTCR LLC,Acquisition of Whole Company (incl. Majority Stake),1340.0,1340.0,Completed,Health Care Supplies,USA
SPTRD2144426,2025-04-28,2025-07-07,Hospital Solution Business of Sabre Corporation,,no_match,HOSPITAL SOLUTION BUSINESS OF SABRE,"TPG Capital, L.P.",,no_match,TPG CAPITAL,Sabre Corporation,Acquisition of Asset or Branch,1100.0,1100.0,Completed,Application Software,USA
SPTRD2144316,2025-04-28,2025-07-01,"SpringWorks Therapeutics, Inc.*",,no_match,SPRINGWORKS THERAPEUTICS,Merck KGaA,,no_match,MERCK KGAA,Investor Group,Acquisition of Whole Company (incl. Majority Stake),3501.093609,3876.356609,Completed,Biotechnology,USA
SPTRD2143750,2025-04-23,2025-08-31,"Pacific Premier Bancorp, Inc.",,no_match,PACIFIC PREMIER BANCORP,"Columbia Banking System, Inc.",COLB,normalized_exact,COLUMBIA BANKING SYSTEM,,Acquisition of Whole Company (incl. Majority Stake),2451.73363,2451.73363,Completed,Bank,USA
SPTRD2143499,2025-04-23,2026-06-08,Voyager Acquisition Corp.,,no_match,VOYAGER ACQUISITION,VERAXA Biotech AG,VRXA,normalized_exact,VERAXA BIOTECH,Investor Group,Acquisition of Whole Company (incl. Majority Stake),1341.143397,1341.143397,Completed,Asset Management,USA
SPTRD2143312,2025-04-22,2025-06-03,Donlin Gold LLC,,no_match,DONLIN GOLD,Investor Group,,no_match,INVESTOR,Barrick Gold Corporation,Acquisition of Whole Company (incl. Majority Stake),1000.0,1000.0,Completed,Gold,USA
SPTRD2143447,2025-04-22,2025-07-01,Upstream and Midstream Assets,,no_match,UPSTREAM AND MIDSTREAM ASSETS,EQT Corporation,EQT,normalized_exact,EQT,Blackstone Inc.,Acquisition of Asset or Branch,1911.364961,1911.364961,Completed,Oil and Gas Exploration and Production,USA
SPTRD2143190,2025-04-21,2025-06-03,Moss Adams LLP,,no_match,MOSS ADAMS LLP,"Baker Tilly US, LLP",,no_match,BAKER TILLY US LLP,,Acquisition of Whole Company (incl. Majority Stake),7000.0,7000.0,Completed,Research and Consulting Services,USA
SPTRD2142773,2025-04-17,2026-01-09,Total System Services LLC,,no_match,TOTAL SYSTEM SERVICES,"Fidelity National Information Services, Inc.",FIS,normalized_exact,FIDELITY NATIONAL INFORMATION SERVICES,Global Payments Inc.,Acquisition of Asset or Branch,13500.0,,Completed,Payment Processors,USA
SPTRD2142755,2025-04-17,2026-01-09,"Worldpay, LLC",,no_match,WORLDPAY,Global Payments Inc.,GPN,normalized_exact,GLOBAL PAYMENTS,Investor Group,Acquisition of Whole Company (incl. Majority Stake),17000.0,17000.0,Completed,Payment Processors,USA
SPTRD2141932,2025-04-14,2025-09-12,Altera Corporation*,,no_match,ALTERA,Investor Group,,no_match,INVESTOR,Intel Corporation,Acquisition of Whole Company (incl. Majority Stake),4400.0,4400.0,Completed,Semiconductors,USA
SPTRD2141930,2025-04-14,2025-09-24,Ares Acquisition Corporation II,,no_match,ARES ACQUISITION II,"Kodiak AI, Inc.",KDK,normalized_exact,KODIAK AI,Ares Acquisition Holdings II LP,Acquisition of Whole Company (incl. Majority Stake),3338.5,,Completed,Asset Management,USA
SPTRD2141979,2025-04-14,2025-06-02,"Artisan Design Group, LLC*",,no_match,ARTISAN DESIGN,"Lowe's Companies, Inc.",,no_match,LOWE S,"The Sterling Group, L.P.",Acquisition of Whole Company (incl. Majority Stake),1325.0,1325.0,Completed,Diversified Support Services,USA
SPTRD2142086,2025-04-14,2025-06-09,Two Generation Assets,,no_match,TWO GENERATION ASSETS,Capital Power Corporation,,no_match,CAPITAL POWER,"LS Power Development, LLC",Acquisition of Asset or Branch,2200.0,2200.0,Completed,Electric Utilities,USA
SPTRD2141301,2025-04-10,2025-07-02,"Sizzling Platter, LLC*",,no_match,SIZZLING PLATTER,"Bain Capital, LP",,no_match,BAIN CAPITAL,CSFC Management Company LLC,Acquisition of Whole Company (incl. Majority Stake),1000.0,,Completed,Restaurants,USA
SPTRD2141215,2025-04-09,,International Media Acquisition Corp.,,no_match,INTERNATIONAL MEDIA ACQUISITION,VCI Holdings Limited,,no_match,VCI,,Acquisition of Whole Company (incl. Majority Stake),1303.75,1303.75,Announced,Asset Management,USA
SPTRD2188699,2025-04-09,,"Vermont Information Processing, Inc.*",,no_match,VERMONT INFORMATION PROCESSING,Warburg Pincus LLC,,no_match,WARBURG PINCUS,,Acquisition of Whole Company (incl. Majority Stake),1000.0,,Announced,Application Software,USA
SPTRD2141209,2025-04-08,2025-06-30,"HealthEdge Software, Inc.*",,no_match,HEALTHEDGE SOFTWARE,"Bain Capital Private Equity, LP",,no_match,BAIN CAPITAL PRIVATE EQUITY,Blackstone Inc.,Acquisition of Whole Company (incl. Majority Stake),2600.0,2600.0,Completed,Health Care Technology,USA
SPTRD2140613,2025-04-07,2025-08-14,"Automotive Ethernet Business of Marvell Technology, Inc.",,no_match,AUTOMOTIVE ETHERNET BUSINESS OF MARVELL TECHNOLOGY,Infineon Technologies AG,,no_match,INFINEON TECHNOLOGIES,"Marvell Technology, Inc.",Acquisition of Asset or Branch,2500.0,,Completed,Semiconductors,USA
SPTRD2140578,2025-04-06,2025-06-24,Louisiana LNG Project,,no_match,LOUISIANA LNG PROJECT,Stonepeak Partners LP,,no_match,STONEPEAK PARTNERS,Woodside Energy Group Ltd,Acquisition of Asset or Branch,1900.0,1900.0,Completed,Oil and Gas Exploration and Production,USA
SPTRD2140172,2025-04-03,2025-07-31,"Colonial Enterprises, Inc.*",,no_match,COLONIAL ENTERPRISES,Brookfield Infrastructure Partners L.P.,BIPH,normalized_exact,BROOKFIELD INFRASTRUCTURE PARTNERS,Investor Group,Acquisition of Whole Company (incl. Majority Stake),9000.0,,Completed,Oil and Gas Storage and Transportation,USA
SPTRD2140099,2025-04-03,2025-11-14,Harvest Hill Beverage Company*,,no_match,HARVEST HILL BEVERAGE,Corporación Castillo Hermanos S.A.,,no_match,CORPORACI N CASTILLO HERMANOS S A,Brynwood Partners Management LLC,Acquisition of Whole Company (incl. Majority Stake),1400.0,1400.0,Completed,Packaged Foods and Meats Producers,USA
SPTRD2139785,2025-04-02,2025-07-01,"GraphPad Software, LLC*",,no_match,GRAPHPAD SOFTWARE,Siemens AG,,no_match,SIEMENS,"Insight Venture Management, LLC",Acquisition of Whole Company (incl. Majority Stake),5100.0,5100.0,Completed,Application Software,USA
SPTRD2139174,2025-03-31,2025-08-01,"CFN Holding Company, Inc.",,no_match,CFN,LPL Financial Holdings Inc.,LPLA,normalized_exact,LPL FINANCIAL,Investor Group,Acquisition of Whole Company (incl. Majority Stake),2700.0,2700.0,Completed,Unclassified,USA
SPTRD2139200,2025-03-31,2025-10-01,Mr. Cooper Group Inc.,,no_match,MR COOPER,"Rocket Companies, Inc.",RKT,normalized_exact,ROCKET,,Acquisition of Whole Company (incl. Majority Stake),14046.015992,14046.015992,Completed,Mortgage Banks and Brokers,USA
SPTRD2164592,2025-03-31,2025-03-31,"Plum Wireless, Inc.",,no_match,PLUM WIRELESS,Rivus Interactive Group,,no_match,RIVUS INTERACTIVE,,Acquisition of Whole Company (incl. Majority Stake),1100.0,1100.0,Completed,Alternative Carriers,USA
SPTRD2138964,2025-03-28,2026-04-01,Wireline Assets of AT&T Inc.,,no_match,WIRELINE ASSETS OF AT AND T,"UP Fiber, Inc.",,no_match,UP FIBER,AT&T Inc.,Acquisition of Asset or Branch,1200.0,,Completed,Unclassified,USA
SPTRD2139041,2025-03-27,2025-05-13,"Hillandale Farms of Pa., Inc.",,no_match,HILLANDALE FARMS OF PA,Global Eggs S.à r.l.,,no_match,GLOBAL EGGS S R,,Acquisition of Whole Company (incl. Majority Stake),1100.0,1100.0,Completed,Packaged Foods and Meats Producers,USA
SPTRD2140787,2025-03-26,2025-07-05,Family Dollar Stores Inc.,,no_match,FAMILY DOLLAR STORES,Investor Group,,no_match,INVESTOR,"Dollar Tree, Inc.",Acquisition of Whole Company (incl. Majority Stake),1007.5,1007.5,Completed,Broadline Retail,USA
SPTRD2138584,2025-03-26,2025-10-28,HCM II Acquisition Corp.,,no_match,HCM II ACQUISITION,Terrestrial Energy Inc.,IMSR,normalized_exact,TERRESTRIAL ENERGY,Investor Group,Acquisition of Whole Company (incl. Majority Stake),1631.521209,1631.521209,Completed,Asset Management,USA
SPTRD2138667,2025-03-25,2025-06-10,Channell Commercial Corporation,,no_match,CHANNELL COMMERCIAL,Prysmian S.p.A.,,no_match,PRYSMIAN S A,,Acquisition of Whole Company (incl. Majority Stake),1150.0,1150.0,Completed,Commodity Chemicals,USA
SPTRD2138071,2025-03-24,2025-04-23,"CentralReach, LLC*",,no_match,CENTRALREACH,"Roper Technologies, Inc.",ROP,normalized_exact,ROPER TECHNOLOGIES,"Insight Venture Management, LLC",Acquisition of Whole Company (incl. Majority Stake),1850.0,1850.0,Completed,Health Care Technology,USA
SPTRD2138055,2025-03-24,2025-08-26,"Dun & Bradstreet Holdings, Inc.*",,no_match,DUN AND BRADSTREET,"Clearlake Capital Group, L.P.",,no_match,CLEARLAKE CAPITAL,,Acquisition of Whole Company (incl. Majority Stake),7389.829297,4098.729297,Completed,Financial Media and Data Solutions,USA
SPTRD2137957,2025-03-23,2025-07-01,The AZEK Company Inc.,,no_match,AZEK,James Hardie Industries plc,JHX,normalized_exact,JAMES HARDIE INDUSTRIES,,Acquisition of Whole Company (incl. Majority Stake),8375.014997,7947.873997,Completed,Building Products,USA
SPTRD2137780,2025-03-21,2025-06-01,"Dave's Hot Chicken Franchise Co., LLC*",,no_match,DAVE S HOT CHICKEN FRANCHISE,Roark Capital Management LLC,,no_match,ROARK CAPITAL MANAGEMENT,,Acquisition of Whole Company (incl. Majority Stake),1000.0,1000.0,Completed,Restaurants,USA
SPTRD2138175,2025-03-21,,"PDV Holding, Inc.",,no_match,PDV,Contrarian Capital Management LLC,,no_match,CONTRARIAN CAPITAL MANAGEMENT,"Petróleos de Venezuela, S.A.",Acquisition of Whole Company (incl. Majority Stake),3669.000001,3669.000001,Announced,Oil and Gas Refining and Marketing,USA
SPTRD2147001,2025-03-20,,Banner Seventeen LLC,,no_match,BANNER SEVENTEEN,Investor Group,,no_match,INVESTOR,Boston Basketball Partners LLC,Acquisition of Whole Company (incl. Majority Stake),6100.0,6100.0,Announced,Movies and Entertainment,USA
SPTRD2137449,2025-03-20,2025-05-01,"NinjaTrader, LLC*",,no_match,NINJATRADER,"Payward, Inc.",,no_match,PAYWARD,Investor Group,Acquisition of Whole Company (incl. Majority Stake),1500.0,1500.0,Completed,Investment and Capital Markets Technology,USA
SPTRD2137371,2025-03-19,2025-11-25,Ampere Computing LLC,,no_match,AMPERE COMPUTING,SoftBank Group Corp.,,no_match,SOFTBANK,Investor Group,Acquisition of Whole Company (incl. Majority Stake),6500.0,6500.0,Completed,Semiconductors,USA
SPTRD2141781,2025-03-19,,"Assets of Paloma Natural Gas, LLC",,no_match,ASSETS OF PALOMA NATURAL GAS,Citadel Enterprise Americas LLC,,no_match,CITADEL ENTERPRISE AMERICAS,"Paloma Natural Gas, LLC",Acquisition of Asset or Branch,1000.0,1000.0,Announced,Unclassified,USA
SPTRD2137230,2025-03-19,2025-07-10,Nova Biomedical Corporation*,,no_match,NOVA BIOMEDICAL,"Advanced Instruments, LLC",,no_match,ADVANCED INSTRUMENTS,,Acquisition of Whole Company (incl. Majority Stake),2200.0,,Completed,Health Care Equipment,USA
SPTRD2137349,2025-03-19,2026-06-26,ProAssurance Corporation,PRA,normalized_exact,PROASSURANCE,"The Doctors Company, an Interinsurance Exchange",,no_match,DOCTORS AN INTERINSURANCE EXCHANGE,,Acquisition of Whole Company (incl. Majority Stake),1307.840975,1307.840975,Completed,Property and Casualty,USA
SPTRD2137168,2025-03-18,2025-06-16,Portfolio of Energy Assets/Middle River Power*,,no_match,PORTFOLIO OF ENERGY ASSETS RIVER POWER,Partners Group Holding AG,,no_match,PARTNERS,Investor Group,Acquisition of Asset or Branch,2200.0,,Completed,Electric Utilities,USA
SPTRD2137022,2025-03-18,2026-03-11,"Wiz, Inc.",,no_match,WIZ,Google LLC,,no_match,GOOGLE,,Acquisition of Whole Company (incl. Majority Stake),32000.0,32000.0,Completed,Systems Software,USA
SPTRD2136766,2025-03-17,2025-05-19,"VNGR Beverage, LLC*",,no_match,VNGR BEVERAGE,"PepsiCo, Inc.",PEP,normalized_exact,PEPSICO,"CAVU Consumer Partners,LLC",Acquisition of Whole Company (incl. Majority Stake),1950.0,1950.0,Completed,Soft Drinks and Non-alcoholic Beverages,USA
SPTRD2136311,2025-03-13,2025-07-31,"Endo, Inc.",,no_match,ENDO,Keenova Therapeutics plc,,no_match,KEENOVA THERAPEUTICS,Investor Group,Acquisition of Whole Company (incl. Majority Stake),4064.401405,1956.327405,Completed,Pharmaceuticals,USA
SPTRD2140590,2025-03-13,2026-05-01,Fiber Solutions Business,,no_match,FIBER SOLUTIONS BUSINESS,"Zayo Group Holdings, Inc.",,no_match,ZAYO,Crown Castle Inc.,Acquisition of Asset or Branch,4250.0,,Completed,Alternative Carriers,USA
SPTRD2136400,2025-03-13,2025-07-10,"Radius Recycling, Inc.",,no_match,RADIUS RECYCLING,"Toyota Tsusho America, Inc.",,no_match,TOYOTA TSUSHO AMERICA,Investor Group,Acquisition of Whole Company (incl. Majority Stake),1485.55608,913.48608,Completed,Steel,USA
SPTRD2136393,2025-03-13,2026-05-01,Small Cells Solutions Business of Crown Castle Inc.*,,no_match,SMALL CELLS SOLUTIONS BUSINESS OF CROWN CASTLE,EQT AB (publ),,no_match,EQT AB,Crown Castle Inc.,Acquisition of Asset or Branch,4250.0,,Completed,Wireless Telecommunication Services,USA
SPTRD2136113,2025-03-12,2025-05-29,"Games Business of Niantic, Inc.",,no_match,GAMES BUSINESS OF NIANTIC,"Scopely, Inc.",,no_match,SCOPELY,"Niantic, Inc.",Acquisition of Asset or Branch,3500.0,3500.0,Completed,Interactive Home Entertainment,USA
SPTRD2135843,2025-03-11,2025-04-01,Fibrebond Corporation,,no_match,FIBREBOND,Eaton Corporation plc,ETN,normalized_exact,EATON,,Acquisition of Whole Company (incl. Majority Stake),1400.0,1400.0,Completed,Construction and Engineering,USA
SPTRD2135701,2025-03-10,2025-07-01,Global Container International LLC,,no_match,GLOBAL CONTAINER INTERNATIONAL,Triton International Limited,TRTN.PA,normalized_exact,TRITON INTERNATIONAL,Wafra Inc.,Acquisition of Whole Company (incl. Majority Stake),1000.0,,Completed,Trading Companies and Distributors,USA
SPTRD2135631,2025-03-10,2025-12-15,"Moveworks, Inc.*",,no_match,MOVEWORKS,"ServiceNow, Inc.",NOW,normalized_exact,SERVICENOW,Investor Group,Acquisition of Asset or Branch,2850.0,,Completed,Systems Software,USA
SPTRD2135683,2025-03-10,,"PDV Holding, Inc.",,no_match,PDV,Investor Group,,no_match,INVESTOR,"Petróleos de Venezuela, S.A.",Acquisition of Whole Company (incl. Majority Stake),7382.0,7382.0,Announced,Oil and Gas Refining and Marketing,USA
SPTRD2135629,2025-03-10,2025-07-01,Redfin Corporation,,no_match,REDFIN,"Rocket Companies, Inc.",RKT,normalized_exact,ROCKET,,Acquisition of Whole Company (incl. Majority Stake),2446.598871,1619.157871,Completed,Real Estate Services,USA
SPTRD2135261,2025-03-06,2025-08-28,"Walgreens Boots Alliance, Inc.*",,no_match,WALGREENS BOOTS ALLIANCE,"Sycamore Partners Management, L.P.",,no_match,SYCAMORE PARTNERS MANAGEMENT,Alliance Santé Participations S.A.,Acquisition of Whole Company (incl. Majority Stake),41800.423828,12495.423828,Completed,Drug Retail,USA
SPTRD2134708,2025-03-04,2025-03-25,"Quorum Business Solutions, Inc.*",,no_match,QUORUM BUSINESS SOLUTIONS,"Francisco Partners Management, L.P.",,no_match,FRANCISCO PARTNERS MANAGEMENT,"Thoma Bravo, L.P.",Acquisition of Whole Company (incl. Majority Stake),2400.0,2400.0,Completed,Application Software,USA
SPTRD2134659,2025-03-04,2025-06-09,Sundyne LLC*,,no_match,SUNDYNE,Honeywell International Inc.,HON,normalized_exact,HONEYWELL INTERNATIONAL,Warburg Pincus LLC,Acquisition of Whole Company (incl. Majority Stake),2160.0,2160.0,Completed,Machinery and Supplies and Components: Industrial,USA
SPTRD2134778,2025-03-04,2025-05-05,"Weights and Biases, LLC*",,no_match,WEIGHTS AND BIASES,"CoreWeave, Inc.",CRWV,normalized_exact,COREWEAVE,Investor Group,Acquisition of Whole Company (incl. Majority Stake),1400.0,,Completed,Application Software,USA
SPTRD2135062,2025-03-04,2025-04-10,"Woodruff-Sawyer & Co., Inc.",,no_match,WOODRUFF SAWYER AND,Arthur J. Gallagher & Co.,AJG,normalized_exact,ARTHUR J GALLAGHER AND,,Acquisition of Whole Company (incl. Majority Stake),1200.0,1200.0,Completed,Insurance Broker,USA
SPTRD2134437,2025-02-28,2025-02-28,"Genesis Alkali Holdings, LLC",,no_match,GENESIS ALKALI,WE Soda US LLC,,no_match,WE SODA US,"Genesis Energy, L.P.",Acquisition of Whole Company (incl. Majority Stake),1400.0,1010.0,Completed,Commodity Chemicals,USA
SPTRD2133752,2025-02-26,2025-06-18,Multi-tenant Portfolio of 100 Non-core Properties,,no_match,MULTI TENANT PORTFOLIO OF 100 NON CORE PROPERTIES,RCG Ventures LLC,,no_match,RCG VENTURES,Investor Group,Acquisition of Asset or Branch,2291.0,1825.0,Completed,Real Estate Operating and Management,USA
SPTRD2133530,2025-02-25,2025-09-02,Purification Business of Solventum Corporation,,no_match,PURIFICATION BUSINESS OF SOLVENTUM,Thermo Fisher Scientific Inc.,TMO,normalized_exact,THERMO FISHER SCIENTIFIC,Solventum Corporation,Acquisition of Asset or Branch,4000.0,4000.0,Completed,Health Care Equipment,USA
SPTRD2133247,2025-02-24,2025-05-29,"National Grid Renewables, LLC",,no_match,NATIONAL GRID RENEWABLES,Investor Group,,no_match,INVESTOR,National Grid plc,Acquisition of Whole Company (incl. Majority Stake),1735.0,,Completed,Renewable Electricity,USA
SPTRD2133282,2025-02-24,2025-04-30,"Safe Harbor Marinas, LLC / SHM TRS LLC",,no_match,SAFE HARBOR MARINAS SHM TRS,Blackstone Inc.,BX,normalized_exact,BLACKSTONE,"Sun Communities, Inc.",Acquisition of Whole Company (incl. Majority Stake),5650.0,5650.0,Completed,Unclassified,USA
SPTRD2132926,2025-02-20,2025-04-01,"Alani Nutrition, LLC",,no_match,ALANI NUTRITION,"Celsius Holdings, Inc.",CELH,normalized_exact,CELSIUS,,Acquisition of Whole Company (incl. Majority Stake),2099.712599,2099.712599,Completed,Personal Care and Beauty Products: Producers,USA
SPTRD2133982,2025-02-20,2025-03-05,Targa Badlands LLC,,no_match,TARGA BADLANDS,Targa Resources Corp.,TRGP,normalized_exact,TARGA RESOURCES,Blackstone Inc.,Acquisition of Minority Stake,1800.0,1800.0,Completed,Oil and Gas Storage and Transportation,USA
SPTRD2132295,2025-02-18,2025-04-01,"DE Permian, LLC/DE IV Combo, LLC/DE IV Operating, LLC",,no_match,PERMIAN IV COMBO IV OPERATING,Diamondback E&P LLC,,no_match,DIAMONDBACK E AND,"Double Eagle IV Midco, LLC",Acquisition of Whole Company (incl. Majority Stake),4103.172,4103.172,Completed,Unclassified,USA
SPTRD2132308,2025-02-18,2025-06-02,"H&E Equipment Services, Inc.",,no_match,H AND E EQUIPMENT SERVICES,Herc Holdings Inc.,HRI,normalized_exact,HERC,Investor Group,Acquisition of Whole Company (incl. Majority Stake),5137.289315,3542.707315,Completed,Trading Companies and Distributors,USA
SPTRD2132319,2025-02-18,2025-07-21,Substantially All of the Assets of The Herb Chambers Companies,,no_match,SUBSTANTIALLY ALL OF ASSETS OF HERB CHAMBERS,Asbury Automotive Group L.L.C.,,no_match,ASBURY AUTOMOTIVE C,The Herb Chambers Companies,Acquisition of Asset or Branch,1450.0,1450.0,Completed,Automotive Retail,USA
SPTRD2131347,2025-02-12,2025-04-01,"Richards Manufacturing, Inc.",,no_match,RICHARDS MANUFACTURING,TE Connectivity Corporation,TEL,normalized_exact,TE CONNECTIVITY,Investor Group,Acquisition of Whole Company (incl. Majority Stake),2300.0,,Completed,Diversified Metals and Mining,USA
SPTRD2131035,2025-02-11,2025-04-03,"Anthos Therapeutics, Inc.*",,no_match,ANTHOS THERAPEUTICS,Novartis AG,NVS,normalized_exact,NOVARTIS,Investor Group,Acquisition of Whole Company (incl. Majority Stake),3100.0,3100.0,Completed,Biotechnology,USA
SPTRD2131110,2025-02-10,2026-02-04,Kito Crosby Limited,,no_match,KITO CROSBY,Columbus McKinnon Corporation,CMCO,normalized_exact,COLUMBUS MCKINNON,KKR & Co. Inc.,Acquisition of Whole Company (incl. Majority Stake),2700.0,2700.0,Completed,Machinery and Supplies and Components: Industrial,USA
SPTRD2133616,2025-02-07,2025-02-07,"Encore Holdings, LLC*",,no_match,ENCORE,Permira Advisers Ltd.,,no_match,PERMIRA ADVISERS,"Levine Leichtman Capital Partners, LLC",Acquisition of Whole Company (incl. Majority Stake),1800.0,,Completed,Office Services and Supplies,USA
SPTRD2130664,2025-02-07,2026-02-02,"Legal & General America, Inc.",,no_match,LEGAL AND GENERAL AMERICA,Meiji Yasuda Life Insurance Company,,no_match,MEIJI YASUDA LIFE INSURANCE,Legal & General Group Plc,Acquisition of Whole Company (incl. Majority Stake),2600.0,2600.0,Completed,Life and Health,USA
SPTRD2130665,2025-02-07,2025-04-16,SolarWinds Corporation*,,no_match,SOLARWINDS,"Turn/River Management, L.P.",,no_match,TURN MANAGEMENT,Investor Group,Acquisition of Whole Company (incl. Majority Stake),4419.495823,3422.867823,Completed,Systems Software,USA
SPTRD2130572,2025-02-06,2025-04-16,"Altus Power, Inc.",,no_match,ALTUS POWER,Investor Group,,no_match,INVESTOR,Investor Group,Acquisition of Whole Company (incl. Majority Stake),2409.361995,850.915995,Completed,Renewable Electricity,USA
SPTRD2129513,2025-02-03,2025-07-24,"Triumph Group, Inc.*",,no_match,TRIUMPH,Investor Group,,no_match,INVESTOR,Investor Group,Acquisition of Whole Company (incl. Majority Stake),2774.385874,2064.520874,Completed,Aerospace and Defense,USA
SPTRD2130391,2025-01-31,2025-01-31,"AI Fire, LLC*",,no_match,AI FIRE,Blackstone Inc.,BX,normalized_exact,BLACKSTONE,"TruArc Partners, LP",Acquisition of Whole Company (incl. Majority Stake),1100.0,1100.0,Completed,Diversified Support Services,USA
SPTRD2129209,2025-01-30,2025-07-02,Direct General Life Insurance Company / NSM Sales Corporation / Association Bene,,no_match,DIRECT GENERAL LIFE INSURANCE NSM SALES ASSOCIATION BENE,Nationwide Life Insurance Company,,no_match,NATIONWIDE LIFE INSURANCE,The Allstate Corporation,Acquisition of Whole Company (incl. Majority Stake),1250.0,1250.0,Completed,Life and Health,USA
SPTRD2128972,2025-01-29,2025-06-09,"NorthStar Healthcare Income, Inc.",,no_match,NORTHSTAR HEALTHCARE INCOME,Welltower Inc.,WELL,normalized_exact,WELLTOWER,,Acquisition of Whole Company (incl. Majority Stake),1012.056681,563.617681,Completed,Health Care REIT,USA
SPTRD2128640,2025-01-28,2025-04-01,"Evergreen Theragnostics, Inc.*",,no_match,EVERGREEN THERAGNOSTICS,"Lantheus Medical Imaging, Inc.",,no_match,LANTHEUS MEDICAL IMAGING,Investor Group,Acquisition of Whole Company (incl. Majority Stake),1002.5,1002.5,Completed,Pharmaceuticals,USA
SPTRD2128706,2025-01-28,2025-04-21,"Paragon 28, Inc.*",,no_match,PARAGON 28,"Zimmer Biomet Holdings, Inc.",ZBH,normalized_exact,ZIMMER BIOMET,Investor Group,Acquisition of Whole Company (incl. Majority Stake),1315.87267,1237.86667,Completed,Health Care Equipment,USA
SPTRD2128482,2025-01-27,2026-06-30,"Aquarion Water Company, Inc.",,no_match,AQUARION WATER,Aquarion Water Authority,,no_match,AQUARION WATER AUTHORITY,Eversource Energy,Acquisition of Whole Company (incl. Majority Stake),2400.0,1600.0,Completed,Water Utilities,USA
SPTRD2128300,2025-01-27,2025-03-14,"Maverick Natural Resources, LLC*",,no_match,MAVERICK NATURAL RESOURCES,Diversified Gas & Oil Corporation,,no_match,DIVERSIFIED GAS AND OIL,EIG Global Energy Partners,Acquisition of Whole Company (incl. Majority Stake),1242.103196,458.031196,Completed,Oil and Gas Exploration and Production,USA
SPTRD2127739,2025-01-22,,"Rental Portfolio and Rent-to-Own Platform of Divvy Homes, Inc.",,no_match,RENTAL PORTFOLIO AND RENT TO OWN PLATFORM OF DIVVY HOMES,Maymont Homes Llc,,no_match,MAYMONT HOMES,"Divvy Homes, Inc.",Acquisition of Asset or Branch,1000.0,1000.0,Announced,Unclassified,USA
SPTRD2127187,2025-01-20,2025-06-13,Edge Autonomy Operations LLC*,,no_match,EDGE AUTONOMY OPERATIONS,Redwire Corporation,RDW,normalized_exact,REDWIRE,"AE Industrial Partners, LP",Acquisition of Whole Company (incl. Majority Stake),1162.020343,1162.020343,Completed,Aerospace and Defense,USA
SPTRD2126332,2025-01-15,2025-04-29,"Beacon Roofing Supply, Inc.",,no_match,BEACON ROOFING SUPPLY,"QXO, Inc.",QXO,normalized_exact,QXO,FMR LLC,Acquisition of Whole Company (incl. Majority Stake),11496.739514,7895.939514,Completed,Trading Companies and Distributors,USA
SPTRD2126177,2025-01-14,2025-07-01,Evident Inspection Technologies,,no_match,EVIDENT INSPECTION TECHNOLOGIES,Westinghouse Air Brake Technologies Corporation,WAB,normalized_exact,WESTINGHOUSE AIR BRAKE TECHNOLOGIES,Evident Corporation,Acquisition of Asset or Branch,1780.0,1780.0,Completed,Unclassified,USA
SPTRD2125835,2025-01-13,2025-08-14,Cohen Circle Acquisition Corp. I,,no_match,COHEN CIRCLE ACQUISITION I,Kyivstar Group Ltd.,KYIV,normalized_exact,KYIVSTAR,Investor Group,Acquisition of Whole Company (incl. Majority Stake),2671.012987,2671.012987,Completed,Asset Management,USA
SPTRD2125772,2025-01-13,2025-04-21,"Enfusion, Inc.",,no_match,ENFUSION,"Clearwater Analytics Holdings, Inc.",CWAN,normalized_exact,CLEARWATER ANALYTICS,Investor Group,Acquisition of Whole Company (incl. Majority Stake),1434.23457,1442.08457,Completed,Application Software,USA
SPTRD2125746,2025-01-13,2025-02-24,"IDRX, Inc.*",,no_match,IDRX,GSK plc,GSK,normalized_exact,GSK,Investor Group,Acquisition of Whole Company (incl. Majority Stake),1150.0,1150.0,Completed,Pharmaceuticals,USA
SPTRD2125771,2025-01-13,2025-04-02,"Intra-Cellular Therapies, Inc.*",,no_match,INTRA CELLULAR THERAPIES,Johnson & Johnson Innovative Medicine,,no_match,JOHNSON AND JOHNSON INNOVATIVE MEDICINE,Investor Group,Acquisition of Whole Company (incl. Majority Stake),13653.57476,14637.65976,Completed,Pharmaceuticals,USA
SPTRD2125851,2025-01-13,2025-03-31,"Scorpion Therapeutics, Inc.*",,no_match,SCORPION THERAPEUTICS,Eli Lilly and Company,LLY,normalized_exact,ELI LILLY AND,Investor Group,Acquisition of Whole Company (incl. Majority Stake),2500.0,,Completed,Biotechnology,USA
SPTRD2125595,2025-01-10,2026-01-07,Calpine Corporation,,no_match,CALPINE,"Constellation Energy Generation, LLC",,no_match,CONSTELLATION ENERGY GENERATION,Investor Group,Acquisition of Whole Company (incl. Majority Stake),34929.0,22229.0,Completed,Independent Power Producers and Energy Traders,USA
SPTRD2125461,2025-01-09,2025-06-05,"AEP Indiana Michigan Transmission Company, Inc./AEP Ohio Transmission Company, I",,no_match,AEP INDIANA MICHIGAN TRANSMISSION OHIO TRANSMISSION I,Investor Group,,no_match,INVESTOR,"American Electric Power Company, Inc.",Acquisition of Minority Stake,2820.0,2820.0,Completed,Electric Utilities,USA
SPTRD2124712,2025-01-07,2025-04-14,"Paycor HCM, Inc.",,no_match,PAYCOR HCM,"Paychex, Inc.",PAYX,normalized_exact,PAYCHEX,"Pride Aggregator, LP",Acquisition of Whole Company (incl. Majority Stake),4116.200643,4218.004643,Completed,Human Resource and Employment Services,USA
SPTRD2124591,2025-01-06,2025-04-01,"EPIC Y-Grade, LP/ EPIC Y-Grade GP, LLC",,no_match,EPIC Y GRADE EPIC Y GRADE GP,Phillips 66 Company,PSX,normalized_exact,PHILLIPS 66,Investor Group,Acquisition of Whole Company (incl. Majority Stake),2200.0,2200.0,Completed,Oil and Gas Storage and Transportation,USA
SPTRD2124482,2025-01-06,2025-02-19,"Inari Medical, Inc.*",,no_match,INARI MEDICAL,Stryker Corporation,SYK,normalized_exact,STRYKER,"USVP Management Company, LLC",Acquisition of Whole Company (incl. Majority Stake),4808.82711,4887.64111,Completed,Health Care Equipment,USA
SPTRD2124169,2025-01-01,2025-01-01,13.9m sq ft US Logistics Portfolio Consists of 48 Buildings and 5 Land Plots,,no_match,13 9M SQ FT US LOGISTICS PORTFOLIO CONSISTS OF 48 BUILDINGS AND 5 LAND PLOTS,Norges Bank Investment Management,,no_match,NORGES BANK INVESTMENT MANAGEMENT,Canada Pension Plan Investment Board,Acquisition of Asset or Branch,1070.0,1070.0,Completed,Unclassified,USA
SPTRD2122538,2024-12-23,2025-12-30,PineBridge Investments Holdings US LLC,,no_match,PINEBRIDGE INVESTMENTS US,"MetLife Investment Management, LLC",,no_match,METLIFE INVESTMENT MANAGEMENT,Pacific Century Group Holdings Limited,Acquisition of Whole Company (incl. Majority Stake),1200.0,1200.0,Completed,Asset Management,USA
SPTRD2122494,2024-12-22,2025-06-30,"Lexmark International II, LLC",,no_match,LEXMARK INTERNATIONAL II,Xerox Corporation,XRX,normalized_exact,XEROX,Investor Group,Acquisition of Whole Company (incl. Majority Stake),1500.0,,Completed,Technology Distributors,USA
SPTRD2124180,2024-12-19,2025-04-29,"Liberty TripAdvisor Holdings, Inc.",,no_match,LIBERTY TRIPADVISOR,"Tripadvisor, Inc.",TRIP,normalized_exact,TRIPADVISOR,Investor Group,Acquisition of Whole Company (incl. Majority Stake),2115.414544,431.414544,Completed,Interactive Media and Services,USA
SPTRD2121795,2024-12-18,2025-04-01,Thermoformed and Flexibles Packaging Business of Sonoco Products Company,,no_match,THERMOFORMED AND FLEXIBLES PACKAGING BUSINESS OF SONOCO PRODUCTS,TOPPAN Holdings Inc.,,no_match,TOPPAN,Sonoco Products Company,Acquisition of Asset or Branch,1800.0,1800.0,Completed,Packaging and Materials: Paper and Plastic,USA
SPTRD2120507,2024-12-13,2025-04-02,Gulf of Mexico Business Held By CNOOC Energy Holdings U.S.A. Inc.,,no_match,GULF OF MEXICO BUSINESS HELD BY CNOOC ENERGY U S A,Ineos Energy Trading Limited,,no_match,INEOS ENERGY TRADING,CNOOC Energy Holdings U.S.A. Inc.,Acquisition of Asset or Branch,2000.0,2000.0,Completed,Unclassified,USA
SPTRD2119410,2024-12-11,2025-04-01,"Nitel, Inc.",,no_match,NITEL,Comcast Corporation,CMCSA,normalized_exact,COMCAST,Cinven Limited,Acquisition of Whole Company (incl. Majority Stake),1300.0,1300.0,Completed,IT Consulting and Other Services,USA
SPTRD2119316,2024-12-11,2025-04-17,"Patterson Companies, Inc.*",,no_match,PATTERSON,"Patient Square Capital, LP",,no_match,PATIENT SQUARE CAPITAL,Investor Group,Acquisition of Whole Company (incl. Majority Stake),3566.615147,2823.819147,Completed,Health Care Distributors,USA
SPTRD2119225,2024-12-10,,Arogo Capital Acquisition Corp.,,no_match,AROGO CAPITAL ACQUISITION,"Bangkok Tellink Co., Ltd",,no_match,BANGKOK TELLINK,Investor Group,Acquisition of Whole Company (incl. Majority Stake),1105.0,1105.0,Announced,Asset Management,USA
SPTRD2119071,2024-12-10,2025-04-17,MoneyLion Inc.,,no_match,MONEYLION,Gen Digital Inc.,GEN,normalized_exact,GEN DIGITAL,,Acquisition of Whole Company (incl. Majority Stake),1312.23708,1312.23708,Completed,Digital Lending,USA
SPTRD2118794,2024-12-09,2025-08-18,"AssuredPartners, Inc.*",,no_match,ASSUREDPARTNERS,Arthur J. Gallagher & Co.,AJG,normalized_exact,ARTHUR J GALLAGHER AND,Investor Group,Acquisition of Whole Company (incl. Majority Stake),13450.0,13450.0,Completed,Insurance Broker,USA
SPTRD2131380,2024-12-09,2025-05-01,"Dow InfraCo, LLC",,no_match,DOW INFRACO,Macquarie Asset Management Inc.,,no_match,MACQUARIE ASSET MANAGEMENT,Dow Inc.,Acquisition of Minority Stake,2400.0,2400.0,Completed,Gas Utilities,USA
SPTRD2118803,2024-12-09,2025-04-01,Pactiv Evergreen Inc.,,no_match,PACTIV EVERGREEN,"Novolex Holdings, LLC",,no_match,NOVOLEX,Packaging Finance Limited,Acquisition of Whole Company (incl. Majority Stake),6901.112804,3341.112804,Completed,Packaging and Materials: Paper and Plastic,USA
SPTRD2118801,2024-12-09,2025-11-26,"The Interpublic Group of Companies, Inc.",,no_match,INTERPUBLIC OF,Omnicom Group Inc.,OMC,normalized_exact,OMNICOM,Investor Group,Acquisition of Whole Company (incl. Majority Stake),12419.843522,9726.943522,Completed,Advertising,USA
SPTRD2118129,2024-12-04,,Solar Projects Portfolio,,no_match,SOLAR PROJECTS PORTFOLIO,"Apollo Global Management, Inc.",APO,normalized_exact,APOLLO GLOBAL MANAGEMENT,TotalEnergies SE,Acquisition of Asset or Branch,1100.0,1100.0,Announced,Renewable Electricity,USA
SPTRD2117755,2024-12-03,2025-07-01,"HPS Investment Partners, LLC",,no_match,HPS INVESTMENT PARTNERS,"BlackRock, Inc.",BLK,normalized_exact,BLACKROCK,,Acquisition of Whole Company (incl. Majority Stake),14774.725,14374.725,Completed,Asset Management,USA
SPTRD2117828,2024-12-03,2025-01-31,Ridgemar (Eagle Ford) LLC,,no_match,RIDGEMAR,Crescent Energy Finance LLC,,no_match,CRESCENT ENERGY FINANCE,"Ridgemar Energy Operating, LLC",Acquisition of Whole Company (incl. Majority Stake),1084.272736,1084.272736,Completed,Unclassified,USA
SPTRD2117802,2024-12-02,2025-05-08,"Battery Cell Plant located in Lansing, Michigan of Ultium Cells LLC",,no_match,BATTERY CELL PLANT LOCATED IN LANSING MICHIGAN OF ULTIUM CELLS,"LG Energy Solution, Ltd.",,no_match,LG ENERGY SOLUTION,General Motors Company,Acquisition of Asset or Branch,2080.0,2080.0,Completed,Electrical Components and Equipment: Light,USA
SPTRD2117834,2024-12-02,2025-03-30,INEOS Composites Limited*,,no_match,INEOS COMPOSITES,"KPS Capital Partners, LP",,no_match,KPS CAPITAL PARTNERS,Ineos Enterprises Holdings II Limited,Acquisition of Whole Company (incl. Majority Stake),1840.7675387474014,1841.4211435999998,Completed,Commodity Chemicals,USA
SPTRD2116582,2024-11-26,2025-01-07,"Poseida Therapeutics, Inc.*",,no_match,POSEIDA THERAPEUTICS,"Roche Holdings, Inc.",,no_match,ROCHE,Investor Group,Acquisition of Whole Company (incl. Majority Stake),1264.751374,1412.876374,Completed,Biotechnology,USA
SPTRD2116422,2024-11-25,2025-05-01,Bremer Financial Corporation,,no_match,BREMER FINANCIAL,Old National Bancorp,ONB,normalized_exact,NATIONAL BANCORP,,Acquisition of Whole Company (incl. Majority Stake),1347.92856,1347.92856,Completed,Bank,USA
SPTRD2116432,2024-11-25,2025-02-10,"Summit Materials, Inc.",,no_match,SUMMIT MATERIALS,"Quikrete Holdings, Inc.",,no_match,QUIKRETE,Investor Group,Acquisition of Whole Company (incl. Majority Stake),11487.389741,9308.668741,Completed,Construction Materials,USA
SPTRD2116339,2024-11-24,2025-01-31,"EnLink Midstream, LLC",,no_match,ENLINK MIDSTREAM,"ONEOK, Inc.",OKE,normalized_exact,ONEOK,,Acquisition of Whole Company (incl. Majority Stake),9524.33443,3721.93443,Completed,Oil and Gas Storage and Transportation,USA
SPTRD2116223,2024-11-22,2025-05-21,Personal Protective Equipment Business of Honeywell International Inc.*,,no_match,PERSONAL PROTECTIVE EQUIPMENT BUSINESS OF HONEYWELL INTERNATIONAL,"Gloves Buyer, Inc.",,no_match,GLOVES BUYER,Honeywell International Inc.,Acquisition of Asset or Branch,1157.0,,Completed,Office Services and Supplies,USA
SPTRD2115432,2024-11-19,2025-04-30,"Berry Global Group, Inc.",,no_match,BERRY GLOBAL,Amcor plc,AMCR,normalized_exact,AMCOR,Investor Group,Acquisition of Whole Company (incl. Majority Stake),15885.347921,8725.347921,Completed,"Containers and Packaging: Metal, Glass, and Plastic",USA
SPTRD2115439,2024-11-19,2025-05-01,BlueHalo LLC*,,no_match,BLUEHALO,"AeroVironment, Inc.",AVAV,normalized_exact,AEROVIRONMENT,"Arlington Management Employees, LLC",Acquisition of Whole Company (incl. Majority Stake),3434.112062,,Completed,Aerospace and Defense,USA
SPTRD2115631,2024-11-19,2024-12-31,"Guardian Pipeline, L.L.C./Midwestern Gas Transmission Company/Viking Gas Transmi",,no_match,GUARDIAN PIPELINE C GAS TRANSMISSION GAS TRANSMI,"DT Midstream, Inc.",DTM,normalized_exact,DT MIDSTREAM,"ONEOK, Inc.",Acquisition of Whole Company (incl. Majority Stake),1200.0,1200.0,Completed,Oil and Gas Storage and Transportation,USA
SPTRD2114698,2024-11-14,2024-12-18,North American Premium Cat feeding and Pet Treating Business of Whitebridge Pet,,no_match,NORTH AMERICAN PREMIUM CAT FEEDING AND PET TREATING BUSINESS OF WHITEBRIDGE PET,"General Mills, Inc.",GIS,normalized_exact,GENERAL MILLS,"Whitebridge Pet Brands, LLC",Acquisition of Asset or Branch,1450.0,,Completed,Packaged Foods and Meats Producers,USA
SPTRD2114682,2024-11-14,2025-01-22,Substantially All Uinta Basin Assets of Ovintiv Inc.*,,no_match,SUBSTANTIALLY ALL UINTA BASIN ASSETS OF OVINTIV,Investor Group,,no_match,INVESTOR,Ovintiv USA Inc.,Acquisition of Asset or Branch,2000.0,2000.0,Completed,Oil and Gas Exploration and Production,USA
SPTRD2114404,2024-11-13,2025-01-27,"Certain Assets of Avant Natural Resources, LLC",,no_match,CERTAIN ASSETS OF AVANT NATURAL RESOURCES,Coterra Energy Operating Co,,no_match,COTERRA ENERGY OPERATING,"Avant Natural Resources, LLC",Acquisition of Asset or Branch,1450.0,1450.0,Completed,Unclassified,USA
SPTRD2114389,2024-11-13,2025-01-27,"Franklin Mountain Energy, LLC",,no_match,FRANKLIN MOUNTAIN ENERGY,Coterra Energy Operating Co,,no_match,COTERRA ENERGY OPERATING,Franklin Mountain Energy Holdings LP,Acquisition of Whole Company (incl. Majority Stake),2729.770724,2729.770724,Completed,Oil and Gas Exploration and Production,USA
SPTRD2113917,2024-11-11,2025-04-01,"North Coast Medical Supply, LLC*",,no_match,NORTH COAST MEDICAL SUPPLY,"Cardinal Health, Inc.",CAH,normalized_exact,CARDINAL HEALTH,"Court Square Capital Management, L.P.",Acquisition of Whole Company (incl. Majority Stake),1100.0,1100.0,Completed,Other Specialty Retail,USA
SPTRD2113889,2024-11-11,2025-01-30,"The GI Alliance Management, LLC*",,no_match,GI ALLIANCE MANAGEMENT,"Cardinal Health, Inc.",CAH,normalized_exact,CARDINAL HEALTH,"Apollo Global Management, Inc.",Acquisition of Whole Company (incl. Majority Stake),2800.0,2800.0,Completed,Managed Health Care,USA
SPTRD2113436,2024-11-07,2026-01-13,Select spectrum,,no_match,SELECT SPECTRUM,"New Cingular Wireless PCS, LLC",,no_match,CINGULAR WIRELESS PCS,United States Cellular Corporation,Acquisition of Asset or Branch,1018.043717,1018.043717,Completed,Wireless Telecommunication Services,USA
SPTRD2114060,2024-11-06,2024-11-06,"6,000-unit Portfolio of 60 Affordable Housing Communities",,no_match,6 000 UNIT PORTFOLIO OF 60 AFFORDABLE HOUSING COMMUNITIES,Standard Communities,,no_match,STANDARD COMMUNITIES,Undisclosed Seller,Acquisition of Asset or Branch,1000.002,1000.002,Completed,Unclassified,USA
SPTRD2113074,2024-11-06,2025-02-05,"Avid Bioservices, Inc.*",,no_match,AVID BIOSERVICES,Investor Group,,no_match,INVESTOR,Investor Group,Acquisition of Whole Company (incl. Majority Stake),1036.641197,864.736197,Completed,Biotechnology,USA
SPTRD2113127,2024-11-06,2025-02-12,Retail Opportunity Investments Corp.,,no_match,RETAIL OPPORTUNITY INVESTMENTS,Investor Group,,no_match,INVESTOR,,Acquisition of Whole Company (incl. Majority Stake),3792.846278,2361.522278,Completed,Retail REIT,USA
SPTRD2112956,2024-11-06,2025-01-02,Retina Consultants of America*,,no_match,RETINA CONSULTANTS OF AMERICA,"Cencora, Inc.",COR,normalized_exact,CENCORA,"Webster Equity Partners, L.P.",Acquisition of Whole Company (incl. Majority Stake),5427.732,5123.505,Completed,Health Care Services,USA
SPTRD2112649,2024-11-05,2025-03-12,"Aspen Technology, Inc.",,no_match,ASPEN TECHNOLOGY,Emerson Electric Co.,EMR,normalized_exact,EMERSON ELECTRIC,Elliott Investment Management L.P.,Acquisition of Minority Stake,7350.578411,7350.578411,Completed,Application Software,USA
SPTRD2112313,2024-11-04,2025-04-11,"Air Transport Services Group, Inc.",,no_match,AIR TRANSPORT SERVICES,Stonepeak Partners LP,,no_match,STONEPEAK PARTNERS,Investor Group,Acquisition of Whole Company (incl. Majority Stake),3072.454306,3101.587306,Completed,Air Freight and Logistics,USA
SPTRD2134245,2024-11-04,2024-12-20,Certain Midland Basin assets,,no_match,CERTAIN MIDLAND BASIN ASSETS,"Diamondback Energy, Inc.",FANG,normalized_exact,DIAMONDBACK ENERGY,"TRP Energy, LLC",Acquisition of Asset or Branch,1351.0,,Completed,Oil and Gas Exploration and Production,USA
SPTRD2113723,2024-11-04,2025-08-01,"Northwest Fiber, LLC",,no_match,NORTHWEST FIBER,"Bell Canada, Inc.",,no_match,BELL CANADA,Investor Group,Acquisition of Whole Company (incl. Majority Stake),5085.8,3650.0,Completed,Alternative Carriers,USA
SPTRD2116059,2024-10-31,2024-10-31,Kate Therapeutics Inc.*,,no_match,KATE THERAPEUTICS,Novartis AG,NVS,normalized_exact,NOVARTIS,Investor Group,Acquisition of Whole Company (incl. Majority Stake),1163.0,1127.0,Completed,Biotechnology,USA
SPTRD2111694,2024-10-30,2024-12-16,"AdvancedMD, Inc.",,no_match,ADVANCEDMD,"Francisco Partners Management, L.P.",,no_match,FRANCISCO PARTNERS MANAGEMENT,Global Payments Inc.,Acquisition of Whole Company (incl. Majority Stake),1125.0,1125.0,Completed,Health Care Technology,USA
SPTRD2111718,2024-10-30,2025-03-26,Altair Engineering Inc.,,no_match,ALTAIR ENGINEERING,Siemens Product Lifecycle Management Software Inc.,,no_match,SIEMENS PRODUCT LIFECYCLE MANAGEMENT SOFTWARE,Investor Group,Acquisition of Whole Company (incl. Majority Stake),10138.632114,10671.407114,Completed,Application Software,USA
SPTRD2118691,2024-10-29,2024-12-31,Non-Operated Natural Gas Assets,,no_match,NON OPERATED NATURAL GAS ASSETS,Investor Group,,no_match,INVESTOR,EQT Corporation,Acquisition of Asset or Branch,1250.0,1250.0,Completed,Oil and Gas Exploration and Production,USA
SPTRD2111133,2024-10-28,2024-12-11,"Aliada Therapeutics, Inc.*",,no_match,ALIADA THERAPEUTICS,AbbVie Inc.,ABBV,normalized_exact,ABBVIE,Investor Group,Acquisition of Whole Company (incl. Majority Stake),1400.0,1400.0,Completed,Biotechnology,USA
SPTRD2111117,2024-10-28,2025-03-03,LSF11 A5 TopCo LLC*,,no_match,LSF11 A5 TOPCO,"Nippon Paint Holdings Co., Ltd.",,no_match,NIPPON PAINT,"Lone Star Americas Acquisitions, Inc.",Acquisition of Whole Company (incl. Majority Stake),4240.0,2194.0,Completed,Commodity Chemicals,USA
SPTRD2110725,2024-10-24,2025-01-01,"QSC, LLC",,no_match,QSC,"Acuity Brands Technology Services, Inc.",,no_match,ACUITY BRANDS TECHNOLOGY SERVICES,"QSC Holdings, Inc.",Acquisition of Whole Company (incl. Majority Stake),1215.0,1215.0,Completed,Consumer Electronics Producers,USA
SPTRD2110449,2024-10-23,2024-10-23,"Modifi Biosciences, Inc.*",,no_match,MODIFI BIOSCIENCES,"Merck & Co., Inc.",MRK,normalized_exact,MERCK AND,Investor Group,Acquisition of Whole Company (incl. Majority Stake),1330.0,1330.0,Completed,Biotechnology,USA
SPTRD2144862,2024-10-22,2025-03-31,Monroe Capital LLC,,no_match,MONROE CAPITAL,Investor Group,,no_match,INVESTOR,"P10, Inc.",Acquisition of Whole Company (incl. Majority Stake),1435.0,1435.0,Completed,Asset Management,USA
SPTRD2110492,2024-10-21,2025-02-04,"Bridge Ventures, Inc.",,no_match,BRIDGE VENTURES,"Stripe, Inc.",,no_match,STRIPE,Investor Group,Acquisition of Whole Company (incl. Majority Stake),1100.0,1100.0,Completed,Application Software,USA
SPTRD2110009,2024-10-21,2025-04-01,"Sandy Spring Bancorp, Inc.",,no_match,SANDY SPRING BANCORP,Atlantic Union Bankshares Corporation,AUB,normalized_exact,ATLANTIC UNION BANKSHARES,,Acquisition of Whole Company (incl. Majority Stake),1283.741355,1283.741355,Completed,Bank,USA
SPTRD2109802,2024-10-18,2026-06-01,Spectrum Assets,,no_match,SPECTRUM ASSETS,Verizon Communications Inc.,VZ,normalized_exact,VERIZON COMMUNICATIONS,United States Cellular Corporation,Acquisition of Asset or Branch,1000.0,1000.0,Completed,Wireless Telecommunication Services,USA
SPTRD2109742,2024-10-17,2024-12-10,"CareBridge Medical Group, P.C.*",,no_match,CAREBRIDGE MEDICAL C,Carelon,,no_match,CARELON,Investor Group,Acquisition of Whole Company (incl. Majority Stake),2700.0,2700.0,Completed,Health Care Services,USA
SPTRD2109609,2024-10-17,2025-02-14,"Zuora, Inc.*",,no_match,ZUORA,Investor Group,,no_match,INVESTOR,Investor Group,Acquisition of Whole Company (incl. Majority Stake),1527.85833,1679.36733,Completed,Application Software,USA
SPTRD2129275,2024-10-15,2024-10-15,"WorkForce Software, LLC",,no_match,WORKFORCE SOFTWARE,"Automatic Data Processing, Inc.",ADP,normalized_exact,AUTOMATIC DATA PROCESSING,,Acquisition of Whole Company (incl. Majority Stake),1160.6,1173.1,Completed,Application Software,USA
SPTRD2108757,2024-10-14,2024-12-02,"Longboard Pharmaceuticals, Inc.*",,no_match,LONGBOARD PHARMACEUTICALS,Langkawi Corporation,,no_match,LANGKAWI,HBM Partners Ltd.,Acquisition of Whole Company (incl. Majority Stake),2364.726164,2649.438164,Completed,Pharmaceuticals,USA
SPTRD2108108,2024-10-08,2025-03-01,"International Business of GLP Capital Partners, Inc.",,no_match,INTERNATIONAL BUSINESS OF GLP CAPITAL PARTNERS,Ares Management Corporation,ARES,normalized_exact,ARES MANAGEMENT,"GLP Capital Partners, Inc.",Acquisition of Asset or Branch,5447.516827,5447.516827,Completed,Asset Management,USA
SPTRD2108825,2024-10-07,2025-01-27,Barnes Group Inc.,,no_match,BARNES,"Apollo Global Management, Inc.",APO,normalized_exact,APOLLO GLOBAL MANAGEMENT,,Acquisition of Whole Company (incl. Majority Stake),3528.649927,2457.887927,Completed,Machinery and Supplies and Components: Industrial,USA
SPTRD2107402,2024-10-06,2024-12-23,"The Duckhorn Portfolio, Inc.*",,no_match,DUCKHORN PORTFOLIO,Butterfly Equity LP,,no_match,BUTTERFLY EQUITY,Investor Group,Acquisition of Whole Company (incl. Majority Stake),1645.844663,1645.844663,Completed,Distillers and Vintners,USA
SPTRD2128507,2024-10-04,2025-01-03,"Revelyst, Inc.*",,no_match,REVELYST,"Strategic Value Partners, LLC",,no_match,STRATEGIC VALUE PARTNERS,Vista Outdoor Inc.,Acquisition of Whole Company (incl. Majority Stake),1125.0,1125.0,Completed,Leisure Products Producers,USA
SPTRD2106345,2024-10-01,2025-01-17,"Garza Food Ventures, LLC*",,no_match,GARZA FOOD VENTURES,"PepsiCo, Inc.",PEP,normalized_exact,PEPSICO,"Stripes, LLC",Acquisition of Whole Company (incl. Majority Stake),1200.0,1200.0,Completed,Packaged Foods and Meats Producers,USA
SPTRD2106192,2024-09-30,,An exclusive worldwide license to certain Prime Editing technology of Prime Medi,,no_match,AN EXCLUSIVE WORLDWIDE LICENSE TO CERTAIN PRIME EDITING TECHNOLOGY OF PRIME MEDI,"Juno Therapeutics, Inc.",,no_match,JUNO THERAPEUTICS,"Prime Medicine, Inc.",Acquisition of Asset or Branch,3555.0,3555.0,Announced,Unclassified,USA
SPTRD2106136,2024-09-30,2025-07-02,DIRECTV Entertainment Holdings LLC*,,no_match,DIRECTV ENTERTAINMENT,"TPG Capital, L.P. /  TPG Partners IX, L.P.",,no_match,TPG CAPITAL TPG PARTNERS IX,AT&T Inc.,Acquisition of Whole Company (incl. Majority Stake),2500.0,2500.0,Completed,Cable and Satellite,USA
SPTRD2106049,2024-09-30,2024-12-23,"Exclusive Rights To Lease, Operate and Manage 6,339 Wireless Communications Towe",,no_match,EXCLUSIVE RIGHTS TO LEASE OPERATE AND MANAGE 6 339 WIRELESS COMMUNICATIONS TOWE,"Vertical Bridge Holdings, LLC",,no_match,VERTICAL BRIDGE,Verizon Communications Inc.,Acquisition of Asset or Branch,3300.0,3300.0,Completed,Wireless Telecommunication Services,USA
SPTRD2106131,2024-09-30,2024-11-15,"Mcgriff Insurance Services, LLC*",,no_match,MCGRIFF INSURANCE SERVICES,Marsh & McLennan Agency LLC,,no_match,MARSH AND MCLENNAN AGENCY,"Truist Insurance Holdings, LLC",Acquisition of Whole Company (incl. Majority Stake),7750.0,7750.0,Completed,Insurance Broker,USA
SPTRD2106097,2024-09-27,,"PDV Holding, Inc.",,no_match,PDV,Amber Energy Inc.,,no_match,AMBER ENERGY,"Petróleos de Venezuela, S.A.",Acquisition of Whole Company (incl. Majority Stake),7286.0,,Announced,Oil and Gas Refining and Marketing,USA
SPTRD2105336,2024-09-24,2025-01-22,Smartsheet Inc.,,no_match,SMARTSHEET,Investor Group,,no_match,INVESTOR,,Acquisition of Whole Company (incl. Majority Stake),7282.993023,7946.319023,Completed,Application Software,USA
SPTRD2104979,2024-09-23,,Liberty Broadband Corporation,LBRDA,normalized_exact,LIBERTY BROADBAND,"Charter Communications, Inc.",CHTR,normalized_exact,CHARTER COMMUNICATIONS,,Acquisition of Whole Company (incl. Majority Stake),17098.441913,13256.441913,Announced,Cable and Satellite,USA
SPTRD2104622,2024-09-20,2024-12-02,"Integrated Oncology Network, LLC*",,no_match,INTEGRATED ONCOLOGY NETWORK,"Cardinal Health, Inc.",CAH,normalized_exact,CARDINAL HEALTH,"Silver Oak Services Partners, LLC",Acquisition of Whole Company (incl. Majority Stake),1115.0,1115.0,Completed,Health Care Services,USA
SPTRD2103630,2024-09-16,2024-10-30,"Azure Summit Technology, Inc.",,no_match,AZURE SUMMIT TECHNOLOGY,"CACI, Inc. - Federal",,no_match,CACI FEDERAL,,Acquisition of Whole Company (incl. Majority Stake),1275.0,1275.0,Completed,Aerospace and Defense,USA
SPTRD2103439,2024-09-12,2024-12-31,PGC Holdings Corp.,,no_match,PGC,Sentry Insurance Company,,no_match,SENTRY INSURANCE,American Family Insurance Group,Acquisition of Whole Company (incl. Majority Stake),1100.0,1100.0,Completed,Property and Casualty,USA
SPTRD2103235,2024-09-12,2024-12-20,"Recorded Future, Inc.",,no_match,RECORDED FUTURE,Mastercard Incorporated,MA,normalized_exact,MASTERCARD,"Insight Venture Management, LLC",Acquisition of Whole Company (incl. Majority Stake),2650.0,2650.0,Completed,Systems Software,USA
SPTRD2101610,2024-09-05,2026-01-20,"Frontier Communications Parent, Inc.",,no_match,FRONTIER COMMUNICATIONS PARENT,Verizon Communications Inc.,VZ,normalized_exact,VERIZON COMMUNICATIONS,,Acquisition of Whole Company (incl. Majority Stake),21473.6665,9791.6665,Completed,Integrated Telecommunication Services,USA
SPTRD2101773,2024-09-05,2024-11-18,OwnCompany Inc.*,,no_match,OWNCOMPANY,"Salesforce, Inc.",CRM,normalized_exact,SALESFORCE,"Insight Venture Management, LLC",Acquisition of Whole Company (incl. Majority Stake),1931.0,1931.0,Completed,Systems Software,USA
SPTRD2101452,2024-09-04,2025-05-20,"Nordstrom, Inc.",,no_match,NORDSTROM,"El Puerto de Liverpool, S.A.B. de C.V.",,no_match,EL PUERTO LIVERPOOL S A B C V,Investor Group,Acquisition of Whole Company (incl. Majority Stake),5895.423218,2647.423218,Completed,Broadline Retail,USA
SPTRD2101237,2024-09-03,2024-12-11,Orora Packaging Solutions*,,no_match,ORORA PACKAGING SOLUTIONS,Veritiv Corporation,,no_match,VERITIV,Orora Limited,Acquisition of Whole Company (incl. Majority Stake),1200.0,,Completed,Packaging and Materials: Paper and Plastic,USA
SPTRD2100455,2024-08-28,2024-10-15,"EnLink Midstream, LLC",,no_match,ENLINK MIDSTREAM,"ONEOK, Inc.",OKE,normalized_exact,ONEOK,"Global Infrastructure Management, LLC",Acquisition of Minority Stake,2997.927382,2997.927382,Completed,Oil and Gas Storage and Transportation,USA
SPTRD2100414,2024-08-28,2024-10-31,"Medallion Midstream, LLC",,no_match,MEDALLION MIDSTREAM,"ONEOK, Inc.",OKE,normalized_exact,ONEOK,"Global Infrastructure Management, LLC",Acquisition of Whole Company (incl. Majority Stake),2434.3,2434.3,Completed,Oil and Gas Storage and Transportation,USA
SPTRD2098629,2024-08-26,2025-06-03,"Community Oncology Revitalization Enterprise Ventures, LLC",,no_match,COMMUNITY ONCOLOGY REVITALIZATION ENTERPRISE VENTURES,"US Oncology, Inc.",,no_match,US ONCOLOGY,"Florida Cancer Specialists & Research Institute, LLC",Acquisition of Whole Company (incl. Majority Stake),2490.0,2490.0,Completed,Health Care Technology,USA
SPTRD2098298,2024-08-22,2024-11-01,"WORLDPAC, Inc.",,no_match,WORLDPAC,The Carlyle Group Inc.,CG,normalized_exact,CARLYLE,"Advance Auto Parts, Inc.",Acquisition of Whole Company (incl. Majority Stake),1500.0,1500.0,Completed,Other Distributors,USA
SPTRD2098141,2024-08-21,2025-01-14,"Arch Resources, Inc.",,no_match,ARCH RESOURCES,CONSOL Energy Inc.,,no_match,CONSOL ENERGY,,Acquisition of Whole Company (incl. Majority Stake),2561.181347,2679.855347,Completed,Steel,USA
SPTRD2098036,2024-08-21,2024-10-07,Vector Group Ltd.,,no_match,VECTOR,Japan Tobacco Inc.,,no_match,JAPAN TOBACCO,Investor Group,Acquisition of Whole Company (incl. Majority Stake),3255.625705,2401.152705,Completed,Tobacco Producers,USA
SPTRD2097677,2024-08-19,2025-06-29,GetGo Café + Markets,,no_match,GETGO CAF MARKETS,Alimentation Couche-Tard Inc.,,no_match,ALIMENTATION COUCHE TARD,"Giant Eagle, Inc.",Acquisition of Whole Company (incl. Majority Stake),1600.0,1600.0,Completed,Food Retail,USA
SPTRD2097648,2024-08-19,2025-03-31,"ZT Group Intl, Inc.",,no_match,ZT INTL,"Advanced Micro Devices, Inc.",AMD,normalized_exact,ADVANCED MICRO DEVICES,Investor Group,Acquisition of Whole Company (incl. Majority Stake),4900.0,,Completed,"Technology Hardware, Storage and Peripherals",USA
SPTRD2097521,2024-08-16,2024-08-16,"Real Estate Property of 1,641-room Hyatt Regency Orlando and Adjacent 45 Acres L",,no_match,REAL ESTATE PROPERTY OF 1 641 ROOM HYATT REGENCY ORLANDO AND ADJACENT 45 ACRES,Investor Group,,no_match,INVESTOR,Hyatt Hotels Corporation,Acquisition of Asset or Branch,1120.0,1120.0,Completed,Real Estate Operating and Management,USA
SPTRD2097552,2024-08-16,2025-08-22,"iconectiv, LLC*",,no_match,ICONECTIV,"Koch Equity Development, LLC",,no_match,KOCH EQUITY DEVELOPMENT,Telefonaktiebolaget LM Ericsson (publ),Acquisition of Whole Company (incl. Majority Stake),1000.0,1000.0,Completed,Application Software,USA
SPTRD2097197,2024-08-15,2024-12-01,Commercial and Residential Fire Business of Carrier Global Corporation*,,no_match,COMMERCIAL AND RESIDENTIAL FIRE BUSINESS OF CARRIER GLOBAL,"Lone Star Americas Acquisitions, Inc.",,no_match,LONE STAR AMERICAS ACQUISITIONS,Carrier Global Corporation,Acquisition of Asset or Branch,2900.0,2900.0,Completed,Security and Alarm Services,USA
SPTRD2097227,2024-08-15,2024-10-03,"Transact Campus, Inc.*",,no_match,TRANSACT CAMPUS,"The CBORD Group, Inc.",,no_match,CBORD,"Reverence Capital Partners, L.P.",Acquisition of Whole Company (incl. Majority Stake),1600.0,1600.0,Completed,Application Software,USA
SPTRD2096964,2024-08-14,2024-10-08,"Cheney Bros., Inc.*",,no_match,CHENEY BROS,Performance Food Group Company,PFGC,normalized_exact,PERFORMANCE FOOD,"Clayton, Dubilier & Rice, LLC",Acquisition of Whole Company (incl. Majority Stake),2095.0,,Completed,Food Distributors,USA
SPTRD2096965,2024-08-14,2025-12-11,Kellanova,,no_match,KELLANOVA,"Mars, Incorporated",,no_match,MARS,Investor Group,Acquisition of Whole Company (incl. Majority Stake),35611.006306,29533.006306,Completed,Packaged Foods and Meats Producers,USA
SPTRD2096956,2024-08-13,2025-04-01,Employer Voluntary Benefits business of The Allstate Corporation,,no_match,EMPLOYER VOLUNTARY BENEFITS BUSINESS OF ALLSTATE,"StanCorp Financial Group, Inc.",,no_match,STANCORP FINANCIAL,The Allstate Corporation,Acquisition of Whole Company (incl. Majority Stake),2000.0,2000.0,Completed,Life and Health,USA
SPTRD2096675,2024-08-12,2024-10-01,"POWER Engineers, Incorporated",,no_match,POWER ENGINEERS,WSP Global Inc.,,no_match,WSP GLOBAL,,Acquisition of Whole Company (incl. Majority Stake),1780.0,1780.0,Completed,Construction and Engineering,USA
SPTRD2096134,2024-08-07,2024-09-17,"CompoSecure, Inc.",,no_match,COMPOSECURE,"Resolute Holdings I, LP",,no_match,RESOLUTE I,,Acquisition of Whole Company (incl. Majority Stake),1188.115588,372.142588,Completed,"Technology Hardware, Storage and Peripherals",USA
SPTRD2095861,2024-08-07,2024-10-25,"PetIQ, Inc.*",,no_match,PETIQ,Bansk Group LLC,,no_match,BANSK,Investor Group,Acquisition of Whole Company (incl. Majority Stake),1361.280885,982.477885,Completed,Health Care Distributors,USA
SPTRD2095516,2024-08-06,2024-09-30,Cloud-based digital banking business of NCR Voyix Corporation*,,no_match,CLOUD BASED DIGITAL BANKING BUSINESS OF NCR VOYIX,"Veritas Capital Fund Management, L.L.C",,no_match,VERITAS CAPITAL FUND MANAGEMENT C,NCR Voyix Corporation,Acquisition of Asset or Branch,2550.0,2550.0,Completed,Banking Technology,USA
SPTRD2095190,2024-08-05,2024-09-30,"1.1 million metric tonnes Clean Ammonia project under construction in Beaumont,",,no_match,1 1 MILLION METRIC TONNES CLEAN AMMONIA PROJECT UNDER CONSTRUCTION IN BEAUMONT,Woodside Energy Group Ltd,WDS,normalized_exact,WOODSIDE ENERGY,OCI N.V.,Acquisition of Asset or Branch,2366.0,2370.0,Completed,Fertilizers and Agricultural Chemicals,USA
SPTRD2095404,2024-08-05,2024-12-31,"Cogentrix Energy Power Management, LLC*",,no_match,COGENTRIX ENERGY POWER MANAGEMENT,"Quantum Energy Partners, LLC",,no_match,QUANTUM ENERGY PARTNERS,The Carlyle Group Inc.,Acquisition of Whole Company (incl. Majority Stake),3000.0,3000.0,Completed,Independent Power Producers and Energy Traders,USA
SPTRD2095494,2024-08-05,,"New Mexico Gas Company, Inc.*",,no_match,MEXICO GAS,"Bernhard Capital Partners Management, LP",,no_match,BERNHARD CAPITAL PARTNERS MANAGEMENT,Emera Incorporated,Acquisition of Whole Company (incl. Majority Stake),1752.0,1252.0,Announced,Gas Utilities,USA
SPTRD2094901,2024-08-01,2024-10-01,Construction Materials Business of Stavola Holding Corporation,,no_match,CONSTRUCTION MATERIALS BUSINESS OF STAVOLA,"Arcosa MS9, LLC",,no_match,ARCOSA MS9,Stavola Holding Corporation,Acquisition of Asset or Branch,1200.0,1200.0,Completed,Construction Materials,USA
SPTRD2094656,2024-08-01,2024-09-23,Jnana Therapeutics Inc.*,,no_match,JNANA THERAPEUTICS,"Otsuka America, Inc.",,no_match,OTSUKA AMERICA,Investor Group,Acquisition of Whole Company (incl. Majority Stake),1125.0,1125.0,Completed,Biotechnology,USA
SPTRD2094832,2024-08-01,2024-11-19,R1 RCM Inc.*,,no_match,R1 RCM,Investor Group,,no_match,INVESTOR,,Acquisition of Whole Company (incl. Majority Stake),6702.447007,4555.347007,Completed,Health Care Services,USA
SPTRD2095104,2024-08-01,2024-08-30,"US Assure Insurance Services of Florida, Inc.",,no_match,US ASSURE INSURANCE SERVICES OF FLORIDA,"Ryan Specialty, LLC",RYAN,normalized_exact,RYAN SPECIALTY,,Acquisition of Whole Company (incl. Majority Stake),1183.6,1183.6,Completed,Insurance Broker,USA
SPTRD2107166,2024-07-31,2024-11-01,"Non-Attest Business of Marcum, LLP",,no_match,NON ATTEST BUSINESS OF MARCUM LLP,"CBIZ, Inc.",CBZ,normalized_exact,CBIZ,Marcum LLP,Acquisition of Asset or Branch,2134.992,2134.992,Completed,Research and Consulting Services,USA
SPTRD2094443,2024-07-29,2024-07-29,"Nerio Therapeutics, Inc.*",,no_match,NERIO THERAPEUTICS,Boehringer Ingelheim International GmbH,,no_match,BOEHRINGER INGELHEIM INTERNATIONAL GMBH,Investor Group,Acquisition of Whole Company (incl. Majority Stake),1300.0,1300.0,Completed,Biotechnology,USA
SPTRD2094204,2024-07-29,2025-04-01,"The First Bancshares, Inc.",,no_match,FIRST BANCSHARES,Renasant Corporation,RNST,normalized_exact,RENASANT,,Acquisition of Whole Company (incl. Majority Stake),1076.640363,1076.640363,Completed,Bank,USA
SPTRD2107107,2024-07-27,2025-09-10,Southport Acquisition Corporation,,no_match,SOUTHPORT ACQUISITION,"Angel Studios, Inc",ANGX,normalized_exact,ANGEL STUDIOS,,Acquisition of Whole Company (incl. Majority Stake),1500.0,1500.0,Completed,Asset Management,USA
SPTRD2093967,2024-07-26,2024-09-20,"Assets of Point Energy Partners, LLC",,no_match,ASSETS OF POINT ENERGY PARTNERS,Investor Group,,no_match,INVESTOR,"Point Energy Partners, LLC",Acquisition of Asset or Branch,1000.0,1000.0,Completed,Oil and Gas Equipment and Services,USA
SPTRD2096030,2024-07-26,2025-07-01,Everi Holdings Inc.,,no_match,EVERI,"Apollo Global Management, Inc.",APO,normalized_exact,APOLLO GLOBAL MANAGEMENT,,Acquisition of Whole Company (incl. Majority Stake),1499.835598,1232.722598,Completed,Casinos and Gaming,USA
SPTRD2093881,2024-07-26,2024-11-01,"Fikes Wholesale, Inc./Group Petroleum Services, Inc.",,no_match,FIKES WHOLESALE PETROLEUM SERVICES,"Casey's General Stores, Inc.",,no_match,CASEY S GENERAL STORES,Undisclosed Seller,Acquisition of Whole Company (incl. Majority Stake),1127.512,1165.752,Completed,Unclassified,USA
SPTRD2093863,2024-07-26,2025-02-28,Premier Financial Corp.,,no_match,PREMIER FINANCIAL,"WesBanco, Inc.",WSBC,normalized_exact,WESBANCO,,Acquisition of Whole Company (incl. Majority Stake),1020.368242,1020.368242,Completed,Bank,USA
SPTRD2093709,2024-07-25,2024-11-13,"Instructure Holdings, Inc.",,no_match,INSTRUCTURE,Investor Group,,no_match,INVESTOR,"Thoma Bravo, L.P.",Acquisition of Whole Company (incl. Majority Stake),4603.585394,3630.885394,Completed,Application Software,USA
SPTRD2093698,2024-07-25,2024-10-31,"Residential Mortgage Servicing Business of Flagstar Bank, National Association",,no_match,RESIDENTIAL MORTGAGE SERVICING BUSINESS OF FLAGSTAR BANK NATIONAL ASSOCIATION,Nationstar Mortgage LLC,,no_match,NATIONSTAR MORTGAGE,"New York Community Bancorp, Inc.",Acquisition of Asset or Branch,1300.0,1300.0,Completed,Mortgage Banks and Brokers,USA
SPTRD2093456,2024-07-24,2025-07-24,"MetroNet Holdings, LLC",,no_match,METRONET,Investor Group,,no_match,INVESTOR,"Oak Hill Capital Management, LLC",Acquisition of Whole Company (incl. Majority Stake),4900.0,4900.0,Completed,Alternative Carriers,USA
SPTRD2093331,2024-07-23,2024-11-29,Janney Montgomery Scott LLC*,,no_match,JANNEY MONTGOMERY SCOTT,KKR & Co. Inc.,KKR,normalized_exact,KKR AND,The Penn Mutual Life Insurance Company,Acquisition of Whole Company (incl. Majority Stake),2512.9,1857.9,Completed,"Investment Banks, Brokers and Capital Markets",USA
SPTRD2092849,2024-07-22,2024-11-01,"Clearwater Paper Tissue, LLC / Consumer Product Division Facility Located in Lew",,no_match,CLEARWATER PAPER TISSUE CONSUMER PRODUCT DIVISION FACILITY LOCATED IN LEW,Sofidel America Corporation,,no_match,SOFIDEL AMERICA,Clearwater Paper Corporation,Acquisition of Whole Company (incl. Majority Stake),1060.0,1060.0,Completed,Paper Products,USA
SPTRD2092900,2024-07-22,2024-10-08,Environmental Solutions Group,,no_match,ENVIRONMENTAL SOLUTIONS,Terex Corporation,TEX,normalized_exact,TEREX,Dover Corporation,Acquisition of Whole Company (incl. Majority Stake),2010.0,2010.0,Completed,Machinery and Supplies and Components: Industrial,USA
SPTRD2092792,2024-07-21,2024-10-08,Woodside Energy (LA) Holdings Inc.,WDS,normalized_exact,WOODSIDE ENERGY,Woodside Energy Group Ltd,WDS,normalized_exact,WOODSIDE ENERGY,,Acquisition of Whole Company (incl. Majority Stake),1181.728033,932.421033,Completed,Oil and Gas Exploration and Production,USA
SPTRD2092448,2024-07-18,2025-01-31,Commscope Technologies LLC,,no_match,COMMSCOPE TECHNOLOGIES,Amphenol Corporation,APH,normalized_exact,AMPHENOL,"CommScope Holding Company, Inc.",Acquisition of Whole Company (incl. Majority Stake),2111.2,2111.2,Completed,Communications Equipment,USA
SPTRD2093089,2024-07-17,2024-07-17,"Cupertino Electric, Inc.",,no_match,CUPERTINO ELECTRIC,"Quanta Services, Inc.",PWR,normalized_exact,QUANTA SERVICES,,Acquisition of Whole Company (incl. Majority Stake),1705.0,1705.0,Completed,Construction and Engineering,USA
SPTRD2092208,2024-07-17,2024-11-18,Private student loan portfolio of Discover Financial*,,no_match,PRIVATE STUDENT LOAN PORTFOLIO OF DISCOVER FINANCIAL,Investor Group,,no_match,INVESTOR,Discover Financial Services,Acquisition of Asset or Branch,10800.0,10800.0,Completed,Specialty Finance: Consumer Focused,USA
SPTRD2092115,2024-07-17,2024-10-01,"Supreme Holdings, Inc.",,no_match,SUPREME,EssilorLuxottica Société anonyme,,no_match,ESSILORLUXOTTICA SOCI T ANONYME,V.F. Corporation,Acquisition of Whole Company (incl. Majority Stake),1486.0,1486.0,Completed,Leisure Products Producers,USA
SPTRD2091576,2024-07-12,,Aquaron Acquisition Corp.,,no_match,AQUARON ACQUISITION,"Huture Motors (Shanghai) Co., Ltd.",,no_match,HUTURE MOTORS,Aquaron Investments LLC,Acquisition of Whole Company (incl. Majority Stake),1110.0,1110.0,Announced,Asset Management,USA
SPTRD2091308,2024-07-11,2024-11-25,"Envestnet, Inc.*",,no_match,ENVESTNET,Investor group,,no_match,INVESTOR,Investor group,Acquisition of Whole Company (incl. Majority Stake),4227.639963,4313.629963,Completed,Investment and Capital Markets Technology,USA
SPTRD2090993,2024-07-10,2024-09-30,Liquefied Natural Gas Process Technology and Equipment Business of Air Products,,no_match,LIQUEFIED NATURAL GAS PROCESS TECHNOLOGY AND EQUIPMENT BUSINESS OF AIR PRODUCTS,Honeywell International Inc.,HON,normalized_exact,HONEYWELL INTERNATIONAL,"Air Products and Chemicals, Inc.",Acquisition of Asset or Branch,1837.0,1837.0,Completed,Oil and Gas Equipment and Services,USA
SPTRD2091291,2024-07-10,2024-07-29,"Tallgrass Energy, LP",,no_match,TALLGRASS ENERGY,"Blackstone Infrastructure Partners, L.P.",,no_match,BLACKSTONE INFRASTRUCTURE PARTNERS,"Enagás, S.A.",Acquisition of Minority Stake,1100.0,1100.0,Completed,Oil and Gas Storage and Transportation,USA
SPTRD2090487,2024-07-08,2024-09-27,"Grayson Mill Holdings III, LLC / Grayson Mill Holdings II, LLC*",,no_match,GRAYSON MILL III GRAYSON MILL II,"WPX Energy Williston, LLC",,no_match,WPX ENERGY WILLISTON,EnCap Investments L.P.,Acquisition of Whole Company (incl. Majority Stake),4659.153758,4659.153758,Completed,Unclassified,USA
SPTRD2090516,2024-07-08,2024-08-16,"Morphic Holding, Inc.*",,no_match,MORPHIC,Eli Lilly and Company,LLY,normalized_exact,ELI LILLY AND,Investor Group,Acquisition of Whole Company (incl. Majority Stake),2563.633728,3188.682728,Completed,Biotechnology,USA
SPTRD2090456,2024-07-07,,"National Amusements, Inc.",,no_match,NATIONAL AMUSEMENTS,Investor Group,,no_match,INVESTOR,,Acquisition of Whole Company (incl. Majority Stake),1750.0,1750.0,Announced,Movies and Entertainment,USA
SPTRD2090443,2024-07-07,2025-08-07,Paramount Global*,,no_match,PARAMOUNT GLOBAL,Investor Group,,no_match,INVESTOR,,Acquisition of Minority Stake,4500.0,4500.0,Completed,Broadcasting,USA
SPTRD2090454,2024-07-07,2025-08-07,"Skydance Media, LLC",,no_match,SKYDANCE MEDIA,Paramount Global,,no_match,PARAMOUNT GLOBAL,,Acquisition of Whole Company (incl. Majority Stake),3499.68,3499.68,Completed,Movies and Entertainment,USA
SPTRD2093248,2024-07-04,2024-12-23,Neiman Marcus Group LTD LLC,,no_match,NEIMAN MARCUS,Hudson's Bay Company,,no_match,HUDSON S BAY,Allianz SE,Acquisition of Whole Company (incl. Majority Stake),2650.0,,Completed,Unclassified,USA
SPTRD2089158,2024-07-01,2025-12-08,"Spirit AeroSystems Holdings, Inc.",,no_match,SPIRIT AEROSYSTEMS,The Boeing Company,BA,normalized_exact,BOEING,,Acquisition of Whole Company (incl. Majority Stake),9628.998414,4432.498414,Completed,Aerospace and Defense,USA
SPTRD2088887,2024-06-27,2025-02-28,Infinera Corporation,,no_match,INFINERA,Nokia Oyj,,no_match,NOKIA OYJ,"Oaktree Optical Holdings, L.P.",Acquisition of Whole Company (incl. Majority Stake),2320.704442,1740.319442,Completed,Communications Equipment,USA
SPTRD2088699,2024-06-27,2024-11-04,"Nikaitchuq and Oooguruk Assets in Alaska, US",,no_match,NIKAITCHUQ AND OOOGURUK ASSETS IN ALASKA US,Hilcorp Energy Company,,no_match,HILCORP ENERGY,Eni S.p.A.,Acquisition of Asset or Branch,1000.0,1000.0,Completed,Oil and Gas Exploration and Production,USA
SPTRD2089329,2024-06-27,2024-10-01,"Uinta Basin oil and gas assets of XCL Resources, LLC",,no_match,UINTA BASIN OIL AND GAS ASSETS OF XCL RESOURCES,Investor Group,,no_match,INVESTOR,"XCL Resources, LLC",Acquisition of Asset or Branch,2550.0,2550.0,Completed,Oil and Gas Exploration and Production,USA
SPTRD2088404,2024-06-25,2024-06-25,Portfolio of 18 Multifamily Assets*,,no_match,PORTFOLIO OF 18 MULTIFAMILY ASSETS,KKR & Co. Inc.,KKR,normalized_exact,KKR AND,"Quarterra Multifamily Communities, LLC",Acquisition of Asset or Branch,2100.0,2100.0,Completed,Real Estate Operating and Management,USA
SPTRD2088086,2024-06-23,2024-09-16,"Coyote Logistics, LLC",,no_match,COYOTE LOGISTICS,"RXO, Inc.",RXO,normalized_exact,RXO,Investor Group,Acquisition of Whole Company (incl. Majority Stake),1029.0,1048.0,Completed,Cargo Ground Transportation,USA
SPTRD2087709,2024-06-20,,"Aimei Health Technology Co., Ltd",AFJK,normalized_exact,AIMEI HEALTH TECHNOLOGY,United Hydrogen Group Inc.,,no_match,UNITED HYDROGEN,Investor Group,Acquisition of Whole Company (incl. Majority Stake),1649.738353,1649.738353,Announced,Asset Management,USA
SPTRD2087671,2024-06-20,2024-08-30,Cobham Advanced Electronic Solutions Inc.*,,no_match,COBHAM ADVANCED ELECTRONIC SOLUTIONS,Honeywell International Inc.,HON,normalized_exact,HONEYWELL INTERNATIONAL,"Advent International, L.P.",Acquisition of Whole Company (incl. Majority Stake),1930.0,,Completed,Aerospace and Defense,USA
SPTRD2087223,2024-06-18,2024-09-17,"Silk Road Medical, Inc*",,no_match,SILK ROAD MEDICAL,Boston Scientific Corporation,BSX,normalized_exact,BOSTON SCIENTIFIC,Investor Group,Acquisition of Whole Company (incl. Majority Stake),1173.118136,1260.633136,Completed,Health Care Equipment,USA
SPTRD2087230,2024-06-17,2024-10-03,"The Aaron's Company, Inc.*",,no_match,AARON S,"IQVentures Holdings, LLC",,no_match,IQVENTURES,Investor Group,Acquisition of Whole Company (incl. Majority Stake),1007.729002,340.750002,Completed,Homefurnishing Retail,USA
SPTRD2087049,2024-06-16,2025-01-07,"Fisher Investments, Inc.*",,no_match,FISHER INVESTMENTS,Investor Group,,no_match,INVESTOR,,Acquisition of Minority Stake,3000.0,3000.0,Completed,Asset Management,USA
SPTRD2087004,2024-06-12,2024-09-18,"Ameredev Stateline II, LLC",,no_match,AMEREDEV STATELINE II,Matador Resources Company,MTDR,normalized_exact,MATADOR RESOURCES,EnCap Investments L.P.,Acquisition of Whole Company (incl. Majority Stake),1832.0,1832.0,Completed,Oil and Gas Exploration and Production,USA
SPTRD2086018,2024-06-10,2024-08-26,"Belcan, LLC",,no_match,BELCAN,Cognizant Domestic Holdings Corporation,,no_match,COGNIZANT DOMESTIC,"AE Industrial Partners, LP",Acquisition of Whole Company (incl. Majority Stake),1302.955941,1302.955941,Completed,IT Consulting and Other Services,USA
SPTRD2085811,2024-06-10,2024-09-04,"Diamond Offshore Drilling, Inc.",,no_match,DIAMOND OFFSHORE DRILLING,Noble Corporation plc,NE,normalized_exact,NOBLE,Investor Group,Acquisition of Whole Company (incl. Majority Stake),1997.415588,1500.246588,Completed,Oil and Gas Drilling,USA
SPTRD2085626,2024-06-07,2024-10-01,"PowerSchool Holdings, Inc.*",,no_match,POWERSCHOOL,Investor Group,,no_match,INVESTOR,"Vista Equity Partners Management, LLC",Acquisition of Whole Company (incl. Majority Stake),4006.932671,4006.932671,Completed,Interactive Home Entertainment,USA
SPTRD2085471,2024-06-06,2024-08-13,Copeland LP*,,no_match,COPELAND,Investor Group,,no_match,INVESTOR,Emerson Electric Co.,Acquisition of Minority Stake,3400.0,1500.0,Completed,Machinery and Supplies and Components: Industrial,USA
SPTRD2085117,2024-06-05,2024-09-30,Global Champion Business of Hanesbrands Inc.,,no_match,GLOBAL CHAMPION BUSINESS OF HANESBRANDS,"Authentic Brands Group, LLC",,no_match,AUTHENTIC BRANDS,Hanesbrands Inc.,Acquisition of Asset or Branch,1500.0,1500.0,Completed,"Apparel, Accessories and Luxury Goods",USA
SPTRD2084586,2024-06-03,2024-09-03,Critical Care Product Group of Edwards Lifesciences Corporation,,no_match,CRITICAL CARE PRODUCT OF EDWARDS LIFESCIENCES,"Becton, Dickinson and Company",BDX,normalized_exact,BECTON DICKINSON AND,Edwards Lifesciences Corporation,Acquisition of Asset or Branch,3911.0,3911.0,Completed,Health Care Equipment,USA
SPTRD2084573,2024-06-03,2024-11-04,"Stericycle, Inc.",,no_match,STERICYCLE,"Waste Management, Inc.",WM,normalized_exact,WASTE MANAGEMENT,Investor Group,Acquisition of Whole Company (incl. Majority Stake),7759.110114,5864.310114,Completed,Environmental and Facilities Services,USA
SPTRD2083991,2024-05-29,2024-11-22,Marathon Oil Corporation,,no_match,MARATHON OIL,ConocoPhillips,COP,normalized_exact,CONOCOPHILLIPS,Investor Group,Acquisition of Whole Company (incl. Majority Stake),20758.137663,16146.137663,Completed,Oil and Gas Exploration and Production,USA
SPTRD2083816,2024-05-28,2024-07-15,"WTG Midstream, LLC",,no_match,WTG MIDSTREAM,Energy Transfer LP,ET,normalized_exact,ENERGY TRANSFER,Investor Group,Acquisition of Whole Company (incl. Majority Stake),3100.5,3100.5,Completed,Oil and Gas Storage and Transportation,USA
SPTRD2083972,2024-05-28,2025-08-01,Wireless Operations and Select Spectrum Assets of United States Cellular Corpora,,no_match,WIRELESS OPERATIONS AND SELECT SPECTRUM ASSETS OF UNITED STATES CELLULAR CORPORA,"T-Mobile US, Inc.",TMUS,normalized_exact,T MOBILE US,United States Cellular Corporation,Acquisition of Asset or Branch,4400.0,2700.0,Completed,Wireless Telecommunication Services,USA
SPTRD2083225,2024-05-23,2024-07-18,"AuditBoard, Inc.*",,no_match,AUDITBOARD,HgCapital LLP,,no_match,HGCAPITAL LLP,Battery Ventures,Acquisition of Whole Company (incl. Majority Stake),3000.0,,Completed,Application Software,USA
SPTRD2082954,2024-05-22,2024-07-02,"Human Immunology Biosciences, Inc.*",,no_match,HUMAN IMMUNOLOGY BIOSCIENCES,Biogen Inc.,BIIB,normalized_exact,BIOGEN,Investor Group,Acquisition of Whole Company (incl. Majority Stake),1800.0,1800.0,Completed,Biotechnology,USA
SPTRD2082972,2024-05-22,2024-07-30,TIC Solutions Service Corporation*,,no_match,TIC SOLUTIONS SERVICE,Acuren Corporation,,no_match,ACUREN,American Securities LLC,Acquisition of Whole Company (incl. Majority Stake),1880.0,1880.0,Completed,Research and Consulting Services,USA
SPTRD2082508,2024-05-20,2025-01-01,"Independent Bank Group, Inc.",INDB,normalized_exact,INDEPENDENT BANK,SouthState Corporation,,no_match,SOUTHSTATE,,Acquisition of Whole Company (incl. Majority Stake),2487.261931,2487.261931,Completed,Bank,USA
SPTRD2082489,2024-05-20,2024-10-01,"Venafi, Inc.*",,no_match,VENAFI,CyberArk Software Ltd.,,no_match,CYBERARK SOFTWARE,"Thoma Bravo, L.P.",Acquisition of Whole Company (incl. Majority Stake),1666.351012,1666.351012,Completed,Systems Software,USA
SPTRD2082315,2024-05-16,2024-12-09,"Corebridge Financial, Inc.",CRBG,normalized_exact,COREBRIDGE FINANCIAL,Nippon Life Insurance Company,,no_match,NIPPON LIFE INSURANCE,"American International Group, Inc.",Acquisition of Minority Stake,3866.95514,3866.95514,Completed,Life and Health,USA
SPTRD2096443,2024-05-16,2024-06-30,Portfolio of 23 multifamily assets in the U.S.*,,no_match,PORTFOLIO OF 23 MULTIFAMILY ASSETS IN U S,Brookfield Property Partners L.P.,BPYPP,normalized_exact,BROOKFIELD PROPERTY PARTNERS,"Starwood Capital Operations, LLC",Acquisition of Asset or Branch,1600.0,1600.0,Completed,Real Estate Operating and Management,USA
SPTRD2082449,2024-05-16,2024-06-21,Portfolio of approximately 2000 commercial multi-family real estate loans of Was,,no_match,PORTFOLIO OF APPROXIMATELY 2000 COMMERCIAL MULTI FAMILY REAL ESTATE LOANS OF WAS,"Bank of America, National Association",,no_match,BANK OF AMERICA NATIONAL ASSOCIATION,"WaFd, Inc",Acquisition of Asset or Branch,2574.90625,2574.90625,Completed,Unclassified,USA
SPTRD2082077,2024-05-16,2024-07-30,"SilverBow Resources, Inc.*",,no_match,SILVERBOW RESOURCES,Crescent Energy Company,CRGY,normalized_exact,CRESCENT ENERGY,Investor Group,Acquisition of Whole Company (incl. Majority Stake),2086.99252,1021.76152,Completed,Oil and Gas Exploration and Production,USA
SPTRD2081297,2024-05-13,2024-10-17,"Squarespace, Inc.*",,no_match,SQUARESPACE,Investor Group,,no_match,INVESTOR,Investor Group,Acquisition of Whole Company (incl. Majority Stake),7305.908028,7000.202028,Completed,Internet Services and Infrastructure,USA
SPTRD2080760,2024-05-09,2025-06-30,"PlayAGS, Inc.*",,no_match,PLAYAGS,"Brightstar Capital Partners, L.P.",,no_match,BRIGHTSTAR CAPITAL PARTNERS,Investor Group,Acquisition of Whole Company (incl. Majority Stake),1054.948243,554.570243,Completed,Casinos and Gaming,USA
SPTRD2080116,2024-05-06,2025-12-15,"ALLETE, Inc.",,no_match,ALLETE,Investor Group,,no_match,INVESTOR,,Acquisition of Whole Company (incl. Majority Stake),6553.432385,3903.832385,Completed,Electric Utilities,USA
SPTRD2080088,2024-05-06,2024-09-30,"Synopsys Software Integrity Group, Inc.*",,no_match,SYNOPSYS SOFTWARE INTEGRITY,Investor Group,,no_match,INVESTOR,"Synopsys, Inc.",Acquisition of Whole Company (incl. Majority Stake),2100.0,2100.0,Completed,Application Software,USA
SPTRD2080006,2024-05-05,2024-10-02,"Perficient, Inc.*",,no_match,PERFICIENT,BPEA Private Equity Fund VIII,,no_match,BPEA PRIVATE EQUITY FUND VIII,,Acquisition of Whole Company (incl. Majority Stake),3036.969686,2912.543416,Completed,IT Consulting and Other Services,USA
SPTRD2079588,2024-05-02,2024-05-02,"Mariana Oncology, Inc.*",,no_match,MARIANA ONCOLOGY,Novartis AG,NVS,normalized_exact,NOVARTIS,Investor Group,Acquisition of Whole Company (incl. Majority Stake),1800.0,1900.0,Completed,Biotechnology,USA
SPTRD2079914,2024-05-02,2025-12-31,"WideOpenWest, Inc.",,no_match,WIDEOPENWEST,Investor group,,no_match,INVESTOR,,Acquisition of Whole Company (incl. Majority Stake),1524.03079,460.73079,Completed,Cable and Satellite,USA
SPTRD2079470,2024-04-30,2025-07-17,Reorganized ISA S.A.,,no_match,REORGANIZED ISA S A,SES S.A.,,no_match,SES S A,,Acquisition of Whole Company (incl. Majority Stake),3320.102732256,3320.102732256,Completed,Alternative Carriers,USA
SPTRD2078902,2024-04-29,2024-06-11,"Deciphera Pharmaceuticals, Inc.*",,no_match,DECIPHERA PHARMACEUTICALS,"Ono Pharmaceutical Co., Ltd.",,no_match,ONO PHARMACEUTICAL,Investor Group,Acquisition of Whole Company (incl. Majority Stake),1947.541607,2221.823607,Completed,Biotechnology,USA
SPTRD2078910,2024-04-29,2025-01-31,"Heartland Financial USA, Inc.",,no_match,HEARTLAND FINANCIAL USA,UMB Financial Corporation,UMBF,normalized_exact,UMB FINANCIAL,,Acquisition of Whole Company (incl. Majority Stake),2879.594503,2879.594503,Completed,Bank,USA
SPTRD2078978,2024-04-26,2024-07-31,"U.S. Silica Holdings, Inc.",,no_match,U S SILICA,"Apollo Global Management, Inc.",APO,normalized_exact,APOLLO GLOBAL MANAGEMENT,,Acquisition of Whole Company (incl. Majority Stake),1867.957624,1265.123624,Completed,Oil and Gas Equipment and Services,USA
SPTRD2078542,2024-04-25,2024-09-05,"AssetMark Financial Holdings, Inc.*",,no_match,ASSETMARK FINANCIAL,GTCR LLC,,no_match,GTCR,Investor Group,Acquisition of Whole Company (incl. Majority Stake),2749.682383,2749.682383,Completed,Asset Management,USA
SPTRD2078562,2024-04-25,,Portfolio of 19 Purpose-Built Student Housing Properties*,,no_match,PORTFOLIO OF 19 PURPOSE BUILT STUDENT HOUSING PROPERTIES,KKR & Co. Inc.,KKR,normalized_exact,KKR AND,"Blackstone Real Estate Income Trust, Inc.",Acquisition of Asset or Branch,1640.0,1640.0,Announced,Real Estate Operating and Management,USA
SPTRD2078421,2024-04-24,2025-02-27,"HashiCorp, Inc.*",,no_match,HASHICORP,International Business Machines Corporation,IBM,normalized_exact,INTERNATIONAL BUSINESS MACHINES,Investor Group,Acquisition of Whole Company (incl. Majority Stake),6720.06231,8057.91031,Completed,Application Software,USA
SPTRD2078025,2024-04-23,2024-07-25,"Hibbett, Inc.",,no_match,HIBBETT,JD Sports Fashion Plc,,no_match,JD SPORTS FASHION,Investor Group,Acquisition of Whole Company (incl. Majority Stake),1387.983952,1093.401952,Completed,Other Specialty Retail,USA
SPTRD2078121,2024-04-22,2025-02-28,"Matterport, Inc.*",,no_match,MATTERPORT,"CoStar Group, Inc.",CSGP,normalized_exact,COSTAR,Investor group,Acquisition of Whole Company (incl. Majority Stake),1786.8031,2033.1971,Completed,Application Software,USA
SPTRD2077607,2024-04-18,2024-04-18,"Contracts of Arizona executives, coaches and players of IceArizona Hockey Co LLC",,no_match,CONTRACTS OF ARIZONA EXECUTIVES COACHES AND PLAYERS OF ICEARIZONA HOCKEY,Smith Entertainment Group,,no_match,SMITH ENTERTAINMENT,IceArizona Hockey Co LLC,Acquisition of Asset or Branch,1200.0,1200.0,Completed,Movies and Entertainment,USA
SPTRD2077414,2024-04-16,2025-04-01,"Amundi USA, Inc.",,no_match,AMUNDI USA,"Victory Capital Holdings, Inc.",VCTR,normalized_exact,VICTORY CAPITAL,Amundi S.A.,Acquisition of Whole Company (incl. Majority Stake),1018.512,1018.512,Completed,Asset Management,USA
SPTRD2076826,2024-04-15,2024-07-02,Encore Wire Corporation,,no_match,ENCORE WIRE,Prysmian S.p.A.,,no_match,PRYSMIAN S A,Investor Group,Acquisition of Whole Company (incl. Majority Stake),4194.475955,4808.563955,Completed,Electrical Components and Equipment: Light,USA
SPTRD2076839,2024-04-15,2024-06-14,Snap One Holdings Corp.*,,no_match,SNAP ONE,ADI Global Distribution,,no_match,ADI GLOBAL DISTRIBUTION,Investor Group,Acquisition of Whole Company (incl. Majority Stake),1396.812233,877.900233,Completed,Consumer Electronics Producers,USA
SPTRD2076401,2024-04-10,2024-05-20,"Alpine Immune Sciences, Inc.*",,no_match,ALPINE IMMUNE SCIENCES,Vertex Pharmaceuticals Incorporated,VRTX,normalized_exact,VERTEX PHARMACEUTICALS,Investor Group,Acquisition of Whole Company (incl. Majority Stake),4649.903008,4945.909008,Completed,Biotechnology,USA
SPTRD2075971,2024-04-08,2024-06-28,Apartment Income REIT Corp.*,,no_match,APARTMENT INCOME REIT,Blackstone Real Estate Partners X L.P.,,no_match,BLACKSTONE REAL ESTATE PARTNERS X,,Acquisition of Whole Company (incl. Majority Stake),9227.470816,5697.638816,Completed,Multi-Family Residential REIT,USA
SPTRD2075838,2024-04-08,2024-06-27,"Model N, Inc.*",,no_match,MODEL N,"Vista Equity Partners Management, LLC",,no_match,VISTA EQUITY PARTNERS MANAGEMENT,Investor Group,Acquisition of Whole Company (incl. Majority Stake),1160.531924,1492.561924,Completed,Application Software,USA
SPTRD2075662,2024-04-05,2024-05-31,"Shockwave Medical, Inc.*",,no_match,SHOCKWAVE MEDICAL,Johnson & Johnson,JNJ,normalized_exact,JOHNSON AND JOHNSON,Investor Group,Acquisition of Whole Company (incl. Majority Stake),12919.05189,13903.34889,Completed,Health Care Equipment,USA
SPTRD2075319,2024-04-03,2024-07-01,Kuvare Insurance Services LP,,no_match,KUVARE INSURANCE SERVICES,Investor group,,no_match,INVESTOR,,Acquisition of Whole Company (incl. Majority Stake),1000.0,1000.0,Completed,Asset Management,USA
SPTRD2074990,2024-04-03,2024-05-21,"ProfoundBio, Inc.",,no_match,PROFOUNDBIO,Genmab A/S,GMAB,normalized_exact,GENMAB A S,,Acquisition of Whole Company (incl. Majority Stake),1783.0,1905.0,Completed,Biotechnology,USA
SPTRD2074965,2024-04-02,2025-07-16,ChampionX Corporation,,no_match,CHAMPIONX,Schlumberger N.V.,,no_match,SCHLUMBERGER N V,,Acquisition of Whole Company (incl. Majority Stake),5199.860804,5083.567804,Completed,Oil and Gas Equipment and Services,USA
SPTRD2074991,2024-04-02,2025-03-24,"Endeavor Group Holdings, Inc.",,no_match,ENDEAVOR,"Silver Lake Technology Management, L.L.C.",,no_match,SILVER LAKE TECHNOLOGY MANAGEMENT C,,Acquisition of Whole Company (incl. Majority Stake),19588.82231,8362.64731,Completed,Movies and Entertainment,USA
SPTRD2080319,2024-03-31,2024-03-31,Authentic Brands Group LLC*,,no_match,AUTHENTIC BRANDS,Investor Group,,no_match,INVESTOR,"Simon Property Group, L.P.",Acquisition of Minority Stake,1200.0,1200.0,Completed,Apparel Retail,USA
SPTRD2074310,2024-03-28,2024-06-18,"SRS Distribution, Inc.*",,no_match,SRS DISTRIBUTION,"The Home Depot, Inc.",HD,normalized_exact,HOME DEPOT,Investor Group,Acquisition of Whole Company (incl. Majority Stake),18649.0,18028.0,Completed,Trading Companies and Distributors,USA
SPTRD2073768,2024-03-25,2024-06-03,ILC Dover LP*,,no_match,ILC DOVER,Ingersoll Rand Inc.,IR,normalized_exact,INGERSOLL RAND,"New Mountain Capital, LLC",Acquisition of Whole Company (incl. Majority Stake),2400.0,2400.0,Completed,Health Care Supplies,USA
SPTRD2073136,2024-03-20,2024-10-01,"Genentech Manufacturing Facility in Vacaville, California",,no_match,GENENTECH MANUFACTURING FACILITY IN VACAVILLE CALIFORNIA,Lonza Group AG,,no_match,LONZA,Roche Holding AG,Acquisition of Asset or Branch,1200.0,1200.0,Completed,Real Estate Operating and Management,USA
SPTRD2073211,2024-03-20,2024-07-12,"Strada U.S. Payroll, LLC*",,no_match,STRADA U S PAYROLL,"H.I.G. Capital, LLC",,no_match,H I G CAPITAL,"Alight, Inc.",Acquisition of Asset or Branch,1200.0,1200.0,Completed,Human Resource and Employment Services,USA
SPTRD2072953,2024-03-19,2025-05-01,Pharma Solutions Business of International Flavors & Fragrances Inc.,,no_match,PHARMA SOLUTIONS BUSINESS OF INTERNATIONAL FLAVORS AND FRAGRANCES,Roquette Frères S.A.,,no_match,ROQUETTE FR RES S A,International Flavors & Fragrances Inc.,Acquisition of Asset or Branch,2850.0,2850.0,Completed,Specialty Chemicals,USA
SPTRD2072851,2024-03-18,,"Jama Software, Inc.*",,no_match,JAMA SOFTWARE,"Francisco Partners Management, L.P.",,no_match,FRANCISCO PARTNERS MANAGEMENT,Investor Group,Acquisition of Whole Company (incl. Majority Stake),1200.0,1200.0,Announced,Application Software,USA
SPTRD2071757,2024-03-11,2025-02-07,Bally's Corporation,BALY,normalized_exact,BALLY S,The Queen Casino & Entertainment Inc.,,no_match,QUEEN CASINO AND ENTERTAINMENT,,Acquisition of Whole Company (incl. Majority Stake),5435.380531,586.755531,Completed,Casinos and Gaming,USA
SPTRD2071527,2024-03-11,2024-07-22,Equitrans Midstream Corporation,,no_match,EQUITRANS MIDSTREAM,EQT Corporation,EQT,normalized_exact,EQT,,Acquisition of Whole Company (incl. Majority Stake),14258.904175,6016.742175,Completed,Oil and Gas Storage and Transportation,USA
SPTRD2071192,2024-03-07,2024-12-23,"Avangrid, Inc.",,no_match,AVANGRID,"Iberdrola, S.A.",,no_match,IBERDROLA S A,,Acquisition of Minority Stake,2553.946046,2553.946046,Completed,Electric Utilities,USA
SPTRD2071328,2024-03-04,2024-08-15,"Portland Natural Gas Transmission System, LP",,no_match,PORTLAND NATURAL GAS TRANSMISSION SYSTEM,Investor group,,no_match,INVESTOR,Investor group,Acquisition of Whole Company (incl. Majority Stake),1140.0,890.0,Completed,Oil and Gas Storage and Transportation,USA
SPTRD2070551,2024-03-04,2024-03-15,"Yak Access, LLC",,no_match,YAK ACCESS,"United Rentals, Inc.",URI,normalized_exact,UNITED RENTALS,"Platinum Equity, LLC",Acquisition of Whole Company (incl. Majority Stake),1150.0,1150.0,Completed,Construction and Engineering,USA
SPTRD2069988,2024-02-29,2024-10-31,Sterling Ultimate Parent Corp.,,no_match,STERLING ULTIMATE PARENT,First Advantage Corporation,FA,normalized_exact,FIRST ADVANTAGE,Investor Group,Acquisition of Whole Company (incl. Majority Stake),2247.161736,1759.686736,Completed,Human Resource and Employment Services,USA
SPTRD2069280,2024-02-26,2024-07-01,End-User Computing Division of Broadcom Inc.,,no_match,END USER COMPUTING DIVISION OF BROADCOM,KKR & Co. Inc.,KKR,normalized_exact,KKR AND,Broadcom Inc.,Acquisition of Asset or Branch,4000.0,,Completed,Application Software,USA
SPTRD2068847,2024-02-22,2024-10-22,Coastal Virginia Offshore Wind Project*,,no_match,COASTAL VIRGINIA OFFSHORE WIND PROJECT,Stonepeak Partners LP,,no_match,STONEPEAK PARTNERS,"Dominion Energy, Inc.",Acquisition of Asset or Branch,2600.0,2600.0,Completed,Renewable Electricity,USA
SPTRD2068509,2024-02-21,2024-04-30,Cyanco Corporation*,,no_match,CYANCO,Orica Limited,,no_match,ORICA,"Cerberus Capital Management, L.P.",Acquisition of Whole Company (incl. Majority Stake),1638.36512,973.1,Completed,Commodity Chemicals,USA
SPTRD2068392,2024-02-20,2025-03-31,Louisiana and Mississippi Natural Gas LDC Businesses of CenterPoint Energy Resou*,,no_match,LOUISIANA AND MISSISSIPPI NATURAL GAS LDC BUSINESSES OF CENTERPOINT ENERGY RESOU,"Bernhard Capital Partners Management, LP",,no_match,BERNHARD CAPITAL PARTNERS MANAGEMENT,"CenterPoint Energy, Inc.",Acquisition of Asset or Branch,1200.0,1200.0,Completed,Gas Utilities,USA
SPTRD2068406,2024-02-20,2024-05-06,"Truist Insurance Holdings, LLC",,no_match,TRUIST INSURANCE,Investor group,,no_match,INVESTOR,Truist Financial Corporation,Acquisition of Whole Company (incl. Majority Stake),12600.0,7600.0,Completed,Insurance Broker,USA
SPTRD2071495,2024-02-20,2024-12-03,VIZIO Holding Corp.,,no_match,VIZIO,Walmart Inc.,WMT,normalized_exact,WALMART,Investor Group,Acquisition of Whole Company (incl. Majority Stake),2155.354847,2500.454847,Completed,Consumer Electronics Producers,USA
SPTRD2068245,2024-02-19,2025-05-18,Discover Financial Services,,no_match,DISCOVER FINANCIAL SERVICES,Capital One Financial Corporation,COF,normalized_exact,CAPITAL ONE FINANCIAL,,Acquisition of Whole Company (incl. Majority Stake),50785.861053,50785.861053,Completed,Payment Processors,USA
SPTRD2067750,2024-02-15,2024-04-02,"Seal for Life Industries, LLC*",,no_match,SEAL FOR LIFE INDUSTRIES,Henkel AG & Co. KGaA,,no_match,HENKEL AND KGAA,Arsenal Capital Management LP,Acquisition of Whole Company (incl. Majority Stake),1193.415637498,1193.415637498,Completed,Specialty Chemicals,USA
SPTRD2067604,2024-02-14,2024-08-01,Altium LLC,,no_match,ALTIUM,Renesas Electronics Corporation,,no_match,RENESAS ELECTRONICS,Investor Group,Acquisition of Whole Company (incl. Majority Stake),5723.3376966885035,5898.43248032074,Completed,Application Software,USA
SPTRD2067308,2024-02-13,2024-10-01,"Atria Wealth Solutions, Inc.*",,no_match,ATRIA WEALTH SOLUTIONS,LPL Financial Holdings Inc.,LPLA,normalized_exact,LPL FINANCIAL,,Acquisition of Whole Company (incl. Majority Stake),1035.0,1035.0,Completed,Investment and Capital Markets Technology,USA
SPTRD2067495,2024-02-13,2024-09-30,South Fork and Revolution Wind Project,,no_match,SOUTH FORK AND REVOLUTION WIND PROJECT,Skyborn Renewables,,no_match,SKYBORN RENEWABLES,Eversource Energy,Acquisition of Asset or Branch,1181.275432,1181.275432,Completed,Renewable Electricity,USA
SPTRD2067026,2024-02-12,2024-04-05,"20 Active Aggregates Operations in Alabama, South Carolina, South Florida, Tenne",,no_match,20 ACTIVE AGGREGATES OPERATIONS IN ALABAMA SOUTH CAROLINA SOUTH FLORIDA TENNE,"Martin Marietta Materials, Inc.",MLM,normalized_exact,MARTIN MARIETTA MATERIALS,Blue Water Industries LLC,Acquisition of Asset or Branch,2376.0,2050.0,Completed,Construction Materials,USA
SPTRD2067060,2024-02-12,2024-03-22,"CymaBay Therapeutics, Inc.",,no_match,CYMABAY THERAPEUTICS,"Gilead Sciences, Inc.",GILD,normalized_exact,GILEAD SCIENCES,,Acquisition of Whole Company (incl. Majority Stake),4034.667598,4336.360598,Completed,Pharmaceuticals,USA
SPTRD2067024,2024-02-12,2024-09-10,"Endeavor Energy Resources, LP",,no_match,ENDEAVOR ENERGY RESOURCES,"Diamondback Energy, Inc.",FANG,normalized_exact,DIAMONDBACK ENERGY,Investor Group,Acquisition of Whole Company (incl. Majority Stake),28306.431435,28087.431435,Completed,Oil and Gas Exploration and Production,USA
SPTRD2066713,2024-02-09,2024-05-15,Masonite International Corporation,,no_match,MASONITE INTERNATIONAL,Owens Corning,OC,normalized_exact,OWENS CORNING,Investor Group,Acquisition of Whole Company (incl. Majority Stake),4156.8972,3043.2262,Completed,Building Products,USA
SPTRD2066224,2024-02-07,2024-07-01,Aera Energy LLC,,no_match,AERA ENERGY,California Resources Corporation,CRC,normalized_exact,CALIFORNIA RESOURCES,Investor Group,Acquisition of Whole Company (incl. Majority Stake),2226.6864,1126.6864,Completed,Oil and Gas Exploration and Production,USA
SPTRD2066601,2024-02-06,2024-11-04,Glatfelter Corporation,,no_match,GLATFELTER,"Health, Hygiene and Specialties Global Nonwovens and Films Business of Berry Glo",,no_match,HEALTH HYGIENE AND SPECIALTIES GLOBAL NONWOVENS AND FILMS BUSINESS OF BERRY GLO,,Acquisition of Whole Company (incl. Majority Stake),1429.846409,549.769409,Completed,Paper Products,USA
SPTRD2065543,2024-02-05,2024-07-09,Assets of Aqua Business of Elanco Animal Health Incorporated,,no_match,ASSETS OF AQUA BUSINESS OF ELANCO ANIMAL HEALTH,Intervet International B.V.,,no_match,INTERVET INTERNATIONAL B V,Elanco Animal Health Incorporated,Acquisition of Asset or Branch,1300.0,1300.0,Completed,Pharmaceuticals,USA
SPTRD2065557,2024-02-05,2024-12-18,"Catalent, Inc.*",,no_match,CATALENT,Novo Holdings A/S,,no_match,NOVO A S,Investor Group,Acquisition of Whole Company (incl. Majority Stake),16302.287256,11690.287256,Completed,Pharmaceuticals,USA
SPTRD2065560,2024-02-05,2024-07-02,"Everbridge, Inc.*",,no_match,EVERBRIDGE,"Thoma Bravo, L.P.",,no_match,THOMA BRAVO,,Acquisition of Whole Company (incl. Majority Stake),1517.769223,1623.325223,Completed,Application Software,USA
SPTRD2065725,2024-02-05,2024-02-27,"J&J Maintenance, Inc.",,no_match,J AND J MAINTENANCE,"CBRE Group, Inc.",CBRE,normalized_exact,CBRE,"Arlington Management Employees, LLC",Acquisition of Whole Company (incl. Majority Stake),1050.0,1050.0,Completed,Diversified Support Services,USA
SPTRD2090154,2024-01-31,2024-03-27,"Baltimore Orioles, Inc.",,no_match,BALTIMORE ORIOLES,Private Investors,,no_match,PRIVATE INVESTORS,Private Investors,Acquisition of Minority Stake,1725.0,,Completed,Movies and Entertainment,USA
SPTRD2064908,2024-01-31,2025-10-28,Globalink Investment Inc.,,no_match,GLOBALINK INVESTMENT,Alps Group Inc,ALPS,normalized_exact,ALPS,Investor Group,Acquisition of Whole Company (incl. Majority Stake),1764.554635,1764.554635,Completed,Asset Management,USA
SPTRD2064756,2024-01-31,2025-03-19,"Medicare Advantage, Medicare Supplemental Benefits, Medicare Part D and CareAlli",,no_match,MEDICARE ADVANTAGE MEDICARE SUPPLEMENTAL BENEFITS MEDICARE PART D AND CAREALLI,"Health Care Service Corporation, a Mutual Legal Reserve Company",,no_match,HEALTH CARE SERVICE A MUTUAL LEGAL RESERVE,The Cigna Group,Acquisition of Asset or Branch,3300.0,3300.0,Completed,Life and Health,USA
SPTRD2064741,2024-01-31,2024-03-18,"Specialty Networks, LLC*",,no_match,SPECIALTY NETWORKS,"Cardinal Health, Inc.",CAH,normalized_exact,CARDINAL HEALTH,Investor Group,Acquisition of Whole Company (incl. Majority Stake),1177.0,1200.0,Completed,Health Care Services,USA
SPTRD2064520,2024-01-30,2024-05-21,Carlisle Interconnect Technologies Inc.,,no_match,CARLISLE INTERCONNECT TECHNOLOGIES,Amphenol Corporation,APH,normalized_exact,AMPHENOL,Carlisle Companies Incorporated,Acquisition of Whole Company (incl. Majority Stake),1995.3,2025.0,Completed,Electrical Components and Equipment: Light,USA
SPTRD2087169,2024-01-29,2024-07-10,"Overseas Shipholding Group, Inc.",,no_match,OVERSEAS SHIPHOLDING,"Saltchuk Resources, Inc.",,no_match,SALTCHUK RESOURCES,Investor Group,Acquisition of Whole Company (incl. Majority Stake),1000.644533,510.407533,Completed,Oil and Gas Storage and Transportation,USA
SPTRD2063858,2024-01-25,2024-02-26,"Procare Software, LLC*",,no_match,PROCARE SOFTWARE,"Roper Technologies, Inc.",ROP,normalized_exact,ROPER TECHNOLOGIES,Investor Group,Acquisition of Whole Company (incl. Majority Stake),1860.0,1860.0,Completed,Application Software,USA
SPTRD2063219,2024-01-22,2024-05-03,NuStar Energy L.P.,,no_match,NUSTAR ENERGY,Sunoco LP,SUN,normalized_exact,SUNOCO,,Acquisition of Whole Company (incl. Majority Stake),7359.035255,3208.696255,Completed,Oil and Gas Storage and Transportation,USA
SPTRD2062874,2024-01-19,2024-03-01,Ally's Point-of-Sale Financing Business,,no_match,ALLY S POINT OF SALE FINANCING BUSINESS,Synchrony Financial,SYF,normalized_exact,SYNCHRONY FINANCIAL,Ally Financial Inc.,Acquisition of Asset or Branch,1969.0,1969.0,Completed,Specialty Finance: Consumer Focused,USA
SPTRD2062890,2024-01-19,2024-04-19,Kaman Corporation*,,no_match,KAMAN,Arcline Investment Management LP,,no_match,ARCLINE INVESTMENT MANAGEMENT,Investor Group,Acquisition of Whole Company (incl. Majority Stake),1884.283906,1350.555906,Completed,Aerospace and Defense,USA
SPTRD2062623,2024-01-18,2024-04-19,"Sekisui House U.S., Inc.",,no_match,SEKISUI HOUSE U S,"SH Residential Holdings, LLC",,no_match,SH RESIDENTIAL,Investor Group,Acquisition of Whole Company (incl. Majority Stake),5063.63619,4913.85519,Completed,Homebuilding Producers,USA
SPTRD2062278,2024-01-16,2025-07-17,"ANSYS, Inc.",,no_match,ANSYS,"Synopsys, Inc.",SNPS,normalized_exact,SYNOPSYS,Investor Group,Acquisition of Whole Company (incl. Majority Stake),33962.918292,34930.572292,Completed,Application Software,USA
SPTRD2062271,2024-01-16,2024-05-16,"Carrols Restaurant Group, Inc.",,no_match,CARROLS RESTAURANT,Restaurant Brands International Inc.,QSR,normalized_exact,RESTAURANT BRANDS INTERNATIONAL,Investor Group,Acquisition of Whole Company (incl. Majority Stake),1661.842389,472.604389,Completed,Restaurants,USA
SPTRD2062364,2024-01-16,2024-01-16,Pilot Travel Centers LLC,,no_match,PILOT TRAVEL CENTERS,Berkshire Hathaway Inc.,BRK.B,normalized_exact,BERKSHIRE HATHAWAY,Pilot Corporation,Acquisition of Minority Stake,2600.0,2600.0,Completed,Automotive Retail,USA
SPTRD2062140,2024-01-15,2024-03-04,QuarterNorth Energy Inc.,,no_match,QUARTERNORTH ENERGY,Talos Energy Inc.,TALO,normalized_exact,TALOS ENERGY,,Acquisition of Whole Company (incl. Majority Stake),1240.623155,1571.997155,Completed,Oil and Gas Exploration and Production,USA
SPTRD2061891,2024-01-12,2024-10-01,"Global Infrastructure Management, LLC",,no_match,GLOBAL INFRASTRUCTURE MANAGEMENT,"BlackRock, Inc.",BLK,normalized_exact,BLACKROCK,,Acquisition of Whole Company (incl. Majority Stake),14394.12,14394.12,Completed,Asset Management,USA
SPTRD2067752,2024-01-11,2024-04-16,204 Convenience Stores,,no_match,204 CONVENIENCE STORES,"7-Eleven, Inc.",,no_match,7 ELEVEN,Sunoco LP,Acquisition of Asset or Branch,1000.0,1000.0,Completed,Food Retail,USA
SPTRD2061806,2024-01-11,2024-10-01,Southwestern Energy Company,,no_match,SOUTHWESTERN ENERGY,Chesapeake Energy Corporation,,no_match,CHESAPEAKE ENERGY,,Acquisition of Whole Company (incl. Majority Stake),12211.978699,7918.978699,Completed,Oil and Gas Refining and Marketing,USA
SPTRD2061318,2024-01-09,2025-07-02,"Juniper Networks, Inc.",,no_match,JUNIPER NETWORKS,Hewlett Packard Enterprise Company,HPE,normalized_exact,HEWLETT PACKARD ENTERPRISE,,Acquisition of Whole Company (incl. Majority Stake),13982.39396,13576.99396,Completed,Systems Software,USA
SPTRD2061172,2024-01-08,2024-02-14,"Aiolos Bio, Inc.*",,no_match,AIOLOS BIO,GSK plc,GSK,normalized_exact,GSK,Investor Group,Acquisition of Whole Company (incl. Majority Stake),1400.0,1400.0,Completed,Biotechnology,USA
SPTRD2061070,2024-01-08,2024-03-07,Ambrx Biopharma Inc.*,,no_match,AMBRX BIOPHARMA,Johnson & Johnson,JNJ,normalized_exact,JOHNSON AND JOHNSON,Investor Group,Acquisition of Whole Company (incl. Majority Stake),1775.133139,1989.872139,Completed,Biotechnology,USA
SPTRD2061017,2024-01-08,2024-11-15,"Axonics, Inc.*",,no_match,AXONICS,Boston Scientific Corporation,BSX,normalized_exact,BOSTON SCIENTIFIC,Investor Group,Acquisition of Whole Company (incl. Majority Stake),3360.260805,3672.974805,Completed,Health Care Equipment,USA
SPTRD2060586,2024-01-04,2024-04-01,Callon Petroleum Company,,no_match,CALLON PETROLEUM,APA Corporation,APA,normalized_exact,APA,,Acquisition of Whole Company (incl. Majority Stake),4405.69706,2415.53606,Completed,Oil and Gas Exploration and Production,USA
SPTRD2060238,2024-01-02,2024-03-28,"PGT Innovations, Inc.",,no_match,PGT INNOVATIONS,MITER Brands,,no_match,MITER BRANDS,Investor Group,Acquisition of Whole Company (incl. Majority Stake),3164.175656,2450.383656,Completed,Building Products,USA
SPTRD2059719,2023-12-27,2024-01-03,Portfolio of natural gas storage assets,,no_match,PORTFOLIO OF NATURAL GAS STORAGE ASSETS,"The Williams Companies, Inc.",WMB,normalized_exact,WILLIAMS,"Hartree Partners, LP",Acquisition of Asset or Branch,1950.0,1950.0,Completed,Oil and Gas Storage and Transportation,USA
SPTRD2059379,2023-12-26,2024-02-26,"RayzeBio, Inc.*",,no_match,RAYZEBIO,Bristol-Myers Squibb Company,BMY,normalized_exact,BRISTOL MYERS SQUIBB,Investor Group,Acquisition of Whole Company (incl. Majority Stake),3612.344827,4142.789827,Completed,Biotechnology,USA
SPTRD2059078,2023-12-22,2024-04-01,"Daseke, Inc.",,no_match,DASEKE,TFI International Inc.,TFII,normalized_exact,TFI INTERNATIONAL,Investor Group,Acquisition of Whole Company (incl. Majority Stake),1096.980122,413.585067,Completed,Cargo Ground Transportation,USA
SPTRD2059022,2023-12-22,2024-03-18,"Karuna Therapeutics, Inc.*",,no_match,KARUNA THERAPEUTICS,Bristol-Myers Squibb Company,BMY,normalized_exact,BRISTOL MYERS SQUIBB,Investor Group,Acquisition of Whole Company (incl. Majority Stake),12764.200218,14010.325218,Completed,Biotechnology,USA
SPTRD2059093,2023-12-22,,OCA Acquisition Corp.,,no_match,OCA ACQUISITION,"Powermers Smart Industries, Inc.",,no_match,POWERMERS SMART INDUSTRIES,Investor Group,Acquisition of Whole Company (incl. Majority Stake),2158.0,2158.0,Announced,Asset Management,USA
SPTRD2058646,2023-12-20,2024-04-25,NFP Corp.*,,no_match,NFP,Aon plc,AON,normalized_exact,AON,Investor group,Acquisition of Whole Company (incl. Majority Stake),12867.77,12867.77,Completed,Insurance Broker,USA
SPTRD2058675,2023-12-20,2023-12-20,Rent-Stabilized and Rent-Controlled Multifamily Loans,,no_match,RENT STABILIZED AND RENT CONTROLLED MULTIFAMILY LOANS,"Santander Bank, National Association",,no_match,SANTANDER BANK NATIONAL ASSOCIATION,"Signature Bridge Bank, National Association",Acquisition of Asset or Branch,1100.0,1100.0,Completed,Unclassified,USA
SPTRD2058221,2023-12-18,2024-03-19,"Alteryx, Inc.*",,no_match,ALTERYX,Investor Group,,no_match,INVESTOR,Investor Group,Acquisition of Whole Company (incl. Majority Stake),4322.928393,3741.928393,Completed,Application Software,USA
SPTRD2058149,2023-12-18,2024-08-29,"Iowa Fertilizer Company, LLC",,no_match,IOWA FERTILIZER,"Koch Ag and Energy Solutions, LLC",,no_match,KOCH AND ENERGY SOLUTIONS,OCI N.V.,Acquisition of Whole Company (incl. Majority Stake),3600.0,3600.0,Completed,Fertilizers and Agricultural Chemicals,USA
SPTRD2058282,2023-12-18,2025-06-18,United States Steel Corporation,,no_match,UNITED STATES STEEL,"Nippon Steel North America, Inc.",,no_match,NIPPON STEEL NORTH AMERICA,,Acquisition of Whole Company (incl. Majority Stake),17597.382417,14218.382417,Completed,Steel,USA
SPTRD2058033,2023-12-15,2023-12-29,Rockcliff Energy LLC*,,no_match,ROCKCLIFF ENERGY,TG Natural Resources LLC,,no_match,TG NATURAL RESOURCES,"Quantum Energy Partners, LLC",Acquisition of Whole Company (incl. Majority Stake),2700.0,2700.0,Completed,Oil and Gas Exploration and Production,USA
SPTRD2058421,2023-12-14,2023-12-14,Commercial Real Estate loan portfolio*,,no_match,COMMERCIAL REAL ESTATE LOAN PORTFOLIO,Investor Group,,no_match,INVESTOR,"Signature Bridge Bank, National Association",Acquisition of Asset or Branch,1200.0,1200.0,Completed,Unclassified,USA
SPTRD2057127,2023-12-11,2024-08-01,"CrownRock, L.P.",,no_match,CROWNROCK,Occidental Petroleum Corporation,OXY,normalized_exact,OCCIDENTAL PETROLEUM,Investor Group,Acquisition of Whole Company (incl. Majority Stake),12397.876848,11197.876848,Completed,Oil and Gas Exploration and Production,USA
SPTRD2057432,2023-12-11,2024-04-09,Eagle Bulk Shipping Inc.*,,no_match,EAGLE BULK SHIPPING,Star Bulk Carriers Corp.,SBLK,normalized_exact,STAR BULK CARRIERS,Investor Group,Acquisition of Whole Company (incl. Majority Stake),1102.996595,838.517595,Completed,Marine Transportation,USA
SPTRD2056892,2023-12-08,2024-06-03,Global Access Solutions,,no_match,GLOBAL ACCESS SOLUTIONS,Honeywell International Inc.,HON,normalized_exact,HONEYWELL INTERNATIONAL,Carrier Global Corporation,Acquisition of Whole Company (incl. Majority Stake),4913.0,,Completed,Electronic Equipment and Instruments,USA
SPTRD2144438,2023-12-08,2025-02-19,"New Rise Renewables, LLC",,no_match,RISE RENEWABLES,"XCF Global, Inc.",SAFX,normalized_exact,XCF GLOBAL,"RESC Renewables Holdings, LLC",Acquisition of Whole Company (incl. Majority Stake),1025.3251,1025.3251,Completed,Oil and Gas Refining and Marketing,USA
SPTRD2056689,2023-12-06,2024-08-01,"Cerevel Therapeutics Holdings, Inc.*",,no_match,CEREVEL THERAPEUTICS,AbbVie Inc.,ABBV,normalized_exact,ABBVIE,Investor Group,Acquisition of Whole Company (incl. Majority Stake),8105.977321,9025.496321,Completed,Biotechnology,USA
SPTRD2055914,2023-12-03,2024-01-29,Carmot Therapeutics Inc.*,,no_match,CARMOT THERAPEUTICS,Roche Holding AG,,no_match,ROCHE,Investor Group,Acquisition of Whole Company (incl. Majority Stake),3233.853,3100.0,Completed,Biotechnology,USA
SPTRD2055892,2023-12-03,2024-09-18,"Hawaiian Holdings, Inc.",,no_match,HAWAIIAN,"Alaska Air Group, Inc.",ALK,normalized_exact,ALASKA AIR,,Acquisition of Whole Company (incl. Majority Stake),2277.921928,929.402928,Completed,Passenger Airlines,USA
SPTRD2055624,2023-11-30,2024-02-12,"ImmunoGen, Inc.*",,no_match,IMMUNOGEN,AbbVie Inc.,ABBV,normalized_exact,ABBVIE,Investor Group,Acquisition of Whole Company (incl. Majority Stake),8950.082273,9445.395273,Completed,Biotechnology,USA
SPTRD2063796,2023-11-29,2023-11-29,Embrace Pet Insurance Agency LLC,,no_match,EMBRACE PET INSURANCE AGENCY,JAB Holding Company LLC,,no_match,JAB,"NSM Insurance Group, LLC",Acquisition of Whole Company (incl. Majority Stake),1500.0,1500.0,Completed,Insurance Broker,USA
SPTRD2055503,2023-11-29,2024-02-27,"Rover Group, Inc.",,no_match,ROVER,Blackstone Inc.,BX,normalized_exact,BLACKSTONE,,Acquisition of Whole Company (incl. Majority Stake),2176.991935,2385.317935,Completed,Specialized Consumer Services,USA
SPTRD2055638,2023-11-28,2023-12-27,Dallas Basketball Limited,,no_match,DALLAS BASKETBALL,Undisclosed Buyer,,no_match,UNDISCLOSED BUYER,,Acquisition of Whole Company (incl. Majority Stake),3500.0,3500.0,Completed,Movies and Entertainment,USA
SPTRD2054365,2023-11-20,2024-02-08,"Martin Marietta South Texas Cement, LLC/Martin Marietta's South Texas ready-mix",,no_match,MARTIN MARIETTA SOUTH TEXAS CEMENT MARIETTA S SOUTH TEXAS READY MIX,"CRH Americas Materials, Inc.",,no_match,CRH AMERICAS MATERIALS,"Martin Marietta Materials, Inc.",Acquisition of Asset or Branch,2100.0,2100.0,Completed,Unclassified,USA
SPTRD2053990,2023-11-17,2024-01-31,Coastal Carolina Hospital/East Cooper Medical Center/Hilton Head Hospital,,no_match,COASTAL CAROLINA HOSPITAL COOPER MEDICAL CENTER HEAD HOSPITAL,"Novant Health, Inc.",,no_match,NOVANT HEALTH,Investor Group,Acquisition of Asset or Branch,2400.0,2400.0,Completed,Health Care Facilities,USA
SPTRD2058172,2023-11-14,2023-11-14,"AmWINS Group, Inc.*",,no_match,AMWINS,Investor Group,,no_match,INVESTOR,Public Sector Pension Investment Board,Acquisition of Minority Stake,1000.0,1000.0,Completed,Insurance Broker,USA
SPTRD2059087,2023-11-10,2024-05-13,Screaming Eagle Acquisition Corp.,,no_match,SCREAMING EAGLE ACQUISITION,Studio Business of Lions Gate Entertainment Corp.,,no_match,STUDIO BUSINESS OF LIONS GATE ENTERTAINMENT,,Acquisition of Whole Company (incl. Majority Stake),2787.082244,2787.082244,Completed,Asset Management,USA
SPTRD2052607,2023-11-09,2024-06-06,"Electron Device Business of Communications & Power Industries, Inc.",,no_match,ELECTRON DEVICE BUSINESS OF COMMUNICATIONS AND POWER INDUSTRIES,TransDigm Group Incorporated,TDG,normalized_exact,TRANSDIGM,Communications & Power Industries LLC,Acquisition of Asset or Branch,1385.0,1385.0,Completed,Aerospace and Defense,USA
SPTRD2051915,2023-11-06,2024-01-17,Bluegreen Vacations Holding Corporation,,no_match,BLUEGREEN VACATIONS,Hilton Grand Vacations Inc.,HGV,normalized_exact,HILTON GRAND VACATIONS,Investor Group,Acquisition of Whole Company (incl. Majority Stake),2169.640725,1277.833725,Completed,"Hotels, Resorts and Cruise Lines",USA
SPTRD2051973,2023-11-06,2023-12-14,Guidehouse Inc.*,,no_match,GUIDEHOUSE,"Bain Capital Private Equity, LP",,no_match,BAIN CAPITAL PRIVATE EQUITY,"Veritas Capital Fund Management, L.L.C",Acquisition of Whole Company (incl. Majority Stake),5300.0,5300.0,Completed,Research and Consulting Services,USA
SPTRD2052067,2023-11-06,2023-12-28,Texas natural gas pipeline portfolio,,no_match,TEXAS NATURAL GAS PIPELINE PORTFOLIO,"Kinder Morgan, Inc.",KMI,normalized_exact,KINDER MORGAN,"NextEra Energy Partners, LP",Acquisition of Asset or Branch,1815.0,1815.0,Completed,Oil and Gas Storage and Transportation,USA
SPTRD2058853,2023-11-03,2024-01-02,Six Morrow Renewables Operating Landfill gas-to-RNG Production Facilities,,no_match,SIX MORROW RENEWABLES OPERATING LANDFILL GAS TO RNG PRODUCTION FACILITIES,Enbridge Inc.,ENB,normalized_exact,ENBRIDGE,"Morrow Renewables, LLC",Acquisition of Asset or Branch,1007.0,1007.0,Completed,Oil and Gas Exploration and Production,USA
SPTRD2051449,2023-11-02,2024-07-01,Six Flags Entertainment Corporation,FUN,normalized_exact,SIX FLAGS ENTERTAINMENT,"Cedar Fair, L.P.",,no_match,CEDAR FAIR,,Acquisition of Whole Company (incl. Majority Stake),4943.559387,2633.337387,Completed,Leisure Facilities,USA
SPTRD2051281,2023-11-01,2025-06-28,"Hulu, LLC",,no_match,HULU,The Walt Disney Company,DIS,normalized_exact,WALT DISNEY,Comcast Corporation,Acquisition of Minority Stake,9048.7,9048.7,Completed,Movies and Entertainment,USA
SPTRD2050799,2023-10-30,2023-12-12,"Northern Star Holdings, Inc.*",,no_match,NORTHERN STAR,"Hubbell Power Systems, Inc.",,no_match,HUBBELL POWER SYSTEMS,"Comvest Advisors, LLC",Acquisition of Whole Company (incl. Majority Stake),1100.0,1100.0,Completed,Electrical Components and Equipment: Heavy,USA
SPTRD2050706,2023-10-30,2024-03-01,Physicians Realty Trust,,no_match,PHYSICIANS REALTY TRUST,"Healthpeak Properties, Inc.",DOC,normalized_exact,HEALTHPEAK PROPERTIES,,Acquisition of Whole Company (incl. Majority Stake),4778.971538,2731.871538,Completed,Health Care REIT,USA
SPTRD2050743,2023-10-30,2024-01-23,"Spirit Realty Capital, Inc.",,no_match,SPIRIT REALTY CAPITAL,Realty Income Corporation,O,normalized_exact,REALTY INCOME,,Acquisition of Whole Company (incl. Majority Stake),10123.869947,6265.287947,Completed,Retail REIT,USA
SPTRD2049916,2023-10-24,2024-03-29,"Cybersecurity, Intelligence and Services Business of Raytheon Company",,no_match,CYBERSECURITY INTELLIGENCE AND SERVICES BUSINESS OF RAYTHEON,Undisclosed Buyer,,no_match,UNDISCLOSED BUYER,Raytheon Company,Acquisition of Asset or Branch,1300.0,1300.0,Completed,Aerospace and Defense,USA
SPTRD2050910,2023-10-24,2023-12-08,"Paragon Medical, Inc.*",,no_match,PARAGON MEDICAL,"AMETEK, Inc.",AME,normalized_exact,AMETEK,American Securities LLC,Acquisition of Whole Company (incl. Majority Stake),1900.0,,Completed,Health Care Supplies,USA
SPTRD2049732,2023-10-23,2024-01-26,"EngageSmart, Inc.*",,no_match,ENGAGESMART,"Vista Equity Partners Management, LLC",,no_match,VISTA EQUITY PARTNERS MANAGEMENT,Investor Group,Acquisition of Whole Company (incl. Majority Stake),2172.039789,2509.567789,Completed,Application Software,USA
SPTRD2049700,2023-10-23,2025-07-18,Hess Corporation,,no_match,HESS,Chevron Corporation,CVX,normalized_exact,CHEVRON,Investor Group,Acquisition of Whole Company (incl. Majority Stake),56858.985764,47820.985764,Completed,Oil and Gas Exploration and Production,USA
SPTRD2066500,2023-10-23,2023-12-14,"Telavant Holdings, Inc.",,no_match,TELAVANT,Roche Holding AG,,no_match,ROCHE,Investor Group,Acquisition of Whole Company (incl. Majority Stake),7250.0,7250.0,Completed,Biotechnology,USA
SPTRD2050337,2023-10-19,2024-10-19,"Newly Weds Foods, Inc.*",,no_match,NEWLY WEDS FOODS,"Redwood Capital Investments, LLC",,no_match,REDWOOD CAPITAL INVESTMENTS,,Acquisition of Whole Company (incl. Majority Stake),4000.0,4000.0,Completed,Packaged Foods and Meats Producers,USA
SPTRD2049022,2023-10-16,2024-11-27,Sporting Products Segment Business (The Kinetic Group) of Vista Outdoor Inc.,,no_match,SPORTING PRODUCTS SEGMENT BUSINESS OF VISTA OUTDOOR,CSG N.V.,,no_match,CSG N V,Vista Outdoor Inc.,Acquisition of Asset or Branch,2225.0,2225.0,Completed,Leisure Products Producers,USA
SPTRD2048111,2023-10-11,2024-05-03,Pioneer Natural Resources Company,,no_match,PIONEER NATURAL RESOURCES,Exxon Mobil Corporation,XOM,normalized_exact,EXXON MOBIL,,Acquisition of Whole Company (incl. Majority Stake),68183.58526,63433.58526,Completed,Oil and Gas Exploration and Production,USA
SPTRD2047750,2023-10-09,2024-07-09,"National Western Life Group, Inc.",,no_match,NATIONAL WESTERN LIFE,"S.USA Life Insurance Company, Inc.",,no_match,S USA LIFE INSURANCE,,Acquisition of Whole Company (incl. Majority Stake),1837.048,1837.048,Completed,Life and Health,USA
SPTRD2047675,2023-10-08,2024-01-23,"Mirati Therapeutics, Inc.*",,no_match,MIRATI THERAPEUTICS,Bristol-Myers Squibb Company,BMY,normalized_exact,BRISTOL MYERS SQUIBB,Investor Group,Acquisition of Whole Company (incl. Majority Stake),5074.689352,6002.985352,Completed,Biotechnology,USA
SPTRD2047188,2023-10-05,2024-05-10,SP Plus Corporation,,no_match,SP PLUS,"Metropolis Technologies, Inc.",,no_match,METROPOLIS TECHNOLOGIES,Investor Group,Acquisition of Whole Company (incl. Majority Stake),1655.943264,1118.643264,Completed,Environmental and Facilities Services,USA
SPTRD2046941,2023-10-04,2024-01-02,"Certain oil and gas assets in the Midland basin in Texas of Vencer Energy, LLC",,no_match,CERTAIN OIL AND GAS ASSETS IN MIDLAND BASIN IN TEXAS OF VENCER ENERGY,"Civitas Resources, Inc.",,no_match,CIVITAS RESOURCES,"Vencer Energy, LLC",Acquisition of Asset or Branch,2023.356816,2023.356816,Completed,Oil and Gas Exploration and Production,USA
SPTRD2046669,2023-10-03,2023-12-27,POINT Biopharma Global Inc.*,,no_match,POINT BIOPHARMA GLOBAL,Eli Lilly and Company,LLY,normalized_exact,ELI LILLY AND,Investor Group,Acquisition of Whole Company (incl. Majority Stake),1048.323057,1376.823637,Completed,Biotechnology,USA
SPTRD2046486,2023-10-01,2024-07-03,Substantially All of the Over-the-Counter Business of Viatris Inc.,,no_match,SUBSTANTIALLY ALL OF OVER COUNTER BUSINESS OF VIATRIS,Cooper Consumer Health SAS,,no_match,COOPER CONSUMER HEALTH SAS,Viatris Inc.,Acquisition of Asset or Branch,2093.6225037,2093.6225037,Completed,Pharmaceuticals,USA
SPTRD2046148,2023-09-28,2024-01-05,"Chico's FAS, Inc.*",,no_match,CHICO S FAS,"Sycamore Partners Management, L.P.",,no_match,SYCAMORE PARTNERS MANAGEMENT,Investor Group,Acquisition of Whole Company (incl. Majority Stake),1413.887751,992.657751,Completed,Apparel Retail,USA
SPTRD2045267,2023-09-21,2024-03-18,Splunk Inc.*,,no_match,SPLUNK,"Cisco Systems, Inc.",CSCO,normalized_exact,CISCO SYSTEMS,Investor Group,Acquisition of Whole Company (incl. Majority Stake),28499.616178,30055.063178,Completed,Application Software,USA
SPTRD2043983,2023-09-12,,600 MHz band,,no_match,600 MHZ BAND,T-Mobile License LLC,,no_match,T MOBILE LICENSE,Comcast Corporation,Acquisition of Asset or Branch,3300.0,3300.0,Announced,Wireless Telecommunication Services,USA
SPTRD2044328,2023-09-12,2024-07-05,WestRock Company,,no_match,WESTROCK,Smurfit Westrock Plc,SW,normalized_exact,SMURFIT WESTROCK,Investor Group,Acquisition of Whole Company (incl. Majority Stake),19871.717075,11502.817075,Completed,Packaging and Materials: Paper and Plastic,USA
SPTRD2043632,2023-09-11,2023-11-27,"Avantax, Inc.*",,no_match,AVANTAX,"Aretec Group, Inc.",,no_match,ARETEC,,Acquisition of Whole Company (incl. Majority Stake),1024.708014,1024.708014,Completed,Asset Management,USA
SPTRD2043630,2023-09-11,2023-11-07,"Hostess Brands, Inc.",,no_match,HOSTESS BRANDS,The J. M. Smucker Company,SJM,normalized_exact,J M SMUCKER,Investor Group,Acquisition of Whole Company (incl. Majority Stake),5385.599732,4521.958732,Completed,Packaged Foods and Meats Producers,USA
SPTRD2043206,2023-09-07,2024-01-12,Argos North America Corp.,,no_match,ARGOS NORTH AMERICA,"Summit Materials, Inc.",,no_match,SUMMIT MATERIALS,Investor Group,Acquisition of Whole Company (incl. Majority Stake),3939.0152,3236.1152,Completed,Construction Materials,USA
SPTRD2045190,2023-09-07,2023-12-11,Jim Koons Management Co Inc.,,no_match,JIM KOONS MANAGEMENT,Asbury Automotive Group L.L.C.,,no_match,ASBURY AUTOMOTIVE C,,Acquisition of Whole Company (incl. Majority Stake),1200.0,1200.0,Completed,Automotive Retail,USA
SPTRD2043044,2023-09-06,2024-08-20,"Energy Capital Partners, LLC*",,no_match,ENERGY CAPITAL PARTNERS,Bridgepoint Group plc,,no_match,BRIDGEPOINT,GP Strategic Capital,Acquisition of Whole Company (incl. Majority Stake),1439.960540004,1207.616723154,Completed,Asset Management,USA
SPTRD2042986,2023-09-06,2023-11-09,"NextGen Healthcare, Inc.*",,no_match,NEXTGEN HEALTHCARE,"Thoma Bravo, L.P.",,no_match,THOMA BRAVO,,Acquisition of Whole Company (incl. Majority Stake),1676.485361,1894.582361,Completed,Health Care Technology,USA
SPTRD2042737,2023-09-05,2023-11-01,Certain Mineral And Royalty Interests*,,no_match,CERTAIN MINERAL AND ROYALTY INTERESTS,Viper Energy Partners LLC,,no_match,VIPER ENERGY PARTNERS,Investor Group,Acquisition of Asset or Branch,1006.854285,1006.854285,Completed,Oil and Gas Exploration and Production,USA
SPTRD2042960,2023-09-05,2024-09-30,"Public Service Company of North Carolina, Incorporated",,no_match,PUBLIC SERVICE OF NORTH CAROLINA,Enbridge Inc.,ENB,normalized_exact,ENBRIDGE,"Dominion Energy, Inc.",Acquisition of Whole Company (incl. Majority Stake),3200.0,2200.0,Completed,Gas Utilities,USA
SPTRD2042877,2023-09-05,2024-05-31,Questar Gas Company,,no_match,QUESTAR GAS,Enbridge Inc.,ENB,normalized_exact,ENBRIDGE,"Dominion Energy, Inc.",Acquisition of Whole Company (incl. Majority Stake),4250.0,2950.0,Completed,Gas Utilities,USA
SPTRD2042808,2023-09-05,2024-03-06,The East Ohio Gas Company,,no_match,EAST OHIO GAS,Enbridge Inc.,ENB,normalized_exact,ENBRIDGE,"Dominion Energy, Inc.",Acquisition of Whole Company (incl. Majority Stake),6600.0,4300.0,Completed,Gas Utilities,USA
SPTRD2041609,2023-08-28,2023-11-28,Hersha Hospitality Trust*,,no_match,HERSHA HOSPITALITY TRUST,"KSL Advisors, LLC",,no_match,KSL ADVISORS,,Acquisition of Whole Company (incl. Majority Stake),1303.17351,401.04916,Completed,Hotel and Resort REIT,USA
SPTRD2041610,2023-08-28,2024-01-02,RPT Realty,,no_match,RPT REALTY,Kimco Realty Corporation,KIM,normalized_exact,KIMCO REALTY,,Acquisition of Whole Company (incl. Majority Stake),2075.635487,1104.758487,Completed,Retail REIT,USA
SPTRD2041268,2023-08-24,2024-04-30,Doctor's Associates Inc.*,,no_match,DOCTOR S ASSOCIATES,Roark Capital Management LLC,,no_match,ROARK CAPITAL MANAGEMENT,,Acquisition of Whole Company (incl. Majority Stake),10000.0,10000.0,Completed,Restaurants,USA
SPTRD2040643,2023-08-21,2023-11-01,"Earthstone Energy, Inc.*",,no_match,EARTHSTONE ENERGY,Permian Resources Corporation,PR,normalized_exact,PERMIAN RESOURCES,Investor Group,Acquisition of Whole Company (incl. Majority Stake),5418.232599,2945.130599,Completed,Oil and Gas Exploration and Production,USA
SPTRD2040276,2023-08-17,2024-02-16,BAE Systems Space & Mission Systems Holdings Inc.,,no_match,BAE SYSTEMS SPACE AND MISSION SYSTEMS,"BAE Systems, Inc.",,no_match,BAE SYSTEMS,Ball Corporation,Acquisition of Whole Company (incl. Majority Stake),5550.0,5550.0,Completed,Unclassified,USA
SPTRD2040127,2023-08-16,2023-11-03,Crestwood Equity Partners LP,,no_match,CRESTWOOD EQUITY PARTNERS,Energy Transfer LP,ET,normalized_exact,ENERGY TRANSFER,,Acquisition of Whole Company (incl. Majority Stake),9370.996638,4993.096638,Completed,Oil and Gas Storage and Transportation,USA
SPTRD2039444,2023-08-10,2024-01-25,"Omni Logistics, LLC*",,no_match,OMNI LOGISTICS,Forward Air Corporation,FWRD,normalized_exact,FORWARD AIR,Investor Group,Acquisition of Whole Company (incl. Majority Stake),3200.0,,Completed,Air Freight and Logistics,USA
SPTRD2039174,2023-08-09,2023-11-07,"Avid Technology, Inc.*",,no_match,AVID TECHNOLOGY,"Symphony Technology Group, LLC",,no_match,SYMPHONY TECHNOLOGY,Investor Group,Acquisition of Whole Company (incl. Majority Stake),1448.722656,1228.333656,Completed,"Technology Hardware, Storage and Peripherals",USA
SPTRD2038880,2023-08-08,2023-12-31,DISH Network Corporation,,no_match,DISH NETWORK,EchoStar Corp.,SATS,normalized_exact,ECHOSTAR,,Acquisition of Whole Company (incl. Majority Stake),25061.139442,488.665442,Completed,Cable and Satellite,USA
SPTRD2038833,2023-08-08,2023-10-02,"Fire & Security Holdings, LLC*",,no_match,FIRE AND SECURITY,GTCR LLC,,no_match,GTCR,The ADT Security Corporation,Acquisition of Whole Company (incl. Majority Stake),1612.5,1612.5,Completed,Security and Alarm Services,USA
SPTRD2038848,2023-08-08,2023-08-08,"Syntellis Performance Solutions, LLC*",,no_match,SYNTELLIS PERFORMANCE SOLUTIONS,"Strata Decision Technology, L.L.C.",,no_match,STRATA DECISION TECHNOLOGY C,Investor Group,Acquisition of Whole Company (incl. Majority Stake),1400.0,,Completed,Application Software,USA
SPTRD2038727,2023-08-07,2023-10-30,"Simon & Schuster, Inc.",,no_match,SIMON AND SCHUSTER,KKR & Co. Inc.,KKR,normalized_exact,KKR AND,Paramount Global,Acquisition of Whole Company (incl. Majority Stake),1620.0,1620.0,Completed,Publishing,USA
SPTRD2038808,2023-08-07,2024-03-12,"Sovos Brands, Inc.*",,no_match,SOVOS BRANDS,Campbell Soup Company,,no_match,CAMPBELL SOUP,Investor Group,Acquisition of Whole Company (incl. Majority Stake),2725.700174,2460.865174,Completed,Packaged Foods and Meats Producers,USA
SPTRD2038807,2023-08-07,2023-11-30,Veritiv Corporation*,,no_match,VERITIV,"Clayton, Dubilier & Rice, LLC",,no_match,CLAYTON DUBILIER AND RICE,Investor Group,Acquisition of Whole Company (incl. Majority Stake),2779.692102,2410.892102,Completed,Trading Companies and Distributors,USA
SPTRD2037522,2023-07-30,2023-11-07,"New Relic, Inc.*",,no_match,RELIC,Investor Group,,no_match,INVESTOR,Investor Group,Acquisition of Whole Company (incl. Majority Stake),6982.184902,6982.184902,Completed,Application Software,USA
SPTRD2037234,2023-07-28,2023-09-19,Assets of early-stage rare disease gene therapy portfolio of Pfizer Inc.,,no_match,ASSETS OF EARLY STAGE RARE DISEASE GENE THERAPY PORTFOLIO OF PFIZER,"Alexion Pharmaceuticals, Inc.",,no_match,ALEXION PHARMACEUTICALS,Pfizer Inc.,Acquisition of Asset or Branch,1000.0,1000.0,Completed,Biotechnology,USA
SPTRD2037262,2023-07-28,2023-09-29,Quten Research Institute LLC,,no_match,QUTEN RESEARCH INSTITUTE,Sanofi,SNY,normalized_exact,SANOFI,,Acquisition of Whole Company (incl. Majority Stake),1400.0,1400.0,Completed,Personal Care and Beauty Products: Producers,USA
SPTRD2037276,2023-07-28,2023-09-26,"Reata Pharmaceuticals, Inc.*",,no_match,REATA PHARMACEUTICALS,Biogen Inc.,BIIB,normalized_exact,BIOGEN,Investor Group,Acquisition of Whole Company (incl. Majority Stake),7500.622314,7532.527314,Completed,Pharmaceuticals,USA
SPTRD2036653,2023-07-24,2023-10-04,"Columbia Gas Transmission, LLC/Columbia Gulf Transmission, LLC",,no_match,COLUMBIA GAS TRANSMISSION GULF TRANSMISSION,"Global Infrastructure Management, LLC",,no_match,GLOBAL INFRASTRUCTURE MANAGEMENT,TC Energy Corporation,Acquisition of Minority Stake,3900.0,3900.0,Completed,Oil and Gas Storage and Transportation,USA
SPTRD2036611,2023-07-24,2023-12-04,"Imperva, Inc.*",,no_match,IMPERVA,Thales S.A.,,no_match,THALES S A,"Thoma Bravo, L.P.",Acquisition of Whole Company (incl. Majority Stake),3700.0,3700.0,Completed,Systems Software,USA
SPTRD2036523,2023-07-24,2023-09-13,"Simply Storage Management, LLC",,no_match,SIMPLY STORAGE MANAGEMENT,Public Storage,PSA,normalized_exact,PUBLIC STORAGE,"Blackstone Real Estate Income Trust, Inc.",Acquisition of Whole Company (incl. Majority Stake),2200.0,2200.0,Completed,Real Estate Operating and Management,USA
SPTRD2036298,2023-07-21,2023-11-15,Chase Corporation,,no_match,CHASE,KKR & Co. Inc.,KKR,normalized_exact,KKR AND,,Acquisition of Whole Company (incl. Majority Stake),1310.970575,1248.394575,Completed,Specialty Chemicals,USA
SPTRD2036169,2023-07-20,2024-08-01,CRAFT 1861 Global Holdings Inc.,,no_match,CRAFT 1861 GLOBAL,"Nano Cures International, Inc.",,no_match,NANO CURES INTERNATIONAL,,Acquisition of Whole Company (incl. Majority Stake),1849.040792,1849.040792,Completed,Pharmaceuticals,USA
SPTRD2035978,2023-07-19,2023-10-17,"Heritage-Crystal Clean, Inc.*",,no_match,HERITAGE CRYSTAL CLEAN,"J.F. Lehman and Company, LLC",,no_match,J F LEHMAN AND,Investor Group,Acquisition of Whole Company (incl. Majority Stake),1321.813519,1138.518519,Completed,Environmental and Facilities Services,USA
SPTRD2035917,2023-07-19,2023-08-31,"Nextech Systems, LLC",,no_match,NEXTECH SYSTEMS,TPG Inc.,TPG,normalized_exact,TPG,"Thomas H. Lee Partners, L.P.",Acquisition of Whole Company (incl. Majority Stake),1400.0,1400.0,Completed,Health Care Technology,USA
SPTRD2035492,2023-07-14,2023-07-14,"DTx Pharma, Inc.*",,no_match,DTX PHARMA,Novartis AG,NVS,normalized_exact,NOVARTIS,Investor Group,Acquisition of Whole Company (incl. Majority Stake),1100.0,1100.0,Completed,Biotechnology,USA
SPTRD2035263,2023-07-14,2023-08-14,"Versanis Bio, Inc.*",,no_match,VERSANIS BIO,Eli Lilly and Company,LLY,normalized_exact,ELI LILLY AND,Investor Group,Acquisition of Whole Company (incl. Majority Stake),1925.0,,Completed,Biotechnology,USA
SPTRD2035176,2023-07-13,2023-11-02,Denbury Inc.,,no_match,DENBURY,Exxon Mobil Corporation,XOM,normalized_exact,EXXON MOBIL,Investor Group,Acquisition of Whole Company (incl. Majority Stake),4900.89452,4811.41552,Completed,Oil and Gas Exploration and Production,USA
SPTRD2035092,2023-07-13,2023-12-06,Western Asset Mortgage Capital Corporation,,no_match,WESTERN ASSET MORTGAGE CAPITAL,"AG Mortgage Investment Trust, Inc.",,no_match,MORTGAGE INVESTMENT TRUST,,Acquisition of Whole Company (incl. Majority Stake),2171.528544,57.097544,Completed,Mortgage REIT,USA
SPTRD2034590,2023-07-11,2024-05-09,AltC Acquisition Corp.,,no_match,ALTC ACQUISITION,Oklo Inc.,OKLO,normalized_exact,OKLO,Investor Group,Acquisition of Whole Company (incl. Majority Stake),1486.30159,1486.30159,Completed,Asset Management,USA
SPTRD2034376,2023-07-10,2023-09-01,"Cove Point LNG, LP",,no_match,COVE POINT LNG,Berkshire Hathaway Energy Company,,no_match,BERKSHIRE HATHAWAY ENERGY,"Dominion Energy, Inc.",Acquisition of Whole Company (incl. Majority Stake),3300.0,3300.0,Completed,Oil and Gas Storage and Transportation,USA
SPTRD2033948,2023-07-07,2023-08-31,Kerecis LLC*,,no_match,KERECIS,Coloplast A/S,,no_match,COLOPLAST A S,Investor Group,Acquisition of Whole Company (incl. Majority Stake),1300.0,1300.0,Completed,Biotechnology,USA
SPTRD2032807,2023-06-29,2024-02-14,Semper Paratus Acquisition Corporation,,no_match,SEMPER PARATUS ACQUISITION,Tevogen Bio Inc.,TVGN,normalized_exact,TEVOGEN BIO,Investor Group,Acquisition of Whole Company (incl. Majority Stake),1479.8,1479.8,Completed,Asset Management,USA
SPTRD2032225,2023-06-27,2024-05-02,American Equity Investment Life Holding Company,,no_match,AMERICAN EQUITY INVESTMENT LIFE,Brookfield Reinsurance Ltd.,,no_match,BROOKFIELD REINSURANCE,,Acquisition of Whole Company (incl. Majority Stake),3768.184822,3768.184822,Completed,Life and Health,USA
SPTRD2032174,2023-06-26,2023-06-29,14MSF Blackstone Industrial Portfolio*,,no_match,14MSF BLACKSTONE INDUSTRIAL PORTFOLIO,"Prologis, Inc.",PLD,normalized_exact,PROLOGIS,Blackstone Inc.,Acquisition of Asset or Branch,3100.0,3100.0,Completed,Real Estate Operating and Management,USA
SPTRD2032162,2023-06-26,2023-06-26,245 Park Avenue,,no_match,245 PARK AVENUE,"Mori Trust Co., Ltd.",,no_match,MORI TRUST,SL Green Realty Corp.,Acquisition of Asset or Branch,1995.0,1995.0,Completed,Real Estate Operating and Management,USA
SPTRD2032295,2023-06-26,2023-08-10,"Apptio, Inc.*",,no_match,APPTIO,International Business Machines Corporation,IBM,normalized_exact,INTERNATIONAL BUSINESS MACHINES,"Vista Equity Partners Management, LLC",Acquisition of Whole Company (incl. Majority Stake),5027.0,4612.0,Completed,Application Software,USA
SPTRD2032146,2023-06-26,2023-07-12,"Mosaic ML, Inc.*",,no_match,MOSAIC ML,"Databricks, Inc.",,no_match,DATABRICKS,Investor Group,Acquisition of Whole Company (incl. Majority Stake),1300.0,,Completed,Systems Software,USA
SPTRD2031276,2023-06-20,2023-10-02,"Compass Datacenters, LLC*",,no_match,COMPASS DATACENTERS,Investor Group,,no_match,INVESTOR,Investor Group,Acquisition of Whole Company (incl. Majority Stake),1350.0,1350.0,Completed,Internet Services and Infrastructure,USA
SPTRD2031305,2023-06-20,2023-08-09,"DICE Therapeutics, Inc.*",,no_match,DICE THERAPEUTICS,Eli Lilly and Company,LLY,normalized_exact,ELI LILLY AND,Investor Group,Acquisition of Whole Company (incl. Majority Stake),1915.974394,2431.777394,Completed,Pharmaceuticals,USA
SPTRD2031251,2023-06-20,2023-08-02,"Hibernia Energy III, LLC/Hibernia Energy III-B, LLC*",,no_match,HIBERNIA ENERGY III ENERGY III B,"Civitas Resources, Inc.",,no_match,CIVITAS RESOURCES,"NGP Energy Capital Management, LLC",Acquisition of Whole Company (incl. Majority Stake),2169.329,2200.0,Completed,Unclassified,USA
SPTRD2030740,2023-06-15,2023-09-01,NexTier Oilfield Solutions Inc.*,,no_match,NEXTIER OILFIELD SOLUTIONS,"Patterson-UTI Energy, Inc.",PTEN,normalized_exact,PATTERSON UTI ENERGY,Investor Group,Acquisition of Whole Company (incl. Majority Stake),2683.061587,2541.519587,Completed,Oil and Gas Equipment and Services,USA
SPTRD2030792,2023-06-15,2023-08-15,"Novo Oil & Gas Holdings, LLC*",,no_match,NOVO OIL AND GAS,"Earthstone Energy Holdings, LLC",,no_match,EARTHSTONE ENERGY,Investor Group,Acquisition of Whole Company (incl. Majority Stake),1500.0,1500.0,Completed,Oil and Gas Exploration and Production,USA
SPTRD2030536,2023-06-14,2023-08-01,South Texas Gateway Terminal LLC,,no_match,SOUTH TEXAS GATEWAY TERMINAL,Gibson Energy Inc.,,no_match,GIBSON ENERGY,"Buckeye Partners, L.P.",Acquisition of Whole Company (incl. Majority Stake),1099.5,1099.5,Completed,Oil and Gas Storage and Transportation,USA
SPTRD2029985,2023-06-12,2023-11-01,"Adenza Group, Inc.",,no_match,ADENZA,"Nasdaq, Inc.",NDAQ,normalized_exact,NASDAQ,"Thoma Bravo, L.P.",Acquisition of Whole Company (incl. Majority Stake),10060.177334,10060.177334,Completed,Application Software,USA
SPTRD2030027,2023-06-12,2023-08-11,"Chinook Therapeutics, Inc.*",,no_match,CHINOOK THERAPEUTICS,Novartis AG,NVS,normalized_exact,NOVARTIS,Investor Group,Acquisition of Whole Company (incl. Majority Stake),3500.0,,Completed,Biotechnology,USA
SPTRD2030080,2023-06-12,2023-10-25,Commercial Renewables business,,no_match,COMMERCIAL RENEWABLES BUSINESS,Brookfield Renewable Partners L.P.,BEP,normalized_exact,BROOKFIELD RENEWABLE PARTNERS,Duke Energy Corporation,Acquisition of Asset or Branch,2800.0,,Completed,Renewable Electricity,USA
SPTRD2029802,2023-06-05,2025-08-14,"Amedisys, Inc.",,no_match,AMEDISYS,"Optum, Inc.",,no_match,OPTUM,Investor Group,Acquisition of Whole Company (incl. Majority Stake),3519.888222,3364.312222,Completed,Health Care Services,USA
SPTRD2028889,2023-06-05,2023-10-18,"CIRCOR International, Inc.*",,no_match,CIRCOR INTERNATIONAL,KKR & Co. Inc.,KKR,normalized_exact,KKR AND,,Acquisition of Whole Company (incl. Majority Stake),1668.302648,1179.077648,Completed,Machinery and Supplies and Components: Industrial,USA
SPTRD2028918,2023-06-05,2023-07-07,Loan portfolio,,no_match,LOAN PORTFOLIO,Fairfax Financial Holdings Limited,,no_match,FAIRFAX FINANCIAL,"Kennedy-Wilson Holdings, Inc.",Acquisition of Asset or Branch,2100.0,2100.0,Completed,Specialty Finance: Commercial Focused,USA
SPTRD2028430,2023-06-01,2023-11-01,South Texas Project,,no_match,SOUTH TEXAS PROJECT,"Constellation Energy Generation, LLC",,no_match,CONSTELLATION ENERGY GENERATION,"NRG Energy, Inc.",Acquisition of Asset or Branch,1750.0,1750.0,Completed,Electric Utilities,USA
SPTRD2028294,2023-05-31,2023-06-30,"Jetro Holdings, LLC",,no_match,JETRO,Undisclosed Buyer,,no_match,UNDISCLOSED BUYER,"Fomento Económico Mexicano, S.A.B. de C.V.",Acquisition of Minority Stake,1400.0,1400.0,Completed,Food Distributors,USA
SPTRD2028343,2023-05-31,2023-05-31,"PureWest Energy, LLC*",,no_match,PUREWEST ENERGY,Investor Group,,no_match,INVESTOR,,Acquisition of Whole Company (incl. Majority Stake),1840.0,1840.0,Completed,Oil and Gas Exploration and Production,USA
SPTRD2028235,2023-05-31,2024-01-01,"Putnam Investments, LLC",,no_match,PUTNAM INVESTMENTS,"Franklin Resources, Inc.",BEN,normalized_exact,FRANKLIN RESOURCES,Great-West Lifeco Inc.,Acquisition of Whole Company (incl. Majority Stake),1300.0,1300.0,Completed,Asset Management,USA
SPTRD2027936,2023-05-27,2024-03-01,Liberty Seguros personal and small commercial business of Liberty Mutual Insuran,,no_match,LIBERTY SEGUROS PERSONAL AND SMALL COMMERCIAL BUSINESS OF LIBERTY MUTUAL INSURAN,HDI International AG,,no_match,HDI INTERNATIONAL,Liberty Mutual Holding Company Inc.,Acquisition of Asset or Branch,1491.7306236,1491.7306236,Completed,Property and Casualty,USA
SPTRD2027207,2023-05-23,2023-09-12,"The Necessity Retail REIT, Inc.",,no_match,NECESSITY RETAIL REIT,"Global Net Lease, Inc.",GNL,normalized_exact,GLOBAL NET LEASE,,Acquisition of Whole Company (incl. Majority Stake),4037.543244,1084.915244,Completed,Retail REIT,USA
SPTRD2026816,2023-05-22,2023-07-07,Loan portfolio*,,no_match,LOAN PORTFOLIO,"Kennedy-Wilson Holdings, Inc.",KW,normalized_exact,KENNEDY WILSON,PacWest Bancorp,Acquisition of Asset or Branch,2400.0,2400.0,Completed,Mortgage Banks and Brokers,USA
SPTRD2026839,2023-05-22,2023-08-07,"PDC Energy, Inc.",,no_match,PDC ENERGY,Chevron Corporation,CVX,normalized_exact,CHEVRON,Investor Group,Acquisition of Whole Company (incl. Majority Stake),8108.181394,6520.613394,Completed,Oil and Gas Exploration and Production,USA
SPTRD2026451,2023-05-18,2023-08-18,Urstadt Biddle Properties Inc.,,no_match,URSTADT BIDDLE PROPERTIES,Regency Centers Corporation,REG,normalized_exact,REGENCY CENTERS,,Acquisition of Whole Company (incl. Majority Stake),1441.96939,832.92039,Completed,Retail REIT,USA
SPTRD2026247,2023-05-17,2023-08-01,in-force individual life insurance business of FNWL,,no_match,IN FORCE INDIVIDUAL LIFE INSURANCE BUSINESS OF FNWL,Security Life of Denver Insurance Company,,no_match,SECURITY LIFE OF DENVER INSURANCE,Farmers New World Life Insurance Company,Acquisition of Asset or Branch,1800.0,1800.0,Completed,Life and Health,USA
SPTRD2025736,2023-05-15,2023-11-01,"Angelo, Gordon & Co., L.P.",,no_match,ANGELO GORDON AND,TPG Inc.,TPG,normalized_exact,TPG,,Acquisition of Whole Company (incl. Majority Stake),3097.5,3097.5,Completed,Asset Management,USA
SPTRD2025802,2023-05-15,2023-08-04,"Wencor Group, LLC*",,no_match,WENCOR,HEICO Corporation,HEI,normalized_exact,HEICO,Warburg Pincus LLC,Acquisition of Whole Company (incl. Majority Stake),2060.449531,2060.24628,Completed,Aerospace and Defense,USA
SPTRD2025726,2023-05-14,2023-09-25,"Magellan Midstream Partners, L.P.",,no_match,MAGELLAN MIDSTREAM PARTNERS,"ONEOK, Inc.",OKE,normalized_exact,ONEOK,,Acquisition of Whole Company (incl. Majority Stake),19109.880421,14156.180421,Completed,Oil and Gas Storage and Transportation,USA
SPTRD2025427,2023-05-12,2023-07-21,Washington Commander's NFL franchise,,no_match,WASHINGTON COMMANDER S NFL FRANCHISE,Private Investor,,no_match,PRIVATE INVESTOR,Undisclosed Seller,Acquisition of Asset or Branch,6050.0,6050.0,Completed,Movies and Entertainment,USA
SPTRD2025201,2023-05-11,,"CI US Holdings, Inc.*",,no_match,CI US,Investor group,,no_match,INVESTOR,CI Financial Corp.,Acquisition of Minority Stake,1000.0,1000.0,Announced,Asset Management,USA
SPTRD2024813,2023-05-10,2023-06-26,CTI BioPharma Corp.,,no_match,CTI BIOPHARMA,Swedish Orphan Biovitrum AB (publ),,no_match,SWEDISH ORPHAN BIOVITRUM AB,Investor Group,Acquisition of Whole Company (incl. Majority Stake),1694.134825,1680.327825,Completed,Biotechnology,USA
SPTRD2024913,2023-05-10,2024-01-04,Livent Corporation,,no_match,LIVENT,Allkem Limited,,no_match,ALLKEM,,Acquisition of Whole Company (incl. Majority Stake),2938.760006,2876.760006,Completed,Specialty Chemicals,USA
SPTRD2024905,2023-05-10,2023-09-28,"Syneos Health, Inc.*",,no_match,SYNEOS HEALTH,Investor Group,,no_match,INVESTOR,Investor Group,Acquisition of Whole Company (incl. Majority Stake),7409.876877,4605.823877,Completed,Life Sciences Tools and Services,USA
SPTRD2024722,2023-05-09,2025-02-05,Mattress Firm Group Inc.,,no_match,MATTRESS FIRM,"Tempur Sealy International, Inc.",,no_match,TEMPUR SEALY INTERNATIONAL,Investor Group,Acquisition of Whole Company (incl. Majority Stake),4001.604,,Completed,Homefurnishing Retail,USA
SPTRD2024418,2023-05-08,2023-09-29,Simtra US LLC*,,no_match,SIMTRA US,Investor Group,,no_match,INVESTOR,Investor Group,Acquisition of Whole Company (incl. Majority Stake),4250.0,4250.0,Completed,Pharmaceuticals,USA
SPTRD2024003,2023-05-04,2023-08-18,Arconic Corporation,,no_match,ARCONIC,Investor group,,no_match,INVESTOR,,Acquisition of Whole Company (incl. Majority Stake),4546.61685,3100.61685,Completed,Aluminum,USA
SPTRD2024086,2023-05-04,2023-12-01,"Holly Energy Partners, L.P.",,no_match,HOLLY ENERGY PARTNERS,HF Sinclair Corporation,DINO,normalized_exact,HF SINCLAIR,,Acquisition of Whole Company (incl. Majority Stake),2958.999603,1372.435603,Completed,Oil and Gas Storage and Transportation,USA
SPTRD2023438,2023-05-02,2023-08-01,"Spectrum Plastics Group, Inc.*",,no_match,SPECTRUM PLASTICS,"DuPont de Nemours, Inc.",DD,normalized_exact,DUPONT NEMOURS,AEA Investors LP,Acquisition of Whole Company (incl. Majority Stake),1750.0,1750.0,Completed,Health Care Supplies,USA
SPTRD2023143,2023-04-30,2023-07-11,"IVERIC bio, Inc.*",,no_match,IVERIC BIO,"Astellas US Holding, Inc.",,no_match,ASTELLAS US,Investor Group,Acquisition of Whole Company (incl. Majority Stake),5424.10417,5926.26417,Completed,Biotechnology,USA
SPTRD2022899,2023-04-27,2024-04-16,Arrowroot Acquisition Corp.,,no_match,ARROWROOT ACQUISITION,"iLearningEngines, Inc.",,no_match,ILEARNINGENGINES,Arrowroot Acquisition LLC,Acquisition of Whole Company (incl. Majority Stake),1310.250671,,Completed,Asset Management,USA
SPTRD2041174,2023-04-27,2023-04-27,Portfolio of 173 retail assets,,no_match,PORTFOLIO OF 173 RETAIL ASSETS,Investor Group,,no_match,INVESTOR,Investor Group,Acquisition of Asset or Branch,1800.0,1800.0,Completed,Unclassified,USA
SPTRD2032606,2023-04-25,2023-06-28,"IMG Academy, LLC",,no_match,IMG ACADEMY,Investor group,,no_match,INVESTOR,"Endeavor Group Holdings, Inc.",Acquisition of Whole Company (incl. Majority Stake),1250.0,1100.0,Completed,Education Services,USA
SPTRD2022059,2023-04-24,2023-06-30,BAQSIMI worldwide and related assets of Eli Lilly and Company,,no_match,BAQSIMI WORLDWIDE AND RELATED ASSETS OF ELI LILLY AND,"Amphastar Medication Co., LLC",,no_match,AMPHASTAR MEDICATION,Eli Lilly and Company,Acquisition of Asset or Branch,1200.0,1075.0,Completed,Pharmaceuticals,USA
SPTRD2028072,2023-04-22,2023-07-24,worldwide commercial rights for Zyprexa,,no_match,WORLDWIDE COMMERCIAL RIGHTS FOR ZYPREXA,CHEPLAPHARM Arzneimittel GmbH,,no_match,CHEPLAPHARM ARZNEIMITTEL GMBH,Eli Lilly and Company,Acquisition of Asset or Branch,1405.0,1405.0,Completed,Pharmaceuticals,USA
SPTRD2021666,2023-04-20,2023-04-20,Affordable Apartment Homes Across Eight States of US,,no_match,AFFORDABLE APARTMENT HOMES ACROSS EIGHT STATES OF US,Essential Housing Impact Partnership,,no_match,ESSENTIAL HOUSING IMPACT PARTNERSHIP,Harmony Housing,Acquisition of Asset or Branch,1200.0,1200.0,Completed,Unclassified,USA
SPTRD2021640,2023-04-20,2023-06-09,"OneOncology, LLC*",,no_match,ONEONCOLOGY,Investor Group,,no_match,INVESTOR,"General Atlantic Service Company, L.P.",Acquisition of Whole Company (incl. Majority Stake),2100.0,2100.0,Completed,Health Care Facilities,USA
SPTRD2020857,2023-04-16,2023-06-16,"Prometheus Biosciences, Inc.*",,no_match,PROMETHEUS BIOSCIENCES,"Merck & Co., Inc.",MRK,normalized_exact,MERCK AND,Investor Group,Acquisition of Whole Company (incl. Majority Stake),10162.956053,10847.163053,Completed,Biotechnology,USA
SPTRD2020660,2023-04-13,2024-12-27,"Consolidated Communications Holdings, Inc.*",,no_match,CONSOLIDATED COMMUNICATIONS,Investor group,,no_match,INVESTOR,,Acquisition of Whole Company (incl. Majority Stake),3161.000943,386.680943,Completed,Integrated Telecommunication Services,USA
SPTRD2020035,2023-04-11,2023-07-31,FGS Global Inc*,,no_match,FGS GLOBAL,KKR & Co. Inc.,KKR,normalized_exact,KKR AND,Investor Group,Acquisition of Minority Stake,1425.0,,Completed,Research and Consulting Services,USA
SPTRD2019158,2023-04-05,2023-07-12,"Scopely, Inc.*",,no_match,SCOPELY,Savvy Games Group,,no_match,SAVVY GAMES,Investor Group,Acquisition of Whole Company (incl. Majority Stake),4900.0,,Completed,Interactive Home Entertainment,USA
SPTRD2018624,2023-04-03,2023-05-18,"ECM Industries, LLC*",,no_match,ECM INDUSTRIES,nVent Electric plc,NVT,normalized_exact,NVENT ELECTRIC,"Sentinel Capital Partners, L.L.C.",Acquisition of Whole Company (incl. Majority Stake),1091.8,1137.5,Completed,Trading Companies and Distributors,USA
SPTRD2018438,2023-04-03,2023-07-20,"Life Storage, Inc.",,no_match,LIFE STORAGE,Extra Space Storage Inc.,EXR,normalized_exact,EXTRA SPACE STORAGE,,Acquisition of Whole Company (incl. Majority Stake),14976.648737,11368.991737,Completed,Self-Storage REIT,USA
SPTRD2018553,2023-04-03,2023-06-12,"Substantially All leasehold interest & related assets of Black Swan Oil, Petrole*",,no_match,SUBSTANTIALLY ALL LEASEHOLD INTEREST AND RELATED ASSETS OF BLACK SWAN OIL PETROLE,Ovintiv USA Inc.,,no_match,OVINTIV USA,Investor Group,Acquisition of Asset or Branch,4439.650921,4439.650921,Completed,Unclassified,USA
SPTRD2018510,2023-04-03,2023-09-12,"World Wrestling Entertainment, Inc.",,no_match,WORLD WRESTLING ENTERTAINMENT,"Zuffa, LLC",,no_match,ZUFFA,,Acquisition of Whole Company (incl. Majority Stake),8261.113,8370.3,Completed,Movies and Entertainment,USA
SPTRD2020969,2023-03-31,2023-09-01,"Boardriders, Inc.",,no_match,BOARDRIDERS,Authentic Brands Group Inc.,,no_match,AUTHENTIC BRANDS,,Acquisition of Whole Company (incl. Majority Stake),1300.0,1300.0,Completed,"Apparel, Accessories and Luxury Goods",USA
SPTRD2017394,2023-03-28,2023-11-15,United Malt Group Limited,,no_match,UNITED MALT,Malteries Soufflet SAS,,no_match,MALTERIES SOUFFLET SAS,,Acquisition of Whole Company (incl. Majority Stake),1396.8583290534734,981.9439991427732,Completed,Packaged Foods and Meats Producers,USA
SPTRD2017255,2023-03-27,2023-05-02,Centurion Pipeline Company LLC,,no_match,CENTURION PIPELINE,Energy Transfer LP,ET,normalized_exact,ENERGY TRANSFER,"Lotus Midstream, LLC",Acquisition of Whole Company (incl. Majority Stake),1504.495,1504.495,Completed,Oil and Gas Storage and Transportation,USA
SPTRD2015995,2023-03-20,2023-12-01,"Ammonia Production Facility and Business in Waggaman, Louisiana of Incitec Pivot",,no_match,AMMONIA PRODUCTION FACILITY AND BUSINESS IN WAGGAMAN LOUISIANA OF INCITEC PIVOT,"CF Industries Holdings, Inc.",CF,normalized_exact,CF INDUSTRIES,Incitec Pivot Limited,Acquisition of Asset or Branch,1675.0,1675.0,Completed,Unclassified,USA
SPTRD2016336,2023-03-20,2023-08-21,"Franchise Group, Inc.",,no_match,FRANCHISE,Management Group,,no_match,MANAGEMENT,,Acquisition of Whole Company (incl. Majority Stake),3460.973921,732.708921,Completed,Other Specialty Retail,USA
SPTRD2015237,2023-03-15,2024-05-01,Kaena Corporation,,no_match,KAENA,"T-Mobile US, Inc.",TMUS,normalized_exact,T MOBILE US,,Acquisition of Whole Company (incl. Majority Stake),1350.0,1350.0,Completed,Wireless Telecommunication Services,USA
SPTRD2015095,2023-03-14,2023-06-15,Cvent Holding Corp.,,no_match,CVENT,Investor group,,no_match,INVESTOR,,Acquisition of Whole Company (incl. Majority Stake),4781.677093,4693.878093,Completed,Application Software,USA
SPTRD2015064,2023-03-14,2023-08-01,Univar Solutions Inc.,,no_match,UNIVAR SOLUTIONS,Investor group,,no_match,INVESTOR,,Acquisition of Whole Company (incl. Majority Stake),8035.835962,5898.535962,Completed,Trading Companies and Distributors,USA
SPTRD2014924,2023-03-13,2023-05-31,Momentive Global Inc.*,,no_match,MOMENTIVE GLOBAL,"Symphony Technology Group, LLC",,no_match,SYMPHONY TECHNOLOGY,Investor Group,Acquisition of Whole Company (incl. Majority Stake),1562.49779,1531.32979,Completed,Application Software,USA
SPTRD2014904,2023-03-13,2023-04-27,"Provention Bio, Inc.",,no_match,PROVENTION BIO,Sanofi,SNY,normalized_exact,SANOFI,,Acquisition of Whole Company (incl. Majority Stake),2715.928416,2856.870416,Completed,Pharmaceuticals,USA
SPTRD2014859,2023-03-13,2023-12-14,Seagen Inc.*,,no_match,SEAGEN,Pfizer Inc.,PFE,normalized_exact,PFIZER,Investor Group,Acquisition of Whole Company (incl. Majority Stake),43380.796162,44493.206162,Completed,Biotechnology,USA
SPTRD2014858,2023-03-12,2023-06-28,Qualtrics International Inc.*,,no_match,QUALTRICS INTERNATIONAL,Investor Group,,no_match,INVESTOR,Investor Group,Acquisition of Whole Company (incl. Majority Stake),10358.685386,10887.984386,Completed,Application Software,USA
SPTRD2014224,2023-03-08,2023-07-05,"Diversey Holdings, Ltd.*",,no_match,DIVERSEY,Solenis LLC,,no_match,SOLENIS,"Bain Capital Private Equity, LP",Acquisition of Whole Company (incl. Majority Stake),4585.253316,2636.353316,Completed,Specialty Chemicals,USA
SPTRD2015333,2023-03-08,2023-03-08,Securities portfolio of Silicon Valley Bank,,no_match,SECURITIES PORTFOLIO OF SILICON VALLEY BANK,Goldman Sachs & Co. LLC,,no_match,GOLDMAN SACHS AND,SVB Financial Group,Acquisition of Asset or Branch,21450.0,21450.0,Completed,Asset Management,USA
SPTRD2013788,2023-03-06,2023-06-30,414 Single-tenant Convenience Store Properties in the U.S,,no_match,414 SINGLE TENANT CONVENIENCE STORE PROPERTIES IN U S,Realty Income Corporation,O,normalized_exact,REALTY INCOME,EG Group Limited,Acquisition of Asset or Branch,1500.0,1500.0,Completed,Real Estate Operating and Management,USA
SPTRD2013858,2023-03-06,2024-03-01,Energy Harbor Corp.,,no_match,ENERGY HARBOR,Vistra Operations Company LLC,,no_match,VISTRA OPERATIONS,Investor group,Acquisition of Whole Company (incl. Majority Stake),5026.0,4596.0,Completed,Electric Utilities,USA
SPTRD2013792,2023-03-06,2023-06-01,"NJOY Holdings, Inc.*",,no_match,NJOY,"Altria Group, Inc.",MO,normalized_exact,ALTRIA,Investor Group,Acquisition of Whole Company (incl. Majority Stake),3250.0,3250.0,Completed,Tobacco Producers,USA
SPTRD2013050,2023-03-01,2023-09-21,"Radius Global Infrastructure, Inc.*",,no_match,RADIUS GLOBAL INFRASTRUCTURE,Investor Group,,no_match,INVESTOR,Investor Group,Acquisition of Whole Company (incl. Majority Stake),1836.351203,1836.351203,Completed,Integrated Telecommunication Services,USA
SPTRD2012810,2023-02-28,2023-04-20,"Amplexor Life Sciences, LLC*",,no_match,AMPLEXOR LIFE SCIENCES,ArisGlobal LLC,,no_match,ARISGLOBAL,,Acquisition of Whole Company (incl. Majority Stake),8000.0,8000.0,Completed,Health Care Technology,USA
SPTRD2018839,2023-02-28,2023-06-13,Heska Corporation,,no_match,HESKA,"Antech Diagnostics, Inc.",,no_match,ANTECH DIAGNOSTICS,Investor Group,Acquisition of Whole Company (incl. Majority Stake),1418.814513,1518.573513,Completed,Health Care Equipment,USA
SPTRD2012780,2023-02-28,2023-06-20,Ranger Oil Corporation*,,no_match,RANGER OIL,Baytex Energy Corp.,BTE,normalized_exact,BAYTEX ENERGY,Investor Group,Acquisition of Whole Company (incl. Majority Stake),2299.599122,1036.294122,Completed,Oil and Gas Exploration and Production,USA
SPTRD2011904,2023-02-22,2023-08-16,Renewables Portfolio,,no_match,RENEWABLES PORTFOLIO,IRG Acquisition Holdings,,no_match,IRG ACQUISITION,"American Electric Power Company, Inc.",Acquisition of Asset or Branch,1500.0,1300.0,Completed,Renewable Electricity,USA
SPTRD2011718,2023-02-21,2025-04-10,Marblegate Acquisition Corp.,,no_match,MARBLEGATE ACQUISITION,Marblegate Capital Corporation,,no_match,MARBLEGATE CAPITAL,Investor Group,Acquisition of Whole Company (incl. Majority Stake),2705.897535,2705.897535,Completed,Asset Management,USA
SPTRD2011593,2023-02-20,2023-04-27,Northern Portion of Chesapeake Eagle Ford Asset,,no_match,NORTHERN PORTION OF CHESAPEAKE EAGLE FORD ASSET,INEOS Upstream Holdings Limited,,no_match,INEOS UPSTREAM,Investor Group,Acquisition of Asset or Branch,1400.0,1400.0,Completed,Unclassified,USA
SPTRD2010725,2023-02-16,2023-04-03,"Truist Insurance Holdings, Inc.",,no_match,TRUIST INSURANCE,Investor Group,,no_match,INVESTOR,Truist Financial Corporation,Acquisition of Minority Stake,1950.0,1950.0,Completed,Insurance Broker,USA
SPTRD2010804,2023-02-15,2023-05-14,TravelCenters of America Inc.,,no_match,TRAVELCENTERS OF AMERICA,BP Products North America Inc.,,no_match,BP PRODUCTS NORTH AMERICA,Investor Group,Acquisition of Whole Company (incl. Majority Stake),3166.044982,1346.315982,Completed,Automotive Retail,USA
SPTRD2010498,2023-02-15,2023-04-13,Wyatt Technology Corporation,,no_match,WYATT TECHNOLOGY,Waters Technologies Corporation,,no_match,WATERS TECHNOLOGIES,,Acquisition of Whole Company (incl. Majority Stake),1360.0,1360.0,Completed,Electronic Equipment and Instruments,USA
SPTRD2009563,2023-02-09,2023-09-01,"NuVasive, Inc.",,no_match,NUVASIVE,"Globus Medical, Inc.",GMED,normalized_exact,GLOBUS MEDICAL,Investor Group,Acquisition of Whole Company (incl. Majority Stake),2551.866415,2614.712415,Completed,Health Care Equipment,USA
SPTRD2009540,2023-02-09,2023-05-07,"Sumo Logic, Inc.*",,no_match,SUMO LOGIC,"Francisco Partners Management, L.P.",,no_match,FRANCISCO PARTNERS MANAGEMENT,Investor Group,Acquisition of Whole Company (incl. Majority Stake),1397.423291,1739.112291,Completed,Application Software,USA
SPTRD2009290,2023-02-08,2023-05-01,"Oak Street Health, Inc.*",,no_match,OAK STREET HEALTH,CVS Health Corporation,CVS,normalized_exact,CVS HEALTH,Investor Group,Acquisition of Whole Company (incl. Majority Stake),10556.862742,10440.862742,Completed,Health Care Services,USA
SPTRD2009312,2023-02-08,2023-04-28,"Pet Food Business of Ainsworth Pet Nutrition, LLC and Big Heart Pet Brands, Inc.",,no_match,PET FOOD BUSINESS OF AINSWORTH PET NUTRITION AND BIG HEART PET BRANDS,"Post Holdings, Inc.",POST,normalized_exact,POST,Investor Group,Acquisition of Asset or Branch,1207.091165,1207.091165,Completed,Packaged Foods and Meats Producers,USA
SPTRD2008848,2023-02-07,2023-02-24,"Duro-Last, Inc.",,no_match,DURO LAST,Holcim AG,,no_match,HOLCIM,,Acquisition of Whole Company (incl. Majority Stake),1293.0,,Completed,Building Products,USA
SPTRD2008803,2023-02-06,2023-02-06,"Cerveau Technologies, Inc.",,no_match,CERVEAU TECHNOLOGIES,"Lantheus Holdings, Inc.",LNTH,normalized_exact,LANTHEUS,,Acquisition of Whole Company (incl. Majority Stake),1309.8,1309.8,Completed,Biotechnology,USA
SPTRD2008555,2023-02-03,2023-06-14,Titan Acquisition Holdings L.P.*,TACH,normalized_exact,TITAN ACQUISITION,"Lone Star Americas Acquisitions, Inc.",,no_match,LONE STAR AMERICAS ACQUISITIONS,Investor Group,Acquisition of Whole Company (incl. Majority Stake),2000.0,2000.0,Completed,Machinery and Equipment: Construction and Heavy Transportation,USA
SPTRD2008511,2023-02-02,2024-03-25,"FirstEnergy Transmission, LLC",,no_match,FIRSTENERGY TRANSMISSION,Brookfield Corporation,BN,normalized_exact,BROOKFIELD,FirstEnergy Corp.,Acquisition of Minority Stake,3500.0,3500.0,Completed,Electric Utilities,USA
SPTRD2008258,2023-02-02,2023-08-31,Focus Financial Partners Inc.*,,no_match,FOCUS FINANCIAL PARTNERS,Investor Group,,no_match,INVESTOR,,Acquisition of Whole Company (incl. Majority Stake),4135.285621,4135.285621,Completed,Asset Management,USA
SPTRD2008357,2023-02-01,2024-09-17,"Pono Capital Two, Inc.",,no_match,PONO CAPITAL TWO,SBC Medical Group Holdings Incorporated,SBC,normalized_exact,SBC MEDICAL,Investor Group,Acquisition of Whole Company (incl. Majority Stake),1044.2,,Completed,Asset Management,USA
SPTRD2019864,2023-01-31,2023-01-31,Pilot Travel Centers LLC,,no_match,PILOT TRAVEL CENTERS,Berkshire Hathaway Inc.,BRK.B,normalized_exact,BERKSHIRE HATHAWAY,,Acquisition of Minority Stake,8200.0,8200.0,Completed,Automotive Retail,USA
SPTRD2007600,2023-01-30,2023-04-27,"WPF Holdings, Inc.",,no_match,WPF,"Vezbi, Inc",,no_match,VEZBI,,Acquisition of Whole Company (incl. Majority Stake),4863.5631,4863.5631,Completed,Casinos and Gaming,USA
SPTRD2006518,2023-01-24,2023-04-12,"Advance Energy Partners, LLC*",,no_match,ADVANCE ENERGY PARTNERS,MRC Energy Company,,no_match,MRC ENERGY,EnCap Investments L.P.,Acquisition of Whole Company (incl. Majority Stake),1687.533504,1687.533504,Completed,Oil and Gas Exploration and Production,USA
SPTRD2016967,2023-01-23,,Assets of Genesis Global Capital LLC,,no_match,ASSETS OF GENESIS GLOBAL CAPITAL,KAJ LABS INC,,no_match,KAJ LABS,"Genesis Global Capital, LLC",Acquisition of Asset or Branch,1500.0,1500.0,Announced,Unclassified,USA
SPTRD2006233,2023-01-23,2023-05-24,Evoqua Water Technologies Corp.,,no_match,EVOQUA WATER TECHNOLOGIES,Xylem Inc.,XYL,normalized_exact,XYLEM,Investor Group,Acquisition of Whole Company (incl. Majority Stake),7163.555064,6351.081064,Completed,Machinery and Supplies and Components: Industrial,USA
SPTRD2005377,2023-01-18,2023-03-20,"Brazos Valley region of Eagle Ford asset of Brazos Valley Longhorn, L.L.C.",,no_match,BRAZOS VALLEY REGION OF EAGLE FORD ASSET OF BRAZOS VALLEY LONGHORN C,"WildFire Energy I, LLC",,no_match,WILDFIRE ENERGY I,"Brazos Valley Longhorn, L.L.C.",Acquisition of Asset or Branch,1425.0,1425.0,Completed,Unclassified,USA
SPTRD2003232,2023-01-09,2023-03-01,"Albireo Pharma, Inc.*",,no_match,ALBIREO PHARMA,"Ipsen Biopharmaceuticals, Inc.",,no_match,IPSEN BIOPHARMACEUTICALS,Investor Group,Acquisition of Whole Company (incl. Majority Stake),1024.12759,1172.64659,Completed,Biotechnology,USA
SPTRD2003392,2023-01-09,2023-02-23,"CinCor Pharma, Inc.*",,no_match,CINCOR PHARMA,AstraZeneca Finance and Holdings Inc.,,no_match,ASTRAZENECA FINANCE AND,Investor Group,Acquisition of Whole Company (incl. Majority Stake),1134.915799,1657.412446,Completed,Pharmaceuticals,USA
SPTRD2003360,2023-01-09,2023-03-30,Duck Creek Technologies LLC*,,no_match,DUCK CREEK TECHNOLOGIES,"Vista Equity Partners Management, LLC",,no_match,VISTA EQUITY PARTNERS MANAGEMENT,Investor Group,Acquisition of Whole Company (incl. Majority Stake),2368.936451,2611.495451,Completed,Insurance Technology,USA
SPTRD2003350,2023-01-08,2023-02-20,Paya Holdings Inc.,,no_match,PAYA,Nuvei Corporation,,no_match,NUVEI,"GTCR-Ultra Holdings, LLC",Acquisition of Whole Company (incl. Majority Stake),1311.454384,1311.454384,Completed,Payment Processors,USA
SPTRD2002311,2023-01-03,2023-01-09,Grand Prix NGL Pipeline*,,no_match,GRAND PRIX NGL PIPELINE,Targa Resources Corp.,TRGP,normalized_exact,TARGA RESOURCES,Blackstone Inc.,Acquisition of Asset or Branch,1050.0,1050.0,Completed,Oil and Gas Storage and Transportation,USA
SPTRD2002077,2022-12-30,2023-08-25,Prime Number Acquisition I Corp.,,no_match,PRIME NUMBER ACQUISITION I,noco-noco Inc.,,no_match,NOCO NOCO,Investor Group,Acquisition of Whole Company (incl. Majority Stake),1350.0,,Completed,Asset Management,USA
SPTRD2013135,2022-12-20,2023-02-07,Phoenix Suns and Phoenix Mercury,,no_match,PHOENIX SUNS AND PHOENIX MERCURY,Investor group,,no_match,INVESTOR,Private Investor - Robert Sarver,Acquisition of Asset or Branch,4000.0,4000.0,Completed,Movies and Entertainment,USA
SPTRD1999677,2022-12-19,2023-10-23,"Developed Market Gum Business of Mondelez International, Inc.",,no_match,DEVELOPED MARKET GUM BUSINESS OF MONDELEZ INTERNATIONAL,Perfetti Van Melle Group B.V.,,no_match,PERFETTI VAN MELLE B V,"Mondelez International, Inc.",Acquisition of Asset or Branch,1400.0,1400.0,Completed,Packaged Foods and Meats Producers,USA
SPTRD1999482,2022-12-18,2023-07-28,"Aerojet Rocketdyne Holdings, Inc.*",,no_match,AEROJET ROCKETDYNE,"L3Harris Technologies, Inc.",LHX,normalized_exact,L3HARRIS TECHNOLOGIES,Investor Group,Acquisition of Whole Company (incl. Majority Stake),4841.088572,4780.588572,Completed,Aerospace and Defense,USA
SPTRD1999220,2022-12-16,2023-05-03,Maxar Technologies Inc.*,,no_match,MAXAR TECHNOLOGIES,Investor Group,,no_match,INVESTOR,Investor Group,Acquisition of Whole Company (incl. Majority Stake),6554.017524,4169.017524,Completed,Aerospace and Defense,USA
SPTRD2013075,2022-12-16,2022-12-16,Wind Portfolio,,no_match,WIND PORTFOLIO,Investor group,,no_match,INVESTOR,Undisclosed Seller,Acquisition of Asset or Branch,1092.0,1092.0,Completed,Renewable Electricity,USA
SPTRD1998926,2022-12-15,2023-01-20,Heritage Distribution Holdings LLC*,,no_match,HERITAGE DISTRIBUTION,Beijer Ref AB (publ),,no_match,BEIJER REF AB,"Gryphon Advisors, LLC",Acquisition of Whole Company (incl. Majority Stake),1275.0,1275.0,Completed,Trading Companies and Distributors,USA
SPTRD1998925,2022-12-15,2023-02-14,MountainWest Pipelines Holding Company,,no_match,MOUNTAINWEST PIPELINES,Williams Partners Operating LLC,,no_match,WILLIAMS PARTNERS OPERATING,"Southwest Gas Holdings, Inc.",Acquisition of Whole Company (incl. Majority Stake),1500.0,1070.0,Completed,Oil and Gas Storage and Transportation,USA
SPTRD1998704,2022-12-14,2023-06-08,Rice Acquisition Corp. II*,,no_match,RICE ACQUISITION II,"NET Power, LLC",NPWR,normalized_exact,NET POWER,Rice Acquisition Sponsor II LLC,Acquisition of Whole Company (incl. Majority Stake),1612.012615,1612.012615,Completed,Asset Management,USA
SPTRD1998187,2022-12-12,2023-02-28,Coupa Software Incorporated*,,no_match,COUPA SOFTWARE,Investor Group,,no_match,INVESTOR,Investor Group,Acquisition of Whole Company (incl. Majority Stake),8193.590445,6836.516445,Completed,Application Software,USA
SPTRD1998261,2022-12-12,2023-10-06,Horizon Therapeutics Public Limited Company,,no_match,HORIZON THERAPEUTICS PUBLIC,Amgen Inc.,AMGN,normalized_exact,AMGEN,,Acquisition of Whole Company (incl. Majority Stake),27804.138774,27563.053774,Completed,Biotechnology,USA
SPTRD1996947,2022-12-06,2023-03-10,"Vivint Smart Home, Inc.",,no_match,VIVINT SMART HOME,"NRG Energy, Inc.",NRG,normalized_exact,NRG ENERGY,,Acquisition of Whole Company (incl. Majority Stake),5093.373,2623.0,Completed,Specialized Consumer Services,USA
SPTRD1996192,2022-12-01,2023-01-09,MGM Grand Las Vegas/Mandalay Bay Resort,,no_match,MGM GRAND LAS VEGAS BAY RESORT,VICI Properties Inc.,VICI,normalized_exact,VICI PROPERTIES,"Blackstone Real Estate Income Trust, Inc.",Acquisition of Asset or Branch,4000.152,1261.882,Completed,Real Estate Operating and Management,USA
SPTRD1995972,2022-11-30,2023-03-01,"The Stoller Group, Inc.",,no_match,STOLLER,"Corteva, Inc.",CTVA,normalized_exact,CORTEVA,,Acquisition of Whole Company (incl. Majority Stake),1452.0,1224.0,Completed,Fertilizers and Agricultural Chemicals,USA
SPTRD1994429,2022-11-21,2023-01-11,"Imago BioSciences, Inc.*",,no_match,IMAGO BIOSCIENCES,Merck Sharp & Dohme LLC,,no_match,MERCK SHARP AND DOHME,Investor Group,Acquisition of Whole Company (incl. Majority Stake),1169.283334,1347.697334,Completed,Biotechnology,USA
SPTRD1994473,2022-11-21,2024-03-15,Substantially All Assets of the Cincinnati Southern Railway,,no_match,SUBSTANTIALLY ALL ASSETS OF CINCINNATI SOUTHERN RAILWAY,Norfolk Southern Railway Company,,no_match,NORFOLK SOUTHERN RAILWAY,The Cincinnati Southern Railway Corp.,Acquisition of Asset or Branch,1624.5,1624.5,Completed,Unclassified,USA
SPTRD1993926,2022-11-17,2023-01-03,"ServiceMax, Inc.",,no_match,SERVICEMAX,PTC Inc.,PTC,normalized_exact,PTC,"ServiceMax JV, LP",Acquisition of Whole Company (incl. Majority Stake),1448.2,1485.0,Completed,Application Software,USA
SPTRD1993793,2022-11-16,2023-01-31,"All leasehold interests and related assets of Lario Permian, LLC",,no_match,ALL LEASEHOLD INTERESTS AND RELATED ASSETS OF LARIO PERMIAN,"Diamondback Energy, Inc.",FANG,normalized_exact,DIAMONDBACK ENERGY,"Lario Permian, LLC",Acquisition of Asset or Branch,1443.292841,1443.292841,Completed,Unclassified,USA
SPTRD1993461,2022-11-15,2023-04-28,"Trademarks And Other Intellectual Property Rights of Tom Ford International, LLC",,no_match,TRADEMARKS AND OTHER INTELLECTUAL PROPERTY RIGHTS OF TOM FORD INTERNATIONAL,The Estée Lauder Companies Inc.,,no_match,EST E LAUDER,"Tom Ford International, LLC",Acquisition of Asset or Branch,2550.0,2550.0,Completed,Unclassified,USA
SPTRD1993028,2022-11-14,2022-12-07,"Assets of Ahern Rentals, Inc.",,no_match,ASSETS OF AHERN RENTALS,"United Rentals, Inc.",URI,normalized_exact,UNITED RENTALS,"Ahern Rentals, Inc.",Acquisition of Asset or Branch,2000.0,2000.0,Completed,Trading Companies and Distributors,USA
SPTRD1991765,2022-11-07,2023-01-03,"City Practice Group of New York, LLC*",,no_match,CITY PRACTICE OF YORK,"Village Practice Management Company, LLC",,no_match,VILLAGE PRACTICE MANAGEMENT,Warburg Pincus LLC,Acquisition of Whole Company (incl. Majority Stake),8900.0,7000.0,Completed,Health Care Facilities,USA
SPTRD1991738,2022-11-07,2023-03-20,"Insurance Auto Auctions, Inc",,no_match,INSURANCE AUTO AUCTIONS,Ritchie Bros. Holdings Inc,,no_match,RITCHIE BROS,Investor Group,Acquisition of Whole Company (incl. Majority Stake),7653.784592,5450.884592,Completed,Diversified Support Services,USA
SPTRD1991422,2022-11-03,2023-03-15,"Immucor, Inc.*",,no_match,IMMUCOR,"Werfen, S.A.",,no_match,WERFEN S A,"TPG Capital, L.P.",Acquisition of Whole Company (incl. Majority Stake),2000.0,2000.0,Completed,Health Care Supplies,USA
SPTRD1991045,2022-11-02,2022-12-27,"Eagle Ford assets of Ensign Operating LLC, Ensign Operating II LLC and Ensign Op",,no_match,EAGLE FORD ASSETS OF ENSIGN OPERATING ENSIGN OPERATING II AND ENSIGN OP,Marathon Oil EF II LLC,,no_match,MARATHON OIL EF II,Investor Group,Acquisition of Asset or Branch,3000.0,3000.0,Completed,Oil and Gas Exploration and Production,USA
SPTRD1990949,2022-11-02,2023-11-01,"Europe, Middle East and Africa (EMEA) business of Lumen Technologies, Inc.",,no_match,EUROPE MIDDLE EAST AND AFRICA BUSINESS OF LUMEN TECHNOLOGIES,Colt Technology Services Group Limited,,no_match,COLT TECHNOLOGY SERVICES,"Lumen Technologies, Inc.",Acquisition of Asset or Branch,1800.0,1800.0,Completed,Data Processing and Outsourced Services,USA
SPTRD1990697,2022-11-01,2022-12-22,"Abiomed, Inc.",,no_match,ABIOMED,Johnson & Johnson,JNJ,normalized_exact,JOHNSON AND JOHNSON,,Acquisition of Whole Company (incl. Majority Stake),18043.96056,18981.20356,Completed,Health Care Equipment,USA
SPTRD1990725,2022-11-01,2023-01-31,Liqui-Box Corporation*,,no_match,LIQUI BOX,Sealed Air Corporation,,no_match,SEALED AIR,"Olympus Advisors, LLC",Acquisition of Whole Company (incl. Majority Stake),1150.0,1150.0,Completed,Packaging and Materials: Paper and Plastic,USA
SPTRD1990538,2022-10-31,2023-05-31,Climate Technologies Business of Emerson,,no_match,CLIMATE TECHNOLOGIES BUSINESS OF EMERSON,Investor group,,no_match,INVESTOR,Emerson Electric Co.,Acquisition of Asset or Branch,11950.0,11950.0,Completed,Unclassified,USA
SPTRD1990811,2022-10-28,2023-03-21,Portfolio of operating landfill gas-to-electric facilities,,no_match,PORTFOLIO OF OPERATING LANDFILL GAS TO ELECTRIC FACILITIES,"NextEra Energy Resources, LLC",,no_match,NEXTERA ENERGY RESOURCES,Investor Group,Acquisition of Asset or Branch,1134.0,1100.0,Completed,Renewable Electricity,USA
SPTRD1990021,2022-10-27,2023-03-27,Altra Industrial Motion Corp.,,no_match,ALTRA INDUSTRIAL MOTION,Regal Rexnord Corporation,RRX,normalized_exact,REGAL REXNORD,Investor Group,Acquisition of Whole Company (incl. Majority Stake),4965.135196,4086.535196,Completed,Machinery and Supplies and Components: Industrial,USA
SPTRD1990061,2022-10-27,2023-01-12,"UserTesting, Inc.*",,no_match,USERTESTING,Investor Group,,no_match,INVESTOR,Investor Group,Acquisition of Whole Company (incl. Majority Stake),1116.356552,1266.409552,Completed,Application Software,USA
SPTRD1989978,2022-10-27,2023-01-03,"WillowTree, LLC*",,no_match,WILLOWTREE,Telus International Holding (U.S.A.) Corp.,,no_match,TELUS INTERNATIONAL,Investor Group,Acquisition of Whole Company (incl. Majority Stake),1225.0,1015.0,Completed,Application Software,USA
SPTRD1989829,2022-10-26,2023-06-01,Jupiter Wellness Acquisition Corp.,,no_match,JUPITER WELLNESS ACQUISITION,"Chijet Motor Company, Inc.",,no_match,CHIJET MOTOR,Investor Group,Acquisition of Whole Company (incl. Majority Stake),1125.203781,1125.203781,Completed,Asset Management,USA
SPTRD1989523,2022-10-24,2023-02-21,Weber LLC*,,no_match,WEBER,"BDT Capital Partners, LLC",,no_match,BDT CAPITAL PARTNERS,Investor Group,Acquisition of Whole Company (incl. Majority Stake),2195.291714,956.525714,Completed,Household Appliances Producers,USA
SPTRD1988279,2022-10-17,2022-12-28,Archaea Energy Inc.,,no_match,ARCHAEA ENERGY,BP Products North America Inc.,,no_match,BP PRODUCTS NORTH AMERICA,Investor Group,Acquisition of Whole Company (incl. Majority Stake),4848.050986,3254.933986,Completed,Oil and Gas Refining and Marketing,USA
SPTRD1987631,2022-10-12,2023-02-10,"Great River Hydro, LLC*",,no_match,GREAT RIVER HYDRO,HQI US Holding LLC,,no_match,HQI US,"ArcLight Capital Partners, LLC",Acquisition of Whole Company (incl. Majority Stake),2250.0,1500.0,Completed,Renewable Electricity,USA
SPTRD1987448,2022-10-11,2022-11-30,All Leasehold Interest and Related Assets of FireBird Energy LLC,,no_match,ALL LEASEHOLD INTEREST AND RELATED ASSETS OF FIREBIRD ENERGY,Diamondback E&P LLC,,no_match,DIAMONDBACK E AND,FireBird Energy LLC,Acquisition of Asset or Branch,1655.820833,1655.820833,Completed,Oil and Gas Exploration and Production,USA
SPTRD1987315,2022-10-11,2023-08-23,"ForgeRock, Inc.*",,no_match,FORGEROCK,"Thoma Bravo, L.P.",,no_match,THOMA BRAVO,Investor Group,Acquisition of Whole Company (incl. Majority Stake),2019.118328,2290.874328,Completed,Application Software,USA
SPTRD1987481,2022-10-11,2023-11-07,Westinghouse Electric Company LLC*,,no_match,WESTINGHOUSE ELECTRIC,Investor Group,,no_match,INVESTOR,Brookfield Business Partners L.P.,Acquisition of Whole Company (incl. Majority Stake),8300.0,4500.0,Completed,Construction and Engineering,USA
SPTRD1987632,2022-10-03,2023-01-03,"Link 16 Tactical Data Links Business of Viasat, Inc.",,no_match,LINK 16 TACTICAL DATA LINKS BUSINESS OF VIASAT,"L3Harris Technologies, Inc.",LHX,normalized_exact,L3HARRIS TECHNOLOGIES,"Viasat, Inc.",Acquisition of Asset or Branch,1960.0,1960.0,Completed,Communications Equipment,USA
SPTRD1985766,2022-10-03,2023-01-05,"Poshmark, Inc.",,no_match,POSHMARK,NAVER Corporation,,no_match,NAVER,,Acquisition of Whole Company (incl. Majority Stake),1048.722164,1627.102164,Completed,Apparel Retail,USA
SPTRD1985621,2022-10-03,2022-11-17,"Villaris Therapeutics, Inc.*",,no_match,VILLARIS THERAPEUTICS,Incyte Corporation,INCY,normalized_exact,INCYTE,Medicxi Ventures (UK) LLP,Acquisition of Whole Company (incl. Majority Stake),1430.0,1430.0,Completed,Biotechnology,USA
SPTRD1985683,2022-10-01,2023-03-01,"Con Edison Clean Energy Businesses, Inc.",,no_match,CON EDISON CLEAN ENERGY BUSINESSES,"RWE Renewables Americas, LLC",,no_match,RWE RENEWABLES AMERICAS,"Consolidated Edison, Inc.",Acquisition of Whole Company (incl. Majority Stake),6800.0,6800.0,Completed,Renewable Electricity,USA
SPTRD1985117,2022-09-29,2022-12-16,Scout Clean Energy LLC,,no_match,SCOUT CLEAN ENERGY,Brookfield Asset Management Inc.,BAM,normalized_exact,BROOKFIELD ASSET MANAGEMENT,Quinbrook Infrastructure Partners Pty Ltd.,Acquisition of Whole Company (incl. Majority Stake),1000.0,1000.0,Completed,Renewable Electricity,USA
SPTRD1984898,2022-09-28,2022-12-16,BTRS Holdings Inc.*,,no_match,BTRS,EQT Partners Inc.,,no_match,EQT PARTNERS,,Acquisition of Whole Company (incl. Majority Stake),1514.18333,1624.75133,Completed,Application Software,USA
SPTRD1984616,2022-09-27,,Assets of Voyager Digital LLC,,no_match,ASSETS OF VOYAGER DIGITAL,"West Realm Shires Services, Inc.",,no_match,WEST REALM SHIRES SERVICES,"Voyager Digital, LLC",Acquisition of Asset or Branch,1422.0,1422.0,Announced,Financial Media and Data Solutions,USA
SPTRD1983888,2022-09-22,2023-02-13,EnVen Energy Corporation,,no_match,ENVEN ENERGY,Talos Production Inc.,,no_match,TALOS PRODUCTION,Investor Group,Acquisition of Whole Company (incl. Majority Stake),2000.28128,1910.95028,Completed,Oil and Gas Exploration and Production,USA
SPTRD1983691,2022-09-21,2023-06-07,Avalon Acquisition Inc.,,no_match,AVALON ACQUISITION,"The Beneficient Company Group, L.P.",BENF,normalized_exact,BENEFICIENT,,Acquisition of Whole Company (incl. Majority Stake),1812.0,1812.0,Completed,Asset Management,USA
SPTRD1983483,2022-09-20,2022-12-28,"Shields Specialty Pharmacy Holdings, LLC*",,no_match,SHIELDS SPECIALTY PHARMACY,"Walgreens Boots Alliance, Inc.",,no_match,WALGREENS BOOTS ALLIANCE,"Welsh, Carson, Anderson & Stowe, L.P.",Acquisition of Minority Stake,1370.0,1370.0,Completed,Health Care Services,USA
SPTRD1983120,2022-09-19,2023-02-01,"KnowBe4, Inc.*",,no_match,KNOWBE4,"Vista Equity Partners Management, LLC",,no_match,VISTA EQUITY PARTNERS MANAGEMENT,Investor Group,Acquisition of Whole Company (incl. Majority Stake),3107.258049,3436.675049,Completed,Systems Software,USA
SPTRD1982880,2022-09-16,2023-01-31,Safety Business of Intrado Corporation,,no_match,SAFETY BUSINESS OF INTRADO,Stonepeak Partners LP,,no_match,STONEPEAK PARTNERS,"Apollo Global Management, Inc.",Acquisition of Asset or Branch,2400.0,2400.0,Completed,Application Software,USA
SPTRD1982643,2022-09-15,2023-02-03,STORE Capital Corporation*,,no_match,STORE CAPITAL,Investor Group,,no_match,INVESTOR,,Acquisition of Whole Company (incl. Majority Stake),14361.990792,9169.378792,Completed,Diversified REIT,USA
SPTRD1982633,2022-09-15,2023-02-28,TPB Acquisition Corporation I*,,no_match,TPB ACQUISITION I,Lavoro Agro Holding S.A.,,no_match,LAVORO AGRO S A,Investor Group,Acquisition of Whole Company (incl. Majority Stake),1125.0,1125.0,Completed,Asset Management,USA
SPTRD1982013,2022-09-12,2022-12-02,"Skyway Concession Company, LLC",,no_match,SKYWAY CONCESSION,Atlas Arteria Limited,,no_match,ATLAS ARTERIA,Investor Group,Acquisition of Whole Company (incl. Majority Stake),3396.650967,2013.0,Completed,Highways and Railtracks,USA
SPTRD1980816,2022-09-06,2022-11-01,"BankDirect Capital Finance, LLC",,no_match,BANKDIRECT CAPITAL FINANCE,AFCO Credit Corporation,,no_match,AFCO CREDIT,"Texas Capital Bancshares, Inc.",Acquisition of Whole Company (incl. Majority Stake),3400.0,3400.0,Completed,Specialty Finance: Commercial Focused,USA
SPTRD1980908,2022-09-06,2022-12-29,MNRL Sub Inc.,,no_match,MNRL SUB,Sitio Royalties Corp.,,no_match,SITIO ROYALTIES,Investor Group,Acquisition of Whole Company (incl. Majority Stake),2215.087727,2070.825727,Completed,Oil and Gas Exploration and Production,USA
SPTRD1980924,2022-09-06,2023-08-22,Upstream and Midstream Assets,,no_match,UPSTREAM AND MIDSTREAM ASSETS,EQT Corporation,EQT,normalized_exact,EQT,"Tug Hill, Inc.",Acquisition of Asset or Branch,4610.662908,4610.662908,Completed,Integrated Oil and Gas,USA
SPTRD1980664,2022-09-05,2023-03-29,"Signify Health, Inc.*",,no_match,SIGNIFY HEALTH,"CVS Pharmacy, Inc.",,no_match,CVS PHARMACY,"New Mountain Capital, LLC",Acquisition of Whole Company (incl. Majority Stake),7713.977422,7617.777422,Completed,Health Care Technology,USA
SPTRD1980423,2022-09-02,2023-05-01,"Ardent Health Partners, Inc.*",,no_match,ARDENT HEALTH PARTNERS,Pure Health LLC,,no_match,PURE HEALTH,Equity Group Investments,Acquisition of Minority Stake,2829.29,500.0,Completed,Health Care Facilities,USA
SPTRD1980300,2022-09-01,2023-02-28,Aera Energy LLC,,no_match,AERA ENERGY,"Green Gate Resources E, LLC",,no_match,GREEN GATE RESOURCES E,"Shell Offshore, Inc.",Acquisition of Whole Company (incl. Majority Stake),2000.0,2000.0,Completed,Oil and Gas Exploration and Production,USA
SPTRD1980259,2022-09-01,2023-02-28,Aera Energy LLC,,no_match,AERA ENERGY,"Green Gate Resources E, LLC",,no_match,GREEN GATE RESOURCES E,Exxon Mobil Corporation,Acquisition of Minority Stake,2000.0,2000.0,Completed,Oil and Gas Exploration and Production,USA
SPTRD1979726,2022-08-30,2022-10-04,"Frontline Technologies Group, LLC*",,no_match,FRONTLINE TECHNOLOGIES,"Roper Technologies, Inc.",ROP,normalized_exact,ROPER TECHNOLOGIES,Investor Group,Acquisition of Whole Company (incl. Majority Stake),3738.0,3738.0,Completed,Application Software,USA
SPTRD1979479,2022-08-26,2022-08-26,18 million Square Feet in 22 Major Metropolitan Areas in US,,no_match,18 MILLION SQUARE FEET IN 22 MAJOR METROPOLITAN AREAS IN US,Investor Group,,no_match,INVESTOR,"Griffin Realty Trust, Inc.",Acquisition of Asset or Branch,1132.0,,Completed,Real Estate Operating and Management,USA
SPTRD1979818,2022-08-22,2022-11-16,"Computer Services, Inc.",,no_match,COMPUTER SERVICES,Investor Group,,no_match,INVESTOR,,Acquisition of Whole Company (incl. Majority Stake),1540.72395,1594.81295,Completed,Banking Technology,USA
SPTRD1978047,2022-08-17,2023-06-15,"DCP Midstream, LP*",,no_match,DCP MIDSTREAM,Phillips 66,PSX,normalized_exact,PHILLIPS 66,,Acquisition of Minority Stake,9067.664934,3783.664934,Completed,Oil and Gas Storage and Transportation,USA
SPTRD1977017,2022-08-11,2023-03-31,iStar Inc.,,no_match,ISTAR,Safehold Inc.,SAFE,normalized_exact,SAFEHOLD,,Acquisition of Whole Company (incl. Majority Stake),1267.727607,686.451607,Completed,Diversified REIT,USA
SPTRD1976562,2022-08-09,,600 MHz Spectrum Licenses*,,no_match,600 MHZ SPECTRUM LICENSES,T-Mobile License LLC,,no_match,T MOBILE LICENSE,"Channel 51, LLC",Acquisition of Asset or Branch,1900.0,1900.0,Announced,Wireless Telecommunication Services,USA
SPTRD1976670,2022-08-09,,600 MHz Wireless Licenses*,,no_match,600 MHZ WIRELESS LICENSES,T-Mobile License LLC,,no_match,T MOBILE LICENSE,"LB Spectrum Holdings, LLC",Acquisition of Asset or Branch,1600.0,1600.0,Announced,Wireless Telecommunication Services,USA
SPTRD1976536,2022-08-09,2022-09-28,Validus Energy Services LLC,,no_match,VALIDUS ENERGY SERVICES,Devon Energy Corporation,DVN,normalized_exact,DEVON ENERGY,,Acquisition of Whole Company (incl. Majority Stake),1800.0,1800.0,Completed,Oil and Gas Exploration and Production,USA
SPTRD1976321,2022-08-08,2022-10-19,"Avalara, Inc.*",,no_match,AVALARA,"Vista Equity Partners Management, LLC",,no_match,VISTA EQUITY PARTNERS MANAGEMENT,Investor Group,Acquisition of Whole Company (incl. Majority Stake),8367.557651,8812.625651,Completed,Application Software,USA
SPTRD1976251,2022-08-08,2022-10-05,"Global Blood Therapeutics, Inc.*",,no_match,GLOBAL BLOOD THERAPEUTICS,Pfizer Inc.,PFE,normalized_exact,PFIZER,Investor Group,Acquisition of Whole Company (incl. Majority Stake),5364.476417,5370.111417,Completed,Biotechnology,USA
SPTRD1976281,2022-08-08,2022-10-31,"InSinkErator, Inc.",,no_match,INSINKERATOR,Whirlpool Corporation,WHR,normalized_exact,WHIRLPOOL,Emerson Electric Co.,Acquisition of Whole Company (incl. Majority Stake),3000.0,3000.0,Completed,Household Appliances Producers,USA
SPTRD1975781,2022-08-04,2023-03-17,"Atlas Air Worldwide Holdings, Inc.*",,no_match,ATLAS AIR WORLDWIDE,Investor Group,,no_match,INVESTOR,Investor Group,Acquisition of Whole Company (incl. Majority Stake),4548.451748,2848.181748,Completed,Air Freight and Logistics,USA
SPTRD1975865,2022-08-04,2022-10-20,"ChemoCentryx, Inc.*",,no_match,CHEMOCENTRYX,Amgen Inc.,AMGN,normalized_exact,AMGEN,Investor Group,Acquisition of Whole Company (incl. Majority Stake),3643.613982,3899.029982,Completed,Biotechnology,USA
SPTRD1975551,2022-08-03,2022-10-18,Ping Identity Holding Corp.*,,no_match,PING IDENTITY,"Thoma Bravo, L.P.",,no_match,THOMA BRAVO,Investor Group,Acquisition of Whole Company (incl. Majority Stake),2796.261848,2698.452848,Completed,Systems Software,USA
SPTRD1975126,2022-08-02,2023-03-01,Cowen Inc.,,no_match,COWEN,The Toronto-Dominion Bank,TD,normalized_exact,TORONTO DOMINION BANK,,Acquisition of Whole Company (incl. Majority Stake),1316.146494,1316.146494,Completed,"Investment Banks, Brokers and Capital Markets",USA
SPTRD1974887,2022-08-01,2023-03-13,"Applied, Food and Enterprise Services Businesses of PerkinElmer, Inc.*",,no_match,APPLIED FOOD AND ENTERPRISE SERVICES BUSINESSES OF PERKINELMER,"New Mountain Capital, L.L.C.",,no_match,MOUNTAIN CAPITAL C,"PerkinElmer, Inc.",Acquisition of Asset or Branch,2450.0,2450.0,Completed,Life Sciences Tools and Services,USA
SPTRD1974870,2022-08-01,2023-03-24,"EVO Payments, Inc.",,no_match,EVO PAYMENTS,Global Payments Inc.,GPN,normalized_exact,GLOBAL PAYMENTS,,Acquisition of Whole Company (incl. Majority Stake),3030.949762,2034.083762,Completed,Payment Processors,USA
SPTRD1974918,2022-08-01,2023-03-01,Global Products Business of Valvoline Inc.,,no_match,GLOBAL PRODUCTS BUSINESS OF VALVOLINE,Aramco Overseas Company B.V.,,no_match,ARAMCO OVERSEAS B V,Valvoline Inc.,Acquisition of Asset or Branch,2650.0,2650.0,Completed,Commodity Chemicals,USA
SPTRD1974931,2022-08-01,2023-04-26,Netspend Consumer Business of Global Payments Inc.*,,no_match,NETSPEND CONSUMER BUSINESS OF GLOBAL PAYMENTS,Investor group,,no_match,INVESTOR,Global Payments Inc.,Acquisition of Asset or Branch,1000.0,1000.0,Completed,Broadline Retail,USA
SPTRD1974909,2022-08-01,2022-08-01,The Burke Porter Group of brands*,,no_match,BURKE PORTER OF BRANDS,AEA Investors LP,,no_match,AEA INVESTORS,China Everbright Limited,Acquisition of Whole Company (incl. Majority Stake),1100.0,1100.0,Completed,Machinery and Supplies and Components: Industrial,USA
SPTRD1974399,2022-07-28,2022-10-01,Credit card portfolio,,no_match,CREDIT CARD PORTFOLIO,"Bread Financial Holdings, Inc.",BFH,normalized_exact,BREAD FINANCIAL,AAA Northeast,Acquisition of Asset or Branch,1600.0,1600.0,Completed,Specialty Finance: Consumer Focused,USA
SPTRD1978173,2022-07-28,2022-11-30,PBF Logistics LP,,no_match,PBF LOGISTICS,PBF Energy Inc.,PBF,normalized_exact,PBF ENERGY,,Acquisition of Whole Company (incl. Majority Stake),1160.035739,681.154739,Completed,Oil and Gas Storage and Transportation,USA
SPTRD1973630,2022-07-25,2022-10-07,"Infrastructure and Energy Alternatives, Inc.*",,no_match,INFRASTRUCTURE AND ENERGY ALTERNATIVES,"MasTec, Inc.",MTZ,normalized_exact,MASTEC,Investor Group,Acquisition of Whole Company (incl. Majority Stake),1128.192,748.5,Completed,Construction and Engineering,USA
SPTRD1973918,2022-07-21,2023-02-22,"1Life Healthcare, Inc., d/b/a One Medical",,no_match,1LIFE HEALTHCARE D B A ONE MEDICAL,"Amazon.com, Inc.",AMZN,normalized_exact,AMAZON COM,,Acquisition of Whole Company (incl. Majority Stake),4102.221104,3716.914104,Completed,Health Care Services,USA
SPTRD1973314,2022-07-21,2022-10-03,"Hanger, Inc.*",,no_match,HANGER,"Patient Square Capital, LP",,no_match,PATIENT SQUARE CAPITAL,Investor Group,Acquisition of Whole Company (incl. Majority Stake),1373.293926,765.459926,Completed,Health Care Facilities,USA
SPTRD1972712,2022-07-19,2023-02-03,"HydraForce, Inc.",,no_match,HYDRAFORCE,Bosch Rexroth AG,,no_match,BOSCH REXROTH,,Acquisition of Whole Company (incl. Majority Stake),1215.0,1215.0,Completed,Machinery and Supplies and Components: Industrial,USA
SPTRD1972910,2022-07-15,,Texan pipeline assets*,,no_match,TEXAN PIPELINE ASSETS,Momentum Midstream LLC,,no_match,MOMENTUM MIDSTREAM,"Midcoast Energy, LLC",Acquisition of Asset or Branch,1300.0,1300.0,Announced,Oil and Gas Storage and Transportation,USA
SPTRD1971807,2022-07-13,2022-07-20,"Theravance Respiratory Company, LLC",,no_match,THERAVANCE RESPIRATORY,Royalty Pharma plc,RPRX,normalized_exact,ROYALTY PHARMA,"Theravance Biopharma, Inc.",Acquisition of Whole Company (incl. Majority Stake),1350.0,1350.0,Completed,Unclassified,USA
SPTRD1971424,2022-07-12,2023-10-05,FAST Acquisition Corp. II,,no_match,FAST ACQUISITION II,"Falcon's Beyond Global, LLC",FBYD,normalized_exact,FALCON S BEYOND GLOBAL,Investor Group,Acquisition of Whole Company (incl. Majority Stake),1296.57736,1296.57736,Completed,Asset Management,USA
SPTRD1971154,2022-07-11,2022-08-31,U.S. data center business of American Tower Corporation,,no_match,U S DATA CENTER BUSINESS OF AMERICAN TOWER,Stonepeak Partners LP,,no_match,STONEPEAK PARTNERS,American Tower Corporation,Acquisition of Minority Stake,2500.0,2500.0,Completed,Unclassified,USA
SPTRD1970616,2022-07-07,2023-01-31,"Meridian Bioscience, Inc.*",,no_match,MERIDIAN BIOSCIENCE,Investor Group,,no_match,INVESTOR,Investor Group,Acquisition of Whole Company (incl. Majority Stake),1489.356712,1532.313712,Completed,Health Care Supplies,USA
SPTRD1970062,2022-07-05,2022-08-11,"TeneoTwo, Inc.",,no_match,TENEOTWO,AstraZeneca PLC,AZN,normalized_exact,ASTRAZENECA,"TBio, LLC",Acquisition of Whole Company (incl. Majority Stake),1265.0,1265.0,Completed,Pharmaceuticals,USA
SPTRD1969087,2022-06-29,2022-06-29,Sunbelt Logistics Portfolio in United States,,no_match,SUNBELT LOGISTICS PORTFOLIO IN UNITED STATES,Undisclosed Buyer,,no_match,UNDISCLOSED BUYER,"MDH Partners, LLC",Acquisition of Asset or Branch,1260.0,1260.0,Completed,Real Estate Operating and Management,USA
SPTRD1968455,2022-06-27,2022-08-03,"Brightly Software, Inc.*",,no_match,BRIGHTLY SOFTWARE,Siemens Smart Infrastructure,,no_match,SIEMENS SMART INFRASTRUCTURE,"Clearlake Capital Group, L.P.",Acquisition of Whole Company (incl. Majority Stake),1875.0,1875.0,Completed,Application Software,USA
SPTRD1968237,2022-06-24,2022-11-22,"Zendesk, Inc.*",,no_match,ZENDESK,Investor Group,,no_match,INVESTOR,Investor Group,Acquisition of Whole Company (incl. Majority Stake),9809.100991,10116.652991,Completed,Application Software,USA
SPTRD1968008,2022-06-23,2023-02-10,Adara Acquisition Corp.,,no_match,ADARA ACQUISITION,Alliance Entertainment Holding Corporation,AENT,normalized_exact,ALLIANCE ENTERTAINMENT,Investor Group,Acquisition of Whole Company (incl. Majority Stake),1061.025,,Completed,Asset Management,USA
SPTRD1967198,2022-06-20,2022-08-01,Clif Bar & Company,,no_match,CLIF BAR AND,"Mondelez International, Inc.",MDLZ,normalized_exact,MONDELEZ INTERNATIONAL,,Acquisition of Whole Company (incl. Majority Stake),2900.0,2900.0,Completed,Packaged Foods and Meats Producers,USA
SPTRD1966754,2022-06-16,2022-08-29,"DataBank Holdings, Ltd.",,no_match,DATABANK,Investor group,,no_match,INVESTOR,"DigitalBridge Group, Inc.",Acquisition of Minority Stake,1500.0,1500.0,Completed,Internet Services and Infrastructure,USA
SPTRD1966828,2022-06-16,2022-07-29,"Lucid Energy Delaware, LLC*",,no_match,LUCID ENERGY,Targa Resources Corp.,TRGP,normalized_exact,TARGA RESOURCES,Investor group,Acquisition of Whole Company (incl. Majority Stake),3550.0,3550.0,Completed,Oil and Gas Storage and Transportation,USA
SPTRD1966429,2022-06-15,2022-08-22,"Riverbend Oil & Gas VI, L.L.C./Riverbend Oil & Gas VI-B, L.L.C./Riverbend Oil &*",,no_match,RIVERBEND OIL AND GAS VI C OIL AND GAS VI B C OIL AND,Undisclosed Buyer,,no_match,UNDISCLOSED BUYER,Riverbend Energy Group,Acquisition of Whole Company (incl. Majority Stake),1800.0,1800.0,Completed,Unclassified,USA
SPTRD1966063,2022-06-14,2022-11-22,"Continental Resources, Inc.",,no_match,CONTINENTAL RESOURCES,Undisclosed Buyer,,no_match,UNDISCLOSED BUYER,,Acquisition of Minority Stake,5099.695257,5099.695257,Completed,Oil and Gas Exploration and Production,USA
SPTRD1965009,2022-06-07,2022-08-11,"PDB Sports, Ltd.",,no_match,PDB SPORTS,Private Investor,,no_match,PRIVATE INVESTOR,,Acquisition of Whole Company (incl. Majority Stake),4650.0,4650.0,Completed,Movies and Entertainment,USA
SPTRD1964465,2022-06-06,2022-06-10,Concessionaire for the new Terminal 1 at JFK International Airport in New York C*,,no_match,CONCESSIONAIRE FOR TERMINAL 1 AT JFK INTERNATIONAL AIRPORT IN YORK C,Ferrovial SE,,no_match,FERROVIAL SE,The Carlyle Group Inc.,Acquisition of Asset or Branch,1140.0,1140.0,Completed,Airport Services,USA
SPTRD1964475,2022-06-06,2022-07-15,"Parata Systems, LLC*",,no_match,PARATA SYSTEMS,"Becton, Dickinson and Company",BDX,normalized_exact,BECTON DICKINSON AND,"Frazier Management, L.L.C.",Acquisition of Whole Company (incl. Majority Stake),1548.0,1548.0,Completed,Life Sciences Tools and Services,USA
SPTRD1964076,2022-06-03,2022-07-08,"Barrette Outdoor Living, Inc.*",,no_match,BARRETTE OUTDOOR LIVING,CRH plc,,no_match,CRH,Investor Group,Acquisition of Whole Company (incl. Majority Stake),1890.0,1850.0,Completed,Diversified Metals and Mining,USA
SPTRD1964214,2022-06-03,2022-08-15,"Turning Point Therapeutics, Inc.*",,no_match,TURNING POINT THERAPEUTICS,Bristol-Myers Squibb Company,BMY,normalized_exact,BRISTOL MYERS SQUIBB,Investor Group,Acquisition of Whole Company (incl. Majority Stake),3156.616488,3969.965488,Completed,Biotechnology,USA
SPTRD1963748,2022-06-01,2022-11-22,"RIPIC Holdings, LLC*",,no_match,RIPIC,"Clayton, Dubilier & Rice, LLC",,no_match,CLAYTON DUBILIER AND RICE,"Roper Technologies, Inc.",Acquisition of Whole Company (incl. Majority Stake),2892.0,880.0,Completed,Unclassified,USA
SPTRD1963446,2022-05-31,2022-08-16,"Affinivax, Inc.*",,no_match,AFFINIVAX,GSK plc,GSK,normalized_exact,GSK,Investor Group,Acquisition of Whole Company (incl. Majority Stake),3300.0,3300.0,Completed,Biotechnology,USA
SPTRD1962757,2022-05-26,2022-12-20,COVA Acquisition Corp.,,no_match,COVA ACQUISITION,ECARX Holdings Inc.,ECX,normalized_exact,ECARX,Investor Group,Acquisition of Whole Company (incl. Majority Stake),3400.0,3400.0,Completed,Asset Management,USA
SPTRD1962725,2022-05-26,2023-11-22,VMware LLC*,,no_match,VMWARE,Broadcom Inc.,AVGO,normalized_exact,BROADCOM,Investor Group,Acquisition of Whole Company (incl. Majority Stake),89736.595167,86436.595167,Completed,Systems Software,USA
SPTRD1966035,2022-05-25,2022-09-12,Clearway Energy Group LLC,CWEN,normalized_exact,CLEARWAY ENERGY,TotalEnergies SE,TTE,normalized_exact,TOTALENERGIES SE,"Global Infrastructure Management, LLC",Acquisition of Whole Company (incl. Majority Stake),1600.0,1600.0,Completed,Electric Utilities,USA
SPTRD2005030,2022-05-25,2023-10-11,National Instruments Corporation,,no_match,NATIONAL INSTRUMENTS,Emerson Electric Co.,EMR,normalized_exact,EMERSON ELECTRIC,Investor Group,Acquisition of Whole Company (incl. Majority Stake),8556.55768,8056.74468,Completed,Electronic Equipment and Instruments,USA
SPTRD1961286,2022-05-19,2022-09-01,"Colgate Energy Partners III, LLC",,no_match,COLGATE ENERGY PARTNERS III,"Centennial Resource Development, Inc.",,no_match,CENTENNIAL RESOURCE DEVELOPMENT,,Acquisition of Whole Company (incl. Majority Stake),4023.359,2700.944,Completed,Oil and Gas Exploration and Production,USA
SPTRD1961573,2022-05-19,2022-10-12,"Covetrus, Inc.*",,no_match,COVETRUS,Investor Group,,no_match,INVESTOR,Investor Group,Acquisition of Whole Company (incl. Majority Stake),2338.207051,2338.207051,Completed,Health Care Technology,USA
SPTRD1960342,2022-05-16,2022-06-24,"C.H.I. Overhead Doors, Inc.",,no_match,C H I OVERHEAD DOORS,Nucor Corporation,NUE,normalized_exact,NUCOR,KKR & Co. Inc.,Acquisition of Whole Company (incl. Majority Stake),3000.0,3000.0,Completed,Building Products,USA
SPTRD1960410,2022-05-16,2022-10-24,Executive Network Partnering Corporation,,no_match,EXECUTIVE NETWORK PARTNERING,"Granite Ridge Resources, Inc.",GRNT,normalized_exact,GRANITE RIDGE RESOURCES,Investor Group,Acquisition of Whole Company (incl. Majority Stake),1284.4,1284.4,Completed,Asset Management,USA
SPTRD1960299,2022-05-16,2022-09-14,ManTech International Corporation,,no_match,MANTECH INTERNATIONAL,The Carlyle Group Inc.,CG,normalized_exact,CARLYLE,,Acquisition of Whole Company (incl. Majority Stake),4345.625881,3997.936881,Completed,Research and Consulting Services,USA
SPTRD1963238,2022-05-13,2022-10-11,"Atlas Renewable Energy USA, LLC*",,no_match,ATLAS RENEWABLE ENERGY USA,"Global Infrastructure Management, LLC",,no_match,GLOBAL INFRASTRUCTURE MANAGEMENT,Actis LLP,Acquisition of Whole Company (incl. Majority Stake),2000.0,2000.0,Completed,Renewable Electricity,USA
SPTRD1959992,2022-05-13,2022-05-13,GVB Biopharma,,no_match,GVB BIOPHARMA,"22nd Century Group, Inc.",XXII,normalized_exact,22ND CENTURY,,Acquisition of Whole Company (incl. Majority Stake),6977.792,6973.155,Completed,Pharmaceuticals,USA
SPTRD1960894,2022-05-11,2022-12-06,"Switch, Inc.",,no_match,SWITCH,Investor group,,no_match,INVESTOR,,Acquisition of Whole Company (incl. Majority Stake),10600.840259,8509.813259,Completed,Internet Services and Infrastructure,USA
SPTRD1959033,2022-05-10,2022-10-03,Duke Realty Corporation,,no_match,DUKE REALTY,"Prologis, Inc.",PLD,normalized_exact,PROLOGIS,,Acquisition of Whole Company (incl. Majority Stake),22746.195226,18714.664226,Completed,Industrial REIT,USA
SPTRD1958803,2022-05-09,2022-08-01,"NSM Insurance Group, Inc.*",,no_match,NSM INSURANCE,The Carlyle Group Inc.,CG,normalized_exact,CARLYLE,"White Mountains Insurance Group, Ltd.",Acquisition of Whole Company (incl. Majority Stake),1775.0,,Completed,Insurance Broker,USA
SPTRD1958568,2022-05-06,2022-10-21,"Watermark Lodging Trust, Inc.",,no_match,WATERMARK LODGING TRUST,Brookfield Asset Management Inc.,BAM,normalized_exact,BROOKFIELD ASSET MANAGEMENT,,Acquisition of Whole Company (incl. Majority Stake),3576.946862,1575.724862,Completed,Hotel and Resort REIT,USA
SPTRD1958284,2022-05-05,2022-07-08,"Deliverr, Inc.*",,no_match,DELIVERR,Shopify Inc.,SHOP,normalized_exact,SHOPIFY,Investor Group,Acquisition of Whole Company (incl. Majority Stake),1991.087403,1991.087403,Completed,Air Freight and Logistics,USA
SPTRD1958243,2022-05-05,2022-12-02,"Magellan Rx Management, Inc.",,no_match,MAGELLAN RX MANAGEMENT,Prime Therapeutics LLC,,no_match,PRIME THERAPEUTICS,Centene Corporation,Acquisition of Whole Company (incl. Majority Stake),1350.0,1350.0,Completed,Health Care Services,USA
SPTRD1958269,2022-05-05,2022-07-14,"PANTHERx Rare, LLC",,no_match,PANTHERX RARE,Investor group,,no_match,INVESTOR,Centene Corporation,Acquisition of Whole Company (incl. Majority Stake),1373.0,1373.0,Completed,Drug Retail,USA
SPTRD1958009,2022-05-04,2023-09-05,"Black Knight, Inc.",,no_match,BLACK KNIGHT,"Intercontinental Exchange, Inc.",ICE,normalized_exact,INTERCONTINENTAL EXCHANGE,,Acquisition of Whole Company (incl. Majority Stake),14774.446,11997.946,Completed,Banking Technology,USA
SPTRD1957556,2022-05-02,2024-03-28,Mountain Crest Acquisition Corp. IV,,no_match,MOUNTAIN CREST ACQUISITION IV,CH Auto Inc.,,no_match,CH AUTO,Investor Group,Acquisition of Whole Company (incl. Majority Stake),1702.5,1702.5,Completed,Asset Management,USA
SPTRD1956183,2022-04-25,2022-05-26,Middle Market Lending Portfolio,,no_match,MIDDLE MARKET LENDING PORTFOLIO,Ares Management Corporation,ARES,normalized_exact,ARES MANAGEMENT,"Annaly Capital Management, Inc.",Acquisition of Asset or Branch,2400.0,2400.0,Completed,Specialty Finance: Commercial Focused,USA
SPTRD1956114,2022-04-25,2022-07-20,"PS Business Parks, Inc.*",,no_match,PS BUSINESS PARKS,Blackstone Inc.,BX,normalized_exact,BLACKSTONE,Investor group,Acquisition of Whole Company (incl. Majority Stake),7451.556749,6584.637749,Completed,Diversified REIT,USA
SPTRD1985161,2022-04-22,2022-10-05,Claims Editing Business (ClaimsXten) of Change Healthcare Inc.*,,no_match,CLAIMS EDITING BUSINESS OF CHANGE HEALTHCARE,"TPG Capital, L.P.",,no_match,TPG CAPITAL,UnitedHealth Group Incorporated,Acquisition of Asset or Branch,2200.0,2200.0,Completed,Insurance Technology,USA
SPTRD1955616,2022-04-21,2022-08-11,KAH Hospice and Personal Care divisions of Humana Inc.,,no_match,KAH HOSPICE AND PERSONAL CARE DIVISIONS OF HUMANA,"Clayton, Dubilier & Rice, LLC",,no_match,CLAYTON DUBILIER AND RICE,Humana Inc.,Acquisition of Asset or Branch,2800.0,2800.0,Completed,Health Care Services,USA
SPTRD1955150,2022-04-19,2022-08-09,"American Campus Communities, Inc.*",,no_match,AMERICAN CAMPUS COMMUNITIES,"Blackstone Real Estate Income Trust, Inc.",,no_match,BLACKSTONE REAL ESTATE INCOME TRUST,,Acquisition of Whole Company (incl. Majority Stake),13293.571899,9215.901899,Completed,Multi-Family Residential REIT,USA
SPTRD1954902,2022-04-18,2022-07-21,Natus Medical Incorporated*,,no_match,NATUS MEDICAL,ArchiMed SAS,,no_match,ARCHIMED SAS,Investor Group,Acquisition of Whole Company (incl. Majority Stake),1122.351494,1196.399494,Completed,Health Care Equipment,USA
SPTRD1954759,2022-04-16,2022-11-11,East Stone Acquisition Corporation,,no_match,EAST STONE ACQUISITION,ICONIQ Holding Limited,,no_match,ICONIQ,Investor Group,Acquisition of Whole Company (incl. Majority Stake),2557.992685,2557.992685,Completed,Asset Management,USA
SPTRD1954425,2022-04-14,2022-10-27,"Twitter, Inc.",,no_match,TWITTER,Private Investor - Elon Reeve Musk,,no_match,PRIVATE INVESTOR ELON REEVE MUSK,,Acquisition of Whole Company (incl. Majority Stake),42031.09093,41434.60993,Completed,Interactive Media and Services,USA
SPTRD1954045,2022-04-13,2022-07-01,"Sierra Oncology, Inc.*",,no_match,SIERRA ONCOLOGY,GlaxoSmithKline plc,,no_match,GLAXOSMITHKLINE,Investor Group,Acquisition of Whole Company (incl. Majority Stake),1656.666491,1925.065491,Completed,Biotechnology,USA
SPTRD1953564,2022-04-11,2022-06-23,Datto Holding Corp.*,,no_match,DATTO,Kaseya Inc.,,no_match,KASEYA,"Vista Equity Partners Management, LLC",Acquisition of Whole Company (incl. Majority Stake),6028.408745,6188.835745,Completed,Systems Software,USA
SPTRD1953525,2022-04-11,2022-08-16,"SailPoint Technologies Holdings, Inc.*",,no_match,SAILPOINT TECHNOLOGIES,"Thoma Bravo, L.P.",,no_match,THOMA BRAVO,Investor Group,Acquisition of Whole Company (incl. Majority Stake),7062.42195,7431.03095,Completed,Systems Software,USA
SPTRD1952869,2022-04-07,2022-07-05,"CDK Global, Inc.*",,no_match,CDK GLOBAL,Brookfield Business Partners L.P.,,no_match,BROOKFIELD BUSINESS PARTNERS,,Acquisition of Whole Company (incl. Majority Stake),8267.895238,6586.395238,Completed,Application Software,USA
SPTRD1952304,2022-04-05,2022-06-28,"Tivity Health, Inc.*",,no_match,TIVITY HEALTH,Stone Point Capital LLC,,no_match,STONE POINT CAPITAL,,Acquisition of Whole Company (incl. Majority Stake),1939.02472,1666.21472,Completed,Managed Health Care,USA
SPTRD1952012,2022-04-04,2022-05-26,Pensando Systems Inc.*,,no_match,PENSANDO SYSTEMS,"Advanced Micro Devices, Inc.",AMD,normalized_exact,ADVANCED MICRO DEVICES,Investor Group,Acquisition of Whole Company (incl. Majority Stake),1789.0,1900.0,Completed,Internet Services and Infrastructure,USA
SPTRD1954673,2022-03-31,2022-03-31,"433,000-Square-Foot Trophy Office and Laboratory Building at 100 Binney St. in C",,no_match,433 000 SQUARE FOOT TROPHY OFFICE AND LABORATORY BUILDING AT 100 BINNEY ST IN C,CBRE Investment Management,,no_match,CBRE INVESTMENT MANAGEMENT,"Alexandria Real Estate Equities, Inc.",Acquisition of Asset or Branch,1020.0,,Completed,Real Estate Operating and Management,USA
SPTRD1951337,2022-03-29,2023-02-22,"LHC Group, Inc.",,no_match,LHC,"OptumHealth, Inc.",,no_match,OPTUMHEALTH,,Acquisition of Whole Company (incl. Majority Stake),6224.062114,5282.509114,Completed,Health Care Services,USA
SPTRD1950820,2022-03-29,2022-10-11,Nielsen Holdings plc*,,no_match,NIELSEN,Investor group,,no_match,INVESTOR,,Acquisition of Whole Company (incl. Majority Stake),15369.302744,10226.302744,Completed,Research and Consulting Services,USA
SPTRD1950590,2022-03-28,2022-07-06,"NEENAH PAPER, INC.",,no_match,NEENAH PAPER,"Schweitzer-Mauduit International, Inc.",,no_match,SCHWEITZER MAUDUIT INTERNATIONAL,,Acquisition of Whole Company (incl. Majority Stake),1027.922214,551.022214,Completed,Paper Products,USA
SPTRD1950551,2022-03-28,2022-08-29,"Plantronics, Inc.",,no_match,PLANTRONICS,HP Inc.,,no_match,HP,Investor Group,Acquisition of Whole Company (incl. Majority Stake),3265.32436,1918.25736,Completed,Communications Equipment,USA
SPTRD1950384,2022-03-25,2022-03-30,EP Energy Corporation,,no_match,EP ENERGY,Verdun Oil Company II LLC,,no_match,VERDUN OIL II,,Acquisition of Whole Company (incl. Majority Stake),1445.0,1445.0,Completed,Oil and Gas Exploration and Production,USA
SPTRD1949494,2022-03-22,2024-12-10,Thunder Bridge Capital Partners IV Inc.,,no_match,THUNDER BRIDGE CAPITAL PARTNERS IV,Coincheck Group N.V.,CNCK,normalized_exact,COINCHECK N V,Investor Group,Acquisition of Whole Company (incl. Majority Stake),1293.299349,,Completed,Asset Management,USA
SPTRD1949133,2022-03-21,2022-10-19,Alleghany Corporation,,no_match,ALLEGHANY,Berkshire Hathaway Inc.,BRK.B,normalized_exact,BERKSHIRE HATHAWAY,,Acquisition of Whole Company (incl. Majority Stake),11569.357928,11569.357928,Completed,Reinsurance,USA
SPTRD1949061,2022-03-20,2022-06-22,"Anaplan, Inc.*",,no_match,ANAPLAN,"Thoma Bravo, L.P.",,no_match,THOMA BRAVO,Investor Group,Acquisition of Whole Company (incl. Majority Stake),10080.7935,10335.5425,Completed,Application Software,USA
SPTRD1948555,2022-03-17,2022-07-01,CarVal Investors LP,,no_match,CARVAL INVESTORS,AllianceBernstein L.P.,AB,normalized_exact,ALLIANCEBERNSTEIN,,Acquisition of Whole Company (incl. Majority Stake),1400.0,1400.0,Completed,Asset Management,USA
SPTRD1948974,2022-03-17,2022-03-17,GM Cruise Holdings LLC*,,no_match,GM CRUISE,General Motors Company,GM,normalized_exact,GENERAL MOTORS,SB Investment Advisers (UK) Limited,Acquisition of Minority Stake,2100.0,2100.0,Completed,Automobile Manufacturers,USA
SPTRD1947118,2022-03-10,2022-10-05,Environmental Science Professional Business of Bayer AG*,,no_match,ENVIRONMENTAL SCIENCE PROFESSIONAL BUSINESS OF BAYER,Cinven Limited,,no_match,CINVEN,Bayer Aktiengesellschaft,Acquisition of Asset or Branch,2600.0,2600.0,Completed,Environmental and Facilities Services,USA
SPTRD1946752,2022-03-08,2023-02-08,AMCI Acquisition Corp. II*,,no_match,AMCI ACQUISITION II,"LanzaTech Global, Inc.",LNZA,normalized_exact,LANZATECH GLOBAL,Investor Group,Acquisition of Whole Company (incl. Majority Stake),1762.49,1762.49,Completed,Asset Management,USA
SPTRD1946756,2022-03-08,2022-06-28,Intertape Polymer Group Inc.*,,no_match,INTERTAPE POLYMER,"Clearlake Capital Group, L.P.",,no_match,CLEARLAKE CAPITAL,,Acquisition of Whole Company (incl. Majority Stake),2612.909397417295,1975.2840615015207,Completed,"Containers and Packaging: Metal, Glass, and Plastic",USA
SPTRD1946625,2022-03-08,2022-09-12,"Mandiant, Inc.",,no_match,MANDIANT,Google LLC,,no_match,GOOGLE,,Acquisition of Whole Company (incl. Majority Stake),5543.539882,6478.143882,Completed,Systems Software,USA
SPTRD1946520,2022-03-07,2022-05-13,Precoat Metals Corp.,,no_match,PRECOAT METALS,AZZ Inc.,AZZ,normalized_exact,AZZ,The Carlyle Group Inc.,Acquisition of Whole Company (incl. Majority Stake),1280.0,1280.0,Completed,Home Improvement Retail,USA
SPTRD1946490,2022-03-07,2022-07-05,Vertex Aerospace Services Holding Corp.,,no_match,VERTEX AEROSPACE SERVICES,"Vectrus, Inc.",,no_match,VECTRUS,,Acquisition of Whole Company (incl. Majority Stake),1738.468896,630.644896,Completed,Aerospace and Defense,USA
SPTRD1946536,2022-03-07,2022-07-01,Whiting Petroleum Corporation,,no_match,WHITING PETROLEUM,Oasis Petroleum Inc.,,no_match,OASIS PETROLEUM,,Acquisition of Whole Company (incl. Majority Stake),3121.483651,3052.170651,Completed,Oil and Gas Exploration and Production,USA
SPTRD1944758,2022-02-28,2022-08-01,Corporate Property Associates 18 - Global Incorporated,,no_match,CORPORATE PROPERTY ASSOCIATES 18 GLOBAL,W. P. Carey Inc.,WPC,normalized_exact,W CAREY,,Acquisition of Whole Company (incl. Majority Stake),2947.48092,1759.83092,Completed,Diversified REIT,USA
SPTRD1944801,2022-02-28,2022-05-06,"Great Western Petroleum, LLC*",,no_match,GREAT WESTERN PETROLEUM,"PDC Energy, Inc.",,no_match,PDC ENERGY,Investor Group,Acquisition of Whole Company (incl. Majority Stake),1340.668946,835.872946,Completed,Oil and Gas Exploration and Production,USA
SPTRD1944875,2022-02-28,2022-07-20,Healthcare Realty Trust Incorporated,HR,normalized_exact,HEALTHCARE REALTY TRUST,"Healthcare Trust of America, Inc.",,no_match,HEALTHCARE TRUST OF AMERICA,,Acquisition of Whole Company (incl. Majority Stake),10059.164861,5703.434141,Completed,Health Care REIT,USA
SPTRD1944697,2022-02-28,2022-04-29,"Oldcastle BuildingEnvelope, Inc.*",,no_match,OLDCASTLE BUILDINGENVELOPE,"KPS Capital Partners, LP",,no_match,KPS CAPITAL PARTNERS,CRH plc,Acquisition of Whole Company (incl. Majority Stake),3800.0,3450.0,Completed,Construction Materials,USA
SPTRD1944783,2022-02-28,2022-06-13,"Renewable Energy Group, Inc.",,no_match,RENEWABLE ENERGY,Chevron Corporation,CVX,normalized_exact,CHEVRON,Investor Group,Acquisition of Whole Company (incl. Majority Stake),2949.206603,3147.121603,Completed,Oil and Gas Refining and Marketing,USA
SPTRD1946581,2022-02-25,2022-02-25,AmeriVet Partners Management Inc.*,,no_match,AMERIVET PARTNERS MANAGEMENT,Investor Group,,no_match,INVESTOR,Imperial Capital Limited,Acquisition of Whole Company (incl. Majority Stake),1600.0,1600.0,Completed,Health Care Facilities,USA
SPTRD1944454,2022-02-25,2022-04-01,"Channel Biosciences, LLC",,no_match,CHANNEL BIOSCIENCES,Biohaven Therapeutics Ltd,,no_match,BIOHAVEN THERAPEUTICS,Knopp Biosciences LLC,Acquisition of Whole Company (incl. Majority Stake),1172.5,1172.5,Completed,Unclassified,USA
SPTRD1944491,2022-02-25,2022-04-01,"ETQ, LLC*",,no_match,ETQ,Hexagon AB (publ),,no_match,HEXAGON AB,TCMI Inc.,Acquisition of Whole Company (incl. Majority Stake),1200.0,1200.0,Completed,Application Software,USA
SPTRD1944175,2022-02-24,2023-02-01,"South Jersey Industries, Inc.",,no_match,SOUTH JERSEY INDUSTRIES,J.P. Morgan Investment Management Inc.,,no_match,J MORGAN INVESTMENT MANAGEMENT,,Acquisition of Whole Company (incl. Majority Stake),8010.527076,4250.633076,Completed,Gas Utilities,USA
SPTRD1948261,2022-02-24,2022-05-10,U.S. physical auction business of ADESA,,no_match,U S PHYSICAL AUCTION BUSINESS OF ADESA,"Carvana Group, LLC",CVNA,normalized_exact,CARVANA,"KAR Auction Services, Inc.",Acquisition of Asset or Branch,2200.0,2200.0,Completed,Diversified Support Services,USA
SPTRD1943408,2022-02-22,2022-04-06,Houghton Mifflin Harcourt Company*,,no_match,HOUGHTON MIFFLIN HARCOURT,"Veritas Capital Fund Management, L.L.C",,no_match,VERITAS CAPITAL FUND MANAGEMENT C,"Engine Investments, LLC",Acquisition of Whole Company (incl. Majority Stake),2670.974589,2681.561589,Completed,Education Services,USA
SPTRD1943526,2022-02-22,2022-08-03,"Meritor, Inc.",,no_match,MERITOR,Cummins Inc.,CMI,normalized_exact,CUMMINS,Investor Group,Acquisition of Whole Company (incl. Majority Stake),3641.365698,2666.365698,Completed,Other Distributors,USA
SPTRD1943507,2022-02-22,2022-11-01,Substantially All of the Assets of Peninsula Pacific Entertainment LLC,,no_match,SUBSTANTIALLY ALL OF ASSETS OF PENINSULA PACIFIC ENTERTAINMENT,Churchill Downs Incorporated,CHDN,normalized_exact,CHURCHILL DOWNS,"Peninsula Pacific Entertainment, LLC",Acquisition of Asset or Branch,2750.0,2750.0,Completed,Casinos and Gaming,USA
SPTRD1943772,2022-02-22,2022-11-17,Tenneco Inc.,,no_match,TENNECO,"Apollo Global Management, Inc.",APO,normalized_exact,APOLLO GLOBAL MANAGEMENT,,Acquisition of Whole Company (incl. Majority Stake),6603.85436,1757.85436,Completed,Automotive Parts and Equipment,USA
SPTRD1942572,2022-02-18,2022-11-01,"Mobility and Materials Business of DuPont de Nemours, Inc.",,no_match,MOBILITY AND MATERIALS BUSINESS OF DUPONT NEMOURS,Celanese Corporation,CE,normalized_exact,CELANESE,"DuPont de Nemours, Inc.",Acquisition of Asset or Branch,11000.0,11000.0,Completed,Commodity Chemicals,USA
SPTRD1942370,2022-02-17,2022-02-17,Capital Automotive LLC,,no_match,CAPITAL AUTOMOTIVE,Ares Management Corporation,ARES,normalized_exact,ARES MANAGEMENT,Brookfield Asset Management Inc.,Acquisition of Whole Company (incl. Majority Stake),3800.0,3800.0,Completed,Retail REIT,USA
SPTRD1940754,2022-02-16,2022-06-23,"Preferred Apartment Communities, Inc.",,no_match,PREFERRED APARTMENT COMMUNITIES,"Blackstone Real Estate Income Trust, Inc.",,no_match,BLACKSTONE REAL ESTATE INCOME TRUST,,Acquisition of Whole Company (incl. Majority Stake),5330.827215,1383.771215,Completed,Real Estate Operating and Management,USA
SPTRD1940047,2022-02-15,2022-02-15,"Optimal Blue Holdco, LLC*",,no_match,OPTIMAL BLUE HOLDCO,"Black Knight, Inc.",,no_match,BLACK KNIGHT,Investor group,Acquisition of Minority Stake,1156.0,1156.0,Completed,Application Software,USA
SPTRD1940197,2022-02-15,2022-12-01,Real Estate of Encore Boston Harbor Casino,,no_match,REAL ESTATE OF ENCORE BOSTON HARBOR CASINO,Realty Income Corporation,O,normalized_exact,REALTY INCOME,"Wynn Ma, LLC",Acquisition of Asset or Branch,1700.0,1700.0,Completed,Real Estate Operating and Management,USA
SPTRD1940224,2022-02-15,2022-04-11,Viper Holdings Corporation,,no_match,VIPER,Masimo Corporation,MASI,normalized_exact,MASIMO,,Acquisition of Whole Company (incl. Majority Stake),1025.0,,Completed,"Holding Companies, Patent Owners, and Trusts or Estates",USA
SPTRD1939829,2022-02-14,2022-07-25,"Cornerstone Building Brands, Inc.*",,no_match,CORNERSTONE BUILDING BRANDS,Investor Group,,no_match,INVESTOR,Golden Gate Capital,Acquisition of Whole Company (incl. Majority Stake),3855.233567,1612.684567,Completed,Building Products,USA
SPTRD1939754,2022-02-14,2022-07-01,"Elkay Manufacturing Company, Inc.",,no_match,ELKAY MANUFACTURING,Zurn Water Solutions Corporation,,no_match,ZURN WATER SOLUTIONS,,Acquisition of Whole Company (incl. Majority Stake),1405.584,1405.584,Completed,Building Products,USA
SPTRD1945350,2022-02-11,2022-10-19,"Shell Midstream Partners, L.P.",,no_match,SHELL MIDSTREAM PARTNERS,Shell Pipeline Company LP,,no_match,SHELL PIPELINE,,Acquisition of Minority Stake,1962.741,1962.741,Completed,Oil and Gas Storage and Transportation,USA
SPTRD1938708,2022-02-09,2022-05-02,"Pilot Freight Services, Inc.*",,no_match,PILOT FREIGHT SERVICES,A.P. Møller - Mærsk A/S,,no_match,A M LLER M RSK A S,Investor Group,Acquisition of Whole Company (incl. Majority Stake),1800.0,1680.0,Completed,Cargo Ground Transportation,USA
SPTRD1938783,2022-02-09,2022-05-02,"US Ecology Holdings, Inc.",,no_match,US ECOLOGY,"Republic Services, Inc.",RSG,normalized_exact,REPUBLIC SERVICES,Investor Group,Acquisition of Whole Company (incl. Majority Stake),2265.156377,1530.030377,Completed,Environmental and Facilities Services,USA
SPTRD1938521,2022-02-08,2022-08-05,"DPCM Capital, Inc.",,no_match,DPCM CAPITAL,D-Wave Quantum Inc.,QBTS,normalized_exact,D WAVE QUANTUM,Investor Group,Acquisition of Whole Company (incl. Majority Stake),1138.727297,1138.727297,Completed,Asset Management,USA
SPTRD1937000,2022-02-02,2022-03-22,Net Lease Asset Portfolio of iStar Inc.*,,no_match,NET LEASE ASSET PORTFOLIO OF ISTAR,"Carlyle Net Lease Income, L.P.",,no_match,CARLYLE NET LEASE INCOME,iStar Inc.,Acquisition of Asset or Branch,3071.5,3071.5,Completed,Real Estate Operating and Management,USA
SPTRD1936583,2022-02-01,2022-06-01,Scholle IPN Corporation,,no_match,SCHOLLE IPN,SIG Combibloc Group AG,,no_match,SIG COMBIBLOC,,Acquisition of Whole Company (incl. Majority Stake),1741.2569249180374,1411.0129704280373,Completed,Packaging and Materials: Paper and Plastic,USA
SPTRD1936309,2022-01-31,2022-07-15,"Bungie, Inc.*",,no_match,BUNGIE,Sony Interactive Entertainment LLC,,no_match,SONY INTERACTIVE ENTERTAINMENT,Netease Capital,Acquisition of Whole Company (incl. Majority Stake),3700.0,,Completed,Interactive Home Entertainment,USA
SPTRD1936263,2022-01-31,2022-09-30,"Citrix Systems, Inc.*",,no_match,CITRIX SYSTEMS,TIBCO Software Inc.,,no_match,TIBCO SOFTWARE,Investor Group,Acquisition of Whole Company (incl. Majority Stake),16226.834615,13632.762615,Completed,Application Software,USA
SPTRD1937342,2022-01-31,2022-01-31,Portfolio of 75 Buildings Totaling 5.4 Million Square Feet,,no_match,PORTFOLIO OF 75 BUILDINGS TOTALING 5 4 MILLION SQUARE FEET,"Equus Capital Partners, Ltd.",,no_match,EQUUS CAPITAL PARTNERS,"Prologis, Inc.",Acquisition of Asset or Branch,1000.0,1000.0,Completed,Real Estate Operating and Management,USA
SPTRD1934932,2022-01-26,2022-10-03,"Gavilon Agriculture Investment, Inc.",,no_match,GAVILON AGRICULTURE INVESTMENT,Viterra Ltd.,,no_match,VITERRA,Marubeni America Corporation,Acquisition of Whole Company (incl. Majority Stake),1125.0,1125.0,Completed,Food Distributors,USA
SPTRD1934650,2022-01-25,2024-02-29,Arisz Acquisition Corp.,,no_match,ARISZ ACQUISITION,Ethereal Tech PTE. Ltd,,no_match,ETHEREAL TECH PTE,Investor Group,Acquisition of Whole Company (incl. Majority Stake),1237.500001,1237.500001,Completed,Asset Management,USA
SPTRD1975837,2022-01-24,2022-03-31,111 WoodSpring Suites-Branded Hotels*,,no_match,111 WOODSPRING SUITES BRANDED HOTELS,Investor Group,,no_match,INVESTOR,Brookfield Property Partners L.P.,Acquisition of Asset or Branch,1500.0,1500.0,Completed,Real Estate Operating and Management,USA
SPTRD1933984,2022-01-24,2022-03-10,Financial Services Segment of Adtalem Global Education Inc.*,,no_match,FINANCIAL SERVICES SEGMENT OF ADTALEM GLOBAL EDUCATION,Investor Group,,no_match,INVESTOR,Adtalem Global Education Inc.,Acquisition of Whole Company (incl. Majority Stake),1000.0,1000.0,Completed,Unclassified,USA
SPTRD1934099,2022-01-24,2022-05-19,"Resource REIT, Inc.",,no_match,RESOURCE REIT,"Blackstone Real Estate Income Trust, Inc.",,no_match,BLACKSTONE REAL ESTATE INCOME TRUST,,Acquisition of Whole Company (incl. Majority Stake),3540.842775,2544.661775,Completed,Multi-Family Residential REIT,USA
SPTRD1933812,2022-01-21,2022-06-30,IBM Watson Health*,,no_match,IBM WATSON HEALTH,"Francisco Partners Management, L.P.",,no_match,FRANCISCO PARTNERS MANAGEMENT,"IBM Watson Health, Inc.",Acquisition of Asset or Branch,1065.0,1065.0,Completed,Health Care Technology,USA
SPTRD1933080,2022-01-19,2022-03-04,"Zogenix, Inc.",,no_match,ZOGENIX,"UCB BioSciences, Inc.",,no_match,UCB BIOSCIENCES,,Acquisition of Whole Company (incl. Majority Stake),1578.530628,1867.640628,Completed,Pharmaceuticals,USA
SPTRD1932851,2022-01-18,2023-10-13,"Activision Blizzard, Inc.",,no_match,ACTIVISION BLIZZARD,Microsoft Corporation,MSFT,normalized_exact,MICROSOFT,Investor group,Acquisition of Whole Company (incl. Majority Stake),66159.137765,75693.137765,Completed,Interactive Home Entertainment,USA
SPTRD1931279,2022-01-11,2022-12-23,"Wind River Systems, Inc.*",,no_match,WIND RIVER SYSTEMS,Aptiv PLC,APTV,normalized_exact,APTIV,"TPG Capital, L.P.",Acquisition of Whole Company (incl. Majority Stake),3500.0,,Completed,Systems Software,USA
SPTRD1930981,2022-01-10,2022-03-29,"Apria, Inc.*",,no_match,APRIA,"Byram Healthcare Centers, Inc.",,no_match,BYRAM HEALTHCARE CENTERS,Blackstone Inc.,Acquisition of Whole Company (incl. Majority Stake),1720.793967,1491.172967,Completed,Health Care Services,USA
SPTRD1930841,2022-01-10,2022-02-17,"Navitas Midstream Partners, LLC*",,no_match,NAVITAS MIDSTREAM PARTNERS,Enterprise Products Partners L.P.,EPD,normalized_exact,ENTERPRISE PRODUCTS PARTNERS,Warburg Pincus LLC,Acquisition of Whole Company (incl. Majority Stake),3250.0,3250.0,Completed,Integrated Oil and Gas,USA
SPTRD1931200,2022-01-10,2022-06-21,"Revint Holdings, LLC",,no_match,REVINT,R1 RCM Inc.,,no_match,R1 RCM,"New Mountain Capital, L.L.C.",Acquisition of Whole Company (incl. Majority Stake),3552.486784,2695.486784,Completed,Application Software,USA
SPTRD1931084,2022-01-10,2022-05-23,Zynga Inc.,,no_match,ZYNGA,"Take-Two Interactive Software, Inc.",TTWO,normalized_exact,TAKE TWO INTERACTIVE SOFTWARE,,Acquisition of Whole Company (incl. Majority Stake),11107.620399,10252.520399,Completed,Interactive Home Entertainment,USA
SPTRD1930315,2022-01-06,2022-02-23,"Vocera Communications, Inc.",,no_match,VOCERA COMMUNICATIONS,Stryker Corporation,SYK,normalized_exact,STRYKER,,Acquisition of Whole Company (incl. Majority Stake),2915.206575,2971.763575,Completed,Health Care Technology,USA
SPTRD1930631,2022-01-05,2022-05-23,"DB Energy Assets, LLC/Beacon Energy Holdings, LLC",,no_match,DB ENERGY ASSETS ENERGY,Vauban Infrastructure Partners,,no_match,VAUBAN INFRASTRUCTURE PARTNERS,Investor Group,Acquisition of Whole Company (incl. Majority Stake),2200.0,2200.0,Completed,Unclassified,USA
SPTRD1929411,2022-01-04,,28.4-million square-foot portfolio of state-of-the-art logistics properties the,,no_match,28 4 MILLION SQUARE FOOT PORTFOLIO OF STATE OF ART LOGISTICS PROPERTIES,CBRE Investment Management,,no_match,CBRE INVESTMENT MANAGEMENT,"Hillwood Investment Properties, L.P.",Acquisition of Asset or Branch,4900.0,4900.0,Announced,Real Estate Operating and Management,USA
SPTRD1929781,2021-12-30,2021-12-30,"PeproTech, Inc.",,no_match,PEPROTECH,Thermo Fisher Scientific Inc.,TMO,normalized_exact,THERMO FISHER SCIENTIFIC,,Acquisition of Whole Company (incl. Majority Stake),1864.0,1947.0,Completed,Life Sciences Tools and Services,USA
SPTRD1928282,2021-12-28,2022-05-02,"Valley Proteins, Inc.",,no_match,VALLEY PROTEINS,Darling Ingredients Inc.,DAR,normalized_exact,DARLING INGREDIENTS,,Acquisition of Whole Company (incl. Majority Stake),1100.0,1100.0,Completed,Environmental and Facilities Services,USA
SPTRD1927912,2021-12-27,2022-03-01,CUSIP Global Services division of S&P Global Inc.,,no_match,CUSIP GLOBAL SERVICES DIVISION OF S AND GLOBAL,FactSet Research Systems Inc.,FDS,normalized_exact,FACTSET RESEARCH SYSTEMS,S&P Global Inc.,Acquisition of Asset or Branch,1925.0,1925.0,Completed,Banking Technology,USA
SPTRD1980732,2021-12-24,2022-04-12,Aircraft Leasing Business*,,no_match,AIRCRAFT LEASING BUSINESS,Carlyle Aviation Partners Ltd.,,no_match,CARLYLE AVIATION PARTNERS,CK Asset Holdings Limited,Acquisition of Whole Company (incl. Majority Stake),4281.0,4281.0,Completed,Aerospace and Defense,USA
SPTRD1927354,2021-12-23,2022-02-28,Malarkey Roofing Products Co.,,no_match,MALARKEY ROOFING PRODUCTS,Holcim Group Services Limited,,no_match,HOLCIM SERVICES,,Acquisition of Whole Company (incl. Majority Stake),1350.0,,Completed,Building Products,USA
SPTRD1926679,2021-12-21,2022-02-08,"Amunix Pharmaceuticals, Inc.*",,no_match,AMUNIX PHARMACEUTICALS,Sanofi,SNY,normalized_exact,SANOFI,Investor Group,Acquisition of Whole Company (incl. Majority Stake),1225.0,1225.0,Completed,Biotechnology,USA
SPTRD1926826,2021-12-21,2021-12-21,Encora Digital Inc.*,,no_match,ENCORA DIGITAL,Advent International Corporation,,no_match,ADVENT INTERNATIONAL,Warburg Pincus LLC,Acquisition of Whole Company (incl. Majority Stake),1500.0,1500.0,Completed,IT Consulting and Other Services,USA
SPTRD1927106,2021-12-21,2022-06-01,"Sempra Infrastructure Partners, LP",,no_match,SEMPRA INFRASTRUCTURE PARTNERS,Black River B 2017 Inc.,,no_match,BLACK RIVER B 2017,Sempra,Acquisition of Minority Stake,1730.0,1730.0,Completed,Multi-Utilities,USA
SPTRD1926726,2021-12-21,2021-12-21,Two Portfolios Consisting of 75 Industrial Properties,,no_match,TWO PORTFOLIOS CONSISTING OF 75 INDUSTRIAL PROPERTIES,Ares Real Estate Group,,no_match,ARES REAL ESTATE,Undisclosed Seller,Acquisition of Asset or Branch,1700.0,1700.0,Completed,Real Estate Operating and Management,USA
SPTRD1926704,2021-12-21,2022-05-09,Zanite Acquisition Corp.,,no_match,ZANITE ACQUISITION,"Eve Holding, Inc.",EVEX,normalized_exact,EVE,Investor Group,Acquisition of Whole Company (incl. Majority Stake),2233.0,2233.0,Completed,Asset Management,USA
SPTRD1926439,2021-12-20,2022-01-26,"Ball Metalpack, LLC*",,no_match,BALL METALPACK,Sonoco Products Company,SON,normalized_exact,SONOCO PRODUCTS,Investor Group,Acquisition of Whole Company (incl. Majority Stake),1350.0,1350.0,Completed,"Containers and Packaging: Metal, Glass, and Plastic",USA
SPTRD1926275,2021-12-20,2023-02-01,Bank of the West,,no_match,BANK OF WEST,BMO Harris Bank National Association,,no_match,BMO HARRIS BANK NATIONAL ASSOCIATION,BNP Paribas SA,Acquisition of Whole Company (incl. Majority Stake),13800.0,13800.0,Completed,Bank,USA
SPTRD1926442,2021-12-20,2022-10-06,"Bluerock Residential Growth REIT, Inc.",,no_match,BLUEROCK RESIDENTIAL GROWTH REIT,"Blackstone Real Estate Income Trust, Inc.",,no_match,BLACKSTONE REAL ESTATE INCOME TRUST,,Acquisition of Whole Company (incl. Majority Stake),3373.893155,741.434705,Completed,Real Estate Development,USA
SPTRD1944014,2021-12-20,2022-06-08,Cerner Corporation,,no_match,CERNER,Oracle Corporation,ORCL,normalized_exact,ORACLE,,Acquisition of Whole Company (incl. Majority Stake),28989.87677,28259.28577,Completed,Health Care Technology,USA
SPTRD1926434,2021-12-20,2022-03-15,Hexion Holdings Corporation*,,no_match,HEXION,American Securities LLC,,no_match,AMERICAN SECURITIES,,Acquisition of Whole Company (incl. Majority Stake),3618.56164,,Completed,Specialty Chemicals,USA
SPTRD1926647,2021-12-20,2021-12-20,Hudson Commons,,no_match,HUDSON COMMONS,"CommonWealth Partners, LLC",,no_match,COMMONWEALTH PARTNERS,Investor Group,Acquisition of Asset or Branch,1033.0,1033.0,Completed,Real Estate Operating and Management,USA
SPTRD1926461,2021-12-20,2021-12-23,"Truebill, Inc.",,no_match,TRUEBILL,"Rocket Companies, Inc.",RKT,normalized_exact,ROCKET,,Acquisition of Whole Company (incl. Majority Stake),1275.0,1275.0,Completed,Application Software,USA
SPTRD1925930,2021-12-17,2024-08-15,Armada Acquisition Corp. I,,no_match,ARMADA ACQUISITION I,Rezolve Group Limited,,no_match,REZOLVE,Investor Group,Acquisition of Whole Company (incl. Majority Stake),1560.0,,Completed,Asset Management,USA
SPTRD1925925,2021-12-17,2022-05-13,"Bottomline Technologies, Inc.*",,no_match,BOTTOMLINE TECHNOLOGIES,"Thoma Bravo, L.P.",,no_match,THOMA BRAVO,Investor group,Acquisition of Whole Company (incl. Majority Stake),2619.504866,2574.355866,Completed,Banking Technology,USA
SPTRD1926464,2021-12-17,2022-07-07,"Portfolio of 81 Multi-tenant Power, Anchored and Grocery Centers in United State",,no_match,PORTFOLIO OF 81 MULTI TENANT POWER ANCHORED AND GROCERY CENTERS IN UNITED STATE,Investor Group,,no_match,INVESTOR,"CIM Real Estate Finance Trust, Inc.",Acquisition of Asset or Branch,1299.76069,943.76069,Completed,Real Estate Operating and Management,USA
SPTRD1925553,2021-12-16,2022-08-15,Founder SPAC,,no_match,FOUNDER SPAC,"Rubicon Technologies, Inc.",,no_match,RUBICON TECHNOLOGIES,Investor Group,Acquisition of Whole Company (incl. Majority Stake),1483.0,1483.0,Completed,Asset Management,USA
SPTRD1925494,2021-12-15,2022-01-31,"20 Newly Built Multifamily Properties Totaling 6,341 Units*",,no_match,20 NEWLY BUILT MULTIFAMILY PROPERTIES TOTALING 6 341 UNITS,"Blackstone Real Estate Income Trust, Inc.",,no_match,BLACKSTONE REAL ESTATE INCOME TRUST,Undisclosed Seller,Acquisition of Asset or Branch,2100.0,2100.0,Completed,Real Estate Operating and Management,USA
SPTRD1925268,2021-12-15,2022-07-06,"CMC Materials, Inc.",,no_match,CMC MATERIALS,"Entegris, Inc.",ENTG,normalized_exact,ENTEGRIS,Investor Group,Acquisition of Whole Company (incl. Majority Stake),5775.936646,5102.491646,Completed,Semiconductor Materials and Equipment,USA
SPTRD1925584,2021-12-15,2022-01-03,Kaman Distribution Group*,,no_match,KAMAN DISTRIBUTION,"Motion Industries, Inc.",,no_match,MOTION INDUSTRIES,"Littlejohn & Co., LLC",Acquisition of Whole Company (incl. Majority Stake),1300.0,1300.0,Completed,Trading Companies and Distributors,USA
SPTRD1925731,2021-12-15,2021-12-15,Life Science Property in the City of Cambridge,,no_match,LIFE SCIENCE PROPERTY IN CITY OF CAMBRIDGE,Investor Group,,no_match,INVESTOR,"Alexandria Real Estate Equities, Inc.",Acquisition of Asset or Branch,1185.11127,1185.11127,Completed,Real Estate Operating and Management,USA
SPTRD1924937,2021-12-14,2022-09-01,Food Safety Business of 3M Company,,no_match,FOOD SAFETY BUSINESS OF 3M,Neogen Corporation,NEOG,normalized_exact,NEOGEN,3M Company,Acquisition of Asset or Branch,2262.073107,2262.073107,Completed,Electronic Equipment and Instruments,USA
SPTRD1964223,2021-12-14,2021-12-17,"Savion, LLC",,no_match,SAVION,Shell New Energies US LLC,,no_match,SHELL ENERGIES US,Macquarie Group Limited,Acquisition of Whole Company (incl. Majority Stake),1400.0,1400.0,Completed,Renewable Electricity,USA
SPTRD1924922,2021-12-14,2022-05-02,Spring Valley Acquisition Corp.,,no_match,SPRING VALLEY ACQUISITION,"NuScale Power, LLC",SMR,normalized_exact,NUSCALE POWER,Investor Group,Acquisition of Whole Company (incl. Majority Stake),1775.047274,,Completed,Asset Management,USA
SPTRD1924842,2021-12-14,2022-10-12,"Terminix Global Holdings, Inc.",,no_match,TERMINIX GLOBAL,Rentokil Initial plc,RTO,normalized_exact,RENTOKIL INITIAL,Investor Group,Acquisition of Whole Company (incl. Majority Stake),5466.971383,4742.971383,Completed,Environmental and Facilities Services,USA
SPTRD1924542,2021-12-13,2022-03-11,"Arena Pharmaceuticals, Inc.",,no_match,ARENA PHARMACEUTICALS,Pfizer Inc.,PFE,normalized_exact,PFIZER,,Acquisition of Whole Company (incl. Majority Stake),6177.192535,6676.350535,Completed,Biotechnology,USA
SPTRD1924693,2021-12-13,2022-12-19,The Mirage Casino-Hotel LLC,,no_match,MIRAGE CASINO HOTEL,"Seminole Hard Rock International, LLC",,no_match,SEMINOLE HARD ROCK INTERNATIONAL,MGM Resorts International,Acquisition of Whole Company (incl. Majority Stake),1075.0,1075.0,Completed,"Hotels, Resorts and Cruise Lines",USA
SPTRD1924598,2021-12-12,2022-04-04,"SPX FLOW, Inc.*",,no_match,SPX FLOW,"Lone Star Americas Acquisitions, Inc.",,no_match,LONE STAR AMERICAS ACQUISITIONS,,Acquisition of Whole Company (incl. Majority Stake),3697.703654,3697.703654,Completed,Machinery and Supplies and Components: Industrial,USA
SPTRD1975539,2021-12-10,2022-07-22,CC Neuberger Principal Holdings II,,no_match,CC NEUBERGER PRINCIPAL II,"Getty Images Holdings, Inc.",GETY,normalized_exact,GETTY IMAGES,,Acquisition of Whole Company (incl. Majority Stake),2628.990942,2628.990942,Completed,Asset Management,USA
SPTRD1923539,2021-12-08,2022-07-22,Electronic Security Solutions And Healthcare Solutions Businesses Of Stanley Bla,,no_match,ELECTRONIC SECURITY SOLUTIONS AND HEALTHCARE SOLUTIONS BUSINESSES OF STANLEY BLA,Securitas AB (publ),,no_match,SECURITAS AB,"Stanley Black & Decker, Inc.",Acquisition of Asset or Branch,3200.0,3200.0,Completed,Unclassified,USA
SPTRD1923551,2021-12-08,2022-06-16,Virgin Group Acquisition Corp. II*,,no_match,VIRGIN ACQUISITION II,"Grove Collaborative, Inc.",GROV,normalized_exact,GROVE COLLABORATIVE,Investor Group,Acquisition of Whole Company (incl. Majority Stake),1400.0,1400.0,Completed,Asset Management,USA
SPTRD1923132,2021-12-07,2022-06-15,Oaktree Acquisition Corp. II,,no_match,OAKTREE ACQUISITION II,Alvotech,ALVO,normalized_exact,ALVOTECH,Investor Group,Acquisition of Whole Company (incl. Majority Stake),2160.8391,2160.8391,Completed,Asset Management,USA
SPTRD1922696,2021-12-06,2022-09-27,GCP Applied Technologies Inc.,,no_match,GCP APPLIED TECHNOLOGIES,Compagnie de Saint-Gobain S.A.,,no_match,COMPAGNIE SAINT GOBAIN S A,Investor Group,Acquisition of Whole Company (incl. Majority Stake),2323.119996,2383.419996,Completed,Specialty Chemicals,USA
SPTRD1922891,2021-12-06,2021-12-29,Real Estate Assets of Live! Casino & Hotel Maryland,,no_match,REAL ESTATE ASSETS OF LIVE CASINO AND HOTEL MARYLAND,"Gaming and Leisure Properties, Inc.",GLPI,normalized_exact,GAMING AND LEISURE PROPERTIES,"PPE Casino Resorts Maryland, LLC",Acquisition of Asset or Branch,1140.0,777.0,Completed,Real Estate Operating and Management,USA
SPTRD1922453,2021-12-03,2022-05-27,Apollo Strategic Growth Capital*,,no_match,APOLLO STRATEGIC GROWTH CAPITAL,"Global Business Travel Group, Inc.",GBTG,normalized_exact,GLOBAL BUSINESS TRAVEL,"APSG Sponsor, L.P.",Acquisition of Whole Company (incl. Majority Stake),4027.0,4027.0,Completed,Asset Management,USA
SPTRD1922534,2021-12-03,2021-12-27,"Provation Software, Inc.*",,no_match,PROVATION SOFTWARE,Fortive Corporation,FTV,normalized_exact,FORTIVE,"Clearlake Capital Group, L.P.",Acquisition of Whole Company (incl. Majority Stake),1425.0,,Completed,Health Care Technology,USA
SPTRD2044183,2021-12-01,2022-05-11,Razer Inc.*,,no_match,RAZER,Investor Group,,no_match,INVESTOR,,Acquisition of Whole Company (incl. Majority Stake),2303.852225823344,2834.742944103956,Completed,"Technology Hardware, Storage and Peripherals",USA
SPTRD1921419,2021-11-30,2021-12-23,CBS Studios Inc.,,no_match,CBS STUDIOS,Investor Group,,no_match,INVESTOR,ViacomCBS Inc.,Acquisition of Whole Company (incl. Majority Stake),1850.0,1850.0,Completed,Broadcasting,USA
SPTRD1921231,2021-11-29,2022-07-22,"Aqua Finance, Inc.*",,no_match,AQUA FINANCE,Athene Holding Ltd.,ATHS,normalized_exact,ATHENE,Blackstone Inc.,Acquisition of Whole Company (incl. Majority Stake),1000.0,,Completed,Specialty Finance: Consumer Focused,USA
SPTRD1921306,2021-11-29,2022-02-01,"Quest Software, Inc.*",,no_match,QUEST SOFTWARE,"Clearlake Capital Group, L.P.",,no_match,CLEARLAKE CAPITAL,"Francisco Partners Management, L.P.",Acquisition of Whole Company (incl. Majority Stake),5400.0,,Completed,Application Software,USA
SPTRD1920540,2021-11-24,2022-04-01,"Clinigence Holdings, Inc.",,no_match,CLINIGENCE,Nutex Health Inc.,NUTX,normalized_exact,NUTEX HEALTH,,Acquisition of Whole Company (incl. Majority Stake),2311.88768,2311.88768,Completed,Health Care Services,USA
SPTRD1919597,2021-11-22,2021-12-27,PK Global,,no_match,PK GLOBAL,Concentrix Corporation,CNXC,normalized_exact,CONCENTRIX,The Carlyle Group Inc.,Acquisition of Whole Company (incl. Majority Stake),1575.0,1575.0,Completed,IT Consulting and Other Services,USA
SPTRD1919513,2021-11-22,2022-07-21,Vonage Holdings Corp.,,no_match,VONAGE,Telefonaktiebolaget LM Ericsson (publ),,no_match,TELEFONAKTIEBOLAGET LM ERICSSON,,Acquisition of Whole Company (incl. Majority Stake),6238.577518,5738.155518,Completed,Application Software,USA
SPTRD1920105,2021-11-22,2022-02-15,athenahealth Inc.*,,no_match,ATHENAHEALTH,Investor group,,no_match,INVESTOR,Investor group,Acquisition of Whole Company (incl. Majority Stake),17000.0,17000.0,Completed,Health Care Technology,USA
SPTRD1918857,2021-11-18,2021-12-28,"Dicerna Pharmaceuticals, Inc.*",,no_match,DICERNA PHARMACEUTICALS,Novo Nordisk A/S,NVO,normalized_exact,NOVO NORDISK A S,Investor Group,Acquisition of Whole Company (incl. Majority Stake),2645.827991,3146.916991,Completed,Biotechnology,USA
SPTRD1918374,2021-11-16,2022-04-26,Archimedes Tech SPAC Partners Co.,,no_match,ARCHIMEDES TECH SPAC PARTNERS,"SoundHound AI, Inc.",SOUN,normalized_exact,SOUNDHOUND AI,Archimedes Tech SPAC Sponsors LLC,Acquisition of Whole Company (incl. Majority Stake),1994.0,1994.0,Completed,Asset Management,USA
SPTRD1918448,2021-11-16,2022-01-07,"SimpleNexus, LLC",,no_match,SIMPLENEXUS,"nCino, Inc.",NCNO,normalized_exact,NCINO,,Acquisition of Whole Company (incl. Majority Stake),1168.304,1168.304,Completed,Application Software,USA
SPTRD1918053,2021-11-15,2021-12-27,CoreSite Realty Corporation*,,no_match,CORESITE REALTY,American Tower Investments LLC,,no_match,AMERICAN TOWER INVESTMENTS,,Acquisition of Whole Company (incl. Majority Stake),10281.11455,8314.85555,Completed,Internet Services and Infrastructure,USA
SPTRD1918006,2021-11-15,2022-03-25,CyrusOne Inc.*,,no_match,CYRUSONE,Investor group,,no_match,INVESTOR,,Acquisition of Whole Company (incl. Majority Stake),15238.571028,11756.271028,Completed,Data Center REIT,USA
SPTRD1918213,2021-11-15,2021-12-15,"Firehouse Restaurant Group, Inc.",,no_match,FIREHOUSE RESTAURANT,Restaurant Brands International Inc.,QSR,normalized_exact,RESTAURANT BRANDS INTERNATIONAL,,Acquisition of Whole Company (incl. Majority Stake),1016.0,968.0,Completed,Restaurants,USA
SPTRD1918205,2021-11-15,2021-12-09,"LAACO, Ltd.",,no_match,LAACO,"CubeSmart, L.P.",CUBE,normalized_exact,CUBESMART,,Acquisition of Whole Company (incl. Majority Stake),1740.0,1740.0,Completed,Diversified Real Estate Activities,USA
SPTRD1929000,2021-11-14,,"Freeport LNG Development, L.P.",,no_match,FREEPORT LNG DEVELOPMENT,JERA Americas Inc.,,no_match,JERA AMERICAS,"Global Infrastructure Management, LLC",Acquisition of Minority Stake,2500.0,2500.0,Announced,Oil and Gas Refining and Marketing,USA
SPTRD1917774,2021-11-12,2021-12-30,"Consumer Club, Inc. d/b/a/ Getaroom.com*",,no_match,CONSUMER CLUB D B A GETAROOM COM,Booking Holdings Inc.,BKNG,normalized_exact,BOOKING,"Court Square Capital Management, L.P.",Acquisition of Whole Company (incl. Majority Stake),1139.401218,1200.0,Completed,"Hotels, Resorts and Cruise Lines",USA
SPTRD1917995,2021-11-12,2021-12-31,"Manhattan Mini Storage, LLC",,no_match,MANHATTAN MINI STORAGE,"TKG StorageMart Partners, LP",,no_match,TKG STORAGEMART PARTNERS,Edison Properties Inc.,Acquisition of Whole Company (incl. Majority Stake),3000.0,3000.0,Completed,Diversified Support Services,USA
SPTRD1917322,2021-11-10,2021-12-17,Generate Life Sciences Inc.*,,no_match,GENERATE LIFE SCIENCES,"CooperSurgical, Inc.",,no_match,COOPERSURGICAL,GI Manager L.P.,Acquisition of Whole Company (incl. Majority Stake),1605.0,1605.0,Completed,Biotechnology,USA
SPTRD1916878,2021-11-09,,30-Property Multifamily Portfolio in United States,,no_match,30 PROPERTY MULTIFAMILY PORTFOLIO IN UNITED STATES,Undisclosed Buyer,,no_match,UNDISCLOSED BUYER,"Greystar Real Estate Partners, LLC",Acquisition of Asset or Branch,3600.0,3600.0,Announced,Real Estate Operating and Management,USA
SPTRD1916855,2021-11-08,2021-12-22,86 Ambulatory Surgery Centers and Other Related Assets in US,,no_match,86 AMBULATORY SURGERY CENTERS AND OTHER RELATED ASSETS IN US,United Surgical Partners International Inc.,,no_match,UNITED SURGICAL PARTNERS INTERNATIONAL,Investor Group,Acquisition of Asset or Branch,1100.0,1100.0,Completed,Health Care Facilities,USA
SPTRD1916536,2021-11-08,2022-03-03,CorePoint Lodging Inc.*,,no_match,COREPOINT LODGING,Investor group,,no_match,INVESTOR,,Acquisition of Whole Company (incl. Majority Stake),1342.684994,944.684994,Completed,Hotel and Resort REIT,USA
SPTRD1916574,2021-11-08,2022-03-01,McAfee Corp.*,,no_match,MCAFEE,Investor Group,,no_match,INVESTOR,Investor Group,Acquisition of Whole Company (incl. Majority Stake),20770.207991,11976.207991,Completed,Systems Software,USA
SPTRD1916782,2021-11-07,2022-05-31,"FirstEnergy Transmission, LLC",,no_match,FIRSTENERGY TRANSMISSION,Brookfield Corporation,BN,normalized_exact,BROOKFIELD,FirstEnergy Corp.,Acquisition of Minority Stake,2375.0,2375.0,Completed,Electric Utilities,USA
SPTRD1916155,2021-11-05,2022-02-25,Monmouth Real Estate Investment Corporation,,no_match,MONMOUTH REAL ESTATE INVESTMENT,Industrial Logistics Properties Trust,ILPT,normalized_exact,INDUSTRIAL LOGISTICS PROPERTIES TRUST,,Acquisition of Whole Company (incl. Majority Stake),3711.000987,2070.361587,Completed,Industrial REIT,USA
SPTRD1920137,2021-11-04,2021-12-31,"GEP Haynesville, LLC",,no_match,GEP HAYNESVILLE,Southwestern Energy Company,,no_match,SOUTHWESTERN ENERGY,Investor group,Acquisition of Whole Company (incl. Majority Stake),1801.82119,1801.82119,Completed,Oil and Gas Exploration and Production,USA
SPTRD1917254,2021-11-03,2021-11-03,70.5 million Square Foot Portfolio in United States,,no_match,70 5 MILLION SQUARE FOOT PORTFOLIO IN UNITED STATES,GIC Private Limited,,no_match,GIC PRIVATE,EQT Exeter,Acquisition of Asset or Branch,6800.0,6800.0,Completed,Real Estate Operating and Management,USA
SPTRD1915875,2021-11-03,,"Fenix Marine Services, Ltd.*",,no_match,FENIX MARINE SERVICES,CMA CGM S.A.,,no_match,CMA CGM S A,EQT Partners AB,Acquisition of Whole Company (incl. Majority Stake),2300.0,,Announced,Marine Ports and Services,USA
SPTRD1916133,2021-11-03,2021-12-21,Jagged Peak Energy LLC And Oil And Gas Assets In Delaware Basin,,no_match,JAGGED PEAK ENERGY AND OIL AND GAS ASSETS IN BASIN,"Continental Resources, Inc.",,no_match,CONTINENTAL RESOURCES,Investor Group,Acquisition of Asset or Branch,3100.0,3100.0,Completed,Oil and Gas Exploration and Production,USA
SPTRD1917826,2021-11-03,2021-11-03,Portfolio of 14 Logistics Assets in US,,no_match,PORTFOLIO OF 14 LOGISTICS ASSETS IN US,Investor Group,,no_match,INVESTOR,Undisclosed Seller,Acquisition of Asset or Branch,2000.0,,Completed,Real Estate Operating and Management,USA
SPTRD1915607,2021-11-02,2022-02-09,SilverBox Engaged Merger Corp I,,no_match,SILVERBOX ENGAGED MERGER I,BRC Inc.,RILY,normalized_exact,BRC,SilverBox Engaged Sponsor LLC,Acquisition of Whole Company (incl. Majority Stake),1282.256811,1282.256811,Completed,Asset Management,USA
SPTRD1915620,2021-11-01,2021-12-02,56 properties All Storage Portfolio,,no_match,56 PROPERTIES ALL STORAGE PORTFOLIO,Public Storage,PSA,normalized_exact,PUBLIC STORAGE,"All Storage, Inc.",Acquisition of Asset or Branch,1506.0,1506.0,Completed,Real Estate Operating and Management,USA
SPTRD1915297,2021-11-01,2022-04-01,Lexington Partners L.P.,,no_match,LEXINGTON PARTNERS,"Franklin Resources, Inc.",BEN,normalized_exact,FRANKLIN RESOURCES,,Acquisition of Whole Company (incl. Majority Stake),1750.0,1750.0,Completed,Asset Management,USA
SPTRD1915038,2021-10-29,2021-12-09,"Pivotal Home Solutions, LLC*",,no_match,PIVOTAL HOME SOLUTIONS,Apax Partners LLP,,no_match,APAX PARTNERS LLP,Investor Group,Acquisition of Whole Company (incl. Majority Stake),1280.0,1280.0,Completed,Homebuilding Producers,USA
SPTRD1914698,2021-10-28,2022-04-01,Adhesive Resins business of Eastman Chemical Company,,no_match,ADHESIVE RESINS BUSINESS OF EASTMAN CHEMICAL,Synthomer plc,,no_match,SYNTHOMER,Eastman Chemical Company,Acquisition of Asset or Branch,1000.0,1000.0,Completed,Commodity Chemicals,USA
SPTRD1914668,2021-10-28,2021-12-16,American First Finance Inc.,,no_match,AMERICAN FIRST FINANCE,"FirstCash, Inc.",FCFS,normalized_exact,FIRSTCASH,,Acquisition of Whole Company (incl. Majority Stake),1296.9245,1296.9245,Completed,Specialty Finance: Consumer Focused,USA
SPTRD1914906,2021-10-28,2021-12-01,Bro-Tech Corporation,,no_match,BRO TECH,Ecolab Inc.,ECL,normalized_exact,ECOLAB,,Acquisition of Whole Company (incl. Majority Stake),3700.0,,Completed,Commodity Chemicals,USA
SPTRD1914700,2021-10-28,2021-12-29,"Oak Hill Advisors, L.P.",,no_match,OAK HILL ADVISORS,"T. Rowe Price Group, Inc.",,no_match,T ROWE PRICE,,Acquisition of Whole Company (incl. Majority Stake),4228.793818,4228.793818,Completed,Asset Management,USA
SPTRD1914576,2021-10-27,2022-04-04,Lottery Business of Scientific Games Corporation*,,no_match,LOTTERY BUSINESS OF SCIENTIFIC GAMES,Brookfield Business Corporation,BBUC,normalized_exact,BROOKFIELD BUSINESS,Investor Group,Acquisition of Whole Company (incl. Majority Stake),5929.0,5929.0,Completed,Unclassified,USA
SPTRD1914534,2021-10-27,2021-12-29,"Lucid Holdings, LLC*",LCID,normalized_exact,LUCID,Cint Group AB (publ),,no_match,CINT AB,Guidepost Growth Equity,Acquisition of Whole Company (incl. Majority Stake),1320.600362,1320.600362,Completed,Application Software,USA
SPTRD1914449,2021-10-27,2022-03-09,Phillips 66 Partners LP,,no_match,PHILLIPS 66 PARTNERS,Phillips 66 Project Development Inc.,,no_match,PHILLIPS 66 PROJECT DEVELOPMENT,,Acquisition of Minority Stake,2468.986607,2468.986607,Completed,Oil and Gas Storage and Transportation,USA
SPTRD1914185,2021-10-26,2022-02-01,Oasis Midstream Partners LP,,no_match,OASIS MIDSTREAM PARTNERS,Crestwood Equity Partners LP,,no_match,CRESTWOOD EQUITY PARTNERS,Investor group,Acquisition of Whole Company (incl. Majority Stake),1711.763639,1090.082639,Completed,Oil and Gas Storage and Transportation,USA
SPTRD1914053,2021-10-26,2021-12-17,"TransUnion Healthcare, Inc.*",,no_match,TRANSUNION HEALTHCARE,"nThrive, Inc.",,no_match,NTHRIVE,TransUnion,Acquisition of Whole Company (incl. Majority Stake),1706.4,1706.4,Completed,Health Care Technology,USA
SPTRD1913986,2021-10-25,2022-05-01,Clearway Community Energy,,no_match,CLEARWAY COMMUNITY ENERGY,KKR & Co. Inc.,KKR,normalized_exact,KKR AND,"Clearway Energy, Inc.",Acquisition of Asset or Branch,1460.0,1460.0,Completed,Multi-Utilities,USA
SPTRD1913952,2021-10-25,2022-02-15,PAE Incorporated*,,no_match,PAE,Amentum Government Services Holdings LLC,,no_match,AMENTUM GOVERNMENT SERVICES,Investor Group,Acquisition of Whole Company (incl. Majority Stake),1912.878137,965.593137,Completed,Aerospace and Defense,USA
SPTRD2039442,2021-10-20,2024-03-25,Digital World Acquisition Corp.,,no_match,DIGITAL WORLD ACQUISITION,Trump Media & Technology Group Corp.,DJT,normalized_exact,TRUMP MEDIA AND TECHNOLOGY,,Acquisition of Whole Company (incl. Majority Stake),1700.0,1700.0,Completed,"Holding Companies, Patent Owners, and Trusts or Estates",USA
SPTRD1913211,2021-10-20,2022-06-01,"TriState Capital Holdings, Inc.",,no_match,TRISTATE CAPITAL,"Raymond James Financial, Inc.",RJF,normalized_exact,RAYMOND JAMES FINANCIAL,,Acquisition of Whole Company (incl. Majority Stake),1238.685,1238.685,Completed,Bank,USA
SPTRD1913281,2021-10-19,2021-10-19,Portfolio of more than 20 Garden and Mid-Rise Assets in US,,no_match,PORTFOLIO OF MORE THAN 20 GARDEN AND MID RISE ASSETS IN US,"Greystar Real Estate Partners, LLC",,no_match,GREYSTAR REAL ESTATE PARTNERS,"Femco, Inc.",Acquisition of Asset or Branch,2000.0,2000.0,Completed,Real Estate Operating and Management,USA
SPTRD1912821,2021-10-18,2021-12-06,"GSN Games, Inc.",,no_match,GSN GAMES,"Scopely, Inc.",,no_match,SCOPELY,Sony Group Corporation,Acquisition of Whole Company (incl. Majority Stake),1000.0,1000.0,Completed,Casinos and Gaming,USA
SPTRD1912593,2021-10-18,2021-12-29,"Oak Street Real Estate Capital, LLC",,no_match,OAK STREET REAL ESTATE CAPITAL,Blue Owl Capital Inc.,OWL,normalized_exact,BLUE OWL CAPITAL,,Acquisition of Whole Company (incl. Majority Stake),1656.5,1656.5,Completed,Asset Management,USA
SPTRD1912682,2021-10-18,2021-12-01,"Sirius Computer Solutions, LLC.*",,no_match,SIRIUS COMPUTER SOLUTIONS,CDW LLC,CDW,normalized_exact,CDW,"Clayton, Dubilier & Rice, LLC",Acquisition of Whole Company (incl. Majority Stake),2500.0,2500.0,Completed,IT Consulting and Other Services,USA
SPTRD1912370,2021-10-15,,26 Capital Acquisition Corp.,,no_match,26 CAPITAL ACQUISITION,"Tiger Resorts, Leisure and Entertainment Inc.",,no_match,TIGER RESORTS LEISURE AND ENTERTAINMENT,Investor Group,Acquisition of Whole Company (incl. Majority Stake),2445.342456,2445.342456,Announced,Asset Management,USA
SPTRD1912344,2021-10-15,2021-11-19,High-quality Industrial Portfolio of 102 assets located throughout the U.S.*,,no_match,HIGH QUALITY INDUSTRIAL PORTFOLIO OF 102 ASSETS LOCATED THROUGHOUT U S,"Blackstone Real Estate Income Trust, Inc.",,no_match,BLACKSTONE REAL ESTATE INCOME TRUST,"Cabot Properties, Inc.",Acquisition of Asset or Branch,2300.0,2300.0,Completed,Real Estate Operating and Management,USA
SPTRD1911540,2021-10-12,2023-02-28,"Columbia Banking System, Inc.",COLB,normalized_exact,COLUMBIA BANKING SYSTEM,Umpqua Holdings Corporation,,no_match,UMPQUA,,Acquisition of Whole Company (incl. Majority Stake),5147.060488,5147.060488,Completed,Bank,USA
SPTRD1914191,2021-10-12,2022-02-25,R. R. Donnelley & Sons Company,,no_match,R R DONNELLEY AND SONS,"Chatham Asset Management, LLC",,no_match,CHATHAM ASSET MANAGEMENT,,Acquisition of Whole Company (incl. Majority Stake),2208.568084,786.868084,Completed,Commercial Printing,USA
SPTRD1911406,2021-10-11,2022-05-16,"Aspen Technology, Inc.",,no_match,ASPEN TECHNOLOGY,Emerson Electric Co.,EMR,normalized_exact,EMERSON ELECTRIC,,Acquisition of Whole Company (incl. Majority Stake),6043.075,6014.0,Completed,Application Software,USA
SPTRD1911467,2021-10-11,2021-12-20,"Genesis Capital, LLC",,no_match,GENESIS CAPITAL,New Residential Investment Corp.,,no_match,RESIDENTIAL INVESTMENT,"The Goldman Sachs Group, Inc.",Acquisition of Whole Company (incl. Majority Stake),1630.0,1630.0,Completed,Specialty Finance: Commercial Focused,USA
SPTRD1910714,2021-10-07,2022-03-29,FirstMark Horizon Acquisition Corp.,,no_match,FIRSTMARK HORIZON ACQUISITION,"Starry Group Holdings, Inc.",,no_match,STARRY,FirstMark Horizon Sponsor LLC,Acquisition of Whole Company (incl. Majority Stake),1760.0,1760.0,Completed,Asset Management,USA
SPTRD1910735,2021-10-07,2022-07-01,"Personal Accident, Supplemental Health and Life Insurance Business of Cigna Corp",,no_match,PERSONAL ACCIDENT SUPPLEMENTAL HEALTH AND LIFE INSURANCE BUSINESS OF CIGNA,Chubb Limited,CB,normalized_exact,CHUBB,Cigna Corporation,Acquisition of Asset or Branch,5360.0,5360.0,Completed,Multiline,USA
SPTRD1910567,2021-10-06,2021-12-01,Meredith Holdings Corp.,,no_match,MEREDITH,Dotdash Media Inc.,,no_match,DOTDASH MEDIA,Meredith Corporation,Acquisition of Whole Company (incl. Majority Stake),2700.0,,Completed,Publishing,USA
SPTRD1910333,2021-10-06,2022-01-01,"MoPub, Inc.",,no_match,MOPUB,AppLovin Corporation,APP,normalized_exact,APPLOVIN,"Twitter, Inc.",Acquisition of Whole Company (incl. Majority Stake),1050.0,1050.0,Completed,Application Software,USA
SPTRD1910328,2021-10-06,2022-03-02,"Supernova Partners Acquisition Company II, Ltd.",,no_match,SUPERNOVA PARTNERS ACQUISITION II,"Rigetti & Co, Inc.",,no_match,RIGETTI AND,Supernova Partners II LLC,Acquisition of Whole Company (incl. Majority Stake),1014.975,1014.975,Completed,Asset Management,USA
SPTRD1910055,2021-10-05,2021-12-31,"Dominion Energy Questar Pipeline, LLC",,no_match,DOMINION ENERGY QUESTAR PIPELINE,"Southwest Gas Holdings, Inc.",SWX,normalized_exact,SOUTHWEST GAS,"Dominion Energy, Inc.",Acquisition of Whole Company (incl. Majority Stake),1975.0,1545.0,Completed,Oil and Gas Storage and Transportation,USA
SPTRD1909648,2021-10-03,2022-06-01,"DentaQuest Group, Inc.*",,no_match,DENTAQUEST,Sun Life and Health Insurance Company (U.S.),,no_match,SUN LIFE AND HEALTH INSURANCE,Investor group,Acquisition of Whole Company (incl. Majority Stake),2586.0,2586.0,Completed,Managed Health Care,USA
SPTRD1910016,2021-10-03,2022-03-17,"Transcore Partners, Inc./TLP Holdings, LLC",,no_match,TRANSCORE PARTNERS,ST Engineering Urban Solutions USA Inc.,,no_match,ST ENGINEERING URBAN SOLUTIONS USA,"TransCore Holdings, Inc.",Acquisition of Whole Company (incl. Majority Stake),2680.0,2680.0,Completed,Unclassified,USA
SPTRD1911048,2021-10-01,2021-10-01,74-Property Industrial Portfolio in Arizona,,no_match,74 PROPERTY INDUSTRIAL PORTFOLIO IN ARIZONA,"Equus Capital Partners, Ltd.",,no_match,EQUUS CAPITAL PARTNERS,Undisclosed Seller,Acquisition of Asset or Branch,1150.0,1150.0,Completed,Real Estate Operating and Management,USA
SPTRD1909221,2021-09-30,2021-11-19,Acceleron Pharma Inc.,,no_match,ACCELERON PHARMA,Merck Sharp & Dohme Corp.,,no_match,MERCK SHARP AND DOHME,Investor Group,Acquisition of Whole Company (incl. Majority Stake),6999.15071,7569.60571,Completed,Biotechnology,USA
SPTRD1821593,2021-09-30,2021-09-30,"Commercial Real Estate Business of Annaly Capital Management, Inc.",,no_match,COMMERCIAL REAL ESTATE BUSINESS OF ANNALY CAPITAL MANAGEMENT,Slate Asset Management,,no_match,SLATE ASSET MANAGEMENT,"Annaly Capital Management, Inc.",Acquisition of Asset or Branch,2330.0,2330.0,Completed,Mortgage REIT,USA
SPTRD1909225,2021-09-30,2021-12-06,"Mailgun Technologies, Inc.*",,no_match,MAILGUN TECHNOLOGIES,Pegasus Corp One,,no_match,PEGASUS ONE,Investor Group,Acquisition of Whole Company (incl. Majority Stake),1517.798449,1517.798449,Completed,Application Software,USA
SPTRD1908614,2021-09-28,2021-09-28,23 Apartment Communities in United States,,no_match,23 APARTMENT COMMUNITIES IN UNITED STATES,Undisclosed Buyer,,no_match,UNDISCLOSED BUYER,Bell Partners Inc.,Acquisition of Asset or Branch,1800.0,1800.0,Completed,Real Estate Operating and Management,USA
SPTRD1908587,2021-09-28,2022-01-06,"Smiths Medical, Inc.",,no_match,SMITHS MEDICAL,"ICU Medical, Inc.",ICUI,normalized_exact,ICU MEDICAL,Smiths Group plc,Acquisition of Whole Company (incl. Majority Stake),2519.089,2597.88,Completed,Health Care Equipment,USA
SPTRD1908449,2021-09-27,2022-03-15,Kraton Corporation,,no_match,KRATON,"DL Chemical Co., Ltd.",,no_match,DL CHEMICAL,Investor Group,Acquisition of Whole Company (incl. Majority Stake),2477.954232,1571.791232,Completed,Specialty Chemicals,USA
SPTRD1908414,2021-09-27,2022-09-27,Real Estate Assets of The Nevada Property 1 LLC,,no_match,REAL ESTATE ASSETS OF NEVADA PROPERTY 1,Investor Group,,no_match,INVESTOR,Nevada Property 1 LLC,Acquisition of Asset or Branch,4025.0,4025.0,Completed,Real Estate Operating and Management,USA
SPTRD1907868,2021-09-23,2021-12-21,"BK Medical Holding Company, Inc.*",,no_match,BK MEDICAL,GE Healthcare Inc.,,no_match,GE HEALTHCARE,"Altaris, LLC",Acquisition of Whole Company (incl. Majority Stake),1466.0,1466.0,Completed,Health Care Equipment,USA
SPTRD1907810,2021-09-23,2022-04-01,Bank Leumi Le-Israel Corporation*,,no_match,BANK LEUMI LE ISRAEL,Valley National Bancorp,VLY,normalized_exact,VALLEY NATIONAL BANCORP,Bank Leumi le- Israel B.M.,Acquisition of Whole Company (incl. Majority Stake),1257.929921,1257.929921,Completed,Bank,USA
SPTRD1907529,2021-09-22,2021-12-06,"RFJ Auto Partners, Inc.*",,no_match,RFJ AUTO PARTNERS,"Sonic Automotive, Inc.",SAH,normalized_exact,SONIC AUTOMOTIVE,TJC LP,Acquisition of Whole Company (incl. Majority Stake),1384.312,964.9,Completed,Automotive Retail,USA
SPTRD1907192,2021-09-21,2022-12-01,"MUFG Union Bank, National Association",,no_match,MUFG UNION BANK NATIONAL ASSOCIATION,U.S. Bancorp,,no_match,U S BANCORP,"Mitsubishi UFJ Financial Group, Inc.",Acquisition of Whole Company (incl. Majority Stake),7514.142895,7514.142895,Completed,Bank,USA
SPTRD1907108,2021-09-20,2021-12-01,Substantially All of the Assets of SWEPI LP,,no_match,SUBSTANTIALLY ALL OF ASSETS OF SWEPI,ConocoPhillips Company,COP,normalized_exact,CONOCOPHILLIPS,Shell Enterprises LLC,Acquisition of Asset or Branch,9500.0,9500.0,Completed,Oil and Gas Exploration and Production,USA
SPTRD1906468,2021-09-16,2022-02-01,"Great Western Bancorp, Inc.",,no_match,GREAT WESTERN BANCORP,"First Interstate BancSystem, Inc.",FIBK,normalized_exact,FIRST INTERSTATE BANCSYSTEM,,Acquisition of Whole Company (incl. Majority Stake),1709.070514,1709.070514,Completed,Bank,USA
SPTRD1906202,2021-09-15,2022-03-29,"GreenSky, Inc.",,no_match,GREENSKY,"The Goldman Sachs Group, Inc.",GS,normalized_exact,GOLDMAN SACHS,,Acquisition of Whole Company (incl. Majority Stake),1854.502654,1854.502654,Completed,Digital Lending,USA
SPTRD1906244,2021-09-15,2022-04-01,Prudential Annuities Life Assurance Corporation*,,no_match,PRUDENTIAL ANNUITIES LIFE ASSURANCE,Fortitude Reinsurance Company Ltd.,,no_match,FORTITUDE REINSURANCE,"Prudential Financial, Inc.",Acquisition of Whole Company (incl. Majority Stake),1500.0,1500.0,Completed,Life and Health,USA
SPTRD1905862,2021-09-13,2022-03-21,Motive Capital Corp.,,no_match,MOTIVE CAPITAL,"Forge Global, Inc.",,no_match,FORGE GLOBAL,Investor Group,Acquisition of Whole Company (incl. Majority Stake),1463.6,1463.6,Completed,Asset Management,USA
SPTRD1905607,2021-09-13,2021-12-01,"Neustar, Inc.",,no_match,NEUSTAR,TransUnion,TRU,normalized_exact,TRANSUNION,Investor group,Acquisition of Whole Company (incl. Majority Stake),3100.0,3100.0,Completed,Data Processing and Outsourced Services,USA
SPTRD1905746,2021-09-13,2021-11-01,"The Rocket Science Group, LLC",,no_match,ROCKET SCIENCE,Intuit Inc.,INTU,normalized_exact,INTUIT,,Acquisition of Whole Company (incl. Majority Stake),12381.19127,12381.19127,Completed,Application Software,USA
SPTRD1905426,2021-09-10,2021-11-23,"Echo Global Logistics, Inc.*",,no_match,ECHO GLOBAL LOGISTICS,TJC LP,,no_match,TJC,Investor Group,Acquisition of Whole Company (incl. Majority Stake),1394.758013,1313.716013,Completed,Air Freight and Logistics,USA
SPTRD1905177,2021-09-09,2021-11-24,"Summit Behavioral Healthcare, LLC*",,no_match,SUMMIT BEHAVIORAL HEALTHCARE,"Patient Square Capital, LP",,no_match,PATIENT SQUARE CAPITAL,Investor Group,Acquisition of Whole Company (incl. Majority Stake),1300.0,,Completed,Health Care Facilities,USA
SPTRD1904997,2021-09-08,2021-10-15,"Distribution International, Inc.*",,no_match,DISTRIBUTION INTERNATIONAL,TopBuild Corp.,BLD,normalized_exact,TOPBUILD,"Advent International, L.P.",Acquisition of Whole Company (incl. Majority Stake),1031.0,1031.0,Completed,Trading Companies and Distributors,USA
SPTRD1905033,2021-09-08,2023-06-20,"Hardware and Home Improvement Business of Spectrum Brands Holdings, Inc.",,no_match,HARDWARE AND HOME IMPROVEMENT BUSINESS OF SPECTRUM BRANDS,ASSA ABLOY AB (publ),,no_match,ASSA ABLOY AB,"Spectrum Brands Holdings, Inc.",Acquisition of Asset or Branch,4300.0,4300.0,Completed,Household Products Producers,USA
SPTRD1904937,2021-09-08,2021-11-09,"Kadmon Holdings, Inc.",,no_match,KADMON,Sanofi,SNY,normalized_exact,SANOFI,,Acquisition of Whole Company (incl. Majority Stake),1804.82716,1768.90916,Completed,Biotechnology,USA
SPTRD1905151,2021-09-08,2022-02-11,Novus Capital Corporation II,,no_match,NOVUS CAPITAL II,"Energy Vault Holdings, Inc.",NRGV,normalized_exact,ENERGY VAULT,,Acquisition of Whole Company (incl. Majority Stake),1147.780311,1147.780311,Completed,Asset Management,USA
SPTRD1905019,2021-09-08,2022-02-28,Wellness Infrastructure Business of DigitalBridge Operating Co. LLC,,no_match,WELLNESS INFRASTRUCTURE BUSINESS OF DIGITALBRIDGE OPERATING,Investor Group,,no_match,INVESTOR,DigitalBridge Operating Co. LLC,Acquisition of Asset or Branch,3210.0,316.0,Completed,Real Estate Operating and Management,USA
SPTRD1905145,2021-09-07,2021-11-03,"Chamberlain Group, Inc.",,no_match,CHAMBERLAIN,Blackstone Inc.,BX,normalized_exact,BLACKSTONE,"Duchossois Group, Inc.",Acquisition of Whole Company (incl. Majority Stake),5000.0,,Completed,Electronic Equipment and Instruments,USA
SPTRD1904723,2021-09-07,2021-12-07,"Columbia Property Trust, Inc.",,no_match,COLUMBIA PROPERTY TRUST,Pacific Investment Management Company LLC,,no_match,PACIFIC INVESTMENT MANAGEMENT,,Acquisition of Whole Company (incl. Majority Stake),3599.901067,2314.523067,Completed,Office REIT,USA
SPTRD1904590,2021-09-07,2021-11-01,Masterflex,,no_match,MASTERFLEX,"Avantor, Inc.",AVTR,normalized_exact,AVANTOR,Antylia Scientific,Acquisition of Whole Company (incl. Majority Stake),2845.3,2845.3,Completed,Machinery and Supplies and Components: Industrial,USA
SPTRD1904743,2021-09-07,2021-10-12,Moda Ingleside Energy Center and Other Assets,,no_match,MODA INGLESIDE ENERGY CENTER AND OTHER ASSETS,Enbridge Inc.,ENB,normalized_exact,ENBRIDGE,"Moda Midstream, LLC",Acquisition of Asset or Branch,3000.0,,Completed,Oil and Gas Storage and Transportation,USA
SPTRD1903886,2021-09-02,2021-10-13,"Blattner Holding Company, Inc.",,no_match,BLATTNER,"Quanta Services, Inc.",PWR,normalized_exact,QUANTA SERVICES,,Acquisition of Whole Company (incl. Majority Stake),2432.18,3028.412,Completed,Construction and Engineering,USA
SPTRD1903934,2021-09-02,2021-12-13,"Hill-Rom Holdings, Inc.",,no_match,HILL ROM,Baxter International Inc.,BAX,normalized_exact,BAXTER INTERNATIONAL,,Acquisition of Whole Company (incl. Majority Stake),12406.871624,10522.271624,Completed,Health Care Equipment,USA
SPTRD1903637,2021-09-01,2021-09-01,Portfolio of Multifamily Assets in New Jersey,,no_match,PORTFOLIO OF MULTIFAMILY ASSETS IN JERSEY,Investor Group,,no_match,INVESTOR,Undisclosed Seller,Acquisition of Asset or Branch,1050.0,1050.0,Completed,Real Estate Operating and Management,USA
SPTRD1903343,2021-08-31,2022-02-28,Performance Adhesives Business of Ashland LLC,,no_match,PERFORMANCE ADHESIVES BUSINESS OF ASHLAND,Arkema S.A.,,no_match,ARKEMA S A,Ashland LLC,Acquisition of Asset or Branch,1650.0,1650.0,Completed,Specialty Chemicals,USA
SPTRD1903128,2021-08-30,2021-10-01,"Bettera Brands, LLC*",,no_match,BETTERA BRANDS,"Catalent Pharma Solutions, Inc.",,no_match,CATALENT PHARMA SOLUTIONS,Investor Group,Acquisition of Whole Company (incl. Majority Stake),1000.000001,,Completed,Packaged Foods and Meats Producers,USA
SPTRD1903104,2021-08-30,,"Medical Solutions, L.L.C.*",,no_match,MEDICAL SOLUTIONS C,Investor Group,,no_match,INVESTOR,Investor Group,Acquisition of Whole Company (incl. Majority Stake),2300.0,2300.0,Announced,Health Care Services,USA
SPTRD1902846,2021-08-27,2022-06-21,Credit card portfolio,,no_match,CREDIT CARD PORTFOLIO,Barclays Bank Delaware,DJP,normalized_exact,BARCLAYS BANK,Synchrony Financial,Acquisition of Asset or Branch,3900.0,3900.0,Completed,Specialty Finance: Consumer Focused,USA
SPTRD1902644,2021-08-25,2021-10-08,"Masergy Communications, Inc.",,no_match,MASERGY COMMUNICATIONS,Comcast Corporation,CMCSA,normalized_exact,COMCAST,Berkshire Partners LLC,Acquisition of Whole Company (incl. Majority Stake),1200.0,1200.0,Completed,Internet Services and Infrastructure,USA
SPTRD1901865,2021-08-23,2021-12-22,Landmark Infrastructure Partners LP,,no_match,LANDMARK INFRASTRUCTURE PARTNERS,Landmark Dividend LLC,,no_match,LANDMARK DIVIDEND,,Acquisition of Whole Company (incl. Majority Stake),1180.573217,414.620842,Completed,Real Estate Operating and Management,USA
SPTRD1901960,2021-08-23,2022-07-01,Microbial Control Business Unit of International Flavors & Fragrances Inc.,,no_match,MICROBIAL CONTROL BUSINESS UNIT OF INTERNATIONAL FLAVORS AND FRAGRANCES,LANXESS Aktiengesellschaft,,no_match,LANXESS AKTIENGESELLSCHAFT,International Flavors & Fragrances Inc.,Acquisition of Asset or Branch,1300.0,1300.0,Completed,Specialty Chemicals,USA
SPTRD1901810,2021-08-23,2021-11-17,Trillium Therapeutics Inc.*,,no_match,TRILLIUM THERAPEUTICS,Pfizer Inc.,PFE,normalized_exact,PFIZER,Investor Group,Acquisition of Whole Company (incl. Majority Stake),1853.685949,2103.712949,Completed,Biotechnology,USA
SPTRD1901857,2021-08-22,2021-12-28,NextGen Acquisition Corp. II,,no_match,NEXTGEN ACQUISITION II,"Virgin Orbit Holdings, Inc.",,no_match,VIRGIN ORBIT,NextGen Sponsor II LLC,Acquisition of Whole Company (incl. Majority Stake),3000.8,3000.8,Completed,Asset Management,USA
SPTRD1901383,2021-08-19,2021-10-07,"Frame.io, Inc.*",,no_match,FRAME IO,Adobe Inc.,ADBE,normalized_exact,ADOBE,Investor Group,Acquisition of Whole Company (incl. Majority Stake),1236.0,1236.0,Completed,Application Software,USA
SPTRD1901588,2021-08-19,2021-11-24,"Inovalon Holdings, Inc.*",,no_match,INOVALON,Investor group,,no_match,INVESTOR,,Acquisition of Whole Company (incl. Majority Stake),7866.01066,7019.95566,Completed,Health Care Technology,USA
SPTRD1900858,2021-08-17,2021-12-31,14.5 Million Square Foot Infill and Light Industrial Portfolio*,,no_match,14 5 MILLION SQUARE FOOT INFILL AND LIGHT INDUSTRIAL PORTFOLIO,"Oxford Properties Group, Inc.",,no_match,OXFORD PROPERTIES,KKR & Co. Inc.,Acquisition of Asset or Branch,2200.0,2200.0,Completed,Real Estate Operating and Management,USA
SPTRD1900776,2021-08-17,2021-12-01,MTD Holdings Inc.,,no_match,MTD,"Stanley Black & Decker, Inc.",SWK,normalized_exact,STANLEY BLACK AND DECKER,,Acquisition of Whole Company (incl. Majority Stake),1793.1,1904.7,Completed,Household Appliances Producers,USA
SPTRD1900456,2021-08-15,2021-11-01,Apple Leisure Group,,no_match,APPLE LEISURE,Hyatt Hotels Corporation,H,normalized_exact,HYATT HOTELS,Investor group,Acquisition of Whole Company (incl. Majority Stake),2769.0,2769.0,Completed,"Hotels, Resorts and Cruise Lines",USA
SPTRD1900103,2021-08-12,2022-02-18,Fossil generating portfolio*,,no_match,FOSSIL GENERATING PORTFOLIO,ArcLight Capital Partners LLC,,no_match,ARCLIGHT CAPITAL PARTNERS,Public Service Enterprise Group Incorporated,Acquisition of Asset or Branch,1920.0,1920.0,Completed,Independent Power Producers and Energy Traders,USA
SPTRD1900043,2021-08-12,2022-03-01,Reebok International Ltd.,,no_match,REEBOK INTERNATIONAL,Authentic Brands Group LLC,,no_match,AUTHENTIC BRANDS,adidas AG,Acquisition of Whole Company (incl. Majority Stake),2500.0,,Completed,Footwear Producers,USA
SPTRD1899829,2021-08-11,2021-11-01,Vine Energy Inc.,,no_match,VINE ENERGY,Chesapeake Energy Corporation,,no_match,CHESAPEAKE ENERGY,Blackstone Inc.,Acquisition of Whole Company (incl. Majority Stake),2262.573109,1312.002109,Completed,Oil and Gas Exploration and Production,USA
SPTRD1899221,2021-08-10,2021-10-01,"Appriss Insights, LLC",,no_match,APPRISS INSIGHTS,Equifax Inc.,EFX,normalized_exact,EQUIFAX,Appriss Inc.,Acquisition of Whole Company (incl. Majority Stake),1825.0,1825.0,Completed,Application Software,USA
SPTRD1899370,2021-08-10,2022-02-02,Environmental Impact Acquisition Corp.,,no_match,ENVIRONMENTAL IMPACT ACQUISITION,"GreenLight Biosciences, Inc.",,no_match,GREENLIGHT BIOSCIENCES,Investor Group,Acquisition of Whole Company (incl. Majority Stake),1164.0,1164.0,Completed,Asset Management,USA
SPTRD1899656,2021-08-10,2021-12-14,Kansas City Southern,,no_match,KANSAS CITY SOUTHERN,Canadian Pacific Railway Limited,,no_match,CANADIAN PACIFIC RAILWAY,Investor Group,Acquisition of Whole Company (incl. Majority Stake),30513.338109,26830.838109,Completed,Rail Transportation,USA
SPTRD1899378,2021-08-10,2021-12-06,"Service Finance Company, LLC",,no_match,SERVICE FINANCE,Truist Bank,,no_match,TRUIST BANK,ECN Capital Corp.,Acquisition of Whole Company (incl. Majority Stake),2000.0,2000.0,Completed,Specialty Finance: Commercial Focused,USA
SPTRD1900051,2021-08-10,2021-08-10,"Universal Music Group, Inc.",,no_match,UNIVERSAL MUSIC,"Pershing Square Capital Management, L.P.",,no_match,PERSHING SQUARE CAPITAL MANAGEMENT,Vivendi SE,Acquisition of Minority Stake,2799.92827,2799.92827,Completed,Movies and Entertainment,USA
SPTRD1898929,2021-08-09,2022-05-25,"American National Group, Inc.",ANG.PD,normalized_exact,AMERICAN NATIONAL,Brookfield Asset Management Reinsurance Partners Ltd.,,no_match,BROOKFIELD ASSET MANAGEMENT REINSURANCE PARTNERS,,Acquisition of Whole Company (incl. Majority Stake),5110.50543,5110.50543,Completed,Multiline,USA
SPTRD1899103,2021-08-08,2022-07-21,"Sanderson Farms, Inc.*",,no_match,SANDERSON FARMS,Investor Group,,no_match,INVESTOR,Investor Group,Acquisition of Whole Company (incl. Majority Stake),4618.635091,4618.635091,Completed,Packaged Foods and Meats Producers,USA
SPTRD1898579,2021-08-06,2021-12-17,CM Life Sciences III Inc.*,,no_match,CM LIFE SCIENCES III,"EQRx, Inc.",,no_match,EQRX,Investor Group,Acquisition of Whole Company (incl. Majority Stake),4154.15,4154.15,Completed,Asset Management,USA
SPTRD1898604,2021-08-06,2022-05-13,"Intersect ENT, Inc.",,no_match,INTERSECT ENT,Medtronic plc,MDT,normalized_exact,MEDTRONIC,Investor Group,Acquisition of Whole Company (incl. Majority Stake),1101.372806,992.067806,Completed,Health Care Equipment,USA
SPTRD1898650,2021-08-05,2021-10-15,"Cornerstone OnDemand, Inc.*",,no_match,CORNERSTONE ONDEMAND,"Clearlake Capital Group, L.P.",,no_match,CLEARLAKE CAPITAL,,Acquisition of Whole Company (incl. Majority Stake),4842.269259,3846.451259,Completed,Application Software,USA
SPTRD1898342,2021-08-05,2022-02-10,Growth Capital Acquisition Corp.,,no_match,GROWTH CAPITAL ACQUISITION,"Cepton, Inc.",,no_match,CEPTON,Investor Group,Acquisition of Whole Company (incl. Majority Stake),1458.0,1458.0,Completed,"Holding Companies, Patent Owners, and Trusts or Estates",USA
SPTRD1898199,2021-08-05,2021-09-15,"Risk Management Solutions, Inc.",,no_match,RISK MANAGEMENT SOLUTIONS,"Moody's Analytics, Inc.",,no_match,MOODY S ANALYTICS,Daily Mail and General Trust plc,Acquisition of Whole Company (incl. Majority Stake),1958.321,1958.321,Completed,Insurance Technology,USA
SPTRD1898170,2021-08-05,2021-08-19,"Vividion Therapeutics, Inc.*",,no_match,VIVIDION THERAPEUTICS,Bayer Aktiengesellschaft,,no_match,BAYER AKTIENGESELLSCHAFT,Investor Group,Acquisition of Whole Company (incl. Majority Stake),1967.514,2000.0,Completed,Biotechnology,USA
SPTRD1897960,2021-08-04,2021-10-08,HYDROCHEM LLC*,,no_match,HYDROCHEM,"Clean Harbors, Inc.",CLH,normalized_exact,CLEAN HARBORS,"Littlejohn & Co., LLC",Acquisition of Whole Company (incl. Majority Stake),1250.0,1250.0,Completed,Environmental and Facilities Services,USA
SPTRD1897920,2021-08-04,2022-04-29,MGM Growth Properties LLC,,no_match,MGM GROWTH PROPERTIES,VICI Properties L.P.,VICI,normalized_exact,VICI PROPERTIES,,Acquisition of Whole Company (incl. Majority Stake),18074.189464,11365.244464,Completed,Hotel and Resort REIT,USA
SPTRD1985350,2021-08-03,2022-03-14,All Assets of Sinclair Oil Corporation,,no_match,ALL ASSETS OF SINCLAIR OIL,HF Sinclair Corporation,DINO,normalized_exact,HF SINCLAIR,Sinclair Oil LLC,Acquisition of Asset or Branch,2149.007684,2149.007684,Completed,Unclassified,USA
SPTRD1897692,2021-08-03,2022-10-03,"ILEC business, including its consumer, small business, wholesale and mostly copp*",,no_match,ILEC BUSINESS INCLUDING ITS CONSUMER SMALL BUSINESS WHOLESALE AND MOSTLY COPP,"Apollo Global Management, Inc.",APO,normalized_exact,APOLLO GLOBAL MANAGEMENT,"Lumen Technologies, Inc.",Acquisition of Asset or Branch,7500.0,6000.0,Completed,Integrated Telecommunication Services,USA
SPTRD1897468,2021-08-03,2021-09-13,"Translate Bio, Inc.*",,no_match,TRANSLATE BIO,Sanofi,SNY,normalized_exact,SANOFI,Investor Group,Acquisition of Whole Company (incl. Majority Stake),2431.052893,3040.394893,Completed,Biotechnology,USA
SPTRD1897637,2021-08-03,2022-01-31,"Tropicana Products, Inc./Naked Juice Company and Other Select Juice Brands Acros*",,no_match,TROPICANA PRODUCTS JUICE AND OTHER SELECT JUICE BRANDS ACROS,PAI Partners SAS,,no_match,PAI PARTNERS SAS,"PepsiCo, Inc.",Acquisition of Asset or Branch,3500.0,3500.0,Completed,Packaged Foods and Meats Producers,USA
SPTRD1897301,2021-08-02,2022-02-28,OPIS and PetroChem Wire businesses of IHS Markit Ltd.,,no_match,OPIS AND PETROCHEM WIRE BUSINESSES OF IHS MARKIT,News Corporation,NWSA,normalized_exact,NEWS,IHS Markit Ltd.,Acquisition of Asset or Branch,1150.0,1150.0,Completed,Financial Exchanges,USA
SPTRD1896899,2021-07-29,2021-10-01,"Clarabridge, Inc.",,no_match,CLARABRIDGE,Qualtrics International Inc.,,no_match,QUALTRICS INTERNATIONAL,,Acquisition of Whole Company (incl. Majority Stake),1198.364138,1198.364138,Completed,Application Software,USA
SPTRD1896800,2021-07-29,2021-12-06,TPG Pace Solutions Corp.,,no_match,TPG PACE SOLUTIONS,"Vacasa, Inc.",,no_match,VACASA,"TPG Pace Solutions Sponsor, Series LLC",Acquisition of Whole Company (incl. Majority Stake),3943.185,3943.185,Completed,Asset Management,USA
SPTRD1896393,2021-07-28,2022-04-06,"Investors Bancorp, Inc.",,no_match,INVESTORS BANCORP,"Citizens Financial Group, Inc.",CFG,normalized_exact,CITIZENS FINANCIAL,,Acquisition of Whole Company (incl. Majority Stake),3557.466712,3557.466712,Completed,Bank,USA
SPTRD1896488,2021-07-28,2022-03-16,Spartan Acquisition Corp. III,,no_match,SPARTAN ACQUISITION III,Allego N.V.,,no_match,ALLEGO N V,Investor Group,Acquisition of Whole Company (incl. Majority Stake),2393.475,2393.475,Completed,Asset Management,USA
SPTRD1896413,2021-07-28,2021-08-31,"Vestcom, Inc.*",,no_match,VESTCOM,Avery Dennison Corporation,AVY,normalized_exact,AVERY DENNISON,Investor Group,Acquisition of Whole Company (incl. Majority Stake),1440.8,1465.1,Completed,Commercial Printing,USA
SPTRD1896269,2021-07-27,2021-10-19,"TeneoBio, Inc.*",,no_match,TENEOBIO,Amgen Inc.,AMGN,normalized_exact,AMGEN,Investor Group,Acquisition of Whole Company (incl. Majority Stake),2500.0,2500.0,Completed,Biotechnology,USA
SPTRD1895805,2021-07-26,2021-09-17,"BioLegend, Inc.",,no_match,BIOLEGEND,"PerkinElmer, Inc.",,no_match,PERKINELMER,,Acquisition of Whole Company (incl. Majority Stake),5696.21193,5950.34893,Completed,Biotechnology,USA
SPTRD1895846,2021-07-26,2022-08-01,"Latin American business of Lumen Technologies, Inc.",,no_match,LATIN AMERICAN BUSINESS OF LUMEN TECHNOLOGIES,Investor Group,,no_match,INVESTOR,"Lumen Technologies, Inc.",Acquisition of Asset or Branch,2700.0,2700.0,Completed,Alternative Carriers,USA
SPTRD1895819,2021-07-26,2021-11-01,Mechanical Power Transmission Division of ABB Ltd,,no_match,MECHANICAL POWER TRANSMISSION DIVISION OF ABB,RBC Bearings Incorporated,RBC,normalized_exact,RBC BEARINGS,ABB Ltd,Acquisition of Asset or Branch,2900.0,2900.0,Completed,Machinery and Supplies and Components: Industrial,USA
SPTRD1895975,2021-07-26,2021-10-29,"Medallia, Inc.*",,no_match,MEDALLIA,"Thoma Bravo, L.P.",,no_match,THOMA BRAVO,Investor Group,Acquisition of Whole Company (incl. Majority Stake),6562.621611,6444.937611,Completed,Application Software,USA
SPTRD1896005,2021-07-26,2021-12-16,"Steadfast Apartment REIT, Inc.",,no_match,STEADFAST APARTMENT REIT,"Independence Realty Trust, Inc.",IRT,normalized_exact,INDEPENDENCE REALTY TRUST,,Acquisition of Whole Company (incl. Majority Stake),4494.740428,2603.245428,Completed,Multi-Family Residential REIT,USA
SPTRD1895579,2021-07-23,2021-12-08,Dragoneer Growth Opportunities Corp. II*,,no_match,DRAGONEER GROWTH OPPORTUNITIES II,"Cvent, Inc.",,no_match,CVENT,Dragoneer Growth Opportunities Holdings II,Acquisition of Whole Company (incl. Majority Stake),4481.377881,4481.377881,Completed,Asset Management,USA
SPTRD1895309,2021-07-22,2021-11-15,Transplace Inc.*,,no_match,TRANSPLACE,Uber Freight LLC,,no_match,UBER FREIGHT,"TPG Capital, L.P.",Acquisition of Whole Company (incl. Majority Stake),2250.0,2250.0,Completed,Air Freight and Logistics,USA
SPTRD1895180,2021-07-21,2022-04-01,"Full Service Retirement business of Prudential Financial, Inc.",,no_match,FULL SERVICE RETIREMENT BUSINESS OF PRUDENTIAL FINANCIAL,Great-West Life & Annuity Insurance Company,,no_match,GREAT WEST LIFE AND ANNUITY INSURANCE,"Prudential Financial, Inc.",Acquisition of Asset or Branch,3500.0,3500.0,Completed,Life and Health,USA
SPTRD1895132,2021-07-21,2022-01-19,Power & Digital Infrastructure Acquisition Corp.,,no_match,POWER AND DIGITAL INFRASTRUCTURE ACQUISITION,"Core Scientific, Inc.",CORZ,normalized_exact,CORE SCIENTIFIC,Investor Group,Acquisition of Whole Company (incl. Majority Stake),4000.0,4000.0,Completed,Asset Management,USA
SPTRD1894528,2021-07-19,2021-09-01,Henry Company LLC*,,no_match,HENRY,Carlisle Companies Incorporated,CSL,normalized_exact,CARLISLE,American Securities LLC,Acquisition of Whole Company (incl. Majority Stake),1575.0,1575.0,Completed,Building Products,USA
SPTRD1894511,2021-07-19,2021-10-22,"Retail Properties of America, Inc.",,no_match,RETAIL PROPERTIES OF AMERICA,Kite Realty Group Trust,KRG,normalized_exact,KITE REALTY TRUST,,Acquisition of Whole Company (incl. Majority Stake),4601.100153,2834.439153,Completed,Retail REIT,USA
SPTRD1894077,2021-07-15,2021-08-19,"ABD Insurance and Financial Services, Inc.",,no_match,ABD INSURANCE AND FINANCIAL SERVICES,"Newfront Insurance Services, LLC",,no_match,NEWFRONT INSURANCE SERVICES,,Acquisition of Whole Company (incl. Majority Stake),1350.0,1350.0,Completed,Insurance Broker,USA
SPTRD1894073,2021-07-15,2021-11-03,Reinvent Technology Partners Y,,no_match,REINVENT TECHNOLOGY PARTNERS Y,"Aurora Innovation, Inc.",AUR,normalized_exact,AURORA INNOVATION,Reinvent Sponsor Y LLC,Acquisition of Whole Company (incl. Majority Stake),10835.0,10835.0,Completed,Asset Management,USA
SPTRD1893750,2021-07-14,2021-11-30,Covanta Holding Corporation*,,no_match,COVANTA,EQT Partners AB,,no_match,EQT PARTNERS AB,,Acquisition of Whole Company (incl. Majority Stake),5320.277771,2844.277771,Completed,Environmental and Facilities Services,USA
SPTRD1893887,2021-07-14,2021-12-15,Portfolio of Equity and Debt Interests in Affordable Housing Properties*,,no_match,PORTFOLIO OF EQUITY AND DEBT INTERESTS IN AFFORDABLE HOUSING PROPERTIES,"Blackstone Real Estate Income Trust, Inc.",,no_match,BLACKSTONE REAL ESTATE INCOME TRUST,"American International Group, Inc.",Acquisition of Asset or Branch,4900.0,4900.0,Completed,Real Estate Operating and Management,USA
SPTRD1893844,2021-07-14,2021-11-02,"SAFG Retirement Services, Inc.*",,no_match,SAFG RETIREMENT SERVICES,Blackstone Inc.,BX,normalized_exact,BLACKSTONE,"American International Group, Inc.",Acquisition of Minority Stake,2200.0,2200.0,Completed,Life and Health,USA
SPTRD1893373,2021-07-13,2022-02-03,Ivanhoe Capital Acquisition Corp.,,no_match,IVANHOE CAPITAL ACQUISITION,SES AI Corporation,SES,normalized_exact,SES AI,Ivanhoe Capital Sponsor LLC,Acquisition of Whole Company (incl. Majority Stake),3429.897095,3253.06,Completed,Asset Management,USA
SPTRD1893129,2021-07-12,2022-05-23,Lionheart Acquisition Corporation II,,no_match,LIONHEART ACQUISITION II,"MSP Recovery, Inc.",,no_match,MSP RECOVERY,"Lionheart Equities, LLC",Acquisition of Whole Company (incl. Majority Stake),32142.5,32142.5,Completed,Asset Management,USA
SPTRD1893184,2021-07-12,2021-08-24,"ServiceChannel.com, Inc.*",,no_match,SERVICECHANNEL COM,Fortive Corporation,FTV,normalized_exact,FORTIVE,Investor Group,Acquisition of Whole Company (incl. Majority Stake),1200.0,1200.0,Completed,Application Software,USA
SPTRD1892786,2021-07-09,2021-10-01,International Wine & Spirits Ltd.*,,no_match,INTERNATIONAL WINE AND SPIRITS,"Sycamore Partners Management, L.P.",,no_match,SYCAMORE PARTNERS MANAGEMENT,UST LLC,Acquisition of Whole Company (incl. Majority Stake),1200.0,1200.0,Completed,Distillers and Vintners,USA
SPTRD1892768,2021-07-09,2021-10-05,Stamps.com Inc.*,,no_match,STAMPS COM,"Thoma Bravo, L.P.",,no_match,THOMA BRAVO,,Acquisition of Whole Company (incl. Majority Stake),6165.220095,6644.317095,Completed,Other Specialty Retail,USA
SPTRD1892133,2021-07-07,2021-12-30,Athena Technology Acquisition Corp.,,no_match,ATHENA TECHNOLOGY ACQUISITION,"Heliogen, Inc.",,no_match,HELIOGEN,Investor Group,Acquisition of Whole Company (incl. Majority Stake),1800.05,1800.05,Completed,Asset Management,USA
SPTRD1892114,2021-07-07,2021-12-07,"dMY Technology Group, Inc. IV",,no_match,DMY TECHNOLOGY IV,"Planet Labs, Inc.",,no_match,PLANET LABS,Investor Group,Acquisition of Whole Company (incl. Majority Stake),2359.305,2359.305,Completed,Asset Management,USA
SPTRD1891838,2021-07-06,2021-08-19,Alion Science and Technology Corp.*,,no_match,ALION SCIENCE AND TECHNOLOGY,"Huntington Ingalls Industries, Inc.",HII,normalized_exact,HUNTINGTON INGALLS INDUSTRIES,"Veritas Capital Fund Management, L.L.C",Acquisition of Whole Company (incl. Majority Stake),2056.541,1780.0,Completed,Aerospace and Defense,USA
SPTRD1891748,2021-07-06,2021-10-01,"Global Enterprise Asset Management (EAM) Business of Infor, Inc.",,no_match,GLOBAL ENTERPRISE ASSET MANAGEMENT BUSINESS OF INFOR,Hexagon AB (publ),,no_match,HEXAGON AB,"Infor, Inc.",Acquisition of Asset or Branch,2852.66314,2852.66314,Completed,Application Software,USA
SPTRD1891836,2021-07-06,2021-12-01,Reverse servicing portfolio,,no_match,REVERSE SERVICING PORTFOLIO,"Mortgage Assets Management, LLC",,no_match,MORTGAGE ASSETS MANAGEMENT,Mr. Cooper Group Inc.,Acquisition of Asset or Branch,1640.0,1640.0,Completed,Mortgage Banks and Brokers,USA
SPTRD1891808,2021-07-06,2021-11-08,Solenis International LLC*,,no_match,SOLENIS INTERNATIONAL,Innovative Water Care Global Corporation,,no_match,INNOVATIVE WATER CARE GLOBAL,Investor Group,Acquisition of Whole Company (incl. Majority Stake),5250.0,2750.0,Completed,Specialty Chemicals,USA
SPTRD1891869,2021-07-06,2021-09-13,"Sphera Solutions, Inc.",,no_match,SPHERA SOLUTIONS,Blackstone Inc.,BX,normalized_exact,BLACKSTONE,"Genstar Capital, LLC",Acquisition of Whole Company (incl. Majority Stake),1400.0,1400.0,Completed,Application Software,USA
SPTRD1891893,2021-07-05,2021-07-05,"AAA Cooper Transportation, Inc.",,no_match,AAA COOPER TRANSPORTATION,Knight-Swift Transportation Holdings Inc.,KNX,normalized_exact,KNIGHT SWIFT TRANSPORTATION,,Acquisition of Whole Company (incl. Majority Stake),1350.000003,1310.000003,Completed,Cargo Ground Transportation,USA
SPTRD1891488,2021-07-05,2021-10-04,DexKo Global Inc.*,,no_match,DEXKO GLOBAL,Brookfield Business Corporation,BBUC,normalized_exact,BROOKFIELD BUSINESS,"KPS Capital Partners, LP",Acquisition of Whole Company (incl. Majority Stake),3400.0,3400.0,Completed,Automotive Parts and Equipment,USA
SPTRD1891177,2021-07-02,2021-11-15,Parexel International Corporation*,,no_match,PAREXEL INTERNATIONAL,Investor Group,,no_match,INVESTOR,Pamplona Capital Management LLP,Acquisition of Whole Company (incl. Majority Stake),8500.0,,Completed,Life Sciences Tools and Services,USA
SPTRD1890923,2021-07-02,2022-01-27,Santander Consumer USA Holdings Inc.*,,no_match,SANTANDER CONSUMER USA,"Santander Holdings USA, Inc.",,no_match,SANTANDER USA,Investor group,Acquisition of Minority Stake,2530.130466,2530.130466,Completed,Specialty Finance: Consumer Focused,USA
SPTRD1890739,2021-07-01,2021-09-27,"CityCenter Holdings, LLC",,no_match,CITYCENTER,MGM Resorts International,MGM,normalized_exact,MGM RESORTS INTERNATIONAL,Infinity World Development Corporation,Acquisition of Whole Company (incl. Majority Stake),3625.0,2125.0,Completed,Real Estate Operating and Management,USA
SPTRD1890699,2021-07-01,2021-12-15,Isos Acquisition Corporation,,no_match,ISOS ACQUISITION,Bowlero Corp.,,no_match,BOWLERO,Investor Group,Acquisition of Whole Company (incl. Majority Stake),1721.74317,1721.74317,Completed,Asset Management,USA
SPTRD1893293,2021-07-01,2021-09-28,Real Estate Assets Related to Aria Las Vegas and Vdara Las Vegas*,,no_match,REAL ESTATE ASSETS RELATED TO ARIA LAS VEGAS AND VDARA LAS VEGAS,"Blackstone Real Estate Income Trust, Inc.",,no_match,BLACKSTONE REAL ESTATE INCOME TRUST,"CityCenter Land, LLC",Acquisition of Asset or Branch,3890.0,3890.0,Completed,Real Estate Operating and Management,USA
SPTRD1891109,2021-07-01,2021-12-01,Syncreon.Us Inc.,,no_match,SYNCREON US,DP World Limited,,no_match,DP WORLD,,Acquisition of Whole Company (incl. Majority Stake),1200.0,,Completed,Air Freight and Logistics,USA
SPTRD1890362,2021-06-30,2021-09-01,Ohio Broadband Systems,,no_match,OHIO BROADBAND SYSTEMS,"Atlantic Broadband Finance, LLC",,no_match,ATLANTIC BROADBAND FINANCE,"WideOpenWest, Inc.",Acquisition of Asset or Branch,1125.0,1125.0,Completed,Cable and Satellite,USA
SPTRD1890422,2021-06-30,2021-12-01,"Santoprene TPV Elastomers Business of ExxonMobil Chemical Company, Inc.",,no_match,SANTOPRENE TPV ELASTOMERS BUSINESS OF EXXONMOBIL CHEMICAL,Celanese Corporation,CE,normalized_exact,CELANESE,"ExxonMobil Chemical Company, Inc.",Acquisition of Asset or Branch,1150.0,1150.0,Completed,Commodity Chemicals,USA
SPTRD1890404,2021-06-30,2022-02-11,Thayer Ventures Acquisition Corporation,,no_match,THAYER VENTURES ACQUISITION,Inspirato Incorporated,,no_match,INSPIRATO,Investor Group,Acquisition of Whole Company (incl. Majority Stake),1072.14,1072.14,Completed,Asset Management,USA
SPTRD1890129,2021-06-29,2022-01-27,Trebia Acquisition Corp.*,,no_match,TREBIA ACQUISITION,"System1, Inc.",SST,normalized_exact,SYSTEM1,Investor Group,Acquisition of Whole Company (incl. Majority Stake),1119.9875,1119.9875,Completed,Asset Management,USA
SPTRD1889824,2021-06-28,2021-09-21,New Senior Investment Group Inc.,,no_match,SENIOR INVESTMENT,"Ventas, Inc.",VTR,normalized_exact,VENTAS,,Acquisition of Whole Company (incl. Majority Stake),2248.85592,769.25692,Completed,Health Care REIT,USA
SPTRD1889884,2021-06-27,2021-11-04,QAD Inc.*,,no_match,QAD,"Thoma Bravo, L.P.",,no_match,THOMA BRAVO,,Acquisition of Whole Company (incl. Majority Stake),1504.618871,1606.311871,Completed,Application Software,USA
SPTRD1889549,2021-06-25,2021-09-01,"Alliance Healthcare Services, Inc.",,no_match,ALLIANCE HEALTHCARE SERVICES,Akumin Corp.,,no_match,AKUMIN,"Tahoe Investment Group Co., Ltd.",Acquisition of Whole Company (incl. Majority Stake),1470.303511,806.516511,Completed,Health Care Services,USA
SPTRD1889502,2021-06-25,2021-08-31,"Plex Systems, Inc.*",,no_match,PLEX SYSTEMS,"Rockwell Automation, Inc.",ROK,normalized_exact,ROCKWELL AUTOMATION,"Francisco Partners Management, L.P.",Acquisition of Whole Company (incl. Majority Stake),2205.5,2220.0,Completed,Application Software,USA
SPTRD1888956,2021-06-23,2021-11-10,Northern Genesis Acquisition Corp. II,,no_match,NORTHERN GENESIS ACQUISITION II,"Embark Trucks, Inc.",,no_match,EMBARK TRUCKS,Investor Group,Acquisition of Whole Company (incl. Majority Stake),4198.999924,4198.999924,Completed,Asset Management,USA
SPTRD1889045,2021-06-23,2021-08-02,Paramit Corporation*,,no_match,PARAMIT,Tecan Group AG,,no_match,TECAN,"Altaris, LLC",Acquisition of Whole Company (incl. Majority Stake),1000.0,1000.0,Completed,Health Care Equipment,USA
SPTRD1888924,2021-06-22,,"Sage Veterinary Centers, LP*",,no_match,SAGE VETERINARY CENTERS,"National Veterinary Associates, Inc.",,no_match,NATIONAL VETERINARY ASSOCIATES,,Acquisition of Whole Company (incl. Majority Stake),1100.0,1100.0,Announced,Health Care Facilities,USA
SPTRD1888474,2021-06-21,2021-10-01,"Lydall, Inc.",,no_match,LYDALL,Unifrax I LLC,,no_match,UNIFRAX I,,Acquisition of Whole Company (incl. Majority Stake),1341.159105,1159.214105,Completed,Machinery and Supplies and Components: Industrial,USA
SPTRD1888458,2021-06-21,2021-09-13,Niacet Corporation*,,no_match,NIACET,Kerry Group plc,,no_match,KERRY,"SK Capital Partners, LP",Acquisition of Whole Company (incl. Majority Stake),1015.0,1015.0,Completed,Commodity Chemicals,USA
SPTRD1888559,2021-06-21,2021-07-30,Portfolio of 86 Seniors Housing Properties in United States,,no_match,PORTFOLIO OF 86 SENIORS HOUSING PROPERTIES IN UNITED STATES,Welltower Inc.,WELL,normalized_exact,WELLTOWER,Holiday Al Management Sub LLC,Acquisition of Asset or Branch,1580.0,1580.0,Completed,Real Estate Operating and Management,USA
SPTRD1888321,2021-06-21,2021-11-30,"Raven Industries, Inc.",,no_match,RAVEN INDUSTRIES,CNH Industrial N.V.,CNH,normalized_exact,CNH INDUSTRIAL N V,,Acquisition of Whole Company (incl. Majority Stake),2123.582219,2126.996219,Completed,Industrial Conglomerates,USA
SPTRD1888288,2021-06-20,2021-10-01,North American building products businesses of Boral Industries Inc.,,no_match,NORTH AMERICAN BUILDING PRODUCTS BUSINESSES OF BORAL INDUSTRIES,Westlake Chemical Corporation,,no_match,WESTLAKE CHEMICAL,Boral Industries Inc.,Acquisition of Asset or Branch,2150.0,2150.0,Completed,Building Products,USA
SPTRD1888079,2021-06-18,2021-08-27,"Sykes Enterprises, Incorporated",,no_match,SYKES ENTERPRISES,Sitel Worldwide Corporation,,no_match,SITEL WORLDWIDE,Investor Group,Acquisition of Whole Company (incl. Majority Stake),2290.633175,2222.179175,Completed,Data Processing and Outsourced Services,USA
SPTRD1887811,2021-06-17,2021-08-30,"Aldevron, LLC*",,no_match,ALDEVRON,Danaher Corporation,DHR,normalized_exact,DANAHER,Investor Group,Acquisition of Whole Company (incl. Majority Stake),9563.0,9563.0,Completed,Life Sciences Tools and Services,USA
SPTRD1887964,2021-06-17,2021-11-22,"CAI International, Inc.",,no_match,CAI INTERNATIONAL,Mitsubishi HC Capital Inc.,,no_match,MITSUBISHI HC CAPITAL,,Acquisition of Whole Company (incl. Majority Stake),3302.940336,986.474086,Completed,Trading Companies and Distributors,USA
SPTRD1887809,2021-06-17,2021-10-20,GS Acquisition Holdings Corp II*,,no_match,GS ACQUISITION II,"Mirion Technologies, Inc.",MIR,normalized_exact,MIRION TECHNOLOGIES,Investor Group,Acquisition of Whole Company (incl. Majority Stake),1700.0,1700.0,Completed,Asset Management,USA
SPTRD1887467,2021-06-16,2021-11-08,EverArc Holdings Limited,,no_match,EVERARC,"Perimeter Solutions, SA",PRM,normalized_exact,PERIMETER SOLUTIONS,,Acquisition of Whole Company (incl. Majority Stake),2080.276,2000.0,Completed,Asset Management,USA
SPTRD1887615,2021-06-16,2021-08-01,Five Hospitals in South Florida,,no_match,FIVE HOSPITALS IN SOUTH FLORIDA,Steward Health Care System LLC,,no_match,STEWARD HEALTH CARE SYSTEM,Tenet Healthcare Corporation,Acquisition of Whole Company (incl. Majority Stake),1100.0,1100.0,Completed,Health Care Facilities,USA
SPTRD1887198,2021-06-15,2021-12-08,Decarbonization Plus Acquisition Corporation III,,no_match,DECARBONIZATION PLUS ACQUISITION III,"Solid Power, Inc.",SLDP,normalized_exact,SOLID POWER,Decarbonization Plus Acquisition Sponsor III LLC,Acquisition of Whole Company (incl. Majority Stake),1555.318932,1497.951,Completed,Asset Management,USA
SPTRD1887340,2021-06-15,2021-07-30,"McGraw-Hill Education, Inc.*",,no_match,MCGRAW HILL EDUCATION,"Platinum Equity, LLC",,no_match,PLATINUM EQUITY,"Apollo Global Management, Inc.",Acquisition of Whole Company (incl. Majority Stake),6377.639,4500.0,Completed,Publishing,USA
SPTRD1886985,2021-06-14,2021-08-02,"Paula's Choice, LLC*",,no_match,PAULA S CHOICE,Unilever PLC,UL,normalized_exact,UNILEVER,Investor Group,Acquisition of Whole Company (incl. Majority Stake),2173.19098384,2173.19098384,Completed,Personal Care and Beauty Products: Producers,USA
SPTRD1886563,2021-06-11,2021-12-14,Yucaipa Acquisition Corporation,,no_match,YUCAIPA ACQUISITION,SIGNA Sports United B.V.,,no_match,SIGNA SPORTS UNITED B V,Investor Group,Acquisition of Whole Company (incl. Majority Stake),2924.341413,2924.341413,Completed,Asset Management,USA
SPTRD1886078,2021-06-09,2021-07-27,"CIOX Health, LLC*",,no_match,CIOX HEALTH,"Datavant, Inc.",,no_match,DATAVANT,Investor Group,Acquisition of Whole Company (incl. Majority Stake),7000.0,,Completed,Health Care Technology,USA
SPTRD1886067,2021-06-09,2021-10-01,Kensington Capital Acquisition Corp. II,,no_match,KENSINGTON CAPITAL ACQUISITION II,Wallbox N.V.,WBX,normalized_exact,WALLBOX N V,Kensington Capital Sponsor II LLC,Acquisition of Whole Company (incl. Majority Stake),1428.0,1800.0125,Completed,Asset Management,USA
SPTRD1891816,2021-06-09,2021-11-05,Khosla Ventures Acquisition Co. II,,no_match,KHOSLA VENTURES ACQUISITION II,"Nextdoor, Inc.",NXDR,normalized_exact,NEXTDOOR,Investor Group,Acquisition of Whole Company (incl. Majority Stake),3049.948478,,Completed,Asset Management,USA
SPTRD1885796,2021-06-08,2021-10-18,24 Class A Senior Housing Properties Portfolio,,no_match,24 CLASS A SENIOR HOUSING PROPERTIES PORTFOLIO,"Harrison Street Real Estate Capital, LLC",,no_match,HARRISON STREET REAL ESTATE CAPITAL,Investor Group,Acquisition of Asset or Branch,1200.0,1200.0,Completed,Health Care Facilities,USA
SPTRD1885772,2021-06-08,2021-09-30,EnerBank USA,,no_match,ENERBANK USA,Regions Bank,,no_match,REGIONS BANK,CMS Energy Corporation,Acquisition of Whole Company (incl. Majority Stake),1000.0,1000.0,Completed,Bank,USA
SPTRD1886526,2021-06-07,2021-09-23,Atlantic Aviation business of Macquarie Infrastructure Corporation,,no_match,ATLANTIC AVIATION BUSINESS OF MACQUARIE INFRASTRUCTURE,KKR & Co. Inc.,KKR,normalized_exact,KKR AND,Macquarie Infrastructure Corporation,Acquisition of Asset or Branch,4475.0,3525.0,Completed,Airport Services,USA
SPTRD1885485,2021-06-07,2021-11-01,Crestone Peak Resources LLC*,,no_match,CRESTONE PEAK RESOURCES,"Bonanza Creek Energy, Inc.",,no_match,BONANZA CREEK ENERGY,Investor Group,Acquisition of Whole Company (incl. Majority Stake),1263.15,1263.15,Completed,Oil and Gas Exploration and Production,USA
SPTRD1885494,2021-06-07,2021-08-09,"Insulated Metal Panels Business of Cornerstone Building Brands, Inc.",,no_match,INSULATED METAL PANELS BUSINESS OF CORNERSTONE BUILDING BRANDS,Investor Group,,no_match,INVESTOR,"Cornerstone Building Brands, Inc.",Acquisition of Asset or Branch,1000.0,1000.0,Completed,Building Products,USA
SPTRD1885448,2021-06-07,2021-09-01,"Iora Health, Inc.*",,no_match,IORA HEALTH,"1Life Healthcare, Inc.",,no_match,1LIFE HEALTHCARE,Investor Group,Acquisition of Whole Company (incl. Majority Stake),1301.356371,1301.356371,Completed,Managed Health Care,USA
SPTRD1885487,2021-06-07,2021-08-31,"QTS Realty Trust, Inc.*",,no_match,QTS REALTY TRUST,Investor group,,no_match,INVESTOR,,Acquisition of Whole Company (incl. Majority Stake),8485.833853,6319.808853,Completed,Data Center REIT,USA
SPTRD1885452,2021-06-07,2021-08-26,"U.S. Concrete, Inc.",,no_match,U S CONCRETE,Vulcan Materials Company,VMC,normalized_exact,VULCAN MATERIALS,Investor Group,Acquisition of Whole Company (incl. Majority Stake),2175.13829,1307.43829,Completed,Construction Materials,USA
SPTRD1885328,2021-06-05,2021-10-31,"Medline Industries, Inc.*",,no_match,MEDLINE INDUSTRIES,Investor Group,,no_match,INVESTOR,,Acquisition of Whole Company (incl. Majority Stake),32000.0,32000.0,Completed,Health Care Supplies,USA
SPTRD1885199,2021-06-04,2021-12-07,"GigCapital4, Inc.",,no_match,GIGCAPITAL4,"BigBear.ai Holdings, Inc.",BBAI,normalized_exact,BIGBEAR AI,"GigAcquisitions4, LLC",Acquisition of Whole Company (incl. Majority Stake),1276.2241,1276.2241,Completed,Asset Management,USA
SPTRD1885239,2021-06-03,2021-11-15,"International Data Group, Inc.*",,no_match,INTERNATIONAL DATA,The Blackstone Group Inc.,BX,normalized_exact,BLACKSTONE,"China Oceanwide Holdings Group Co., Ltd.",Acquisition of Whole Company (incl. Majority Stake),1300.0,,Completed,Publishing,USA
SPTRD1884572,2021-06-02,2021-07-15,"Constellation Pharmaceuticals, Inc.*",,no_match,CONSTELLATION PHARMACEUTICALS,MorphoSys AG,,no_match,MORPHOSYS,Investor Group,Acquisition of Whole Company (incl. Majority Stake),1286.629629,1665.344629,Completed,Biotechnology,USA
SPTRD1884693,2021-06-02,2021-09-01,"Indigo Natural Resources, LLC.",,no_match,INDIGO NATURAL RESOURCES,Southwestern Energy Company,,no_match,SOUTHWESTERN ENERGY,,Acquisition of Whole Company (incl. Majority Stake),2643.681084,1943.681084,Completed,Oil and Gas Exploration and Production,USA
SPTRD1884776,2021-06-02,2021-10-08,"Products Business of FireEye, Inc.",,no_match,PRODUCTS BUSINESS OF FIREEYE,Musarubra US LLC,,no_match,MUSARUBRA US,"FireEye, Inc.",Acquisition of Asset or Branch,1200.0,1200.0,Completed,Systems Software,USA
SPTRD1884703,2021-06-02,2021-08-02,Stack Exchange Inc.*,,no_match,STACK EXCHANGE,Prosus N.V.,,no_match,PROSUS N V,Investor Group,Acquisition of Whole Company (incl. Majority Stake),1800.0,1800.0,Completed,Interactive Media and Services,USA
SPTRD1884288,2021-06-01,2021-10-08,"Cloudera, Inc.*",,no_match,CLOUDERA,Investor Group,,no_match,INVESTOR,Icahn Capital LP,Acquisition of Whole Company (incl. Majority Stake),4586.49851,4711.75951,Completed,Application Software,USA
SPTRD1884283,2021-06-01,2022-02-15,"First Midwest Bancorp, Inc.",,no_match,FIRST MIDWEST BANCORP,Old National Bancorp,ONB,normalized_exact,NATIONAL BANCORP,,Acquisition of Whole Company (incl. Majority Stake),2396.025607,2396.025607,Completed,Bank,USA
SPTRD1884305,2021-06-01,2021-11-24,Stagecoach Gas Services LLC*,,no_match,STAGECOACH GAS SERVICES,"Kinder Morgan, Inc.",KMI,normalized_exact,KINDER MORGAN,Investor group,Acquisition of Whole Company (incl. Majority Stake),1258.0,1258.0,Completed,Oil and Gas Storage and Transportation,USA
SPTRD1883822,2021-05-28,2022-07-28,"Welbilt, Inc.",,no_match,WELBILT,Ali Group Holding S.R.L.,,no_match,ALI S R,Investor Group,Acquisition of Whole Company (incl. Majority Stake),4851.09088,3466.79088,Completed,Machinery and Supplies and Components: Industrial,USA
SPTRD1883108,2021-05-26,2022-01-13,Decarbonization Plus Acquisition Corporation II,,no_match,DECARBONIZATION PLUS ACQUISITION II,Tritium DCFC Limited,,no_match,TRITIUM DCFC,Investor Group,Acquisition of Whole Company (incl. Majority Stake),1159.2,1159.2,Completed,Asset Management,USA
SPTRD1883129,2021-05-26,2022-03-17,MGM Holdings Inc.,,no_match,MGM,"Amazon.com, Inc.",AMZN,normalized_exact,AMAZON COM,,Acquisition of Whole Company (incl. Majority Stake),8450.0,6576.164,Completed,Movies and Entertainment,USA
SPTRD1882956,2021-05-25,2021-12-03,Foresight Acquisition Corp.,,no_match,FORESIGHT ACQUISITION,P3 Health Partners Inc.,PIII,normalized_exact,P3 HEALTH PARTNERS,"Foresight Sponsor Group, LLC",Acquisition of Whole Company (incl. Majority Stake),2116.941695,2116.941695,Completed,Asset Management,USA
SPTRD1882503,2021-05-24,2021-10-01,Coterra Energy Operating Co,,no_match,COTERRA ENERGY OPERATING,Cabot Oil & Gas Corporation,,no_match,CABOT OIL AND GAS,,Acquisition of Whole Company (incl. Majority Stake),10408.445531,9013.658531,Completed,Oil and Gas Exploration and Production,USA
SPTRD1882687,2021-05-24,2021-10-19,Legato Merger Corp.,,no_match,LEGATO MERGER,Algoma Steel Group Inc.,ASTL,normalized_exact,ALGOMA STEEL,,Acquisition of Whole Company (incl. Majority Stake),1125.0,1125.0,Completed,"Holding Companies, Patent Owners, and Trusts or Estates",USA
SPTRD1882416,2021-05-24,2021-10-01,Lehigh West Region Business,,no_match,LEHIGH WEST REGION BUSINESS,"Martin Marietta Materials, Inc.",MLM,normalized_exact,MARTIN MARIETTA MATERIALS,Investor Group,Acquisition of Asset or Branch,2300.0,2300.0,Completed,Construction Materials,USA
SPTRD1930771,2021-05-21,2021-05-21,"Green Globe International, Inc.",,no_match,GREEN GLOBE INTERNATIONAL,"Green Globe International, Inc.",,no_match,GREEN GLOBE INTERNATIONAL,,Acquisition of Whole Company (incl. Majority Stake),5227.709109,5227.709109,Completed,Research and Consulting Services,USA
SPTRD1881568,2021-05-20,2021-07-22,29-Property Data Center Portfolio in United States,,no_match,29 PROPERTY DATA CENTER PORTFOLIO IN UNITED STATES,Mapletree Industrial Trust,,no_match,MAPLETREE INDUSTRIAL TRUST,"Sila Realty Trust, Inc.",Acquisition of Asset or Branch,1320.0,1320.0,Completed,Internet Services and Infrastructure,USA
SPTRD1881085,2021-05-18,2021-09-01,"Core-Mark Holding Company, Inc.",,no_match,CORE MARK,Performance Food Group Company,PFGC,normalized_exact,PERFORMANCE FOOD,,Acquisition of Whole Company (incl. Majority Stake),2766.464565,2108.064565,Completed,Other Distributors,USA
SPTRD1880748,2021-05-17,2021-12-01,ProQuest LLC*,,no_match,PROQUEST,Clarivate Plc,CLVT,normalized_exact,CLARIVATE,Investor Group,Acquisition of Whole Company (incl. Majority Stake),5082.650943,4082.650943,Completed,Application Software,USA
SPTRD1880822,2021-05-17,2022-04-08,"Warner Media, LLC",,no_match,WARNER MEDIA,"Discovery, Inc.",,no_match,DISCOVERY,AT&T Inc.,Acquisition of Whole Company (incl. Majority Stake),82567.07,39242.07,Completed,Movies and Entertainment,USA
SPTRD1882302,2021-05-14,2021-07-06,"Tyson Pet Products, Inc.",,no_match,TYSON PET PRODUCTS,"General Mills, Inc.",GIS,normalized_exact,GENERAL MILLS,"Tyson Foods, Inc.",Acquisition of Whole Company (incl. Majority Stake),1200.0,1200.0,Completed,Packaged Foods and Meats Producers,USA
SPTRD1879800,2021-05-12,2021-11-04,Switchback II Corporation,,no_match,SWITCHBACK II,"Bird Global, Inc.",,no_match,BIRD GLOBAL,Investor Group,Acquisition of Whole Company (incl. Majority Stake),2689.2,2689.2,Completed,Asset Management,USA
SPTRD1879632,2021-05-11,2021-11-30,Domtar Corporation,,no_match,DOMTAR,Karta Halten B.V.,,no_match,KARTA HALTEN B V,,Acquisition of Whole Company (incl. Majority Stake),3073.249189,2854.249189,Completed,Paper Products,USA
SPTRD1879609,2021-05-11,2022-04-21,Ferro Corporation,,no_match,FERRO,Prince International Corporation,,no_match,PRINCE INTERNATIONAL,,Acquisition of Whole Company (incl. Majority Stake),2096.444402,1880.564402,Completed,Specialty Chemicals,USA
SPTRD1879602,2021-05-11,2021-09-16,Soaring Eagle Acquisition Corp.,,no_match,SOARING EAGLE ACQUISITION,"Ginkgo Bioworks, Inc.",DNA,normalized_exact,GINKGO BIOWORKS,"Eagle Equity Partners III, LLC",Acquisition of Whole Company (incl. Majority Stake),16699.674416,16699.674416,Completed,Asset Management,USA
SPTRD1879242,2021-05-10,2021-11-01,"Extraction Oil & Gas, Inc.*",,no_match,EXTRACTION OIL AND GAS,"Bonanza Creek Energy, Inc.",,no_match,BONANZA CREEK ENERGY,Investor Group,Acquisition of Whole Company (incl. Majority Stake),1816.320998,1752.319998,Completed,Oil and Gas Exploration and Production,USA
SPTRD1879499,2021-05-10,2021-10-01,PurpleMed Healing Center,,no_match,PURPLEMED HEALING CENTER,Trulieve Cannabis Corp.,TRLV,normalized_exact,TRULIEVE CANNABIS,,Acquisition of Whole Company (incl. Majority Stake),2359.292872,2172.258872,Completed,Pharmaceuticals,USA
SPTRD1879231,2021-05-10,2021-09-29,Star Peak Corp II,,no_match,STAR PEAK II,"Benson Hill, Inc.",,no_match,BENSON HILL,Investor Group,Acquisition of Whole Company (incl. Majority Stake),1505.139336,1505.139336,Completed,Asset Management,USA
SPTRD1878944,2021-05-07,2021-10-06,LifeSci Acquisition II Corp.*,,no_match,LIFESCI ACQUISITION II,"Science 37, Inc.",,no_match,SCIENCE 37,Investor Group,Acquisition of Whole Company (incl. Majority Stake),1143.0,1143.0,Completed,Asset Management,USA
SPTRD1879538,2021-05-06,2021-05-06,"Aspect Software, Inc.*",,no_match,ASPECT SOFTWARE,Investor Group,,no_match,INVESTOR,Investor Group,Acquisition of Whole Company (incl. Majority Stake),1000.0,,Completed,Application Software,USA
SPTRD1878656,2021-05-06,2021-07-22,At Home Group Inc.*,,no_match,AT HOME,Hellman & Friedman LLC,,no_match,HELLMAN AND FRIEDMAN,"CAS Investment Partners, LLC",Acquisition of Whole Company (incl. Majority Stake),4214.110469,2639.381469,Completed,Homefurnishing Retail,USA
SPTRD1878853,2021-05-06,2021-06-01,"DivvyPay, Inc.*",,no_match,DIVVYPAY,"Bill.com Holdings, Inc.",,no_match,BILL COM,Investor Group,Acquisition of Whole Company (incl. Majority Stake),2500.0,,Completed,Payment Processors,USA
SPTRD1878547,2021-05-06,2021-07-21,Northeast Marcellus assets,,no_match,NORTHEAST MARCELLUS ASSETS,EQT Corporation,EQT,normalized_exact,EQT,"Alta Resources, LLC",Acquisition of Asset or Branch,2925.405,2925.405,Completed,Oil and Gas Exploration and Production,USA
SPTRD1886533,2021-05-05,2021-06-15,"Melody Wireless Infrastructure, Inc.",,no_match,MELODY WIRELESS INFRASTRUCTURE,Investor group,,no_match,INVESTOR,Melody Capital Management LLC,Acquisition of Whole Company (incl. Majority Stake),1625.0,1625.0,Completed,Wireless Telecommunication Services,USA
SPTRD1877797,2021-05-03,2021-12-01,Meredith Corporation,,no_match,MEREDITH,"Gray Television, Inc.",,no_match,GRAY TELEVISION,,Acquisition of Whole Company (incl. Majority Stake),2781.498408,806.498408,Completed,Publishing,USA
SPTRD1877779,2021-05-03,2021-09-01,Verizon Media Inc.,,no_match,VERIZON MEDIA,"Apollo Global Management, Inc.",APO,normalized_exact,APOLLO GLOBAL MANAGEMENT,Verizon Communications Inc.,Acquisition of Whole Company (incl. Majority Stake),5000.0,5000.0,Completed,Application Software,USA
SPTRD1877853,2021-05-01,2021-09-30,"Boomi, LP*",,no_match,BOOMI,Investor Group,,no_match,INVESTOR,Dell Technologies Inc.,Acquisition of Whole Company (incl. Majority Stake),4000.0,,Completed,Application Software,USA
SPTRD1877420,2021-04-30,2021-08-09,Bountiful Company,,no_match,BOUNTIFUL,Nestlé Health Science S.A.,,no_match,NESTL HEALTH SCIENCE S A,Investor group,Acquisition of Whole Company (incl. Majority Stake),5750.0,5750.0,Completed,Personal Care and Beauty Products: Producers,USA
SPTRD1877826,2021-04-30,2021-04-30,CXApp Holding Corp.,CXAI,normalized_exact,CXAPP,Inpixon,,no_match,INPIXON,,Acquisition of Whole Company (incl. Majority Stake),1039.914532,1035.002532,Completed,Application Software,USA
SPTRD1877583,2021-04-30,2022-01-18,"Gores Metropoulos II, Inc.*",,no_match,GORES METROPOULOS II,Sonder Holdings Inc.,,no_match,SONDER,Investor Group,Acquisition of Whole Company (incl. Majority Stake),2468.553455,2468.553455,Completed,Asset Management,USA
SPTRD1877955,2021-04-29,2022-01-10,Arkansas and Oklahoma gas distribution assets,,no_match,ARKANSAS AND OKLAHOMA GAS DISTRIBUTION ASSETS,"Summit Utilities, Inc.",,no_match,SUMMIT UTILITIES,"CenterPoint Energy, Inc.",Acquisition of Asset or Branch,2150.0,2150.0,Completed,Gas Utilities,USA
SPTRD1877333,2021-04-29,2021-06-16,"Turbonomic, Inc.*",,no_match,TURBONOMIC,International Business Machines Corporation,IBM,normalized_exact,INTERNATIONAL BUSINESS MACHINES,Investor Group,Acquisition of Whole Company (incl. Majority Stake),1995.0,1834.0,Completed,Application Software,USA
SPTRD1877251,2021-04-29,2021-11-01,"VEREIT, Inc.",,no_match,VEREIT,Realty Income Corporation,O,normalized_exact,REALTY INCOME,,Acquisition of Whole Company (incl. Majority Stake),17483.985693,11620.096693,Completed,Diversified REIT,USA
SPTRD1877068,2021-04-27,2021-08-17,"Gentiva Health Services, Inc.",,no_match,GENTIVA HEALTH SERVICES,Humana Inc.,HUM,normalized_exact,HUMANA,Investor Group,Acquisition of Whole Company (incl. Majority Stake),5700.0,5700.0,Completed,Health Care Services,USA
SPTRD1876460,2021-04-26,2022-12-01,"Flagstar Bancorp, Inc.*",,no_match,FLAGSTAR BANCORP,"New York Community Bancorp, Inc.",,no_match,YORK COMMUNITY BANCORP,Investor group,Acquisition of Whole Company (incl. Majority Stake),1995.643984,1995.643984,Completed,Bank,USA
SPTRD1876466,2021-04-26,2021-08-31,"Proofpoint, Inc.*",,no_match,PROOFPOINT,"Thoma Bravo, LLC",,no_match,THOMA BRAVO,,Acquisition of Whole Company (incl. Majority Stake),12386.21384,12196.79484,Completed,Systems Software,USA
SPTRD1876489,2021-04-26,2021-09-21,W. R. Grace & Co.,,no_match,W R GRACE AND,Standard Industries Inc.,,no_match,STANDARD INDUSTRIES,Investor Group,Acquisition of Whole Company (incl. Majority Stake),4682.318732,4682.318732,Completed,Specialty Chemicals,USA
SPTRD1876304,2021-04-25,2022-01-27,Sports Entertainment Acquisition Corp.,,no_match,SPORTS ENTERTAINMENT ACQUISITION,SGHC Limited,,no_match,SGHC,Investor Group,Acquisition of Whole Company (incl. Majority Stake),4655.73,4655.73,Completed,Asset Management,USA
SPTRD1876149,2021-04-23,2021-09-17,"Blue Yonder Group, Inc.*",,no_match,BLUE YONDER,Connected Solutions Company,,no_match,CONNECTED SOLUTIONS,Investor Group,Acquisition of Whole Company (incl. Majority Stake),7100.0,5600.0,Completed,Application Software,USA
SPTRD1876111,2021-04-23,2021-07-21,"First Student, Inc./First Transit Inc.*",,no_match,FIRST STUDENT TRANSIT,EQT Partners AB,,no_match,EQT PARTNERS AB,"FirstGroup America, Inc.",Acquisition of Whole Company (incl. Majority Stake),4555.0,3305.0,Completed,Passenger Ground Transportation,USA
SPTRD1875910,2021-04-22,2021-08-24,Fifth Wall Acquisition Corp. I,,no_match,FIFTH WALL ACQUISITION I,"SmartRent, Inc.",SMRT,normalized_exact,SMARTRENT,Investor Group,Acquisition of Whole Company (incl. Majority Stake),1613.049009,1613.049009,Completed,Asset Management,USA
SPTRD1876000,2021-04-22,2021-07-26,Infrastructure & Automotive (I&A) Business of Silicon Labs,,no_match,INFRASTRUCTURE AND AUTOMOTIVE BUSINESS OF SILICON LABS,"Skyworks Solutions, Inc.",SWKS,normalized_exact,SKYWORKS SOLUTIONS,Silicon Laboratories Inc.,Acquisition of Asset or Branch,2750.0,2750.0,Completed,Semiconductors,USA
SPTRD1876054,2021-04-22,2021-11-12,"Meridian Bancorp, Inc.",,no_match,MERIDIAN BANCORP,Independent Bank Corp.,INDB,normalized_exact,INDEPENDENT BANK,,Acquisition of Whole Company (incl. Majority Stake),1299.728936,1299.728936,Completed,Bank,USA
SPTRD1875567,2021-04-21,2021-05-28,"VES Group, Inc.",,no_match,VES,"MAXIMUS Federal Services, Inc.",,no_match,MAXIMUS FEDERAL SERVICES,,Acquisition of Whole Company (incl. Majority Stake),1400.0,1400.0,Completed,Health Care Services,USA
SPTRD1875125,2021-04-19,2021-07-19,"Knoll, Inc.*",,no_match,KNOLL,"Herman Miller, Inc.",,no_match,HERMAN MILLER,Investor Group,Acquisition of Whole Company (incl. Majority Stake),2020.587736,1535.287736,Completed,Home Furnishings Producers,USA
SPTRD1874995,2021-04-19,2021-06-22,Nortek Air Management Business of Nortek Inc.,,no_match,NORTEK AIR MANAGEMENT BUSINESS OF NORTEK,Madison IAQ LLC,,no_match,MADISON IAQ,Nortek Inc.,Acquisition of Asset or Branch,3630.0,3630.0,Completed,Machinery and Supplies and Components: Industrial,USA
SPTRD1874945,2021-04-19,2022-01-31,Sterling Bancorp,,no_match,STERLING BANCORP,Webster Financial Corporation,WBS,normalized_exact,WEBSTER FINANCIAL,,Acquisition of Whole Company (incl. Majority Stake),5355.361552,5355.361552,Completed,Bank,USA
SPTRD1874366,2021-04-15,2021-12-08,"PPD, Inc.*",,no_match,PPD,Thermo Fisher Scientific Inc.,TMO,normalized_exact,THERMO FISHER SCIENTIFIC,Investor Group,Acquisition of Whole Company (incl. Majority Stake),20384.481295,17346.747295,Completed,Life Sciences Tools and Services,USA
SPTRD1874272,2021-04-15,2021-08-03,Weingarten Realty Investors,,no_match,WEINGARTEN REALTY INVESTORS,Kimco Realty Corporation,KIM,normalized_exact,KIMCO REALTY,,Acquisition of Whole Company (incl. Majority Stake),6132.553252,4107.416156,Completed,Retail REIT,USA
SPTRD1873974,2021-04-14,2021-08-23,"Caliber Home Loans, Inc.*",,no_match,CALIBER HOME LOANS,New Residential Investment Corp.,,no_match,RESIDENTIAL INVESTMENT,Investor group,Acquisition of Whole Company (incl. Majority Stake),1314.7,1314.7,Completed,Mortgage Banks and Brokers,USA
SPTRD1873758,2021-04-13,2021-04-28,48 self-storage facilities portfolio of ezStorage Corporation,,no_match,48 SELF STORAGE FACILITIES PORTFOLIO OF EZSTORAGE,Public Storage,PSA,normalized_exact,PUBLIC STORAGE,Ezstorage Corporation,Acquisition of Asset or Branch,1800.0,1800.0,Completed,Diversified Support Services,USA
SPTRD1873684,2021-04-13,2021-12-01,Altimeter Growth Corp.,,no_match,ALTIMETER GROWTH,Grab Holdings Inc.,GRAB,normalized_exact,GRAB,"Altimeter Capital Management, LP",Acquisition of Whole Company (incl. Majority Stake),48584.853596,48584.853596,Completed,Asset Management,USA
SPTRD1873794,2021-04-13,2021-04-13,Portfolio of 88 Industrial Properties in US,,no_match,PORTFOLIO OF 88 INDUSTRIAL PROPERTIES IN US,Undisclosed Buyer,,no_match,UNDISCLOSED BUYER,Undisclosed Seller,Acquisition of Asset or Branch,1000.0,1000.0,Completed,Real Estate Operating and Management,USA
SPTRD1873414,2021-04-12,2021-10-29,Cadence Bancorporation*,,no_match,CADENCE BANCORPORATION,BancorpSouth Bank,,no_match,BANCORPSOUTH BANK,Investor group,Acquisition of Whole Company (incl. Majority Stake),2560.101023,2560.101023,Completed,Bank,USA
SPTRD1873497,2021-04-12,2021-06-01,"Club Car, LLC*",,no_match,CLUB CAR,"Platinum Equity, LLC",,no_match,PLATINUM EQUITY,Ingersoll Rand Inc.,Acquisition of Whole Company (incl. Majority Stake),1680.0,1680.0,Completed,Automobile Manufacturers,USA
SPTRD1874055,2021-04-12,2021-04-12,"Counter Brands, LLC*",,no_match,COUNTER BRANDS,Carlyle Group Inc.,CG,normalized_exact,CARLYLE,Investor Group,Acquisition of Whole Company (incl. Majority Stake),1000.0,1000.0,Completed,Personal Care and Beauty Products: Producers,USA
SPTRD1873420,2021-04-12,2022-03-04,"Nuance Communications, Inc.",,no_match,NUANCE COMMUNICATIONS,Microsoft Corporation,MSFT,normalized_exact,MICROSOFT,,Acquisition of Whole Company (incl. Majority Stake),17328.657969,16473.438969,Completed,Application Software,USA
SPTRD1873302,2021-04-11,2021-07-14,Luminex Corporation,,no_match,LUMINEX,DiaSorin S.p.A.,,no_match,DIASORIN S A,Investor Group,Acquisition of Whole Company (incl. Majority Stake),1865.995345,1862.649345,Completed,Life Sciences Tools and Services,USA
SPTRD1858853,2021-04-08,2021-09-01,ORBCOMM Inc.*,,no_match,ORBCOMM,GI Manager L.P,,no_match,GI MANAGER,Investor group,Acquisition of Whole Company (incl. Majority Stake),1132.43865,940.66865,Completed,Alternative Carriers,USA
SPTRD1858623,2021-04-07,2021-05-18,"Therapy Brands, Inc.",,no_match,THERAPY BRANDS,KKR & Co. Inc.,KKR,normalized_exact,KKR AND,Investor group,Acquisition of Whole Company (incl. Majority Stake),1200.0,1200.0,Completed,Application Software,USA
SPTRD1858155,2021-04-06,2021-09-24,Rotor Acquisition Corp.*,,no_match,ROTOR ACQUISITION,Sarcos Corp.,,no_match,SARCOS,Investor Group,Acquisition of Whole Company (incl. Majority Stake),1496.03125,1496.03125,Completed,Asset Management,USA
SPTRD1857822,2021-04-05,2021-10-01,Sempra Global*,,no_match,SEMPRA GLOBAL,KKR & Co. Inc.,KKR,normalized_exact,KKR AND,Sempra Energy,Acquisition of Minority Stake,3370.0,3370.0,Completed,Multi-Utilities,USA
SPTRD1857657,2021-04-02,2021-05-06,Ithaca Holdings LLC,,no_match,ITHACA,HYBE America,,no_match,HYBE AMERICA,,Acquisition of Whole Company (incl. Majority Stake),1000.0,1000.0,Completed,Movies and Entertainment,USA
SPTRD1857952,2021-04-01,,Santa Cruz Works,,no_match,SANTA CRUZ WORKS,Undisclosed Buyer,,no_match,UNDISCLOSED BUYER,,Acquisition of Whole Company (incl. Majority Stake),1900.0,1900.0,Announced,Diversified Support Services,USA
SPTRD1823232,2021-03-31,2021-07-16,Diamond S Shipping Inc.*,,no_match,DIAMOND S SHIPPING,"International Seaways, Inc.",INSW,normalized_exact,INTERNATIONAL SEAWAYS,Investor Group,Acquisition of Whole Company (incl. Majority Stake),1004.929141,398.674141,Completed,Oil and Gas Storage and Transportation,USA
SPTRD1823219,2021-03-31,2021-07-14,"Globallogic Worldwide Holdings, Inc.",,no_match,GLOBALLOGIC WORLDWIDE,Hitachi Global Digital Holdings Corporation,,no_match,HITACHI GLOBAL DIGITAL,Canada Pension Plan Investment Board,Acquisition of Whole Company (incl. Majority Stake),9500.0,8500.0,Completed,IT Consulting and Other Services,USA
SPTRD1823155,2021-03-31,2021-06-02,Landmark Partners LLC,,no_match,LANDMARK PARTNERS,Ares Management Corporation,ARES,normalized_exact,ARES MANAGEMENT,Investor group,Acquisition of Whole Company (incl. Majority Stake),1092.407916,1092.407916,Completed,Asset Management,USA
SPTRD1889533,2021-03-31,2021-03-31,"Tesla, Inc.",TSLA,normalized_exact,TESLA,Undisclosed Buyer,,no_match,UNDISCLOSED BUYER,Panasonic Corporation,Acquisition of Minority Stake,3608.1868,3608.1868,Completed,Automobile Manufacturers,USA
SPTRD1971092,2021-03-30,2021-04-29,"BrainyBrawn, Inc.",,no_match,BRAINYBRAWN,GEMX Exchange Limited,,no_match,GEMX EXCHANGE,,Acquisition of Whole Company (incl. Majority Stake),3079.853472,,Completed,IT Consulting and Other Services,USA
SPTRD1822534,2021-03-30,2021-09-14,Qell Acquisition Corp.,,no_match,QELL ACQUISITION,Lilium N.V.,,no_match,LILIUM N V,Qell Partners LLC,Acquisition of Whole Company (incl. Majority Stake),2380.8,2380.8,Completed,Asset Management,USA
SPTRD1822255,2021-03-29,2021-09-01,CM Life Sciences II Inc.*,,no_match,CM LIFE SCIENCES II,CM Life Sciences II Inc.,,no_match,CM LIFE SCIENCES II,Investor Group,Acquisition of Whole Company (incl. Majority Stake),1505.0,1505.0,Completed,Asset Management,USA
SPTRD2007022,2021-03-29,2021-05-31,"Triple Lift, Inc.*",,no_match,TRIPLE LIFT,"Vista Equity Partners Management, LLC",,no_match,VISTA EQUITY PARTNERS MANAGEMENT,,Acquisition of Whole Company (incl. Majority Stake),1400.0,1400.0,Completed,Application Software,USA
SPTRD1821717,2021-03-26,2021-10-20,BowX Acquisition Corp.,,no_match,BOWX ACQUISITION,The We Company,,no_match,WE,Investor Group,Acquisition of Whole Company (incl. Majority Stake),6441.599,6441.599,Completed,Asset Management,USA
SPTRD1821707,2021-03-26,2021-07-09,MSG Networks Inc.,,no_match,MSG NETWORKS,Madison Square Garden Entertainment Corp.,MSGE,normalized_exact,MADISON SQUARE GARDEN ENTERTAINMENT,,Acquisition of Whole Company (incl. Majority Stake),1631.024357,921.770357,Completed,Cable and Satellite,USA
SPTRD1820545,2021-03-23,2021-09-29,Jaws Spitfire Acquisition Corporation,,no_match,JAWS SPITFIRE ACQUISITION,"Velo3D, Inc.",VELO,normalized_exact,VELO3D,Investor Group,Acquisition of Whole Company (incl. Majority Stake),1500.0,1500.0,Completed,"Holding Companies, Patent Owners, and Trusts or Estates",USA
SPTRD1820296,2021-03-22,2021-04-29,Abaco Systems Inc.*,,no_match,ABACO SYSTEMS,"AMETEK, Inc.",AME,normalized_exact,AMETEK,"Veritas Capital Fund Management, L.L.C",Acquisition of Whole Company (incl. Majority Stake),1350.0,,Completed,Aerospace and Defense,USA
SPTRD1822741,2021-03-22,2021-07-22,"Calypso Technology, Inc.*",,no_match,CALYPSO TECHNOLOGY,"Thoma Bravo, LLC",,no_match,THOMA BRAVO,Investor Group,Acquisition of Whole Company (incl. Majority Stake),3750.0,3750.0,Completed,Investment and Capital Markets Technology,USA
SPTRD1820424,2021-03-22,2021-09-01,Tech Data Corporation,,no_match,TECH DATA,SYNNEX Corporation,,no_match,SYNNEX,"Apollo Global Management, Inc.",Acquisition of Whole Company (incl. Majority Stake),9901.08,7201.08,Completed,Technology Distributors,USA
SPTRD1820250,2021-03-22,2021-06-28,Thoma Bravo Advantage,,no_match,THOMA BRAVO ADVANTAGE,ironSource Ltd.,,no_match,IRONSOURCE,Thoma Bravo Advantage Sponsor LLC,Acquisition of Whole Company (incl. Majority Stake),1180.959233,1180.959233,Completed,Asset Management,USA
SPTRD1821153,2021-03-18,2022-05-25,Narragansett Electric Company,,no_match,NARRAGANSETT ELECTRIC,"PPL Energy Holdings, LLC",,no_match,PPL ENERGY,National Grid plc,Acquisition of Whole Company (incl. Majority Stake),5320.0,3820.0,Completed,Electric Utilities,USA
SPTRD1819706,2021-03-18,2021-09-01,"Supernova Partners Acquisition Company, Inc.",,no_match,SUPERNOVA PARTNERS ACQUISITION,Offerpad Solutions Inc.,OPAD,normalized_exact,OFFERPAD SOLUTIONS,Investor Group,Acquisition of Whole Company (incl. Majority Stake),2250.0,2250.0,Completed,Asset Management,USA
SPTRD1819339,2021-03-17,2021-04-06,"AIT Worldwide Logistics, Inc.*",,no_match,AIT WORLDWIDE LOGISTICS,"The Jordan Company, L.P.",,no_match,JORDAN,"Quad-C Management, Inc.",Acquisition of Whole Company (incl. Majority Stake),1200.0,1200.0,Completed,Air Freight and Logistics,USA
SPTRD1818292,2021-03-15,2021-06-16,"Extended Stay America, Inc.*",,no_match,EXTENDED STAY AMERICA,Investor group,,no_match,INVESTOR,,Acquisition of Whole Company (incl. Majority Stake),5946.467846,3643.480846,Completed,"Hotels, Resorts and Cruise Lines",USA
SPTRD1818383,2021-03-15,2021-04-21,"GenMark Diagnostics, Inc.",,no_match,GENMARK DIAGNOSTICS,Roche Holding AG,,no_match,ROCHE,,Acquisition of Whole Company (incl. Majority Stake),1821.776549,1862.791549,Completed,Health Care Equipment,USA
SPTRD1815660,2021-03-10,2021-08-02,"Diamond Resorts International, LLC*",,no_match,DIAMOND RESORTS INTERNATIONAL,Hilton Grand Vacations Inc.,HGV,normalized_exact,HILTON GRAND VACATIONS,Investor Group,Acquisition of Whole Company (incl. Majority Stake),3396.131893,1413.131893,Completed,"Hotels, Resorts and Cruise Lines",USA
SPTRD1814854,2021-03-10,2021-11-01,"GE Capital Aviation Services, Inc.",,no_match,GE CAPITAL AVIATION SERVICES,AerCap Holdings N.V.,AER,normalized_exact,AERCAP N V,General Electric Company,Acquisition of Whole Company (incl. Majority Stake),31488.358,31488.358,Completed,Specialty Finance: Commercial Focused,USA
SPTRD1809626,2021-03-09,2021-08-02,Global Preneed,,no_match,GLOBAL PRENEED,CUNA Mutual Holding Company,,no_match,CUNA MUTUAL,"Assurant, Inc.",Acquisition of Asset or Branch,1350.0,1350.0,Completed,Unclassified,USA
SPTRD1809150,2021-03-08,2021-07-01,"Laird Technologies, Inc.*",,no_match,LAIRD TECHNOLOGIES,"DuPont de Nemours, Inc.",DD,normalized_exact,DUPONT NEMOURS,"Advent International, L.P.",Acquisition of Whole Company (incl. Majority Stake),2300.0,2300.0,Completed,Electrical Components and Equipment: Light,USA
SPTRD1809144,2021-03-08,2021-07-16,NewHold Investment Corp.*,,no_match,NEWHOLD INVESTMENT,"Evolv Technologies, Inc.",EVLV,normalized_exact,EVOLV TECHNOLOGIES,Investor Group,Acquisition of Whole Company (incl. Majority Stake),1023.924084,1023.924084,Completed,Asset Management,USA
SPTRD1809232,2021-03-08,2021-03-30,The Exchange on 16th*,,no_match,EXCHANGE ON 16TH,KKR & Co. Inc.,KKR,normalized_exact,KKR AND,Kilroy Realty Corporation,Acquisition of Asset or Branch,1080.0,1080.0,Completed,Real Estate Operating and Management,USA
SPTRD1809174,2021-03-08,2021-09-30,"dMY Technology Group, Inc. III",,no_match,DMY TECHNOLOGY III,"IonQ, Inc.",IONQ,normalized_exact,IONQ,"dMY Sponsor III, LLC",Acquisition of Whole Company (incl. Majority Stake),1591.844086,1591.844086,Completed,Asset Management,USA
SPTRD1808118,2021-03-05,2021-08-27,Good Works Acquisition Corp.,,no_match,GOOD WORKS ACQUISITION,Cipher Mining Inc.,,no_match,CIPHER MINING,,Acquisition of Whole Company (incl. Majority Stake),2000.0,2000.0,Completed,Asset Management,USA
SPTRD1807892,2021-03-04,2021-04-16,"Five Prime Therapeutics, Inc.",,no_match,FIVE PRIME THERAPEUTICS,Amgen Inc.,AMGN,normalized_exact,AMGEN,Bristol-Myers Squibb Company,Acquisition of Whole Company (incl. Majority Stake),1651.86451,1891.68951,Completed,Biotechnology,USA
SPTRD1807861,2021-03-04,2021-04-16,Reinvent Technology Partners Z,,no_match,REINVENT TECHNOLOGY PARTNERS Z,Hippo Enterprises Inc.,,no_match,HIPPO ENTERPRISES,,Acquisition of Whole Company (incl. Majority Stake),5100.0,,Completed,Asset Management,USA
SPTRD1807872,2021-03-04,2021-09-09,Sustainable Opportunities Acquisition Corp.,,no_match,SUSTAINABLE OPPORTUNITIES ACQUISITION,TMC the metals company Inc.,TMC,normalized_exact,TMC METALS,Investor Group,Acquisition of Whole Company (incl. Majority Stake),1962.141087,1962.141087,Completed,Asset Management,USA
SPTRD1807697,2021-03-03,2021-05-03,"Auth0, Inc.*",,no_match,AUTH0,"Okta, Inc.",OKTA,normalized_exact,OKTA,Investor Group,Acquisition of Whole Company (incl. Majority Stake),6408.0,6500.0,Completed,Application Software,USA
SPTRD1807606,2021-03-03,2021-04-15,"Michaels Companies, Inc.",,no_match,MICHAELS,"Apollo Global Management, Inc.",APO,normalized_exact,APOLLO GLOBAL MANAGEMENT,,Acquisition of Whole Company (incl. Majority Stake),3222.99747,3222.99747,Completed,Other Specialty Retail,USA
SPTRD1809579,2021-03-03,2022-02-23,Operating Assets of Las Vegas Business of Las Vegas Sands Corp.*,,no_match,OPERATING ASSETS OF LAS VEGAS BUSINESS OF LAS VEGAS SANDS,"Apollo Global Management, Inc.",APO,normalized_exact,APOLLO GLOBAL MANAGEMENT,Investor Group,Acquisition of Asset or Branch,2250.0,2250.0,Completed,Real Estate Operating and Management,USA
SPTRD1809574,2021-03-03,2022-02-23,"Real Estate Assets Associated with Venetian Resort Las Vegas, Sands Expo and Con",,no_match,REAL ESTATE ASSETS ASSOCIATED WITH VENETIAN RESORT LAS VEGAS SANDS EXPO AND CON,VICI Properties L.P.,VICI,normalized_exact,VICI PROPERTIES,Las Vegas Sands Corp.,Acquisition of Asset or Branch,4000.0,4000.0,Completed,Real Estate Operating and Management,USA
SPTRD1911575,2021-03-03,2021-07-27,"Uplight, Inc.",,no_match,UPLIGHT,Investor group,,no_match,INVESTOR,Rubicon Technology Partners,Acquisition of Whole Company (incl. Majority Stake),1500.0,,Completed,Application Software,USA
SPTRD1807288,2021-03-02,2021-07-21,Ascendant Digital Acquisition Corp.,,no_match,ASCENDANT DIGITAL ACQUISITION,"Beacon Street Group, LLC",,no_match,BEACON STREET,Investor Group,Acquisition of Whole Company (incl. Majority Stake),2910.923,2910.923,Completed,Asset Management,USA
SPTRD1807463,2021-03-02,2021-07-28,Capitol Investment Corp. V,,no_match,CAPITOL INVESTMENT V,Doma Holdings Inc.,,no_match,DOMA,Investor Group,Acquisition of Whole Company (incl. Majority Stake),3115.71,3115.71,Completed,Asset Management,USA
SPTRD1807487,2021-03-02,2021-04-13,Thycotic Software Ltd*,,no_match,THYCOTIC SOFTWARE,Investor Group,,no_match,INVESTOR,"Insight Venture Management, LLC",Acquisition of Whole Company (incl. Majority Stake),1400.0,1400.0,Completed,Systems Software,USA
SPTRD1806984,2021-03-01,2021-07-02,"L-3 Link Simulation & Training / AMI Instruments / L3 Doss Aviation, Inc.",,no_match,3 LINK SIMULATION AND TRAINING AMI INSTRUMENTS L3 DOSS AVIATION,"CAE USA, Inc.",,no_match,CAE USA,"L3Harris Technologies, Inc.",Acquisition of Whole Company (incl. Majority Stake),1050.0,1050.0,Completed,Unclassified,USA
SPTRD1807114,2021-03-01,2021-08-16,"NavSight Holdings, Inc.",,no_match,NAVSIGHT,"Spire Global, Inc.",SPIR,normalized_exact,SPIRE GLOBAL,Investor Group,Acquisition of Whole Company (incl. Majority Stake),1182.0,1182.0,Completed,Asset Management,USA
SPTRD1806997,2021-03-01,2021-08-01,Performance Chemicals Business of PQ Group Holdings Inc.*,,no_match,PERFORMANCE CHEMICALS BUSINESS OF PQ,Investor Group,,no_match,INVESTOR,PQ Group Holdings Inc.,Acquisition of Asset or Branch,1100.0,1100.0,Completed,Specialty Chemicals,USA
SPTRD1806928,2021-03-01,2021-08-25,Vector Acquisition Corporation,,no_match,VECTOR ACQUISITION,"Rocket Lab USA, Inc.",,no_match,ROCKET LAB USA,Investor Group,Acquisition of Whole Company (incl. Majority Stake),1640.0,1640.0,Completed,Asset Management,USA
SPTRD1806732,2021-02-26,2021-04-19,"MDLIVE, Inc.",,no_match,MDLIVE,"Evernorth Health, Inc.",,no_match,EVERNORTH HEALTH,,Acquisition of Whole Company (incl. Majority Stake),2083.0,2083.0,Completed,Health Care Technology,USA
SPTRD1806519,2021-02-25,2021-04-01,"Pandion Therapeutics, Inc.",,no_match,PANDION THERAPEUTICS,Merck Sharp & Dohme Corp.,,no_match,MERCK SHARP AND DOHME,,Acquisition of Whole Company (incl. Majority Stake),1593.245655,1813.136655,Completed,Biotechnology,USA
SPTRD1806326,2021-02-24,2021-03-31,"Innovyze, Inc.*",,no_match,INNOVYZE,"Autodesk, Inc.",ADSK,normalized_exact,AUTODESK,EQT Partners AB,Acquisition of Whole Company (incl. Majority Stake),1038.3,1038.3,Completed,Application Software,USA
SPTRD1808264,2021-02-24,2021-02-24,North Star Portfolio,,no_match,NORTH STAR PORTFOLIO,Investor Group,,no_match,INVESTOR,ENP 2015 LLC,Acquisition of Asset or Branch,1750.0,1750.0,Completed,Real Estate Operating and Management,USA
SPTRD1806337,2021-02-24,2021-07-01,"PRA Health Sciences, Inc.",,no_match,PRA HEALTH SCIENCES,ICON Public Limited Company,,no_match,ICON PUBLIC,,Acquisition of Whole Company (incl. Majority Stake),12027.091663,11259.065663,Completed,Life Sciences Tools and Services,USA
SPTRD1806324,2021-02-24,2021-08-23,RMG Acquisition Corporation II,,no_match,RMG ACQUISITION II,ReNew Power Private Limited,,no_match,RENEW POWER PRIVATE,"RMG Sponsor II, LLC",Acquisition of Whole Company (incl. Majority Stake),3584.0,3584.0,Completed,"Holding Companies, Patent Owners, and Trusts or Estates",USA
SPTRD1806325,2021-02-24,2021-08-10,Reinvent Technology Partners,,no_match,REINVENT TECHNOLOGY PARTNERS,"Joby Aviation, Inc.",JOBY,normalized_exact,JOBY AVIATION,Investor Group,Acquisition of Whole Company (incl. Majority Stake),6567.05,6567.05,Completed,Asset Management,USA
SPTRD1806273,2021-02-24,2021-07-21,Revolution Acceleration Acquisition Corp,,no_match,REVOLUTION ACCELERATION ACQUISITION,"Berkshire Grey, Inc.",,no_match,BERKSHIRE GREY,Investor Group,Acquisition of Whole Company (incl. Majority Stake),2091.817114,2091.817114,Completed,Asset Management,USA
SPTRD1806193,2021-02-24,2021-07-12,"TheraPearl and Biofreeze of Performance Health, LLC",,no_match,THERAPEARL AND BIOFREEZE OF PERFORMANCE HEALTH,Reckitt Benckiser Group plc,,no_match,RECKITT BENCKISER,"Performance Health, LLC",Acquisition of Asset or Branch,1100.0,1100.0,Completed,Health Care Supplies,USA
SPTRD1805905,2021-02-23,2021-08-04,"Gores Holdings V, Inc.",,no_match,GORES V,Ardagh Metal Packaging S.A.,AMBP,normalized_exact,ARDAGH METAL PACKAGING S A,Gores Sponsor V LLC,Acquisition of Whole Company (incl. Majority Stake),5362.271827,5362.271827,Completed,Asset Management,USA
SPTRD1806345,2021-02-23,2021-07-14,one,,no_match,ONE,"MarkForged, Inc.",,no_match,MARKFORGED,,Acquisition of Whole Company (incl. Majority Stake),1936.35,1936.35,Completed,Asset Management,USA
SPTRD1805772,2021-02-22,2021-07-23,Churchill Capital Corp IV,,no_match,CHURCHILL CAPITAL IV,"Lucid Group, Inc.",LCID,normalized_exact,LUCID,Churchill Sponsor IV LLC,Acquisition of Whole Company (incl. Majority Stake),11750.0,,Completed,Asset Management,USA
SPTRD1805677,2021-02-22,2021-06-07,Cooper Tire & Rubber Company,,no_match,COOPER TIRE AND RUBBER,The Goodyear Tire & Rubber Company,GT,normalized_exact,GOODYEAR TIRE AND RUBBER,,Acquisition of Whole Company (incl. Majority Stake),3045.897402,3068.775402,Completed,Tires and Rubber,USA
SPTRD1805632,2021-02-22,2021-06-16,Fortress Value Acquisition Corp. II*,,no_match,FORTRESS VALUE ACQUISITION II,"ATI Physical Therapy, Inc.",,no_match,ATI PHYSICAL THERAPY,Fortress Acquisition Sponsor II LLC,Acquisition of Whole Company (incl. Majority Stake),1552.43,1552.43,Completed,Asset Management,USA
SPTRD1805748,2021-02-22,2022-03-18,"Hydro Conduit, LLC*",,no_match,HYDRO CONDUIT,"Quikrete Holdings, Inc.",,no_match,QUIKRETE,"Lone Star Americas Acquisitions, Inc.",Acquisition of Whole Company (incl. Majority Stake),2753.484808,1699.688808,Completed,Construction Materials,USA
SPTRD1819332,2021-02-22,2021-05-21,"MedRisk, LLC",,no_match,MEDRISK,CVC Capital Partners Limited,,no_match,CVC CAPITAL PARTNERS,Carlyle Group Inc.,Acquisition of Whole Company (incl. Majority Stake),1150.0,1150.0,Completed,Managed Care,USA
SPTRD1805704,2021-02-22,2021-08-20,NextGen Acquisition Corporation,,no_match,NEXTGEN ACQUISITION,"Xos, Inc.",XOS,normalized_exact,XOS,,Acquisition of Whole Company (incl. Majority Stake),1681.768,1681.768,Completed,Asset Management,USA
SPTRD1805606,2021-02-22,2022-04-01,"People's United Financial, Inc.",,no_match,PEOPLE S UNITED FINANCIAL,M&T Bank Corporation,MTB,normalized_exact,M AND T BANK,,Acquisition of Whole Company (incl. Majority Stake),7730.816,7730.816,Completed,Bank,USA
SPTRD1805742,2021-02-22,2021-07-14,Rodgers Silicon Valley Acquisition Corp.,,no_match,RODGERS SILICON VALLEY ACQUISITION,Enovix Corporation,ENVX,normalized_exact,ENOVIX,Investor Group,Acquisition of Whole Company (incl. Majority Stake),1653.75,1653.75,Completed,Asset Management,USA
SPTRD1805638,2021-02-22,2021-07-29,Starboard Value Acquisition Corp.*,,no_match,STARBOARD VALUE ACQUISITION,"CTI Liquidation Co., Inc.",,no_match,CTI LIQUIDATION,SVAC Sponsor LLC,Acquisition of Whole Company (incl. Majority Stake),1183.015,,Completed,Asset Management,USA
SPTRD1915483,2021-02-19,2021-11-01,"BA Sports Nutrition, LLC",,no_match,BA SPORTS NUTRITION,The Coca-Cola Company,KO,normalized_exact,COCA COLA,Investor Group,Acquisition of Whole Company (incl. Majority Stake),5600.0,5600.0,Completed,Soft Drinks and Non-alcoholic Beverages,USA
SPTRD1805108,2021-02-18,2021-09-09,Osprey Technology Acquisition Corp.,,no_match,OSPREY TECHNOLOGY ACQUISITION,BlackSky Technology Inc.,BKSY,normalized_exact,BLACKSKY TECHNOLOGY,Investor Group,Acquisition of Whole Company (incl. Majority Stake),1012.43919,1012.43919,Completed,Asset Management,USA
SPTRD1804880,2021-02-17,2021-08-16,CF Finance Acquisition Corp. III,,no_match,CF FINANCE ACQUISITION III,"US LADAR, Inc.",,no_match,US LADAR,Investor Group,Acquisition of Whole Company (incl. Majority Stake),1015.845752,1015.845752,Completed,Asset Management,USA
SPTRD1804820,2021-02-17,2021-12-02,"Enable Midstream Partners, LP",,no_match,ENABLE MIDSTREAM PARTNERS,Energy Transfer LP,ET,normalized_exact,ENERGY TRANSFER,,Acquisition of Whole Company (incl. Majority Stake),7496.609183,3115.609183,Completed,Oil and Gas Storage and Transportation,USA
SPTRD1804857,2021-02-17,2021-12-09,"Inteliquent, Inc.",,no_match,INTELIQUENT,Sinch AB (publ),,no_match,SINCH AB,"Onvoy, LLC",Acquisition of Whole Company (incl. Majority Stake),1140.0,1140.0,Completed,Alternative Carriers,USA
SPTRD1804591,2021-02-16,2021-05-17,Aegion Corporation*,,no_match,AEGION,"New Mountain Capital, LLC",,no_match,MOUNTAIN CAPITAL,,Acquisition of Whole Company (incl. Majority Stake),1154.17641,961.81941,Completed,Construction and Engineering,USA
SPTRD1804595,2021-02-16,2021-04-07,"AmeriHome Mortgage Company, LLC*",,no_match,AMERIHOME MORTGAGE,Western Alliance Bank,,no_match,WESTERN ALLIANCE BANK,"Apollo Global Management, Inc.",Acquisition of Whole Company (incl. Majority Stake),1220.0,1220.0,Completed,Mortgage Banks and Brokers,USA
SPTRD1804671,2021-02-16,2021-03-31,"BlueTriton Brands Holdings, Inc.*",,no_match,BLUETRITON BRANDS,Investor Group,,no_match,INVESTOR,Nestlé S.A.,Acquisition of Whole Company (incl. Majority Stake),4300.0,4300.0,Completed,Soft Drinks and Non-alcoholic Beverages,USA
SPTRD1804619,2021-02-16,2021-02-16,Born Inc.,,no_match,BORN,"Alkeon Creators, Inc.",,no_match,ALKEON CREATORS,,Acquisition of Whole Company (incl. Majority Stake),1539.158588,,Completed,Health Care Technology,USA
SPTRD1804583,2021-02-16,2021-10-04,Process & Motion Control Segment of Rexnord Corporation,,no_match,PROCESS AND MOTION CONTROL SEGMENT OF REXNORD,Regal Beloit Corporation,,no_match,REGAL BELOIT,Rexnord Corporation,Acquisition of Asset or Branch,4320.152334,3877.152334,Completed,Machinery and Supplies and Components: Industrial,USA
SPTRD1804269,2021-02-15,2021-05-03,"Hargray Communications Group, Inc.*",,no_match,HARGRAY COMMUNICATIONS,"Cable One, Inc.",CABO,normalized_exact,CABLE ONE,Investor group,Acquisition of Whole Company (incl. Majority Stake),1971.266,1971.266,Completed,Alternative Carriers,USA
SPTRD1804163,2021-02-14,2021-08-03,"Emerald Kalama Chemical, LLC*",,no_match,EMERALD KALAMA CHEMICAL,LANXESS Aktiengesellschaft,,no_match,LANXESS AKTIENGESELLSCHAFT,American Securities LLC,Acquisition of Whole Company (incl. Majority Stake),1075.0,1040.0,Completed,Specialty Chemicals,USA
SPTRD1804829,2021-02-12,2021-06-25,Artius Acquisition Inc.,,no_match,ARTIUS ACQUISITION,"Micromidas, Inc.",,no_match,MICROMIDAS,Artius Acquisition Partners LLC,Acquisition of Whole Company (incl. Majority Stake),1444.982,1444.982,Completed,Asset Management,USA
SPTRD1804010,2021-02-12,2022-07-01,"Coherent, Inc.",COHR,normalized_exact,COHERENT,II-VI Incorporated,,no_match,II VI,,Acquisition of Whole Company (incl. Majority Stake),6775.13981,6694.65581,Completed,Electronic Equipment and Instruments,USA
SPTRD1803977,2021-02-12,2021-07-01,Falcon Capital Acquisition Corp.,,no_match,FALCON CAPITAL ACQUISITION,"Sharecare, Inc.",,no_match,SHARECARE,,Acquisition of Whole Company (incl. Majority Stake),4412.155,4412.155,Completed,Asset Management,USA
SPTRD1803949,2021-02-12,2021-09-22,Fusion Acquisition Corp.,,no_match,FUSION ACQUISITION,"Moneylion, Inc.",,no_match,MONEYLION,,Acquisition of Whole Company (incl. Majority Stake),2400.0,,Completed,Asset Management,USA
SPTRD1803749,2021-02-11,2021-07-30,Nebula Caravel Acquisition Corp.*,,no_match,NEBULA CARAVEL ACQUISITION,"A Place for Rover, Inc.",,no_match,A PLACE FOR ROVER,Investor Group,Acquisition of Whole Company (incl. Majority Stake),1597.5,1597.5,Completed,Asset Management,USA
SPTRD1803730,2021-02-11,2021-06-07,Nuts Business of The Kraft Heinz Company,,no_match,NUTS BUSINESS OF KRAFT HEINZ,Hormel Foods Corporation,HRL,normalized_exact,HORMEL FOODS,The Kraft Heinz Company,Acquisition of Asset or Branch,3350.0,3350.0,Completed,Packaged Foods and Meats Producers,USA
SPTRD1803494,2021-02-10,2021-09-16,Atlas Crest Investment Corp.,,no_match,ATLAS CREST INVESTMENT,Archer Aviation Inc.,ACHR,normalized_exact,ARCHER AVIATION,,Acquisition of Whole Company (incl. Majority Stake),2824.05,2824.05,Completed,Asset Management,USA
SPTRD1803444,2021-02-10,2021-06-25,Forest Road Acquisition Corp.,,no_match,FOREST ROAD ACQUISITION,"The Beachbody Company Group, LLC",BODI,normalized_exact,BEACHBODY,Forest Road Acquisition Sponsor LLC,Acquisition of Whole Company (incl. Majority Stake),2621.136,2621.136,Completed,Asset Management,USA
SPTRD1803480,2021-02-10,2021-04-21,NIC Inc.,,no_match,NIC,"Tyler Technologies, Inc.",TYL,normalized_exact,TYLER TECHNOLOGIES,,Acquisition of Whole Company (incl. Majority Stake),2328.034128,2328.034128,Completed,Payment Processors,USA
SPTRD1803460,2021-02-09,2021-07-22,"CM Life Sciences, Inc.",,no_match,CM LIFE SCIENCES,Sema4 Holdings Corp.,,no_match,SEMA4,CMLS Holdings LLC,Acquisition of Whole Company (incl. Majority Stake),2384.73105,,Completed,Asset Management,USA
SPTRD1803109,2021-02-09,2021-07-16,Decarbonization Plus Acquisition Corporation,,no_match,DECARBONIZATION PLUS ACQUISITION,Hyzon Motors Inc.,,no_match,HYZON MOTORS,Investor Group,Acquisition of Whole Company (incl. Majority Stake),1929.21102,1929.21102,Completed,Asset Management,USA
SPTRD1802864,2021-02-08,2021-06-09,ARYA Sciences Acquisition Corp III,,no_match,ARYA SCIENCES ACQUISITION III,"Nautilus Biotechnology, Inc.",NAUT,normalized_exact,NAUTILUS BIOTECHNOLOGY,ARYA Sciences Holdings III,Acquisition of Whole Company (incl. Majority Stake),1018.83206,,Completed,Asset Management,USA
SPTRD1802855,2021-02-08,2021-05-25,Cubic Corporation*,,no_match,CUBIC,Investor Group,,no_match,INVESTOR,,Acquisition of Whole Company (incl. Majority Stake),3357.1783,2409.6363,Completed,Aerospace and Defense,USA
SPTRD1802917,2021-02-08,2021-04-29,Glu Mobile Inc.*,,no_match,GLU MOBILE,Electronic Arts Inc.,EA,normalized_exact,ELECTRONIC ARTS,Investor Group,Acquisition of Whole Company (incl. Majority Stake),1983.022155,2308.160155,Completed,Interactive Home Entertainment,USA
SPTRD1802894,2021-02-08,2021-07-22,"Gores Holdings VI, Inc.",,no_match,GORES VI,"Matterport, Inc.",,no_match,MATTERPORT,Investor Group,Acquisition of Whole Company (incl. Majority Stake),2947.065,2947.065,Completed,"Holding Companies, Patent Owners, and Trusts or Estates",USA
SPTRD1802849,2021-02-08,2021-08-26,Tortoise Acquisition Corp. II,,no_match,TORTOISE ACQUISITION II,Volta Inc.,,no_match,VOLTA,Investor Group,Acquisition of Whole Company (incl. Majority Stake),1677.0,1677.0,Completed,Asset Management,USA
SPTRD1802505,2021-02-05,2021-04-30,"SpotX, Inc.",,no_match,SPOTX,"Magnite, Inc.",MGNI,normalized_exact,MAGNITE,RTL Group S.A.,Acquisition of Whole Company (incl. Majority Stake),1141.159758,1141.159758,Completed,Interactive Media and Services,USA
SPTRD1802206,2021-02-04,2021-06-04,"CoreLogic, Inc.*",,no_match,CORELOGIC,Investor group,,no_match,INVESTOR,,Acquisition of Whole Company (incl. Majority Stake),7518.40152,5860.50252,Completed,Financial Media and Data Solutions,USA
SPTRD1802201,2021-02-04,2021-06-16,VG Acquisition Corp.,,no_match,VG ACQUISITION,23andMe Holding Co.,,no_match,23ANDME,VG Acquisition Sponsor LLC,Acquisition of Whole Company (incl. Majority Stake),5779.01952,5779.01952,Completed,Asset Management,USA
SPTRD1801864,2021-02-03,2021-07-22,10X Capital Venture Acquisition Corp*,,no_match,10X CAPITAL VENTURE ACQUISITION,REE Automotive Ltd.,REE,normalized_exact,REE AUTOMOTIVE,Investor Group,Acquisition of Whole Company (incl. Majority Stake),3282.960532,3282.960532,Completed,Asset Management,USA
SPTRD1801887,2021-02-03,2021-06-25,FTAC Olympus Acquisition Corp.*,,no_match,FTAC OLYMPUS ACQUISITION,Payoneer Inc.,,no_match,PAYONEER,,Acquisition of Whole Company (incl. Majority Stake),3118.072425,3118.072425,Completed,Asset Management,USA
SPTRD1801746,2021-02-03,2021-04-06,"The Gearbox Entertainment Company, Inc.",,no_match,GEARBOX ENTERTAINMENT,Embracer Group AB (publ),,no_match,EMBRACER AB,,Acquisition of Whole Company (incl. Majority Stake),1488.866011,1488.866011,Completed,Interactive Home Entertainment,USA
SPTRD1801529,2021-02-02,2021-10-13,"Drizly, Inc.",,no_match,DRIZLY,"Uber Technologies, Inc.",UBER,normalized_exact,UBER TECHNOLOGIES,,Acquisition of Whole Company (incl. Majority Stake),1100.0,1100.0,Completed,Application Software,USA
SPTRD1801473,2021-02-02,2021-06-30,Holicity Inc.,,no_match,HOLICITY,"Astra Space, Inc.",,no_match,ASTRA SPACE,Investor Group,Acquisition of Whole Company (incl. Majority Stake),2030.0,2030.0,Completed,Asset Management,USA
SPTRD1801206,2021-02-01,2021-06-21,Acies Acquisition Corp.,,no_match,ACIES ACQUISITION,"PLAYSTUDIOS, Inc.",MYPS,normalized_exact,PLAYSTUDIOS,,Acquisition of Whole Company (incl. Majority Stake),1127.0,1127.0,Completed,Asset Management,USA
SPTRD1801252,2021-02-01,2021-03-31,"Interior Logic Group Holdings, LLC",,no_match,INTERIOR LOGIC,Blackstone Group Inc.,BX,normalized_exact,BLACKSTONE,Investor group,Acquisition of Whole Company (incl. Majority Stake),1600.0,,Completed,Diversified Support Services,USA
SPTRD1823630,2021-02-01,2021-02-01,"InvestCloud, Inc.",,no_match,INVESTCLOUD,Investor group,,no_match,INVESTOR,,Acquisition of Whole Company (incl. Majority Stake),1000.0,1000.0,Completed,Investment and Capital Markets Technology,USA
SPTRD1801299,2021-02-01,2021-08-26,Kismet Acquisition One Corp,,no_match,KISMET ACQUISITION ONE,Nexters Inc.,,no_match,NEXTERS,Kismet Sponsor Limited,Acquisition of Whole Company (incl. Majority Stake),2120.9775,2120.9775,Completed,Asset Management,USA
SPTRD1801130,2021-02-01,2021-03-15,"Viela Bio, Inc.*",,no_match,VIELA BIO,"Horizon Therapeutics USA, Inc.",,no_match,HORIZON THERAPEUTICS USA,Investor Group,Acquisition of Whole Company (incl. Majority Stake),2676.198442,3052.416442,Completed,Biotechnology,USA
SPTRD1948269,2021-01-29,2021-09-20,TPG Pace Tech Opportunities Corp.,,no_match,TPG PACE TECH OPPORTUNITIES,"Nerdy, Inc.",NRDY,normalized_exact,NERDY,TPG Inc.,Acquisition of Whole Company (incl. Majority Stake),1700.0,,Completed,Asset Management,USA
SPTRD1800882,2021-01-29,2021-03-17,Trippe Manufacturing Company,,no_match,TRIPPE MANUFACTURING,Eaton Corporation plc,ETN,normalized_exact,EATON,,Acquisition of Whole Company (incl. Majority Stake),1651.0,,Completed,Electrical Components and Equipment: Light,USA
SPTRD1800726,2021-01-28,2022-12-22,"Duke Energy Indiana, LLC",,no_match,DUKE ENERGY INDIANA,EPSOM Investment Pte. Ltd.,,no_match,EPSOM INVESTMENT PTE,Duke Energy Corporation,Acquisition of Minority Stake,2050.0,2050.0,Completed,Electric Utilities,USA
SPTRD1800506,2021-01-28,2021-07-21,Property Solutions Acquisition Corp.,,no_match,PROPERTY SOLUTIONS ACQUISITION,Faraday&Future Inc.,,no_match,FARADAY AND FUTURE,,Acquisition of Whole Company (incl. Majority Stake),3251.3,3251.3,Completed,Asset Management,USA
SPTRD1800374,2021-01-27,2021-05-28,Great American Life Insurance Company,,no_match,GREAT AMERICAN LIFE INSURANCE,Massachusetts Mutual Life Insurance Company,,no_match,MASSACHUSETTS MUTUAL LIFE INSURANCE,"American Financial Group, Inc.",Acquisition of Whole Company (incl. Majority Stake),3500.0,3500.0,Completed,Life and Health,USA
SPTRD1800281,2021-01-27,2021-05-06,Perspecta Inc.*,,no_match,PERSPECTA,Peraton Corporation,,no_match,PERATON,,Acquisition of Whole Company (incl. Majority Stake),6567.785498,4160.785498,Completed,IT Consulting and Other Services,USA
SPTRD1800014,2021-01-26,2021-11-01,Allstate Life Insurance Company*,,no_match,ALLSTATE LIFE INSURANCE,The Blackstone Group Inc.,BX,normalized_exact,BLACKSTONE,The Allstate Corp.,Acquisition of Whole Company (incl. Majority Stake),4250.0,4250.0,Completed,Life and Health,USA
SPTRD1799931,2021-01-26,2021-04-01,"Exeter Property Group, LLC*",,no_match,EXETER PROPERTY,EQT AB (publ),,no_match,EQT AB,Investor group,Acquisition of Whole Company (incl. Majority Stake),2167.575457,2167.575457,Completed,Asset Management,USA
SPTRD1799767,2021-01-25,2021-07-02,Foley Trasimene Acquisition Corp.*,,no_match,FOLEY TRASIMENE ACQUISITION,Alight Solutions LLC,,no_match,ALIGHT SOLUTIONS,,Acquisition of Whole Company (incl. Majority Stake),3405.021912,3405.021912,Completed,"Holding Companies, Patent Owners, and Trusts or Estates",USA
SPTRD1799696,2021-01-25,2021-06-29,ION Acquisition Corp 1 Ltd.,,no_match,ION ACQUISITION 1,Taboola.com Ltd.,TBLA,normalized_exact,TABOOLA COM,Investor Group,Acquisition of Whole Company (incl. Majority Stake),2550.6195,2550.6195,Completed,Asset Management,USA
SPTRD1799646,2021-01-25,2021-06-04,TS Innovation Acquisitions Corp.,,no_match,TS INNOVATION ACQUISITIONS,"Latch, Inc.",,no_match,LATCH,"TS Innovation Acquisitions Sponsor, L.L.C.",Acquisition of Whole Company (incl. Majority Stake),1036.0,,Completed,Asset Management,USA
SPTRD1799350,2021-01-22,2021-07-01,Climate Change Crisis Real Impact I Acquisition Corporation,,no_match,CLIMATE CHANGE CRISIS REAL IMPACT I ACQUISITION,"EVgo, Inc.",EVGO,normalized_exact,EVGO,Investor Group,Acquisition of Whole Company (incl. Majority Stake),2611.972,2611.972,Completed,Asset Management,USA
SPTRD1798995,2021-01-21,2021-06-28,"tastytrade, Inc.*",,no_match,TASTYTRADE,IG Group Holdings Plc,,no_match,IG,Investor group,Acquisition of Whole Company (incl. Majority Stake),1052.233761,1052.233761,Completed,Financial Media and Data Solutions,USA
SPTRD1798796,2021-01-20,2021-06-30,Talcott Resolution Life Insurance Company*,,no_match,TALCOTT RESOLUTION LIFE INSURANCE,Sixth Street Partners,,no_match,SIXTH STREET PARTNERS,Investor group,Acquisition of Whole Company (incl. Majority Stake),1734.0,1734.0,Completed,Life and Health,USA
SPTRD1798364,2021-01-19,2021-02-26,"Wrangler Topco, LLC*",,no_match,WRANGLER TOPCO,"Citrix Systems, Inc.",,no_match,CITRIX SYSTEMS,"Vista Equity Partners Management, LLC",Acquisition of Whole Company (incl. Majority Stake),2250.0,2250.0,Completed,Technology Distributors,USA
SPTRD1797510,2021-01-14,2021-05-14,Atlantic Power Corporation*,,no_match,ATLANTIC POWER,"I Squared Capital Advisors, LLC",,no_match,I SQUARED CAPITAL ADVISORS,,Acquisition of Whole Company (incl. Majority Stake),1269.239485,283.83286,Completed,Independent Power Producers and Energy Traders,USA
SPTRD1797072,2021-01-13,2021-06-22,Hudson Executive Investment Corp.,,no_match,HUDSON EXECUTIVE INVESTMENT,Groop Internet Platform Inc.,,no_match,GROOP INTERNET PLATFORM,,Acquisition of Whole Company (incl. Majority Stake),1611.4,1611.4,Completed,Asset Management,USA
SPTRD1797116,2021-01-13,2021-03-16,"NuVia, Inc.*",,no_match,NUVIA,"Qualcomm Technologies, Inc.",,no_match,QUALCOMM TECHNOLOGIES,Investor Group,Acquisition of Whole Company (incl. Majority Stake),1400.0,,Completed,Semiconductors,USA
SPTRD1796808,2021-01-12,2021-06-14,ArcLight Clean Transition Corp.,,no_match,ARCLIGHT CLEAN TRANSITION,Proterra Inc.,,no_match,PROTERRA,,Acquisition of Whole Company (incl. Majority Stake),2025.65167,,Completed,Asset Management,USA
SPTRD1796836,2021-01-12,2021-06-02,Cantel Medical LLC,,no_match,CANTEL MEDICAL,STERIS plc,STE,normalized_exact,STERIS,Investor Group,Acquisition of Whole Company (incl. Majority Stake),4421.077413,3807.401413,Completed,Health Care Equipment,USA
SPTRD1796356,2021-01-11,2021-06-21,Cardtronics plc*,,no_match,CARDTRONICS,NCR Corporation,,no_match,NCR,,Acquisition of Whole Company (incl. Majority Stake),2525.13975,1873.62075,Completed,Payments Infrastructure,USA
SPTRD1796428,2021-01-11,2021-10-15,VPC Impact Acquisition Holdings,,no_match,VPC IMPACT ACQUISITION,"Bakkt Holdings, Inc.",BKKT,normalized_exact,BAKKT,Investor Group,Acquisition of Whole Company (incl. Majority Stake),1969.572,1969.572,Completed,Asset Management,USA
SPTRD1796052,2021-01-08,2021-07-16,GX Acquisition Corp.,,no_match,GX ACQUISITION,Celularity Inc.,CELU,normalized_exact,CELULARITY,,Acquisition of Whole Company (incl. Majority Stake),1692.789804,1692.789804,Completed,Asset Management,USA
SPTRD1795465,2021-01-07,2021-03-31,"Firestone Building Products Company, LLC",,no_match,FIRESTONE BUILDING PRODUCTS,Holcim Participations (US) Inc.,,no_match,HOLCIM PARTICIPATIONS,"Bridgestone Americas, Inc.",Acquisition of Whole Company (incl. Majority Stake),3400.0,3400.0,Completed,Building Products,USA
SPTRD1795723,2021-01-07,2021-05-28,Social Capital Hedosophia Holdings Corp. V,,no_match,SOCIAL CAPITAL HEDOSOPHIA V,"Social Finance, Inc.",,no_match,SOCIAL FINANCE,,Acquisition of Whole Company (incl. Majority Stake),12634.116496,12634.116496,Completed,Asset Management,USA
SPTRD1821018,2021-01-06,2022-10-03,Change Healthcare Inc.*,,no_match,CHANGE HEALTHCARE,"Optum, Inc.",,no_match,OPTUM,Investor group,Acquisition of Whole Company (incl. Majority Stake),13170.110505,8723.543505,Completed,Health Care Technology,USA
SPTRD1795210,2021-01-06,2021-06-01,"Majority of Alliance Healthcare Businesses of Walgreens Boots Alliance, Inc.",,no_match,MAJORITY OF ALLIANCE HEALTHCARE BUSINESSES OF WALGREENS BOOTS ALLIANCE,AmerisourceBergen Corporation,,no_match,AMERISOURCEBERGEN,"Walgreens Boots Alliance, Inc.",Acquisition of Asset or Branch,5890.037715,5890.037715,Completed,Health Care Distributors,USA
SPTRD1809969,2021-01-05,2021-01-29,Landmark Center Office and Retail Complex Near Fenway Park,,no_match,LANDMARK CENTER OFFICE AND RETAIL COMPLEX NEAR FENWAY PARK,"Alexandria Real Estate Equities, Inc.",ARE,normalized_exact,ALEXANDRIA REAL ESTATE EQUITIES,Investor Group,Acquisition of Asset or Branch,1520.0,1520.0,Completed,Real Estate Operating and Management,USA
SPTRD1878041,2021-01-05,2021-02-10,"Web.com Group, Inc.*",,no_match,WEB COM,Investor Group,,no_match,INVESTOR,"Siris Capital Group, LLC",Acquisition of Whole Company (incl. Majority Stake),2200.0,,Completed,Internet Services and Infrastructure,USA
SPTRD1794516,2021-01-04,2021-07-01,"Boston Private Financial Holdings, Inc.",,no_match,BOSTON PRIVATE FINANCIAL,SVB Financial Group,,no_match,SVB FINANCIAL,,Acquisition of Whole Company (incl. Majority Stake),1276.823567,1276.823567,Completed,Bank,USA
SPTRD1794472,2021-01-04,2021-05-14,"FLIR Systems, Inc.",,no_match,FLIR SYSTEMS,Teledyne Technologies Incorporated,TDY,normalized_exact,TELEDYNE TECHNOLOGIES,,Acquisition of Whole Company (incl. Majority Stake),8155.885117,7671.685117,Completed,Electronic Equipment and Instruments,USA
SPTRD1794525,2021-01-04,2022-01-04,"Magellan Health, Inc.",,no_match,MAGELLAN HEALTH,Centene Corporation,CNC,normalized_exact,CENTENE,,Acquisition of Whole Company (incl. Majority Stake),2571.146351,2571.146351,Completed,Managed Care,USA
SPTRD1794497,2020-12-31,2020-12-31,"Straight Smile, LLC",,no_match,STRAIGHT SMILE,DENTSPLY SIRONA Inc.,XRAY,normalized_exact,DENTSPLY SIRONA,,Acquisition of Whole Company (incl. Majority Stake),1072.0,1040.0,Completed,Health Care Equipment,USA
SPTRD1792888,2020-12-23,2020-12-31,US-based Metal Container Plants of Anheuser-Busch InBev*,,no_match,US BASED METAL CONTAINER PLANTS OF ANHEUSER BUSCH INBEV,"Apollo Global Management, Inc.",APO,normalized_exact,APOLLO GLOBAL MANAGEMENT,Anheuser-Busch InBev SA/NV,Acquisition of Asset or Branch,3000.0,3000.0,Completed,"Containers and Packaging: Metal, Glass, and Plastic",USA
SPTRD1792517,2020-12-22,2021-03-11,Colonnade Acquisition Corp.,,no_match,COLONNADE ACQUISITION,"Ouster, Inc.",OUST,normalized_exact,OUSTER,Colonnade Sponsor LLC,Acquisition of Whole Company (incl. Majority Stake),1624.5,1624.5,Completed,Asset Management,USA
SPTRD1792619,2020-12-22,2021-06-07,"Juniper Industrial Holdings, Inc.*",,no_match,JUNIPER INDUSTRIAL,"Janus International Group, LLC",JBI,normalized_exact,JANUS INTERNATIONAL,Investor Group,Acquisition of Whole Company (incl. Majority Stake),1235.2,1235.2,Completed,Asset Management,USA
SPTRD1792491,2020-12-22,2021-02-12,"Sparta Systems, Inc.*",,no_match,SPARTA SYSTEMS,Honeywell International Inc.,HON,normalized_exact,HONEYWELL INTERNATIONAL,"New Mountain Capital, LLC",Acquisition of Whole Company (incl. Majority Stake),1303.0,1303.0,Completed,Application Software,USA
SPTRD1792277,2020-12-21,2021-02-26,All Leasehold Interests and Related Assets of Guidon Operating LLC,,no_match,ALL LEASEHOLD INTERESTS AND RELATED ASSETS OF GUIDON OPERATING,Diamondback E&P LLC,,no_match,DIAMONDBACK E AND,Guidon Operating LLC,Acquisition of Asset or Branch,1112.5608,1112.5608,Completed,Oil and Gas Exploration and Production,USA
SPTRD1792184,2020-12-21,2021-04-01,HMS Holdings Corp.*,,no_match,HMS,Gainwell,,no_match,GAINWELL,,Acquisition of Whole Company (incl. Majority Stake),3435.659771,3383.311771,Completed,Health Care Technology,USA
SPTRD1793120,2020-12-21,2021-03-09,"NantKwest, Inc.",,no_match,NANTKWEST,"ImmunityBio, Inc.",IBRX,normalized_exact,IMMUNITYBIO,,Acquisition of Whole Company (incl. Majority Stake),2806.280227,,Completed,Biotechnology,USA
SPTRD1792269,2020-12-21,2021-03-31,"Oncology Business of Agios Pharmaceuticals, Inc.",,no_match,ONCOLOGY BUSINESS OF AGIOS PHARMACEUTICALS,Servier Pharmaceuticals LLC,,no_match,SERVIER PHARMACEUTICALS,"Agios Pharmaceuticals, Inc.",Acquisition of Asset or Branch,2000.0,2000.0,Completed,Health Care Services,USA
SPTRD1792282,2020-12-21,2021-03-17,"QEP Resources, Inc.",,no_match,QEP RESOURCES,"Diamondback Energy, Inc.",FANG,normalized_exact,DIAMONDBACK ENERGY,,Acquisition of Whole Company (incl. Majority Stake),2660.419841,1021.519841,Completed,Oil and Gas Exploration and Production,USA
SPTRD1792104,2020-12-21,2021-04-22,"RealPage, Inc.*",,no_match,REALPAGE,"Thoma Bravo, LLC",,no_match,THOMA BRAVO,,Acquisition of Whole Company (incl. Majority Stake),10239.505366,9512.838366,Completed,Application Software,USA
SPTRD1792417,2020-12-21,2021-01-21,"Specialty Building Products, LLC*",,no_match,SPECIALTY BUILDING PRODUCTS,"The Jordan Company, L.P.",,no_match,JORDAN,"Madison Dearborn Partners, LLC",Acquisition of Whole Company (incl. Majority Stake),1100.0,,Completed,Trading Companies and Distributors,USA
SPTRD1792731,2020-12-20,2021-02-17,"Acima Credit, LLC",,no_match,ACIMA CREDIT,"Rent-A-Center, Inc.",,no_match,RENT A CENTER,,Acquisition of Whole Company (incl. Majority Stake),1833.52,1833.52,Completed,Specialty Finance: Consumer Focused,USA
SPTRD1791635,2020-12-18,2021-02-09,"BioTelemetry, Inc.",,no_match,BIOTELEMETRY,Philips Holding USA Inc.,,no_match,PHILIPS USA,,Acquisition of Whole Company (incl. Majority Stake),2799.36946,2684.51546,Completed,Health Care Services,USA
SPTRD1791677,2020-12-18,2021-01-29,"Universal Music Group, Inc.",,no_match,UNIVERSAL MUSIC,Investor group,,no_match,INVESTOR,Vivendi SA,Acquisition of Minority Stake,3637.2453930000006,,Completed,Movies and Entertainment,USA
SPTRD1791680,2020-12-17,2021-06-01,Northern Star Acquisition Corp.,,no_match,NORTHERN STAR ACQUISITION,Bark & Co,,no_match,BARK AND,,Acquisition of Whole Company (incl. Majority Stake),1500.0,,Completed,Asset Management,USA
SPTRD1791139,2020-12-16,2021-04-06,New Providence Acquisition Corp.,,no_match,PROVIDENCE ACQUISITION,"AST SpaceMobile, Inc.",ASTS,normalized_exact,AST SPACEMOBILE,Investor Group,Acquisition of Whole Company (incl. Majority Stake),1330.25316,,Completed,Asset Management,USA
SPTRD1791199,2020-12-16,2021-04-01,Transurban Chesapeake assets,,no_match,TRANSURBAN CHESAPEAKE ASSETS,Investor Group,,no_match,INVESTOR,Transurban Group,Acquisition of Asset or Branch,2201.841843597,2201.841843597,Completed,Highways and Railtracks,USA
SPTRD1790728,2020-12-15,2021-06-10,"Thunder Bridge Acquisition II, Ltd.",,no_match,THUNDER BRIDGE ACQUISITION II,"indie Semiconductor, Inc.",INDI,normalized_exact,INDIE SEMICONDUCTOR,Thunder Bridge Acquisition II LLC,Acquisition of Whole Company (incl. Majority Stake),1042.0,1042.0,Completed,Asset Management,USA
SPTRD1790680,2020-12-14,2021-03-12,2.3 Million Square Foot Portfolio Of Lab Office Buildings*,,no_match,2 3 MILLION SQUARE FOOT PORTFOLIO OF LAB OFFICE BUILDINGS,Blackstone Property Partners Life Sciences,,no_match,BLACKSTONE PROPERTY PARTNERS LIFE SCIENCES,Brookfield Asset Management Inc.,Acquisition of Asset or Branch,3450.0,3450.0,Completed,Real Estate Operating and Management,USA
SPTRD1790142,2020-12-13,2021-04-06,"Pluralsight, LLC*",,no_match,PLURALSIGHT,Investor Group,,no_match,INVESTOR,Investor Group,Acquisition of Whole Company (incl. Majority Stake),4363.532814,4146.633814,Completed,Application Software,USA
SPTRD1790192,2020-12-13,2021-06-09,TCF Financial Corporation,,no_match,TCF FINANCIAL,Huntington Bancshares Incorporated,HBAN,normalized_exact,HUNTINGTON BANCSHARES,,Acquisition of Whole Company (incl. Majority Stake),7000.292313,7000.292313,Completed,Bank,USA
SPTRD1790130,2020-12-12,2021-07-21,"Alexion Pharmaceuticals, Inc.",,no_match,ALEXION PHARMACEUTICALS,AstraZeneca PLC,AZN,normalized_exact,ASTRAZENECA,Investor Group,Acquisition of Whole Company (incl. Majority Stake),41428.802301,42002.702301,Completed,Biotechnology,USA
SPTRD1876154,2020-12-11,2021-04-07,"Certain U.S. Property And Casualty Business Of Farmers Group, Inc.",,no_match,CERTAIN U S PROPERTY AND CASUALTY BUSINESS OF FARMERS,The Farmers Exchanges,,no_match,FARMERS EXCHANGES,Farmers Group Inc.,Acquisition of Asset or Branch,1510.0,1510.0,Completed,Multiline,USA
SPTRD1789804,2020-12-11,2021-03-31,Collective Growth Corporation,,no_match,COLLECTIVE GROWTH,Innoviz Technologies Ltd.,INVZ,normalized_exact,INNOVIZ TECHNOLOGIES,,Acquisition of Whole Company (incl. Majority Stake),1363.3125,,Completed,Asset Management,USA
SPTRD1789794,2020-12-11,2021-06-25,Forum Merger III Corporation,,no_match,FORUM MERGER III,"Electric Last Mile Solutions, Inc.",,no_match,ELECTRIC LAST MILE SOLUTIONS,Investor Group,Acquisition of Whole Company (incl. Majority Stake),1182.384,1182.384,Completed,Asset Management,USA
SPTRD1789637,2020-12-11,2021-04-07,Metropolitan Property and Casualty Insurance Company,,no_match,METROPOLITAN PROPERTY AND CASUALTY INSURANCE,"Farmers Group, Inc.",,no_match,FARMERS,"MetLife, Inc.",Acquisition of Asset or Branch,3940.0,3940.0,Completed,Property and Casualty,USA
SPTRD1790827,2020-12-10,2021-07-02,"GCL Investment Management, Inc.",,no_match,GCL INVESTMENT MANAGEMENT,Imola Acquisition Corporation,,no_match,IMOLA ACQUISITION,"Tianjin Tianhai Logistics Investment Management Co., Ltd.",Acquisition of Whole Company (incl. Majority Stake),1615.982546,1615.982546,Completed,Specialty Finance: Commercial Focused,USA
SPTRD1789728,2020-12-10,2020-12-31,Portfolio of 45 Ambulatory Surgery Centers in United States,,no_match,PORTFOLIO OF 45 AMBULATORY SURGERY CENTERS IN UNITED STATES,United Surgical Partners International Inc.,,no_match,UNITED SURGICAL PARTNERS INTERNATIONAL,"Surgical Center Development, Inc.",Acquisition of Asset or Branch,1118.0,1100.0,Completed,Health Care Facilities,USA
SPTRD1789590,2020-12-10,2021-06-16,Silver Spike Acquisition Corp.,,no_match,SILVER SPIKE ACQUISITION,"WM Technology, Inc.",,no_match,WM TECHNOLOGY,Investor Group,Acquisition of Whole Company (incl. Majority Stake),1359.49,,Completed,Asset Management,USA
SPTRD1789404,2020-12-09,2021-08-09,"Crunchyroll, Inc.",,no_match,CRUNCHYROLL,"Funimation Global Group, LLC",,no_match,FUNIMATION GLOBAL,AT&T Inc.,Acquisition of Whole Company (incl. Majority Stake),1237.0,1237.0,Completed,Movies and Entertainment,USA
SPTRD1789328,2020-12-09,2021-07-07,Ingram Micro Holding Corporation*,INGM,normalized_exact,INGRAM MICRO,"Platinum Equity, LLC",,no_match,PLATINUM EQUITY,"HNA Technology Co.,Ltd.",Acquisition of Whole Company (incl. Majority Stake),5900.0,5900.0,Completed,Technology Distributors,USA
SPTRD1789455,2020-12-09,2021-04-07,MTS Systems Corporation,,no_match,MTS SYSTEMS,Amphenol Corporation,APH,normalized_exact,AMPHENOL,,Acquisition of Whole Company (incl. Majority Stake),1648.803578,1167.343578,Completed,Electronic Equipment and Instruments,USA
SPTRD1789364,2020-12-09,2021-05-04,Vesper Healthcare Acquisition Corp.,,no_match,VESPER HEALTHCARE ACQUISITION,The HydraFacial Company,,no_match,HYDRAFACIAL,Investor Group,Acquisition of Whole Company (incl. Majority Stake),1050.0,1050.0,Completed,Asset Management,USA
SPTRD1788752,2020-12-07,2021-03-19,Anworth Mortgage Asset Corporation,,no_match,ANWORTH MORTGAGE ASSET,Ready Capital Corporation,RC,normalized_exact,READY CAPITAL,,Acquisition of Whole Company (incl. Majority Stake),2238.895601,297.932601,Completed,Mortgage REIT,USA
SPTRD1789110,2020-12-07,2021-02-01,Federal IT and Mission Support Services Business of Northrop Grumman Corporation*,,no_match,FEDERAL IT AND MISSION SUPPORT SERVICES BUSINESS OF NORTHROP GRUMMAN,Peraton Corporation,,no_match,PERATON,Northrop Grumman Corporation,Acquisition of Asset or Branch,3400.0,3400.0,Completed,Aerospace and Defense,USA
SPTRD1788753,2020-12-07,2021-04-14,SEACOR Holdings Inc.*,,no_match,SEACOR,"AIP, LLC",,no_match,AIP,,Acquisition of Whole Company (incl. Majority Stake),1181.783693,860.215693,Completed,Marine Transportation,USA
SPTRD1789224,2020-12-07,2021-01-19,Uber Advanced Technologies Group,,no_match,UBER ADVANCED TECHNOLOGIES,"Aurora Innovation, Inc.",AUR,normalized_exact,AURORA INNOVATION,"Uber Technologies, Inc.",Acquisition of Whole Company (incl. Majority Stake),1916.0,1916.0,Completed,Passenger Ground Transportation,USA
SPTRD1787913,2020-12-03,2021-04-01,Custom Truck/Utility One Source GP/Blackstone UOS Feeder Fund VI/Blackstone UOS*,,no_match,CUSTOM TRUCK ONE SOURCE GP UOS FEEDER FUND VI UOS,"Nesco Holdings II, Inc.",,no_match,NESCO II,Investor Group,Acquisition of Whole Company (incl. Majority Stake),1527.5,,Completed,Unclassified,USA
SPTRD1788209,2020-12-03,2020-12-30,FanDuel Inc.,,no_match,FANDUEL,Flutter Entertainment plc,FLUT,normalized_exact,FLUTTER ENTERTAINMENT,Fastball Holdings LLC,Acquisition of Minority Stake,4499.113826,4499.113826,Completed,Casinos and Gaming,USA
SPTRD1787851,2020-12-02,2021-05-19,Altimar Acquisition Corporation,,no_match,ALTIMAR ACQUISITION,Owl Rock Capital Group LLC & Dyal Capital Partners,,no_match,OWL ROCK CAPITAL AND DYAL CAPITAL PARTNERS,,Acquisition of Whole Company (incl. Majority Stake),12150.0,,Completed,Asset Management,USA
SPTRD1787750,2020-12-02,2021-04-30,"Waddell & Reed Financial, Inc.",,no_match,WADDELL AND REED FINANCIAL,Macquarie Asset Management. Inc.,,no_match,MACQUARIE ASSET MANAGEMENT,,Acquisition of Whole Company (incl. Majority Stake),1645.199225,1645.199225,Completed,Asset Management,USA
SPTRD1787259,2020-12-01,2021-02-01,"AeroCare Holdings, Inc.*",,no_match,AEROCARE,AdaptHealth Corp.,AHCO,normalized_exact,ADAPTHEALTH,Investor Group,Acquisition of Whole Company (incl. Majority Stake),2025.66,,Completed,Health Care Distributors,USA
SPTRD1787399,2020-12-01,2021-07-21,"Slack Technologies, LLC*",,no_match,SLACK TECHNOLOGIES,"salesforce.com, inc.",,no_match,SALESFORCE COM,Investor Group,Acquisition of Whole Company (incl. Majority Stake),27424.368716,28147.748716,Completed,Application Software,USA
SPTRD1787150,2020-11-30,2021-03-08,CF Finance Acquisition Corp. II,,no_match,CF FINANCE ACQUISITION II,"View, Inc.",,no_match,VIEW,Investor Group,Acquisition of Whole Company (incl. Majority Stake),1515.900736,1515.900736,Completed,Asset Management,USA
SPTRD1787108,2020-11-30,2020-12-23,Ennis-Flint Inc.*,,no_match,ENNIS FLINT,"PPG Industries, Inc.",PPG,normalized_exact,PPG INDUSTRIES,"Olympus Advisors, LLC",Acquisition of Whole Company (incl. Majority Stake),1150.0,,Completed,Specialty Chemicals,USA
SPTRD1788599,2020-11-30,2020-12-02,"Gainsight, Inc.*",,no_match,GAINSIGHT,"Vista Equity Partners Management, LLC",,no_match,VISTA EQUITY PARTNERS MANAGEMENT,Battery Ventures,Acquisition of Whole Company (incl. Majority Stake),1100.0,1100.0,Completed,Application Software,USA
SPTRD1787166,2020-11-30,2021-03-01,"International business segment of CDK Global, Inc.*",,no_match,INTERNATIONAL BUSINESS SEGMENT OF CDK GLOBAL,"Francisco Partners Management, L.P.",,no_match,FRANCISCO PARTNERS MANAGEMENT,"CDK Global, Inc.",Acquisition of Asset or Branch,1450.0,1450.0,Completed,Application Software,USA
SPTRD1787232,2020-11-30,2022-02-15,"Kustomer, Inc.",,no_match,KUSTOMER,"Facebook, Inc.",,no_match,FACEBOOK,,Acquisition of Whole Company (incl. Majority Stake),1000.0,1000.0,Completed,Application Software,USA
SPTRD1787473,2020-11-30,2021-05-06,Northern Genesis Acquisition Corp.*,,no_match,NORTHERN GENESIS ACQUISITION,The Lion Electric Company,,no_match,LION ELECTRIC,Investor Group,Acquisition of Whole Company (incl. Majority Stake),1676.24207,,Completed,Asset Management,USA
SPTRD1800996,2020-11-24,2021-06-16,FS KKR Capital Corp. II,,no_match,FS KKR CAPITAL II,FS KKR Capital Corp.,FSK,normalized_exact,FS KKR CAPITAL,,Acquisition of Whole Company (incl. Majority Stake),3642.210719,3642.210719,Completed,Investment and Business Development Companies,USA
SPTRD1785973,2020-11-23,2021-02-01,"Aperio Group, LLC*",,no_match,APERIO,"BlackRock, Inc.",BLK,normalized_exact,BLACKROCK,"Golden Gate Private Equity, Inc.",Acquisition of Whole Company (incl. Majority Stake),1100.0,1100.0,Completed,Asset Management,USA
SPTRD1786281,2020-11-23,2021-07-01,Apex Technology Acquisition Corporation,,no_match,APEX TECHNOLOGY ACQUISITION,"AvePoint, Inc.",AVPT,normalized_exact,AVEPOINT,,Acquisition of Whole Company (incl. Majority Stake),1746.615682,1746.615682,Completed,Asset Management,USA
SPTRD1785166,2020-11-20,2021-02-12,Longview Acquisition Corp.,,no_match,LONGVIEW ACQUISITION,"Butterfly Network, Inc.",BFLY,normalized_exact,BUTTERFLY NETWORK,"Glenview Capital Management, LLC",Acquisition of Whole Company (incl. Majority Stake),1275.884,,Completed,Asset Management,USA
SPTRD1784997,2020-11-19,2020-12-30,"ECI Software Solutions, Inc.*",,no_match,ECI SOFTWARE SOLUTIONS,Investor Group,,no_match,INVESTOR,Investor Group,Acquisition of Whole Company (incl. Majority Stake),2500.0,,Completed,Application Software,USA
SPTRD1784516,2020-11-18,2021-03-21,CIIG Merger Corp.,,no_match,CIIG MERGER,Arrival,,no_match,ARRIVAL,,Acquisition of Whole Company (incl. Majority Stake),5738.72625,,Completed,Asset Management,USA
SPTRD1784156,2020-11-17,2020-11-19,"LendingTree, Inc.",TREE,normalized_exact,LENDINGTREE,Undisclosed buyer,,no_match,UNDISCLOSED BUYER,"GCI Liberty, Inc.",Acquisition of Minority Stake,1007.0,1007.0,Completed,Digital Lending,USA
SPTRD1783829,2020-11-16,2021-06-01,"BBVA USA Bancshares, Inc.",,no_match,BBVA USA BANCSHARES,"PNC Financial Services Group, Inc.",PNC,normalized_exact,PNC FINANCIAL SERVICES,"Banco Bilbao Vizcaya Argentaria, SA",Acquisition of Whole Company (incl. Majority Stake),11566.74,11566.74,Completed,Bank,USA
SPTRD1783915,2020-11-16,2020-12-24,"HD Supply Holdings, Inc.",,no_match,HD SUPPLY,"The Home Depot, Inc.",HD,normalized_exact,HOME DEPOT,,Acquisition of Whole Company (incl. Majority Stake),8000.41981,8795.11981,Completed,Trading Companies and Distributors,USA
SPTRD1783830,2020-11-15,2021-01-29,"Foundation Building Materials, Inc.*",,no_match,FOUNDATION BUILDING MATERIALS,American Securities LLC,,no_match,AMERICAN SECURITIES,"Lone Star Americas Acquisitions, Inc.",Acquisition of Whole Company (incl. Majority Stake),1422.581244,855.696244,Completed,Trading Companies and Distributors,USA
SPTRD1783713,2020-11-13,2021-07-23,Tuscan Holdings Corp.,,no_match,TUSCAN,"Microvast, Inc.",MVST,normalized_exact,MICROVAST,Investor Group,Acquisition of Whole Company (incl. Majority Stake),2355.2,2355.2,Completed,Asset Management,USA
SPTRD1783428,2020-11-12,2021-06-03,Jaws Acquisition Corp.*,,no_match,JAWS ACQUISITION,"Cano Health, LLC",,no_match,CANO HEALTH,Jaws Sponsor LLC,Acquisition of Whole Company (incl. Majority Stake),3516.3,,Completed,Asset Management,USA
SPTRD1782832,2020-11-10,2020-12-18,"Planview, Inc.*",,no_match,PLANVIEW,"TPG Capital, L.P.",,no_match,TPG CAPITAL,"Thoma Bravo, LLC",Acquisition of Whole Company (incl. Majority Stake),1600.0,1600.0,Completed,Application Software,USA
SPTRD1782379,2020-11-09,2020-12-30,Elizabeth River Crossings concession,,no_match,ELIZABETH RIVER CROSSINGS CONCESSION,Investor Group,,no_match,INVESTOR,Investor Group,Acquisition of Asset or Branch,2308.47,1181.47,Completed,Highways and Railtracks,USA
SPTRD1782469,2020-11-09,2020-12-23,"International-Matex Tank Terminals, Inc.*",,no_match,INTERNATIONAL MATEX TANK TERMINALS,Riverstone Holdings LLC,,no_match,RIVERSTONE,Macquarie Infrastructure Corporation,Acquisition of Whole Company (incl. Majority Stake),2670.0,1561.0,Completed,Oil and Gas Storage and Transportation,USA
SPTRD1782407,2020-11-09,2020-12-28,"Supreme Holdings, Inc.*",,no_match,SUPREME,V.F. Corporation,VFC,normalized_exact,V F,Investor Group,Acquisition of Whole Company (incl. Majority Stake),2400.0,,Completed,Leisure Products Producers,USA
SPTRD1796609,2020-11-09,,W. R. Grace & Co.,,no_match,W R GRACE AND,Standard Investments LLC,,no_match,STANDARD INVESTMENTS,,Acquisition of Whole Company (incl. Majority Stake),5389.21532,3661.31532,Announced,Specialty Chemicals,USA
SPTRD1782548,2020-11-09,2020-12-07,"Workfront, Inc.*",,no_match,WORKFRONT,Adobe Inc.,ADBE,normalized_exact,ADOBE,Investor Group,Acquisition of Whole Company (incl. Majority Stake),1524.0,1483.0,Completed,Application Software,USA
SPTRD1781987,2020-11-06,2020-12-08,"Emisphere Technologies, Inc.",,no_match,EMISPHERE TECHNOLOGIES,Novo Nordisk A/S,NVO,normalized_exact,NOVO NORDISK A S,IsZo Capital Management LP,Acquisition of Whole Company (incl. Majority Stake),1338.147,1338.147,Completed,Pharmaceuticals,USA
SPTRD1781598,2020-11-05,2020-12-23,"InSite Wireless Group, LLC",,no_match,INSITE WIRELESS,American Tower Corporation,AMT,normalized_exact,AMERICAN TOWER,,Acquisition of Whole Company (incl. Majority Stake),3500.0,,Completed,Wireless Telecommunication Services,USA
SPTRD1781627,2020-11-05,2020-12-18,"VelosBio, Inc.*",,no_match,VELOSBIO,"Merck & Co., Inc.",MRK,normalized_exact,MERCK AND,Investor Group,Acquisition of Whole Company (incl. Majority Stake),2696.0,,Completed,Biotechnology,USA
SPTRD1775461,2020-11-02,2021-03-01,"Cole Office & Industrial REIT (CCIT II), Inc.",,no_match,COLE OFFICE AND INDUSTRIAL REIT,"Griffin Capital Essential Asset REIT, Inc.",,no_match,GRIFFIN CAPITAL ESSENTIAL ASSET REIT,,Acquisition of Whole Company (incl. Majority Stake),1225.850242,831.773242,Completed,Diversified REIT,USA
SPTRD1775318,2020-11-02,2021-02-10,"Endurance International Group Holdings, Inc.*",,no_match,ENDURANCE INTERNATIONAL,"Clearlake Capital Group, L.P.",,no_match,CLEARLAKE CAPITAL,Investor Group,Acquisition of Whole Company (incl. Majority Stake),3078.316217,1495.654217,Completed,Internet Services and Infrastructure,USA
SPTRD1777069,2020-11-02,2021-03-12,InterPrivate Acquisition Corp.,,no_match,INTERPRIVATE ACQUISITION,"Aeva Technologies, Inc.",AEVA,normalized_exact,AEVA TECHNOLOGIES,InterPrivate Acquisition Management LLC,Acquisition of Whole Company (incl. Majority Stake),1496.430057,,Completed,Asset Management,USA
SPTRD1775376,2020-11-02,2020-11-02,"LLamasoft, Inc.*",,no_match,LLAMASOFT,Coupa Software Incorporated,,no_match,COUPA SOFTWARE,Investor Group,Acquisition of Whole Company (incl. Majority Stake),1398.289,,Completed,Application Software,USA
SPTRD1775281,2020-11-01,2021-08-19,"Astound Broadband, LLC*",,no_match,ASTOUND BROADBAND,Stonepeak Partners LP,,no_match,STONEPEAK PARTNERS,Investor group,Acquisition of Whole Company (incl. Majority Stake),8100.0,8100.0,Completed,Alternative Carriers,USA
SPTRD1775378,2020-11-01,2021-03-05,Nielsen Global Connect,,no_match,NIELSEN GLOBAL CONNECT,Investor group,,no_match,INVESTOR,Nielsen Holdings PLC,Acquisition of Whole Company (incl. Majority Stake),2700.0,2700.0,Completed,Research and Consulting Services,USA
SPTRD1775200,2020-10-30,2020-12-14,"Dunkin' Brands Group, Inc.*",,no_match,DUNKIN BRANDS,"Inspire Brands, Inc.",,no_match,INSPIRE BRANDS,,Acquisition of Whole Company (incl. Majority Stake),11750.828335,8935.785335,Completed,Restaurants,USA
SPTRD1775170,2020-10-30,2020-10-30,Freshly Inc.*,,no_match,FRESHLY,"Nestlé USA, Inc.",,no_match,NESTL USA,Investor Group,Acquisition of Whole Company (incl. Majority Stake),1500.0,1500.0,Completed,Packaged Foods and Meats Producers,USA
SPTRD1774907,2020-10-29,2021-04-20,Inphi Corporation,,no_match,INPHI,Marvell Technology Group Ltd.,MRVL,normalized_exact,MARVELL TECHNOLOGY,,Acquisition of Whole Company (incl. Majority Stake),10192.223967,9810.063967,Completed,Semiconductors,USA
SPTRD1774825,2020-10-28,2020-12-17,"Consumer Cellular, Inc.*",,no_match,CONSUMER CELLULAR,GTCR LLC,,no_match,GTCR,,Acquisition of Whole Company (incl. Majority Stake),2300.0,2300.0,Completed,Wireless Telecommunication Services,USA
SPTRD1774399,2020-10-27,2021-01-04,Thrive Earlier Detection Corp.*,,no_match,THRIVE EARLIER DETECTION,Exact Sciences Corporation,,no_match,EXACT SCIENCES,Investor Group,Acquisition of Whole Company (incl. Majority Stake),2275.239512,2275.239512,Completed,Biotechnology,USA
SPTRD1774382,2020-10-27,2022-02-14,"Xilinx, Inc.",,no_match,XILINX,"Advanced Micro Devices, Inc.",AMD,normalized_exact,ADVANCED MICRO DEVICES,Investor Group,Acquisition of Whole Company (incl. Majority Stake),45661.646176,47820.544176,Completed,Semiconductors,USA
SPTRD1774008,2020-10-26,2020-12-01,"Asklepios BioPharmaceutical, Inc.*",,no_match,ASKLEPIOS BIOPHARMACEUTICAL,Bayer Aktiengesellschaft,,no_match,BAYER AKTIENGESELLSCHAFT,Investor Group,Acquisition of Whole Company (incl. Majority Stake),4000.0,4000.0,Completed,Biotechnology,USA
SPTRD1774162,2020-10-26,2021-01-11,"Panther Purchaser, L.P.*",,no_match,PANTHER PURCHASER,"Francisco Partners Management, L.P.",,no_match,FRANCISCO PARTNERS MANAGEMENT,Raytheon Company,Acquisition of Whole Company (incl. Majority Stake),1100.0,1100.0,Completed,Systems Software,USA
SPTRD1774062,2020-10-25,2020-12-18,"Simply Storage Management, LLC",,no_match,SIMPLY STORAGE MANAGEMENT,"Blackstone Real Estate Income Trust, Inc.",,no_match,BLACKSTONE REAL ESTATE INCOME TRUST,Brookfield Asset Management Inc.,Acquisition of Whole Company (incl. Majority Stake),1200.0,1200.0,Completed,Self-Storage REIT,USA
SPTRD1773406,2020-10-21,2021-02-10,Panacea Acquisition Corp.,,no_match,PANACEA ACQUISITION,Nuvation Bio Inc.,NUVB,normalized_exact,NUVATION BIO,,Acquisition of Whole Company (incl. Majority Stake),1659.3612,,Completed,Asset Management,USA
SPTRD1773100,2020-10-20,2021-01-12,"Parsley Energy, Inc./Parsley Energy, LLC",,no_match,PARSLEY ENERGY ENERGY,Pioneer Natural Resources Company,,no_match,PIONEER NATURAL RESOURCES,"Q-Jagged Peak Energy Investment Partners, LLC",Acquisition of Whole Company (incl. Majority Stake),9953.537098,6853.537098,Completed,Oil and Gas Exploration and Production,USA
SPTRD1772789,2020-10-19,2021-01-15,Concho Resources Inc.,,no_match,CONCHO RESOURCES,ConocoPhillips,COP,normalized_exact,CONOCOPHILLIPS,,Acquisition of Whole Company (incl. Majority Stake),17173.811297,13719.811297,Completed,Oil and Gas Exploration and Production,USA
SPTRD1772702,2020-10-19,2021-01-11,Front Yard Residential Corporation,,no_match,FRONT YARD RESIDENTIAL,Investor group,,no_match,INVESTOR,,Acquisition of Whole Company (incl. Majority Stake),2498.716055,960.036055,Completed,Single-Family Residential REIT,USA
SPTRD1772848,2020-10-19,2021-01-12,South Mountain Merger Corp.,,no_match,SOUTH MOUNTAIN MERGER,BTRS Holdings Inc.,,no_match,BTRS,,Acquisition of Whole Company (incl. Majority Stake),1349.107178,,Completed,Asset Management,USA
SPTRD1772315,2020-10-16,2022-01-03,CIT Group Inc.,,no_match,CIT,"First Citizens BancShares, Inc.",FCNCA,normalized_exact,FIRST CITIZENS BANCSHARES,,Acquisition of Whole Company (incl. Majority Stake),5069.775686,5069.775686,Completed,Bank,USA
SPTRD1798408,2020-10-15,2020-11-20,"BioMed Realty Trust, Inc.*",,no_match,BIOMED REALTY TRUST,Investor group,,no_match,INVESTOR,,Acquisition of Whole Company (incl. Majority Stake),14600.0,14600.0,Completed,Office REIT,USA
SPTRD1772340,2020-10-15,2020-10-31,"Disarm Therapeutics, Inc.*",,no_match,DISARM THERAPEUTICS,Eli Lilly and Company,LLY,normalized_exact,ELI LILLY AND,Investor Group,Acquisition of Whole Company (incl. Majority Stake),1360.0,1360.0,Completed,Biotechnology,USA
SPTRD1771687,2020-10-13,2020-12-31,"CarePort Health, LLC",,no_match,CAREPORT HEALTH,WellSky Corporation,,no_match,WELLSKY,"Allscripts Healthcare Solutions, Inc.",Acquisition of Whole Company (incl. Majority Stake),1350.0,1350.0,Completed,Health Care Technology,USA
SPTRD1771411,2020-10-12,2020-11-02,"Segment.io, Inc.*",,no_match,SEGMENT IO,Twilio Inc.,TWLO,normalized_exact,TWILIO,Investor Group,Acquisition of Whole Company (incl. Majority Stake),2976.537756,3069.707756,Completed,Application Software,USA
SPTRD1770887,2020-10-08,2021-03-01,Eaton Vance Corp.,,no_match,EATON VANCE,Morgan Stanley,MS,normalized_exact,MORGAN STANLEY,,Acquisition of Whole Company (incl. Majority Stake),9154.153686,9154.153686,Completed,Asset Management,USA
SPTRD1773524,2020-10-06,2021-01-07,Social Capital Hedosophia Holdings Corp. III,,no_match,SOCIAL CAPITAL HEDOSOPHIA III,"Clover Health Investments, Corp.",CLOV,normalized_exact,CLOVER HEALTH INVESTMENTS,,Acquisition of Whole Company (incl. Majority Stake),3700.0,3500.0,Completed,Asset Management,USA
SPTRD1809148,2020-10-05,2021-01-15,Credit-Card Business of Capital One Financial Corporation,,no_match,CREDIT CARD BUSINESS OF CAPITAL ONE FINANCIAL,"Goldman Sachs Group, Inc.",GS,normalized_exact,GOLDMAN SACHS,Capital One Financial Corporation,Acquisition of Asset or Branch,2500.0,2500.0,Completed,Specialty Finance: Commercial Focused,USA
SPTRD1770205,2020-10-05,2021-01-26,"Eidos Therapeutics, Inc.*",,no_match,EIDOS THERAPEUTICS,"BridgeBio Pharma, Inc.",BBIO,normalized_exact,BRIDGEBIO PHARMA,Investor Group,Acquisition of Minority Stake,1717.476528,1717.476528,Completed,Biotechnology,USA
SPTRD1770031,2020-10-05,2020-11-16,"MyoKardia, Inc.*",,no_match,MYOKARDIA,Bristol-Myers Squibb Company,BMY,normalized_exact,BRISTOL MYERS SQUIBB,"Third Rock Ventures, LLC",Acquisition of Whole Company (incl. Majority Stake),12238.979726,13083.250726,Completed,Pharmaceuticals,USA
SPTRD1770056,2020-10-05,2021-03-03,"TC PipeLines, LP*",,no_match,TC PIPELINES,TC Energy Corporation,TRP,normalized_exact,TC ENERGY,Investor group,Acquisition of Whole Company (incl. Majority Stake),3756.56385,1650.56385,Completed,Oil and Gas Storage and Transportation,USA
SPTRD1770144,2020-10-04,2020-12-28,RMG Acquisition Corp.,,no_match,RMG ACQUISITION,"Romeo Power, Inc.",,no_match,ROMEO POWER,"RMG Sponsor, LLC",Acquisition of Whole Company (incl. Majority Stake),1031.55,,Completed,Asset Management,USA
SPTRD1769779,2020-10-02,2021-01-25,"American Renal Associates Holdings, Inc.*",,no_match,AMERICAN RENAL ASSOCIATES,"Innovative Renal Care, LLC",,no_match,INNOVATIVE RENAL CARE,Investor Group,Acquisition of Whole Company (incl. Majority Stake),1264.836039,402.830039,Completed,Health Care Services,USA
SPTRD1769693,2020-10-02,2020-12-01,Certain Assets in Louisiana of Sasol Chemicals (USA) LLC,,no_match,CERTAIN ASSETS IN LOUISIANA OF SASOL CHEMICALS,LyondellBasell Industries N.V.,LYB,normalized_exact,LYONDELLBASELL INDUSTRIES N V,Sasol Chemicals (USA) LLC,Acquisition of Asset or Branch,2000.0,,Completed,Commodity Chemicals,USA
SPTRD1769551,2020-10-01,2021-01-20,Oaktree Acquisition Corp.,,no_match,OAKTREE ACQUISITION,"Hims, Inc.",,no_match,HIMS,,Acquisition of Whole Company (incl. Majority Stake),1880.0,1880.0,Completed,Asset Management,USA
SPTRD1768990,2020-09-29,2020-10-30,"Safe Harbor Marinas, LLC",,no_match,SAFE HARBOR MARINAS,"Sun Communities, Inc.",SUI,normalized_exact,SUN COMMUNITIES,,Acquisition of Whole Company (incl. Majority Stake),1995.2,1166.1,Completed,Leisure Facilities,USA
SPTRD1768992,2020-09-29,2020-12-15,zColo,,no_match,ZCOLO,"DataBank Holdings, Ltd.",,no_match,DATABANK,Zayo Group Holdings Inc.,Acquisition of Whole Company (incl. Majority Stake),1400.0,1400.0,Completed,Internet Services and Infrastructure,USA
SPTRD1768640,2020-09-28,2020-12-09,ArcelorMittal USA LLC,,no_match,ARCELORMITTAL USA,Cleveland-Cliffs Inc.,CLF,normalized_exact,CLEVELAND CLIFFS,ArcelorMittal,Acquisition of Whole Company (incl. Majority Stake),3539.85419,1897.55419,Completed,Steel,USA
SPTRD1768802,2020-09-28,2021-01-07,"WPX Energy, Inc.*",,no_match,WPX ENERGY,Devon Energy Corporation,DVN,normalized_exact,DEVON ENERGY,Investor Group,Acquisition of Whole Company (incl. Majority Stake),8451.235539,5421.235539,Completed,Oil and Gas Exploration and Production,USA
SPTRD1770973,2020-09-24,2021-03-24,Five Hospitality Portfolios and THL Portfolio,,no_match,FIVE HOSPITALITY PORTFOLIOS AND THL PORTFOLIO,"Highgate Hotels, L.P.",,no_match,HIGHGATE HOTELS,"Colony Capital, Inc.",Acquisition of Asset or Branch,2767.5,67.5,Completed,Real Estate Operating and Management,USA
SPTRD1768178,2020-09-24,2021-01-07,"ION Media Networks, Inc.*",,no_match,ION MEDIA NETWORKS,E. W. Scripps Company,SSP,normalized_exact,E W SCRIPPS,Investor group,Acquisition of Whole Company (incl. Majority Stake),2650.0,2650.0,Completed,Broadcasting,USA
SPTRD1768173,2020-09-24,2021-02-26,Switchback Energy Acquisition Corporation,,no_match,SWITCHBACK ENERGY ACQUISITION,"ChargePoint Holdings, Inc.",CHPT,normalized_exact,CHARGEPOINT,"Ngp Switchback, LLC",Acquisition of Whole Company (incl. Majority Stake),3312.96,,Completed,Asset Management,USA
SPTRD1767956,2020-09-23,2020-11-06,"1-800 CONTACTS, Inc.",,no_match,1 800 CONTACTS,KKR & Co. Inc.,KKR,normalized_exact,KKR AND,AEA Investors LP,Acquisition of Whole Company (incl. Majority Stake),3100.0,3100.0,Completed,Other Specialty Retail,USA
SPTRD1849893,2020-09-23,2020-10-15,Trophy Life Science Portfolio in South San Francisco,,no_match,TROPHY LIFE SCIENCE PORTFOLIO IN SOUTH SAN FRANCISCO,"Ventas, Inc.",VTR,normalized_exact,VENTAS,Investor Group,Acquisition of Asset or Branch,1000.0,1000.0,Completed,Real Estate Operating and Management,USA
SPTRD1767480,2020-09-21,2021-03-09,ZeniMax Media Inc.*,,no_match,ZENIMAX MEDIA,Microsoft Corporation,MSFT,normalized_exact,MICROSOFT,Investor group,Acquisition of Whole Company (incl. Majority Stake),8100.0,8100.0,Completed,Interactive Home Entertainment,USA
SPTRD1767275,2020-09-18,2020-12-21,Pivotal Investment Corporation II,,no_match,PIVOTAL INVESTMENT II,"XL Hybrids, Inc.",,no_match,XL HYBRIDS,,Acquisition of Whole Company (incl. Majority Stake),1058.5,,Completed,Asset Management,USA
SPTRD1767127,2020-09-17,2020-11-01,"Ericsson Enterprise Wireless Solutions, Inc*",,no_match,ERICSSON ENTERPRISE WIRELESS SOLUTIONS,Telefonaktiebolaget LM Ericsson (publ),,no_match,TELEFONAKTIEBOLAGET LM ERICSSON,Investor Group,Acquisition of Whole Company (incl. Majority Stake),1035.254462229,1068.671544642,Completed,Communications Equipment,USA
SPTRD1767525,2020-09-17,2021-08-18,"GRAIL, Inc.*",GRAL,normalized_exact,GRAIL,"Illumina, Inc.",ILMN,normalized_exact,ILLUMINA,Investor Group,Acquisition of Whole Company (incl. Majority Stake),8000.0,,Completed,Biotechnology,USA
SPTRD1766943,2020-09-17,2020-12-30,"Versant Health, Inc.*",,no_match,VERSANT HEALTH,"MetLife, Inc.",MET,normalized_exact,METLIFE,Investor group,Acquisition of Whole Company (incl. Majority Stake),1800.0,1800.0,Completed,Managed Care,USA
SPTRD1766497,2020-09-15,2021-11-29,Natural Cheese Business of The Kraft Heinz Company,,no_match,NATURAL CHEESE BUSINESS OF KRAFT HEINZ,Groupe Lactalis S.A.,,no_match,GROUPE LACTALIS S A,The Kraft Heinz Company,Acquisition of Asset or Branch,3200.0,3200.0,Completed,Packaged Foods and Meats Producers,USA
SPTRD1766236,2020-09-14,2020-11-05,The New York Metropolitan Baseball Club Inc.*,,no_match,YORK METROPOLITAN BASEBALL CLUB,Private Investor,,no_match,PRIVATE INVESTOR,Sterling Equities,Acquisition of Whole Company (incl. Majority Stake),2450.0,2450.0,Completed,Movies and Entertainment,USA
SPTRD1766121,2020-09-14,2021-11-23,"TracFone Wireless, Inc.",,no_match,TRACFONE WIRELESS,Verizon Communications Inc.,VZ,normalized_exact,VERIZON COMMUNICATIONS,"América Móvil, S.A.B. de C.V.",Acquisition of Whole Company (incl. Majority Stake),6743.525878,6743.525878,Completed,Wireless Telecommunication Services,USA
SPTRD1766022,2020-09-13,2020-10-23,"Immunomedics, Inc.*",,no_match,IMMUNOMEDICS,"Gilead Sciences, Inc.",GILD,normalized_exact,GILEAD SCIENCES,Investor Group,Acquisition of Whole Company (incl. Majority Stake),19915.649744,20882.123744,Completed,Pharmaceuticals,USA
SPTRD1765892,2020-09-11,2021-08-12,"Walden e-Learning, LLC",,no_match,WALDEN E LEARNING,Adtalem Global Education Inc.,,no_match,ADTALEM GLOBAL EDUCATION,"Laureate Education, Inc.",Acquisition of Whole Company (incl. Majority Stake),1480.0,1480.0,Completed,Education Services,USA
SPTRD1779907,2020-09-10,2021-01-29,Empire and Beacon wind projects,,no_match,EMPIRE AND BEACON WIND PROJECTS,BP p.l.c.,,no_match,BP C,Equinor ASA,Acquisition of Asset or Branch,1100.0,1100.0,Completed,Renewable Electricity,USA
SPTRD1765606,2020-09-10,2021-02-11,Virtusa Corporation*,,no_match,VIRTUSA,Baring Private Equity Asia,,no_match,BARING PRIVATE EQUITY ASIA,,Acquisition of Whole Company (incl. Majority Stake),1993.394819,1811.206819,Completed,IT Consulting and Other Services,USA
SPTRD1810588,2020-09-09,2020-12-06,"All Of Retail And Operating Assets Of J. C. Penney Company, Inc.*",,no_match,ALL OF RETAIL AND OPERATING ASSETS OF J C PENNEY,Investor Group,,no_match,INVESTOR,"J. C. Penney Company, Inc.",Acquisition of Asset or Branch,1192.0,692.0,Completed,Broadline Retail,USA
SPTRD1765017,2020-09-08,2020-10-28,Conyers Park II Acquisition Corp.*,,no_match,CONYERS PARK II ACQUISITION,Advantage Solutions Inc.,ADV,normalized_exact,ADVANTAGE SOLUTIONS,,Acquisition of Whole Company (incl. Majority Stake),2271.2,,Completed,Asset Management,USA
SPTRD1765361,2020-09-08,2021-01-28,"Resource Real Estate Opportunity REIT, Inc.",,no_match,RESOURCE REAL ESTATE OPPORTUNITY REIT,"Resource Real Estate Opportunity REIT II, Inc.",,no_match,RESOURCE REAL ESTATE OPPORTUNITY REIT II,,Acquisition of Whole Company (incl. Majority Stake),1671.37878,784.40678,Completed,Multi-Family Residential REIT,USA
SPTRD1764224,2020-09-03,2020-11-25,Kensington Capital Acquisition Corp.*,,no_match,KENSINGTON CAPITAL ACQUISITION,QuantumScape Corporation,QS,normalized_exact,QUANTUMSCAPE,"Kensington Capital Partners, LLC",Acquisition of Whole Company (incl. Majority Stake),2224.631095,2224.631095,Completed,Asset Management,USA
SPTRD1763894,2020-09-02,2020-12-16,Flying Eagle Acquisition Corp.,,no_match,FLYING EAGLE ACQUISITION,Skillz Inc.,SKLZ,normalized_exact,SKILLZ,"Eagle Equity Partners, LLC",Acquisition of Whole Company (incl. Majority Stake),3345.739806,,Completed,Asset Management,USA
SPTRD1763198,2020-08-31,2020-10-09,"Aimmune Therapeutics, Inc.*",,no_match,AIMMUNE THERAPEUTICS,Société des Produits Nestlé S.A.,,no_match,SOCI T DES PRODUITS NESTL S A,Investor Group,Acquisition of Whole Company (incl. Majority Stake),1789.529238,1960.248238,Completed,Biotechnology,USA
SPTRD1763273,2020-08-31,2020-10-14,Epicor Software Corporation,,no_match,EPICOR SOFTWARE,"Clayton, Dubilier & Rice, LLC",,no_match,CLAYTON DUBILIER AND RICE,KKR & Co. Inc.,Acquisition of Whole Company (incl. Majority Stake),4700.0,,Completed,Application Software,USA
SPTRD1763033,2020-08-27,2021-01-01,"BMC Stock Holdings, Inc.",,no_match,BMC STOCK,"Builders FirstSource, Inc.",BLDR,normalized_exact,BUILDERS FIRSTSOURCE,,Acquisition of Whole Company (incl. Majority Stake),3915.81104,3706.26704,Completed,Trading Companies and Distributors,USA
SPTRD1762884,2020-08-27,2020-10-01,"Open Systems International, Inc.",,no_match,OPEN SYSTEMS INTERNATIONAL,Emerson Electric Co.,EMR,normalized_exact,EMERSON ELECTRIC,,Acquisition of Whole Company (incl. Majority Stake),1600.0,,Completed,Application Software,USA
SPTRD1801442,2020-08-27,2021-07-01,Shentel’s wireless telecommunications assets,,no_match,SHENTEL S WIRELESS TELECOMMUNICATIONS ASSETS,"Sprint Spectrum L.P., d/b/a Sprint PCS",,no_match,SPRINT SPECTRUM D B A SPRINT PCS,Shenandoah Telecommunications Company,Acquisition of Asset or Branch,1940.0,1940.0,Completed,Wireless Telecommunication Services,USA
SPTRD1762677,2020-08-26,2020-12-09,Trine Acquisition Corp.,,no_match,TRINE ACQUISITION,"Desktop Metal, Inc.",,no_match,DESKTOP METAL,,Acquisition of Whole Company (incl. Majority Stake),1855.62,,Completed,Asset Management,USA
SPTRD1762383,2020-08-25,2021-03-19,"OSIsoft, LLC*",,no_match,OSISOFT,Investor Group,,no_match,INVESTOR,Investor Group,Acquisition of Whole Company (incl. Majority Stake),4918.323809,4918.323809,Completed,Application Software,USA
SPTRD1764566,2020-08-24,2020-09-24,"Cheniere Energy Partners, L.P.*",CQP,normalized_exact,CHENIERE ENERGY PARTNERS,Brookfield Infrastructure Partners L.P.,BIPH,normalized_exact,BROOKFIELD INFRASTRUCTURE PARTNERS,The Blackstone Group Inc.,Acquisition of Minority Stake,3479.801781,3479.801781,Completed,Oil and Gas Storage and Transportation,USA
SPTRD1762172,2020-08-24,2020-12-02,"Gores Metropoulos, Inc.",,no_match,GORES METROPOULOS,"Luminar Technologies, Inc.",,no_match,LUMINAR TECHNOLOGIES,Gores Metropoulos Sponsor LLC,Acquisition of Whole Company (incl. Majority Stake),2856.618,,Completed,Asset Management,USA
SPTRD1761518,2020-08-19,2020-10-01,"Momenta Pharmaceuticals, Inc.",,no_match,MOMENTA PHARMACEUTICALS,Johnson & Johnson,JNJ,normalized_exact,JOHNSON AND JOHNSON,,Acquisition of Whole Company (incl. Majority Stake),5930.415457,6343.941457,Completed,Biotechnology,USA
SPTRD1761588,2020-08-19,2020-10-19,"Wyoming, Colorado, and Utah Land Grant Assets of Occidental Petroleum Corporatio*",,no_match,WYOMING COLORADO AND UTAH LAND GRANT ASSETS OF OCCIDENTAL PETROLEUM CORPORATIO,Orion Mine Finance,,no_match,ORION MINE FINANCE,Occidental Petroleum Corporation,Acquisition of Asset or Branch,1330.0,1330.0,Completed,Oil and Gas Exploration and Production,USA
SPTRD1760964,2020-08-17,2020-09-25,Principia Biopharma Inc.*,,no_match,PRINCIPIA BIOPHARMA,Sanofi,SNY,normalized_exact,SANOFI,Investor Group,Acquisition of Whole Company (incl. Majority Stake),3377.794298,3679.630298,Completed,Biotechnology,USA
SPTRD1760549,2020-08-13,2020-09-03,"Vertafore, Inc.*",,no_match,VERTAFORE,"Roper Technologies, Inc.",ROP,normalized_exact,ROPER TECHNOLOGIES,Investor group,Acquisition of Whole Company (incl. Majority Stake),5398.6,5398.6,Completed,Insurance Technology,USA
SPTRD1761409,2020-08-12,2020-10-01,WCA Waste Corporation,,no_match,WCA WASTE,GFL Environmental Inc.,GFL,normalized_exact,GFL ENVIRONMENTAL,Macquarie Group Ltd.,Acquisition of Whole Company (incl. Majority Stake),1212.0,1212.0,Completed,Environmental and Facilities Services,USA
SPTRD1759274,2020-08-06,2020-09-04,"Ellie Mae, Inc.*",,no_match,ELLIE MAE,"Intercontinental Exchange, Inc.",ICE,normalized_exact,INTERCONTINENTAL EXCHANGE,"Thoma Bravo, LLC",Acquisition of Whole Company (incl. Majority Stake),11145.236561,11145.236561,Completed,Banking Technology,USA
SPTRD1759250,2020-08-06,2020-12-18,"GCI Liberty, Inc.",,no_match,GCI LIBERTY,"Liberty Broadband Corporation, Inc.",LBRDA,normalized_exact,LIBERTY BROADBAND,,Acquisition of Whole Company (incl. Majority Stake),13674.592183,10523.978183,Completed,Alternative Carriers,USA
SPTRD1758808,2020-08-05,2020-12-04,Ancestry.com LLC,,no_match,ANCESTRY COM,The Blackstone Group Inc.,BX,normalized_exact,BLACKSTONE,Investor group,Acquisition of Whole Company (incl. Majority Stake),4700.0,,Completed,Interactive Media and Services,USA
SPTRD1758050,2020-08-03,2020-10-15,"Paya, Inc.*",,no_match,PAYA,FinTech Acquisition Corp. III,,no_match,FINTECH ACQUISITION III,GTCR LLC,Acquisition of Whole Company (incl. Majority Stake),1185.0,1185.0,Completed,Payment Processors,USA
SPTRD1757867,2020-08-02,2021-05-14,Speedway LLC,,no_match,SPEEDWAY,"7-Eleven, Inc.",,no_match,7 ELEVEN,Investor Group,Acquisition of Whole Company (incl. Majority Stake),21000.0,21000.0,Completed,Automotive Retail,USA
SPTRD1757876,2020-08-02,2021-04-15,"Varian Medical Systems, Inc.",,no_match,VARIAN MEDICAL SYSTEMS,Siemens Healthineers AG,,no_match,SIEMENS HEALTHINEERS,Investor Group,Acquisition of Whole Company (incl. Majority Stake),16016.163918,16429.463918,Completed,Health Care Equipment,USA
SPTRD1756877,2020-07-27,2020-09-15,Optimal Blue LLC*,,no_match,OPTIMAL BLUE,Investor group,,no_match,INVESTOR,GTCR LLC,Acquisition of Whole Company (incl. Majority Stake),1828.1,1828.1,Completed,Financial Media and Data Solutions,USA
SPTRD1756914,2020-07-27,2020-12-29,"dMY Technology Group, Inc.",,no_match,DMY TECHNOLOGY,"Rush Street Interactive, Inc.",RSI,normalized_exact,RUSH STREET INTERACTIVE,,Acquisition of Whole Company (incl. Majority Stake),1725.0,,Completed,Asset Management,USA
SPTRD1755699,2020-07-20,2020-10-05,"Noble Energy, Inc.",,no_match,NOBLE ENERGY,Chevron Corporation,CVX,normalized_exact,CHEVRON,,Acquisition of Whole Company (incl. Majority Stake),4153.897496,4153.897496,Completed,Oil and Gas Exploration and Production,USA
SPTRD1754696,2020-07-15,2020-11-17,Fortress Value Acquisition Corp.,,no_match,FORTRESS VALUE ACQUISITION,MP Materials Corp.,MP,normalized_exact,MP MATERIALS,Fortress Acquisition Sponsor LLC,Acquisition of Whole Company (incl. Majority Stake),1048.01378,1048.01378,Completed,Asset Management,USA
SPTRD1752269,2020-07-13,2020-10-08,Churchill Capital Corp III*,,no_match,CHURCHILL CAPITAL III,"MultiPlan, Inc.",,no_match,MULTIPLAN,,Acquisition of Whole Company (incl. Majority Stake),5696.0,5696.0,Completed,Asset Management,USA
SPTRD1752271,2020-07-13,2021-08-26,"Maxim Integrated Products, Inc.",,no_match,MAXIM INTEGRATED PRODUCTS,"Analog Devices, Inc.",ADI,normalized_exact,ANALOG DEVICES,Investor Group,Acquisition of Whole Company (incl. Majority Stake),27462.621256,28706.596256,Completed,Semiconductors,USA
SPTRD1759176,2020-07-13,2021-02-01,"New Hanover Regional Medical Center, Inc.",,no_match,HANOVER REGIONAL MEDICAL CENTER,"Novant Health, Inc.",,no_match,NOVANT HEALTH,"County of New Hanover, North Carolina",Acquisition of Whole Company (incl. Majority Stake),1500.0,1500.0,Completed,Health Care Facilities,USA
SPTRD1751121,2020-07-07,2021-01-04,National General Holdings Corporation,,no_match,NATIONAL GENERAL,"Allstate Insurance Holdings, LLC",,no_match,ALLSTATE INSURANCE,,Acquisition of Whole Company (incl. Majority Stake),3727.48044,3727.48044,Completed,Multiline,USA
SPTRD1750865,2020-07-06,2020-12-01,Postmates Inc.,,no_match,POSTMATES,"Uber Technologies, Inc.",UBER,normalized_exact,UBER TECHNOLOGIES,,Acquisition of Whole Company (incl. Majority Stake),3494.969398,3496.141398,Completed,Application Software,USA
SPTRD1750948,2020-07-06,2020-10-08,"Vivint Solar, Inc.",,no_match,VIVINT SOLAR,SunRun Inc.,RUN,normalized_exact,SUNRUN,,Acquisition of Whole Company (incl. Majority Stake),7526.231589,5924.964589,Completed,Electrical Components and Equipment: Light,USA
SPTRD1750690,2020-07-05,2020-11-01,"Natural gas transmission and storage business of Dominion Energy, Inc.",,no_match,NATURAL GAS TRANSMISSION AND STORAGE BUSINESS OF DOMINION ENERGY,Berkshire Hathaway Energy Company,,no_match,BERKSHIRE HATHAWAY ENERGY,"Dominion Energy, Inc.",Acquisition of Asset or Branch,8000.0,2700.0,Completed,Oil and Gas Storage and Transportation,USA
SPTRD1750407,2020-07-02,2020-09-29,Graf Industrial Corp.,,no_match,GRAF INDUSTRIAL,"Velodyne Lidar, Inc.",,no_match,VELODYNE LIDAR,,Acquisition of Whole Company (incl. Majority Stake),2081.319318,,Completed,Asset Management,USA
SPTRD1749942,2020-06-30,2020-11-17,MYOS RENS Technology Inc.,,no_match,MYOS RENS TECHNOLOGY,MedAvail Inc.,,no_match,MEDAVAIL,,Acquisition of Whole Company (incl. Majority Stake),3908.018966,,Completed,Personal Care and Beauty Products: Producers,USA
SPTRD1749460,2020-06-29,2020-08-17,Personal Capital Corporation,,no_match,PERSONAL CAPITAL,"Empower Retirement, LLC",,no_match,EMPOWER RETIREMENT,Investor group,Acquisition of Whole Company (incl. Majority Stake),1000.0,1000.0,Completed,Investment and Capital Markets Technology,USA
SPTRD1750231,2020-06-26,2020-09-18,"Zoox, Inc.",,no_match,ZOOX,"Amazon.com, Inc.",AMZN,normalized_exact,AMAZON COM,,Acquisition of Whole Company (incl. Majority Stake),1300.0,1300.0,Completed,Automobile Manufacturers,USA
SPTRD1749237,2020-06-25,2021-08-02,MDC Partners Inc.*,,no_match,MDC PARTNERS,Stagwell Group LLC,STGW,normalized_exact,STAGWELL,,Acquisition of Whole Company (incl. Majority Stake),3062.439,1763.69,Completed,Advertising,USA
SPTRD1748221,2020-06-22,2020-10-02,"ArcherDx, Inc.*",,no_match,ARCHERDX,Invitae Corporation,,no_match,INVITAE,Investor Group,Acquisition of Whole Company (incl. Majority Stake),1391.47,,Completed,Biotechnology,USA
SPTRD1747786,2020-06-19,2020-10-01,Tortoise Acquisition Corp.,,no_match,TORTOISE ACQUISITION,"Hyliion, Inc.",HYLN,normalized_exact,HYLIION,,Acquisition of Whole Company (incl. Majority Stake),1022.0,,Completed,"Holding Companies, Patent Owners, and Trusts or Estates",USA
SPTRD1746367,2020-06-11,2020-07-31,"Corvidia Therapeutics, Inc.*",,no_match,CORVIDIA THERAPEUTICS,Novo Nordisk A/S,NVO,normalized_exact,NOVO NORDISK A S,Investor Group,Acquisition of Whole Company (incl. Majority Stake),2100.0,2100.0,Completed,Biotechnology,USA
SPTRD1746310,2020-06-10,2021-06-15,Grubhub Inc.,,no_match,GRUBHUB,Just Eat Takeaway.com N.V.,,no_match,JUST EAT TAKEAWAY COM N V,,Acquisition of Whole Company (incl. Majority Stake),6047.376608,5851.339608,Completed,Other Specialty Retail,USA
SPTRD1732695,2020-05-11,2020-09-16,Alacer Gold Corp.,,no_match,ALACER GOLD,SSR Mining Inc.,SSRM,normalized_exact,SSR MINING,,Acquisition of Whole Company (incl. Majority Stake),2525.2375083262427,2187.4758434824066,Completed,Gold,USA
SPTRD1732918,2020-05-11,2020-11-30,"Professional Beauty and Retail Hair Businesses Including the Wella, Clairol, OPI",,no_match,PROFESSIONAL BEAUTY AND RETAIL HAIR BUSINESSES INCLUDING WELLA CLAIROL OPI,KKR & Co. Inc.,KKR,normalized_exact,KKR AND,Coty Inc.,Acquisition of Asset or Branch,3500.0,3500.0,Completed,Personal Care and Beauty Products: Producers,USA
SPTRD1731658,2020-05-05,2020-07-01,"Portola Pharmaceuticals, Inc.",,no_match,PORTOLA PHARMACEUTICALS,"Alexion Pharmaceuticals, Inc.",,no_match,ALEXION PHARMACEUTICALS,,Acquisition of Whole Company (incl. Majority Stake),1408.625078,1403.384078,Completed,Biotechnology,USA
SPTRD1730939,2020-04-30,2020-12-31,Magellan Complete Care line of business,,no_match,MAGELLAN COMPLETE CARE LINE OF BUSINESS,"Molina Healthcare, Inc.",MOH,normalized_exact,MOLINA HEALTHCARE,"Magellan Health, Inc.",Acquisition of Asset or Branch,1008.0,1008.0,Completed,Managed Care,USA
SPTRD1723270,2020-04-07,2020-05-14,"Galileo Financial Technologies, Inc.*",,no_match,GALILEO FINANCIAL TECHNOLOGIES,"Social Finance, Inc.",,no_match,SOCIAL FINANCE,,Acquisition of Whole Company (incl. Majority Stake),1200.0,1200.0,Completed,Payment Processors,USA
SPTRD1720884,2020-03-25,2020-03-25,Portfolio of Non-Agency Securities,,no_match,PORTFOLIO OF NON AGENCY SECURITIES,Undisclosed buyer,,no_match,UNDISCLOSED BUYER,Two Harbors Investment Corp.,Acquisition of Asset or Branch,1700.0,1700.0,Completed,Mortgage REIT,USA
SPTRD1714088,2020-03-11,2020-04-24,"Rockstar, Inc.",,no_match,ROCKSTAR,"PepsiCo, Inc.",PEP,normalized_exact,PEPSICO,,Acquisition of Whole Company (incl. Majority Stake),4700.0,4700.0,Completed,Soft Drinks and Non-alcoholic Beverages,USA
SPTRD1713903,2020-03-10,2020-10-01,U.S. State and Local Health and Human Services business of DXC Technology Compan*,,no_match,U S STATE AND LOCAL HEALTH AND HUMAN SERVICES BUSINESS OF DXC TECHNOLOGY COMPAN,"Veritas Capital Fund Management, L.L.C",,no_match,VERITAS CAPITAL FUND MANAGEMENT C,DXC Technology Company,Acquisition of Asset or Branch,13592.0,5000.0,Completed,IT Consulting and Other Services,USA
SPTRD1712074,2020-03-03,2020-06-03,VectoIQ Acquisition Corp.,,no_match,VECTOIQ ACQUISITION,Nikola Corporation,,no_match,NIKOLA,,Acquisition of Whole Company (incl. Majority Stake),2866.935758,,Completed,Asset Management,USA
SPTRD1711874,2020-03-02,2020-04-06,"Forty Seven, Inc.*",,no_match,FORTY SEVEN,"Gilead Sciences, Inc.",GILD,normalized_exact,GILEAD SCIENCES,Investor Group,Acquisition of Whole Company (incl. Majority Stake),4622.602118,4949.381118,Completed,Biotechnology,USA
SPTRD1711832,2020-03-02,2020-07-01,"Mobile Mini, Inc.*",,no_match,MOBILE MINI,WillScot Corporation,WSC,normalized_exact,WILLSCOT,,Acquisition of Whole Company (incl. Majority Stake),1311.889743,1311.889743,Completed,Diversified Support Services,USA
SPTRD1711435,2020-02-27,2020-06-17,"EQM Midstream Partners, LP",,no_match,EQM MIDSTREAM PARTNERS,Equitrans Midstream Corporation,,no_match,EQUITRANS MIDSTREAM,,Acquisition of Minority Stake,1783.489219,1783.489219,Completed,Oil and Gas Storage and Transportation,USA
SPTRD1711083,2020-02-26,2020-10-09,All assets of Bay State Gas Company,,no_match,ALL ASSETS OF BAY STATE GAS,Eversource Energy,ES,normalized_exact,EVERSOURCE ENERGY,NiSource Inc.,Acquisition of Asset or Branch,1112.6,1112.6,Completed,Gas Utilities,USA
SPTRD1710856,2020-02-25,2020-06-01,"Vlocity, Inc.*",,no_match,VLOCITY,"salesforce.com, inc.",,no_match,SALESFORCE COM,Investor Group,Acquisition of Whole Company (incl. Majority Stake),1172.0,,Completed,Application Software,USA
SPTRD1710533,2020-02-24,2020-12-03,"Credit Karma, Inc.*",,no_match,CREDIT KARMA,Intuit Inc.,INTU,normalized_exact,INTUIT,,Acquisition of Whole Company (incl. Majority Stake),7828.017,8128.017,Completed,Financial Media and Data Solutions,USA
SPTRD1710539,2020-02-24,2020-04-22,"Saba Software, Inc.*",,no_match,SABA SOFTWARE,"Cornerstone OnDemand, Inc.",,no_match,CORNERSTONE ONDEMAND,,Acquisition of Whole Company (incl. Majority Stake),1294.877523,1294.877523,Completed,Application Software,USA
SPTRD1709932,2020-02-20,2020-10-02,E*TRADE Financial Corporation,,no_match,E TRADE FINANCIAL,Morgan Stanley,MS,normalized_exact,MORGAN STANLEY,,Acquisition of Whole Company (incl. Majority Stake),11717.491576,11017.491576,Completed,"Investment Banks, Brokers and Capital Markets",USA
SPTRD1819690,2020-02-20,2020-02-20,Portfolio of Private Student Loans of SLM Corporation,,no_match,PORTFOLIO OF PRIVATE STUDENT LOANS OF SLM,Magnolia Parent LLC,,no_match,MAGNOLIA PARENT,SLM Corporation,Acquisition of Asset or Branch,1000.0,1000.0,Completed,Specialty Finance: Consumer Focused,USA
SPTRD1709379,2020-02-18,2020-07-31,"Legg Mason, Inc.",,no_match,LEGG MASON,"Franklin Resources, Inc.",BEN,normalized_exact,FRANKLIN RESOURCES,,Acquisition of Whole Company (incl. Majority Stake),4443.14855,4443.14855,Completed,Asset Management,USA
SPTRD1709405,2020-02-18,2020-09-01,RSA Security LLC*,,no_match,RSA SECURITY,Investor Group,,no_match,INVESTOR,Dell Technologies Inc.,Acquisition of Whole Company (incl. Majority Stake),2075.0,2075.0,Completed,Systems Software,USA
SPTRD1709149,2020-02-14,2021-02-05,"Sb Capital Management, Inc.",,no_match,SB CAPITAL MANAGEMENT,Newlife Investment Group,,no_match,NEWLIFE INVESTMENT,,Acquisition of Whole Company (incl. Majority Stake),1000.0,1000.0,Completed,Asset Management,USA
SPTRD1705095,2020-02-10,2020-12-29,"Taubman Centers, Inc.",,no_match,TAUBMAN CENTERS,"Simon Property Group, LP",SPG,normalized_exact,SIMON PROPERTY,,Acquisition of Whole Company (incl. Majority Stake),7498.92043,3818.51143,Completed,Retail REIT,USA
SPTRD1704544,2020-02-06,2020-08-14,"Forescout Technologies, Inc.*",,no_match,FORESCOUT TECHNOLOGIES,Investor Group,,no_match,INVESTOR,Investor Group,Acquisition of Whole Company (incl. Majority Stake),1607.488067,1624.883067,Completed,Systems Software,USA
SPTRD1704497,2020-02-06,2020-03-13,U.S. Federal Business of Unisys Corporation,,no_match,U S FEDERAL BUSINESS OF UNISYS,Science Applications International Corporation,SAIC,normalized_exact,SCIENCE APPLICATIONS INTERNATIONAL,Unisys Corporation,Acquisition of Asset or Branch,1200.0,1200.0,Completed,IT Consulting and Other Services,USA
SPTRD1703104,2020-01-30,2021-07-01,Navistar International Corporation*,,no_match,NAVISTAR INTERNATIONAL,Dusk Inc.,,no_match,DUSK,Investor Group,Acquisition of Whole Company (incl. Majority Stake),8133.692004,3734.692004,Completed,Machinery and Equipment: Construction and Heavy Transportation,USA
SPTRD1702725,2020-01-29,2020-02-24,"Consolidated Aerospace Manufacturing, LLC*",,no_match,CONSOLIDATED AEROSPACE MANUFACTURING,"Stanley Black & Decker, Inc.",SWK,normalized_exact,STANLEY BLACK AND DECKER,Tinicum Incorporated,Acquisition of Whole Company (incl. Majority Stake),1500.0,1500.0,Completed,Aerospace and Defense,USA
SPTRD1702052,2020-01-27,2020-06-07,CenterState Bank Corporation,,no_match,CENTERSTATE BANK,South State Corporation,,no_match,SOUTH STATE,,Acquisition of Whole Company (incl. Majority Stake),2267.804256,2267.804256,Completed,Bank,USA
SPTRD1701812,2020-01-24,2021-09-07,Cincinnati Bell Inc.,,no_match,CINCINNATI BELL,Macquarie Infrastructure and Real Assets Inc.,,no_match,MACQUARIE INFRASTRUCTURE AND REAL ASSETS,,Acquisition of Whole Company (incl. Majority Stake),2918.366592,813.116592,Completed,Integrated Telecommunication Services,USA
SPTRD1701152,2020-01-22,2020-04-09,"Duff & Phelps, LLC*",,no_match,DUFF AND PHELPS,Investor group,,no_match,INVESTOR,Permira Holdings Limited,Acquisition of Whole Company (incl. Majority Stake),4200.0,4200.0,Completed,Research and Consulting Services,USA
SPTRD1697419,2020-01-20,2020-07-31,Military Global Positioning System Business Of Collins Aerospace,,no_match,MILITARY GLOBAL POSITIONING SYSTEM BUSINESS OF COLLINS AEROSPACE,BAE Systems plc,,no_match,BAE SYSTEMS,Collins Aerospace,Acquisition of Asset or Branch,1925.0,1925.0,Completed,Aerospace and Defense,USA
SPTRD1691759,2020-01-16,2020-08-28,Far Point Acquisition Corporation,,no_match,FAR POINT ACQUISITION,Global Blue Group AG,,no_match,GLOBAL BLUE,Third Point LLC,Acquisition of Whole Company (incl. Majority Stake),2100.650125,,Completed,Asset Management,USA
SPTRD1691873,2020-01-15,2020-01-15,36 Apartment Properties Portfolio,,no_match,36 APARTMENT PROPERTIES PORTFOLIO,"Harbor Group International, LLC",,no_match,HARBOR INTERNATIONAL,Aragon Holdings LLC,Acquisition of Asset or Branch,1850.0,1850.0,Completed,Real Estate Operating and Management,USA
SPTRD1682496,2020-01-13,2020-07-31,"TerraForm Power, Inc.",,no_match,TERRAFORM POWER,Brookfield Renewable Partners L.P.,BEP,normalized_exact,BROOKFIELD RENEWABLE PARTNERS,,Acquisition of Minority Stake,1681.642996,1681.642996,Completed,Renewable Electricity,USA
SPTRD1682252,2020-01-12,2020-07-01,"InTouch Technologies, Inc.*",,no_match,INTOUCH TECHNOLOGIES,"Teladoc Health, Inc.",TDOC,normalized_exact,TELADOC HEALTH,Investor Group,Acquisition of Whole Company (incl. Majority Stake),1035.364,1035.364,Completed,Health Care Technology,USA
SPTRD1678829,2020-01-07,2020-03-18,"AmeriLife Group, LLC*",,no_match,AMERILIFE,Investor group,,no_match,INVESTOR,J.C. Flowers & Co. LLC,Acquisition of Whole Company (incl. Majority Stake),1000.0,1000.0,Completed,Insurance Broker,USA
SPTRD1678255,2020-01-06,2020-02-11,Armis Inc.*,,no_match,ARMIS,Investor Group,,no_match,INVESTOR,Investor Group,Acquisition of Whole Company (incl. Majority Stake),1100.0,,Completed,Systems Software,USA
SPTRD1676029,2019-12-31,2020-03-31,"Universal Music Group, Inc.",,no_match,UNIVERSAL MUSIC,Investor group,,no_match,INVESTOR,Vivendi SA,Acquisition of Minority Stake,3309.796998,,Completed,Movies and Entertainment,USA
SPTRD1674029,2019-12-24,2020-06-22,Anixter International Inc.*,,no_match,ANIXTER INTERNATIONAL,"WESCO International, Inc.",WCC,normalized_exact,WESCO INTERNATIONAL,Equity Group Investments,Acquisition of Whole Company (incl. Majority Stake),5000.614618,3693.514618,Completed,Technology Distributors,USA
SPTRD1673366,2019-12-23,2020-03-30,AquaVenture Holdings Limited*,,no_match,AQUAVENTURE,Culligan International Company,,no_match,CULLIGAN INTERNATIONAL,,Acquisition of Whole Company (incl. Majority Stake),1135.830578,911.198578,Completed,Water Utilities,USA
SPTRD1702931,2019-12-23,2019-12-23,Texas Express Pipeline*,,no_match,TEXAS EXPRESS PIPELINE,Investor group,,no_match,INVESTOR,Enbridge Inc.,Acquisition of Asset or Branch,1080.0,1080.0,Completed,Oil and Gas Storage and Transportation,USA
SPTRD1671603,2019-12-19,2020-06-03,ChampionX Holding Inc.,,no_match,CHAMPIONX,Apergy Corporation,,no_match,APERGY,Nalco Champion LLC,Acquisition of Asset or Branch,1820.441401,1283.441401,Completed,Commodity Chemicals,USA
SPTRD1671658,2019-12-19,2020-06-01,TiVo Corporation,,no_match,TIVO,Xperi Corporation,XPER,normalized_exact,XPERI,,Acquisition of Whole Company (incl. Majority Stake),1494.768218,840.632218,Completed,Systems Software,USA
SPTRD1670931,2019-12-18,2020-12-31,Cigna’s group life and disability insurance business,,no_match,CIGNA S LIFE AND DISABILITY INSURANCE BUSINESS,New York Life Insurance Company,,no_match,YORK LIFE INSURANCE,Cigna Corporation,Acquisition of Asset or Branch,6300.0,6300.0,Completed,Life and Health,USA
SPTRD1670699,2019-12-18,2021-01-04,"Individual Life Business and Other Closed Blocks of Voya Financial, Inc.",,no_match,INDIVIDUAL LIFE BUSINESS AND OTHER CLOSED BLOCKS OF VOYA FINANCIAL,Resolution Life Group Holdings LP,,no_match,RESOLUTION LIFE,"Voya Financial, Inc.",Acquisition of Asset or Branch,1127.0,1127.0,Completed,Life and Health,USA
SPTRD1670351,2019-12-17,2020-01-31,"Dynetics, Inc.",,no_match,DYNETICS,"Leidos, Inc.",LDOS,normalized_exact,LEIDOS,,Acquisition of Whole Company (incl. Majority Stake),1650.0,1650.0,Completed,Aerospace and Defense,USA
SPTRD1670545,2019-12-17,2020-08-31,"LogMeIn, Inc.*",,no_match,LOGMEIN,Investor Group,,no_match,INVESTOR,,Acquisition of Whole Company (incl. Majority Stake),4422.370398,4367.720398,Completed,Application Software,USA
SPTRD1669636,2019-12-16,2020-03-06,"Felix Energy, LLC*",,no_match,FELIX ENERGY,"WPX Energy, Inc.",,no_match,WPX ENERGY,EnCap Investments L.P.,Acquisition of Whole Company (incl. Majority Stake),2309.646271,2133.646271,Completed,Oil and Gas Exploration and Production,USA
SPTRD1668881,2019-12-15,2021-02-01,"Nutrition & Biosciences business of DuPont de Nemours, Inc.",,no_match,NUTRITION AND BIOSCIENCES BUSINESS OF DUPONT NEMOURS,International Flavors & Fragrances Inc.,IFF,normalized_exact,INTERNATIONAL FLAVORS AND FRAGRANCES,"DuPont de Nemours, Inc.",Acquisition of Asset or Branch,23471.713739,15971.713739,Completed,Biotechnology,USA
SPTRD1669803,2019-12-12,2020-05-15,"21st Century Oncology, Inc.*",,no_match,21ST CENTURY ONCOLOGY,Genesis Care Pty Limited,,no_match,GENESIS CARE PTY,Investor Group,Acquisition of Whole Company (incl. Majority Stake),1050.0,1050.0,Completed,Health Care Services,USA
SPTRD1662215,2019-12-11,2020-01-31,U.S. Ice Cream Business Of Nestlé S.A.*,,no_match,U S ICE CREAM BUSINESS OF NESTL S A,Froneri International Limited,,no_match,FRONERI INTERNATIONAL,Nestlé S.A.,Acquisition of Asset or Branch,4000.0,,Completed,Packaged Foods and Meats Producers,USA
SPTRD1660798,2019-12-09,2020-01-15,"ArQule, Inc.*",,no_match,ARQULE,Merck Sharp & Dohme Corp.,,no_match,MERCK SHARP AND DOHME,Pontifax Venture Capital,Acquisition of Whole Company (incl. Majority Stake),2468.928398,2625.758398,Completed,Biotechnology,USA
SPTRD1660426,2019-12-09,2020-01-23,"Synthorx, Inc.*",,no_match,SYNTHORX,Sanofi,SNY,normalized_exact,SANOFI,Investor Group,Acquisition of Whole Company (incl. Majority Stake),2308.799752,2455.832752,Completed,Biotechnology,USA
SPTRD1658543,2019-12-04,2020-03-20,"Instructure Holdings, Inc.*",,no_match,INSTRUCTURE,"Thoma Bravo, L.P.",,no_match,THOMA BRAVO,Investor Group,Acquisition of Whole Company (incl. Majority Stake),1951.515626,2019.988626,Completed,Application Software,USA
SPTRD1657684,2019-12-03,2020-03-13,AK Steel Holding Corporation,,no_match,AK STEEL,Cleveland-Cliffs Inc.,CLF,normalized_exact,CLEVELAND CLIFFS,,Acquisition of Whole Company (incl. Majority Stake),3041.032946,515.732946,Completed,Steel,USA
SPTRD1657361,2019-12-02,2020-01-14,"Audentes Therapeutics, Inc.*",,no_match,AUDENTES THERAPEUTICS,"Astellas US Holding, Inc.",,no_match,ASTELLAS US,Investor Group,Acquisition of Whole Company (incl. Majority Stake),2651.76837,2973.34337,Completed,Biotechnology,USA
SPTRD1655570,2019-11-27,2020-03-27,AVX Corporation,,no_match,AVX,Kyocera Corporation,,no_match,KYOCERA,,Acquisition of Minority Stake,1046.10651,1046.10651,Completed,Electronic Components,USA
SPTRD1654723,2019-11-25,2020-06-02,"Fortitude Group Holdings, LLC*",,no_match,FORTITUDE,Investor group,,no_match,INVESTOR,"American International Group, Inc.",Acquisition of Whole Company (incl. Majority Stake),1800.0,1800.0,Completed,Reinsurance,USA
SPTRD1655044,2019-11-25,2020-02-13,"StubHub, Inc.",STUB,normalized_exact,STUBHUB,viagogo Entertainment Inc,,no_match,VIAGOGO ENTERTAINMENT,eBay Inc.,Acquisition of Whole Company (incl. Majority Stake),4050.0,4050.0,Completed,Other Specialty Retail,USA
SPTRD1654429,2019-11-25,2020-10-06,TD Ameritrade Holding Corporation,,no_match,TD AMERITRADE,Charles Schwab Corporation,,no_match,CHARLES SCHWAB,,Acquisition of Whole Company (incl. Majority Stake),21761.072587,21761.072587,Completed,"Investment Banks, Brokers and Capital Markets",USA
SPTRD1654242,2019-11-24,2020-01-03,The Medicines Company*,,no_match,MEDICINES,Novartis AG,NVS,normalized_exact,NOVARTIS,"Eshelman Ventures, LLC",Acquisition of Whole Company (incl. Majority Stake),9299.569967,9677.945967,Completed,Biotechnology,USA
SPTRD1652543,2019-11-20,2020-01-03,Honey Science Corporation,,no_match,HONEY SCIENCE,"PayPal Holdings, Inc.",PYPL,normalized_exact,PAYPAL,,Acquisition of Whole Company (incl. Majority Stake),4000.0,4000.0,Completed,Interactive Media and Services,USA
SPTRD1676510,2019-11-20,2019-11-20,Optical Fiber of Triple T Broadband Public Company Limited,,no_match,OPTICAL FIBER OF TRIPLE T BROADBAND PUBLIC,Jasmine International Public Company Limited,,no_match,JASMINE INTERNATIONAL PUBLIC,Triple T Broadband Public Company Limited,Acquisition of Asset or Branch,1258.486508,1258.486508,Completed,Diversified Metals and Mining,USA
SPTRD1649785,2019-11-15,2020-02-13,"Promedior, Inc.*",,no_match,PROMEDIOR,Roche Holding AG,,no_match,ROCHE,Investor Group,Acquisition of Whole Company (incl. Majority Stake),1390.0,1390.0,Completed,Biotechnology,USA
SPTRD1649786,2019-11-14,2019-11-14,Onshore midstream gathering assets,,no_match,ONSHORE MIDSTREAM GATHERING ASSETS,Noble Midstream Partners LP,,no_match,NOBLE MIDSTREAM PARTNERS,"Noble Energy, Inc.",Acquisition of Asset or Branch,1541.006158,1541.006158,Completed,Oil and Gas Storage and Transportation,USA
SPTRD1676055,2019-11-13,2020-05-04,".org, The Public Interest Registry*",,no_match,ORG PUBLIC INTEREST REGISTRY,"Ethos Capital, L.L.C.",,no_match,ETHOS CAPITAL C,Internet Society,Acquisition of Whole Company (incl. Majority Stake),1135.0,1135.0,Completed,Interactive Media and Services,USA
SPTRD1648553,2019-11-13,2020-06-30,Tech Data Corporation,,no_match,TECH DATA,"Apollo Global Management, Inc.",APO,normalized_exact,APOLLO GLOBAL MANAGEMENT,,Acquisition of Whole Company (incl. Majority Stake),5879.182985,5262.425985,Completed,Technology Distributors,USA
SPTRD1647962,2019-11-12,2020-02-03,"Continental Building Products, Inc.*",,no_match,CONTINENTAL BUILDING PRODUCTS,"CertainTeed Gypsum & Ceiling USA, Inc.",,no_match,CERTAINTEED GYPSUM AND CEILING USA,"Lone Star Americas Acquisitions, Inc.",Acquisition of Whole Company (incl. Majority Stake),1437.763733,1300.561733,Completed,Building Products,USA
SPTRD1647035,2019-11-11,2019-12-24,"Carbonite, Inc.",,no_match,CARBONITE,Open Text Corporation,OTEX,normalized_exact,OPEN TEXT,PenderFund Capital Management Ltd.,Acquisition of Whole Company (incl. Majority Stake),1395.836449,847.870449,Completed,Internet Services and Infrastructure,USA
SPTRD1647179,2019-11-11,2020-06-15,KEMET Corporation,,no_match,KEMET,Yageo Corporation,,no_match,YAGEO,,Acquisition of Whole Company (incl. Majority Stake),1708.424132,1628.653132,Completed,Electronic Manufacturing Services,USA
SPTRD1644361,2019-11-06,2020-03-27,Aircastle Limited,,no_match,AIRCASTLE,Investor group,,no_match,INVESTOR,,Acquisition of Whole Company (incl. Majority Stake),6670.34984,1736.59584,Completed,Trading Companies and Distributors,USA
SPTRD1897424,2019-11-06,2020-01-07,WCG Holding IV Inc./WCG Market Intelligence & Insights Inc.,,no_match,WCG IV MARKET INTELLIGENCE AND INSIGHTS,"WCG Clinical, Inc.",,no_match,WCG CLINICAL,WCG Holding IV LLC,Acquisition of Whole Company (incl. Majority Stake),3177.252,3203.465,Completed,Unclassified,USA
SPTRD1646104,2019-11-06,2020-02-06,William Lyon Homes,,no_match,WILLIAM LYON HOMES,Taylor Morrison Home Corporation,TMHC,normalized_exact,TAYLOR MORRISON HOME,,Acquisition of Whole Company (incl. Majority Stake),2595.050968,950.900968,Completed,Homebuilding Producers,USA
SPTRD1643284,2019-11-04,2020-07-01,IBERIABANK Corporation,,no_match,IBERIABANK,First Horizon National Corporation,,no_match,FIRST HORIZON NATIONAL,,Acquisition of Whole Company (incl. Majority Stake),2419.080317,2419.080317,Completed,Bank,USA
SPTRD1643311,2019-11-04,2020-03-16,Pattern Energy Group Inc.*,,no_match,PATTERN ENERGY,Canada Pension Plan Investment Board,,no_match,CANADA PENSION PLAN INVESTMENT BOARD,,Acquisition of Whole Company (incl. Majority Stake),7468.661891,2633.661891,Completed,Renewable Electricity,USA
SPTRD1642456,2019-11-01,2021-01-14,"Fitbit, Inc.",,no_match,FITBIT,Google LLC,,no_match,GOOGLE,,Acquisition of Whole Company (incl. Majority Stake),1795.737672,2130.741672,Completed,Electronic Equipment and Instruments,USA
SPTRD1640911,2019-10-28,2021-01-07,Tiffany & Co.,,no_match,TIFFANY AND,"LVMH Moët Hennessy - Louis Vuitton, Société Européenne",,no_match,LVMH MO T HENNESSY LOUIS VUITTON SOCI T EUROP ENNE,Investor Group,Acquisition of Whole Company (incl. Majority Stake),17714.058189,16234.158189,Completed,Other Specialty Retail,USA
SPTRD1640698,2019-10-27,2020-02-04,Liberty Property Trust,,no_match,LIBERTY PROPERTY TRUST,"Prologis, Inc.",PLD,normalized_exact,PROLOGIS,,Acquisition of Whole Company (incl. Majority Stake),13211.87541,9858.43641,Completed,Diversified REIT,USA
SPTRD1633389,2019-10-22,2020-04-13,Carey Watermark Investors 2 Incorporated*,,no_match,CAREY WATERMARK INVESTORS 2,Carey Watermark Investors Incorporated,,no_match,CAREY WATERMARK INVESTORS,,Acquisition of Whole Company (incl. Majority Stake),2263.512379,1483.880379,Completed,Diversified REIT,USA
SPTRD1659715,2019-10-22,2020-01-31,Cision Ltd.,,no_match,CISION,"Platinum Equity Advisors, LLC",,no_match,PLATINUM EQUITY ADVISORS,,Acquisition of Whole Company (incl. Majority Stake),2782.81019,1528.27919,Completed,Application Software,USA
SPTRD1639529,2019-10-21,2019-12-20,"Dominion Energy Cove Point LNG, LP",,no_match,DOMINION ENERGY COVE POINT LNG,Brookfield Asset Management Inc.,BAM,normalized_exact,BROOKFIELD ASSET MANAGEMENT,"Dominion Energy, Inc.",Acquisition of Minority Stake,2078.0,2078.0,Completed,Oil and Gas Storage and Transportation,USA
SPTRD1630711,2019-10-21,2020-02-07,"Innophos Holdings, Inc.*",,no_match,INNOPHOS,Iris Parent LLC,,no_match,IRIS PARENT,,Acquisition of Whole Company (incl. Majority Stake),1003.549377,634.423377,Completed,Specialty Chemicals,USA
SPTRD1630591,2019-10-21,2019-12-31,Rabipur/RabAvert and Encepur Travel Vaccines of GlaxoSmithKline plc,,no_match,RABIPUR AND ENCEPUR TRAVEL VACCINES OF GLAXOSMITHKLINE,Bavarian Nordic A/S,,no_match,BAVARIAN NORDIC A S,GlaxoSmithKline plc,Acquisition of Asset or Branch,1078.6315203072,1078.6315203072,Completed,Pharmaceuticals,USA
SPTRD1630816,2019-10-21,2020-09-01,Santander BanCorp,,no_match,SANTANDER BANCORP,FirstBank Puerto Rico,,no_match,FIRSTBANK PUERTO RICO,"Santander Holdings USA, Inc.",Acquisition of Whole Company (incl. Majority Stake),1277.6,1277.6,Completed,Bank,USA
SPTRD1629511,2019-10-18,2019-12-04,Gathering system and gathering pipeline,,no_match,GATHERING SYSTEM AND GATHERING PIPELINE,DTE Energy Company,DTE,normalized_exact,DTE ENERGY,Investor group,Acquisition of Asset or Branch,2650.0,2650.0,Completed,Oil and Gas Storage and Transportation,USA
SPTRD1628089,2019-10-16,2020-01-28,"Achillion Pharmaceuticals, Inc.",,no_match,ACHILLION PHARMACEUTICALS,"Alexion Pharmaceuticals, Inc.",,no_match,ALEXION PHARMACEUTICALS,,Acquisition of Whole Company (incl. Majority Stake),1004.243346,1230.933346,Completed,Biotechnology,USA
SPTRD1812248,2019-10-15,2019-11-15,Bellagio Real Estate Assets*,,no_match,BELLAGIO REAL ESTATE ASSETS,"Blackstone Real Estate Income Trust, Inc.",,no_match,BLACKSTONE REAL ESTATE INCOME TRUST,MGM Resorts International,Acquisition of Asset or Branch,4250.0,4250.0,Completed,Real Estate Operating and Management,USA
SPTRD1675451,2019-10-15,2020-04-17,"CLP Healthcare Services, Inc.*",,no_match,CLP HEALTHCARE SERVICES,Investor Group,,no_match,INVESTOR,Investor Group,Acquisition of Whole Company (incl. Majority Stake),1000.0,1000.0,Completed,Health Care Facilities,USA
SPTRD1627623,2019-10-15,2020-03-02,"Cooper Lighting, LLC",,no_match,COOPER LIGHTING,Signify N.V.,,no_match,SIGNIFY N V,Eaton Corporation plc,Acquisition of Whole Company (incl. Majority Stake),1400.0,1400.0,Completed,Electrical Components and Equipment: Light,USA
SPTRD1626810,2019-10-14,2020-01-31,AECOM Management Services Inc.*,,no_match,AECOM MANAGEMENT SERVICES,Investor Group,,no_match,INVESTOR,AECOM,Acquisition of Whole Company (incl. Majority Stake),2405.0,2350.0,Completed,Aerospace and Defense,USA
SPTRD1626849,2019-10-14,2020-01-10,Jagged Peak Energy Inc.*,,no_match,JAGGED PEAK ENERGY,"Parsley Energy, Inc.",,no_match,PARSLEY ENERGY,"Quantum Energy Partners, LLC",Acquisition of Whole Company (incl. Majority Stake),2552.025674,1805.577674,Completed,Oil and Gas Exploration and Production,USA
SPTRD1625287,2019-10-10,2020-04-02,"Ra Pharmaceuticals, Inc.*",,no_match,RA PHARMACEUTICALS,UCB SA,,no_match,UCB,Investor Group,Acquisition of Whole Company (incl. Majority Stake),2198.592351,2458.562351,Completed,Biotechnology,USA
SPTRD1624932,2019-10-09,2020-10-31,Beach Holding Corporation,,no_match,BEACH,Leo Cable LP,,no_match,LEO CABLE,AT&T Inc.,Acquisition of Whole Company (incl. Majority Stake),1950.0,1950.0,Completed,Integrated Telecommunication Services,USA
SPTRD1622562,2019-10-03,2020-02-07,"Privilege Underwriters, Inc.*",,no_match,PRIVILEGE UNDERWRITERS,"HCC Insurance Holdings, Inc.",,no_match,HCC INSURANCE,Investor group,Acquisition of Whole Company (incl. Majority Stake),3100.0,3100.0,Completed,Property and Casualty,USA
SPTRD1623192,2019-10-01,2019-10-31,Big River Steel LLC,,no_match,BIG RIVER STEEL,United States Steel Corporation,,no_match,UNITED STATES STEEL,Investor Group,Acquisition of Minority Stake,1107.167325,,Completed,Steel,USA
SPTRD1622210,2019-10-01,2019-12-06,"Roan Resources, Inc.",,no_match,ROAN RESOURCES,"Citizen Energy Operating, LLC",,no_match,CITIZEN ENERGY OPERATING,Investor Group,Acquisition of Whole Company (incl. Majority Stake),1017.394366,236.288366,Completed,Oil and Gas Exploration and Production,USA
SPTRD1621408,2019-09-30,2020-01-31,"Brand Industrial Services, Inc.*",,no_match,BRAND INDUSTRIAL SERVICES,Brookfield Business Corporation,BBUC,normalized_exact,BROOKFIELD BUSINESS,"Clayton, Dubilier & Rice, LLC",Acquisition of Minority Stake,1300.0,1300.0,Completed,Construction and Engineering,USA
SPTRD1812329,2019-09-30,2019-12-10,"CIR III-1 REIT and ColFin Cobalt REIT, Inc.*",,no_match,CIR III 1 REIT AND COLFIN COBALT REIT,Blackstone Inc.,BX,normalized_exact,BLACKSTONE,"Colony Capital, Inc.",Acquisition of Whole Company (incl. Majority Stake),5700.0,5700.0,Completed,Unclassified,USA
SPTRD1621335,2019-09-30,2019-11-13,Central Penn pipeline,,no_match,CENTRAL PENN PIPELINE,"NextEra Energy Partners, LP",,no_match,NEXTERA ENERGY PARTNERS,Investor group,Acquisition of Asset or Branch,1280.0,1280.0,Completed,Oil and Gas Storage and Transportation,USA
SPTRD1726749,2019-09-26,2019-09-26,29 Million Square Foot Portfolio*,,no_match,29 MILLION SQUARE FOOT PORTFOLIO,Nuveen Investment Management Holdings Limited,,no_match,NUVEEN INVESTMENT MANAGEMENT,Blackstone Inc.,Acquisition of Asset or Branch,3000.0,3000.0,Completed,Real Estate Operating and Management,USA
SPTRD1619810,2019-09-24,2019-11-30,"Acquia, Inc.*",,no_match,ACQUIA,"Vista Equity Partners Management, LLC",,no_match,VISTA EQUITY PARTNERS MANAGEMENT,Investor Group,Acquisition of Whole Company (incl. Majority Stake),1000.0,,Completed,Application Software,USA
SPTRD1616906,2019-09-16,2019-10-22,"Alder Biopharmaceuticals, Inc.*",,no_match,ALDER BIOPHARMACEUTICALS,H. Lundbeck A/S,,no_match,H LUNDBECK A S,Investor Group,Acquisition of Whole Company (incl. Majority Stake),1625.15524,1841.10124,Completed,Biotechnology,USA
SPTRD1616907,2019-09-16,2019-12-05,SemGroup Corporation*,,no_match,SEMGROUP,Energy Transfer LP,ET,normalized_exact,ENERGY TRANSFER,,Acquisition of Whole Company (incl. Majority Stake),5213.474245,1377.808245,Completed,Oil and Gas Storage and Transportation,USA
SPTRD1616118,2019-09-12,2019-11-08,"Promontory Interfinancial Network, LLC*",,no_match,PROMONTORY INTERFINANCIAL NETWORK,Blackstone Inc.,BX,normalized_exact,BLACKSTONE,The Bank of New York Mellon Corporation,Acquisition of Whole Company (incl. Majority Stake),2500.0,2500.0,Completed,Specialty Finance: Commercial Focused,USA
SPTRD1614840,2019-09-09,2019-12-05,Aviation Capital Group LLC,,no_match,AVIATION CAPITAL,"TC Skyward Aviation U.S., Inc.",,no_match,TC SKYWARD AVIATION U S,Pacific Mutual Holding Company,Acquisition of Whole Company (incl. Majority Stake),12799.871,5983.0,Completed,Trading Companies and Distributors,USA
SPTRD1613810,2019-09-05,2019-10-10,"Assurance IQ, Inc.",,no_match,ASSURANCE IQ,"Prudential Financial, Inc.",PRU,normalized_exact,PRUDENTIAL FINANCIAL,,Acquisition of Whole Company (incl. Majority Stake),2312.0,2312.0,Completed,Insurance Technology,USA
SPTRD1645480,2019-09-03,2020-04-01,454 Single-Tenant Properties,,no_match,454 SINGLE TENANT PROPERTIES,Realty Income Corporation,O,normalized_exact,REALTY INCOME,Investor Group,Acquisition of Asset or Branch,1247.835296,1116.835296,Completed,Unclassified,USA
SPTRD1612879,2019-09-03,2019-10-01,APi Group Inc.,APG,normalized_exact,API,J2 Acquisition Limited,,no_match,J2 ACQUISITION,,Acquisition of Whole Company (incl. Majority Stake),2991.474022,3129.474022,Completed,Construction and Engineering,USA
SPTRD1612277,2019-08-30,2019-11-25,Kansas City Royals Baseball Corporation,,no_match,KANSAS CITY ROYALS BASEBALL,Private Investor,,no_match,PRIVATE INVESTOR,,Acquisition of Whole Company (incl. Majority Stake),1000.0,1000.0,Completed,Movies and Entertainment,USA
SPTRD1610878,2019-08-27,2020-12-18,All Alaska Operations of BP p.l.c. and BP Pipelines (Alaska) Inc.,,no_match,ALL ALASKA OPERATIONS OF BP C AND BP PIPELINES,Hilcorp Alaska LLC,,no_match,HILCORP ALASKA,Investor Group,Acquisition of Asset or Branch,5600.0,5600.0,Completed,Unclassified,USA
SPTRD1611216,2019-08-27,2020-04-17,"Tallgrass Energy, LP*",,no_match,TALLGRASS ENERGY,Investor group,,no_match,INVESTOR,,Acquisition of Whole Company (incl. Majority Stake),7337.188278,3501.754278,Completed,Oil and Gas Storage and Transportation,USA
SPTRD1610245,2019-08-26,2020-01-14,SRC Energy Inc.,,no_match,SRC ENERGY,"PDC Energy, Inc.",,no_match,PDC ENERGY,,Acquisition of Whole Company (incl. Majority Stake),1652.929581,1009.139581,Completed,Oil and Gas Exploration and Production,USA
SPTRD1610260,2019-08-26,2019-11-20,Worldwide Rights to Otezla of Celgene Corporation,,no_match,WORLDWIDE RIGHTS TO OTEZLA OF CELGENE,Amgen Inc.,AMGN,normalized_exact,AMGEN,Celgene Corporation,Acquisition of Asset or Branch,13400.0,13400.0,Completed,Biotechnology,USA
SPTRD1609719,2019-08-22,2019-10-07,"Carbon Black, Inc.*",,no_match,CARBON BLACK,VMware LLC,,no_match,VMWARE,Atlas Venture L.P.,Acquisition of Whole Company (incl. Majority Stake),2063.830443,2194.586443,Completed,Systems Software,USA
SPTRD1609789,2019-08-22,2019-12-30,"Pivotal Software, Inc.",,no_match,PIVOTAL SOFTWARE,VMware LLC,,no_match,VMWARE,Investor Group,Acquisition of Whole Company (incl. Majority Stake),2425.267501,3107.654501,Completed,Application Software,USA
SPTRD1608983,2019-08-21,2019-12-16,Cochin US pipeline system*,,no_match,COCHIN US PIPELINE SYSTEM,Pembina U.S. Corporation,,no_match,PEMBINA U S,"Kinder Morgan, Inc.",Acquisition of Asset or Branch,1546.0,1546.0,Completed,Oil and Gas Storage and Transportation,USA
SPTRD1609330,2019-08-21,2019-11-07,"Quest Nutrition, LLC",,no_match,QUEST NUTRITION,"Atkins Nutritionals Holdings, Inc.",,no_match,ATKINS NUTRITIONALS,,Acquisition of Whole Company (incl. Majority Stake),1000.0,1000.0,Completed,Packaged Foods and Meats Producers,USA
SPTRD1609248,2019-08-21,2019-10-01,"SignalFx, Inc.*",,no_match,SIGNALFX,Splunk Inc.,,no_match,SPLUNK,Investor Group,Acquisition of Whole Company (incl. Majority Stake),1050.0,,Completed,Application Software,USA
SPTRD1606976,2019-08-14,2019-12-19,"Presidio, Inc.*",,no_match,PRESIDIO,BC Partners LLP,,no_match,BC PARTNERS LLP,"AP VIII Aegis Holdings, L.P.",Acquisition of Whole Company (incl. Majority Stake),2456.527999,1459.627999,Completed,IT Consulting and Other Services,USA
SPTRD1606450,2019-08-13,2020-01-01,Mutual of Omaha Bank*,,no_match,MUTUAL OF OMAHA BANK,"CIT Bank, National Association",,no_match,CIT BANK NATIONAL ASSOCIATION,"Omaha Financial Holdings, Inc.",Acquisition of Whole Company (incl. Majority Stake),1000.0,1000.0,Completed,Bank,USA
SPTRD1606648,2019-08-13,2019-12-04,Viacom Inc.,,no_match,VIACOM,CBS Corporation,,no_match,CBS,,Acquisition of Whole Company (incl. Majority Stake),18290.138592,10005.138592,Completed,Movies and Entertainment,USA
SPTRD1606017,2019-08-12,2019-11-14,"Trinity Merger Corp., PBRELF I, BRELF III, BRELF IV, MgCo l, MgCo ll, MgCo III a",,no_match,TRINITY MERGER PBRELF I BRELF III BRELF IV MGCO MGCO LL MGCO III A,"BRELF II, LLC",,no_match,BRELF II,,Acquisition of Whole Company (incl. Majority Stake),1198.0,1198.0,Completed,Asset Management,USA
SPTRD1605739,2019-08-09,2020-01-09,"Wesco Aircraft Holdings, Inc.*",,no_match,WESCO AIRCRAFT,Pattonair Limited,,no_match,PATTONAIR,Investor Group,Acquisition of Whole Company (incl. Majority Stake),1874.451465,1122.726465,Completed,Trading Companies and Distributors,USA
SPTRD1605156,2019-08-08,2019-10-29,"Corindus Vascular Robotics, Inc.*",,no_match,CORINDUS VASCULAR ROBOTICS,"Siemens Medical Solutions USA, Inc.",,no_match,SIEMENS MEDICAL SOLUTIONS USA,Investor Group,Acquisition of Whole Company (incl. Majority Stake),1085.395837,1101.905837,Completed,Health Care Equipment,USA
SPTRD1605332,2019-08-08,2019-11-04,Enterprise security business of Symantec Corporation,,no_match,ENTERPRISE SECURITY BUSINESS OF SYMANTEC,Broadcom Inc.,AVGO,normalized_exact,BROADCOM,Symantec Corporation,Acquisition of Asset or Branch,10700.0,10700.0,Completed,Systems Software,USA
SPTRD1605189,2019-08-08,2019-08-22,iPipeline*,,no_match,IPIPELINE,"Roper Technologies, Inc.",ROP,normalized_exact,ROPER TECHNOLOGIES,"Thoma Bravo, LLC",Acquisition of Whole Company (incl. Majority Stake),1625.0,1625.0,Completed,Insurance Technology,USA
SPTRD1604738,2019-08-07,2019-12-04,Cambrex Corporation*,,no_match,CAMBREX,Permira Advisers Ltd.,,no_match,PERMIRA ADVISERS,Investor Group,Acquisition of Whole Company (incl. Majority Stake),2511.180269,2053.982269,Completed,Life Sciences Tools and Services,USA
SPTRD1604282,2019-08-06,2020-03-06,"Steadfast Income REIT, Inc.",,no_match,STEADFAST INCOME REIT,"Steadfast Apartment REIT, Inc.",,no_match,STEADFAST APARTMENT REIT,,Acquisition of Whole Company (incl. Majority Stake),1079.33775,695.52475,Completed,Multi-Family Residential REIT,USA
SPTRD1603746,2019-08-05,2019-11-18,"Gannett Co., Inc.",,no_match,GANNETT,New Media Investment Group Inc.,,no_match,MEDIA INVESTMENT,,Acquisition of Whole Company (incl. Majority Stake),1787.561126,1299.311126,Completed,Publishing,USA
SPTRD1603031,2019-08-02,2019-12-23,Arnott’s and certain of campbell’s international operations,,no_match,ARNOTT S AND CERTAIN OF CAMPBELL S INTERNATIONAL OPERATIONS,KKR & Co. Inc.,KKR,normalized_exact,KKR AND,Campbell Soup Company,Acquisition of Asset or Branch,2200.0,2200.0,Completed,Packaged Foods and Meats Producers,USA
SPTRD1872118,2019-08-02,2019-10-23,Manhattan Multifamily Portfolio,,no_match,MANHATTAN MULTIFAMILY PORTFOLIO,Undisclosed Buyer,,no_match,UNDISCLOSED BUYER,Brookfield Property Partners L.P.,Acquisition of Asset or Branch,1200.0,1200.0,Completed,Real Estate Operating and Management,USA
SPTRD1603053,2019-08-02,2019-10-11,"Navigant Consulting, Inc.*",,no_match,NAVIGANT CONSULTING,Guidehouse LLP,,no_match,GUIDEHOUSE LLP,,Acquisition of Whole Company (incl. Majority Stake),1143.383058,1125.312058,Completed,Research and Consulting Services,USA
SPTRD1602690,2019-07-31,2019-07-31,"Infiltrator Water Technologies, LLC",,no_match,INFILTRATOR WATER TECHNOLOGIES,"Advanced Drainage Systems, Inc.",WMS,normalized_exact,ADVANCED DRAINAGE SYSTEMS,Ontario Teachers' Pension Plan Board,Acquisition of Whole Company (incl. Majority Stake),1080.0,1080.0,Completed,Machinery and Supplies and Components: Industrial,USA
SPTRD1609608,2019-07-31,2019-12-30,"Thermal North America, Inc.",,no_match,THERMAL NORTH AMERICA,Antin Infrastructure Partners US Services LLC,,no_match,ANTIN INFRASTRUCTURE PARTNERS US SERVICES,Veolia Environnement S.A.,Acquisition of Asset or Branch,1250.0,1250.0,Completed,Electric Utilities,USA
SPTRD1637684,2019-07-30,2019-11-01,"2,800 Manhattan Rental Apartments*",,no_match,2 800 MANHATTAN RENTAL APARTMENTS,Investor Group,,no_match,INVESTOR,Investor Group,Acquisition of Asset or Branch,1200.0,1200.0,Completed,Real Estate Operating and Management,USA
SPTRD1601026,2019-07-29,2019-09-16,Exotic Metals Forming Company LLC,,no_match,EXOTIC METALS FORMING,Parker-Hannifin Corporation,PH,normalized_exact,PARKER HANNIFIN,Investor Group,Acquisition of Whole Company (incl. Majority Stake),1705.566,,Completed,Aerospace and Defense,USA
SPTRD1601016,2019-07-29,2019-11-08,"Genomic Health, Inc.",,no_match,GENOMIC HEALTH,Exact Sciences Corporation,,no_match,EXACT SCIENCES,Baker Bros. Advisors LP,Acquisition of Whole Company (incl. Majority Stake),2259.057346,2478.872346,Completed,Biotechnology,USA
SPTRD1600588,2019-07-26,2020-07-01,"Prepaid businesses of T-Mobile US, Inc.",,no_match,PREPAID BUSINESSES OF T MOBILE US,DISH Network Corporation,,no_match,DISH NETWORK,"T-Mobile US, Inc.",Acquisition of Asset or Branch,1400.0,1400.0,Completed,Wireless Telecommunication Services,USA
SPTRD1600216,2019-07-25,2020-05-26,Assets of USAA Investment Management Company,,no_match,ASSETS OF USAA INVESTMENT MANAGEMENT,Charles Schwab Corporation,,no_match,CHARLES SCHWAB,United Services Automobile Association,Acquisition of Asset or Branch,1800.0,1800.0,Completed,"Investment Banks, Brokers and Capital Markets",USA
SPTRD1600173,2019-07-25,2019-12-02,Smartphone modem business of Intel Corporation,,no_match,SMARTPHONE MODEM BUSINESS OF INTEL,Apple Inc.,AAPL,normalized_exact,APPLE,Intel Corporation,Acquisition of Asset or Branch,1000.0,1000.0,Completed,Semiconductors,USA
SPTRD1812691,2019-07-16,2019-07-16,Benchmark Senior Living Portfolio*,,no_match,BENCHMARK SENIOR LIVING PORTFOLIO,KKR & Co. Inc.,KKR,normalized_exact,KKR AND,Welltower Inc.,Acquisition of Asset or Branch,1850.0,1826.0,Completed,Health Care Facilities,USA
SPTRD1973809,2019-07-16,2019-07-16,"Definitive Healthcare, LLC*",DH,normalized_exact,DEFINITIVE HEALTHCARE,Advent International Corporation,,no_match,ADVENT INTERNATIONAL,,Acquisition of Whole Company (incl. Majority Stake),1682.554,1699.612,Completed,Health Care Technology,USA
SPTRD1596357,2019-07-15,2019-12-20,"Carrizo Oil & Gas, Inc.",,no_match,CARRIZO OIL AND GAS,Callon Petroleum Company,,no_match,CALLON PETROLEUM,,Acquisition of Whole Company (incl. Majority Stake),2789.44304,794.89004,Completed,Oil and Gas Exploration and Production,USA
SPTRD1596454,2019-07-15,2020-01-08,Industrial Property Trust Inc.*,,no_match,INDUSTRIAL PROPERTY TRUST,"Prologis, Inc.",PLD,normalized_exact,PROLOGIS,,Acquisition of Whole Company (incl. Majority Stake),3791.658483,2214.375483,Completed,Industrial REIT,USA
SPTRD1637207,2019-07-15,2019-08-23,Real Estate of 11 Acute Care Hospitals and 2 Behavioral Health Facilities,,no_match,REAL ESTATE OF 11 ACUTE CARE HOSPITALS AND 2 BEHAVIORAL HEALTH FACILITIES,"MPT Operating Partnership, L.P.",,no_match,MPT OPERATING PARTNERSHIP,"Prospect Medical Holdings, Inc.",Acquisition of Asset or Branch,1400.0,1400.0,Completed,Health Care Facilities,USA
SPTRD1595713,2019-07-12,2019-11-21,Milacron Holdings Corp.,,no_match,MILACRON,"Hillenbrand, Inc.",,no_match,HILLENBRAND,,Acquisition of Whole Company (incl. Majority Stake),2000.788817,1338.188817,Completed,Machinery and Supplies and Components: Industrial,USA
SPTRD1595778,2019-07-12,2019-09-30,"Tower International, Inc.",,no_match,TOWER INTERNATIONAL,"Autokiniton US Holdings, Inc.",,no_match,AUTOKINITON US,,Acquisition of Whole Company (incl. Majority Stake),1050.330142,661.743142,Completed,Automotive Parts and Equipment,USA
SPTRD1595285,2019-07-11,2019-08-23,"BioTek Instruments, Inc.",,no_match,BIOTEK INSTRUMENTS,"Agilent Technologies, Inc.",A,normalized_exact,AGILENT TECHNOLOGIES,,Acquisition of Whole Company (incl. Majority Stake),1170.0,1170.0,Completed,Electronic Equipment and Instruments,USA
SPTRD1594364,2019-07-09,2021-03-01,"Acacia Communications, Inc.",,no_match,ACACIA COMMUNICATIONS,"Cisco Systems, Inc.",CSCO,normalized_exact,CISCO SYSTEMS,,Acquisition of Whole Company (incl. Majority Stake),4554.636661,5122.887661,Completed,Communications Equipment,USA
SPTRD1592489,2019-07-03,2019-09-30,NorthStar Realty Europe Corp.,,no_match,NORTHSTAR REALTY EUROPE,AXA Investment Managers - Real Assets,,no_match,AXA INVESTMENT MANAGERS REAL ASSETS,,Acquisition of Whole Company (incl. Majority Stake),1058.9975,885.9545,Completed,Office REIT,USA
SPTRD1592115,2019-07-02,2019-08-01,Columbia Midstream Group LLC,,no_match,COLUMBIA MIDSTREAM,"UGI Appalachia, LLC",,no_match,UGI APPALACHIA,TC Energy Corporation,Acquisition of Whole Company (incl. Majority Stake),1187.0,1187.0,Completed,Oil and Gas Storage and Transportation,USA
SPTRD1591056,2019-07-01,2019-12-30,Genesee & Wyoming Inc.*,,no_match,GENESEE AND WYOMING,Investor Group,,no_match,INVESTOR,"Blue Harbour Group, L.P.",Acquisition of Whole Company (incl. Majority Stake),9354.930029,6461.125029,Completed,Rail Transportation,USA
SPTRD1590957,2019-07-01,2019-12-30,Reinhart FoodService L.L.C./Associated Real Estate Companies,,no_match,REINHART FOODSERVICE C REAL ESTATE,Performance Food Group Company,PFGC,normalized_exact,PERFORMANCE FOOD,Investor Group,Acquisition of Whole Company (incl. Majority Stake),2000.0,2000.0,Completed,Food Distributors,USA
SPTRD1820652,2019-06-28,2019-07-18,Portfolio of Eleven Properties,,no_match,PORTFOLIO OF ELEVEN PROPERTIES,Prime US REIT,,no_match,PRIME US REIT,"KBS Real Estate Investment Trust III, Inc.",Acquisition of Asset or Branch,1222.15,1222.15,Completed,Real Estate Operating and Management,USA
SPTRD1636853,2019-06-28,2019-06-28,Two Class A Office Buildings in Seattle,,no_match,TWO CLASS A OFFICE BUILDINGS IN SEATTLE,Equity Office Properties Trust,,no_match,EQUITY OFFICE PROPERTIES TRUST,"Ivanhoé Cambridge, Inc.",Acquisition of Asset or Branch,1200.0,1200.0,Completed,Real Estate Operating and Management,USA
SPTRD1588973,2019-06-25,2019-10-08,"Cube Hydro Partners, LLC/Helix Partners, LLC*",,no_match,CUBE HYDRO PARTNERS PARTNERS,Ontario Power Generation Inc.,,no_match,ONTARIO POWER GENERATION,I Squared Capital,Acquisition of Whole Company (incl. Majority Stake),1123.0,,Completed,Asset Management,USA
SPTRD1588345,2019-06-24,2020-07-20,Caesars Entertainment Corporation,CZR,normalized_exact,CAESARS ENTERTAINMENT,"Eldorado Resorts, Inc.",,no_match,ELDORADO RESORTS,Investor Group,Acquisition of Whole Company (incl. Majority Stake),17006.43781,11145.43781,Completed,Casinos and Gaming,USA
SPTRD1636581,2019-06-24,2020-07-20,"Land & Real Estate Assets of Harrah's New Orleans, Harrah's Laughlin and Harrah'",,no_match,LAND AND REAL ESTATE ASSETS OF HARRAH S ORLEANS HARRAH S LAUGHLIN AND HARRAH,VICI Properties L.P.,VICI,normalized_exact,VICI PROPERTIES,"Eldorado Resorts, Inc.",Acquisition of Asset or Branch,1823.5,1823.5,Completed,Real Estate Operating and Management,USA
SPTRD1588182,2019-06-20,2019-09-13,"Equian, LLC*",,no_match,EQUIAN,UnitedHealth Group Incorporated,UNH,normalized_exact,UNITEDHEALTH,"New Mountain Capital, L.L.C.",Acquisition of Whole Company (incl. Majority Stake),3200.0,3200.0,Completed,Health Care Technology,USA
SPTRD1586481,2019-06-18,2019-10-01,Asset of Ditech Financial's forward mortgage servicing and originations business*,,no_match,ASSET OF DITECH FINANCIAL S FORWARD MORTGAGE SERVICING AND ORIGINATIONS BUSINESS,New Residential Investment Corp.,,no_match,RESIDENTIAL INVESTMENT,Ditech Holding Corporation,Acquisition of Asset or Branch,1200.0,,Completed,Mortgage Banks and Brokers,USA
SPTRD1586180,2019-06-17,2019-07-29,Array BioPharma Inc.,,no_match,ARRAY BIOPHARMA,Pfizer Inc.,PFE,normalized_exact,PFIZER,,Acquisition of Whole Company (incl. Majority Stake),11076.254483,11365.097483,Completed,Biotechnology,USA
SPTRD1586061,2019-06-17,2019-10-31,"LegacyTexas Financial Group, Inc.",,no_match,LEGACYTEXAS FINANCIAL,"Prosperity Bancshares, Inc.",PB,normalized_exact,PROSPERITY BANCSHARES,,Acquisition of Whole Company (incl. Majority Stake),2201.704378,2201.704378,Completed,Bank,USA
SPTRD1586230,2019-06-17,2019-10-03,Sotheby's,,no_match,SOTHEBY S,Undisclosed Buyer,,no_match,UNDISCLOSED BUYER,Investor Group,Acquisition of Whole Company (incl. Majority Stake),3831.694196,2720.372196,Completed,Specialized Consumer Services,USA
SPTRD1584426,2019-06-12,2019-10-28,"Medidata Solutions, Inc.",,no_match,MEDIDATA SOLUTIONS,Dassault Systemes Americas Corp.,,no_match,DASSAULT SYSTEMES AMERICAS,,Acquisition of Whole Company (incl. Majority Stake),5917.499759,5924.596759,Completed,Health Care Technology,USA
SPTRD1584247,2019-06-11,2020-02-01,Shell Martinez Refinery and Shell Martinez Truck Rack of Equilon Enterprises LLC,,no_match,SHELL MARTINEZ REFINERY AND SHELL MARTINEZ TRUCK RACK OF EQUILON ENTERPRISES,PBF Holding Company LLC,,no_match,PBF,Equilon Enterprises LLC,Acquisition of Asset or Branch,1600.0,1600.0,Completed,Oil and Gas Refining and Marketing,USA
SPTRD1583614,2019-06-10,2019-07-16,Covey Park Energy LLC*,,no_match,COVEY PARK ENERGY,"Comstock Resources, Inc.",CRK,normalized_exact,COMSTOCK RESOURCES,Denham Capital Management LP,Acquisition of Whole Company (incl. Majority Stake),2707.59019,1037.73019,Completed,Oil and Gas Exploration and Production,USA
SPTRD1583688,2019-06-10,2019-09-25,"Shutterfly, Inc.*",,no_match,SHUTTERFLY,"Apollo Global Management, LLC",APO,normalized_exact,APOLLO GLOBAL MANAGEMENT,,Acquisition of Whole Company (incl. Majority Stake),2797.059973,1879.289973,Completed,Other Specialty Retail,USA
SPTRD1583570,2019-06-10,2019-07-31,"Tableau Software, LLC",,no_match,TABLEAU SOFTWARE,"salesforce.com, inc.",,no_match,SALESFORCE COM,,Acquisition of Whole Company (incl. Majority Stake),15884.761293,16655.663293,Completed,Systems Software,USA
SPTRD1583349,2019-06-09,2020-04-03,Raytheon Company,,no_match,RAYTHEON,United Technologies Corporation,,no_match,UNITED TECHNOLOGIES,,Acquisition of Whole Company (incl. Majority Stake),57846.021575,56427.021575,Completed,Aerospace and Defense,USA
SPTRD1582702,2019-06-06,2019-07-16,"Exonics Therapeutics, Inc.",,no_match,EXONICS THERAPEUTICS,Vertex Pharmaceuticals Incorporated,VRTX,normalized_exact,VERTEX PHARMACEUTICALS,,Acquisition of Whole Company (incl. Majority Stake),1043.0,,Completed,Biotechnology,USA
SPTRD1582542,2019-06-06,2020-02-13,"Looker Data Sciences, Inc.",,no_match,LOOKER DATA SCIENCES,Google LLC,,no_match,GOOGLE,,Acquisition of Whole Company (incl. Majority Stake),2600.0,2600.0,Completed,Application Software,USA
SPTRD1581967,2019-06-05,2019-08-01,Pregis LLC*,,no_match,PREGIS,Warburg Pincus LLC,,no_match,WARBURG PINCUS,"Olympus Advisors, LLC",Acquisition of Whole Company (incl. Majority Stake),1300.0,1300.0,Completed,"Containers and Packaging: Metal, Glass, and Plastic",USA
SPTRD1581008,2019-06-03,2019-08-31,"Capital Vision Services, LLC",,no_match,CAPITAL VISION SERVICES,"Goldman Sachs Group, Inc.",GS,normalized_exact,GOLDMAN SACHS,Investor group,Acquisition of Whole Company (incl. Majority Stake),2700.0,,Completed,Health Care Services,USA
SPTRD1580896,2019-06-03,2020-04-16,Cypress Semiconductor Corporation,,no_match,CYPRESS SEMICONDUCTOR,Infineon Technologies AG,,no_match,INFINEON TECHNOLOGIES,,Acquisition of Whole Company (incl. Majority Stake),9792.311778,9843.517778,Completed,Semiconductors,USA
SPTRD1580872,2019-06-03,2020-07-29,El Paso Electric Company,,no_match,EL PASO ELECTRIC,J.P. Morgan Investment Management Inc.,,no_match,J MORGAN INVESTMENT MANAGEMENT,,Acquisition of Whole Company (incl. Majority Stake),4370.652387,2801.140387,Completed,Electric Utilities,USA
SPTRD1813047,2019-06-03,2019-09-20,Master Trust 2014 Owned Properties Of Spirit MTA REIT And Three Assets of Spirit,,no_match,MASTER TRUST 2014 OWNED PROPERTIES OF SPIRIT MTA REIT AND THREE ASSETS OF SPIRIT,Hospitality Properties Trust,,no_match,HOSPITALITY PROPERTIES TRUST,Investor Group,Acquisition of Asset or Branch,2400.0,2400.0,Completed,Real Estate Operating and Management,USA
SPTRD1813057,2019-06-02,2019-09-26,179 million square feet of Infill Logistics Assets*,,no_match,179 MILLION SQUARE FEET OF INFILL LOGISTICS ASSETS,Investor Group,,no_match,INVESTOR,GLP Pte. Ltd.,Acquisition of Asset or Branch,18700.0,18005.0,Completed,Real Estate Operating and Management,USA
SPTRD1649100,2019-05-29,2019-08-31,"Ensemble Health Partners, Inc.*",,no_match,ENSEMBLE HEALTH PARTNERS,Golden Gate Capital,,no_match,GOLDEN GATE CAPITAL,"Bon Secours Mercy Health, Inc.",Acquisition of Whole Company (incl. Majority Stake),1180.0,1180.0,Completed,Health Care Technology,USA
SPTRD1579731,2019-05-29,2020-05-01,Operations and all associated assets of Frontier Communications Corporation*,,no_match,OPERATIONS AND ALL ASSOCIATED ASSETS OF FRONTIER COMMUNICATIONS,Investor group,,no_match,INVESTOR,Frontier Communications Corporation,Acquisition of Asset or Branch,1352.0,1352.0,Completed,Integrated Telecommunication Services,USA
SPTRD1579099,2019-05-28,2019-09-17,"Total System Services, Inc.",,no_match,TOTAL SYSTEM SERVICES,Global Payments Inc.,GPN,normalized_exact,GLOBAL PAYMENTS,,Acquisition of Whole Company (incl. Majority Stake),24121.493637,24121.493637,Completed,Payment Processors,USA
SPTRD1577568,2019-05-22,2020-01-03,"Avon Products, Inc.",,no_match,AVON PRODUCTS,Natura Cosméticos S.A.,,no_match,NATURA COSM TICOS S A,Investor Group,Acquisition of Whole Company (incl. Majority Stake),3692.166032,2473.566032,Completed,Personal Care and Beauty Products: Producers,USA
SPTRD1576970,2019-05-21,2019-07-30,"Peloton Therapeutics, Inc.*",,no_match,PELOTON THERAPEUTICS,"Merck & Co., Inc.",MRK,normalized_exact,MERCK AND,Investor Group,Acquisition of Whole Company (incl. Majority Stake),2033.249,,Completed,Pharmaceuticals,USA
SPTRD1576106,2019-05-17,2019-09-25,Cray Inc.,,no_match,CRAY,Hewlett Packard Enterprise Company,HPE,normalized_exact,HEWLETT PACKARD ENTERPRISE,Investor Group,Acquisition of Whole Company (incl. Majority Stake),1394.304628,1497.328628,Completed,"Technology Hardware, Storage and Peripherals",USA
SPTRD1573467,2019-05-10,2019-11-01,"Buckeye Partners, L.P.",,no_match,BUCKEYE PARTNERS,IFM Investors Pty Ltd.,,no_match,IFM INVESTORS PTY,,Acquisition of Whole Company (incl. Majority Stake),10525.711233,6536.887233,Completed,Oil and Gas Storage and Transportation,USA
SPTRD1573022,2019-05-09,2019-08-02,"Advisor Group, Inc.*",,no_match,ADVISOR,"Reverence Capital Partners, L.P.",,no_match,REVERENCE CAPITAL PARTNERS,Investor group,Acquisition of Whole Company (incl. Majority Stake),2000.0,2000.0,Completed,"Investment Banks, Brokers and Capital Markets",USA
SPTRD1572357,2019-05-08,2019-07-30,Andeavor Logistics LP*,,no_match,ANDEAVOR LOGISTICS,MPLX LP,MPLX,normalized_exact,MPLX,,Acquisition of Minority Stake,2901.146252,2901.146252,Completed,Oil and Gas Storage and Transportation,USA
SPTRD1572660,2019-05-08,2019-07-01,"Xiidra of Shire US, Inc.",,no_match,XIIDRA OF SHIRE US,Novartis AG,NVS,normalized_exact,NOVARTIS,"Shire US, Inc.",Acquisition of Asset or Branch,5300.0,5300.0,Completed,Pharmaceuticals,USA
SPTRD1572340,2019-05-08,2020-03-09,Zayo Group Holdings Inc.,,no_match,ZAYO,Investor group,,no_match,INVESTOR,,Acquisition of Whole Company (incl. Majority Stake),14643.837435,8388.437435,Completed,Alternative Carriers,USA
SPTRD1571289,2019-05-06,2019-09-18,Chesapeake Lodging Trust,,no_match,CHESAPEAKE LODGING TRUST,Park Hotels & Resorts Inc.,PK,normalized_exact,PARK HOTELS AND RESORTS,,Acquisition of Whole Company (incl. Majority Stake),2779.129363,1656.028363,Completed,Hotel and Resort REIT,USA
SPTRD1571016,2019-05-03,2019-08-23,Fox Sports Net LLC,,no_match,FOX SPORTS NET,"Diamond Sports Group, LLC",,no_match,DIAMOND SPORTS,Walt Disney Company,Acquisition of Whole Company (incl. Majority Stake),10600.0,9600.0,Completed,Broadcasting,USA
SPTRD1570274,2019-05-02,2019-10-11,"Acelity, Inc.",,no_match,ACELITY,3M Company,,no_match,3M,Acelity L.P. Inc.,Acquisition of Whole Company (incl. Majority Stake),6725.0,4445.2,Completed,Health Care Equipment,USA
SPTRD1570171,2019-05-01,2020-02-01,"Cura Partners, Inc.*",,no_match,CURA PARTNERS,"Curaleaf Holdings, Inc.",,no_match,CURALEAF,Measure 8 Ventures Management LLC,Acquisition of Whole Company (incl. Majority Stake),1147.561864,1147.561864,Completed,Pharmaceuticals,USA
SPTRD1569554,2019-04-30,2020-02-29,Industrial Segment Business of Ingersoll-Rand plc,,no_match,INDUSTRIAL SEGMENT BUSINESS OF INGERSOLL RAND,"Gardner Denver Holdings, Inc.",,no_match,GARDNER DENVER,Ingersoll-Rand Plc,Acquisition of Asset or Branch,8785.9,8785.9,Completed,Machinery and Supplies and Components: Industrial,USA
SPTRD1569428,2019-04-30,2019-10-24,LBCT LLC,,no_match,LBCT,Macquarie Infrastructure and Real Assets,,no_match,MACQUARIE INFRASTRUCTURE AND REAL ASSETS,Investor Group,Acquisition of Whole Company (incl. Majority Stake),1780.0,1780.0,Completed,Marine Ports and Services,USA
SPTRD1569188,2019-04-29,2019-10-29,LORD Corporation,,no_match,LORD,Parker-Hannifin Corporation,PH,normalized_exact,PARKER HANNIFIN,"Jura, LLC",Acquisition of Whole Company (incl. Majority Stake),3675.0,,Completed,Specialty Chemicals,USA
SPTRD1569615,2019-04-29,2019-08-30,"WageWorks, Inc.",,no_match,WAGEWORKS,"HealthEquity, Inc.",HQY,normalized_exact,HEALTHEQUITY,,Acquisition of Whole Company (incl. Majority Stake),1349.177792,2135.534792,Completed,Human Resource and Employment Services,USA
SPTRD1567769,2019-04-24,2019-08-08,Anadarko Petroleum Corporation,,no_match,ANADARKO PETROLEUM,Occidental Petroleum Corporation,OXY,normalized_exact,OCCIDENTAL PETROLEUM,,Acquisition of Whole Company (incl. Majority Stake),57154.764722,36793.764722,Completed,Oil and Gas Exploration and Production,USA
SPTRD1567803,2019-04-24,2019-09-06,Commercial renewable energy portfolio,,no_match,COMMERCIAL RENEWABLE ENERGY PORTFOLIO,John Hancock Life Insurance Company (U.S.A.),,no_match,JOHN HANCOCK LIFE INSURANCE,Duke Energy Corporation,Acquisition of Asset or Branch,1250.0,,Completed,Renewable Electricity,USA
SPTRD1567318,2019-04-23,2019-05-31,Deep Water Gulf of Mexico Assets of LLOG Exploration Offshore LLC and LLOG Bluew,,no_match,DEEP WATER GULF OF MEXICO ASSETS OF LLOG EXPLORATION OFFSHORE AND LLOG BLUEW,Murphy Exploration & Production Company – USA,,no_match,MURPHY EXPLORATION AND PRODUCTION USA,Investor Group,Acquisition of Asset or Branch,1477.0,1477.0,Completed,Oil and Gas Exploration and Production,USA
SPTRD1567451,2019-04-23,2019-12-27,"JR Automation Technologies, LLC*",,no_match,JR AUTOMATION TECHNOLOGIES,"Hitachi, Ltd.",,no_match,HITACHI,"Crestview Advisors, L.L.C.",Acquisition of Whole Company (incl. Majority Stake),1425.0,1425.0,Completed,Machinery and Supplies and Components: Industrial,USA
SPTRD1635804,2019-04-23,2019-06-14,Office Space at 30 Hudson Yards,,no_match,OFFICE SPACE AT 30 HUDSON YARDS,Investor Group,,no_match,INVESTOR,"Warner Media, LLC",Acquisition of Asset or Branch,2200.0,2200.0,Completed,Real Estate Operating and Management,USA
SPTRD1871711,2019-04-18,2019-04-18,Upper Fifth Avenue And Times Square Retail Portfolio,,no_match,UPPER FIFTH AVENUE AND TIMES SQUARE RETAIL PORTFOLIO,Investor Group,,no_match,INVESTOR,Vornado Realty L.P.,Acquisition of Asset or Branch,1310.0,1310.0,Completed,Real Estate Operating and Management,USA
SPTRD1565043,2019-04-16,2019-05-01,Cloverleaf Cold Storage Co.,,no_match,CLOVERLEAF COLD STORAGE,Americold Realty Trust,COLD,normalized_exact,AMERICOLD REALTY TRUST,Investor group,Acquisition of Whole Company (incl. Majority Stake),1241.521,1241.521,Completed,Diversified Support Services,USA
SPTRD1565189,2019-04-16,2019-06-18,"Smart & Final Stores, Inc.",,no_match,SMART AND FINAL STORES,"Apollo Global Management, LLC",APO,normalized_exact,APOLLO GLOBAL MANAGEMENT,Ares Management Corporation,Acquisition of Whole Company (incl. Majority Stake),1093.049984,497.181984,Completed,Food Retail,USA
SPTRD1564579,2019-04-15,2020-10-30,"Advanced Disposal Services, Inc.",,no_match,ADVANCED DISPOSAL SERVICES,"Waste Management, Inc.",WM,normalized_exact,WASTE MANAGEMENT,Investor Group,Acquisition of Whole Company (incl. Majority Stake),4561.188368,2785.588368,Completed,Environmental and Facilities Services,USA
SPTRD1564619,2019-04-15,2019-07-23,"Electronics for Imaging, Inc.*",,no_match,ELECTRONICS FOR IMAGING,"Siris Capital Group, LLC",,no_match,SIRIS CAPITAL,Investor Group,Acquisition of Whole Company (incl. Majority Stake),1805.891228,1700.113228,Completed,"Technology Hardware, Storage and Peripherals",USA
SPTRD1565066,2019-04-15,2019-04-15,"Hulu, LLC",,no_match,HULU,Investor Group,,no_match,INVESTOR,AT&T Inc.,Acquisition of Minority Stake,1430.0,1430.0,Completed,Broadcasting,USA
SPTRD1564594,2019-04-15,2019-05-17,"Paragon Bioservices, Inc.*",,no_match,PARAGON BIOSERVICES,"Catalent Pharma Solutions, Inc.",,no_match,CATALENT PHARMA SOLUTIONS,Investor Group,Acquisition of Whole Company (incl. Majority Stake),1180.75839,1200.0,Completed,Pharmaceuticals,USA
SPTRD1564446,2019-04-14,2019-07-01,"Epsilon Data Management, LLC",,no_match,EPSILON DATA MANAGEMENT,Publicis Groupe S.A.,,no_match,PUBLICIS GROUPE S A,Alliance Data Systems Corporation,Acquisition of Whole Company (incl. Majority Stake),4400.0,4400.0,Completed,Advertising,USA
SPTRD1563788,2019-04-11,2019-10-04,"Carter Validus Mission Critical REIT, Inc.",,no_match,CARTER VALIDUS MISSION CRITICAL REIT,"Carter Validus Mission Critical REIT II, Inc.",,no_match,CARTER VALIDUS MISSION CRITICAL REIT II,,Acquisition of Whole Company (incl. Majority Stake),1203.203617,962.943617,Completed,Diversified REIT,USA
SPTRD1563272,2019-04-10,2019-07-12,"Global Brass and Copper Holdings, Inc.",,no_match,GLOBAL BRASS AND COPPER,Wieland-Werke Aktiengesellschaft,,no_match,WIELAND WERKE AKTIENGESELLSCHAFT,,Acquisition of Whole Company (incl. Majority Stake),1209.915481,998.815481,Completed,Diversified Metals and Mining,USA
SPTRD1562706,2019-04-09,2019-07-01,Institutional Retirement & Trust business of Wells Fargo Bank NA,,no_match,INSTITUTIONAL RETIREMENT AND TRUST BUSINESS OF WELLS FARGO BANK NA,"Principal Financial Services, Inc.",,no_match,PRINCIPAL FINANCIAL SERVICES,Wells Fargo & Company,Acquisition of Asset or Branch,1350.0,1350.0,Completed,Asset Management,USA
SPTRD1565072,2019-04-04,2019-07-26,"Liberty Expedia Holdings, Inc.",,no_match,LIBERTY EXPEDIA,"Expedia Group, Inc.",EXPE,normalized_exact,EXPEDIA,,Acquisition of Whole Company (incl. Majority Stake),17869.50376,2915.50376,Completed,"Hotels, Resorts and Cruise Lines",USA
SPTRD1559603,2019-04-02,2019-08-21,"AmeriGas Partners, L.P.",,no_match,AMERIGAS PARTNERS,UGI Corporation,UGI,normalized_exact,UGI,,Acquisition of Whole Company (incl. Majority Stake),5074.758038,2215.232038,Completed,Gas Utilities,USA
SPTRD1559648,2019-04-02,2019-10-01,IDS Property Casualty Insurance Company,,no_match,IDS PROPERTY CASUALTY INSURANCE,American Family Insurance Mutual Holding Company,,no_match,AMERICAN FAMILY INSURANCE MUTUAL,"Ameriprise Financial, Inc.",Acquisition of Whole Company (incl. Majority Stake),1135.0,1135.0,Completed,Property and Casualty,USA
SPTRD1559688,2019-04-02,,Substantially all assets of Oryx Southern Delaware/ Substantially all assets of,,no_match,SUBSTANTIALLY ALL ASSETS OF ORYX SOUTHERN SUBSTANTIALLY ALL ASSETS OF,Stonepeak Partners LP,,no_match,STONEPEAK PARTNERS,Investor Group,Acquisition of Asset or Branch,3600.0,3600.0,Announced,Oil and Gas Storage and Transportation,USA
SPTRD1559212,2019-04-01,2019-07-29,Cookies and Fruit Snacks Business of Kellogg Company,,no_match,COOKIES AND FRUIT SNACKS BUSINESS OF KELLOGG,Ferrero International S.A.,,no_match,FERRERO INTERNATIONAL S A,Kellogg Company,Acquisition of Asset or Branch,1300.0,1300.0,Completed,Packaged Foods and Meats Producers,USA
SPTRD1558987,2019-04-01,2019-05-07,"IFM Tre, Inc.",,no_match,IFM TRE,Novartis AG,NVS,normalized_exact,NOVARTIS,"IFM Therapeutics, LLC",Acquisition of Whole Company (incl. Majority Stake),1575.0,1575.0,Completed,Biotechnology,USA
SPTRD1558922,2019-03-31,2019-07-30,MG LLC*,,no_match,MG,Willis Towers Watson Public Limited Company,,no_match,WILLIS TOWERS WATSON PUBLIC,Clayton Dubilier & Rice LLC,Acquisition of Whole Company (incl. Majority Stake),1334.5,1334.5,Completed,Advertising,USA
SPTRD1557733,2019-03-27,2020-01-23,"WellCare Health Plans, Inc.",,no_match,WELLCARE HEALTH PLANS,Centene Corporation,CNC,normalized_exact,CENTENE,,Acquisition of Whole Company (incl. Majority Stake),17679.282153,17679.282153,Completed,Managed Care,USA
SPTRD1556601,2019-03-25,2019-06-14,"TIER REIT, Inc.",,no_match,TIER REIT,Cousins Properties Incorporated,CUZ,normalized_exact,COUSINS PROPERTIES,,Acquisition of Whole Company (incl. Majority Stake),2264.741614,1607.433614,Completed,Office REIT,USA
SPTRD1556315,2019-03-24,2019-04-30,"Brammer Bio, LLC*",,no_match,BRAMMER BIO,Thermo Fisher Scientific Inc.,TMO,normalized_exact,THERMO FISHER SCIENTIFIC,Ampersand Capital Partners,Acquisition of Whole Company (incl. Majority Stake),1700.0,1700.0,Completed,Biotechnology,USA
SPTRD1555529,2019-03-22,2020-01-02,IPSCO Tubulars Inc.,,no_match,IPSCO TUBULARS,Tenaris S.A.,,no_match,TENARIS S A,PAO TMK,Acquisition of Whole Company (incl. Majority Stake),1106.619365,1029.0,Completed,Steel,USA
SPTRD1554359,2019-03-19,2019-07-01,"HFF, Inc.",,no_match,HFF,Jones Lang LaSalle Incorporated,JLL,normalized_exact,JONES LANG LASALLE,,Acquisition of Whole Company (incl. Majority Stake),2687.334814,1914.330814,Completed,Real Estate Services,USA
SPTRD1554238,2019-03-18,2019-06-17,Utica East Ohio Midstream LLC / Williams Ohio Valley Midstream LLC,,no_match,UTICA EAST OHIO MIDSTREAM WILLIAMS OHIO VALLEY MIDSTREAM,Canada Pension Plan Investment Board,,no_match,CANADA PENSION PLAN INVESTMENT BOARD,"Williams Companies, Inc.",Acquisition of Minority Stake,1330.0,1330.0,Completed,Oil and Gas Storage and Transportation,USA
SPTRD1553739,2019-03-18,2019-07-31,"Worldpay, Inc.",,no_match,WORLDPAY,"Fidelity National Information Services, Inc.",FIS,normalized_exact,FIDELITY NATIONAL INFORMATION SERVICES,,Acquisition of Whole Company (incl. Majority Stake),42663.791608,42663.791608,Completed,Payment Processors,USA
SPTRD1553407,2019-03-15,2019-08-31,"Rabobank, National Association*",,no_match,RABOBANK NATIONAL ASSOCIATION,Mechanics Bank,,no_match,MECHANICS BANK,Coöperatieve Rabobank U.A.,Acquisition of Whole Company (incl. Majority Stake),1530.94475,1530.94475,Completed,Bank,USA
SPTRD1552851,2019-03-14,2019-04-02,"Eureka Midstream, LLC / Hornet Midstream Pipeline LLC",,no_match,EUREKA MIDSTREAM HORNET MIDSTREAM PIPELINE,"EQM Midstream Partners, LP",,no_match,EQM MIDSTREAM PARTNERS,Morgan Stanley,Acquisition of Whole Company (incl. Majority Stake),1030.0,860.0,Completed,Oil and Gas Storage and Transportation,USA
SPTRD1552377,2019-03-13,2019-09-30,"Oaktree Capital Group, LLC/ Oaktree Capital Group Holdings, L.P.",,no_match,OAKTREE CAPITAL OAKTREE CAPITAL,Brookfield Asset Management Inc.,BAM,normalized_exact,BROOKFIELD ASSET MANAGEMENT,,Acquisition of Whole Company (incl. Majority Stake),4800.0,4800.0,Completed,Asset Management,USA
SPTRD1551352,2019-03-11,2020-04-27,"Mellanox Technologies, Ltd.",,no_match,MELLANOX TECHNOLOGIES,NVIDIA Corporation,NVDA,normalized_exact,NVIDIA,,Acquisition of Whole Company (incl. Majority Stake),6543.879113,7339.022113,Completed,Semiconductors,USA
SPTRD1611871,2019-03-08,2019-08-29,"Yankees Entertainment & Sports Network, LLC d/b/a YES Network*",,no_match,YANKEES ENTERTAINMENT AND SPORTS NETWORK D B A YES NETWORK,Investor group,,no_match,INVESTOR,Walt Disney Company,Acquisition of Whole Company (incl. Majority Stake),2776.0,2776.0,Completed,Movies and Entertainment,USA
SPTRD1550655,2019-03-06,2019-04-30,"Turnitin, LLC",,no_match,TURNITIN,"Advance Publications, Inc.",,no_match,ADVANCE PUBLICATIONS,,Acquisition of Whole Company (incl. Majority Stake),1750.0,1750.0,Completed,Application Software,USA
SPTRD1548343,2019-03-04,2019-06-11,Six wind and solar projects,,no_match,SIX WIND AND SOLAR PROJECTS,"NextEra Energy Partners, LP",,no_match,NEXTERA ENERGY PARTNERS,NextEra Energy Resources LLC,Acquisition of Asset or Branch,1020.0,1020.0,Completed,Renewable Electricity,USA
SPTRD1821542,2019-02-28,2019-02-28,Portfolio of 54 Light and Bulk Industrial Buildings in the United States,,no_match,PORTFOLIO OF 54 LIGHT AND BULK INDUSTRIAL BUILDINGS IN UNITED STATES,Colony Industrial,,no_match,COLONY INDUSTRIAL,Dermody Properties LLC,Acquisition of Asset or Branch,1160.0,1160.0,Completed,Real Estate Operating and Management,USA
SPTRD1547278,2019-02-27,2019-10-07,"Versum Materials, Inc.",,no_match,VERSUM MATERIALS,Merck KGaA,,no_match,MERCK KGAA,Investor Group,Acquisition of Whole Company (incl. Majority Stake),6625.354772,5888.154772,Completed,Semiconductor Materials and Equipment,USA
SPTRD1546044,2019-02-25,2020-03-31,Cytiva,,no_match,CYTIVA,Danaher Corporation,DHR,normalized_exact,DANAHER,General Electric Company,Acquisition of Asset or Branch,21151.7,20834.5,Completed,Life Sciences Tools and Services,USA
SPTRD1546181,2019-02-25,2019-07-01,Multi-Color Corporation*,,no_match,MULTI COLOR,"WS Packaging Group, Inc.",,no_match,WS PACKAGING,Investor Group,Acquisition of Whole Company (incl. Majority Stake),2512.89655,1028.60055,Completed,Commercial Printing,USA
SPTRD1545837,2019-02-25,2019-12-16,"Spark Therapeutics, Inc.*",,no_match,SPARK THERAPEUTICS,Roche Holding AG,,no_match,ROCHE,"Sofinnova Investment, Inc.",Acquisition of Whole Company (incl. Majority Stake),4472.924485,4765.769485,Completed,Biotechnology,USA
SPTRD1664471,2019-02-22,2019-02-22,Portfolio Of Rental Apartments In Maryland And Virginia*,,no_match,PORTFOLIO OF RENTAL APARTMENTS IN MARYLAND AND VIRGINIA,Kushner Companies LLC,,no_match,KUSHNER,"Lone Star Americas Acquisitions, Inc.",Acquisition of Asset or Branch,1150.0,1150.0,Completed,Real Estate Operating and Management,USA
SPTRD1543911,2019-02-19,2019-04-01,Targa Badlands LLC*,,no_match,TARGA BADLANDS,Blackstone Group L.P.,BX,normalized_exact,BLACKSTONE,Targa Resources Corp.,Acquisition of Minority Stake,1600.0,1600.0,Completed,Oil and Gas Storage and Transportation,USA
SPTRD1543198,2019-02-15,2019-12-17,"Radio, newspaper and TV properties*",,no_match,RADIO NEWSPAPER AND TV PROPERTIES,"Terrier Media Buyer, Inc.",,no_match,TERRIER MEDIA BUYER,"Cox Enterprises, Inc.",Acquisition of Asset or Branch,3100.0,3100.0,Completed,Broadcasting,USA
SPTRD1542184,2019-02-13,2019-04-01,"Auris Health, Inc.",,no_match,AURIS HEALTH,"Ethicon US, LLC",,no_match,ETHICON US,,Acquisition of Whole Company (incl. Majority Stake),5750.0,5750.0,Completed,Health Care Technology,USA
SPTRD1849501,2019-02-13,2020-02-13,"Portfolio of Fifteen Complexes In The Philadelphia, Baltimore And Washington Are*",,no_match,PORTFOLIO OF FIFTEEN COMPLEXES IN PHILADELPHIA BALTIMORE AND WASHINGTON ARE,Morgan Properties Trust,,no_match,MORGAN PROPERTIES TRUST,"Lone Star Americas Acquisitions, Inc.",Acquisition of Asset or Branch,1400.0,1400.0,Completed,Real Estate Operating and Management,USA
SPTRD1541663,2019-02-12,2019-04-26,Coty Inc.,COTY,normalized_exact,COTY,JAB Cosmetics B.V.,,no_match,JAB COSMETICS B V,,Acquisition of Minority Stake,9509.8,1747.5,Completed,Personal Care and Beauty Products: Producers,USA
SPTRD1541601,2019-02-12,2019-04-16,"Ellie Mae, Inc.*",,no_match,ELLIE MAE,"Thoma Bravo, LLC",,no_match,THOMA BRAVO,,Acquisition of Whole Company (incl. Majority Stake),3396.551251,3698.858251,Completed,Banking Technology,USA
SPTRD1541801,2019-02-12,2019-04-22,"Sempra Renewables, LLC.",,no_match,SEMPRA RENEWABLES,Aep Clean Energy Resources LLC,,no_match,AEP CLEAN ENERGY RESOURCES,Sempra Energy,Acquisition of Whole Company (incl. Majority Stake),1054.0,584.0,Completed,Renewable Electricity,USA
SPTRD1541712,2019-02-12,2019-04-22,Wind assets,,no_match,WIND ASSETS,"American Electric Power Company, Inc.",AEP,normalized_exact,AMERICAN ELECTRIC POWER,Sempra Energy,Acquisition of Asset or Branch,1021.0,551.0,Completed,Renewable Electricity,USA
SPTRD1541062,2019-02-11,2019-05-15,Precision Flow Systems Management Business of Accudyne Industries LLC,,no_match,PRECISION FLOW SYSTEMS MANAGEMENT BUSINESS OF ACCUDYNE INDUSTRIES,Ingersoll-Rand Plc,IR,normalized_exact,INGERSOLL RAND,Accudyne Industries LLC,Acquisition of Asset or Branch,1450.0,1450.0,Completed,Machinery and Supplies and Components: Industrial,USA
SPTRD1539991,2019-02-07,2019-12-06,"SunTrust Banks, Inc.",,no_match,SUNTRUST BANKS,BB&T Corporation,,no_match,BB AND T,,Acquisition of Whole Company (incl. Majority Stake),31289.608523,31289.608523,Completed,Bank,USA
SPTRD1539212,2019-02-04,2019-05-03,"Ultimate Software Group, Inc.*",,no_match,ULTIMATE SOFTWARE,Investor Group,,no_match,INVESTOR,,Acquisition of Whole Company (incl. Majority Stake),10846.62846,10971.10946,Completed,Application Software,USA
SPTRD1535835,2019-01-31,2019-03-11,"Tallgrass Energy GP, LLC*",,no_match,TALLGRASS ENERGY GP,Investor Group,,no_match,INVESTOR,Investor Group,Acquisition of Whole Company (incl. Majority Stake),3200.0,3200.0,Completed,Oil and Gas Storage and Transportation,USA
SPTRD1534187,2019-01-28,2019-06-28,Anatomical Pathology business of Thermo Fisher Scientific Inc.,,no_match,ANATOMICAL PATHOLOGY BUSINESS OF THERMO FISHER SCIENTIFIC,PHC Holdings Corporation,,no_match,PHC,Thermo Fisher Scientific Inc.,Acquisition of Asset or Branch,1140.0,1140.0,Completed,Health Care Equipment,USA
SPTRD1534086,2019-01-28,2019-08-01,Chemical Financial Corporation,,no_match,CHEMICAL FINANCIAL,TCF Financial Corporation,,no_match,TCF FINANCIAL,,Acquisition of Whole Company (incl. Majority Stake),3515.9049,3515.9049,Completed,Bank,USA
SPTRD1849468,2019-01-24,,"Graniteone Health, Inc.",,no_match,GRANITEONE HEALTH,Dartmouth-Hitchcock Health,,no_match,DARTMOUTH HITCHCOCK HEALTH,,Acquisition of Whole Company (incl. Majority Stake),2700.0,2700.0,Announced,Health Care Facilities,USA
SPTRD1663090,2019-01-23,2020-01-17,Manhattan Office Tower at 237 Park Avenue,,no_match,MANHATTAN OFFICE TOWER AT 237 PARK AVENUE,Private Investor,,no_match,PRIVATE INVESTOR,Investor Group,Acquisition of Asset or Branch,1250.0,1250.0,Completed,Real Estate Operating and Management,USA
SPTRD1529842,2019-01-16,2019-07-29,First Data Corporation*,,no_match,FIRST DATA,"Fiserv, Inc.",FISV,normalized_exact,FISERV,Investor group,Acquisition of Whole Company (incl. Majority Stake),49456.447816,29860.447816,Completed,Payment Processors,USA
SPTRD1528947,2019-01-14,2019-10-31,"IM Flash Technologies, LLC",,no_match,IM FLASH TECHNOLOGIES,"Micron Technology, Inc.",MU,normalized_exact,MICRON TECHNOLOGY,Intel Corporation,Acquisition of Minority Stake,1500.0,500.0,Completed,Semiconductors,USA
SPTRD1525942,2019-01-07,2019-02-15,"Loxo Oncology, Inc.*",,no_match,LOXO ONCOLOGY,Eli Lilly and Company,LLY,normalized_exact,ELI LILLY AND,Aisling Capital LLC,Acquisition of Whole Company (incl. Majority Stake),7391.130815,8013.129815,Completed,Biotechnology,USA
SPTRD1524963,2019-01-03,2019-11-20,Celgene Corporation,,no_match,CELGENE,Bristol-Myers Squibb Company,BMY,normalized_exact,BRISTOL MYERS SQUIBB,,Acquisition of Whole Company (incl. Majority Stake),91300.398514,82128.398514,Completed,Pharmaceuticals,USA
SPTRD1814148,2019-01-02,2019-05-15,55 Medical Office Building and Related Properties in United States,,no_match,55 MEDICAL OFFICE BUILDING AND RELATED PROPERTIES IN UNITED STATES,Welltower Inc.,WELL,normalized_exact,WELLTOWER,Investor Group,Acquisition of Asset or Branch,1250.0,1250.0,Completed,Real Estate Operating and Management,USA
SPTRD1521664,2018-12-24,2019-02-15,"MINDBODY, Inc.*",,no_match,MINDBODY,"Vista Equity Partners Management, LLC",,no_match,VISTA EQUITY PARTNERS MANAGEMENT,Institutional Venture Partners,Acquisition of Whole Company (incl. Majority Stake),1829.328336,1904.993336,Completed,Application Software,USA
SPTRD1520739,2018-12-20,2019-02-11,"Caraustar Industries, Inc.",,no_match,CARAUSTAR INDUSTRIES,Greif Packaging LLC,,no_match,GREIF PACKAGING,"Paperboard Parent, Inc.",Acquisition of Whole Company (incl. Majority Stake),1800.0,1800.0,Completed,Packaging and Materials: Paper and Plastic,USA
SPTRD1520177,2018-12-19,2019-02-01,Technology Business of MModal IP LLC,,no_match,TECHNOLOGY BUSINESS OF MMODAL IP,3M Company,,no_match,3M,Mmodal Ip LLC,Acquisition of Asset or Branch,1000.0,1000.0,Completed,Health Care Technology,USA
SPTRD1519825,2018-12-18,2019-03-08,"Civitas Solutions, Inc.*",,no_match,CIVITAS SOLUTIONS,"Centerbridge Partners, L.P.",,no_match,CENTERBRIDGE PARTNERS,"Vestar Capital Partners, LLC",Acquisition of Whole Company (incl. Majority Stake),1372.725431,677.198431,Completed,Health Care Services,USA
SPTRD1549001,2018-12-10,2019-03-05,BrightSpring Health Services,BTSG,normalized_exact,BRIGHTSPRING HEALTH SERVICES,PharMerica Corp.,,no_match,PHARMERICA,Onex Corp.,Acquisition of Whole Company (incl. Majority Stake),1320.0,1320.0,Completed,Health Care Services,USA
SPTRD1515794,2018-12-10,2019-03-08,"Nutrisystem, Inc.",,no_match,NUTRISYSTEM,"Tivity Health, Inc.",,no_match,TIVITY HEALTH,Investor Group,Acquisition of Whole Company (incl. Majority Stake),1218.423706,1299.747706,Completed,Food Retail,USA
SPTRD1515474,2018-12-07,2019-06-30,Software Portfolio of International Business Machines Corp.,,no_match,SOFTWARE PORTFOLIO OF INTERNATIONAL BUSINESS MACHINES,HCL Technologies Limited,,no_match,HCL TECHNOLOGIES,International Business Machines Corporation,Acquisition of Asset or Branch,1775.0,1775.0,Completed,Application Software,USA
SPTRD1536417,2018-12-06,2019-02-11,Sears Holdings Corporation,,no_match,SEARS,"ESL Investments, Inc.",,no_match,ESL INVESTMENTS,,Acquisition of Asset or Branch,5200.0,5200.0,Completed,Broadline Retail,USA
SPTRD1512712,2018-12-03,2019-01-22,"Tesaro, Inc.*",,no_match,TESARO,GlaxoSmithKline plc,,no_match,GLAXOSMITHKLINE,Investor Group,Acquisition of Whole Company (incl. Majority Stake),4990.706974,4976.993974,Completed,Biotechnology,USA
SPTRD1512565,2018-12-03,2019-09-19,Tribune Media Company,,no_match,TRIBUNE MEDIA,"Nexstar Media Group, Inc.",NXST,normalized_exact,NEXSTAR MEDIA,,Acquisition of Whole Company (incl. Majority Stake),6030.413333,4197.294333,Completed,Broadcasting,USA
SPTRD1697108,2018-11-30,2018-12-31,"IDI Logistics, LLC",,no_match,IDI LOGISTICS,Investor Group,,no_match,INVESTOR,Brookfield Asset Management Inc.,Acquisition of Whole Company (incl. Majority Stake),3500.0,3500.0,Completed,Real Estate Development,USA
SPTRD1610135,2018-11-30,2018-11-30,"The Juice Plus+ Company, LLC*",,no_match,JUICE PLUS,Investor Group,,no_match,INVESTOR,,Acquisition of Whole Company (incl. Majority Stake),1500.0,1500.0,Completed,Personal Care and Beauty Products: Producers,USA
SPTRD1511434,2018-11-28,2019-09-16,Golub Capital Investment Corporation,,no_match,GOLUB CAPITAL INVESTMENT,"Golub Capital BDC, Inc.",GBDC,normalized_exact,GOLUB CAPITAL BDC,,Acquisition of Whole Company (incl. Majority Stake),1265.262967,1265.262967,Completed,Investment and Business Development Companies,USA
SPTRD1510079,2018-11-21,2020-03-13,Grifols Diagnostic Solutions Inc.,,no_match,GRIFOLS DIAGNOSTIC SOLUTIONS,"Shanghai RAAS Blood Products Co., Ltd.",,no_match,SHANGHAI RAAS BLOOD PRODUCTS,"Grifols, S.A.",Acquisition of Minority Stake,1884.620482328565,1884.620482328565,Completed,Health Care Services,USA
SPTRD1507683,2018-11-19,2019-02-22,DJO Global Inc.,,no_match,DJO GLOBAL,Colfax Corporation,,no_match,COLFAX,Blackstone Group L.P.,Acquisition of Whole Company (incl. Majority Stake),3150.0,3150.0,Completed,Health Care Equipment,USA
SPTRD1507224,2018-11-19,2019-03-01,Resolute Energy Corporation,,no_match,RESOLUTE ENERGY,Coterra Energy Operating Co,,no_match,COTERRA ENERGY OPERATING,Investor Group,Acquisition of Whole Company (incl. Majority Stake),1486.509113,783.633113,Completed,Oil and Gas Exploration and Production,USA
SPTRD1507124,2018-11-19,2019-07-16,Trans Bay Cable LLC*,,no_match,TRANS BAY CABLE,"NextEra Energy Transmission, LLC",,no_match,NEXTERA ENERGY TRANSMISSION,"SteelRiver Infrastructure Partners, LP",Acquisition of Whole Company (incl. Majority Stake),1091.0,671.0,Completed,Electric Utilities,USA
SPTRD1506422,2018-11-16,2019-02-21,Cylance Inc.*,,no_match,CYLANCE,BlackBerry Limited,BB,normalized_exact,BLACKBERRY,"Khosla Ventures, LLC",Acquisition of Whole Company (incl. Majority Stake),1500.0,,Completed,Systems Software,USA
SPTRD1506011,2018-11-15,2019-01-28,"Global Auto Care Business of Spectrum Brands Holdings, Inc.",,no_match,GLOBAL AUTO CARE BUSINESS OF SPECTRUM BRANDS,"Energizer Holdings, Inc.",ENR,normalized_exact,ENERGIZER,"Spectrum Brands Holdings, Inc.",Acquisition of Asset or Branch,1182.480572,1182.480572,Completed,Automotive Parts and Equipment,USA
SPTRD1505501,2018-11-15,2019-02-25,Schwan's Company,,no_match,SCHWAN S,CJ Foods USA Inc.,,no_match,CJ FOODS USA,,Acquisition of Whole Company (incl. Majority Stake),2180.0,2180.0,Completed,Packaged Foods and Meats Producers,USA
SPTRD1505077,2018-11-14,2019-02-22,Tahoe Resources Inc.,,no_match,TAHOE RESOURCES,Pan American Silver Corp.,PAAS,normalized_exact,PAN AMERICAN SILVER,,Acquisition of Whole Company (incl. Majority Stake),1364.220333,1310.286333,Completed,Gold,USA
SPTRD1504565,2018-11-13,2019-04-30,"Johnson Controls Battery Group, LLC*",,no_match,JOHNSON CONTROLS BATTERY,Investor Group,,no_match,INVESTOR,Johnson Controls International plc,Acquisition of Asset or Branch,11600.0,11600.0,Completed,Automotive Parts and Equipment,USA
SPTRD1503652,2018-11-12,2019-02-11,"athenahealth, Inc.*",,no_match,ATHENAHEALTH,Investor group,,no_match,INVESTOR,,Acquisition of Whole Company (incl. Majority Stake),5715.315644,5760.615644,Completed,Health Care Technology,USA
SPTRD1503293,2018-11-11,2019-01-10,"Apptio, Inc.*",,no_match,APPTIO,"Vista Equity Partners Management, LLC",,no_match,VISTA EQUITY PARTNERS MANAGEMENT,Madrona Venture Group,Acquisition of Whole Company (incl. Majority Stake),1867.169807,2122.213807,Completed,Application Software,USA
SPTRD1503261,2018-11-11,2019-01-23,Qualtrics International Inc.*,,no_match,QUALTRICS INTERNATIONAL,"SAP America, Inc.",,no_match,SAP AMERICA,"Insight Venture Management, LLC",Acquisition of Whole Company (incl. Majority Stake),8000.0,8000.0,Completed,Application Software,USA
SPTRD1502796,2018-11-08,2019-02-28,Midstream assets,,no_match,MIDSTREAM ASSETS,"Western Gas Partners, LP",,no_match,WESTERN GAS PARTNERS,Anadarko Petroleum Corporation,Acquisition of Asset or Branch,4015.0,4015.0,Completed,Integrated Oil and Gas,USA
SPTRD1502830,2018-11-08,2019-02-28,"Western Gas Partners, LP",,no_match,WESTERN GAS PARTNERS,"Western Gas Equity Partners, LP",,no_match,WESTERN GAS EQUITY PARTNERS,,Acquisition of Whole Company (incl. Majority Stake),9975.007614,5013.445614,Completed,Oil and Gas Storage and Transportation,USA
SPTRD1502525,2018-11-07,2019-01-16,Elite Comfort Solutions LLC*,,no_match,ELITE COMFORT SOLUTIONS,"Leggett & Platt, Incorporated",LEG,normalized_exact,LEGGETT AND PLATT,Arsenal Capital Management LP,Acquisition of Whole Company (incl. Majority Stake),1245.85,876.56,Completed,Commodity Chemicals,USA
SPTRD1502280,2018-11-07,2019-03-01,"Investment Technology Group, Inc.",,no_match,INVESTMENT TECHNOLOGY,"Virtu Financial, Inc.",VIRT,normalized_exact,VIRTU FINANCIAL,,Acquisition of Whole Company (incl. Majority Stake),1113.028501,1113.028501,Completed,"Investment Banks, Brokers and Capital Markets",USA
SPTRD1502576,2018-11-07,2018-12-21,"Jostens, Inc.*",,no_match,JOSTENS,"Platinum Equity, LLC",,no_match,PLATINUM EQUITY,Newell Brands Inc.,Acquisition of Whole Company (incl. Majority Stake),1300.0,1300.0,Completed,"Apparel, Accessories and Luxury Goods",USA
SPTRD1544546,2018-11-07,2018-12-11,Portfolio of Eight Operating Wind Facilities,,no_match,PORTFOLIO OF EIGHT OPERATING WIND FACILITIES,Undisclosed Buyer,,no_match,UNDISCLOSED BUYER,Southern Power Company,Acquisition of Asset or Branch,1200.0,1200.0,Completed,Renewable Electricity,USA
SPTRD1502460,2018-11-07,2018-12-21,"Pure Fishing, Inc.*",,no_match,PURE FISHING,"Sycamore Partners Management, L.P.",,no_match,SYCAMORE PARTNERS MANAGEMENT,Newell Brands Inc.,Acquisition of Whole Company (incl. Majority Stake),1300.0,1300.0,Completed,Leisure Products Producers,USA
SPTRD1502000,2018-11-06,2019-01-03,"ConvergeOne Holdings, Inc.*",,no_match,CONVERGEONE,CVC Holdings Limited,,no_match,CVC,"Clearlake Capital Group, L.P.",Acquisition of Whole Company (incl. Majority Stake),1640.283848,942.996848,Completed,IT Consulting and Other Services,USA
SPTRD1502067,2018-11-06,2019-07-01,USAA Asset Management Company/USAA Transfer Agency Company*,,no_match,USAA ASSET MANAGEMENT TRANSFER AGENCY,"Victory Capital Holdings, Inc.",VCTR,normalized_exact,VICTORY CAPITAL,United Services Automobile Association,Acquisition of Whole Company (incl. Majority Stake),1001.3,1001.3,Completed,Asset Management,USA
SPTRD1499838,2018-11-01,2018-12-14,Blue Racer Midstream LLC*,,no_match,BLUE RACER MIDSTREAM,"First Reserve Management, L.P.",,no_match,FIRST RESERVE MANAGEMENT,"Dominion Energy, Inc.",Acquisition of Whole Company (incl. Majority Stake),1496.709168,1500.0,Completed,Oil and Gas Storage and Transportation,USA
SPTRD1499827,2018-11-01,2019-02-13,Newfield Exploration Company,,no_match,NEWFIELD EXPLORATION,Encana Oil & Gas (USA) Inc.,,no_match,ENCANA OIL AND GAS,,Acquisition of Whole Company (incl. Majority Stake),7767.302521,5623.302521,Completed,Oil and Gas Exploration and Production,USA
SPTRD1814525,2018-10-31,2018-11-20,Shoreline Technology Center Campus in Mountain View,,no_match,SHORELINE TECHNOLOGY CENTER CAMPUS IN MOUNTAIN VIEW,Google LLC,,no_match,GOOGLE,"HCP, Inc.",Acquisition of Asset or Branch,1000.0,1000.0,Completed,Real Estate Operating and Management,USA
SPTRD1499070,2018-10-30,2019-02-01,"Brazos Valley Longhorn, L.L.C.*",,no_match,BRAZOS VALLEY LONGHORN C,Chesapeake Energy Corporation,,no_match,CHESAPEAKE ENERGY,Investor Group,Acquisition of Whole Company (incl. Majority Stake),4193.700407,3017.271407,Completed,Oil and Gas Exploration and Production,USA
SPTRD1498904,2018-10-28,2019-07-09,"Red Hat, LLC*",,no_match,RED HAT,International Business Machines Corporation,IBM,normalized_exact,INTERNATIONAL BUSINESS MACHINES,Investor Group,Acquisition of Whole Company (incl. Majority Stake),33125.304887,35686.509887,Completed,Systems Software,USA
SPTRD1497512,2018-10-23,2020-03-16,"PNG Companies, LLC*",,no_match,PNG,Aqua America Inc.,,no_match,AQUA AMERICA,"SteelRiver Infrastructure Partners, LP",Acquisition of Whole Company (incl. Majority Stake),4275.0,3175.0,Completed,Gas Utilities,USA
SPTRD1581898,2018-10-22,2018-12-05,"American Railcar Industries, Inc.",,no_match,AMERICAN RAILCAR INDUSTRIES,ITE Management L.P.,,no_match,ITE MANAGEMENT,Icahn Enterprises L.P.,Acquisition of Whole Company (incl. Majority Stake),1777.28446,1335.87146,Completed,Machinery and Equipment: Construction and Heavy Transportation,USA
SPTRD1496870,2018-10-22,2019-01-25,"EnLink Midstream Partners, LP*",,no_match,ENLINK MIDSTREAM PARTNERS,"EnLink Midstream, LLC",,no_match,ENLINK MIDSTREAM,,Acquisition of Whole Company (incl. Majority Stake),8173.231339,3336.831339,Completed,Oil and Gas Storage and Transportation,USA
SPTRD1496603,2018-10-21,2019-04-26,"Energy, Chemicals and Resources Business of Jacobs Engineering Group Inc.",,no_match,ENERGY CHEMICALS AND RESOURCES BUSINESS OF JACOBS ENGINEERING,WorleyParsons Limited,,no_match,WORLEYPARSONS,Jacobs Solutions Inc.,Acquisition of Asset or Branch,3218.041269,3218.041269,Completed,Unclassified,USA
SPTRD1495920,2018-10-18,2018-12-21,"Endocyte, Inc.*",,no_match,ENDOCYTE,Novartis AG,NVS,normalized_exact,NOVARTIS,Investor Group,Acquisition of Whole Company (incl. Majority Stake),1757.955017,2102.165508,Completed,Pharmaceuticals,USA
SPTRD1496050,2018-10-18,2019-05-16,"InfraREIT, Inc.",,no_match,INFRAREIT,Oncor Electric Delivery Company LLC,,no_match,ONCOR ELECTRIC DELIVERY,Investor group,Acquisition of Whole Company (incl. Majority Stake),2473.894765,1275.536472,Completed,Other Specialized REIT,USA
SPTRD1496035,2018-10-18,2019-05-24,"OppenheimerFunds, Inc.",,no_match,OPPENHEIMERFUNDS,Invesco Ltd.,IVZ,normalized_exact,INVESCO,Massachusetts Mutual Life Insurance Company,Acquisition of Whole Company (incl. Majority Stake),5674.795208,5674.795208,Completed,Asset Management,USA
SPTRD1494576,2018-10-15,2018-11-25,"Greencore Us Holdings, LLC*",,no_match,GREENCORE US,Hearthside Food Solutions LLC,,no_match,HEARTHSIDE FOOD SOLUTIONS,Greencore Group plc,Acquisition of Whole Company (incl. Majority Stake),1075.0,1075.0,Completed,Packaged Foods and Meats Producers,USA
SPTRD1494818,2018-10-15,2019-02-01,"SendGrid, Inc.*",,no_match,SENDGRID,Twilio Inc.,TWLO,normalized_exact,TWILIO,Investor Group,Acquisition of Whole Company (incl. Majority Stake),1831.565979,1997.587979,Completed,Application Software,USA
SPTRD1494271,2018-10-14,2019-06-29,"L3 Technologies, Inc.",,no_match,L3 TECHNOLOGIES,Harris Corporation,,no_match,HARRIS,Investor Group,Acquisition of Whole Company (incl. Majority Stake),22514.482045,19566.482045,Completed,Aerospace and Defense,USA
SPTRD1493071,2018-10-10,2019-03-14,Esterline Technologies Corporation,,no_match,ESTERLINE TECHNOLOGIES,TransDigm Group Incorporated,TDG,normalized_exact,TRANSDIGM,,Acquisition of Whole Company (incl. Majority Stake),3967.630558,3683.394558,Completed,Aerospace and Defense,USA
SPTRD1493042,2018-10-10,2019-01-10,"Imperva, Inc.*",,no_match,IMPERVA,"Thoma Bravo, LLC",,no_match,THOMA BRAVO,,Acquisition of Whole Company (incl. Majority Stake),1809.632751,2114.051751,Completed,Systems Software,USA
SPTRD1492510,2018-10-09,2019-03-12,Antero Midstream Partners LP*,,no_match,ANTERO MIDSTREAM PARTNERS,Antero Midstream GP LP,,no_match,ANTERO MIDSTREAM GP,Investor group,Acquisition of Whole Company (incl. Majority Stake),6016.759612,4341.120612,Completed,Oil and Gas Storage and Transportation,USA
SPTRD1490454,2018-10-03,2019-01-03,"Hortonworks, Inc.*",,no_match,HORTONWORKS,"Cloudera, Inc.",,no_match,CLOUDERA,Benchmark,Acquisition of Whole Company (incl. Majority Stake),2005.416615,2106.715615,Completed,Application Software,USA
SPTRD1488401,2018-09-28,2019-07-23,"American Midstream Partners, LP*",,no_match,AMERICAN MIDSTREAM PARTNERS,"ArcLight Capital Partners, LLC",,no_match,ARCLIGHT CAPITAL PARTNERS,,Acquisition of Whole Company (incl. Majority Stake),1220.967801,210.383801,Completed,Oil and Gas Storage and Transportation,USA
SPTRD1490727,2018-09-27,2018-09-27,"Genoa Healthcare, LLC",,no_match,GENOA HEALTHCARE,UnitedHealth Group Incorporated,UNH,normalized_exact,UNITEDHEALTH,Advent International Corp.,Acquisition of Whole Company (incl. Majority Stake),2500.0,2500.0,Completed,Drug Retail,USA
SPTRD1487434,2018-09-26,2018-11-02,"Syntimmune, Inc.*",,no_match,SYNTIMMUNE,"Alexion Pharmaceuticals, Inc.",,no_match,ALEXION PHARMACEUTICALS,Investor Group,Acquisition of Whole Company (incl. Majority Stake),1200.0,1200.0,Completed,Biotechnology,USA
SPTRD1486063,2018-09-25,2018-12-07,Sonic LLC*,,no_match,SONIC,"Inspire Brands, Inc.",,no_match,INSPIRE BRANDS,"Southeastern Asset Management, Inc.",Acquisition of Whole Company (incl. Majority Stake),2275.284028,1593.934028,Completed,Restaurants,USA
SPTRD1485521,2018-09-24,2018-12-13,Fairless & Manchester Street Power Stations*,,no_match,FAIRLESS AND MANCHESTER STREET POWER STATIONS,"Starwood Energy Group Global, LLC",,no_match,STARWOOD ENERGY GLOBAL,"Dominion Energy, Inc.",Acquisition of Asset or Branch,1230.0,1230.0,Completed,Independent Power Producers and Energy Traders,USA
SPTRD1484970,2018-09-24,2019-02-01,"Pandora Media, Inc.",,no_match,PANDORA MEDIA,Sirius XM Radio Inc.,,no_match,SIRIUS XM RADIO,,Acquisition of Whole Company (incl. Majority Stake),2881.880871,2500.980871,Completed,Movies and Entertainment,USA
SPTRD1484536,2018-09-20,2018-10-31,"Marketo, Inc.*",,no_match,MARKETO,Adobe Systems Incorporated,,no_match,ADOBE SYSTEMS,"Vista Equity Partners Management, LLC",Acquisition of Whole Company (incl. Majority Stake),4750.0,4750.0,Completed,Application Software,USA
SPTRD1484530,2018-09-20,2018-12-13,U.S. solar assets,,no_match,U S SOLAR ASSETS,"Consolidated Edison, Inc.",ED,normalized_exact,CONSOLIDATED EDISON,Sempra Energy,Acquisition of Asset or Branch,2185.0,1609.0,Completed,Renewable Electricity,USA
SPTRD1484057,2018-09-19,2019-01-28,"Dominion Energy Midstream Partners, LP",,no_match,DOMINION ENERGY MIDSTREAM PARTNERS,"Dominion Energy, Inc.",D,normalized_exact,DOMINION ENERGY,,Acquisition of Minority Stake,1178.814614,1178.814614,Completed,Oil and Gas Storage and Transportation,USA
SPTRD1483002,2018-09-17,2018-12-31,Gerber Life Insurance Company,,no_match,GERBER LIFE INSURANCE,"Western & Southern Financial Group, Inc. (MHC)",,no_match,WESTERN AND SOUTHERN FINANCIAL,Nestle S.A.,Acquisition of Whole Company (incl. Majority Stake),1550.0,1550.0,Completed,Life and Health,USA
SPTRD1483068,2018-09-17,2019-02-28,"Nexeo Solutions, Inc.*",,no_match,NEXEO SOLUTIONS,Univar Inc.,,no_match,UNIVAR,Investor Group,Acquisition of Whole Company (incl. Majority Stake),1911.608968,1112.708968,Completed,Trading Companies and Distributors,USA
SPTRD1482811,2018-09-17,2018-12-31,Select Income REIT,,no_match,SELECT INCOME REIT,Government Properties Income Trust,,no_match,GOVERNMENT PROPERTIES INCOME TRUST,,Acquisition of Whole Company (incl. Majority Stake),3972.746154,677.073632,Completed,Office REIT,USA
SPTRD1481756,2018-09-13,2019-05-15,MPM Holdings Inc.*,,no_match,MPM,Investor Group,,no_match,INVESTOR,Investor Group,Acquisition of Whole Company (incl. Majority Stake),2620.867652,1626.867652,Completed,Specialty Chemicals,USA
SPTRD1481398,2018-09-12,2018-12-31,"Sedgwick Claims Management Services, Inc.*",,no_match,SEDGWICK CLAIMS MANAGEMENT SERVICES,Investor Group,,no_match,INVESTOR,KKR & Co. Inc.,Acquisition of Whole Company (incl. Majority Stake),6700.0,6700.0,Completed,Insurance Technology,USA
SPTRD1480455,2018-09-10,2019-01-14,"Engility Holdings, Inc.",,no_match,ENGILITY,Science Applications International Corporation,SAIC,normalized_exact,SCIENCE APPLICATIONS INTERNATIONAL,"Birch Partners, LP",Acquisition of Whole Company (incl. Majority Stake),1988.830139,1125.552139,Completed,Aerospace and Defense,USA
SPTRD1480691,2018-09-10,2019-03-29,"Integrated Device Technology, Inc.",,no_match,INTEGRATED DEVICE TECHNOLOGY,Renesas Electronics Corporation,,no_match,RENESAS ELECTRONICS,Investor Group,Acquisition of Whole Company (incl. Majority Stake),7207.909476,7392.657476,Completed,Semiconductors,USA
SPTRD1480446,2018-09-10,2018-10-31,Vander Holding Corporation*,,no_match,VANDER,"United Rentals, Inc.",URI,normalized_exact,UNITED RENTALS,"Platinum Equity, LLC",Acquisition of Whole Company (incl. Majority Stake),2100.0,,Completed,Trading Companies and Distributors,USA
SPTRD1479472,2018-09-06,2018-11-16,"IntraLinks Holdings, Inc.*",,no_match,INTRALINKS,"SS&C Technologies Holdings, Inc.",SSNC,normalized_exact,SS AND C TECHNOLOGIES,"Siris Capital Group, LLC",Acquisition of Whole Company (incl. Majority Stake),1500.0,1500.0,Completed,Data Processing and Outsourced Services,USA
SPTRD1479033,2018-09-05,2018-12-20,Wind and solar power plants,,no_match,WIND AND SOLAR POWER PLANTS,"NextEra Energy Partners, LP",,no_match,NEXTERA ENERGY PARTNERS,NextEra Energy Resources LLC,Acquisition of Asset or Branch,1275.0,1275.0,Completed,Renewable Electricity,USA
SPTRD1478271,2018-09-04,2018-12-03,Fayetteville Shale business of Southwestern Energy Company*,,no_match,FAYETTEVILLE SHALE BUSINESS OF SOUTHWESTERN ENERGY,"Flywheel Energy, LLC",,no_match,FLYWHEEL ENERGY,Southwestern Energy Company,Acquisition of Asset or Branch,1865.0,1865.0,Completed,Integrated Oil and Gas,USA
SPTRD1476969,2018-08-30,2018-11-09,"K2M Group Holdings, Inc.*",,no_match,K2M,Stryker Corporation,SYK,normalized_exact,STRYKER,HBM Partners Ltd.,Acquisition of Whole Company (incl. Majority Stake),1351.520337,1330.106337,Completed,Health Care Equipment,USA
SPTRD1474405,2018-08-22,2019-05-23,"Navigators Group, Inc.",,no_match,NAVIGATORS,"Hartford Financial Services Group, Inc.",,no_match,HARTFORD FINANCIAL SERVICES,,Acquisition of Whole Company (incl. Majority Stake),2150.9866,2150.9866,Completed,Property and Casualty,USA
SPTRD1474063,2018-08-21,2018-09-30,BridgeTex pipeline*,,no_match,BRIDGETEX PIPELINE,"Mapleleaf Midstream, LLC",,no_match,MAPLELEAF MIDSTREAM,Investor group,Acquisition of Asset or Branch,1437.5,1437.5,Completed,Integrated Oil and Gas,USA
SPTRD1472406,2018-08-15,2018-11-15,"KMG Chemicals, Inc.",,no_match,KMG CHEMICALS,Cabot Microelectronics Corporation,,no_match,CABOT MICROELECTRONICS,,Acquisition of Whole Company (incl. Majority Stake),1260.849875,1230.532875,Completed,Specialty Chemicals,USA
SPTRD1472106,2018-08-14,2018-11-29,Energen Corporation,,no_match,ENERGEN,"Diamondback Energy, Inc.",FANG,normalized_exact,DIAMONDBACK ENERGY,Investor Group,Acquisition of Whole Company (incl. Majority Stake),7841.565311,6905.449311,Completed,Oil and Gas Exploration and Production,USA
SPTRD1471229,2018-08-10,2018-10-04,"TravelClick, Inc.*",,no_match,TRAVELCLICK,"Amadeus Americas, Inc.",,no_match,AMADEUS AMERICAS,"Thoma Bravo, L.P.",Acquisition of Whole Company (incl. Majority Stake),1520.0,1520.0,Completed,Application Software,USA
SPTRD1470295,2018-08-08,2018-10-31,"All Assets of Ajax Resources, LLC",,no_match,ALL ASSETS OF AJAX RESOURCES,"Diamondback Energy, Inc.",FANG,normalized_exact,DIAMONDBACK ENERGY,"Ajax Resources, LLC",Acquisition of Asset or Branch,1183.4904,1183.4904,Completed,Oil and Gas Exploration and Production,USA
SPTRD1470179,2018-08-08,2019-03-01,"Beneficial Bancorp, Inc.",,no_match,BENEFICIAL BANCORP,WSFS Financial Corporation,WSFS,normalized_exact,WSFS FINANCIAL,,Acquisition of Whole Company (incl. Majority Stake),1230.595134,1230.595134,Completed,Bank,USA
SPTRD1470447,2018-08-08,2019-02-08,Dun & Bradstreet Corporation*,,no_match,DUN AND BRADSTREET,Investor group,,no_match,INVESTOR,,Acquisition of Whole Company (incl. Majority Stake),6577.176469,5458.076469,Completed,Financial Media and Data Solutions,USA
SPTRD1470175,2018-08-08,2018-09-19,"Energy project finance debt business of GE Capital Global Holdings, LLC",,no_match,ENERGY PROJECT FINANCE DEBT BUSINESS OF GE CAPITAL GLOBAL,"Starwood Property Trust, Inc.",STWD,normalized_exact,STARWOOD PROPERTY TRUST,"GE Capital Global Holdings, LLC",Acquisition of Asset or Branch,2500.0,2500.0,Completed,Specialty Finance: Commercial Focused,USA
SPTRD1471028,2018-08-08,2018-09-30,"Oxy Ingleside Energy Center, LLC/Certain Crude Oil and LPG Infrastructure",,no_match,OXY INGLESIDE ENERGY CENTER CRUDE OIL AND LPG INFRASTRUCTURE,"Moda Midstream, LLC",,no_match,MODA MIDSTREAM,Occidental Petroleum Corporation,Acquisition of Asset or Branch,2600.0,2600.0,Completed,Unclassified,USA
SPTRD1471643,2018-08-08,2019-04-17,Puget Holdings LLC,,no_match,PUGET,Investor group,,no_match,INVESTOR,Macquarie Group Ltd.,Acquisition of Minority Stake,3149.76,3149.76,Completed,Electric Utilities,USA
SPTRD1469764,2018-08-07,2018-08-07,"Otter Media Holdings, LLC",,no_match,OTTER MEDIA,AT&T Inc.,T,normalized_exact,AT AND T,"Chernin Group, LLC",Acquisition of Whole Company (incl. Majority Stake),1637.0,1637.0,Completed,Movies and Entertainment,USA
SPTRD1469110,2018-08-06,2019-06-11,"Bemis Company, Inc.",,no_match,BEMIS,Amcor Limited,AMCR,normalized_exact,AMCOR,,Acquisition of Whole Company (incl. Majority Stake),6692.268473,5289.368473,Completed,Packaging and Materials: Paper and Plastic,USA
SPTRD1469855,2018-08-06,2018-08-06,"Certain Assets of Western Refining Southwest, Inc.",,no_match,CERTAIN ASSETS OF WESTERN REFINING SOUTHWEST,Andeavor Logistics LP,,no_match,ANDEAVOR LOGISTICS,"Western Refining Southwest, Inc.",Acquisition of Asset or Branch,1602.183482,1602.183482,Completed,Unclassified,USA
SPTRD1468984,2018-08-06,2018-09-14,"Deep Gulf Energy LP/Deep Gulf Energy II, LLC/Deep Gulf Energy III, LLC*",,no_match,DEEP GULF ENERGY GULF ENERGY II GULF ENERGY III,Kosmos Energy Ltd.,KOS,normalized_exact,KOSMOS ENERGY,"First Reserve Management, L.P.",Acquisition of Whole Company (incl. Majority Stake),1260.943548,1260.943548,Completed,Oil and Gas Exploration and Production,USA
SPTRD1815012,2018-08-03,2018-08-03,666 Fifth Avenue's Office Condominium in Midtown Manhattan*,,no_match,666 FIFTH AVENUE S OFFICE CONDOMINIUM IN MIDTOWN MANHATTAN,Brookfield Asset Management Inc.,BAM,normalized_exact,BROOKFIELD ASSET MANAGEMENT,Kushner Companies LLC,Acquisition of Asset or Branch,1300.0,1300.0,Completed,Real Estate Operating and Management,USA
SPTRD1468035,2018-08-02,2018-09-28,"Duo Security, Inc.*",,no_match,DUO SECURITY,"Cisco Systems, Inc.",CSCO,normalized_exact,CISCO SYSTEMS,Investor Group,Acquisition of Whole Company (incl. Majority Stake),2350.0,,Completed,Systems Software,USA
SPTRD1467861,2018-08-01,2018-10-19,"Energy Transfer Partners, L.P.",,no_match,ENERGY TRANSFER PARTNERS,"Energy Transfer Equity, L.P.",,no_match,ENERGY TRANSFER EQUITY,,Acquisition of Whole Company (incl. Majority Stake),67441.166711,24933.166711,Completed,Oil and Gas Storage and Transportation,USA
SPTRD1467030,2018-07-31,2018-09-06,"Athena Superholdco, Inc.*",,no_match,ATHENA SUPERHOLDCO,Fortive Corporation,FTV,normalized_exact,FORTIVE,"Genstar Capital, LLC",Acquisition of Whole Company (incl. Majority Stake),2000.0,,Completed,Application Software,USA
SPTRD1466969,2018-07-31,2018-10-01,Eze Software Group LLC*,,no_match,EZE SOFTWARE,"SS&C Technologies, Inc.",SSNC,normalized_exact,SS AND C TECHNOLOGIES,"TPG Capital, L.P.",Acquisition of Whole Company (incl. Majority Stake),1450.0,1450.0,Completed,Investment and Capital Markets Technology,USA
SPTRD1467015,2018-07-31,2018-12-07,"Forest City Realty Trust, Inc.",,no_match,FOREST CITY REALTY TRUST,Brookfield Asset Management Inc.,BAM,normalized_exact,BROOKFIELD ASSET MANAGEMENT,,Acquisition of Whole Company (incl. Majority Stake),10216.407669,6930.252669,Completed,Diversified REIT,USA
SPTRD1466492,2018-07-30,2018-08-03,"Discovery Midstream Partners, LLC*",,no_match,DISCOVERY MIDSTREAM PARTNERS,Investor group,,no_match,INVESTOR,"TPG Capital Management, L.P.",Acquisition of Whole Company (incl. Majority Stake),1173.0,1173.0,Completed,Oil and Gas Storage and Transportation,USA
SPTRD1466612,2018-07-30,2019-09-13,Food Group of Companies of Services Group of America,,no_match,FOOD OF OF SERVICES OF AMERICA,"US Foods, Inc.",USFD,normalized_exact,US FOODS,"Services Group of America, Inc.",Acquisition of Whole Company (incl. Majority Stake),1800.0,1800.0,Completed,Unclassified,USA
SPTRD1466525,2018-07-30,2018-10-01,Four Corners Area assets,,no_match,FOUR CORNERS AREA ASSETS,Harvest Midstream Company,,no_match,HARVEST MIDSTREAM,Williams Partners L.P.,Acquisition of Asset or Branch,1125.0,1125.0,Completed,Oil and Gas Storage and Transportation,USA
SPTRD1677264,2018-07-26,2020-04-14,Aleris Corporation,,no_match,ALERIS,Novelis Inc.,,no_match,NOVELIS,Investor group,Acquisition of Whole Company (incl. Majority Stake),2763.2,825.0,Completed,Aluminum,USA
SPTRD1465723,2018-07-26,2018-10-31,Petrohawk Energy Corporation,,no_match,PETROHAWK ENERGY,BP America Production Company,,no_match,BP AMERICA PRODUCTION,BHP Billiton Petroleum (Americas) Inc.,Acquisition of Whole Company (incl. Majority Stake),10500.0,10500.0,Completed,Oil and Gas Exploration and Production,USA
SPTRD1465551,2018-07-26,2018-10-22,SUPERVALU INC.,,no_match,SUPERVALU,"United Natural Foods, Inc.",UNFI,normalized_exact,UNITED NATURAL FOODS,,Acquisition of Whole Company (incl. Majority Stake),2879.860379,1332.860379,Completed,Food Retail,USA
SPTRD1465710,2018-07-26,2018-10-29,Utica Shale Assets of Chesapeake Energy Corporation,,no_match,UTICA SHALE ASSETS OF CHESAPEAKE ENERGY,Encino Acquisition Partners LLC,,no_match,ENCINO ACQUISITION PARTNERS,Chesapeake Energy Corporation,Acquisition of Asset or Branch,2000.0,2000.0,Completed,Oil and Gas Exploration and Production,USA
SPTRD1464418,2018-07-24,2019-01-01,"FCB Financial Holdings, Inc.",,no_match,FCB FINANCIAL,Synovus Financial Corp.,,no_match,SYNOVUS FINANCIAL,,Acquisition of Whole Company (incl. Majority Stake),1622.389734,1622.389734,Completed,Bank,USA
SPTRD1463998,2018-07-23,2018-12-19,"Corporate Capital Trust, Inc.",,no_match,CORPORATE CAPITAL TRUST,FS Investment Corporation,,no_match,FS INVESTMENT,,Acquisition of Whole Company (incl. Majority Stake),1590.256625,1590.256625,Completed,Investment and Business Development Companies,USA
SPTRD1464107,2018-07-23,2018-11-16,LifePoint Health Inc.,,no_match,LIFEPOINT HEALTH,RegionalCare Hospital Partners Holdings Inc.,,no_match,REGIONALCARE HOSPITAL PARTNERS,,Acquisition of Whole Company (incl. Majority Stake),5543.689723,2678.889723,Completed,Health Care Facilities,USA
SPTRD1463772,2018-07-22,2018-10-09,"Syntel, Inc.",,no_match,SYNTEL,Atos SE,,no_match,ATOS SE,,Acquisition of Whole Company (incl. Majority Stake),3541.564252,3402.564252,Completed,Data Processing and Outsourced Services,USA
SPTRD1463294,2018-07-20,2018-10-01,"Charles River Systems, Inc.",,no_match,CHARLES RIVER SYSTEMS,State Street Corporation,STT,normalized_exact,STATE STREET,,Acquisition of Whole Company (incl. Majority Stake),2600.0,2600.0,Completed,Investment and Capital Markets Technology,USA
SPTRD1462818,2018-07-19,2018-09-27,"Sage Automotive Interiors, Inc.*",,no_match,SAGE AUTOMOTIVE INTERIORS,Asahi Kasei Corporation,,no_match,ASAHI KASEI,"Clearlake Capital Group, L.P.",Acquisition of Whole Company (incl. Majority Stake),1060.0,700.0,Completed,Automotive Parts and Equipment,USA
SPTRD1462383,2018-07-18,2018-11-16,"Phillips Edison Grocery Center REIT II, Inc.",,no_match,PHILLIPS EDISON GROCERY CENTER REIT II,"Phillips Edison & Company, Inc.",PECO,normalized_exact,PHILLIPS EDISON AND,,Acquisition of Whole Company (incl. Majority Stake),1874.24601,1066.32501,Completed,Retail REIT,USA
SPTRD1462411,2018-07-17,2018-11-16,"Ply Gem Parent, LLC*",,no_match,PLY GEM PARENT,"NCI Building Systems, Inc.",,no_match,NCI BUILDING SYSTEMS,Investor Group,Acquisition of Whole Company (incl. Majority Stake),3119.186071,719.186071,Completed,Building Products,USA
SPTRD1461479,2018-07-16,2019-03-01,Assets in the Americas of Linde Aktiengesellschaft*,,no_match,ASSETS IN AMERICAS OF LINDE AKTIENGESELLSCHAFT,Investor Group,,no_match,INVESTOR,Linde Aktiengesellschaft,Acquisition of Asset or Branch,3300.0,3300.0,Completed,Industrial Gases,USA
SPTRD1462895,2018-07-16,2018-10-26,"U.S. Security Associates, Inc.",,no_match,U S SECURITY ASSOCIATES,Allied Universal,,no_match,ALLIED UNIVERSAL,"Goldman Sachs Group, Inc.",Acquisition of Whole Company (incl. Majority Stake),1000.0,1000.0,Completed,Security and Alarm Services,USA
SPTRD1460288,2018-07-11,2018-11-05,"CA, Inc.",,no_match,,Broadcom Inc,AVGO,normalized_exact,BROADCOM,,Acquisition of Whole Company (incl. Majority Stake),18587.863677,18856.863677,Completed,Systems Software,USA
SPTRD1871147,2018-07-10,2018-09-07,Portfolio of 112 self-storage properties,,no_match,PORTFOLIO OF 112 SELF STORAGE PROPERTIES,Investor Group,,no_match,INVESTOR,"Simply Storage Management, LLC",Acquisition of Asset or Branch,1325.0,1325.0,Completed,Diversified Support Services,USA
SPTRD1460046,2018-07-10,2019-02-26,TransMontaigne Partners L.P.*,,no_match,TRANSMONTAIGNE PARTNERS,TLP Finance Holdings LLC,,no_match,TLP FINANCE,,Acquisition of Whole Company (incl. Majority Stake),1177.623271,542.759271,Completed,Oil and Gas Storage and Transportation,USA
SPTRD1455946,2018-07-02,2018-10-01,Acxiom marketing solutions business,,no_match,ACXIOM MARKETING SOLUTIONS BUSINESS,Interpublic Group of Cos. Inc.,,no_match,INTERPUBLIC OF,Acxiom Corp.,Acquisition of Asset or Branch,2300.0,2300.0,Completed,Application Software,USA
SPTRD1455615,2018-06-29,2018-07-18,"Boardwalk Pipeline Partners, LP",,no_match,BOARDWALK PIPELINE PARTNERS,Loews Corporation,L,normalized_exact,LOEWS,,Acquisition of Minority Stake,1504.010427,1504.010427,Completed,Oil and Gas Storage and Transportation,USA
SPTRD1455173,2018-06-28,2018-10-05,Convergys Corporation,,no_match,CONVERGYS,SYNNEX Corp.,,no_match,SYNNEX,,Acquisition of Whole Company (incl. Majority Stake),2353.672926,2297.672926,Completed,Data Processing and Outsourced Services,USA
SPTRD1454471,2018-06-27,2018-10-29,"North American Licensing Business of GBG USA, Inc.*",,no_match,NORTH AMERICAN LICENSING BUSINESS OF GBG USA,Differential Brands Group Inc.,,no_match,DIFFERENTIAL BRANDS,"GBG USA, Inc.",Acquisition of Asset or Branch,1210.0,1210.0,Completed,"Apparel, Accessories and Luxury Goods",USA
SPTRD1465133,2018-06-27,2018-10-26,"Pinnacle Foods, Inc.",,no_match,PINNACLE FOODS,"Conagra Brands, Inc.",CAG,normalized_exact,CONAGRA BRANDS,Investor group,Acquisition of Whole Company (incl. Majority Stake),10773.28,8285.737409,Completed,Packaged Foods and Meats Producers,USA
SPTRD1453158,2018-06-25,2018-11-05,Easterly Acquisition Corp.,,no_match,EASTERLY ACQUISITION,"Sirius International Insurance Group, Ltd.",,no_match,SIRIUS INTERNATIONAL INSURANCE,,Acquisition of Whole Company (incl. Majority Stake),2200.0,2200.0,Completed,Asset Management,USA
SPTRD1453118,2018-06-25,2018-09-20,"Education Realty Trust, Inc.",,no_match,EDUCATION REALTY TRUST,"Greystar Real Estate Partners, LLC",,no_match,GREYSTAR REAL ESTATE PARTNERS,,Acquisition of Whole Company (incl. Majority Stake),4453.605437,3375.615437,Completed,Multi-Family Residential REIT,USA
SPTRD1453260,2018-06-25,2018-10-26,INNIO*,,no_match,INNIO,"Advent International, L.P.",,no_match,ADVENT INTERNATIONAL,GE Power & Water,Acquisition of Asset or Branch,3250.0,3250.0,Completed,Trading Companies and Distributors,USA
SPTRD1848844,2018-06-25,2018-09-20,Portfolio of 19 Purpose-Built Student Housing Properties,,no_match,PORTFOLIO OF 19 PURPOSE BUILT STUDENT HOUSING PROPERTIES,Investor Group,,no_match,INVESTOR,Education Realty Operating Partnership LP,Acquisition of Asset or Branch,1200.0,1200.0,Completed,Real Estate Operating and Management,USA
SPTRD1453170,2018-06-25,2019-01-02,"Raycom Media, Inc.",,no_match,RAYCOM MEDIA,"Gray Television, Inc.",,no_match,GRAY TELEVISION,,Acquisition of Whole Company (incl. Majority Stake),3569.51,3669.51,Completed,Broadcasting,USA
SPTRD1452513,2018-06-22,2018-08-15,"Modular Space Holdings, Inc.*",,no_match,MODULAR SPACE,"Williams Scotsman International, Inc.",,no_match,WILLIAMS SCOTSMAN INTERNATIONAL,Investor Group,Acquisition of Whole Company (incl. Majority Stake),1558.726139,1055.704139,Completed,Trading Companies and Distributors,USA
SPTRD1456563,2018-06-21,2018-12-31,Data center colocation operations and assets,,no_match,DATA CENTER COLOCATION OPERATIONS AND ASSETS,Brookfield Infrastructure Partners L.P.,BIPH,normalized_exact,BROOKFIELD INFRASTRUCTURE PARTNERS,AT&T Inc.,Acquisition of Asset or Branch,1100.0,1100.0,Completed,Broadline Retail,USA
SPTRD1451908,2018-06-21,2018-10-11,"Web.com Group, Inc.*",,no_match,WEB COM,"Siris Capital Group, LLC",,no_match,SIRIS CAPITAL,,Acquisition of Whole Company (incl. Majority Stake),2293.091378,1680.577378,Completed,Internet Services and Infrastructure,USA
SPTRD1451003,2018-06-19,2018-08-27,Cotiviti Holdings Inc.*,,no_match,COTIVITI,Verscend Technologies Inc.,,no_match,VERSCEND TECHNOLOGIES,,Acquisition of Whole Company (incl. Majority Stake),4888.691378,4352.965378,Completed,Insurance Technology,USA
SPTRD1450896,2018-06-19,2018-07-30,"Foundation Medicine, Inc.*",,no_match,FOUNDATION MEDICINE,"Roche Holdings, Inc.",,no_match,ROCHE,Roche Venture Fund,Acquisition of Minority Stake,2395.051304,2395.051304,Completed,Biotechnology,USA
SPTRD1451405,2018-06-19,2018-08-27,Varsity Brands LLC*,,no_match,VARSITY BRANDS,"Bain Capital Private Equity, LP",,no_match,BAIN CAPITAL PRIVATE EQUITY,Investor Group,Acquisition of Whole Company (incl. Majority Stake),2800.0,2800.0,Completed,"Apparel, Accessories and Luxury Goods",USA
SPTRD1450592,2018-06-18,2018-10-31,Corporate Property Associates 17 - Global Incorporated,,no_match,CORPORATE PROPERTY ASSOCIATES 17 GLOBAL,W. P. Carey Inc.,WPC,normalized_exact,W CAREY,,Acquisition of Whole Company (incl. Majority Stake),5732.710717,3781.301717,Completed,Diversified REIT,USA
SPTRD1448403,2018-06-11,2018-08-01,"Adaptive Insights, Inc.",,no_match,ADAPTIVE INSIGHTS,"Workday, Inc.",WDAY,normalized_exact,WORKDAY,,Acquisition of Whole Company (incl. Majority Stake),1490.917,1437.221,Completed,Application Software,USA
SPTRD1448392,2018-06-11,2018-10-11,Envision Healthcare Corp.,,no_match,ENVISION HEALTHCARE,KKR & Co. L.P.,KKR,normalized_exact,KKR AND,,Acquisition of Whole Company (incl. Majority Stake),10616.611357,5741.911357,Completed,Health Care Services,USA
SPTRD1446845,2018-06-06,2019-04-01,Advanced Sterilization Products Services Inc.,,no_match,ADVANCED STERILIZATION PRODUCTS SERVICES,Fortive Corporation,FTV,normalized_exact,FORTIVE,"Ethicon US, LLC",Acquisition of Whole Company (incl. Majority Stake),2700.0,2700.0,Completed,Health Care Equipment,USA
SPTRD1446652,2018-06-06,2018-07-18,EnLink Midstream companies*,,no_match,ENLINK MIDSTREAM,"Global Infrastructure Management, LLC",,no_match,GLOBAL INFRASTRUCTURE MANAGEMENT,Devon Energy Corp.,Acquisition of Whole Company (incl. Majority Stake),3125.0,3125.0,Completed,Oil and Gas Storage and Transportation,USA
SPTRD1445705,2018-06-04,2018-10-25,"GitHub, Inc.",,no_match,GITHUB,Microsoft Corporation,MSFT,normalized_exact,MICROSOFT,,Acquisition of Whole Company (incl. Majority Stake),7500.0,7500.0,Completed,Application Software,USA
SPTRD1442321,2018-05-29,2018-09-01,"Meridian Health Plan of Michigan, Inc./Illinois, Inc./MeridianRx",,no_match,MERIDIAN HEALTH PLAN OF MICHIGAN,"WellCare Health Plans, Inc.",,no_match,WELLCARE HEALTH PLANS,"Caidan Enterprises, Inc.",Acquisition of Whole Company (incl. Majority Stake),2500.0,2500.0,Completed,Managed Care,USA
SPTRD1440392,2018-05-23,2018-05-25,Solar portfolio,,no_match,SOLAR PORTFOLIO,Global Atlantic Financial Group Limited,,no_match,GLOBAL ATLANTIC FINANCIAL,Southern Power Company,Acquisition of Asset or Branch,1175.0,1175.0,Completed,Renewable Electricity,USA
SPTRD1439581,2018-05-21,2018-06-18,Adobe Commerce*,,no_match,ADOBE COMMERCE,Adobe Systems Incorporated,,no_match,ADOBE SYSTEMS,Investor Group,Acquisition of Whole Company (incl. Majority Stake),1680.0,1680.0,Completed,Application Software,USA
SPTRD1439488,2018-05-21,2019-02-25,GE Transportation,,no_match,GE TRANSPORTATION,Westinghouse Air Brake Technologies Corporation,WAB,normalized_exact,WESTINGHOUSE AIR BRAKE TECHNOLOGIES,General Electric Company,Acquisition of Whole Company (incl. Majority Stake),9827.499,9851.536,Completed,Machinery and Equipment: Construction and Heavy Transportation,USA
SPTRD1439241,2018-05-21,2018-12-31,GlobalLogic Inc.*,,no_match,GLOBALLOGIC,Canada Pension Plan Investment Board,,no_match,CANADA PENSION PLAN INVESTMENT BOARD,Investor Group,Acquisition of Whole Company (incl. Majority Stake),2000.0,,Completed,IT Consulting and Other Services,USA
SPTRD1439386,2018-05-21,2019-01-01,Gulf Power Company,,no_match,GULF POWER,"NextEra Energy, Inc.",NEE,normalized_exact,NEXTERA ENERGY,Southern Company,Acquisition of Whole Company (incl. Majority Stake),5648.0,4350.0,Completed,Electric Utilities,USA
SPTRD1439183,2018-05-21,2018-08-02,Ipreo Holdings LLC*,,no_match,IPREO,Markit North America Inc.,,no_match,MARKIT NORTH AMERICA,Investor group,Acquisition of Whole Company (incl. Majority Stake),1855.0,1855.0,Completed,Financial Media and Data Solutions,USA
SPTRD1439164,2018-05-21,2019-03-22,"MB Financial, Inc.",,no_match,MB FINANCIAL,Fifth Third Financial Corporation,,no_match,FIFTH THIRD FINANCIAL,,Acquisition of Whole Company (incl. Majority Stake),3607.868628,3607.868628,Completed,Bank,USA
SPTRD1439476,2018-05-21,2018-06-04,"PowerPlan, Inc.*",,no_match,POWERPLAN,"Roper Technologies, Inc.",ROP,normalized_exact,ROPER TECHNOLOGIES,"Thoma Bravo, L.P.",Acquisition of Whole Company (incl. Majority Stake),1110.0,1110.0,Completed,Application Software,USA
SPTRD1439007,2018-05-18,2018-06-22,"Carrier Commercial Refrigeration, Inc.",,no_match,CARRIER COMMERCIAL REFRIGERATION,Middleby Marshall Inc.,,no_match,MIDDLEBY MARSHALL,Investor Group,Acquisition of Whole Company (incl. Majority Stake),1000.0,1000.0,Completed,Machinery and Supplies and Components: Industrial,USA
SPTRD1438444,2018-05-17,2018-12-20,"Enbridge Energy Partners, L.P.",,no_match,ENBRIDGE ENERGY PARTNERS,Enbridge Inc.,ENB,normalized_exact,ENBRIDGE,,Acquisition of Whole Company (incl. Majority Stake),14419.10825,2284.10825,Completed,Oil and Gas Storage and Transportation,USA
SPTRD1438431,2018-05-17,2018-12-17,"Spectra Energy Partners, LP",,no_match,SPECTRA ENERGY PARTNERS,Enbridge Inc.,ENB,normalized_exact,ENBRIDGE,,Acquisition of Minority Stake,2907.960103,2907.960103,Completed,Oil and Gas Storage and Transportation,USA
SPTRD1438267,2018-05-17,2018-08-10,Williams Partners L.P.,,no_match,WILLIAMS PARTNERS,"Williams Companies, Inc.",WMB,normalized_exact,WILLIAMS,,Acquisition of Minority Stake,12160.470321,12160.470321,Completed,Oil and Gas Storage and Transportation,USA
SPTRD1437834,2018-05-16,2018-07-31,"Abaxis, Inc.",,no_match,ABAXIS,Zoetis Inc.,ZTS,normalized_exact,ZOETIS,,Acquisition of Whole Company (incl. Majority Stake),1827.843979,1994.349979,Completed,Health Care Equipment,USA
SPTRD1437884,2018-05-16,2018-07-09,"Carolina Panthers, LLC",,no_match,CAROLINA PANTHERS,Private Investor,,no_match,PRIVATE INVESTOR,,Acquisition of Whole Company (incl. Majority Stake),2275.0,2275.0,Completed,Movies and Entertainment,USA
SPTRD1458833,2018-05-14,2018-07-06,"Crown Pine Timber 1, L.P.*",,no_match,CROWN PINE TIMBER 1,Investor Group,,no_match,INVESTOR,Investor Group,Acquisition of Whole Company (incl. Majority Stake),1389.5,,Completed,Forest Products,USA
SPTRD1435829,2018-05-10,2018-06-21,"ARMO BioSciences, Inc.*",,no_match,ARMO BIOSCIENCES,Eli Lilly and Company,LLY,normalized_exact,ELI LILLY AND,Investor Group,Acquisition of Whole Company (incl. Majority Stake),1462.623242,1627.936242,Completed,Biotechnology,USA
SPTRD1435787,2018-05-10,2018-05-11,Amberjack Pipeline,,no_match,AMBERJACK PIPELINE,"Shell Midstream Partners, L.P.",,no_match,SHELL MIDSTREAM PARTNERS,Royal Dutch Shell plc,Acquisition of Asset or Branch,1220.0,1220.0,Completed,Oil and Gas Storage and Transportation,USA
SPTRD1435124,2018-05-09,2018-08-01,U.S. Midstream Businesses of Enbridge Inc.*,,no_match,U S MIDSTREAM BUSINESSES OF ENBRIDGE,"ArcLight Capital Partners, LLC",,no_match,ARCLIGHT CAPITAL PARTNERS,Enbridge Inc.,Acquisition of Asset or Branch,1100.0,1100.0,Completed,Oil and Gas Refining and Marketing,USA
SPTRD1471483,2018-05-08,2018-06-21,"Glassdoor, Inc.",,no_match,GLASSDOOR,"Recruit Holdings Co.,Ltd.",,no_match,RECRUIT,,Acquisition of Whole Company (incl. Majority Stake),1200.0,1200.0,Completed,Human Resource and Employment Services,USA
SPTRD1434163,2018-05-07,2018-10-10,Gramercy Property Trust*,,no_match,GRAMERCY PROPERTY TRUST,Blackstone Group L.P.,BX,normalized_exact,BLACKSTONE,,Acquisition of Whole Company (incl. Majority Stake),7690.210007,4619.620007,Completed,Industrial REIT,USA
SPTRD1433726,2018-05-07,2018-07-02,MORSCO Inc.*,,no_match,MORSCO,Reece Limited,,no_match,REECE,"Advent International, L.P.",Acquisition of Whole Company (incl. Majority Stake),1440.0,,Completed,Trading Companies and Distributors,USA
SPTRD1434262,2018-05-07,2018-08-26,Marketing and Distribution Rights of Various Brands of Starbucks Corporation,,no_match,MARKETING AND DISTRIBUTION RIGHTS OF VARIOUS BRANDS OF STARBUCKS,Nestlé S.A.,,no_match,NESTL S A,Starbucks Corporation,Acquisition of Asset or Branch,7150.0,7150.0,Completed,Food Distributors,USA
SPTRD1433329,2018-05-04,2018-06-29,Waddington Group Inc.,,no_match,WADDINGTON,Novolex,,no_match,NOVOLEX,Newell Brands Inc.,Acquisition of Whole Company (incl. Majority Stake),2300.0,2300.0,Completed,"Containers and Packaging: Metal, Glass, and Plastic",USA
SPTRD1432322,2018-05-02,2018-06-11,"Benevir Biopharm, Inc.",,no_match,BENEVIR BIOPHARM,"Janssen Biotech, Inc.",,no_match,JANSSEN BIOTECH,"Pansend Life Sciences, LLC",Acquisition of Whole Company (incl. Majority Stake),1040.0,,Completed,Biotechnology,USA
SPTRD1431711,2018-05-01,2018-10-09,KLX Inc.,,no_match,KLX,Boeing Distribution,,no_match,BOEING DISTRIBUTION,Investor Group,Acquisition of Whole Company (incl. Majority Stake),4227.57302,,Completed,Aerospace and Defense,USA
SPTRD1431795,2018-05-01,2018-10-28,"Service Provider Video Software and Solutions of Cisco Systems, Inc.*",,no_match,SERVICE PROVIDER VIDEO SOFTWARE AND SOLUTIONS OF CISCO SYSTEMS,Permira Advisers Ltd.,,no_match,PERMIRA ADVISERS,"Cisco Systems, Inc.",Acquisition of Whole Company (incl. Majority Stake),1000.0,1000.0,Completed,Unclassified,USA
SPTRD1431440,2018-04-30,2018-10-01,Andeavor,,no_match,ANDEAVOR,Marathon Petroleum Corporation,MPC,normalized_exact,MARATHON PETROLEUM,Investor Group,Acquisition of Whole Company (incl. Majority Stake),34520.779075,22683.779075,Completed,Oil and Gas Refining and Marketing,USA
SPTRD1431469,2018-04-30,2018-07-19,"Financial Engines, Inc.*",,no_match,FINANCIAL ENGINES,"Edelman Financial Services, LLC",,no_match,EDELMAN FINANCIAL SERVICES,,Acquisition of Whole Company (incl. Majority Stake),3024.550957,3024.550957,Completed,Asset Management,USA
SPTRD2142540,2018-04-30,2018-04-30,Grand Wailea Resort & Hotel Spa,,no_match,GRAND WAILEA RESORT AND HOTEL SPA,Blackstone Real Estate Advisors L.P.,,no_match,BLACKSTONE REAL ESTATE ADVISORS,GIC Private Limited,Acquisition of Whole Company (incl. Majority Stake),1100.0,1100.0,Completed,"Hotels, Resorts and Cruise Lines",USA
SPTRD1431455,2018-04-30,2018-09-01,"ILG, Inc.",,no_match,ILG,Marriott Vacations Worldwide Corporation,VAC,normalized_exact,MARRIOTT VACATIONS WORLDWIDE,Investor Group,Acquisition of Whole Company (incl. Majority Stake),5300.772075,4366.772075,Completed,"Hotels, Resorts and Cruise Lines",USA
SPTRD1431419,2018-04-29,2018-08-22,DCT Industrial Trust Inc.,,no_match,DCT INDUSTRIAL TRUST,"Prologis, Inc.",PLD,normalized_exact,PROLOGIS,,Acquisition of Whole Company (incl. Majority Stake),8382.130593,6531.770593,Completed,Industrial REIT,USA
SPTRD1431480,2018-04-29,2020-04-01,Sprint Corporation,,no_match,SPRINT,"T-Mobile US, Inc.",TMUS,normalized_exact,T MOBILE US,SoftBank Group Corp.,Acquisition of Whole Company (incl. Majority Stake),78288.805789,36859.805789,Completed,Wireless Telecommunication Services,USA
SPTRD1428815,2018-04-26,2018-07-31,"CYS Investments, Inc.*",,no_match,CYS INVESTMENTS,Two Harbors Investment Corp.,TWO,normalized_exact,TWO HARBORS INVESTMENT,,Acquisition of Whole Company (incl. Majority Stake),1149.834257,1149.834257,Completed,Investment and Business Development Companies,USA
SPTRD1428820,2018-04-26,2018-05-22,Ohio gathering assets,,no_match,OHIO GATHERING ASSETS,"EQT Midstream Partners, LP",,no_match,EQT MIDSTREAM PARTNERS,EQT Corporation,Acquisition of Asset or Branch,1472.909332,1472.909332,Completed,Oil and Gas Storage and Transportation,USA
SPTRD1428806,2018-04-26,2018-07-26,"Quality Care Properties, Inc.",,no_match,QUALITY CARE PROPERTIES,Welltower Inc.,WELL,normalized_exact,WELLTOWER,"HCP, Inc.",Acquisition of Whole Company (incl. Majority Stake),3402.323757,1990.124757,Completed,Health Care REIT,USA
SPTRD1428812,2018-04-26,2018-07-23,Rice Midstream Partners LP,,no_match,RICE MIDSTREAM PARTNERS,"EQT Midstream Partners, LP",,no_match,EQT MIDSTREAM PARTNERS,Investor group,Acquisition of Whole Company (incl. Majority Stake),2139.083,1860.601,Completed,Oil and Gas Storage and Transportation,USA
SPTRD1430795,2018-04-25,2018-07-26,"HCR ManorCare, Inc.",,no_match,HCR MANORCARE,"ProMedica Health System, Inc.",,no_match,PROMEDICA HEALTH SYSTEM,"Quality Care Properties, Inc.",Acquisition of Whole Company (incl. Majority Stake),1400.0,300.0,Completed,Health Care Facilities,USA
SPTRD1431000,2018-04-25,2018-05-23,SRS Distribution Inc.*,,no_match,SRS DISTRIBUTION,"Leonard Green & Partners, L.P.",,no_match,LEONARD GREEN AND PARTNERS,Berkshire Partners LLC,Acquisition of Whole Company (incl. Majority Stake),3000.0,,Completed,Trading Companies and Distributors,USA
SPTRD1632740,2018-04-23,2018-07-11,"Curo Health Services, LLC*",,no_match,CURO HEALTH SERVICES,Investor Group,,no_match,INVESTOR,"Thomas H. Lee Partners, L.P.",Acquisition of Whole Company (incl. Majority Stake),1400.0,1400.0,Completed,Health Care Facilities,USA
SPTRD1427544,2018-04-23,2019-02-01,Vectren Corporation,,no_match,VECTREN,"CenterPoint Energy, Inc.",CNP,normalized_exact,CENTERPOINT ENERGY,,Acquisition of Whole Company (incl. Majority Stake),8408.25016,6022.732752,Completed,Multi-Utilities,USA
SPTRD1427773,2018-04-23,2018-07-02,"Viewpoint, Inc.*",,no_match,VIEWPOINT,Trimble Inc.,TRMB,normalized_exact,TRIMBLE,"Bain Capital Private Equity, LP",Acquisition of Whole Company (incl. Majority Stake),1200.0,,Completed,Application Software,USA
SPTRD1427406,2018-04-21,2018-06-28,"Sound Inpatient Physicians, Inc.*",,no_match,SOUND INPATIENT PHYSICIANS,Investor Group,,no_match,INVESTOR,Fresenius Medical Care AG & Co. KGaA,Acquisition of Whole Company (incl. Majority Stake),2150.0,2150.0,Completed,Managed Health Care,USA
SPTRD1815800,2018-04-16,2018-10-01,Real Estate Assets of Six Casino Properties,,no_match,REAL ESTATE ASSETS OF SIX CASINO PROPERTIES,Investor Group,,no_match,INVESTOR,Tropicana Entertainment Inc.,Acquisition of Asset or Branch,1210.0,1210.0,Completed,Real Estate Operating and Management,USA
SPTRD1424449,2018-04-12,2018-04-12,"Fitch Group, Inc.",,no_match,FITCH,Hearst Corporation,,no_match,HEARST,F. Marc de Lacharrière (Fimalac) S.A.,Acquisition of Minority Stake,2800.0,2800.0,Completed,Financial Media and Data Solutions,USA
SPTRD1642753,2018-04-10,2018-10-01,Federal-Mogul LLC,,no_match,FEDERAL MOGUL,Tenneco Inc.,,no_match,TENNECO,American Entertainment Properties Corp.,Acquisition of Whole Company (incl. Majority Stake),5400.0,,Completed,Automotive Parts and Equipment,USA
SPTRD1422456,2018-04-09,2018-05-14,"AveXis, Inc.*",,no_match,AVEXIS,Novartis AG,NVS,normalized_exact,NOVARTIS,Investor Group,Acquisition of Whole Company (incl. Majority Stake),8109.52102,8696.32902,Completed,Biotechnology,USA
SPTRD1422942,2018-04-09,2018-05-29,Delaware Basin subsidiary companies,,no_match,BASIN SUBSIDIARY,Morgan Stanley Infrastructure Inc.,,no_match,MORGAN STANLEY INFRASTRUCTURE,Investor group,Acquisition of Whole Company (incl. Majority Stake),1750.0,1750.0,Completed,Integrated Oil and Gas,USA
SPTRD1422894,2018-04-09,2018-08-20,"Verifone Systems, Inc.*",,no_match,VERIFONE SYSTEMS,Investor Group,,no_match,INVESTOR,,Acquisition of Whole Company (incl. Majority Stake),3380.851193,2686.577193,Completed,Payment Processors,USA
SPTRD1813469,2018-04-06,2018-07-01,Portfolio of Properties in United States,,no_match,PORTFOLIO OF PROPERTIES IN UNITED STATES,"Silverstein Properties, Inc.",,no_match,SILVERSTEIN PROPERTIES,The Walt Disney Company,Acquisition of Asset or Branch,1155.0,1155.0,Completed,Unclassified,USA
SPTRD1871023,2018-04-05,2018-07-06,"Northfield Park Associates, LLC",,no_match,NORTHFIELD PARK ASSOCIATES,MGM Growth Properties Operating Partnership LP,,no_match,MGM GROWTH PROPERTIES OPERATING PARTNERSHIP,Milstein Entertainment LLC,Acquisition of Whole Company (incl. Majority Stake),1028.208038,1062.5,Completed,Leisure Facilities,USA
SPTRD1420928,2018-04-04,2018-05-14,"Ainsworth Pet Nutrition Parent, LLC*",,no_match,AINSWORTH PET NUTRITION PARENT,NU Pet Company,,no_match,NU PET,L Catterton Partners,Acquisition of Whole Company (incl. Majority Stake),1900.0,1900.0,Completed,Packaged Foods and Meats Producers,USA
SPTRD1419719,2018-04-02,2018-07-11,VVC Holding Corp.*,,no_match,VVC,"Veritas Capital Fund Management, L.L.C",,no_match,VERITAS CAPITAL FUND MANAGEMENT C,GE Healthcare LLC,Acquisition of Asset or Branch,1050.0,1050.0,Completed,Health Care Technology,USA
SPTRD1418431,2018-03-28,2018-11-30,LaSalle Hotel Properties,,no_match,LASALLE HOTEL PROPERTIES,Pebblebrook Hotel Trust,PEB,normalized_exact,PEBBLEBROOK HOTEL TRUST,,Acquisition of Whole Company (incl. Majority Stake),4529.530371,3415.759371,Completed,Hotel and Resort REIT,USA
SPTRD1418290,2018-03-28,2018-07-02,"Polycom, LLC*",,no_match,POLYCOM,"Plantronics, Inc.",,no_match,PLANTRONICS,Investor Group,Acquisition of Whole Company (incl. Majority Stake),2122.355326,1432.355326,Completed,Communications Equipment,USA
SPTRD1418320,2018-03-28,2018-07-19,"RSP Permian, Inc.",,no_match,RSP PERMIAN,Concho Resources Inc.,,no_match,CONCHO RESOURCES,Investor Group,Acquisition of Whole Company (incl. Majority Stake),9284.176291,7738.353291,Completed,Oil and Gas Exploration and Production,USA
SPTRD1417263,2018-03-26,2018-08-28,GGP Inc.,,no_match,GGP,Brookfield Property Partners L.P.,BPYPP,normalized_exact,BROOKFIELD PROPERTY PARTNERS,,Acquisition of Whole Company (incl. Majority Stake),27790.946607,14250.396607,Completed,Retail REIT,USA
SPTRD1417441,2018-03-26,2018-06-30,"Tallgrass Energy Partners, LP*",,no_match,TALLGRASS ENERGY PARTNERS,"Tallgrass Energy GP, LP",,no_match,TALLGRASS ENERGY GP,,Acquisition of Whole Company (incl. Majority Stake),4586.699059,2113.758059,Completed,Oil and Gas Storage and Transportation,USA
SPTRD1417104,2018-03-26,2019-04-24,USG Corporation,,no_match,USG,Gebr. Knauf KG,,no_match,GEBR KNAUF KG,Investor Group,Acquisition of Whole Company (incl. Majority Stake),6184.788455,5531.788455,Completed,Building Products,USA
SPTRD1416197,2018-03-22,2019-03-28,"Wynn Resorts, Limited",WYNN,normalized_exact,WYNN RESORTS,Investor Group,,no_match,INVESTOR,,Acquisition of Minority Stake,1404.6739,1404.6739,Completed,Casinos and Gaming,USA
SPTRD1641632,2018-03-21,2019-01-31,"All Assets of Mission Health System, Inc.",,no_match,ALL ASSETS OF MISSION HEALTH SYSTEM,"HCA Healthcare, Inc.",HCA,normalized_exact,HCA HEALTHCARE,"Mission Health System, Inc.",Acquisition of Asset or Branch,1500.0,1500.0,Completed,Unclassified,USA
SPTRD1415551,2018-03-21,2018-12-28,"Corpus Christi Project, Certain Intellectual Property and a Desalination/Boiler",,no_match,CORPUS CHRISTI PROJECT CERTAIN INTELLECTUAL PROPERTY AND A DESALINATION,Investor Group,,no_match,INVESTOR,M&G USA Corporation,Acquisition of Asset or Branch,1199.0,1199.0,Completed,Commodity Chemicals,USA
SPTRD1815965,2018-03-20,2018-03-20,Chelsea Market in New York,,no_match,CHELSEA MARKET IN YORK,Alphabet Inc.,GOOGL,normalized_exact,ALPHABET,"Jamestown, L.P.",Acquisition of Asset or Branch,2400.0,2400.0,Completed,Real Estate Operating and Management,USA
SPTRD1418949,2018-03-20,2018-07-31,EnerVest's South Texas Division,,no_match,ENERVEST S SOUTH TEXAS DIVISION,TPG Pace Energy Holdings Corp.,,no_match,TPG PACE ENERGY,Investor Group,Acquisition of Asset or Branch,2798.329909,2798.329909,Completed,Oil and Gas Exploration and Production,USA
SPTRD1415155,2018-03-20,2018-05-01,"MuleSoft, Inc.*",,no_match,MULESOFT,"salesforce.com, inc.",,no_match,SALESFORCE COM,Investor Group,Acquisition of Whole Company (incl. Majority Stake),6569.523555,6773.694555,Completed,Application Software,USA
SPTRD1414471,2018-03-16,2018-10-01,"LifeScan, Inc.*",,no_match,LIFESCAN,"Platinum Equity, LLC",,no_match,PLATINUM EQUITY,Johnson & Johnson,Acquisition of Whole Company (incl. Majority Stake),2100.0,2100.0,Completed,Health Care Equipment,USA
SPTRD1381692,2018-03-15,2019-10-09,"Connecticut Water Service, Inc.",,no_match,CONNECTICUT WATER SERVICE,SJW Group,,no_match,SJW,Investor Group,Acquisition of Whole Company (incl. Majority Stake),1165.00102,831.83702,Completed,Water Utilities,USA
SPTRD1379714,2018-03-12,2018-12-10,"Oclaro, Inc.",,no_match,OCLARO,Lumentum Holdings Inc.,LITE,normalized_exact,LUMENTUM,Investor Group,Acquisition of Whole Company (incl. Majority Stake),1112.035061,1452.720061,Completed,Communications Equipment,USA
SPTRD1379230,2018-03-09,2018-04-13,"Integrated DNA Technologies, Inc.*",,no_match,INTEGRATED DNA TECHNOLOGIES,Danaher Corporation,DHR,normalized_exact,DANAHER,"Summit Partners, L.P.",Acquisition of Whole Company (incl. Majority Stake),2000.0,,Completed,Life Sciences Tools and Services,USA
SPTRD1378217,2018-03-08,2018-12-20,Express Scripts Holding Co.,,no_match,EXPRESS SCRIPTS,Cigna Corporation,CI,normalized_exact,CIGNA,,Acquisition of Whole Company (incl. Majority Stake),66174.269764,54815.469764,Completed,Health Care Services,USA
SPTRD1816073,2018-03-08,2019-05-31,Sands Bethworks Gaming LLC,,no_match,SANDS BETHWORKS GAMING,"PCI Gaming Authority, Inc.",,no_match,PCI GAMING AUTHORITY,Las Vegas Sands Corp.,Acquisition of Whole Company (incl. Majority Stake),1300.0,,Completed,Casinos and Gaming,USA
SPTRD1377576,2018-03-07,2018-04-01,"Butler Group Holdings, Inc.",,no_match,BUTLER,"Inovalon Holdings, Inc.",,no_match,INOVALON,,Acquisition of Whole Company (incl. Majority Stake),1180.56,1180.56,Completed,Health Care Technology,USA
SPTRD1377922,2018-03-07,2018-10-01,"Stevens Holding Company, Inc.",,no_match,STEVENS,Altra Industrial Motion Corp.,,no_match,ALTRA INDUSTRIAL MOTION,Fortive Corporation,Acquisition of Asset or Branch,2694.816,2445.5,Completed,Machinery and Supplies and Components: Industrial,USA
SPTRD1377220,2018-03-06,2018-05-21,"CommerceHub, Inc.*",,no_match,COMMERCEHUB,Investor Group,,no_match,INVESTOR,Investor Group,Acquisition of Whole Company (incl. Majority Stake),1042.277691,1075.715691,Completed,Application Software,USA
SPTRD1430861,2018-03-02,2018-07-26,"HCR ManorCare, Inc.",,no_match,HCR MANORCARE,"Quality Care Properties, Inc.",,no_match,QUALITY CARE PROPERTIES,,Acquisition of Whole Company (incl. Majority Stake),6142.169,300.0,Completed,Health Care Facilities,USA
SPTRD1375947,2018-03-01,2018-05-29,Microsemi Corporation,,no_match,MICROSEMI,Microchip Technology Incorporated,MCHP,normalized_exact,MICROCHIP TECHNOLOGY,Investor Group,Acquisition of Whole Company (incl. Majority Stake),9994.365522,8335.665522,Completed,Semiconductors,USA
SPTRD1374624,2018-02-27,2018-04-27,Student Transportation Inc.,,no_match,STUDENT TRANSPORTATION,Investor Group,,no_match,INVESTOR,"SNCF Participations, S.A.",Acquisition of Whole Company (incl. Majority Stake),1038.746868,807.262383,Completed,Passenger Ground Transportation,USA
SPTRD1373595,2018-02-26,2018-07-13,"Spectrum Brands Holdings, Inc.",SPB,normalized_exact,SPECTRUM BRANDS,"HRG Group, Inc.",,no_match,HRG,Brahman Capital Corp.,Acquisition of Minority Stake,1944.469781,1944.469781,Completed,Household Products Producers,USA
SPTRD1372386,2018-02-23,2018-04-24,"Blue Buffalo Pet Products, Inc.*",,no_match,BLUE BUFFALO PET PRODUCTS,"General Mills, Inc.",GIS,normalized_exact,GENERAL MILLS,Investor Group,Acquisition of Whole Company (incl. Majority Stake),8043.911994,7932.220994,Completed,Packaged Foods and Meats Producers,USA
SPTRD1848924,2018-02-21,2018-03-29,Andaz Maui and Grand Hyatt San Francisco and Hyatt Regency Coconut Point,,no_match,ANDAZ MAUI AND GRAND HYATT SAN FRANCISCO AND HYATT REGENCY COCONUT POINT,Host Hotels & Resorts LP,HST,normalized_exact,HOST HOTELS AND RESORTS,Investor Group,Acquisition of Asset or Branch,1000.0,1000.0,Completed,"Hotels, Resorts and Cruise Lines",USA
SPTRD1870959,2018-02-20,2018-04-30,"Property Located at 701 Seventh Avenue, New York",,no_match,PROPERTY LOCATED AT 701 SEVENTH AVENUE YORK,Maefield Development Corporation,,no_match,MAEFIELD DEVELOPMENT,Winthrop Realty Trust,Acquisition of Asset or Branch,1530.0,,Completed,Real Estate Operating and Management,USA
SPTRD1368866,2018-02-15,2018-08-21,"A. Schulman, Inc.",,no_match,A SCHULMAN,LyondellBasell Industries N.V.,LYB,normalized_exact,LYONDELLBASELL INDUSTRIES N V,Investor Group,Acquisition of Whole Company (incl. Majority Stake),2238.554761,1361.563761,Completed,Specialty Chemicals,USA
SPTRD1369035,2018-02-15,2018-04-06,"Flatiron Health, Inc.*",,no_match,FLATIRON HEALTH,Roche Holding AG,,no_match,ROCHE,Investor Group,Acquisition of Whole Company (incl. Majority Stake),1900.0,1900.0,Completed,Health Care Technology,USA
SPTRD1368459,2018-02-14,2018-08-01,Auto finance business of Wells Fargo & Co.,,no_match,AUTO FINANCE BUSINESS OF WELLS FARGO AND,"Popular Auto, LLC",,no_match,POPULAR AUTO,Wells Fargo & Company,Acquisition of Asset or Branch,1843.256,1843.256,Completed,Mortgage Banks and Brokers,USA
SPTRD1367927,2018-02-13,2018-07-02,Infinity Property and Casualty Corporation,,no_match,INFINITY PROPERTY AND CASUALTY,Kemper Corporation,KMPR,normalized_exact,KEMPER,,Acquisition of Whole Company (incl. Majority Stake),1559.485587,1559.485587,Completed,Property and Casualty,USA
SPTRD1367575,2018-02-13,2018-07-31,Nationstar Mortgage Holdings Inc.*,,no_match,NATIONSTAR MORTGAGE,WMIH Corp.,,no_match,WMIH,Fortress Investment Group LLC,Acquisition of Whole Company (incl. Majority Stake),1795.885,1795.885,Completed,Specialty Finance: Consumer Focused,USA
SPTRD1367459,2018-02-12,2018-04-02,CSRA Inc.,,no_match,CSRA,General Dynamics Corporation,GD,normalized_exact,GENERAL DYNAMICS,Fidelity Management & Research Company LLC,Acquisition of Whole Company (incl. Majority Stake),9871.074643,6928.074643,Completed,IT Consulting and Other Services,USA
SPTRD1364614,2018-02-07,2018-08-31,"Renewable energy business of NRG Energy, Inc.*",,no_match,RENEWABLE ENERGY BUSINESS OF NRG ENERGY,"Global Infrastructure Management, LLC",,no_match,GLOBAL INFRASTRUCTURE MANAGEMENT,"NRG Energy, Inc.",Acquisition of Asset or Branch,8047.5,1347.5,Completed,Independent Power Producers and Energy Traders,USA
SPTRD1364677,2018-02-07,2019-02-04,"South Central business of NRG Energy, Inc.*",,no_match,SOUTH CENTRAL BUSINESS OF NRG ENERGY,Cleco Corporate Holdings LLC,,no_match,CLECO CORPORATE,"NRG Energy, Inc.",Acquisition of Asset or Branch,1000.0,1000.0,Completed,Electric Utilities,USA
SPTRD1363496,2018-02-05,2018-06-19,8point3 Energy Partners LP,,no_match,8POINT3 ENERGY PARTNERS,"Capital Dynamics, Inc.",,no_match,CAPITAL DYNAMICS,Investor group,Acquisition of Whole Company (incl. Majority Stake),2236.574446,987.084446,Completed,Renewable Electricity,USA
SPTRD1363806,2018-02-05,2018-04-20,Convenience Store Business of The Kroger Co.,,no_match,CONVENIENCE STORE BUSINESS OF KROGER,EG Group Limited,,no_match,EG,The Kroger Co.,Acquisition of Asset or Branch,2150.0,2150.0,Completed,Food Retail,USA
SPTRD1361922,2018-02-02,2018-02-02,Convergint Technologies LLC,,no_match,CONVERGINT TECHNOLOGIES,"Ares Management, L.P.",ARES,normalized_exact,ARES MANAGEMENT,,Acquisition of Whole Company (incl. Majority Stake),1599.905806,1600.0,Completed,IT Consulting and Other Services,USA
SPTRD1360871,2018-01-31,2018-04-12,"Ply Gem Midco, LLC*",,no_match,PLY GEM MIDCO,"Clayton, Dubilier & Rice, LLC",,no_match,CLAYTON DUBILIER AND RICE,Investor Group,Acquisition of Whole Company (incl. Majority Stake),2260.611917,1520.393917,Completed,Building Products,USA
SPTRD1340208,2018-01-30,2018-04-05,Callidus Software Inc.,,no_match,CALLIDUS SOFTWARE,"SAP America, Inc.",,no_match,SAP AMERICA,Investor Group,Acquisition of Whole Company (incl. Majority Stake),2425.917648,2568.321648,Completed,Application Software,USA
SPTRD1355538,2018-01-30,2018-10-01,Financial & Risk business of Thomson Reuters Corporation*,,no_match,FINANCIAL AND RISK BUSINESS OF THOMSON REUTERS,Investor group,,no_match,INVESTOR,Thomson Reuters Corporation,Acquisition of Asset or Branch,17000.0,17000.0,Completed,Financial Media and Data Solutions,USA
SPTRD1337673,2018-01-29,2018-11-02,Kapstone Paper and Packaging Corporation,,no_match,KAPSTONE PAPER AND PACKAGING,WestRock Company,,no_match,WESTROCK,Investor Group,Acquisition of Whole Company (incl. Majority Stake),4536.039498,3149.225498,Completed,Paper Products,USA
SPTRD1222587,2018-01-22,2018-03-07,Bioverativ Inc.,,no_match,BIOVERATIV,Sanofi,SNY,normalized_exact,SANOFI,Investor Group,Acquisition of Whole Company (incl. Majority Stake),11037.76182,11474.26182,Completed,Biotechnology,USA
SPTRD1222568,2018-01-22,2018-03-06,"Juno Therapeutics, Inc.*",,no_match,JUNO THERAPEUTICS,Celgene Corporation,,no_match,CELGENE,Investor Group,Acquisition of Whole Company (incl. Majority Stake),8331.479636,9295.394636,Completed,Biotechnology,USA
SPTRD1219526,2018-01-19,2018-05-01,Liberty Life Assurance Company of Boston & Individual Life and Annuity business,,no_match,LIBERTY LIFE ASSURANCE OF BOSTON AND INDIVIDUAL LIFE AND ANNUITY BUSINESS,Investor group,,no_match,INVESTOR,Liberty Mutual Holding Company Inc.,Acquisition of Asset or Branch,2844.0,2844.0,Completed,Life and Health,USA
SPTRD1219438,2018-01-18,2018-05-30,La Quinta Holdings Inc.,,no_match,LA QUINTA,Wyndham Worldwide Corporation,,no_match,WYNDHAM WORLDWIDE,,Acquisition of Whole Company (incl. Majority Stake),3289.021216,999.943216,Completed,"Hotels, Resorts and Cruise Lines",USA
SPTRD1224515,2018-01-18,2018-01-22,Westinghouse Electric claims,,no_match,WESTINGHOUSE ELECTRIC CLAIMS,"Baupost Group, L.L.C.",,no_match,BAUPOST C,Toshiba Corporation,Acquisition of Asset or Branch,2160.0,2160.0,Completed,Construction and Engineering,USA
SPTRD1218449,2018-01-16,2018-06-15,"Blackhawk Network Holdings, Inc.*",,no_match,BLACKHAWK NETWORK,Investor group,,no_match,INVESTOR,,Acquisition of Whole Company (incl. Majority Stake),2493.294881,3062.269881,Completed,Payment Processors,USA
SPTRD1218572,2018-01-16,2018-04-02,Compression Business,,no_match,COMPRESSION BUSINESS,"USA Compression Partners, LP",USAC,normalized_exact,USA COMPRESSION PARTNERS,"Energy Transfer Partners, L.P.",Acquisition of Whole Company (incl. Majority Stake),1665.227119,1665.227119,Completed,Oil and Gas Equipment and Services,USA
SPTRD1218491,2018-01-16,2019-01-02,"Global Battery and Lighting Business of Spectrum Brands Holdings, Inc.",,no_match,GLOBAL BATTERY AND LIGHTING BUSINESS OF SPECTRUM BRANDS,"Energizer Holdings, Inc.",ENR,normalized_exact,ENERGIZER,"Spectrum Brands Holdings, Inc.",Acquisition of Asset or Branch,2000.0,2000.0,Completed,Household Products Producers,USA
SPTRD1218602,2018-01-16,2018-03-31,U.S. Confectionary Business of Nestlé S.A.,,no_match,U S CONFECTIONARY BUSINESS OF NESTL S A,Ferrero International S.A.,,no_match,FERRERO INTERNATIONAL S A,Nestlé S.A.,Acquisition of Asset or Branch,2800.0,2800.0,Completed,Packaged Foods and Meats Producers,USA
SPTRD1158808,2018-01-11,2018-04-16,"DST Systems, Inc.",,no_match,DST SYSTEMS,"SS&C Technologies Holdings, Inc.",SSNC,normalized_exact,SS AND C TECHNOLOGIES,,Acquisition of Whole Company (incl. Majority Stake),5216.569733,5130.769733,Completed,Data Processing and Outsourced Services,USA
SPTRD1144605,2018-01-09,2018-11-29,"AmTrust Financial Services, Inc.*",,no_match,AMTRUST FINANCIAL SERVICES,Investor group,,no_match,INVESTOR,,Acquisition of Minority Stake,1390.144972,1390.144972,Completed,Property and Casualty,USA
SPTRD1140903,2018-01-08,2018-02-15,Lucid Energy Group II LLC*,,no_match,LUCID ENERGY II,Investor group,,no_match,INVESTOR,Investor group,Acquisition of Whole Company (incl. Majority Stake),1600.0,1600.0,Completed,Oil and Gas Storage and Transportation,USA
SPTRD1140495,2018-01-07,2018-02-28,"Impact Biomedicines, Inc.*",,no_match,IMPACT BIOMEDICINES,Celgene Corporation,,no_match,CELGENE,Investor Group,Acquisition of Whole Company (incl. Majority Stake),7000.0,7000.0,Completed,Biotechnology,USA
SPTRD1423741,2018-01-04,2018-06-25,"OneMain Holdings, Inc.*",OMF,normalized_exact,ONEMAIN,Investor Group,,no_match,INVESTOR,Fortress Investment Group LLC,Acquisition of Minority Stake,1428.375,1428.375,Completed,Specialty Finance: Consumer Focused,USA
SPTRD1693180,2018-01-03,2018-01-03,24-Property Student Housing Portfolio,,no_match,24 PROPERTY STUDENT HOUSING PORTFOLIO,Scion Student Communities LP,,no_match,SCION STUDENT COMMUNITIES,"Harrison Street Real Estate Capital, LLC",Acquisition of Asset or Branch,1100.113,1100.113,Completed,Real Estate Operating and Management,USA
SPTRD1135279,2018-01-03,2019-01-01,SCANA Corporation,,no_match,SCANA,"Dominion Energy, Inc.",D,normalized_exact,DOMINION ENERGY,,Acquisition of Whole Company (incl. Majority Stake),13338.0,6800.0,Completed,Multi-Utilities,USA
SPTRD1134581,2018-01-02,2018-04-26,"Archrock Partners, L.P.",,no_match,ARCHROCK PARTNERS,"Archrock, Inc.",AROC,normalized_exact,ARCHROCK,,Acquisition of Whole Company (incl. Majority Stake),2004.073963,619.334963,Completed,Oil and Gas Equipment and Services,USA
SPTRD1131668,2017-12-26,2018-02-02,"Meter Readings Holding, LLC*",,no_match,METER READINGS,"Hubbell Power Systems, Inc.",,no_match,HUBBELL POWER SYSTEMS,"Sun Capital Partners, Inc.",Acquisition of Whole Company (incl. Majority Stake),1100.0,,Completed,Technology Distributors,USA
SPTRD1429815,2017-12-26,2018-02-13,"Sucampo Pharmaceuticals, Inc.*",,no_match,SUCAMPO PHARMACEUTICALS,Keenova Therapeutics plc,,no_match,KEENOVA THERAPEUTICS,Investor Group,Acquisition of Whole Company (incl. Majority Stake),1145.597854,1219.044854,Completed,Pharmaceuticals,USA
SPTRD1130660,2017-12-22,2018-02-07,"Ignyta, Inc.*",,no_match,IGNYTA,"Roche Holdings, Inc.",,no_match,ROCHE,Investor Group,Acquisition of Whole Company (incl. Majority Stake),1823.780415,1938.595415,Completed,Biotechnology,USA
SPTRD1130166,2017-12-21,2018-06-01,Closed Block Variable Annuity and Fixed and Fixed Indexed Annuities Businesses o*,,no_match,CLOSED BLOCK VARIABLE ANNUITY AND FIXED AND FIXED INDEXED ANNUITIES BUSINESSES O,Investor group,,no_match,INVESTOR,"Voya Financial, Inc.",Acquisition of Asset or Branch,1100.0,1100.0,Completed,Life and Health,USA
SPTRD1129786,2017-12-20,2018-03-09,"Cabot Industrial Value Fund IV Reit, LLC & Cabot Industrial Value Fund IV Operat",,no_match,CABOT INDUSTRIAL VALUE FUND IV REIT AND CABOT INDUSTRIAL VALUE FUND IV OPERAT,BREIT Industrial Bobcat Holdings LLC,,no_match,BREIT INDUSTRIAL BOBCAT,Investor Group,Acquisition of Asset or Branch,1800.0,1800.0,Completed,Unclassified,USA
SPTRD1128916,2017-12-19,2018-07-02,"Kindred Healthcare, Inc.*",,no_match,KINDRED HEALTHCARE,Investor Group,,no_match,INVESTOR,Investor Group,Acquisition of Whole Company (incl. Majority Stake),4353.061399,851.766399,Completed,Health Care Facilities,USA
SPTRD1130270,2017-12-19,2018-04-03,Signode Industrial Group LLC,,no_match,SIGNODE INDUSTRIAL,"Crown Holdings, Inc.",CCK,normalized_exact,CROWN,Carlyle Group L.P.,Acquisition of Whole Company (incl. Majority Stake),3910.0,3910.0,Completed,"Containers and Packaging: Metal, Glass, and Plastic",USA
SPTRD1127247,2017-12-18,2018-01-11,Cayan LLC*,,no_match,CAYAN,"Total System Services, Inc.",,no_match,TOTAL SYSTEM SERVICES,,Acquisition of Whole Company (incl. Majority Stake),1050.0,,Completed,Payment Processors,USA
SPTRD1128191,2017-12-18,2018-10-15,"Pinnacle Entertainment, Inc.",,no_match,PINNACLE ENTERTAINMENT,"Penn National Gaming, Inc.",,no_match,PENN NATIONAL GAMING,,Acquisition of Whole Company (incl. Majority Stake),2972.51649,2107.11649,Completed,Casinos and Gaming,USA
SPTRD1128251,2017-12-18,2018-03-26,"Snyder's-Lance, Inc.",,no_match,SNYDER S LANCE,Campbell Soup Company,,no_match,CAMPBELL SOUP,,Acquisition of Whole Company (incl. Majority Stake),6071.940164,4996.222164,Completed,Packaged Foods and Meats Producers,USA
SPTRD1125661,2017-12-14,2019-03-20,"Twenty-First Century Fox, Inc.",,no_match,TWENTY FIRST CENTURY FOX,Walt Disney Company,DIS,normalized_exact,WALT DISNEY,,Acquisition of Whole Company (incl. Majority Stake),69766.496365,70033.496365,Completed,Movies and Entertainment,USA
SPTRD1125641,2017-12-11,2018-01-10,"IO Data Centers, LLC",,no_match,IO DATA CENTERS,Iron Mountain Incorporated,IRM,normalized_exact,IRON MOUNTAIN,,Acquisition of Whole Company (incl. Majority Stake),1340.0,1340.0,Completed,Data Processing and Outsourced Services,USA
SPTRD1098878,2017-12-11,2018-03-30,Loan Portfolio*,,no_match,LOAN PORTFOLIO,"Morgan Stanley Bank, National Association",,no_match,MORGAN STANLEY BANK NATIONAL ASSOCIATION,PacWest Bancorp,Acquisition of Asset or Branch,1480.0,1480.0,Completed,Specialty Finance: Commercial Focused,USA
SPTRD1097249,2017-12-07,2018-03-28,Perimeter Solutions*,PRM,normalized_exact,PERIMETER SOLUTIONS,"SK Capital Partners, LP",,no_match,SK CAPITAL PARTNERS,Israel Chemicals Ltd.,Acquisition of Asset or Branch,1000.0,1000.0,Completed,Oil and Gas Refining and Marketing,USA
SPTRD1096677,2017-12-06,2019-06-19,DaVita Medical Group,,no_match,DAVITA MEDICAL,"Optum, Inc.",,no_match,OPTUM,DaVita Inc.,Acquisition of Whole Company (incl. Majority Stake),4340.0,4340.0,Completed,Health Care Services,USA
SPTRD1085229,2017-12-05,2018-02-28,Regal Entertainment Group,,no_match,REGAL ENTERTAINMENT,Cineworld Group plc,,no_match,CINEWORLD,,Acquisition of Whole Company (incl. Majority Stake),5845.963584,3627.463584,Completed,Movies and Entertainment,USA
SPTRD1095305,2017-12-04,2018-06-06,General Cable Corporation,,no_match,GENERAL CABLE,Prysmian S.p.A.,,no_match,PRYSMIAN S A,Investor Group,Acquisition of Whole Company (incl. Majority Stake),2924.05625,1977.75625,Completed,Electrical Components and Equipment: Light,USA
SPTRD1081484,2017-12-04,2018-05-31,"Talcott Resolution Life, Inc.*",,no_match,TALCOTT RESOLUTION LIFE,Investor Group,,no_match,INVESTOR,"Hartford Financial Services Group, Inc.",Acquisition of Whole Company (incl. Majority Stake),1607.0,1607.0,Completed,Life and Health,USA
SPTRD1079097,2017-12-03,2018-11-28,Aetna Inc.,,no_match,AETNA,CVS Health Corp.,CVS,normalized_exact,CVS HEALTH,,Acquisition of Whole Company (incl. Majority Stake),70746.506065,70746.506065,Completed,Managed Care,USA
SPTRD1094825,2017-12-01,2017-12-29,"RSI Home Products, Inc.",,no_match,RSI HOME PRODUCTS,American Woodmark Corporation,,no_match,AMERICAN WOODMARK,,Acquisition of Whole Company (incl. Majority Stake),1080.17437,491.17437,Completed,Home Furnishings Producers,USA
SPTRD1692861,2017-11-30,2017-11-30,"25-Property, 9,677-Unit Multifamily Portfolio Spanning Five Major Metropolitan A*",,no_match,25 PROPERTY 9 677 UNIT MULTIFAMILY PORTFOLIO SPANNING FIVE MAJOR METROPOLITAN A,"Harbor Group International, LLC",,no_match,HARBOR INTERNATIONAL,"Lone Star Americas Acquisitions, Inc.",Acquisition of Asset or Branch,1799.922,1799.922,Completed,Real Estate Operating and Management,USA
SPTRD1132788,2017-11-30,2018-03-22,Aricent Inc.,,no_match,ARICENT,Altran US Corp.,,no_match,ALTRAN US,KKR & Co. L.P.,Acquisition of Whole Company (incl. Majority Stake),2000.0,,Completed,IT Consulting and Other Services,USA
SPTRD1816958,2017-11-29,2017-12-22,Real estate assets associated with Harrah's Las Vegas Hotel and Casino,,no_match,REAL ESTATE ASSETS ASSOCIATED WITH HARRAH S LAS VEGAS HOTEL AND CASINO,VICI Properties Inc.,VICI,normalized_exact,VICI PROPERTIES,"Harrah's Las Vegas, LLC",Acquisition of Asset or Branch,1136.2,1136.2,Completed,Real Estate Operating and Management,USA
SPTRD1065811,2017-11-28,2018-02-05,"Buffalo Wild Wings, Inc.*",,no_match,BUFFALO WILD WINGS,"Arby's Restaurant Group, Inc.",,no_match,ARBY S RESTAURANT,Investor Group,Acquisition of Whole Company (incl. Majority Stake),2861.557771,2467.815771,Completed,Restaurants,USA
SPTRD1061788,2017-11-27,2018-02-12,"Barracuda Networks, Inc.*",,no_match,BARRACUDA NETWORKS,"Thoma Bravo, L.P.",,no_match,THOMA BRAVO,Investor Group,Acquisition of Whole Company (incl. Majority Stake),1433.895718,1611.639718,Completed,Systems Software,USA
SPTRD1059010,2017-11-26,2018-01-31,Time Inc.,,no_match,TIME,Meredith Corporation,,no_match,MEREDITH,,Acquisition of Whole Company (incl. Majority Stake),2641.863918,1915.863918,Completed,Publishing,USA
SPTRD1030212,2017-11-20,2018-07-06,"Cavium, Inc.*",,no_match,CAVIUM,Marvell Technology Group Ltd.,MRVL,normalized_exact,MARVELL TECHNOLOGY,Investor Group,Acquisition of Whole Company (incl. Majority Stake),6666.301199,6203.404199,Completed,Semiconductors,USA
SPTRD1817054,2017-11-16,2018-07-16,"Centaur Holdings, LLC*",,no_match,CENTAUR,Caesars Entertainment Corporation,CZR,normalized_exact,CAESARS ENTERTAINMENT,Investor Group,Acquisition of Whole Company (incl. Majority Stake),1675.0,1700.0,Completed,Casinos and Gaming,USA
SPTRD1006377,2017-11-16,2018-07-02,Consumer credit receivables portfolio,,no_match,CONSUMER CREDIT RECEIVABLES PORTFOLIO,Synchrony Bank,,no_match,SYNCHRONY BANK,"PayPal Holdings, Inc.",Acquisition of Asset or Branch,6900.0,6900.0,Completed,Specialty Finance: Consumer Focused,USA
SPTRD992293,2017-11-13,2018-02-01,Refining logistics assets /fuels distribution services of Marathon Petroleum Cor,,no_match,REFINING LOGISTICS ASSETS DISTRIBUTION SERVICES OF MARATHON PETROLEUM COR,MPLX LP,MPLX,normalized_exact,MPLX,Marathon Petroleum Corporation,Acquisition of Asset or Branch,8337.08,8337.08,Completed,Integrated Oil and Gas,USA
SPTRD991589,2017-11-12,2018-01-18,"Uber Technologies, Inc.*",UBER,normalized_exact,UBER TECHNOLOGIES,Investor Group,,no_match,INVESTOR,Investor Group,Acquisition of Minority Stake,8000.0,8000.0,Completed,Application Software,USA
SPTRD985915,2017-11-09,2017-11-28,Musical.ly Inc.*,,no_match,MUSICAL LY,Bytedance Ltd,,no_match,BYTEDANCE,Investor Group,Acquisition of Whole Company (incl. Majority Stake),1000.0,1000.0,Completed,Interactive Media and Services,USA
SPTRD969312,2017-11-01,2018-02-28,Duff & Phelps Corporation*,,no_match,DUFF AND PHELPS,Permira Advisers LLP,,no_match,PERMIRA ADVISERS LLP,Investor Group,Acquisition of Whole Company (incl. Majority Stake),1750.0,1750.0,Completed,Research and Consulting Services,USA
SPTRD1598167,2017-11-01,2017-11-01,"Securus Technologies, LLC*",,no_match,SECURUS TECHNOLOGIES,"Platinum Equity, LLC",,no_match,PLATINUM EQUITY,"ABRY Partners, LLC",Acquisition of Whole Company (incl. Majority Stake),1600.0,1600.0,Completed,Interactive Media and Services,USA
SPTRD967734,2017-10-30,2018-08-01,Capella Education Company*,,no_match,CAPELLA EDUCATION,"Strayer Education, Inc.",,no_match,STRAYER EDUCATION,Investor Group,Acquisition of Whole Company (incl. Majority Stake),1019.190268,1209.050268,Completed,Education Services,USA
SPTRD1429907,2017-10-30,2018-02-12,Cheetah Cub Group Corp.*,,no_match,CHEETAH CUB,Lennar Corporation,LEN,normalized_exact,LENNAR,MatlinPatterson Global Advisers LLC,Acquisition of Whole Company (incl. Majority Stake),9840.156933,6124.304933,Completed,Homebuilding Producers,USA
SPTRD967713,2017-10-30,2018-04-09,Dynegy Inc.*,,no_match,DYNEGY,Vistra Energy Corp.,,no_match,VISTRA ENERGY,,Acquisition of Whole Company (incl. Majority Stake),10388.210279,2421.210279,Completed,Independent Power Producers and Energy Traders,USA
SPTRD966356,2017-10-26,2017-12-27,Gigamon Inc.,,no_match,GIGAMON,Elliott Management Corporation,,no_match,ELLIOTT MANAGEMENT,,Acquisition of Whole Company (incl. Majority Stake),1220.733773,1485.295773,Completed,Systems Software,USA
SPTRD966348,2017-10-26,2017-11-20,"NextEra Energy Resources LLC, 691 MW of Wind & Solar Assets",,no_match,NEXTERA ENERGY RESOURCES 691 MW OF WIND AND SOLAR ASSETS,"NextEra Energy Partners, LP",,no_match,NEXTERA ENERGY PARTNERS,"NextEra Energy Resources, LLC",Acquisition of Asset or Branch,1271.0,812.0,Completed,Renewable Electricity,USA
SPTRD964138,2017-10-23,2017-11-01,Aetna�s U.S. group life and disability business of Aetna Inc.,,no_match,AETNA S U S LIFE AND DISABILITY BUSINESS OF AETNA,Hartford Life and Accident Insurance Company,,no_match,HARTFORD LIFE AND ACCIDENT INSURANCE,Aetna Inc.,Acquisition of Asset or Branch,1450.0,1450.0,Completed,Life and Health,USA
SPTRD964290,2017-10-23,2018-02-01,"BroadSoft, Inc.*",,no_match,BROADSOFT,"Cisco Systems, Inc.",CSCO,normalized_exact,CISCO SYSTEMS,Investor Group,Acquisition of Whole Company (incl. Majority Stake),2124.651452,2284.592452,Completed,Application Software,USA
SPTRD964234,2017-10-23,2018-02-20,Deltic Timber Corporation,,no_match,DELTIC TIMBER,Potlatch Corporation,,no_match,POTLATCH,,Acquisition of Whole Company (incl. Majority Stake),1454.949077,1222.027077,Completed,Forest Products,USA
SPTRD961140,2017-10-18,2017-12-01,"Ferrara Candy Company, Inc.*",,no_match,FERRARA CANDY,Ferrero S.p.A.,,no_match,FERRERO S A,L Catterton Partners,Acquisition of Whole Company (incl. Majority Stake),1300.0,1300.0,Completed,Packaged Foods and Meats Producers,USA
SPTRD960543,2017-10-18,2018-05-31,"Warranty Group, Inc.*",,no_match,WARRANTY,"Assurant, Inc.",AIZ,normalized_exact,ASSURANT,"TPG Capital Management, L.P.",Acquisition of Whole Company (incl. Majority Stake),2494.042836,1898.042836,Completed,Property and Casualty,USA
SPTRD959474,2017-10-17,2017-11-14,"IntraLinks Holdings, Inc.*",,no_match,INTRALINKS,"Siris Capital Group, LLC",,no_match,SIRIS CAPITAL,"Synchronoss Technologies, Inc.",Acquisition of Whole Company (incl. Majority Stake),1020.761,1002.0,Completed,Application Software,USA
SPTRD959332,2017-10-17,2017-12-22,"NewStar Financial, Inc.*",,no_match,NEWSTAR FINANCIAL,"FE Holdco, LLC",,no_match,FE HOLDCO,,Acquisition of Whole Company (incl. Majority Stake),3465.29655,517.03555,Completed,Specialty Finance: Commercial Focused,USA
SPTRD959363,2017-10-17,2017-12-22,Portfolio of investment assets*,,no_match,PORTFOLIO OF INVESTMENT ASSETS,GSO Capital Partners LP,,no_match,GSO CAPITAL PARTNERS,"NewStar Financial, Inc.",Acquisition of Asset or Branch,2370.7,2370.7,Completed,Specialty Finance: Commercial Focused,USA
SPTRD957942,2017-10-16,2018-01-19,AmeriPride Services Inc.,,no_match,AMERIPRIDE SERVICES,Aramark,ARMK,normalized_exact,ARAMARK,,Acquisition of Whole Company (incl. Majority Stake),1000.0,1000.0,Completed,"Apparel, Accessories and Luxury Goods",USA
SPTRD957094,2017-10-16,2017-12-11,"Avendra, LLC",,no_match,AVENDRA,"Aramark Services, Inc.",,no_match,ARAMARK SERVICES,Investor group,Acquisition of Whole Company (incl. Majority Stake),1350.0,1350.0,Completed,Diversified Support Services,USA
SPTRD957329,2017-10-16,2018-07-01,"Elizabethtown Gas businessess of Pivotal Utility Holdings, Inc.",,no_match,ELIZABETHTOWN GAS BUSINESSESS OF PIVOTAL UTILITY,"South Jersey Industries, Inc.",,no_match,SOUTH JERSEY INDUSTRIES,"Pivotal Utility Holdings, Inc.",Acquisition of Asset or Branch,1690.0,1690.0,Completed,Gas Utilities,USA
SPTRD928324,2017-10-10,2017-12-15,"eviCore healthcare MSI, LLC*",,no_match,EVICORE HEALTHCARE MSI,"Oz Parent, Inc.",,no_match,OZ PARENT,Investor Group,Acquisition of Whole Company (incl. Majority Stake),3600.0,3600.0,Completed,Health Care Technology,USA
SPTRD852729,2017-10-03,2017-10-03,Pilot Travel Centers LLC*,,no_match,PILOT TRAVEL CENTERS,Berkshire Hathaway Inc.,BRK.B,normalized_exact,BERKSHIRE HATHAWAY,"BDT Capital Partners, LLC",Acquisition of Minority Stake,2760.0,2760.0,Completed,Automotive Retail,USA
SPTRD869113,2017-10-02,2017-10-30,"Medallion Gathering & Processing, LLC*",,no_match,MEDALLION GATHERING AND PROCESSING,"Global Infrastructure Management, LLC",,no_match,GLOBAL INFRASTRUCTURE MANAGEMENT,Investor Group,Acquisition of Whole Company (incl. Majority Stake),1825.0,1825.0,Completed,Oil and Gas Equipment and Services,USA
SPTRD831951,2017-09-28,2018-04-06,ETF Business,,no_match,ETF BUSINESS,Invesco Ltd.,IVZ,normalized_exact,INVESCO,"Guggenheim Capital, LLC",Acquisition of Asset or Branch,1200.0,1200.0,Completed,Asset Management,USA
SPTRD811947,2017-09-25,2018-06-30,"GE Industrial Systems Technology Management, Inc.",,no_match,GE INDUSTRIAL SYSTEMS TECHNOLOGY MANAGEMENT,ABB Ltd,,no_match,ABB,General Electric Company,Acquisition of Whole Company (incl. Majority Stake),2600.0,2600.0,Completed,Electrical Components and Equipment: Heavy,USA
SPTRD794806,2017-09-22,2017-10-06,"25% Each in Dakota Access, LLC and Energy Transfer Crude Oil Company, LLC and 10",,no_match,25 EACH IN DAKOTA ACCESS AND ENERGY TRANSFER CRUDE OIL AND 10,Phillips 66 Partners LP,,no_match,PHILLIPS 66 PARTNERS,Phillips 66 Project Development Inc.,Acquisition of Asset or Branch,2135.0,1410.0,Completed,Unclassified,USA
SPTRD812657,2017-09-21,2018-03-09,Calgon Carbon Corporation,,no_match,CALGON CARBON,"Kuraray Holdings U.S.A., Inc.",,no_match,KURARAY U S A,Investor Group,Acquisition of Whole Company (incl. Majority Stake),1297.724582,1106.552582,Completed,Commodity Chemicals,USA
SPTRD812611,2017-09-19,2018-01-12,"Bob Evans Farms, Inc.",,no_match,BOB EVANS FARMS,"Post Holdings, Inc.",POST,normalized_exact,POST,Sandell Asset Management Corp.,Acquisition of Whole Company (incl. Majority Stake),1789.200121,1541.345121,Completed,Packaged Foods and Meats Producers,USA
SPTRD812588,2017-09-18,2018-06-06,"Orbital ATK, Inc.",,no_match,ORBITAL ATK,Northrop Grumman Corporation,NOC,normalized_exact,NORTHROP GRUMMAN,Investor Group,Acquisition of Whole Company (incl. Majority Stake),9313.033511,7924.033511,Completed,Aerospace and Defense,USA
SPTRD756790,2017-09-12,2018-07-01,New York State Catholic Health Plan Inc.,,no_match,YORK STATE CATHOLIC HEALTH PLAN,Centene Corporation,CNC,normalized_exact,CENTENE,,Acquisition of Asset or Branch,3750.0,3750.0,Completed,Managed Care,USA
SPTRD756804,2017-09-11,2017-11-01,"Teva Women's Health, Inc., Global Rights and Business of PARAGARD Intrauterine D",,no_match,TEVA WOMEN S HEALTH GLOBAL RIGHTS AND BUSINESS OF PARAGARD INTRAUTERINE D,"CooperSurgical, Inc.",,no_match,COOPERSURGICAL,"Teva Women's Health, LLC",Acquisition of Asset or Branch,1100.0,1100.0,Completed,Health Care Equipment,USA
SPTRD754645,2017-09-05,2017-10-02,"NeoTract, Inc.*",,no_match,NEOTRACT,Teleflex Urology Limited,,no_match,TELEFLEX UROLOGY,Investor Group,Acquisition of Whole Company (incl. Majority Stake),1100.0,,Completed,Health Care Equipment,USA
SPTRD831986,2017-09-05,2017-09-30,"Rocket Ball, Ltd.",,no_match,ROCKET BALL,Private Investor - Tilman Joseph Fertitta,,no_match,PRIVATE INVESTOR TILMAN JOSEPH FERTITTA,Private Investor - Leslie L. Alexander,Acquisition of Whole Company (incl. Majority Stake),2200.0,2200.0,Completed,Movies and Entertainment,USA
SPTRD754493,2017-09-04,2018-11-26,"Rockwell Collins, Inc.",,no_match,ROCKWELL COLLINS,United Technologies Corporation,,no_match,UNITED TECHNOLOGIES,Investor Group,Acquisition of Whole Company (incl. Majority Stake),30359.216674,23158.216674,Completed,Aerospace and Defense,USA
SPTRD754307,2017-09-04,2017-10-20,"Royal Adhesives & Sealants, LLC*",,no_match,ROYAL ADHESIVES AND SEALANTS,H.B. Fuller Company,,no_match,H B FULLER,American Securities LLC,Acquisition of Whole Company (incl. Majority Stake),1575.0,1575.0,Completed,Specialty Chemicals,USA
SPTRD752382,2017-09-01,2017-09-01,Certain pipelines and storage facilities*,,no_match,CERTAIN PIPELINES AND STORAGE FACILITIES,MPLX LP,MPLX,normalized_exact,MPLX,Marathon Petroleum Corporation,Acquisition of Asset or Branch,1055.302119,1055.302119,Completed,Integrated Oil and Gas,USA
SPTRD714126,2017-08-29,2017-11-17,ABCO's education business of Advisory Board Company*,,no_match,ABCO S EDUCATION BUSINESS OF ADVISORY BOARD,"Vista Equity Partners Management, LLC",,no_match,VISTA EQUITY PARTNERS MANAGEMENT,Advisory Board Company,Acquisition of Asset or Branch,1550.0,1550.0,Completed,Insurance Technology,USA
SPTRD714127,2017-08-29,2017-11-17,Advisory Board Company,,no_match,ADVISORY BOARD,"OptumInsight, Inc.",,no_match,OPTUMINSIGHT,,Acquisition of Whole Company (incl. Majority Stake),1300.0,1300.0,Completed,Research and Consulting Services,USA
SPTRD751911,2017-08-28,2017-10-02,"Kite Pharma, Inc.*",,no_match,KITE PHARMA,"Gilead Sciences, Inc.",GILD,normalized_exact,GILEAD SCIENCES,Investor Group,Acquisition of Whole Company (incl. Majority Stake),10444.46913,11225.58013,Completed,Biotechnology,USA
SPTRD797158,2017-08-24,2018-01-02,Allied Building Products Corp. And Kapalama Kilgos Acquisition Corp.,,no_match,ALLIED BUILDING PRODUCTS AND KAPALAMA KILGOS ACQUISITION,"Beacon Roofing Supply, Inc.",,no_match,BEACON ROOFING SUPPLY,Oldcastle Distribution Inc.,Acquisition of Asset or Branch,2625.0,2625.0,Completed,Unclassified,USA
SPTRD738277,2017-08-24,2017-12-31,WeWork Companies Inc.*,,no_match,WEWORK,Investor Group,,no_match,INVESTOR,,Acquisition of Minority Stake,3000.0,3000.0,Completed,Real Estate Operating and Management,USA
SPTRD724508,2017-08-23,2017-08-23,Portfolio of 99 Properties,,no_match,PORTFOLIO OF 99 PROPERTIES,"Stonemont Financial Group, LLC",,no_match,STONEMONT FINANCIAL,"Oak Street Real Estate Capital, LLC",Acquisition of Asset or Branch,1300.0,1300.0,Completed,Real Estate Operating and Management,USA
SPTRD656529,2017-08-21,2018-03-09,Oncor Electric Delivery Company LLC*,,no_match,ONCOR ELECTRIC DELIVERY,Sempra Energy,,no_match,SEMPRA ENERGY,Energy Future Holdings Corp.,Acquisition of Whole Company (incl. Majority Stake),16496.0,9450.0,Completed,Electric Utilities,USA
SPTRD659979,2017-08-21,2017-11-29,"Williams Scotsman International, Inc.",,no_match,WILLIAMS SCOTSMAN INTERNATIONAL,Williams Scotsman Holdings Corp.,,no_match,WILLIAMS SCOTSMAN,Algeco/Scotsman Holding S.à r.l.,Acquisition of Whole Company (incl. Majority Stake),1100.0,448.735,Completed,Specialty Finance: Commercial Focused,USA
SPTRD655422,2017-08-18,2018-03-08,Calpine Corporation*,,no_match,CALPINE,Investor group,,no_match,INVESTOR,,Acquisition of Whole Company (incl. Majority Stake),16485.719122,5285.719122,Completed,Independent Power Producers and Energy Traders,USA
SPTRD647675,2017-08-16,2018-02-09,"Alta Mesa Holdings LP and Kingfisher Midstream, LLC",,no_match,ALTA MESA AND KINGFISHER MIDSTREAM,Silver Run Acquisition Corporation II,,no_match,SILVER RUN ACQUISITION II,,Acquisition of Whole Company (incl. Majority Stake),1200.0,1200.0,Completed,Oil and Gas Exploration and Production,USA
SPTRD643187,2017-08-14,2017-10-30,"Western Refining Logistics, LP",,no_match,WESTERN REFINING LOGISTICS,Andeavor Logistics LP,,no_match,ANDEAVOR LOGISTICS,Andeavor,Acquisition of Whole Company (incl. Majority Stake),1671.987764,1394.370764,Completed,Oil and Gas Storage and Transportation,USA
SPTRD874754,2017-08-13,2017-09-30,Major League Baseball’s Miami Marlins,,no_match,MAJOR LEAGUE BASEBALL S MIAMI MARLINS,Private Investors - Derek Sanderson Jeter and Bruce Stephen Sherman,,no_match,PRIVATE INVESTORS DEREK SANDERSON JETER AND BRUCE STEPHEN SHERMAN,Private Investor - Jeffrey Harold Loria,Acquisition of Asset or Branch,1200.0,800.0,Completed,Movies and Entertainment,USA
SPTRD609228,2017-08-10,2017-11-16,Starwood Waypoint Homes*,,no_match,STARWOOD WAYPOINT HOMES,Invitation Homes Inc.,INVH,normalized_exact,INVITATION HOMES,,Acquisition of Whole Company (incl. Majority Stake),8974.189772,5018.621772,Completed,Real Estate Operating and Management,USA
SPTRD585327,2017-08-08,2018-03-14,"American Medical Response, Inc.",,no_match,AMERICAN MEDICAL RESPONSE,"Air Medical Group Holdings, Inc.",,no_match,AIR MEDICAL,Envision Healthcare Corp.,Acquisition of Whole Company (incl. Majority Stake),2400.0,2400.0,Completed,Health Care Services,USA
SPTRD588330,2017-08-08,2017-09-25,"BAMTECH, LLC",,no_match,BAMTECH,Walt Disney Company,DIS,normalized_exact,WALT DISNEY,"MLB Advanced Media, L.P.",Acquisition of Minority Stake,1581.0,1581.0,Completed,Movies and Entertainment,USA
SPTRD578410,2017-08-07,2019-02-21,"NxStage Medical, Inc.*",,no_match,NXSTAGE MEDICAL,"Fresenius Medical Care Holdings, Inc.",FMS,normalized_exact,FRESENIUS MEDICAL CARE,Sprout Group,Acquisition of Whole Company (incl. Majority Stake),1993.971262,2062.188262,Completed,Health Care Equipment,USA
SPTRD566659,2017-08-03,2017-09-01,"Active Network, LLC*",,no_match,ACTIVE NETWORK,Global Payments Inc.,GPN,normalized_exact,GLOBAL PAYMENTS,,Acquisition of Whole Company (incl. Majority Stake),1207.078534,1207.078534,Completed,Application Software,USA
SPTRD572349,2017-08-03,2017-09-07,"IFM Therapeutics, LLC*",,no_match,IFM THERAPEUTICS,Bristol-Myers Squibb Company,BMY,normalized_exact,BRISTOL MYERS SQUIBB,Investor Group,Acquisition of Whole Company (incl. Majority Stake),2320.0,2320.0,Completed,Biotechnology,USA
SPTRD566728,2017-08-02,2017-12-15,"CH2M HILL Companies, Ltd.*",,no_match,CH2M HILL,Jacobs Solutions Inc.,J,normalized_exact,JACOBS SOLUTIONS,"Apollo Global Management, Inc.",Acquisition of Whole Company (incl. Majority Stake),3540.109147,3124.109147,Completed,Construction and Engineering,USA
SPTRD560379,2017-08-02,2017-12-07,PharMerica Corp.,,no_match,PHARMERICA,Phoenix Parent Holdings Inc.,,no_match,PHOENIX PARENT,,Acquisition of Whole Company (incl. Majority Stake),1482.191633,944.091633,Completed,Health Care Distributors,USA
SPTRD573210,2017-08-02,2017-09-01,Tronox Alkali Corp.,,no_match,TRONOX ALKALI,"Genesis Energy, L.P.",GEL,normalized_exact,GENESIS ENERGY,Tronox Limited,Acquisition of Whole Company (incl. Majority Stake),1325.0,1325.0,Completed,Commodity Chemicals,USA
SPTRD564942,2017-08-02,2017-10-31,Website security business of Symantec Corporation*,,no_match,WEBSITE SECURITY BUSINESS OF SYMANTEC,"DigiCert, Inc.",,no_match,DIGICERT,Symantec Corporation,Acquisition of Asset or Branch,1119.0,1119.0,Completed,Systems Software,USA
SPTRD536022,2017-07-31,2017-10-31,Rover Pipeline Project*,,no_match,ROVER PIPELINE PROJECT,Blackstone Energy \ Blackstone Capital,,no_match,BLACKSTONE ENERGY BLACKSTONE CAPITAL,"Energy Transfer, LP",Acquisition of Asset or Branch,1571.0,1571.0,Completed,Integrated Oil and Gas,USA
SPTRD532527,2017-07-31,2018-03-06,"Scripps Networks Interactive, Inc.",,no_match,SCRIPPS NETWORKS INTERACTIVE,"Discovery Communications, Inc.",,no_match,DISCOVERY COMMUNICATIONS,,Acquisition of Whole Company (incl. Majority Stake),14730.117787,12005.470787,Completed,Broadcasting,USA
SPTRD813381,2017-07-27,2017-10-31,"ASCO Power Technologies, L.P.",,no_match,ASCO POWER TECHNOLOGIES,Schneider Electric S.E.,,no_match,SCHNEIDER ELECTRIC S E,Vertiv Group Corporation,Acquisition of Whole Company (incl. Majority Stake),1250.0,1250.0,Completed,Electrical Components and Equipment: Heavy,USA
SPTRD478975,2017-07-25,2018-04-01,"MainSource Financial Group, Inc.",,no_match,MAINSOURCE FINANCIAL,First Financial Bancorp.,FFBC,normalized_exact,FIRST FINANCIAL BANCORP,,Acquisition of Whole Company (incl. Majority Stake),1056.291719,1056.291719,Completed,Bank,USA
SPTRD462367,2017-07-24,2017-09-15,WebMD Health Corp.*,,no_match,WEBMD HEALTH,"Internet Brands, Inc.",,no_match,INTERNET BRANDS,,Acquisition of Whole Company (incl. Majority Stake),2598.030145,2661.275145,Completed,Interactive Media and Services,USA
SPTRD452444,2017-07-18,2017-11-01,LTS Group Holdings LLC*,,no_match,LTS,Crown Castle International Corp.,,no_match,CROWN CASTLE INTERNATIONAL,Investor group,Acquisition of Whole Company (incl. Majority Stake),7100.0,7100.0,Completed,Alternative Carriers,USA
SPTRD481524,2017-07-17,2017-08-07,"Water Pik, Inc.*",,no_match,WATER PIK,"Church & Dwight Co., Inc.",CHD,normalized_exact,CHURCH AND DWIGHT,Investor Group,Acquisition of Whole Company (incl. Majority Stake),1033.0,,Completed,Personal Care and Beauty Products: Producers,USA
SPTRD420022,2017-07-12,2017-09-01,"GCA Services Group, Inc.*",,no_match,GCA SERVICES,ABM Industries Incorporated,ABM,normalized_exact,ABM INDUSTRIES,Investor Group,Acquisition of Whole Company (incl. Majority Stake),1272.837925,1272.837925,Completed,Environmental and Facilities Services,USA
SPTRD410829,2017-07-11,2017-09-07,Operated Oil and Gas Properties in the Williston Basin,,no_match,OPERATED OIL AND GAS PROPERTIES IN WILLISTON BASIN,"Bruin E&P Partners, LLC",,no_match,BRUIN E AND PARTNERS,Investor Group,Acquisition of Asset or Branch,1400.0,1400.0,Completed,Oil and Gas Exploration and Production,USA
SPTRD412494,2017-07-11,2017-10-05,Penguin Random House LLC,,no_match,PENGUIN RANDOM HOUSE,Bertelsmann SE & Co. KGaA,,no_match,BERTELSMANN SE AND KGAA,"Pearson, PLC",Acquisition of Minority Stake,1034.0,1034.0,Completed,Publishing,USA
SPTRD405402,2017-07-10,2018-01-04,"Harron Communications, L.P. dba MetroCast Communications",,no_match,HARRON COMMUNICATIONS DBA METROCAST COMMUNICATIONS,"Atlantic Broadband Group, LLC",,no_match,ATLANTIC BROADBAND,"Harron Communications, L.P.",Acquisition of Whole Company (incl. Majority Stake),1400.0,1400.0,Completed,Cable and Satellite,USA
SPTRD401489,2017-07-09,2017-09-18,"ClubCorp Holdings, Inc.",,no_match,CLUBCORP,"Constellation Club Parent, Inc.",,no_match,CONSTELLATION CLUB PARENT,,Acquisition of Whole Company (incl. Majority Stake),2170.32678,1134.07778,Completed,Leisure Facilities,USA
SPTRD367842,2017-07-06,2017-10-19,Ambry Genetics Corporation,,no_match,AMBRY GENETICS,Investor Group,,no_match,INVESTOR,,Acquisition of Whole Company (incl. Majority Stake),1000.0,1000.0,Completed,Health Care Services,USA
SPTRD365711,2017-07-06,2017-12-29,"HSN, Inc.",,no_match,HSN,"Liberty Horizon, Inc.",,no_match,LIBERTY HORIZON,,Acquisition of Whole Company (incl. Majority Stake),1803.835116,1351.986116,Completed,Broadline Retail,USA
SPTRD374294,2017-07-06,2017-08-17,Syncsort Incorporated*,,no_match,SYNCSORT,"Centerbridge Partners, L.P.",,no_match,CENTERBRIDGE PARTNERS,"Clearlake Capital Group, L.P.",Acquisition of Whole Company (incl. Majority Stake),1260.0,1260.0,Completed,Application Software,USA
SPTRD346406,2017-07-04,2017-09-19,"Monogram Residential Trust, Inc.",,no_match,MONOGRAM RESIDENTIAL TRUST,Investor group,,no_match,INVESTOR,,Acquisition of Whole Company (incl. Majority Stake),3957.170368,2020.903368,Completed,Multi-Family Residential REIT,USA
SPTRD346181,2017-07-03,2017-11-08,"Bankrate, Inc.",,no_match,BANKRATE,Red Ventures LLC,,no_match,RED VENTURES,,Acquisition of Whole Company (incl. Majority Stake),1434.643136,1326.268136,Completed,Financial Media and Data Solutions,USA
SPTRD321972,2017-06-30,2017-10-12,"Parkway, Inc.",,no_match,PARKWAY,Canada Pension Plan Investment Board,,no_match,CANADA PENSION PLAN INVESTMENT BOARD,,Acquisition of Whole Company (incl. Majority Stake),1096.960072,964.330812,Completed,Office REIT,USA
SPTRD812639,2017-06-29,2017-08-25,"Indevco Management Resources, Inc.",,no_match,INDEVCO MANAGEMENT RESOURCES,DS Smith Plc,,no_match,DS SMITH,Merpas Co. S.à R.L.,Acquisition of Whole Company (incl. Majority Stake),1137.544259,,Completed,Packaging and Materials: Paper and Plastic,USA
SPTRD320235,2017-06-29,2018-03-27,"Rite Aid Corporation, 1,932 Rite Aid Stores and Related Assets",,no_match,RITE AID 1 932 RITE AID STORES AND RELATED ASSETS,Walgreen Co.,,no_match,WALGREEN,Rite Aid Corporation,Acquisition of Asset or Branch,4157.0,4157.0,Completed,Drug Retail,USA
SPTRD319231,2017-06-28,2017-10-02,First Potomac Realty Trust,,no_match,FIRST POTOMAC REALTY TRUST,Government Properties Income Trust,,no_match,GOVERNMENT PROPERTIES INCOME TRUST,,Acquisition of Whole Company (incl. Majority Stake),1314.837772,684.186772,Completed,Office REIT,USA
SPTRD319358,2017-06-28,2017-08-02,"Milestone AV Technologies, LLC*",,no_match,MILESTONE AV TECHNOLOGIES,"Legrand North America, LLC",,no_match,LEGRAND NORTH AMERICA,Investor Group,Acquisition of Whole Company (incl. Majority Stake),1200.0,1200.0,Completed,Home Furnishings Producers,USA
SPTRD319662,2017-06-28,2017-09-12,"Staples, Inc.*",,no_match,STAPLES,"Sycamore Partners Management, L.P.",,no_match,SYCAMORE PARTNERS MANAGEMENT,Investor Group,Acquisition of Whole Company (incl. Majority Stake),6848.72366,6848.72366,Completed,Other Specialty Retail,USA
SPTRD319166,2017-06-28,2017-08-09,The Spectranetics Corporation,,no_match,SPECTRANETICS,Philips Holding USA Inc.,,no_match,PHILIPS USA,Investor Group,Acquisition of Whole Company (incl. Majority Stake),2087.414769,1805.161769,Completed,Health Care Supplies,USA
SPTRD318276,2017-06-27,2017-07-28,Residential assets*,,no_match,RESIDENTIAL ASSETS,"Cerberus Capital Management, L.P.",,no_match,CERBERUS CAPITAL MANAGEMENT,"New York Community Bancorp, Inc.",Acquisition of Asset or Branch,1900.0,1900.0,Completed,Mortgage Banks and Brokers,USA
SPTRD814113,2017-06-26,2018-04-27,"Bluegrass Materials Company, LLC",,no_match,BLUEGRASS MATERIALS,"Martin Marietta Materials, Inc.",MLM,normalized_exact,MARTIN MARIETTA MATERIALS,Panadero Aggregates Holdings LLC,Acquisition of Whole Company (incl. Majority Stake),1625.0,1625.0,Completed,Construction Materials,USA
SPTRD795242,2017-06-21,2017-08-15,Casamigos Spirits Co.,,no_match,CASAMIGOS SPIRITS,"Diageo North America, Inc.",,no_match,DIAGEO NORTH AMERICA,,Acquisition of Whole Company (incl. Majority Stake),1000.0,1000.0,Completed,Distillers and Vintners,USA
SPTRD319244,2017-06-20,2017-09-29,Parexel International Corporation*,,no_match,PAREXEL INTERNATIONAL,Pamplona Capital Management LLP,,no_match,PAMPLONA CAPITAL MANAGEMENT LLP,JF Asset Management Limited,Acquisition of Whole Company (incl. Majority Stake),4960.582745,4591.782745,Completed,Life Sciences Tools and Services,USA
SPTRD271439,2017-06-19,2017-09-30,"Hawthorn Retirement Group, LLC",,no_match,HAWTHORN RETIREMENT,"Columbia Pacific Advisors, LLC",,no_match,COLUMBIA PACIFIC ADVISORS,,Acquisition of Whole Company (incl. Majority Stake),2600.0,2600.0,Completed,Health Care Facilities,USA
SPTRD271409,2017-06-19,2017-11-13,"Rice Energy, Inc.",,no_match,RICE ENERGY,EQT Corporation,EQT,normalized_exact,EQT,,Acquisition of Whole Company (incl. Majority Stake),11034.985691,7330.079691,Completed,Oil and Gas Exploration and Production,USA
SPTRD232880,2017-06-16,2017-08-28,"Whole Foods Market, Inc.",,no_match,WHOLE FOODS MARKET,"Amazon.com, Inc.",AMZN,normalized_exact,AMAZON COM,,Acquisition of Whole Company (incl. Majority Stake),13620.748138,13571.748138,Completed,Food Retail,USA
SPTRD225229,2017-06-13,2017-08-01,Flexential Colorado LLC*,,no_match,FLEXENTIAL COLORADO,Peak 10 Holding Corporation,,no_match,PEAK 10,Shaw Communications Inc.,Acquisition of Whole Company (incl. Majority Stake),1675.0,1675.0,Completed,Internet Services and Infrastructure,USA
SPTRD816857,2017-06-12,2017-10-20,American Casino & Entertainment Properties LLC,,no_match,AMERICAN CASINO AND ENTERTAINMENT PROPERTIES,"Golden Entertainment, Inc.",,no_match,GOLDEN ENTERTAINMENT,"W2007/ACEP Managers Voteco, LLC",Acquisition of Whole Company (incl. Majority Stake),1069.386376,881.555376,Completed,Casinos and Gaming,USA
SPTRD225139,2017-06-09,2017-09-14,"DuPont Fabros Technology, Inc.",,no_match,DUPONT FABROS TECHNOLOGY,"Digital Realty Trust, Inc.",DLR,normalized_exact,DIGITAL REALTY TRUST,,Acquisition of Whole Company (incl. Majority Stake),7683.635771,5982.734771,Completed,Data Center REIT,USA
SPTRD224117,2017-06-06,2017-08-31,AMRI*,,no_match,AMRI,Investor Group,,no_match,INVESTOR,Investor Group,Acquisition of Whole Company (incl. Majority Stake),1592.989016,987.253016,Completed,Life Sciences Tools and Services,USA
SPTRD223976,2017-06-06,2017-07-17,Buffalo Parent Gulf Coast Terminals LLC/HFOTCO LLC*,,no_match,BUFFALO PARENT GULF COAST TERMINALS,SemGroup Corporation,,no_match,SEMGROUP,Alinda Capital Partners Ltd.,Acquisition of Whole Company (incl. Majority Stake),2062.0,1301.0,Completed,Oil and Gas Storage and Transportation,USA
SPTRD396491,2017-06-06,2017-08-01,HD Supply Waterworks Group and HD Supply Waterworks and Certain Other Waterworks*,,no_match,HD SUPPLY WATERWORKS AND HD SUPPLY WATERWORKS AND CERTAIN OTHER WATERWORKS,"Clayton, Dubilier & Rice, LLC",,no_match,CLAYTON DUBILIER AND RICE,Investor Group,Acquisition of Asset or Branch,2400.0,2400.0,Completed,Unclassified,USA
SPTRD223794,2017-06-02,2017-12-04,Macquarie Utilities Inc,,no_match,MACQUARIE UTILITIES,Eversource Energy,ES,normalized_exact,EVERSOURCE ENERGY,Macquarie Group Limited,Acquisition of Whole Company (incl. Majority Stake),1675.0,880.0,Completed,Water Utilities,USA
SPTRD347173,2017-06-01,2017-07-05,"Parfums de Coeur, Ltd.*",,no_match,PARFUMS COEUR,Investor Group,,no_match,INVESTOR,"Yellow Wood Partners, LLC",Acquisition of Whole Company (incl. Majority Stake),1425.0,1425.0,Completed,Personal Care and Beauty Products: Producers,USA
SPTRD316367,2017-05-30,2017-10-06,Atwood Oceanics Inc.,,no_match,ATWOOD OCEANICS,Ensco plc,,no_match,ENSCO,Investor Group,Acquisition of Whole Company (incl. Majority Stake),1603.963824,780.253824,Completed,Oil and Gas Drilling,USA
SPTRD223102,2017-05-24,2017-11-30,Fidelity & Guaranty Life*,,no_match,FIDELITY AND GUARANTY LIFE,FGL US Holdings Inc.,,no_match,FGL US,HRG Group Inc.,Acquisition of Whole Company (incl. Majority Stake),1835.186383,1835.186383,Completed,Life and Health,USA
SPTRD346127,2017-05-23,2017-09-01,Navig8 Product Tankers Inc.,,no_match,NAVIG8 PRODUCT TANKERS,Scorpio Tankers Inc.,STNG,normalized_exact,SCORPIO TANKERS,"Avenue Capital Group, LLC",Acquisition of Whole Company (incl. Majority Stake),1178.131875,311.495875,Completed,Marine Transportation,USA
SPTRD223069,2017-05-22,2018-01-24,"WaveDivision Holdings, LLC*",,no_match,WAVEDIVISION,"RCN Telecom Services, LLC",,no_match,RCN TELECOM SERVICES,,Acquisition of Whole Company (incl. Majority Stake),2365.0,2365.0,Completed,Alternative Carriers,USA
SPTRD222975,2017-05-19,2017-09-29,IASIS Healthcare LLC*,,no_match,IASIS HEALTHCARE,Steward Healthcare System LLC,,no_match,STEWARD HEALTHCARE SYSTEM,IASIS Healthcare Corporation,Acquisition of Whole Company (incl. Majority Stake),1900.0,1900.0,Completed,Managed Care,USA
SPTRD316083,2017-05-19,2017-10-04,Phillips Edison Limited Partnership,,no_match,PHILLIPS EDISON PARTNERSHIP,"Phillips Edison Grocery Center REIT I, Inc.",,no_match,PHILLIPS EDISON GROCERY CENTER REIT I,,Acquisition of Whole Company (incl. Majority Stake),1139.438,1139.438,Completed,Asset Management,USA
SPTRD225461,2017-05-10,2017-08-01,"Double Eagle Parent, Inc.*",,no_match,DOUBLE EAGLE PARENT,"INC Research Holdings, Inc.",,no_match,RESEARCH,Investor Group,Acquisition of Whole Company (incl. Majority Stake),5073.509643,2732.986643,Completed,Life Sciences Tools and Services,USA
SPTRD225500,2017-05-10,2017-08-31,"Surgery Partners, Inc.*",SGRY,normalized_exact,SURGERY PARTNERS,"Bain Capital Private Equity, LP",,no_match,BAIN CAPITAL PRIVATE EQUITY,"H.I.G. Surgery Centers, LLC",Acquisition of Whole Company (incl. Majority Stake),2809.716369,502.657369,Completed,Health Care Facilities,USA
SPTRD222739,2017-05-09,2017-10-10,West Corporation,,no_match,WEST,"Apollo Global Management, LLC",APO,normalized_exact,APOLLO GLOBAL MANAGEMENT,,Acquisition of Whole Company (incl. Majority Stake),1975.38314,1975.38314,Completed,Data Processing and Outsourced Services,USA
SPTRD346161,2017-05-08,2017-07-10,Kate Spade & Company,,no_match,KATE SPADE AND,"Coach, Inc.",,no_match,COACH,Investor Group,Acquisition of Whole Company (incl. Majority Stake),2340.155616,2383.865616,Completed,"Apparel, Accessories and Luxury Goods",USA
SPTRD222689,2017-05-07,2017-08-17,"Care Capital Properties, Inc.",,no_match,CARE CAPITAL PROPERTIES,"Sabra Health Care REIT, Inc.",SBRA,normalized_exact,SABRA HEALTH CARE REIT,,Acquisition of Whole Company (incl. Majority Stake),3802.554022,2054.886022,Completed,Health Care REIT,USA
SPTRD225663,2017-05-05,2017-11-21,VWR Corporation,,no_match,VWR,"Avantor Performance Materials, LLC",,no_match,AVANTOR PERFORMANCE MATERIALS,"Varietal Distribution Holdings, LLC",Acquisition of Whole Company (incl. Majority Stake),6510.31733,4450.61733,Completed,Life Sciences Tools and Services,USA
SPTRD222626,2017-05-04,2017-11-30,Capital Bank Financial Corp.*,,no_match,CAPITAL BANK FINANCIAL,First Horizon National Corporation,,no_match,FIRST HORIZON NATIONAL,,Acquisition of Whole Company (incl. Majority Stake),2175.063335,2175.063335,Completed,Bank,USA
SPTRD225761,2017-05-03,2017-07-07,Kofax Limited*,,no_match,KOFAX,"Thoma Bravo, L.P.",,no_match,THOMA BRAVO,"Lexmark International, Inc.",Acquisition of Whole Company (incl. Majority Stake),1350.0,1350.0,Completed,Application Software,USA
SPTRD317181,2017-05-02,2017-06-28,"Noble Energy, Inc., Upstream Appalachia Natural Gas Assets",,no_match,NOBLE ENERGY UPSTREAM APPALACHIA NATURAL GAS ASSETS,Undisclosed Buyer,,no_match,UNDISCLOSED BUYER,"Noble Energy, Inc.",Acquisition of Asset or Branch,1225.0,1225.0,Completed,Oil and Gas Exploration and Production,USA
SPTRD1848014,2017-05-01,2017-11-02,Medical Office Portfolio,,no_match,MEDICAL OFFICE PORTFOLIO,"Healthcare Trust of America, Inc.",,no_match,HEALTHCARE TRUST OF AMERICA,Investor Group,Acquisition of Asset or Branch,2750.0,2750.0,Completed,Real Estate Operating and Management,USA
SPTRD222515,2017-04-28,2017-06-28,"Midcoast Gas Gathering and Processing business of Enbridge Energy Partners, L.P.",,no_match,MIDCOAST GAS GATHERING AND PROCESSING BUSINESS OF ENBRIDGE ENERGY PARTNERS,"Enbridge Energy Company, Inc.",,no_match,ENBRIDGE ENERGY,"Enbridge Energy Partners, L.P.",Acquisition of Asset or Branch,2263.0,1310.0,Completed,Oil and Gas Refining and Marketing,USA
SPTRD347951,2017-04-25,2017-06-07,"AdvancePierre Foods Holdings, Inc.",,no_match,ADVANCEPIERRE FOODS,"Tyson Foods, Inc.",TSN,normalized_exact,TYSON FOODS,"Oaktree Capital Management, L.P.",Acquisition of Whole Company (incl. Majority Stake),4349.826139,3383.627139,Completed,Packaged Foods and Meats Producers,USA
SPTRD222781,2017-04-25,2018-02-28,Straight Path Communications Inc.,,no_match,STRAIGHT PATH COMMUNICATIONS,Verizon Communications Inc.,VZ,normalized_exact,VERIZON COMMUNICATIONS,,Acquisition of Whole Company (incl. Majority Stake),2405.10596,2409.33096,Completed,Alternative Carriers,USA
SPTRD222318,2017-04-24,2017-08-31,FelCor Lodging Trust Incorporated,,no_match,FELCOR LODGING TRUST,RLJ Lodging Trust,RLJ,normalized_exact,RLJ LODGING TRUST,,Acquisition of Whole Company (incl. Majority Stake),2695.834137,1015.715137,Completed,Hotel and Resort REIT,USA
SPTRD226335,2017-04-23,2017-12-29,"C. R. Bard, Inc.",,no_match,C R BARD,"Becton, Dickinson and Company",BDX,normalized_exact,BECTON DICKINSON AND,Investor Group,Acquisition of Whole Company (incl. Majority Stake),25837.863847,25352.663847,Completed,Health Care Equipment,USA
SPTRD226385,2017-04-20,2017-05-31,"Upsher-Smith Laboratories, Inc., Generic Pharmaceuticals Business",,no_match,UPSHER SMITH LABORATORIES GENERIC PHARMACEUTICALS BUSINESS,"Sawai Group Holdings Co., Ltd.",,no_match,SAWAI,"Upsher-Smith Laboratories, LLC",Acquisition of Asset or Branch,1050.0,1050.0,Completed,Pharmaceuticals,USA
SPTRD1082069,2017-04-18,2018-03-15,"Air Medical Resource Group, Inc.",,no_match,AIR MEDICAL RESOURCE,"Air Medical Group Holdings, Inc.",,no_match,AIR MEDICAL,Envision Healthcare Corp.,Acquisition of Whole Company (incl. Majority Stake),2400.0,2400.0,Completed,Health Care Services,USA
SPTRD226511,2017-04-18,2017-05-31,"Chewy, Inc.*",CHWY,normalized_exact,CHEWY,PetSmart LLC,,no_match,PETSMART,Investor Group,Acquisition of Whole Company (incl. Majority Stake),3400.0,3400.0,Completed,Other Specialty Retail,USA
SPTRD226508,2017-04-18,2017-07-29,"Medtronic plc, Patient Care, Deep Vein Thrombosis and Nutritional Insufficiency",,no_match,MEDTRONIC PATIENT CARE DEEP VEIN THROMBOSIS AND NUTRITIONAL INSUFFICIENCY,"Cardinal Health, Inc.",CAH,normalized_exact,CARDINAL HEALTH,Medtronic plc,Acquisition of Asset or Branch,6059.123062,6059.123062,Completed,Health Care Equipment,USA
SPTRD222137,2017-04-17,2017-06-30,"EagleClaw Midstream Services, LLC*",,no_match,EAGLECLAW MIDSTREAM SERVICES,Blackstone Capital Partners/ Blackstone Energy Partners,,no_match,BLACKSTONE CAPITAL PARTNERS BLACKSTONE ENERGY PARTNERS,,Acquisition of Whole Company (incl. Majority Stake),2000.0,2000.0,Completed,Oil and Gas Storage and Transportation,USA
SPTRD222130,2017-04-17,2017-07-06,"Williams Olefins, LLC",,no_match,WILLIAMS OLEFINS,NOVA Chemicals Corporation,,no_match,NOVA CHEMICALS,Williams Partners L.P.,Acquisition of Whole Company (incl. Majority Stake),2100.0,2100.0,Completed,Commodity Chemicals,USA
SPTRD345623,2017-04-13,2017-07-31,"ConocoPhillips, San Juan Basin Assets*",,no_match,CONOCOPHILLIPS SAN JUAN BASIN ASSETS,Investor Group,,no_match,INVESTOR,ConocoPhillips,Acquisition of Asset or Branch,3000.0,3000.0,Completed,Oil and Gas Exploration and Production,USA
SPTRD221974,2017-04-11,2017-05-22,"CCC Acquisition Holdings, Inc.",,no_match,CCC ACQUISITION,Loews Corporation,L,normalized_exact,LOEWS,,Acquisition of Whole Company (incl. Majority Stake),1200.0,1200.0,Completed,Multiline,USA
SPTRD221979,2017-04-11,2017-05-04,"Navigator Energy Services, LLC",,no_match,NAVIGATOR ENERGY SERVICES,"NuStar Logistics, L.P.",,no_match,NUSTAR LOGISTICS,"First Reserve Management, L.P.",Acquisition of Whole Company (incl. Majority Stake),1475.0,1475.0,Completed,Oil and Gas Storage and Transportation,USA
SPTRD314612,2017-04-10,2017-07-31,Alterra Mountain Company*,,no_match,ALTERRA MOUNTAIN,Investor Group,,no_match,INVESTOR,Investor Group,Acquisition of Whole Company (incl. Majority Stake),1369.45249,981.70849,Completed,Leisure Facilities,USA
SPTRD315846,2017-04-10,2017-09-08,Swift Transportation Company,,no_match,SWIFT TRANSPORTATION,"Knight Transportation, Inc.",,no_match,KNIGHT TRANSPORTATION,The Teamsters General Fund,Acquisition of Whole Company (incl. Majority Stake),4842.754952,3949.543952,Completed,Cargo Ground Transportation,USA
SPTRD221860,2017-04-06,2018-01-23,Convenience store business and gasoline retail business of Sunoco LP,,no_match,CONVENIENCE STORE BUSINESS AND GASOLINE RETAIL BUSINESS OF SUNOCO,"7-Eleven, Inc.",,no_match,7 ELEVEN,Sunoco LP,Acquisition of Asset or Branch,3300.0,3300.0,Completed,Oil and Gas Refining and Marketing,USA
SPTRD811953,2017-04-05,2019-08-01,Houghton International Inc.,,no_match,HOUGHTON INTERNATIONAL,Quaker Chemical Corporation,KWR,normalized_exact,QUAKER CHEMICAL,Gulf Houghton Lubricants Ltd.,Acquisition of Whole Company (incl. Majority Stake),1636.577,976.577,Completed,Specialty Chemicals,USA
SPTRD348397,2017-04-05,2017-07-18,Panera Bread Company*,,no_match,PANERA BREAD,JAB Holdings B.V.,,no_match,JAB B V,Capital Research Global Investors,Acquisition of Whole Company (incl. Majority Stake),7596.59325,7260.81025,Completed,Restaurants,USA
SPTRD221826,2017-04-05,2017-05-04,Studio 3 Partners LLC*,,no_match,STUDIO 3 PARTNERS,Metro-Goldwyn-Mayer Studios Inc.,,no_match,METRO GOLDWYN MAYER STUDIOS,Investor group,Acquisition of Whole Company (incl. Majority Stake),1031.6025,1031.6025,Completed,Broadcasting,USA
SPTRD221742,2017-04-04,2018-03-09,"General Communication, Inc.*",,no_match,GENERAL COMMUNICATION,Liberty Ventures (Business Unit),,no_match,LIBERTY VENTURES,,Acquisition of Whole Company (incl. Majority Stake),2908.283567,1360.144567,Completed,Alternative Carriers,USA
SPTRD818749,2017-03-31,2017-11-01,"E. I. du Pont de Nemours and Company, Certain Assets Relating to Crop Protection",,no_match,E I DU PONT NEMOURS AND CERTAIN ASSETS RELATING TO CROP PROTECTION,FMC Corporation,FMC,normalized_exact,FMC,E. I. du Pont de Nemours and Company,Acquisition of Asset or Branch,3646.2,3194.2,Completed,Fertilizers and Agricultural Chemicals,USA
SPTRD820407,2017-03-28,2017-06-30,Florida East Coast Holdings Corp.,,no_match,FLORIDA EAST COAST,"GMéxico Transportes, S.A.B. de C.V.",,no_match,GM XICO TRANSPORTES S A B C V,"Florida East Coast Industries, LLC",Acquisition of Whole Company (incl. Majority Stake),2100.0,2003.0,Completed,Rail Transportation,USA
SPTRD316012,2017-03-27,2017-09-06,"Sealed Air Corporation, Diversey Care Division and the Food Hygiene and Cleaning*",,no_match,SEALED AIR DIVERSEY CARE DIVISION AND FOOD HYGIENE AND CLEANING,"Bain Capital Private Equity, LP",,no_match,BAIN CAPITAL PRIVATE EQUITY,Sealed Air Corporation,Acquisition of Asset or Branch,3200.0,3200.0,Completed,Household Products Producers,USA
SPTRD446932,2017-03-21,2017-05-11,245 Park Avenue,,no_match,245 PARK AVENUE,HNA Property Holdings (Group) Company Ltd.,,no_match,HNA PROPERTY,Investor Group,Acquisition of Asset or Branch,2210.0,2210.0,Completed,Real Estate Operating and Management,USA
SPTRD221106,2017-03-17,2017-05-16,"USI Insurance Services, LLC*",,no_match,USI INSURANCE SERVICES,Investor group,,no_match,INVESTOR,Onex Corporation,Acquisition of Whole Company (incl. Majority Stake),4300.0,,Completed,Insurance Broker,USA
SPTRD227984,2017-03-16,2017-10-04,"Scott Technologies, Inc.",,no_match,SCOTT TECHNOLOGIES,3M Company,,no_match,3M,Johnson Controls International plc,Acquisition of Whole Company (incl. Majority Stake),2000.0,2000.0,Completed,Office Services and Supplies,USA
SPTRD348909,2017-03-16,2017-03-16,Three U.S. Student Housing Portfolios,,no_match,THREE U S STUDENT HOUSING PORTFOLIOS,Scion Student Communities LP,,no_match,SCION STUDENT COMMUNITIES,"Harrison Street Real Estate Capital, LLC",Acquisition of Asset or Branch,1575.0,1575.0,Completed,Real Estate Operating and Management,USA
SPTRD222251,2017-03-15,2017-07-20,"KCG Holdings, Inc.",,no_match,KCG,"Virtu Financial, Inc.",VIRT,normalized_exact,VIRTU FINANCIAL,,Acquisition of Whole Company (incl. Majority Stake),1419.680893,1419.680893,Completed,"Investment Banks, Brokers and Capital Markets",USA
SPTRD228104,2017-03-14,2017-04-20,Air Methods Corporation*,,no_match,AIR METHODS,American Securities LLC,,no_match,AMERICAN SECURITIES,Investor Group,Acquisition of Whole Company (incl. Majority Stake),2486.486691,1585.682691,Completed,Health Care Services,USA
SPTRD335923,2017-03-09,2017-05-01,"70,000 Net Surface Acres In The Permian Basin",,no_match,70 000 NET SURFACE ACRES IN PERMIAN BASIN,Marathon Oil Corporation,,no_match,MARATHON OIL,"BC Operating, Inc.",Acquisition of Asset or Branch,1100.0,1100.0,Completed,Oil and Gas Exploration and Production,USA
SPTRD349109,2017-03-08,2017-09-30,"GE Osmonics, Inc.",,no_match,GE OSMONICS,Investor Group,,no_match,INVESTOR,General Electric Company,Acquisition of Whole Company (incl. Majority Stake),3782.0588576,,Completed,Machinery and Supplies and Components: Industrial,USA
SPTRD220871,2017-03-08,2017-03-08,Mortgage Loan Portfolio,,no_match,MORTGAGE LOAN PORTFOLIO,"DLJ Mortgage Capital, Inc.",,no_match,DLJ MORTGAGE CAPITAL,HSBC Holdings Plc,Acquisition of Asset or Branch,2900.0,2900.0,Completed,Mortgage Banks and Brokers,USA
SPTRD220827,2017-03-08,2017-03-08,US First Lien Residential Mortgage Loans,,no_match,US FIRST LIEN RESIDENTIAL MORTGAGE LOANS,"DLJ Mortgage Capital, Inc.",,no_match,DLJ MORTGAGE CAPITAL,HSBC Holdings Plc,Acquisition of Asset or Branch,3396.0,3396.0,Completed,Mortgage Banks and Brokers,USA
SPTRD220735,2017-03-07,2017-10-02,Astoria Financial Corporation*,,no_match,ASTORIA FINANCIAL,Sterling Bancorp,,no_match,STERLING BANCORP,,Acquisition of Whole Company (incl. Majority Stake),2194.095,2194.095,Completed,Bank,USA
SPTRD228402,2017-03-07,2017-04-13,"Nimble Storage, Inc.*",,no_match,NIMBLE STORAGE,Hewlett Packard Enterprise Company,HPE,normalized_exact,HEWLETT PACKARD ENTERPRISE,Investor Group,Acquisition of Whole Company (incl. Majority Stake),1065.126208,1249.940208,Completed,Internet Services and Infrastructure,USA
SPTRD220732,2017-03-07,2017-12-28,"TerraForm Global, Inc.",,no_match,TERRAFORM GLOBAL,Brookfield Asset Management Inc.,BAM,normalized_exact,BROOKFIELD ASSET MANAGEMENT,Investor group,Acquisition of Whole Company (incl. Majority Stake),1658.230707,776.645707,Completed,Renewable Electricity,USA
SPTRD220737,2017-03-07,2017-10-16,"TerraForm Power, Inc.",,no_match,TERRAFORM POWER,Investor group,,no_match,INVESTOR,Investor group,Acquisition of Minority Stake,5431.160597,621.507821,Completed,Renewable Electricity,USA
SPTRD821399,2017-03-02,2017-07-03,Grace Darex Packaging Technologies,,no_match,GRACE DAREX PACKAGING TECHNOLOGIES,Henkel AG & Co. KGaA,,no_match,HENKEL AND KGAA,GCP Applied Technologies Inc.,Acquisition of Whole Company (incl. Majority Stake),1050.0,,Completed,Specialty Chemicals,USA
SPTRD220557,2017-03-01,2017-03-01,Hardin Street Transportation LLC/Woodhaven Cavern LLC/MPLX Terminals LLC*,,no_match,HARDIN STREET TRANSPORTATION CAVERN TERMINALS,MPLX LP,MPLX,normalized_exact,MPLX,Marathon Petroleum Corporation,Acquisition of Whole Company (incl. Majority Stake),2003.347524,2003.347524,Completed,Oil and Gas Storage and Transportation,USA
SPTRD349296,2017-03-01,2017-03-01,"The Bissell Companies, Inc.",,no_match,BISSELL,Northwood Investors LLC,,no_match,NORTHWOOD INVESTORS,,Acquisition of Asset or Branch,1207.6,1207.6,Completed,Real Estate Operating and Management,USA
SPTRD220496,2017-02-28,2017-07-31,"Sabadell United Bank, N.A.",,no_match,SABADELL UNITED BANK N A,IBERIABANK,,no_match,IBERIABANK,"Banco de Sabadell, SA",Acquisition of Whole Company (incl. Majority Stake),1012.068815,1012.068815,Completed,Bank,USA
SPTRD220445,2017-02-27,2017-05-09,Silver Bay Realty Trust Corp.,,no_match,SILVER BAY REALTY TRUST,TAH Acquisition Holdings LLC,,no_match,TAH ACQUISITION,,Acquisition of Whole Company (incl. Majority Stake),1440.370238,823.964238,Completed,Single-Family Residential REIT,USA
SPTRD317834,2017-02-24,2017-10-05,"Vantor Holdings, Inc.",,no_match,VANTOR,"SSL MDA Holdings, Inc.",,no_match,SSL MDA,Investor Group,Acquisition of Whole Company (incl. Majority Stake),3399.803918,2256.603918,Completed,Aerospace and Defense,USA
SPTRD220875,2017-02-23,2017-02-23,Real Estate Secured Receivables,,no_match,REAL ESTATE SECURED RECEIVABLES,Undisclosed Buyer,,no_match,UNDISCLOSED BUYER,HSBC Holdings Plc,Acquisition of Asset or Branch,1500.0,1500.0,Completed,Specialty Finance: Commercial Focused,USA
SPTRD220817,2017-02-23,2017-02-23,US Second Lien Residential Mortgage Loans,,no_match,US SECOND LIEN RESIDENTIAL MORTGAGE LOANS,"DLJ Mortgage Capital, Inc.",,no_match,DLJ MORTGAGE CAPITAL,HSBC Holdings Plc,Acquisition of Asset or Branch,1495.0,1495.0,Completed,Mortgage Banks and Brokers,USA
SPTRD220239,2017-02-21,2017-03-31,C & V Business of ECN Capital Corp.,,no_match,C AND V BUSINESS OF ECN CAPITAL,"PNC Bank, National Association",,no_match,PNC BANK NATIONAL ASSOCIATION,ECN Capital Corp.,Acquisition of Asset or Branch,1300.0,1300.0,Completed,Specialty Finance: Commercial Focused,USA
SPTRD349493,2017-02-21,2017-03-24,"Popeyes Louisiana Kitchen, Inc.",,no_match,POPEYES LOUISIANA KITCHEN,Restaurant Brands International Inc.,QSR,normalized_exact,RESTAURANT BRANDS INTERNATIONAL,Investor Group,Acquisition of Whole Company (incl. Majority Stake),1815.468673,1667.268673,Completed,Restaurants,USA
SPTRD229309,2017-02-15,2017-10-02,"DePuy Synthes, Inc., Codman Neurosurgery Business",,no_match,DEPUY SYNTHES CODMAN NEUROSURGERY BUSINESS,Integra LifeSciences Holdings Corporation,IART,normalized_exact,INTEGRA LIFESCIENCES,"DePuy Synthes, Inc.",Acquisition of Asset or Branch,1045.0,1045.0,Completed,Health Care Equipment,USA
SPTRD229361,2017-02-14,2017-03-21,"Cynosure, LLC",,no_match,CYNOSURE,"Hologic, Inc.",,no_match,HOLOGIC,Investor Group,Acquisition of Whole Company (incl. Majority Stake),1441.726044,1659.936044,Completed,Health Care Equipment,USA
SPTRD219969,2017-02-14,2017-12-27,Fortress Investment Group LLC,,no_match,FORTRESS INVESTMENT,SB Foundation Holdings LP,,no_match,SB FOUNDATION,,Acquisition of Whole Company (incl. Majority Stake),3265.540225,3265.540225,Completed,Asset Management,USA
SPTRD229426,2017-02-13,2017-04-28,"ZELTIQ Aesthetics, Inc.*",,no_match,ZELTIQ AESTHETICS,Allergan plc,,no_match,ALLERGAN,Investor Group,Acquisition of Whole Company (incl. Majority Stake),2414.928163,2471.205163,Completed,Health Care Equipment,USA
SPTRD349743,2017-02-10,2017-06-15,Mead Johnson Nutrition Company,,no_match,MEAD JOHNSON NUTRITION,Reckitt Benckiser Group plc,,no_match,RECKITT BENCKISER,Investor Group,Acquisition of Whole Company (incl. Majority Stake),17940.740339,16640.640339,Completed,Packaged Foods and Meats Producers,USA
SPTRD219857,2017-02-10,2017-05-01,Technology-Enabled Benefits & Human Resources Platform*,,no_match,TECHNOLOGY ENABLED BENEFITS AND HUMAN RESOURCES PLATFORM,"Tempo Acquisition, LLC",,no_match,TEMPO ACQUISITION,Aon plc,Acquisition of Asset or Branch,4800.0,4800.0,Completed,Application Software,USA
SPTRD349856,2017-02-07,2017-02-07,184-Property Cabot Industrial Portfolio,,no_match,184 PROPERTY CABOT INDUSTRIAL PORTFOLIO,DRA Advisors LLC,,no_match,DRA ADVISORS,"Cabot Properties, Inc.",Acquisition of Asset or Branch,1070.0,1070.0,Completed,Real Estate Operating and Management,USA
SPTRD349852,2017-02-07,2017-04-20,Double Eagle Energy Permian Operating LLC,,no_match,DOUBLE EAGLE ENERGY PERMIAN OPERATING,"Parsley Energy, LLC",,no_match,PARSLEY ENERGY,Double Eagle Energy Permian Operating LLC,Acquisition of Whole Company (incl. Majority Stake),2800.000018,2800.000018,Completed,Unclassified,USA
SPTRD219591,2017-02-02,2017-11-17,CBS Radio Inc.,,no_match,CBS RADIO,Entercom Communications Corp.,,no_match,ENTERCOM COMMUNICATIONS,CBS Corporation,Acquisition of Whole Company (incl. Majority Stake),2477.247924,1141.847924,Completed,Broadcasting,USA
SPTRD219554,2017-02-01,2017-06-30,"ONEOK Partners, L.P.*",,no_match,ONEOK PARTNERS,"ONEOK, Inc.",OKE,normalized_exact,ONEOK,,Acquisition of Whole Company (incl. Majority Stake),17066.331566,8702.928566,Completed,Oil and Gas Storage and Transportation,USA
SPTRD230104,2017-01-30,2017-04-18,Ixia,,no_match,IXIA,"Keysight Technologies, Inc.",KEYS,normalized_exact,KEYSIGHT TECHNOLOGIES,Investor Group,Acquisition of Whole Company (incl. Majority Stake),1602.99804,1712.42204,Completed,Communications Equipment,USA
SPTRD230286,2017-01-25,2017-04-03,"CoverMyMeds, LLC*",,no_match,COVERMYMEDS,McKesson Corporation,MCK,normalized_exact,MCKESSON,Investor Group,Acquisition of Whole Company (incl. Majority Stake),1500.0,1500.0,Completed,Health Care Technology,USA
SPTRD219365,2017-01-25,2018-07-06,"WGL Holdings, Inc.",,no_match,WGL,AltaGas Ltd.,,no_match,ALTAGAS,,Acquisition of Whole Company (incl. Majority Stake),6955.230597,4544.396597,Completed,Gas Utilities,USA
SPTRD447130,2017-01-24,2017-01-24,60 Wall Street,,no_match,60 WALL STREET,Investor Group,,no_match,INVESTOR,"Morgan Stanley Real Estate Fund, Inc.",Acquisition of Asset or Branch,1040.30912,1040.30912,Completed,Real Estate Operating and Management,USA
SPTRD219330,2017-01-24,2017-02-14,Alpha Crude Connector system,,no_match,ALPHA CRUDE CONNECTOR SYSTEM,"Plains All American Pipeline, L.P.",PAA,normalized_exact,PLAINS ALL AMERICAN PIPELINE,"Frontier Midstream Solutions, LLC",Acquisition of Asset or Branch,1209.079293,1215.0,Completed,Oil and Gas Storage and Transportation,USA
SPTRD230361,2017-01-24,2017-03-22,AppDynamics LLC*,,no_match,APPDYNAMICS,"Cisco Systems, Inc.",CSCO,normalized_exact,CISCO SYSTEMS,Investor Group,Acquisition of Whole Company (incl. Majority Stake),3890.792,3700.0,Completed,Application Software,USA
SPTRD350208,2017-01-24,2017-06-06,Multi Packaging Solutions International Limited*,,no_match,MULTI PACKAGING SOLUTIONS INTERNATIONAL,WestRock Company,,no_match,WESTROCK,Investor Group,Acquisition of Whole Company (incl. Majority Stake),2257.55674,1411.96374,Completed,Packaging and Materials: Paper and Plastic,USA
SPTRD319305,2017-01-23,2017-11-01,Life settlement portfolio*,,no_match,LIFE SETTLEMENT PORTFOLIO,Blackstone Group L.P.,BX,normalized_exact,BLACKSTONE,"American International Group, Inc.",Acquisition of Asset or Branch,1100.0,1100.0,Completed,Life and Health,USA
SPTRD219277,2017-01-22,2017-06-16,BNC Bancorp*,,no_match,BNC BANCORP,"Pinnacle Financial Partners, Inc.",PNFP,normalized_exact,PINNACLE FINANCIAL PARTNERS,,Acquisition of Whole Company (incl. Majority Stake),1870.962232,1870.962232,Completed,Bank,USA
SPTRD219224,2017-01-19,2017-04-28,Milestone Apartments Real Estate Investment Trust*,,no_match,MILESTONE APARTMENTS REAL ESTATE INVESTMENT TRUST,"Starwood Capital Group Management, L.L.C.",,no_match,STARWOOD CAPITAL MANAGEMENT C,,Acquisition of Whole Company (incl. Majority Stake),2992.656938,1499.775938,Completed,Multi-Family Residential REIT,USA
SPTRD342534,2017-01-17,2017-02-28,Oil And Gas Properties In The Permian Basin And Certain Additional Properties An,,no_match,OIL AND GAS PROPERTIES IN PERMIAN BASIN AND CERTAIN ADDITIONAL PROPERTIES AN,XTO Energy Inc.,,no_match,XTO ENERGY,Undisclosed Seller,Acquisition of Asset or Branch,6564.72,6564.72,Completed,Unclassified,USA
SPTRD323274,2017-01-16,2017-04-24,"Clayton Williams Energy, Inc.",,no_match,CLAYTON WILLIAMS ENERGY,"Noble Energy, Inc.",,no_match,NOBLE ENERGY,Investor Group,Acquisition of Whole Company (incl. Majority Stake),2571.172894,2296.199394,Completed,Oil and Gas Exploration and Production,USA
SPTRD220284,2017-01-13,2017-07-12,"Novitex Holdings, Inc./SourceHOV LLC",,no_match,NOVITEX,Quinpario Acquisition Corp. 2,,no_match,QUINPARIO ACQUISITION 2,Investor group,Acquisition of Whole Company (incl. Majority Stake),1112.0,1112.0,Completed,Data Processing and Outsourced Services,USA
SPTRD219093,2017-01-12,2017-02-06,Eagle ford Shale assets,,no_match,EAGLE FORD SHALE ASSETS,Investor group,,no_match,INVESTOR,Anadarko Petroleum Corporation,Acquisition of Asset or Branch,2100.0,2100.0,Completed,Integrated Oil and Gas,USA
SPTRD231159,2017-01-09,2017-02-15,"ARIAD Pharmaceuticals, Inc.",,no_match,ARIAD PHARMACEUTICALS,"Takeda Pharmaceuticals U.S.A., Inc.",,no_match,TAKEDA PHARMACEUTICALS U S A,Investor Group,Acquisition of Whole Company (incl. Majority Stake),5136.845937,4898.591937,Completed,Biotechnology,USA
SPTRD218971,2017-01-09,2017-03-24,"Surgical Care Affiliates, Inc.",,no_match,SURGICAL CARE AFFILIATES,"Optum, Inc.",,no_match,OPTUM,,Acquisition of Whole Company (incl. Majority Stake),3630.130597,2588.451597,Completed,Health Care Facilities,USA
SPTRD231158,2017-01-09,2017-09-12,VCA Inc.*,,no_match,VCA,"Mars, Incorporated",,no_match,MARS,Walter Financial Inc.,Acquisition of Whole Company (incl. Majority Stake),9057.188526,7682.417526,Completed,Health Care Facilities,USA
SPTRD231213,2017-01-08,2017-04-03,"Merrimack Pharmaceuticals, Global Oncology Assets",,no_match,MERRIMACK PHARMACEUTICALS GLOBAL ONCOLOGY ASSETS,Ipsen S.A.,,no_match,IPSEN S A,"Merrimack Pharmaceuticals, Inc.",Acquisition of Asset or Branch,1025.0,1025.0,Completed,Pharmaceuticals,USA
SPTRD218922,2017-01-05,2017-04-05,CEB Inc.,,no_match,CEB,"Gartner, Inc.",IT,normalized_exact,GARTNER,,Acquisition of Whole Company (incl. Majority Stake),3331.11967,2591.49567,Completed,Research and Consulting Services,USA
SPTRD231466,2017-01-03,2017-01-23,"Ivanti Software, Inc.*",,no_match,IVANTI SOFTWARE,"Clearlake Capital Group, L.P.",,no_match,CLEARLAKE CAPITAL,Investor Group,Acquisition of Whole Company (incl. Majority Stake),1600.0,1600.0,Completed,Application Software,USA
SPTRD218879,2017-01-01,2017-01-01,All of the assets of DCP Midstream LLC*,,no_match,ALL OF ASSETS OF DCP MIDSTREAM,"DCP Midstream Partners, LP",,no_match,DCP MIDSTREAM PARTNERS,Investor group,Acquisition of Asset or Branch,1193.737899,1193.737899,Completed,Integrated Oil and Gas,USA
SPTRD336972,2016-12-23,2016-12-23,"Rock-Green, Inc",,no_match,ROCK GREEN,Undisclosed Buyer,,no_match,UNDISCLOSED BUYER,Canada Pension Plan Investment Board,Acquisition of Minority Stake,2060.0,1030.0,Completed,Asset Management,USA
SPTRD332898,2016-12-21,2017-03-31,"Anadarko Petroleum Corporation, Marcellus Shale Natural Gas Assets",,no_match,ANADARKO PETROLEUM MARCELLUS SHALE NATURAL GAS ASSETS,"Alta Resources, LLC",,no_match,ALTA RESOURCES,Anadarko Petroleum Corporation,Acquisition of Asset or Branch,1240.0,1240.0,Completed,Oil and Gas Exploration and Production,USA
SPTRD231940,2016-12-21,2017-05-18,"InvenSense, Inc.*",,no_match,INVENSENSE,TDK U.S.A. Corporation,,no_match,TDK U S A,Investor Group,Acquisition of Whole Company (incl. Majority Stake),1150.202695,1422.624695,Completed,Electronic Components,USA
SPTRD232007,2016-12-20,2017-02-01,LifeCell Corporation,,no_match,LIFECELL,Allergan plc,,no_match,ALLERGAN,Acelity L.P. Inc.,Acquisition of Whole Company (incl. Majority Stake),2900.0,2900.0,Completed,Biotechnology,USA
SPTRD218492,2016-12-19,2017-06-01,American Railcar Leasing LLC,,no_match,AMERICAN RAILCAR LEASING,SMBC Rail Services LLC,,no_match,SMBC RAIL SERVICES,Icahn Enterprises L.P.,Acquisition of Whole Company (incl. Majority Stake),1542.056,1542.056,Completed,Specialty Finance: Commercial Focused,USA
SPTRD218463,2016-12-15,2017-07-05,"Capsugel, Inc.",,no_match,CAPSUGEL,Lonza Group Limited,,no_match,LONZA,KKR & Co. L.P.,Acquisition of Whole Company (incl. Majority Stake),3500.0,3500.0,Completed,Pharmaceuticals,USA
SPTRD232392,2016-12-14,2017-01-31,"Hologic, Inc., Nucleic Acid Testing Donor Screening Business",,no_match,HOLOGIC NUCLEIC ACID TESTING DONOR SCREENING BUSINESS,Grifols Diagnostic Solutions Inc.,,no_match,GRIFOLS DIAGNOSTIC SOLUTIONS,"Hologic, Inc.",Acquisition of Asset or Branch,1850.0,1850.0,Completed,Health Care Equipment,USA
SPTRD444112,2016-12-14,2017-02-28,Leasehold Interests and Related Assets in Pecos and Reeves counties,,no_match,LEASEHOLD INTERESTS AND RELATED ASSETS IN PECOS AND REEVES COUNTIES,Diamondback E&P LLC,,no_match,DIAMONDBACK E AND,Investor Group,Acquisition of Asset or Branch,2399.863197,2399.863197,Completed,Oil and Gas Exploration and Production,USA
SPTRD232383,2016-12-14,2017-08-08,"Vercara, LLC*",,no_match,VERCARA,Investor Group,,no_match,INVESTOR,Investor Group,Acquisition of Whole Company (incl. Majority Stake),2596.243949,2019.194949,Completed,Application Software,USA
SPTRD447319,2016-12-14,2017-02-17,"Vitruvian II Woodford, LLC, 46,400 Net Surface Acres in the Core of the SCOOP",,no_match,VITRUVIAN II WOODFORD 46 400 NET SURFACE ACRES IN CORE OF SCOOP,Gulfport Energy Corporation,GPOR,normalized_exact,GULFPORT ENERGY,"Vitruvian II Woodford, LLC",Acquisition of Asset or Branch,1824.199776,1824.199776,Completed,Real Estate Operating and Management,USA
SPTRD351447,2016-12-12,2017-04-20,Seventy Seven Energy Inc.*,,no_match,SEVENTY SEVEN ENERGY,"Patterson-UTI Energy, Inc.",PTEN,normalized_exact,PATTERSON UTI ENERGY,Investor Group,Acquisition of Whole Company (incl. Majority Stake),1596.566457,1133.662457,Completed,Oil and Gas Equipment and Services,USA
SPTRD218273,2016-12-09,2017-04-25,Stillwater Mining Company,,no_match,STILLWATER MINING,Thor US Holdco Inc.,,no_match,THOR US HOLDCO,,Acquisition of Whole Company (incl. Majority Stake),2027.560828,2202.876828,Completed,Precious Metals and Gemstones,USA
SPTRD232830,2016-12-06,2016-12-26,"Deltek, Inc.*",,no_match,DELTEK,"Roper Technologies, Inc.",ROP,normalized_exact,ROPER TECHNOLOGIES,Investor Group,Acquisition of Whole Company (incl. Majority Stake),2750.948,2800.0,Completed,Application Software,USA
SPTRD218208,2016-12-06,2017-05-01,US and Latin Americas data center portfolio,,no_match,US AND LATIN AMERICAS DATA CENTER PORTFOLIO,Equinix Inc.,EQIX,normalized_exact,EQUINIX,Verizon Communications Inc.,Acquisition of Asset or Branch,3600.0,3600.0,Completed,Integrated Telecommunication Services,USA
SPTRD218157,2016-12-05,2017-07-03,"FairPoint Communications, Inc.",,no_match,FAIRPOINT COMMUNICATIONS,"Consolidated Communications Holdings, Inc.",,no_match,CONSOLIDATED COMMUNICATIONS,,Acquisition of Whole Company (incl. Majority Stake),1301.46679,433.54879,Completed,Integrated Telecommunication Services,USA
SPTRD232985,2016-12-02,2016-12-16,"Acetylon Pharmaceuticals, Inc.",,no_match,ACETYLON PHARMACEUTICALS,Celgene Corporation,,no_match,CELGENE,,Acquisition of Whole Company (incl. Majority Stake),1696.3,1696.3,Completed,Pharmaceuticals,USA
SPTRD826371,2016-12-01,2017-02-28,CLARCOR Inc.,,no_match,CLARCOR,Parker-Hannifin Corporation,PH,normalized_exact,PARKER HANNIFIN,,Acquisition of Whole Company (incl. Majority Stake),4269.930147,4118.669147,Completed,Machinery and Supplies and Components: Industrial,USA
SPTRD325979,2016-12-01,2016-12-01,Portfolio of Real Estate Secured Receivables,,no_match,PORTFOLIO OF REAL ESTATE SECURED RECEIVABLES,"MTGLQ Investors, L.P.",,no_match,MTGLQ INVESTORS,Undisclosed Seller,Acquisition of Asset or Branch,3000.0,3000.0,Completed,Specialty Finance: Commercial Focused,USA
SPTRD218052,2016-11-30,2017-03-01,"Electric Lightwave Parent, Inc.*",,no_match,ELECTRIC LIGHTWAVE PARENT,"Zayo Group, LLC",,no_match,ZAYO,,Acquisition of Whole Company (incl. Majority Stake),1420.0,1420.0,Completed,Integrated Telecommunication Services,USA
SPTRD218017,2016-11-28,2017-01-03,"SquareTrade Holding Company, Inc.*",,no_match,SQUARETRADE,"Allstate Non-Insurance Holdings, Inc.",,no_match,ALLSTATE NON INSURANCE,"Bain Capital Private Equity, LP/Bain Capital Ventures, LP",Acquisition of Whole Company (incl. Majority Stake),1400.0,1400.0,Completed,Insurance Broker,USA
SPTRD826944,2016-11-22,2017-01-31,Bai Brands LLC,,no_match,BAI BRANDS,Mott's LLP,,no_match,MOTT S LLP,,Acquisition of Whole Company (incl. Majority Stake),1700.0,,Completed,Soft Drinks and Non-alcoholic Beverages,USA
SPTRD233543,2016-11-22,2016-11-22,"Chase Pharmaceuticals Corporation, Inc.*",,no_match,CHASE PHARMACEUTICALS,Allergan plc,,no_match,ALLERGAN,Investor Group,Acquisition of Whole Company (incl. Majority Stake),1000.0,1000.0,Completed,Pharmaceuticals,USA
SPTRD217802,2016-11-21,2017-04-28,"Energy Transfer Partners, L.P.",,no_match,ENERGY TRANSFER PARTNERS,Sunoco Logistics Partners L.P.,,no_match,SUNOCO LOGISTICS PARTNERS,,Acquisition of Whole Company (incl. Majority Stake),61513.999356,19926.999356,Completed,Oil and Gas Storage and Transportation,USA
SPTRD352081,2016-11-20,2017-05-08,Headwaters Incorporated,,no_match,HEADWATERS,Boral Industries Inc.,,no_match,BORAL INDUSTRIES,Investor Group,Acquisition of Whole Company (incl. Majority Stake),2558.162258,1861.784258,Completed,Construction Materials,USA
SPTRD220292,2016-11-20,2017-02-09,"LifeLock, Inc.",,no_match,LIFELOCK,Symantec Corporation,,no_match,SYMANTEC,,Acquisition of Whole Company (incl. Majority Stake),2362.07243,2528.17643,Completed,Specialized Consumer Services,USA
SPTRD341073,2016-11-18,2016-11-18,"Anadarko Petroleum Corporation, Carthage upstream and midstream assets in East T",,no_match,ANADARKO PETROLEUM CARTHAGE UPSTREAM AND MIDSTREAM ASSETS IN EAST T,Castleton Commodities International LLC,,no_match,CASTLETON COMMODITIES INTERNATIONAL,Anadarko Petroleum Corporation,Acquisition of Asset or Branch,1000.0,1000.0,Completed,Oil and Gas Exploration and Production,USA
SPTRD352123,2016-11-17,2016-12-22,"Bellisio Foods, Inc.*",,no_match,BELLISIO FOODS,Charoen Pokphand Foods Public Company Limited,,no_match,CHAROEN POKPHAND FOODS PUBLIC,Centre Partners Management LLC,Acquisition of Whole Company (incl. Majority Stake),1075.0,1075.0,Completed,Food Distributors,USA
SPTRD337592,2016-11-17,2017-06-01,"Western Refining, Inc.",,no_match,WESTERN REFINING,Tesoro Corporation,,no_match,TESORO,Franklin Mountain Investments Limited Partnership,Acquisition of Whole Company (incl. Majority Stake),6369.743218,3962.588218,Completed,Oil and Gas Refining and Marketing,USA
SPTRD233819,2016-11-16,2017-02-21,"Infor, Inc.*",,no_match,INFOR,"Koch Equity Development, LLC",,no_match,KOCH EQUITY DEVELOPMENT,,Acquisition of Minority Stake,2000.0,2000.0,Completed,Application Software,USA
SPTRD217601,2016-11-14,2017-03-01,"Equity One, Inc.",,no_match,EQUITY ONE,Regency Centers Corporation,REG,normalized_exact,REGENCY CENTERS,Investor group,Acquisition of Whole Company (incl. Majority Stake),6037.77727,4612.443924,Completed,Retail REIT,USA
SPTRD233895,2016-11-14,2017-03-10,"Harman International Industries, Incorporated",,no_match,HARMAN INTERNATIONAL INDUSTRIES,"Samsung Electronics America, Inc.",,no_match,SAMSUNG ELECTRONICS AMERICA,"T. Rowe Price Associates, Inc.",Acquisition of Whole Company (incl. Majority Stake),8692.379598,8046.754598,Completed,Consumer Electronics Producers,USA
SPTRD233896,2016-11-14,2017-03-30,Mentor Graphics Corporation,,no_match,MENTOR GRAPHICS,"Siemens Industry, Inc.",,no_match,SIEMENS INDUSTRY,Investor Group,Acquisition of Whole Company (incl. Majority Stake),4389.885543,4781.975543,Completed,Application Software,USA
SPTRD352315,2016-11-14,2016-12-19,"Too Faced Cosmetics, LLC*",,no_match,TOO FACED COSMETICS,The Estée Lauder Companies Inc.,,no_match,EST E LAUDER,"General Atlantic Service Company, L.P.",Acquisition of Whole Company (incl. Majority Stake),1450.0,1450.0,Completed,Personal Care and Beauty Products: Producers,USA
SPTRD217440,2016-11-07,2017-02-27,Earthlink Holdings Corp.*,,no_match,EARTHLINK,"Windstream Holdings, Inc.",,no_match,WINDSTREAM,,Acquisition of Whole Company (incl. Majority Stake),1066.149556,675.776556,Completed,Integrated Telecommunication Services,USA
SPTRD217407,2016-11-04,2017-05-01,"Data centers and colocation business of CenturyLink, Inc.",,no_match,DATA CENTERS AND COLOCATION BUSINESS OF CENTURYLINK,Investor group,,no_match,INVESTOR,"CenturyLink, Inc.",Acquisition of Asset or Branch,2300.0,2300.0,Completed,Integrated Telecommunication Services,USA
SPTRD217685,2016-11-04,2016-11-04,"Dick clark productions, Inc.",,no_match,DICK CLARK PRODUCTIONS,Dalian Wanda Group Co. Ltd.,,no_match,DALIAN WANDA,"Eldridge Industries, LLC",Acquisition of Whole Company (incl. Majority Stake),1000.0,1000.0,Completed,Movies and Entertainment,USA
SPTRD352648,2016-11-03,2017-04-06,Metaldyne Performance Group Inc.*,,no_match,METALDYNE PERFORMANCE,"American Axle & Manufacturing Holdings, Inc.",,no_match,AMERICAN AXLE AND MANUFACTURING,Investor Group,Acquisition of Whole Company (incl. Majority Stake),3209.925034,1560.725034,Completed,Automotive Parts and Equipment,USA
SPTRD352691,2016-11-02,2016-12-07,Anchor Glass Container Corporation*,,no_match,ANCHOR GLASS CONTAINER,Investor Group,,no_match,INVESTOR,"KPS Capital Partners, LP",Acquisition of Whole Company (incl. Majority Stake),1000.0,1000.0,Completed,"Containers and Packaging: Metal, Glass, and Plastic",USA
SPTRD234409,2016-11-02,2017-11-17,Brocade Communications Systems LLC,,no_match,BROCADE COMMUNICATIONS SYSTEMS,Investor Group,,no_match,INVESTOR,Investor Group,Acquisition of Whole Company (incl. Majority Stake),5963.119769,5930.115769,Completed,Communications Equipment,USA
SPTRD217324,2016-11-01,2017-06-02,Generation plants*,,no_match,GENERATION PLANTS,"Helix Generation, LLC",,no_match,HELIX GENERATION,TransCanada PipeLines Limited,Acquisition of Asset or Branch,2100.0,2100.0,Completed,Independent Power Producers and Energy Traders,USA
SPTRD217327,2016-11-01,2017-04-19,New England hydroelectric power portfolio*,,no_match,ENGLAND HYDROELECTRIC POWER PORTFOLIO,Great River Hydro LLC,,no_match,GREAT RIVER HYDRO,TransCanada PipeLines Limited,Acquisition of Asset or Branch,1065.0,1065.0,Completed,Renewable Electricity,USA
SPTRD217309,2016-11-01,2017-01-17,"NextEra FiberNet, LLC/FPL FiberNet Holdings",,no_match,NEXTERA FIBERNET FIBERNET,Crown Castle International Corp.,,no_match,CROWN CASTLE INTERNATIONAL,"NextEra Energy, Inc.",Acquisition of Whole Company (incl. Majority Stake),1500.0,1500.0,Completed,Alternative Carriers,USA
SPTRD352729,2016-11-01,2017-03-29,Portfolio of 64 Communities*,,no_match,PORTFOLIO OF 64 COMMUNITIES,Blackstone Real Estate Advisors L.P.,,no_match,BLACKSTONE REAL ESTATE ADVISORS,"HCP, Inc.",Acquisition of Asset or Branch,1125.0,1125.0,Completed,Real Estate Operating and Management,USA
SPTRD234414,2016-11-01,2016-11-01,Real Estate of 64 Facilities*,,no_match,REAL ESTATE OF 64 FACILITIES,Second Spring Healthcare Investments,,no_match,SECOND SPRING HEALTHCARE INVESTMENTS,Welltower Inc.,Acquisition of Asset or Branch,1100.0,1100.0,Completed,Health Care Facilities,USA
SPTRD217279,2016-10-31,2017-11-01,"Level 3 Communications, Inc.",,no_match,LEVEL 3 COMMUNICATIONS,"CenturyLink, Inc.",,no_match,CENTURYLINK,,Acquisition of Whole Company (incl. Majority Stake),27988.03916,19647.03916,Completed,Alternative Carriers,USA
SPTRD329383,2016-10-31,2016-10-31,"Permian Basin Leasehold Acreage, Enhanced Oil Recovery and CO2 Properties and Re",,no_match,PERMIAN BASIN LEASEHOLD ACREAGE ENHANCED OIL RECOVERY AND CO2 PROPERTIES AND RE,Occidental Petroleum Corporation,OXY,normalized_exact,OCCIDENTAL PETROLEUM,Undisclosed Seller,Acquisition of Asset or Branch,2000.0,2000.0,Completed,Oil and Gas Exploration and Production,USA
SPTRD336410,2016-10-31,2016-12-01,"Questar Pipeline, LLC",,no_match,QUESTAR PIPELINE,"Northeast Midstream Partners, LP",,no_match,NORTHEAST MIDSTREAM PARTNERS,"Dominion Resources, Inc.",Acquisition of Whole Company (incl. Majority Stake),1700.3,1290.0,Completed,Oil and Gas Storage and Transportation,USA
SPTRD234555,2016-10-31,2017-02-06,"Team Health Holdings, Inc.*",,no_match,TEAM HEALTH,"Tennessee Parent, Inc.",,no_match,TENNESSEE PARENT,Investor Group,Acquisition of Whole Company (incl. Majority Stake),6029.779153,3353.031153,Completed,Health Care Services,USA
SPTRD217143,2016-10-24,2017-03-15,Hilton Worldwide Holdings Inc.*,HLT,normalized_exact,HILTON WORLDWIDE,HNA Group Company Limited,,no_match,HNA,Blackstone Group L.P.,Acquisition of Minority Stake,6496.875,6496.875,Completed,"Hotels, Resorts and Cruise Lines",USA
SPTRD217128,2016-10-24,2017-09-18,Scottrade Bank,,no_match,SCOTTRADE BANK,"TD Bank, N.A.",,no_match,TD BANK N A,"Scottrade Financial Services, Inc.",Acquisition of Whole Company (incl. Majority Stake),1380.0,1380.0,Completed,Bank,USA
SPTRD217124,2016-10-24,2017-09-18,"Scottrade Financial Services, Inc.",,no_match,SCOTTRADE FINANCIAL SERVICES,TD Ameritrade Holding Corporation,,no_match,TD AMERITRADE,,Acquisition of Whole Company (incl. Majority Stake),4325.703558,4325.703558,Completed,"Investment Banks, Brokers and Capital Markets",USA
SPTRD353079,2016-10-23,2017-04-13,"B/E Aerospace, Inc.",,no_match,B E AEROSPACE,"Rockwell Collins, Inc.",,no_match,ROCKWELL COLLINS,"BlackRock, Inc.",Acquisition of Whole Company (incl. Majority Stake),8406.914105,6571.914105,Completed,Aerospace and Defense,USA
SPTRD217113,2016-10-22,2018-06-14,Time Warner Inc.,,no_match,TIME WARNER,AT&T Inc.,T,normalized_exact,AT AND T,,Acquisition of Whole Company (incl. Majority Stake),99368.016319,78805.016319,Completed,Movies and Entertainment,USA
SPTRD217106,2016-10-21,2016-11-22,"Acrisure, LLC*",,no_match,ACRISURE,Management group,,no_match,MANAGEMENT,"Genstar Capital, LLC",Acquisition of Whole Company (incl. Majority Stake),2900.0,2900.0,Completed,Insurance Broker,USA
SPTRD828541,2016-10-21,2017-07-25,Reynolds American Inc.,,no_match,REYNOLDS AMERICAN,British American Tobacco p.l.c.,BTI,normalized_exact,BRITISH AMERICAN TOBACCO C,,Acquisition of Whole Company (incl. Majority Stake),65719.986733,54339.986733,Completed,Tobacco Producers,USA
SPTRD446193,2016-10-18,2016-12-21,"35,700 Net Acres in Howard and Martin Counties in West Texas",,no_match,35 700 NET ACRES IN HOWARD AND MARTIN COUNTIES IN WEST TEXAS,SM Energy Company,SM,normalized_exact,SM ENERGY,Investor Group,Acquisition of Asset or Branch,1577.74452,1577.74452,Completed,Oil and Gas Exploration and Production,USA
SPTRD235177,2016-10-17,2016-12-05,"Moran Foods, LLC*",,no_match,MORAN FOODS,Onex Corporation,,no_match,ONEX,SUPERVALU INC.,Acquisition of Whole Company (incl. Majority Stake),1368.0,1365.0,Completed,Food Retail,USA
SPTRD335535,2016-10-13,2016-11-28,"Silver Hill Energy Partners, LLC*",,no_match,SILVER HILL ENERGY PARTNERS,"RSP Permian, LLC",,no_match,RSP PERMIAN,Investor Group,Acquisition of Whole Company (incl. Majority Stake),1233.414841,1233.414841,Completed,Oil and Gas Exploration and Production,USA
SPTRD828912,2016-10-12,2017-03-09,"Newell Brands Inc., Tool Business including Irwin Industrial Tool Company, Hilmo",,no_match,NEWELL BRANDS TOOL BUSINESS INCLUDING IRWIN INDUSTRIAL TOOL HILMO,"Stanley Black & Decker, Inc.",SWK,normalized_exact,STANLEY BLACK AND DECKER,Newell Brands Inc.,Acquisition of Asset or Branch,1950.0,1950.0,Completed,Unclassified,USA
SPTRD412078,2016-10-11,2016-10-14,Phillips Texas Pipeline Company Eagle 1 LLC and Phillips Texas Pipeline Company,,no_match,PHILLIPS TEXAS PIPELINE EAGLE 1 AND PHILLIPS TEXAS PIPELINE,Phillips 66 Partners LP,,no_match,PHILLIPS 66 PARTNERS,Phillips 66 Project Development Inc.,Acquisition of Asset or Branch,1301.37194,1301.37194,Completed,Unclassified,USA
SPTRD216815,2016-10-10,2016-12-20,Latin American businesses of Duke Energy Corporation*,,no_match,LATIN AMERICAN BUSINESSES OF DUKE ENERGY,I Squared Capital Advisors (US) LLC,,no_match,I SQUARED CAPITAL ADVISORS,Duke Energy Corporation,Acquisition of Asset or Branch,1200.0,890.0,Completed,Electric Utilities,USA
SPTRD216796,2016-10-09,2016-12-01,Noble Americas Energy Solutions LLC,,no_match,NOBLE AMERICAS ENERGY SOLUTIONS,Calpine Corporation,,no_match,CALPINE,Noble Group Limited,Acquisition of Whole Company (incl. Majority Stake),1150.0,1150.0,Completed,Independent Power Producers and Energy Traders,USA
SPTRD216811,2016-10-08,2016-10-08,"Learfield Communications, Inc.*",,no_match,LEARFIELD COMMUNICATIONS,"Atairos Management, L.P.",,no_match,ATAIROS MANAGEMENT,Providence Equity Partners L.L.C.,Acquisition of Whole Company (incl. Majority Stake),1300.0,1300.0,Completed,Movies and Entertainment,USA
SPTRD353615,2016-10-07,2016-11-01,"Blackhawk Group Holdings, Inc.*",,no_match,BLACKHAWK,Frank's International N.V.,,no_match,FRANK S INTERNATIONAL N V,"Bain Capital Private Equity, LP",Acquisition of Whole Company (incl. Majority Stake),1013.999987,1013.999987,Completed,Household Appliances Producers,USA
SPTRD235577,2016-10-06,2017-02-03,"Hospira Inc., Infusion Systems Business",,no_match,HOSPIRA INFUSION SYSTEMS BUSINESS,"ICU Medical, Inc.",ICUI,normalized_exact,ICU MEDICAL,Hospira Inc.,Acquisition of Asset or Branch,1014.84,1014.84,Completed,Health Care Supplies,USA
SPTRD235780,2016-10-03,2017-09-25,Cabela's L.L.C.*,,no_match,CABELA S C,"Bass Pro Group, LLC",,no_match,BASS PRO,Investor Group,Acquisition of Whole Company (incl. Majority Stake),8767.20498,4311.34698,Completed,Other Specialty Retail,USA
SPTRD216584,2016-10-03,2017-05-30,Janus Capital Group Inc.,,no_match,JANUS CAPITAL,Henderson Group Plc,,no_match,HENDERSON,Investor group,Acquisition of Whole Company (incl. Majority Stake),2632.132933,2632.132933,Completed,Asset Management,USA
SPTRD322442,2016-09-30,2016-09-30,"Apollo Residential Mortgage, Inc.",,no_match,APOLLO RESIDENTIAL MORTGAGE,Undisclosed Buyer,,no_match,UNDISCLOSED BUYER,"Apollo Commercial Real Estate Finance, Inc.",Acquisition of Asset or Branch,2608.7,421.0,Completed,Mortgage REIT,USA
SPTRD216412,2016-09-26,2017-02-28,"Bats Global Markets, Inc.*",,no_match,BATS GLOBAL MARKETS,"CBOE V, LLC",,no_match,CBOE V,,Acquisition of Whole Company (incl. Majority Stake),3370.564769,3370.564769,Completed,"Investment Banks, Brokers and Capital Markets",USA
SPTRD217334,2016-09-26,2017-02-17,Columbia Pipeline Partners LP,,no_match,COLUMBIA PIPELINE PARTNERS,"Columbia Pipeline Group, Inc.",,no_match,COLUMBIA PIPELINE,,Acquisition of Whole Company (incl. Majority Stake),8888.46981,915.66981,Completed,Oil and Gas Storage and Transportation,USA
SPTRD412076,2016-09-26,2016-10-19,"Vantage Energy, LLC and Vantage Energy II, LLC*",,no_match,VANTAGE ENERGY AND VANTAGE ENERGY II,"Rice Energy Operating, LLC",,no_match,RICE ENERGY OPERATING,Investor Group,Acquisition of Asset or Branch,2729.05,2017.05,Completed,Oil and Gas Exploration and Production,USA
SPTRD354254,2016-09-25,2017-04-21,Chemtura Corporation,,no_match,CHEMTURA,LANXESS Deutschland GmbH,,no_match,LANXESS DEUTSCHLAND GMBH,Investor Group,Acquisition of Whole Company (incl. Majority Stake),2415.720677,2159.720677,Completed,Specialty Chemicals,USA
SPTRD236385,2016-09-20,2016-11-01,"Tobira Therapeutics, Inc.*",,no_match,TOBIRA THERAPEUTICS,Allergan plc,,no_match,ALLERGAN,Investor Group,Acquisition of Whole Company (incl. Majority Stake),1661.618132,1687.134132,Completed,Biotechnology,USA
SPTRD236448,2016-09-19,2016-11-04,Infoblox Inc.*,,no_match,INFOBLOX,"Vista Equity Partners Management, LLC",,no_match,VISTA EQUITY PARTNERS MANAGEMENT,Investor Group,Acquisition of Whole Company (incl. Majority Stake),1250.037398,1508.142398,Completed,Systems Software,USA
SPTRD354451,2016-09-19,2017-05-01,"Isle of Capri Casinos, Inc.",,no_match,ISLE OF CAPRI CASINOS,"Eldorado Resorts, Inc.",,no_match,ELDORADO RESORTS,Investor Group,Acquisition of Whole Company (incl. Majority Stake),1866.109991,1120.435991,Completed,Casinos and Gaming,USA
SPTRD236546,2016-09-16,2017-02-27,"Johnson & Johnson Surgical Vision, Inc.",,no_match,JOHNSON AND JOHNSON SURGICAL VISION,Chace LLC,,no_match,CHACE,Abbott Laboratories,Acquisition of Whole Company (incl. Majority Stake),4325.0,4325.0,Completed,Health Care Supplies,USA
SPTRD221476,2016-09-15,2016-11-02,"Penton Business Media Holdings, Inc.",,no_match,PENTON BUSINESS MEDIA,Informa plc,,no_match,INFORMA,Investor group,Acquisition of Whole Company (incl. Majority Stake),1637.875,1637.875,Completed,Publishing,USA
SPTRD216083,2016-09-14,2017-01-30,Four competitive power plants*,,no_match,FOUR COMPETITIVE POWER PLANTS,Investor group,,no_match,INVESTOR,"American Electric Power Company, Inc.",Acquisition of Asset or Branch,2100.0,2100.0,Completed,Independent Power Producers and Energy Traders,USA
SPTRD236783,2016-09-12,2017-01-23,Enterprise Content Division,,no_match,ENTERPRISE CONTENT DIVISION,Open Text Corporation,OTEX,normalized_exact,OPEN TEXT,Investor Group,Acquisition of Asset or Branch,1620.0,1620.0,Completed,Application Software,USA
SPTRD236777,2016-09-12,2017-02-24,Intersil Corporation,,no_match,INTERSIL,Renesas Electronics Corporation,,no_match,RENESAS ELECTRONICS,Investor Group,Acquisition of Whole Company (incl. Majority Stake),2918.862751,3225.651751,Completed,Semiconductors,USA
SPTRD446060,2016-09-12,2016-12-15,Oil and Gas Properties in Gulf of Mexico,,no_match,OIL AND GAS PROPERTIES IN GULF OF MEXICO,Anadarko US Offshore LLC,,no_match,ANADARKO US OFFSHORE,Investor Group,Acquisition of Asset or Branch,2150.0,2150.0,Completed,Oil and Gas Exploration and Production,USA
SPTRD1847256,2016-09-12,2016-12-14,US Logistics Portfolio,,no_match,US LOGISTICS PORTFOLIO,Global Logistic Properties Limited,,no_match,GLOBAL LOGISTIC PROPERTIES,"Hillwood Development Company, LLC",Acquisition of Asset or Branch,1100.0,1100.0,Completed,Real Estate Operating and Management,USA
SPTRD215916,2016-09-07,2017-02-16,"American Realty Capital - Retail Centers of America, Inc.",,no_match,AMERICAN REALTY CAPITAL RETAIL CENTERS OF AMERICA,"American Finance Trust, Inc.",,no_match,AMERICAN FINANCE TRUST,,Acquisition of Whole Company (incl. Majority Stake),1420.740989,1017.329989,Completed,Retail REIT,USA
SPTRD236979,2016-09-07,2017-08-31,"Hewlett Packard Enterprise Company, Software Business",,no_match,HEWLETT PACKARD ENTERPRISE SOFTWARE BUSINESS,Micro Focus International plc,,no_match,MICRO FOCUS INTERNATIONAL,Hewlett Packard Enterprise Company,Acquisition of Asset or Branch,9044.763076,9044.763076,Completed,Application Software,USA
SPTRD236980,2016-09-07,2017-04-03,Intel Security Inc.*,,no_match,INTEL SECURITY,"TPG Capital, L.P.",,no_match,TPG CAPITAL,Intel Corporation,Acquisition of Whole Company (incl. Majority Stake),3100.0,1100.0,Completed,Systems Software,USA
SPTRD237031,2016-09-06,2016-11-04,"Cepheid, Inc.",,no_match,CEPHEID,Danaher Corporation,DHR,normalized_exact,DANAHER,Wellington Management Group LLP,Acquisition of Whole Company (incl. Majority Stake),3932.684321,4301.859321,Completed,Biotechnology,USA
SPTRD215886,2016-09-06,2017-02-27,Spectra Energy Corp,,no_match,SPECTRA ENERGY,Enbridge Inc.,ENB,normalized_exact,ENBRIDGE,,Acquisition of Whole Company (incl. Majority Stake),48972.20423,28705.20423,Completed,Oil and Gas Storage and Transportation,USA
SPTRD332728,2016-09-06,2016-10-04,Yates Petroleum Corporation,,no_match,YATES PETROLEUM,"EOG Resources, Inc.",EOG,normalized_exact,EOG RESOURCES,,Acquisition of Whole Company (incl. Majority Stake),2469.7339,2369.7339,Completed,Oil and Gas Exploration and Production,USA
SPTRD237298,2016-08-31,2016-12-01,"Interactive Intelligence Group, Inc.",,no_match,INTERACTIVE INTELLIGENCE,"Genesys Telecommunications Laboratories, Inc.",,no_match,GENESYS TELECOMMUNICATIONS LABORATORIES,Investor Group,Acquisition of Whole Company (incl. Majority Stake),1398.983741,1446.392741,Completed,Application Software,USA
SPTRD355052,2016-08-31,2017-02-03,U.S. Portfolio of Real Estate Assets*,,no_match,U S PORTFOLIO OF REAL ESTATE ASSETS,The Blackstone Group L.P.,BX,normalized_exact,BLACKSTONE,"Alecta Pensionsförsäkring, ömsesidigt",Acquisition of Asset or Branch,1700.0,1700.0,Completed,Real Estate Operating and Management,USA
SPTRD321476,2016-08-23,2016-12-06,Arris Petroleum Corporation*,,no_match,ARRIS PETROLEUM,"PDC Energy, Inc.",,no_match,PDC ENERGY,"Kimmeridge Energy Management Company, LLC",Acquisition of Whole Company (incl. Majority Stake),1200.547355,937.366785,Completed,Oil and Gas Exploration and Production,USA
SPTRD283442,2016-08-22,2017-06-28,"CST Brands, Inc.",,no_match,CST BRANDS,Circle K Stores Inc.,,no_match,CIRCLE K STORES,Investor Group,Acquisition of Whole Company (incl. Majority Stake),5606.856953,3721.856953,Completed,Automotive Retail,USA
SPTRD355318,2016-08-22,2016-09-19,"LanguageLine Solutions, Inc.*",,no_match,LANGUAGELINE SOLUTIONS,Teleperformance SE,,no_match,TELEPERFORMANCE SE,"ABRY Partners, LLC",Acquisition of Whole Company (incl. Majority Stake),1522.0,1522.0,Completed,Diversified Support Services,USA
SPTRD283438,2016-08-22,2016-09-27,"Medivation, Inc.*",,no_match,MEDIVATION,Pfizer Inc.,PFE,normalized_exact,PFIZER,HBM Partners Ltd.,Acquisition of Whole Company (incl. Majority Stake),14003.711057,14313.533057,Completed,Biotechnology,USA
SPTRD226265,2016-08-19,2016-11-30,"HealthSun Health Plans, Inc.*",,no_match,HEALTHSUN HEALTH PLANS,"Summit Partners, L.P.",,no_match,SUMMIT PARTNERS,,Acquisition of Whole Company (incl. Majority Stake),1000.0,1000.0,Completed,Managed Care,USA
SPTRD355442,2016-08-16,2017-03-21,"G&K Services, LLC",,no_match,G AND K SERVICES,Cintas Corporation,CTAS,normalized_exact,CINTAS,"T. Rowe Price Associates, Inc.",Acquisition of Whole Company (incl. Majority Stake),2149.633846,1961.802846,Completed,"Apparel, Accessories and Luxury Goods",USA
SPTRD332798,2016-08-15,2016-10-04,Certain oil and natural gas properties and related assets located in the Norther,,no_match,CERTAIN OIL AND NATURAL GAS PROPERTIES AND RELATED ASSETS LOCATED IN NORTHER,COG Operating LLC,,no_match,COG OPERATING,Investor Group,Acquisition of Asset or Branch,1625.0,1625.0,Completed,Oil and Gas Exploration and Production,USA
SPTRD215302,2016-08-15,2016-12-01,"Post Properties, Inc.",,no_match,POST PROPERTIES,"Mid-America Apartment Communities, Inc.",MAA,normalized_exact,MID AMERICA APARTMENT COMMUNITIES,,Acquisition of Whole Company (incl. Majority Stake),4503.457191,3507.966191,Completed,Multi-Family Residential REIT,USA
SPTRD215313,2016-08-15,2017-02-01,"RCN Telecom Services, LLC*",,no_match,RCN TELECOM SERVICES,"TPG Capital, L.P.",,no_match,TPG CAPITAL,RCN Corporation,Acquisition of Whole Company (incl. Majority Stake),1600.0,1600.0,Completed,Alternative Carriers,USA
SPTRD355494,2016-08-15,2016-10-31,Sensus Worldwide Limited*,,no_match,SENSUS WORLDWIDE,Xylem Inc.,XYL,normalized_exact,XYLEM,Investor Group,Acquisition of Whole Company (incl. Majority Stake),1700.0,1700.0,Completed,Electronic Equipment and Instruments,USA
SPTRD215320,2016-08-15,2016-12-31,United Guaranty Corporation,,no_match,UNITED GUARANTY,Arch Capital Group Ltd.,ACGL,normalized_exact,ARCH CAPITAL,"American International Group, Inc.",Acquisition of Whole Company (incl. Majority Stake),3260.0,3260.0,Completed,Financial Guaranty,USA
SPTRD283852,2016-08-09,2016-10-21,"Press Ganey Holdings, Inc.*",,no_match,PRESS GANEY,EQT Partners AB,,no_match,EQT PARTNERS AB,Investor Group,Acquisition of Whole Company (incl. Majority Stake),2392.575581,2256.383581,Completed,Health Care Technology,USA
SPTRD215122,2016-08-08,2017-06-09,EverBank Financial Corp*,,no_match,EVERBANK FINANCIAL,Teachers Insurance and Annuity Association of America,,no_match,TEACHERS INSURANCE AND ANNUITY ASSOCIATION OF AMERICA,,Acquisition of Whole Company (incl. Majority Stake),2365.54311,2365.54311,Completed,Bank,USA
SPTRD215173,2016-08-08,2016-09-19,"Jet.com, Inc.*",,no_match,JET COM,"Wal-Mart Stores, Inc.",,no_match,WAL MART STORES,,Acquisition of Whole Company (incl. Majority Stake),3300.0,3300.0,Completed,Other Specialty Retail,USA
SPTRD283955,2016-08-07,2016-09-14,Mattress Firm Holding Corp.*,,no_match,MATTRESS FIRM,Steinhoff International Holdings N.V.,,no_match,STEINHOFF INTERNATIONAL N V,Investor Group,Acquisition of Whole Company (incl. Majority Stake),2968.122736,1606.708736,Completed,Homefurnishing Retail,USA
SPTRD215610,2016-08-05,2016-11-03,"Rackspace Hosting, Inc.*",,no_match,RACKSPACE HOSTING,"Apollo Global Management, LLC",APO,normalized_exact,APOLLO GLOBAL MANAGEMENT,,Acquisition of Whole Company (incl. Majority Stake),4314.122481,4301.622481,Completed,Application Software,USA
SPTRD447849,2016-08-03,2016-08-03,"A 42-Story, 1.2 Million Square Foot Tower at 1095 Sixth Avenue",,no_match,A 42 STORY 1 2 MILLION SQUARE FOOT TOWER AT 1095 SIXTH AVENUE,Real Summit Investment,,no_match,REAL SUMMIT INVESTMENT,Investor Group,Acquisition of Asset or Branch,1150.0,1150.0,Completed,Real Estate Operating and Management,USA
SPTRD325638,2016-08-03,2017-02-15,Dakota Access Pipeline and Energy Transfer Crude Oil Pipeline Projects,,no_match,DAKOTA ACCESS PIPELINE AND ENERGY TRANSFER CRUDE OIL PIPELINE PROJECTS,Investor Group,,no_match,INVESTOR,Investor Group,Acquisition of Asset or Branch,2000.0,2000.0,Completed,Oil and Gas Storage and Transportation,USA
SPTRD214968,2016-08-02,2017-02-15,Bakken pipeline project,,no_match,BAKKEN PIPELINE PROJECT,MarEn Bakken Company LLC,,no_match,MAREN BAKKEN,Investor group,Acquisition of Asset or Branch,2000.0,2000.0,Completed,Oil and Gas Storage and Transportation,USA
SPTRD872754,2016-08-02,2017-01-31,"Emerson Electric Co., Motors, Drives and Electric Power Generation Businesses",,no_match,EMERSON ELECTRIC MOTORS DRIVES AND ELECTRIC POWER GENERATION BUSINESSES,Nidec Corporation,,no_match,NIDEC,Emerson Electric Co.,Acquisition of Asset or Branch,1200.0,1200.0,Completed,Unclassified,USA
SPTRD873456,2016-08-02,2016-11-30,"Emerson Electric Co., Network Power Business Segment",,no_match,EMERSON ELECTRIC NETWORK POWER BUSINESS SEGMENT,"ASCO Power GP, LLC",,no_match,ASCO POWER GP,Emerson Electric Co.,Acquisition of Asset or Branch,4000.0,4000.0,Completed,Electrical Components and Equipment: Light,USA
SPTRD284159,2016-08-02,2016-10-13,West Coast Seniors Housing Portfolio of 19 Properties,,no_match,WEST COAST SENIORS HOUSING PORTFOLIO OF 19 PROPERTIES,Welltower Inc.,WELL,normalized_exact,WELLTOWER,"Vintage Senior Housing, LLC",Acquisition of Asset or Branch,1152.55,1152.55,Completed,Health Care Facilities,USA
SPTRD284254,2016-08-01,2016-11-10,"Double Eagle Parent, Inc.*",,no_match,DOUBLE EAGLE PARENT,"Advent International, L.P.",,no_match,ADVENT INTERNATIONAL,,Acquisition of Whole Company (incl. Majority Stake),1900.0,1900.0,Completed,Life Sciences Tools and Services,USA
SPTRD214898,2016-08-01,2016-11-21,SolarCity Corporation,,no_match,SOLARCITY,"Tesla Motors, Inc.",,no_match,TESLA MOTORS,,Acquisition of Whole Company (incl. Majority Stake),6429.28819,2125.19919,Completed,Independent Power Producers and Energy Traders,USA
SPTRD872768,2016-07-29,2016-07-29,Fashion Show in Las Vegas,,no_match,FASHION SHOW IN LAS VEGAS,Tiaa-Cref Global Investments LLC,,no_match,TIAA CREF GLOBAL INVESTMENTS,"General Growth Properties, Inc.",Acquisition of Asset or Branch,1250.0,1250.0,Completed,Real Estate Operating and Management,USA
SPTRD284375,2016-07-28,2016-11-04,"NetSuite, Inc.*",,no_match,NETSUITE,Oracle Corporation,ORCL,normalized_exact,ORACLE,Investor Group,Acquisition of Whole Company (incl. Majority Stake),6610.126945,6794.035945,Completed,Systems Software,USA
SPTRD214734,2016-07-27,2016-09-30,"Epiq Systems, Inc.*",,no_match,EPIQ SYSTEMS,Investor group,,no_match,INVESTOR,,Acquisition of Whole Company (incl. Majority Stake),1038.01743,659.53343,Completed,Banking Technology,USA
SPTRD284512,2016-07-26,2017-01-31,"Citrix Systems, Inc., GoTo Family Of Products",,no_match,CITRIX SYSTEMS GOTO FAMILY OF PRODUCTS,"LogMeIn, Inc.",,no_match,LOGMEIN,"Citrix Systems, Inc.",Acquisition of Asset or Branch,2848.036514,2848.036514,Completed,Application Software,USA
SPTRD284508,2016-07-26,2017-03-10,Linear Technology Corporation,,no_match,LINEAR TECHNOLOGY,"Analog Devices, Inc.",ADI,normalized_exact,ANALOG DEVICES,Investor Group,Acquisition of Whole Company (incl. Majority Stake),14446.103329,16055.928329,Completed,Semiconductors,USA
SPTRD214635,2016-07-25,2016-09-27,Outerwall Inc.*,,no_match,OUTERWALL,"Apollo Global Management, LLC",APO,normalized_exact,APOLLO GLOBAL MANAGEMENT,,Acquisition of Whole Company (incl. Majority Stake),1526.6332,895.2112,Completed,Movies and Entertainment,USA
SPTRD214627,2016-07-25,2017-06-13,Yahoo's operating business,,no_match,YAHOO S OPERATING BUSINESS,Verizon Communications Inc.,VZ,normalized_exact,VERIZON COMMUNICATIONS,Yahoo! Inc.,Acquisition of Asset or Branch,4475.8,4475.8,Completed,Application Software,USA
SPTRD214616,2016-07-22,2016-10-11,"Centennial Resource Production, LLC",,no_match,CENTENNIAL RESOURCE PRODUCTION,Investor group,,no_match,INVESTOR,Carlyle Group L.P.,Acquisition of Whole Company (incl. Majority Stake),1575.0,1575.0,Completed,Oil and Gas Exploration and Production,USA
SPTRD356254,2016-07-22,2016-08-31,"IT Cosmetics, LLC*",,no_match,IT COSMETICS,L'Oréal S.A.,,no_match,OR AL S A,"TSG Consumer Partners, LP",Acquisition of Whole Company (incl. Majority Stake),1200.0,1200.0,Completed,Personal Care and Beauty Products: Producers,USA
SPTRD356299,2016-07-21,2017-04-05,Joy Global Inc.,,no_match,JOY GLOBAL,Komatsu America Corp.,,no_match,KOMATSU AMERICA,Investor Group,Acquisition of Whole Company (incl. Majority Stake),3535.908266,2861.570266,Completed,Machinery and Equipment: Construction and Heavy Transportation,USA
SPTRD284668,2016-07-21,2016-08-31,"Relypsa, Inc.*",,no_match,RELYPSA,Vifor Pharma Ltd.,,no_match,VIFOR PHARMA,Investor Group,Acquisition of Whole Company (incl. Majority Stake),1432.287081,1531.432081,Completed,Pharmaceuticals,USA
SPTRD214571,2016-07-21,2017-03-11,Yadkin Financial Corporation,,no_match,YADKIN FINANCIAL,F.N.B. Corporation,,no_match,F N B,,Acquisition of Whole Company (incl. Majority Stake),1798.745339,1798.745339,Completed,Bank,USA
SPTRD356331,2016-07-20,2016-08-10,"Dollar Shave Club, Inc.*",,no_match,DOLLAR SHAVE CLUB,The Unilever Group,UL,normalized_exact,UNILEVER,Investor Group,Acquisition of Whole Company (incl. Majority Stake),1000.0,1000.0,Completed,Personal Care and Beauty Products: Producers,USA
SPTRD214449,2016-07-18,2018-10-01,Medical Liability Mutual Insurance Company,,no_match,MEDICAL LIABILITY MUTUAL INSURANCE,National Indemnity Company,,no_match,NATIONAL INDEMNITY,,Acquisition of Whole Company (incl. Majority Stake),2500.0,2500.0,Completed,Property and Casualty,USA
SPTRD214228,2016-07-11,2016-10-03,Intellectual Property & Science business of Thomson Reuters Corporation,,no_match,INTELLECTUAL PROPERTY AND SCIENCE BUSINESS OF THOMSON REUTERS,Investor group,,no_match,INVESTOR,Thomson Reuters Corporation,Acquisition of Asset or Branch,3550.0,3550.0,Completed,Application Software,USA
SPTRD214372,2016-07-11,2016-08-18,"Ultimate Fighting Championship, Ltd.*",,no_match,ULTIMATE FIGHTING CHAMPIONSHIP,Investor group,,no_match,INVESTOR,Zuffa LLC,Acquisition of Whole Company (incl. Majority Stake),4000.0,4000.0,Completed,Movies and Entertainment,USA
SPTRD214216,2016-07-10,2016-09-01,"Southern Natural Gas Company, L.L.C.*",,no_match,SOUTHERN NATURAL GAS C,Southern Company Gas,,no_match,SOUTHERN GAS,Kinder Morgan Inc.,Acquisition of Whole Company (incl. Majority Stake),2655.0,1450.0,Completed,Oil and Gas Storage and Transportation,USA
SPTRD356718,2016-07-07,2017-04-12,The WhiteWave Foods Company*,,no_match,WHITEWAVE FOODS,Danone S.A.,,no_match,DANONE S A,The Litchfield Fund,Acquisition of Whole Company (incl. Majority Stake),12447.630467,10349.467467,Completed,Packaged Foods and Meats Producers,USA
SPTRD356752,2016-07-06,2016-08-31,Nortek Inc.,,no_match,NORTEK,Melrose Industries PLC,,no_match,MELROSE INDUSTRIES,Investor Group,Acquisition of Whole Company (incl. Majority Stake),2633.395275,1305.895275,Completed,Machinery and Supplies and Components: Industrial,USA
SPTRD356828,2016-07-05,2016-11-04,"Hostess Brands, LLC*",,no_match,HOSTESS BRANDS,"Gores Holdings, Inc.",,no_match,GORES,Investor Group,Acquisition of Whole Company (incl. Majority Stake),2198.41,,Completed,Packaged Foods and Meats Producers,USA
SPTRD441722,2016-07-05,2016-09-01,Life Science and Medical Real Estate Assets,,no_match,LIFE SCIENCE AND MEDICAL REAL ESTATE ASSETS,"Ventas, Inc.",VTR,normalized_exact,VENTAS,Wexford Science & Technology,Acquisition of Asset or Branch,1571.0,1538.0,Completed,Health Care Facilities,USA
SPTRD356944,2016-07-01,2016-08-29,Intelligrated Inc.*,,no_match,INTELLIGRATED,Honeywell International Inc.,HON,normalized_exact,HONEYWELL INTERNATIONAL,Permira Advisers Ltd.,Acquisition of Whole Company (incl. Majority Stake),1500.0,1500.0,Completed,Machinery and Supplies and Components: Industrial,USA
SPTRD791137,2016-06-30,2016-11-10,Seven West Coast Office Assets,,no_match,SEVEN WEST COAST OFFICE ASSETS,BRE Hydra Property Owner LLC,,no_match,BRE HYDRA PROPERTY OWNER,"Hines Real Estate Investment Trust, Inc.",Acquisition of Asset or Branch,1162.0,1162.0,Completed,Unclassified,USA
SPTRD213980,2016-06-30,2016-12-08,Starz*,,no_match,STARZ,Lions Gate Entertainment Corp.,,no_match,LIONS GATE ENTERTAINMENT,,Acquisition of Whole Company (incl. Majority Stake),4452.379353,3470.779353,Completed,Cable and Satellite,USA
SPTRD213991,2016-06-30,2016-08-10,Video streaming business of MLB Advanced Media LP,,no_match,VIDEO STREAMING BUSINESS OF MLB ADVANCED MEDIA,Walt Disney Company,DIS,normalized_exact,WALT DISNEY,MLB Advanced Media LP,Acquisition of Asset or Branch,3500.0,3500.0,Completed,Movies and Entertainment,USA
SPTRD213922,2016-06-29,2016-09-02,"Diamond Resorts International, Inc.*",,no_match,DIAMOND RESORTS INTERNATIONAL,"Dakota Parent, Inc.",,no_match,DAKOTA PARENT,,Acquisition of Whole Company (incl. Majority Stake),3160.670365,2224.125365,Completed,"Hotels, Resorts and Cruise Lines",USA
SPTRD213910,2016-06-29,2017-06-23,"PrivateBancorp, Inc.",,no_match,PRIVATEBANCORP,CIBC Holdco Inc.,,no_match,CIBC HOLDCO,,Acquisition of Whole Company (incl. Majority Stake),4906.879569,4906.879569,Completed,Bank,USA
SPTRD285828,2016-06-27,2016-08-22,Heartware International Inc.*,,no_match,HEARTWARE INTERNATIONAL,"Medtronic, Inc.",MDT,normalized_exact,MEDTRONIC,Investor Group,Acquisition of Whole Company (incl. Majority Stake),1072.109762,1065.224762,Completed,Health Care Equipment,USA
SPTRD285897,2016-06-24,2016-09-01,The Sun Products Corporation*,,no_match,SUN PRODUCTS,Henkel Consumer Goods Inc.,,no_match,HENKEL CONSUMER GOODS,"Vestar Capital Partners, LLC",Acquisition of Whole Company (incl. Majority Stake),3600.0,,Completed,Household Products Producers,USA
