ticker,company_name,target_event_count,first_target_announcement,acquirer_event_count,first_acquirer_announcement
A,"AGILENT TECHNOLOGIES, INC.",0,,0,
AA,Alcoa Corp,0,,0,
AACB,Artius II Acquisition Inc.,0,,0,
AACBR,Artius II Acquisition Inc.,0,,0,
AACBU,Artius II Acquisition Inc.,0,,0,
AACG,ATA Creativity Global,0,,0,
AACI,Armada Acquisition Corp. III,0,,0,
AACIU,Armada Acquisition Corp. III,0,,0,
AACIW,Armada Acquisition Corp. III,0,,0,
AACO,Abony Acquisition Corp. I,0,,0,
AACOU,Abony Acquisition Corp. I,0,,0,
AACOW,Abony Acquisition Corp. I,0,,0,
AACP,Apogee Acquisition Corp,0,,0,
AACPR,Apogee Acquisition Corp,0,,0,
AACPU,Apogee Acquisition Corp,0,,0,
AACPW,Apogee Acquisition Corp,0,,0,
AADX,"Applied Aerospace & Defense, Inc.",0,,0,
AAL,American Airlines Group Inc.,0,,0,
AAME,ATLANTIC AMERICAN CORP,0,,0,
AAMI,Acadian Asset Management Inc.,0,,0,
AAOI,"APPLIED OPTOELECTRONICS, INC.",0,,0,
AAON,"AAON, INC.",0,,0,
AAP,ADVANCE AUTO PARTS INC,0,,0,
AAPG,ASCENTAGE PHARMA GROUP INTERNATIONAL,0,,0,
AAPL,Apple Inc.,0,,0,
AARD,"Aardvark Therapeutics, Inc.",0,,0,
AAT,"American Assets Trust, Inc.",0,,0,
AAUC,Allied Gold Corp,0,,0,
AB,ALLIANCEBERNSTEIN HOLDING L.P.,0,,0,
ABAT,AMERICAN BATTERY TECHNOLOGY Co,0,,0,
ABBV,AbbVie Inc.,0,,0,
ABCB,Ameris Bancorp,0,,0,
ABCL,AbCellera Biologics Inc.,0,,0,
ABEO,ABEONA THERAPEUTICS INC.,0,,0,
ABEV,AMBEV S.A.,0,,0,
ABG,ASBURY AUTOMOTIVE GROUP INC,0,,0,
ABLV,Able View Global Inc.,0,,0,
ABLVW,Able View Global Inc.,0,,0,
ABM,ABM INDUSTRIES INC /DE/,0,,0,
ABNB,"Airbnb, Inc.",0,,0,
ABOS,"Acumen Pharmaceuticals, Inc.",0,,0,
ABR,ARBOR REALTY TRUST INC,0,,0,
ABR.PD,ARBOR REALTY TRUST INC,0,,0,
ABR.PE,ARBOR REALTY TRUST INC,0,,0,
ABR.PF,ARBOR REALTY TRUST INC,0,,0,
ABSI,Absci Corp,0,,0,
ABT,ABBOTT LABORATORIES,0,,0,
ABTC,American Bitcoin Corp.,0,,0,
ABTS,Abits Group Inc,0,,0,
ABUS,Arbutus Biopharma Corp,0,,0,
ABVC,"ABVC BIOPHARMA, INC.",0,,0,
ABVE,Above Food Ingredients Inc.,0,,0,
ABVX,Abivax S.A.,0,,0,
ABX,"Abacus Global Management, Inc.",0,,0,
ABXL,"Abacus Global Management, Inc.",0,,0,
ACA,"Arcosa, Inc.",0,,0,
ACAA,Averin Capital Acquisition Corp.,0,,0,
ACAAU,Averin Capital Acquisition Corp.,0,,0,
ACAAW,Averin Capital Acquisition Corp.,0,,0,
ACAD,ACADIA PHARMACEUTICALS INC,0,,0,
ACB,AURORA CANNABIS INC,0,,0,
ACCL,Acco Group Holdings Ltd,0,,0,
ACCO,ACCO BRANDS Corp,0,,0,
ACCS,ACCESS Newswire Inc.,0,,0,
ACDC,ProFrac Holding Corp.,0,,0,
ACEL,"Accel Entertainment, Inc.",0,,0,
ACET,"Adicet Bio, Inc.",0,,0,
ACFN,"ACORN ENERGY, INC.",0,,0,
ACGC,ACP Holdings Acquisition Corp.,0,,0,
ACGCU,ACP Holdings Acquisition Corp.,0,,0,
ACGCW,ACP Holdings Acquisition Corp.,0,,0,
ACGL,ARCH CAPITAL GROUP LTD.,0,,0,
ACGLN,ARCH CAPITAL GROUP LTD.,0,,0,
ACGLO,ARCH CAPITAL GROUP LTD.,0,,0,
ACH,ACCENDRA HEALTH INC/VA/,0,,0,
ACHC,"Acadia Healthcare Company, Inc.",0,,0,
ACHR,Archer Aviation Inc.,0,,0,
ACHR.WT,Archer Aviation Inc.,0,,0,
ACHV,"ACHIEVE LIFE SCIENCES, INC.",0,,0,
ACI,"Albertsons Companies, Inc.",0,,0,
ACIC,AMERICAN COASTAL INSURANCE Corp,0,,0,
ACIU,AC Immune SA,0,,0,
ACIW,"ACI WORLDWIDE, INC.",0,,0,
ACLS,AXCELIS TECHNOLOGIES INC,0,,1,2025-10-01
ACM,AECOM,0,,0,
ACMR,"ACM Research, Inc.",0,,0,
ACN,Accenture plc,0,,0,
ACNB,ACNB CORP,0,,0,
ACNT,ASCENT INDUSTRIES CO.,0,,0,
ACOG,Alpha Cognition Inc.,0,,0,
ACON,"Aclarion, Inc.",0,,0,
ACONW,"Aclarion, Inc.",0,,0,
ACP,abrdn Income Credit Strategies Fund,0,,0,
ACP.PA,abrdn Income Credit Strategies Fund,0,,0,
ACR,ACRES Commercial Realty Corp.,0,,0,
ACR.PC,ACRES Commercial Realty Corp.,0,,0,
ACR.PD,ACRES Commercial Realty Corp.,0,,0,
ACRE,Ares Commercial Real Estate Corp,0,,0,
ACRS,"Aclaris Therapeutics, Inc.",0,,0,
ACRV,"Acrivon Therapeutics, Inc.",0,,0,
ACT,"Enact Holdings, Inc.",0,,0,
ACTG,ACACIA RESEARCH CORP,0,,0,
ACTU,"ACTUATE THERAPEUTICS, INC.",0,,0,
ACU,ACME UNITED CORP,0,,0,
ACV,Virtus Diversified Income & Convertible Fund,0,,0,
ACVA,ACV Auctions Inc.,0,,0,
ACXP,"Acurx Pharmaceuticals, Inc.",0,,0,
AD,"ARRAY DIGITAL INFRASTRUCTURE, INC.",1,2026-05-08,0,
ADAC,American Drive Acquisition Co,0,,0,
ADACU,American Drive Acquisition Co,0,,0,
ADACW,American Drive Acquisition Co,0,,0,
ADAG,Adagene Inc.,0,,0,
ADAM,"ADAMAS TRUST, INC.",0,,0,
ADAMG,"ADAMAS TRUST, INC.",0,,0,
ADAMH,"ADAMAS TRUST, INC.",0,,0,
ADAMI,"ADAMAS TRUST, INC.",0,,0,
ADAML,"ADAMAS TRUST, INC.",0,,0,
ADAMM,"ADAMAS TRUST, INC.",0,,0,
ADAMN,"ADAMAS TRUST, INC.",0,,0,
ADAMO,"ADAMAS TRUST, INC.",0,,0,
ADAMZ,"ADAMAS TRUST, INC.",0,,0,
ADBE,ADOBE INC.,0,,0,
ADC,AGREE REALTY CORP,0,,0,
ADC.PA,AGREE REALTY CORP,0,,0,
ADCT,ADC Therapeutics SA,0,,0,
ADEA,Adeia Inc.,0,,0,
ADGM,"Adagio Medical Holdings, Inc.",0,,0,
ADI,ANALOG DEVICES INC,0,,0,
ADIL,"ADIAL PHARMACEUTICALS, INC.",0,,0,
ADM,Archer-Daniels-Midland Co,0,,0,
ADMA,"ADMA BIOLOGICS, INC.",0,,0,
ADNT,Adient plc,0,,0,
ADP,AUTOMATIC DATA PROCESSING INC,0,,0,
ADPT,Adaptive Biotechnologies Corp,0,,0,
ADSE,Ads-Tec Energy Public Ltd Co,0,,0,
ADSEW,Ads-Tec Energy Public Ltd Co,0,,0,
ADSK,"Autodesk, Inc.",0,,0,
ADT,ADT Inc.,0,,0,
ADTN,"ADTRAN Holdings, Inc.",0,,0,
ADTX,"Aditxt, Inc.",0,,0,
ADUR,ADURO CLEAN TECHNOLOGIES INC.,0,,0,
ADUS,Addus HomeCare Corp,0,,0,
ADV,Advantage Solutions Inc.,0,,0,
ADVB,Advanced Biomed Inc.,0,,0,
ADX,"ADAMS DIVERSIFIED EQUITY FUND, INC.",0,,0,
ADXN,Addex Therapeutics Ltd.,0,,0,
AEAQ,Activate Energy Acquisition Corp.,0,,0,
AEAQU,Activate Energy Acquisition Corp.,0,,0,
AEAQW,Activate Energy Acquisition Corp.,0,,0,
AEBI,Aebi Schmidt Holding AG,0,,0,
AEC,ANFIELD ENERGY INC.,0,,0,
AEE,AMEREN CORP,0,,0,
AEF,"abrdn Emerging Markets ex-China Fund, Inc.",0,,0,
AEFC,AEGON LTD.,0,,0,
AEG,AEGON LTD.,0,,0,
AEHL,Antelope Enterprise Holdings Ltd,0,,0,
AEHR,AEHR TEST SYSTEMS,0,,0,
AEI,Alset Inc.,0,,0,
AEIS,ADVANCED ENERGY INDUSTRIES INC,0,,0,
AEM,AGNICO EAGLE MINES LTD,0,,0,
AEMD,AETHLON MEDICAL INC,0,,0,
AENT,ALLIANCE ENTERTAINMENT HOLDING CORP,0,,0,
AENTW,ALLIANCE ENTERTAINMENT HOLDING CORP,0,,0,
AEO,AMERICAN EAGLE OUTFITTERS INC,0,,0,
AEON,"AEON Biopharma, Inc.",0,,0,
AEP,AMERICAN ELECTRIC POWER CO INC,0,,0,
AER,AerCap Holdings N.V.,0,,0,
AERO,"Grupo Aeromexico, S.A.B. de C.V.",0,,0,
AERT,"Aeries Technology, Inc.",0,,0,
AERTW,"Aeries Technology, Inc.",0,,0,
AES,AES CORP,1,2026-03-02,0,
AESI,Atlas Energy Solutions Inc.,0,,0,
AESPU,Aeon Acquisition I Corp.,0,,0,
AEVA,"Aeva Technologies, Inc.",0,,0,
AEXA,American Exceptionalism Acquisition Corp. A,0,,0,
AEYE,AUDIOEYE INC,0,,0,
AFB,ALLIANCEBERNSTEIN NATIONAL MUNICIPAL INCOME FUND,0,,0,
AFBI,"Affinity Bancshares, Inc.",1,2026-03-30,0,
AFCG,Advanced Flower Capital Inc.,0,,0,
AFG,AMERICAN FINANCIAL GROUP INC,0,,0,
AFGB,AMERICAN FINANCIAL GROUP INC,0,,0,
AFGC,AMERICAN FINANCIAL GROUP INC,0,,0,
AFGD,AMERICAN FINANCIAL GROUP INC,0,,0,
AFGE,AMERICAN FINANCIAL GROUP INC,0,,0,
AFJK,"Aimei Health Technology Co., Ltd.",0,,0,
AFJKR,"Aimei Health Technology Co., Ltd.",0,,0,
AFJKU,"Aimei Health Technology Co., Ltd.",0,,0,
AFL,AFLAC INC,0,,0,
AFRI,Forafric Global PLC,0,,0,
AFRIW,Forafric Global PLC,0,,0,
AFRM,"Affirm Holdings, Inc.",0,,0,
AFYA,Afya Ltd,0,,0,
AG,FIRST MAJESTIC SILVER CORP,0,,0,
AGBK,AGI Inc,0,,0,
AGCC,Agencia Comercial Spirits Ltd.,0,,0,
AGCO,AGCO CORP /DE,0,,0,
AGD,abrdn Global Dynamic Dividend Fund,0,,0,
AGEN,AGENUS INC,0,,0,
AGI,ALAMOS GOLD INC,0,,0,
AGIG,"ABUNDIA GLOBAL IMPACT GROUP, INC.",0,,0,
AGIO,"AGIOS PHARMACEUTICALS, INC.",0,,0,
AGL,"agilon health, inc.",0,,0,
AGM,FEDERAL AGRICULTURAL MORTGAGE CORP,0,,0,
AGM.A,FEDERAL AGRICULTURAL MORTGAGE CORP,0,,0,
AGM.PD,FEDERAL AGRICULTURAL MORTGAGE CORP,0,,0,
AGM.PE,FEDERAL AGRICULTURAL MORTGAGE CORP,0,,0,
AGM.PF,FEDERAL AGRICULTURAL MORTGAGE CORP,0,,0,
AGM.PG,FEDERAL AGRICULTURAL MORTGAGE CORP,0,,0,
AGM.PH,FEDERAL AGRICULTURAL MORTGAGE CORP,0,,0,
AGM.PI,FEDERAL AGRICULTURAL MORTGAGE CORP,0,,0,
AGMB,Agomab Therapeutics NV,0,,0,
AGMH,"AGM GROUP HOLDINGS, INC.",0,,0,
AGNC,AGNC Investment Corp.,0,,0,
AGNCL,AGNC Investment Corp.,0,,0,
AGNCM,AGNC Investment Corp.,0,,0,
AGNCN,AGNC Investment Corp.,0,,0,
AGNCO,AGNC Investment Corp.,0,,0,
AGNCP,AGNC Investment Corp.,0,,0,
AGNCZ,AGNC Investment Corp.,0,,0,
AGNT,"AGNT, Inc.",0,,0,
AGO,ASSURED GUARANTY LTD,0,,0,
AGPU,Axe Compute Inc.,0,,0,
AGQ,ProShares Trust II,0,,0,
AGRO,Adecoagro S.A.,0,,0,
AGRZ,Agroz Inc.,0,,0,
AGX,ARGAN INC,0,,0,
AGYS,AGILYSYS INC,0,,0,
AHCO,AdaptHealth Corp.,0,,0,
AHG,Akso Health Group,0,,0,
AHL.PD,ASPEN INSURANCE HOLDINGS LTD,0,,0,
AHL.PE,ASPEN INSURANCE HOLDINGS LTD,0,,0,
AHL.PF,ASPEN INSURANCE HOLDINGS LTD,0,,0,
AHMA,AMBITIONS ENTERPRISE MANAGEMENT CO. L.L.C,0,,0,
AHR,"American Healthcare REIT, Inc.",0,,0,
AHRT,"AH Realty Trust, Inc.",0,,0,
AHRT.PA,"AH Realty Trust, Inc.",0,,0,
AHT,ASHFORD HOSPITALITY TRUST INC,0,,0,
AHT.PD,ASHFORD HOSPITALITY TRUST INC,0,,0,
AHT.PF,ASHFORD HOSPITALITY TRUST INC,0,,0,
AHT.PG,ASHFORD HOSPITALITY TRUST INC,0,,0,
AHT.PH,ASHFORD HOSPITALITY TRUST INC,0,,0,
AHT.PI,ASHFORD HOSPITALITY TRUST INC,0,,0,
AI,"C3.ai, Inc.",0,,0,
AIAI,AIAI Holdings Corp,0,,0,
AIB,"BlockchAIn Digital Infrastructure, Inc.",0,,0,
AIBZ,Bitzero Holdings Inc.,0,,0,
AIDX,"20/20 Biolabs, Inc.",0,,0,
AIFA,"All In FutureTech Alliance, Inc.",0,,0,
AIFC,AI Financial Corp,0,,0,
AIFF,"FIREFLY NEUROSCIENCE, INC.",0,,0,
AIFU,AIFU Inc.,0,,0,
AIG,"AMERICAN INTERNATIONAL GROUP, INC.",0,,0,
AIHS,Senmiao Technology Ltd,0,,0,
AII,"American Integrity Insurance Group, Inc.",0,,0,
AIIA,AI Infrastructure Acquisition Corp.,0,,0,
AIIA.RI,AI Infrastructure Acquisition Corp.,0,,0,
AIIA.UN,AI Infrastructure Acquisition Corp.,0,,0,
AIIO,ROBO.AI INC.,0,,0,
AIIOW,ROBO.AI INC.,0,,0,
AIIR,AIR Global PLC,0,,0,
AIM,AIM ImmunoTech Inc.,0,,0,
AIMD,"Ainos, Inc.",0,,0,
AIMDW,"Ainos, Inc.",0,,0,
AIN,ALBANY INTERNATIONAL CORP /DE/,0,,0,
AIO,Virtus Artificial Intelligence & Technology Opportunities Fund,0,,0,
AIOS,AIOS Tech Inc.,0,,0,
AIOT,"Powerfleet, Inc.",0,,0,
AIP,"Arteris, Inc.",0,,0,
AIQD,BANK OF MONTREAL /CAN/,0,,0,
AIQU,BANK OF MONTREAL /CAN/,0,,0,
AIR,AAR CORP,0,,0,
AIRE,reAlpha Tech Corp.,0,,0,
AIRG,AIRGAIN INC,0,,0,
AIRI,AIR INDUSTRIES GROUP,1,2026-02-17,0,
AIRJ,AirJoule Technologies Corp.,0,,0,
AIRJW,AirJoule Technologies Corp.,0,,0,
AIRO,"AIRO Group Holdings, Inc.",0,,0,
AIRS,"Airsculpt Technologies, Inc.",0,,0,
AIRT,AIR T INC,0,,0,
AIRTP,AIR T INC,0,,0,
AISP,"Airship AI Holdings, Inc.",0,,0,
AISPW,"Airship AI Holdings, Inc.",0,,0,
AIT,APPLIED INDUSTRIAL TECHNOLOGIES INC,0,,0,
AIV,APARTMENT INVESTMENT & MANAGEMENT CO,0,,0,
AIXC,"AIxCrypto Holdings, Inc.",0,,0,
AIXI,Xiao-I Corp,0,,0,
AIZ,"ASSURANT, INC.",0,,0,
AIZN,"ASSURANT, INC.",0,,0,
AJG,Arthur J. Gallagher & Co.,0,,0,
AKA,A.K.A. BRANDS HOLDING CORP.,0,,0,
AKAM,AKAMAI TECHNOLOGIES INC,0,,0,
AKAN,AKANDA CORP.,0,,0,
AKBA,"Akebia Therapeutics, Inc.",0,,0,
AKO.A,ANDINA BOTTLING CO INC,0,,0,
AKO.B,ANDINA BOTTLING CO INC,0,,0,
AKR,ACADIA REALTY TRUST,0,,0,
AKTS,"Aktis Oncology, Inc.",0,,0,
AKTX,Akari Therapeutics Plc,0,,0,
ALAB,"Astera Labs, Inc.",0,,0,
ALAR,Alarum Technologies Ltd.,0,,0,
ALB,ALBEMARLE CORP,1,2026-03-30,0,
ALB.PA,ALBEMARLE CORP,0,,0,
ALBT,Avalon GloboCare Corp.,0,,0,
ALC,ALCON INC,0,,0,
ALCO,"ALICO, INC.",0,,0,
ALDF,Aldel Financial II Inc.,0,,0,
ALDFU,Aldel Financial II Inc.,0,,0,
ALDFW,Aldel Financial II Inc.,0,,0,
ALDX,"Aldeyra Therapeutics, Inc.",0,,0,
ALEC,"Alector, Inc.",0,,0,
ALF,Centurion Acquisition Corp.,0,,0,
ALFUU,Centurion Acquisition Corp.,0,,0,
ALFUW,Centurion Acquisition Corp.,0,,0,
ALG,ALAMO GROUP INC,0,,0,
ALGM,"ALLEGRO MICROSYSTEMS, INC.",0,,0,
ALGN,ALIGN TECHNOLOGY INC,0,,0,
ALGS,"Aligos Therapeutics, Inc.",0,,0,
ALGT,Allegiant Travel CO,0,,0,
ALH,Alliance Laundry Holdings Inc.,0,,0,
ALHC,"Alignment Healthcare, Inc.",0,,0,
ALIS,Calisa Acquisition Corp,1,2026-01-26,0,
ALISR,Calisa Acquisition Corp,0,,0,
ALISU,Calisa Acquisition Corp,0,,0,
ALIT,"Alight, Inc. / Delaware",0,,0,
ALK,"ALASKA AIR GROUP, INC.",0,,0,
ALKS,Alkermes plc.,0,,0,
ALKT,"ALKAMI TECHNOLOGY, INC.",0,,0,
ALL,ALLSTATE CORP,0,,0,
ALL.PB,ALLSTATE CORP,0,,0,
ALL.PH,ALLSTATE CORP,0,,0,
ALL.PI,ALLSTATE CORP,0,,0,
ALL.PJ,ALLSTATE CORP,0,,0,
ALLE,Allegion plc,0,,0,
ALLO,"Allogene Therapeutics, Inc.",0,,0,
ALLR,"Allarity Therapeutics, Inc.",0,,0,
ALLT,Allot Ltd.,0,,0,
ALLY,Ally Financial Inc.,0,,0,
ALM,Almonty Industries Inc.,0,,0,
ALMR,"Alamar Biosciences, Inc.",0,,0,
ALMS,ALUMIS INC.,0,,0,
ALMU,"Aeluma, Inc.",0,,0,
ALNT,ALLIENT INC,0,,0,
ALNY,"ALNYLAM PHARMACEUTICALS, INC.",0,,0,
ALOT,"AstroNova, Inc.",0,,0,
ALOV,"Aldabra 4 Liquidity Opportunity Vehicle, Inc.",0,,0,
ALOVU,"Aldabra 4 Liquidity Opportunity Vehicle, Inc.",0,,0,
ALOVW,"Aldabra 4 Liquidity Opportunity Vehicle, Inc.",0,,0,
ALOY,REALLOYS INC.,0,,0,
ALP,Alpha Compute Corp,0,,0,
ALPS,Alps Group Inc,0,,0,
ALRM,"Alarm.com Holdings, Inc.",0,,0,
ALRS,ALERUS FINANCIAL CORP,0,,0,
ALSN,Allison Transmission Holdings Inc,0,,0,
ALT,"Altimmune, Inc.",0,,0,
ALTG,ALTA EQUIPMENT GROUP INC.,0,,0,
ALTG.PA,ALTA EQUIPMENT GROUP INC.,0,,0,
ALTI,"AlTi Global, Inc.",0,,0,
ALTO,"Alto Ingredients, Inc.",0,,0,
ALUB,Alussa Energy Acquisition Corp. II,0,,0,
ALUB.UN,Alussa Energy Acquisition Corp. II,0,,0,
ALUB.WT,Alussa Energy Acquisition Corp. II,0,,0,
ALV,AUTOLIV INC,0,,0,
ALVO,Alvotech,0,,0,
ALVOW,Alvotech,0,,0,
ALX,ALEXANDERS INC,0,,0,
ALXO,ALX ONCOLOGY HOLDINGS INC,0,,0,
ALZN,"Alzamend Neuro, Inc.",0,,0,
AM,Antero Midstream Corp,0,,0,
AMAL,Amalgamated Financial Corp.,0,,0,
AMAN,Amanat Acquisition Corp.,0,,0,
AMAT,APPLIED MATERIALS INC /DE,0,,0,
AMBA,AMBARELLA INC,0,,0,
AMBO,Ambow Education Holding Ltd.,0,,0,
AMBP,Ardagh Metal Packaging S.A.,0,,0,
AMBQ,"Ambiq Micro, Inc.",0,,0,
AMBR,Amber International Holding Ltd,0,,0,
AMC,"AMC ENTERTAINMENT HOLDINGS, INC.",0,,0,
AMCI,AMC Robotics Corp,0,,0,
AMCR,Amcor plc,0,,0,
AMCX,AMC Global Media Inc.,0,,0,
AMD,ADVANCED MICRO DEVICES INC,0,,0,
AME,AMETEK INC/,0,,0,
AMG,"AFFILIATED MANAGERS GROUP, INC.",0,,0,
AMGN,AMGEN INC,0,,0,
AMH,American Homes 4 Rent,0,,0,
AMH.PG,American Homes 4 Rent,0,,0,
AMH.PH,American Homes 4 Rent,0,,0,
AMIX,"Autonomix Medical, Inc.",0,,0,
AMJB,JPMORGAN CHASE & CO,0,,0,
AMKR,"AMKOR TECHNOLOGY, INC.",0,,0,
AMLX,"Amylyx Pharmaceuticals, Inc.",0,,0,
AMN,AMN HEALTHCARE SERVICES INC,0,,0,
AMOD,"ALPHA MODUS HOLDINGS, INC.",0,,0,
AMODW,"ALPHA MODUS HOLDINGS, INC.",0,,0,
AMP,AMERIPRISE FINANCIAL INC,0,,0,
AMPG,"AmpliTech Group, Inc.",0,,0,
AMPGR,"AmpliTech Group, Inc.",0,,0,
AMPGZ,"AmpliTech Group, Inc.",0,,0,
AMPH,"Amphastar Pharmaceuticals, Inc.",0,,0,
AMPL,"Amplitude, Inc.",0,,0,
AMPX,"Amprius Technologies, Inc.",0,,0,
AMPX.WT,"Amprius Technologies, Inc.",0,,0,
AMPY,Amplify Energy Corp.,0,,0,
AMR,"Alpha Metallurgical Resources, Inc.",0,,0,
AMRC,"Ameresco, Inc.",0,,0,
AMRN,AMARIN CORP PLCUK,0,,0,
AMRX,"Amneal Pharmaceuticals, Inc.",0,,0,
AMRZ,Amrize Ltd,0,,0,
AMS,AMERICAN SHARED HOSPITAL SERVICES,0,,0,
AMSC,AMERICAN SUPERCONDUCTOR CORP /DE/,0,,0,
AMSF,AMERISAFE INC,0,,0,
AMSS,AMASS BRANDS,0,,0,
AMST,Amesite Inc.,0,,0,
AMT,AMERICAN TOWER CORP /MA/,0,,0,
AMTB,Amerant Bancorp Inc.,0,,0,
AMTD,AMTD IDEA GROUP,0,,0,
AMTM,"Amentum Holdings, Inc.",0,,0,
AMTX,"AEMETIS, INC",0,,0,
AMUB,UBS AG,0,,0,
AMWL,American Well Corp,0,,0,
AMX,AMERICA MOVIL SAB DE CV/,0,,0,
AMZE,"AMAZE HOLDINGS, INC.",0,,0,
AMZN,AMAZON COM INC,0,,1,2026-04-14
AN,"AUTONATION, INC.",0,,0,
ANAB,"ANAPTYSBIO, INC",0,,0,
ANDE,"Andersons, Inc.",0,,0,
ANDG,Andersen Group Inc.,0,,0,
ANET,"Arista Networks, Inc.",0,,0,
ANF,ABERCROMBIE & FITCH CO /DE/,0,,0,
ANG.PD,American National Group Inc.,0,,0,
ANGH,Anghami Inc,0,,0,
ANGHW,Anghami Inc,0,,0,
ANGI,Angi Inc.,0,,0,
ANGO,ANGIODYNAMICS INC,0,,0,
ANGX,"Angel Studios, Inc.",0,,0,
ANIK,"Anika Therapeutics, Inc.",0,,0,
ANIP,ANI PHARMACEUTICALS INC,0,,0,
ANIX,Anixa Biosciences Inc,0,,0,
ANL,Adlai Nortye Ltd.,0,,0,
ANNA,"AleAnna, Inc.",0,,0,
ANNAW,"AleAnna, Inc.",0,,0,
ANNX,"Annexon, Inc.",0,,0,
ANPA,Rich Sparkle Holdings Ltd,0,,0,
ANRO,"Alto Neuroscience, Inc.",0,,0,
ANSC,Agriculture & Natural Solutions Acquisition Corp,0,,0,
ANSCU,Agriculture & Natural Solutions Acquisition Corp,0,,0,
ANSCW,Agriculture & Natural Solutions Acquisition Corp,0,,0,
ANTA,Antalpha Platform Holding Co,0,,0,
ANTX,"AN2 Therapeutics, Inc.",0,,0,
ANVS,"Annovis Bio, Inc.",0,,0,
ANY,Sphere 3D Corp.,0,,0,
AOD,abrdn Total Dynamic Dividend Fund,0,,0,
AOMD,"Angel Oak Mortgage REIT, Inc.",0,,0,
AOMN,"Angel Oak Mortgage REIT, Inc.",0,,0,
AOMR,"Angel Oak Mortgage REIT, Inc.",0,,0,
AON,Aon plc,0,,0,
AORT,"ARTIVION, INC.",0,,0,
AOS,SMITH A O CORP,0,,0,
AOSL,ALPHA & OMEGA SEMICONDUCTOR Ltd,0,,0,
AOUT,"American Outdoor Brands, Inc.",0,,0,
AP,AMPCO PITTSBURGH CORP,0,,0,
APA,APA Corp,0,,0,
APAC,StoneBridge Acquisition II Corp,0,,0,
APACR,StoneBridge Acquisition II Corp,0,,0,
APACU,StoneBridge Acquisition II Corp,0,,0,
APAM,Artisan Partners Asset Management Inc.,0,,0,
APC,ARKO Petroleum Corp.,0,,0,
APD,"Air Products & Chemicals, Inc.",0,,0,
APEI,AMERICAN PUBLIC EDUCATION INC,0,,0,
APG,APi Group Corp,0,,0,
APGE,"Apogee Therapeutics, Inc.",0,,0,
APH,AMPHENOL CORP /DE/,0,,0,
API,"Agora, Inc.",0,,0,
APLD,Applied Digital Corp.,0,,0,
APLE,"Apple Hospitality REIT, Inc.",0,,0,
APLM,Apollomics Inc.,0,,0,
APLMW,Apollomics Inc.,0,,0,
APM,Aptorum Group Ltd,0,,0,
APMCU,AmperCap Acquisition Co,0,,0,
APO,"Apollo Global Management, Inc.",0,,1,2026-05-11
APO.PA,"Apollo Global Management, Inc.",0,,0,
APOG,"APOGEE ENTERPRISES, INC.",0,,0,
APOS,"Apollo Global Management, Inc.",0,,0,
APP,AppLovin Corp,0,,0,
APPF,APPFOLIO INC,0,,0,
APPN,APPIAN CORP,0,,0,
APPS,"Digital Turbine, Inc.",0,,0,
APRE,"Aprea Therapeutics, Inc.",0,,0,
APT,ALPHA PRO TECH LTD,0,,0,
APTV,Aptiv PLC,0,,0,
APUR,Aperture AC,0,,0,
APURR,Aperture AC,0,,0,
APURU,Aperture AC,0,,0,
APUS,"Apimeds Pharmaceuticals US, Inc.",1,2025-12-01,1,2025-12-01
APVO,Aptevo Therapeutics Inc.,0,,0,
APWC,ASIA PACIFIC WIRE & CABLE CORP LTD,0,,0,
APXT,Apex Treasury Corp,0,,0,
APXTU,Apex Treasury Corp,0,,0,
APXTW,Apex Treasury Corp,0,,0,
APYX,Apyx Medical Corp,0,,0,
AQB,AQUABOUNTY TECHNOLOGIES INC,0,,0,
AQMS,"Aqua Metals, Inc.",0,,0,
AQN,ALGONQUIN POWER & UTILITIES CORP.,0,,0,
AQNB,ALGONQUIN POWER & UTILITIES CORP.,0,,0,
AQST,"Aquestive Therapeutics, Inc.",0,,0,
AR,ANTERO RESOURCES Corp,0,,0,
ARAI,Arrive AI Inc.,0,,0,
ARAY,ACCURAY INC,0,,0,
ARBB,ARB IOT Group Ltd,0,,0,
ARBE,Arbe Robotics Ltd.,0,,0,
ARBEW,Arbe Robotics Ltd.,0,,0,
ARBK,Argo Blockchain Plc,0,,0,
ARCB,ARCBEST CORP /DE/,0,,0,
ARCC,ARES CAPITAL CORP,0,,0,
ARCI,Archimedes Tech SPAC Partners III Co.,0,,0,
ARCIU,Archimedes Tech SPAC Partners III Co.,0,,0,
ARCIW,Archimedes Tech SPAC Partners III Co.,0,,0,
ARCL,ARC Group Acquisition I Corp.,0,,0,
ARCLR,ARC Group Acquisition I Corp.,0,,0,
ARCLU,ARC Group Acquisition I Corp.,0,,0,
ARCLW,ARC Group Acquisition I Corp.,0,,0,
ARCO,Arcos Dorados Holdings Inc.,0,,0,
ARCT,Arcturus Therapeutics Holdings Inc.,0,,0,
ARDC,"Ares Dynamic Credit Allocation Fund, Inc.",0,,0,
ARDT,"Ardent Health, Inc.",0,,0,
ARDX,"ARDELYX, INC.",0,,0,
ARE,"ALEXANDRIA REAL ESTATE EQUITIES, INC.",0,,0,
AREC,American Resources Corp,0,,0,
AREN,"Arena Group Holdings, Inc.",0,,0,
ARES,Ares Management Corp,0,,0,
ARES.PB,Ares Management Corp,0,,0,
ARGX,ARGENX SE,0,,0,
ARHS,"Arhaus, Inc.",0,,0,
ARI,"Apollo Commercial Real Estate Finance, Inc.",0,,0,
ARIS,Aris Mining Corp,0,,0,
ARKO,ARKO Corp.,0,,0,
ARKR,ARK RESTAURANTS CORP,0,,0,
ARL,AMERICAN REALTY INVESTORS INC,0,,0,
ARLO,"Arlo Technologies, Inc.",0,,0,
ARLP,ALLIANCE RESOURCE PARTNERS LP,0,,0,
ARM,ARM HOLDINGS PLC /UK,0,,0,
ARMK,Aramark,0,,0,
ARMP,"Armata Pharmaceuticals, Inc.",0,,0,
AROC,"Archrock, Inc.",0,,0,
AROW,ARROW FINANCIAL CORP,0,,0,
ARQ,"Arq, Inc.",0,,0,
ARQQ,Arqit Quantum Inc.,0,,0,
ARQQW,Arqit Quantum Inc.,0,,0,
ARQT,"Arcutis Biotherapeutics, Inc.",0,,0,
ARR,"Armour Residential REIT, Inc.",0,,0,
ARR.PC,"Armour Residential REIT, Inc.",0,,0,
ARRY,"Array Technologies, Inc.",0,,0,
ARTC,Art Technology Acquisition Corp.,0,,0,
ARTCU,Art Technology Acquisition Corp.,0,,0,
ARTCW,Art Technology Acquisition Corp.,0,,0,
ARTL,"ARTELO BIOSCIENCES, INC.",0,,0,
ARTNA,ARTESIAN RESOURCES CORP,0,,0,
ARTV,"Artiva Biotherapeutics, Inc.",0,,0,
ARTW,ARTS WAY MANUFACTURING CO INC,0,,0,
ARVN,"ARVINAS, INC.",0,,0,
ARW,"ARROW ELECTRONICS, INC.",0,,0,
ARWR,"ARROWHEAD PHARMACEUTICALS, INC.",0,,0,
ARX,Accelerant Holdings,0,,0,
ARXS,"Arxis, Inc.",0,,0,
AS,"Amer Sports, Inc.",0,,0,
ASA,ASA Gold & Precious Metals Ltd,0,,0,
ASAN,"Asana, Inc.",0,,0,
ASB,ASSOCIATED BANC-CORP,0,,0,
ASB.PE,ASSOCIATED BANC-CORP,0,,0,
ASB.PF,ASSOCIATED BANC-CORP,0,,0,
ASBA,ASSOCIATED BANC-CORP,0,,0,
ASBP,"Aspire Biopharma Holdings, Inc.",0,,0,
ASBPW,"Aspire Biopharma Holdings, Inc.",0,,0,
ASC,Ardmore Shipping Corp,0,,0,
ASG,LIBERTY ALL STAR GROWTH FUND INC.,0,,0,
ASGI,abrdn Global Infrastructure Income Fund,0,,0,
ASH,ASHLAND INC.,0,,0,
ASIC,Ategrity Specialty Insurance Co Holdings,0,,0,
ASIX,AdvanSix Inc.,0,,0,
ASLE,AerSale Corp,0,,0,
ASM,AVINO SILVER & GOLD MINES LTD,0,,0,
ASMB,"ASSEMBLY BIOSCIENCES, INC.",0,,0,
ASML,ASML HOLDING NV,0,,0,
ASND,Ascendis Pharma A/S,0,,0,
ASO,"Academy Sports & Outdoors, Inc.",0,,0,
ASPC,ASPAC III Acquisition Corp.,0,,0,
ASPCR,ASPAC III Acquisition Corp.,0,,0,
ASPCU,ASPAC III Acquisition Corp.,0,,0,
ASPI,ASP Isotopes Inc.,0,,0,
ASPN,ASPEN AEROGELS INC,0,,0,
ASPS,ALTISOURCE PORTFOLIO SOLUTIONS S.A.,0,,0,
ASPSW,ALTISOURCE PORTFOLIO SOLUTIONS S.A.,0,,0,
ASPSZ,ALTISOURCE PORTFOLIO SOLUTIONS S.A.,0,,0,
ASR,SOUTHEAST AIRPORT GROUP,0,,0,
ASRT,"Assertio Holdings, Inc.",1,2026-05-13,0,
ASRV,AMERISERV FINANCIAL INC /PA/,0,,0,
ASST,"Strive, Inc.",0,,0,
ASTC,ASTROTECH Corp,0,,0,
ASTE,ASTEC INDUSTRIES INC,0,,0,
ASTH,"Astrana Health, Inc.",0,,0,
ASTI,"Ascent Solar Technologies, Inc.",0,,0,
ASTL,Algoma Steel Group Inc.,0,,0,
ASTLW,Algoma Steel Group Inc.,0,,0,
ASTS,"AST SpaceMobile, Inc.",0,,0,
ASUR,ASURE SOFTWARE INC,0,,0,
ASX,"ASE Technology Holding Co., Ltd.",0,,0,
ASYS,AMTECH SYSTEMS INC,0,,0,
ATAI,AtaiBeckley Inc.,0,,0,
ATAT,Atour Lifestyle Holdings Ltd,0,,0,
ATCH,"AtlasClear Holdings, Inc.",0,,0,
ATCX,ATLAS CRITICAL MINERALS Corp,0,,0,
ATEC,"Alphatec Holdings, Inc.",0,,0,
ATEN,"A10 Networks, Inc.",0,,0,
ATER,"Aterian, Inc.",0,,0,
ATEX,Anterix Inc.,0,,0,
ATGL,Alpha Technology Group Ltd,0,,0,
ATH.PA,Athene Holding Ltd.,0,,0,
ATH.PB,Athene Holding Ltd.,0,,0,
ATH.PD,Athene Holding Ltd.,0,,0,
ATH.PE,Athene Holding Ltd.,0,,0,
ATHE,ALTERITY THERAPEUTICS LTD,0,,0,
ATHM,Autohome Inc.,0,,0,
ATHR,"Aether Holdings, Inc.",0,,0,
ATHS,Athene Holding Ltd.,0,,0,
ATI,ATI INC,0,,0,
ATII,Archimedes Tech SPAC Partners II Co.,1,2026-04-20,0,
ATIIU,Archimedes Tech SPAC Partners II Co.,0,,0,
ATIIW,Archimedes Tech SPAC Partners II Co.,0,,0,
ATKR,Atkore Inc.,0,,0,
ATLC,Atlanticus Holdings Corp,0,,0,
ATLCL,Atlanticus Holdings Corp,0,,0,
ATLCP,Atlanticus Holdings Corp,0,,0,
ATLCZ,Atlanticus Holdings Corp,0,,0,
ATLN,ATLANTIC INTERNATIONAL CORP.,0,,0,
ATLO,AMES NATIONAL CORP,0,,0,
ATLX,Atlas Lithium Corp,0,,0,
ATMU,Atmus Filtration Technologies Inc.,0,,0,
ATNI,"ATN International, Inc.",0,,0,
ATNM,"Actinium Pharmaceuticals, Inc.",0,,0,
ATO,ATMOS ENERGY CORP,0,,0,
ATOM,Atomera Inc,0,,0,
ATOS,"ATOSSA THERAPEUTICS, INC.",0,,0,
ATPC,Agape ATP Corp,0,,0,
ATR,"APTARGROUP, INC.",0,,0,
ATRA,"Atara Biotherapeutics, Inc.",0,,0,
ATRC,"AtriCure, Inc.",0,,0,
ATRO,ASTRONICS CORP,0,,0,
ATS,ATS Corp /ATS,0,,0,
ATXG,ADDENTAX GROUP CORP.,0,,0,
ATYR,aTYR PHARMA INC,0,,0,
AU,AngloGold Ashanti PLC,0,,0,
AUB,Atlantic Union Bankshares Corp,0,,0,
AUB.PA,Atlantic Union Bankshares Corp,0,,0,
AUBN,"AUBURN NATIONAL BANCORPORATION, INC",0,,0,
AUC,ATIF Holdings Ltd,0,,0,
AUDC,AUDIOCODES LTD,0,,0,
AUGO,Aura Minerals Inc.,0,,0,
AUID,authID Inc.,0,,0,
AUNA,AUNA S.A.,0,,0,
AUPH,Aurinia Pharmaceuticals Inc.,0,,0,
AUR,"Aurora Innovation, Inc.",0,,0,
AURA,"Aura Biosciences, Inc.",0,,0,
AURE,Aurelion Inc.,0,,0,
AUROW,"Aurora Innovation, Inc.",0,,0,
AUST,Austin Gold Corp.,0,,0,
AUTL,Autolus Therapeutics plc,0,,0,
AUUD,AUDDIA INC.,1,2025-08-05,1,2025-08-05
AVA,AVISTA CORP,0,,0,
AVAH,"Aveanna Healthcare Holdings, Inc.",0,,0,
AVAL,Grupo Aval Acciones Y Valores S.A.,0,,0,
AVAT,Avalanche Treasury Corp,0,,1,2025-10-01
AVAV,AeroVironment Inc,0,,0,
AVB,AVALONBAY COMMUNITIES INC,1,2026-05-21,0,
AVBC,"Avidia Bancorp, Inc.",0,,0,
AVBH,"Avidbank Holdings, Inc.",0,,0,
AVBP,"ArriVent BioPharma, Inc.",0,,0,
AVD,AMERICAN VANGUARD CORP,0,,0,
AVEX,AEVEX Corp.,0,,0,
AVGO,Broadcom Inc.,0,,0,
AVIR,"Atea Pharmaceuticals, Inc.",0,,0,
AVK,ADVENT CONVERTIBLE & INCOME FUND,0,,0,
AVLN,Avalyn Pharma Inc.,0,,0,
AVNS,"AVANOS MEDICAL, INC.",1,2026-04-14,0,
AVNT,AVIENT CORP,0,,0,
AVNW,"AVIAT NETWORKS, INC.",0,,0,
AVO,"Mission Produce, Inc.",0,,0,
AVPT,"AvePoint, Inc.",0,,0,
AVR,Anteris Technologies Global Corp.,0,,0,
AVT,AVNET INC,0,,0,
AVTR,"Avantor, Inc.",0,,0,
AVTX,"Avalo Therapeutics, Inc.",0,,0,
AVX,AVAX ONE TECHNOLOGY LTD.,0,,0,
AVXL,ANAVEX LIFE SCIENCES CORP.,0,,0,
AVY,Avery Dennison Corp,0,,0,
AWF,ALLIANCEBERNSTEIN GLOBAL HIGH INCOME FUND INC,0,,0,
AWI,ARMSTRONG WORLD INDUSTRIES INC,0,,0,
AWK,"American Water Works Company, Inc.",0,,1,2025-10-27
AWP,abrdn Global Premier Properties Fund,0,,0,
AWR,AMERICAN STATES WATER CO,0,,0,
AWRE,AWARE INC /MA/,0,,0,
AWX,AVALON HOLDINGS CORP,0,,0,
AX,"Axos Financial, Inc.",0,,0,
AXG,"Solowin Holdings, Ltd.",0,,0,
AXGN,"Axogen, Inc.",0,,0,
AXIA,AXIA Energia S.A.,0,,0,
AXIA.P,AXIA Energia S.A.,0,,0,
AXIA.PC,AXIA Energia S.A.,0,,0,
AXIL,"Axil Brands, Inc.",0,,0,
AXIN,Axiom Intelligence Acquisition Corp 1,0,,0,
AXINR,Axiom Intelligence Acquisition Corp 1,0,,0,
AXINU,Axiom Intelligence Acquisition Corp 1,0,,0,
AXON,"AXON ENTERPRISE, INC.",0,,0,
AXP,AMERICAN EXPRESS CO,0,,0,
AXR,AMREP CORP.,0,,0,
AXS,AXIS CAPITAL HOLDINGS LTD,0,,0,
AXS.PE,AXIS CAPITAL HOLDINGS LTD,0,,0,
AXSM,"Axsome Therapeutics, Inc.",0,,0,
AXTA,Axalta Coating Systems Ltd.,1,2025-11-18,0,
AXTI,AXT INC,0,,0,
AYA,Aya Gold & Silver Inc.,0,,0,
AYI,ACUITY INC. (DE),0,,0,
AYTU,"AYTU BIOPHARMA, INC",0,,0,
AZ,A2Z CUST2MATE SOLUTIONS CORP.,0,,0,
AZI,Autozi Internet Technology (Global) Ltd.,0,,0,
AZN,ASTRAZENECA PLC,0,,0,
AZO,AUTOZONE INC,0,,0,
AZTA,"Azenta, Inc.",0,,0,
AZTR,"Azitra, Inc.",0,,0,
AZUL,AZUL SA,0,,0,
AZZ,AZZ INC,0,,0,
B,BARRICK MINING CORP,0,,0,
BA,BOEING CO,0,,0,
BA.PA,BOEING CO,0,,0,
BABA,Alibaba Group Holding Ltd,0,,0,
BAC,BANK OF AMERICA CORP /DE/,0,,0,
BAC.PB,BANK OF AMERICA CORP /DE/,0,,0,
BAC.PE,BANK OF AMERICA CORP /DE/,0,,0,
BAC.PK,BANK OF AMERICA CORP /DE/,0,,0,
BAC.PL,BANK OF AMERICA CORP /DE/,0,,0,
BAC.PM,BANK OF AMERICA CORP /DE/,0,,0,
BAC.PN,BANK OF AMERICA CORP /DE/,0,,0,
BAC.PO,BANK OF AMERICA CORP /DE/,0,,0,
BAC.PP,BANK OF AMERICA CORP /DE/,0,,0,
BAC.PQ,BANK OF AMERICA CORP /DE/,0,,0,
BAC.PS,BANK OF AMERICA CORP /DE/,0,,0,
BACC,Blue Acquisition Corp/Cayman,1,2025-11-19,0,
BACCR,Blue Acquisition Corp/Cayman,0,,0,
BACCU,Blue Acquisition Corp/Cayman,0,,0,
BAER,"Bridger Aerospace Group Holdings, Inc.",0,,0,
BAERW,"Bridger Aerospace Group Holdings, Inc.",0,,0,
BAFN,BayFirst Financial Corp.,0,,0,
BAH,Booz Allen Hamilton Holding Corp,0,,0,
BAK,BRASKEM SA,0,,0,
BALL,BALL Corp,0,,0,
BALY,Bally's Corp,0,,0,
BAM,Brookfield Asset Management Ltd.,0,,0,
BANC,"BANC OF CALIFORNIA, INC.",0,,0,
BANC.PF,"BANC OF CALIFORNIA, INC.",0,,0,
BAND,Bandwidth Inc.,0,,0,
BANF,BANCFIRST CORP /OK/,0,,0,
BANFP,BANCFIRST CORP /OK/,0,,0,
BANL,CBL International Ltd,0,,0,
BANR,BANNER CORP,0,,0,
BANX,ArrowMark Financial Corp.,0,,0,
BAOS,Baosheng Media Group Holdings Ltd,0,,0,
BAP,CREDICORP LTD,0,,0,
BAR,GraniteShares Gold Trust,0,,0,
BARK,"Bark, Inc.",1,2026-01-09,0,
BATL,BATTALION OIL CORP,0,,0,
BATRA,"Atlanta Braves Holdings, Inc.",0,,0,
BATRK,"Atlanta Braves Holdings, Inc.",0,,0,
BAVA,Bitwise Avalanche ETF,0,,0,
BAX,BAXTER INTERNATIONAL INC,0,,0,
BAYA,Bayview Acquisition Corp,0,,0,
BAYAR,Bayview Acquisition Corp,0,,0,
BAYAU,Bayview Acquisition Corp,0,,0,
BB,BLACKBERRY Ltd,0,,0,
BBAI,"BigBear.ai Holdings, Inc.",0,,0,
BBAI.WT,"BigBear.ai Holdings, Inc.",0,,0,
BBAR,Banco BBVA Argentina S.A.,0,,0,
BBBY,"BED BATH & BEYOND, INC.",0,,0,
BBBY.WT,"BED BATH & BEYOND, INC.",0,,0,
BBCP,"Concrete Pumping Holdings, Inc.",0,,0,
BBCQ,Bleichroeder Acquisition Corp. II,1,2026-03-04,0,
BBCQU,Bleichroeder Acquisition Corp. II,0,,0,
BBCQW,Bleichroeder Acquisition Corp. II,0,,0,
BBD,BANK BRADESCO,0,,0,
BBDC,"Barings BDC, Inc.",0,,0,
BBDO,BANK BRADESCO,0,,0,
BBGI,BEASLEY BROADCAST GROUP INC,0,,0,
BBIO,"BridgeBio Pharma, Inc.",0,,0,
BBLG,Bone Biologics Corp,0,,0,
BBLGW,Bone Biologics Corp,0,,0,
BBN,BlackRock Taxable Municipal Bond Trust,0,,0,
BBNX,"Beta Bionics, Inc.",0,,0,
BBOT,"BridgeBio Oncology Therapeutics, Inc.",0,,0,
BBSI,BARRETT BUSINESS SERVICES INC,0,,0,
BBT,Beacon Financial Corp,0,,0,
BBUC,Brookfield Business Corp,0,,0,
BBVA,"BANCO BILBAO VIZCAYA ARGENTARIA, S.A.",0,,0,
BBW,BUILD-A-BEAR WORKSHOP INC,0,,0,
BBWI,"Bath & Body Works, Inc.",0,,0,
BBY,BEST BUY CO INC,0,,0,
BC,BRUNSWICK CORP,0,,0,
BC.PC,BRUNSWICK CORP,0,,0,
BCAB,"BioAtla, Inc.",0,,0,
BCAL,California BanCorp \ CA,0,,0,
BCAR,D. Boral ARC Acquisition I Corp.,1,2026-01-12,0,
BCARU,D. Boral ARC Acquisition I Corp.,0,,0,
BCARW,D. Boral ARC Acquisition I Corp.,0,,0,
BCAT,BlackRock Capital Allocation Term Trust,0,,0,
BCAX,Bicara Therapeutics Inc.,0,,0,
BCBP,BCB BANCORP INC,0,,0,
BCC,BOISE CASCADE Co,0,,0,
BCDA,"BioCardia, Inc.",0,,0,
BCE,BCE INC,0,,0,
BCG,"Binah Capital Group, Inc.",0,,0,
BCGWW,"Binah Capital Group, Inc.",0,,0,
BCH,BANK OF CHILE,0,,0,
BCHT,Birchtech Corp.,0,,0,
BCIC,BCP Investment Corp,0,,0,
BCML,BayCom Corp,0,,0,
BCO,BRINKS CO,0,,0,
BCPC,BALCHEM CORP,0,,0,
BCRX,BIOCRYST PHARMACEUTICALS INC,0,,0,
BCS,BARCLAYS PLC,0,,0,
BCSF,"Bain Capital Specialty Finance, Inc.",0,,0,
BCSS,Bain Capital GSS Investment Corp.,0,,0,
BCSS.UN,Bain Capital GSS Investment Corp.,0,,0,
BCSS.WT,Bain Capital GSS Investment Corp.,0,,0,
BCTX,BriaCell Therapeutics Corp.,0,,0,
BCTXL,BriaCell Therapeutics Corp.,0,,0,
BCTXZ,BriaCell Therapeutics Corp.,0,,0,
BCV,BANCROFT FUND LTD,0,,0,
BCV.PA,BANCROFT FUND LTD,0,,0,
BCX,BlackRock Resources & Commodities Strategy Trust,0,,0,
BCYC,BICYCLE THERAPEUTICS PLC,0,,0,
BDC,BELDEN INC.,0,,0,
BDCI,BTC Development Corp.,0,,0,
BDCIU,BTC Development Corp.,0,,0,
BDCIW,BTC Development Corp.,0,,0,
BDCX,UBS AG,0,,0,
BDCZ,UBS AG,0,,0,
BDJ,BlackRock Enhanced Equity Dividend Trust,0,,0,
BDL,FLANIGANS ENTERPRISES INC,0,,0,
BDMD,Baird Medical Investment Holdings Ltd,0,,0,
BDMDW,Baird Medical Investment Holdings Ltd,0,,0,
BDN,BRANDYWINE REALTY TRUST,0,,0,
BDRX,Biodexa Pharmaceuticals Plc,0,,0,
BDRY,Amplify Commodity Trust,0,,0,
BDSX,BIODESIX INC,0,,0,
BDTX,"Black Diamond Therapeutics, Inc.",0,,0,
BDX,BECTON DICKINSON & CO,0,,0,
BE,Bloom Energy Corp,0,,0,
BEAG,Bold Eagle Acquisition Corp.,0,,0,
BEAGR,Bold Eagle Acquisition Corp.,0,,0,
BEAGU,Bold Eagle Acquisition Corp.,0,,0,
BEAM,Beam Therapeutics Inc.,0,,0,
BEAT,"HeartBeam, Inc.",0,,0,
BEATW,"HeartBeam, Inc.",0,,0,
BEBE,TGE Value Creative Solutions Corp,0,,0,
BEBE.UN,TGE Value Creative Solutions Corp,0,,0,
BEBE.WT,TGE Value Creative Solutions Corp,0,,0,
BEEM,Beam Global,0,,0,
BEEP,Mobile Infrastructure Corp,0,,0,
BEKE,KE Holdings Inc.,0,,0,
BELFA,BEL FUSE INC /NJ,0,,0,
BELFB,BEL FUSE INC /NJ,0,,0,
BEN,FRANKLIN RESOURCES INC,0,,0,
BENF,Beneficient,0,,0,
BENFW,Beneficient,0,,0,
BEP,Brookfield Renewable Partners L.P.,0,,0,
BEP.PA,Brookfield Renewable Partners L.P.,0,,0,
BEPC,Brookfield Renewable Corp,0,,0,
BEPH,Brookfield Renewable Partners L.P.,0,,0,
BEPI,Brookfield Renewable Partners L.P.,0,,0,
BEPJ,Brookfield Renewable Partners L.P.,0,,0,
BERZ,BANK OF MONTREAL /CAN/,0,,0,
BESS,Bimergen Energy Corp,0,,0,
BESS.WT,Bimergen Energy Corp,0,,0,
BETA,"BETA Technologies, Inc.",0,,0,
BETR,Better Home & Finance Holding Co,0,,0,
BETRW,Better Home & Finance Holding Co,0,,0,
BF.A,BROWN FORMAN CORP,0,,0,
BF.B,BROWN FORMAN CORP,0,,0,
BFAM,BRIGHT HORIZONS FAMILY SOLUTIONS INC.,0,,0,
BFC,Bank First Corp,0,,0,
BFH,"BREAD FINANCIAL HOLDINGS, INC.",0,,0,
BFH.PA,"BREAD FINANCIAL HOLDINGS, INC.",0,,0,
BFH.PB,"BREAD FINANCIAL HOLDINGS, INC.",0,,0,
BFLY,"Butterfly Network, Inc.",0,,0,
BFRG,"BullFrog AI Holdings, Inc.",0,,0,
BFRGW,"BullFrog AI Holdings, Inc.",0,,0,
BFRI,Biofrontera Inc.,0,,0,
BFRIW,Biofrontera Inc.,0,,0,
BFS,"SAUL CENTERS, INC.",0,,0,
BFS.PD,"SAUL CENTERS, INC.",0,,0,
BFS.PE,"SAUL CENTERS, INC.",0,,0,
BFST,"Business First Bancshares, Inc.",0,,0,
BG,Bunge Global SA,0,,0,
BGB,Blackstone Strategic Credit 2027 Term Fund,0,,0,
BGC,"BGC Group, Inc.",0,,0,
BGDE,"Big Digital Energy, Inc.",0,,0,
BGH,BARINGS GLOBAL SHORT DURATION HIGH YIELD FUND,0,,0,
BGI,BIRKS GROUP INC.,0,,0,
BGIN,BGIN BLOCKCHAIN Ltd,0,,0,
BGL,Blue Gold Ltd,0,,0,
BGLC,BioNexus Gene Lab Corp,0,,0,
BGLWW,Blue Gold Ltd,0,,0,
BGM,BGM Group Ltd.,0,,0,
BGMS,"Bio Green Med Solution, Inc.",0,,0,
BGR,BlackRock Energy & Resources Trust,0,,0,
BGS,"B&G Foods, Inc.",0,,0,
BGSF,"BGSF, INC.",0,,0,
BGSI,Boyd Group Services Inc.,0,,0,
BGT,BLACKROCK FLOATING RATE INCOME TRUST,0,,0,
BGX,Blackstone Long-Short Credit Income Fund,0,,0,
BGY,BlackRock Enhanced International Dividend Trust,0,,0,
BH,Biglari Holdings Inc.,0,,0,
BH.A,Biglari Holdings Inc.,0,,0,
BHAV,BHAV Acquisition Corp,0,,0,
BHAVR,BHAV Acquisition Corp,0,,0,
BHAVU,BHAV Acquisition Corp,0,,0,
BHB,BAR HARBOR BANKSHARES,0,,0,
BHC,Bausch Health Companies Inc.,0,,0,
BHE,BENCHMARK ELECTRONICS INC,0,,0,
BHF,"Brighthouse Financial, Inc.",1,2025-11-06,0,
BHFAL,"Brighthouse Financial, Inc.",0,,0,
BHFAM,"Brighthouse Financial, Inc.",0,,0,
BHFAN,"Brighthouse Financial, Inc.",0,,0,
BHFAO,"Brighthouse Financial, Inc.",0,,0,
BHFAP,"Brighthouse Financial, Inc.",0,,0,
BHK,BLACKROCK CORE BOND TRUST,0,,0,
BHM,"Bluerock Homes Trust, Inc.",0,,0,
BHP,BHP Group Ltd,0,,0,
BHR,Braemar Hotels & Resorts Inc.,0,,0,
BHR.PB,Braemar Hotels & Resorts Inc.,0,,0,
BHR.PD,Braemar Hotels & Resorts Inc.,0,,0,
BHRB,Burke & Herbert Financial Services Corp.,0,,0,
BHST,BIOHARVEST SCIENCES INC.,0,,0,
BHV,BLACKROCK VIRGINIA MUNICIPAL BOND TRUST,0,,0,
BHVN,Biohaven Ltd.,0,,0,
BHYP,Bitwise Hyperliquid ETF,0,,0,
BIAF,"bioAffinity Technologies, Inc.",0,,0,
BIAFW,"bioAffinity Technologies, Inc.",0,,0,
BIDU,"Baidu, Inc.",0,,0,
BIDWU,Tribeca Strategic Acquisition Corp.,0,,0,
BIIB,BIOGEN INC.,0,,0,
BIII,Black Spade Acquisition III Co,0,,0,
BIII.UN,Black Spade Acquisition III Co,0,,0,
BIII.WT,Black Spade Acquisition III Co,0,,0,
BILI,Bilibili Inc.,0,,0,
BILL,"BILL Holdings, Inc.",0,,0,
BIO,"BIO-RAD LABORATORIES, INC.",0,,0,
BIO.B,"BIO-RAD LABORATORIES, INC.",0,,0,
BIOA,"BioAge Labs, Inc.",0,,0,
BIOX,Bioceres Crop Solutions Corp.,0,,0,
BIP,Brookfield Infrastructure Partners L.P.,0,,0,
BIP.PA,Brookfield Infrastructure Partners L.P.,0,,0,
BIP.PB,Brookfield Infrastructure Partners L.P.,0,,0,
BIPC,Brookfield Infrastructure Corp,0,,0,
BIPH,Brookfield Infrastructure Partners L.P.,0,,0,
BIPI,Brookfield Infrastructure Partners L.P.,0,,0,
BIPJ,Brookfield Infrastructure Partners L.P.,0,,0,
BIRD,"Allbirds, Inc.",0,,0,
BIRK,Birkenstock Holding plc,0,,0,
BIT,BlackRock Multi-Sector Income Trust,0,,0,
BITB,Bitwise Bitcoin ETF,0,,0,
BITW,Bitwise 10 Crypto Index ETF,0,,0,
BIVI,BIOVIE INC.,0,,0,
BIVIW,BIOVIE INC.,0,,0,
BIXI,Bitcoin Infrastructure Acquisition Corp Ltd,0,,0,
BIXIU,Bitcoin Infrastructure Acquisition Corp Ltd,0,,0,
BIXIW,Bitcoin Infrastructure Acquisition Corp Ltd,0,,0,
BIYA,Baiya International Group Inc.,0,,0,
BJ,"BJ's Wholesale Club Holdings, Inc.",0,,0,
BJDX,"Bluejay Diagnostics, Inc.",0,,0,
BJRI,BJs RESTAURANTS INC,0,,0,
BKD,Brookdale Senior Living Inc.,0,,0,
BKE,BUCKLE INC,0,,0,
BKH,BLACK HILLS CORP /SD/,0,,1,2025-08-19
BKHA,Black Hawk Acquisition Corp,0,,0,
BKHAR,Black Hawk Acquisition Corp,0,,0,
BKHAU,Black Hawk Acquisition Corp,0,,0,
BKKT,"Bakkt, Inc.",0,,0,
BKKT.WT,"Bakkt, Inc.",0,,0,
BKNG,Booking Holdings Inc.,0,,0,
BKR,Baker Hughes Co,0,,1,2025-07-29
BKSY,BlackSky Technology Inc.,0,,0,
BKSY.WT,BlackSky Technology Inc.,0,,0,
BKT,"BLACKROCK INCOME TRUST, INC.",0,,0,
BKTI,BK Technologies Corp,0,,0,
BKU,"BankUnited, Inc.",0,,0,
BKV,BKV Corp,0,,0,
BL,"BLACKLINE, INC.",0,,0,
BLBD,Blue Bird Corp,0,,0,
BLCO,Bausch & Lomb Corp,0,,0,
BLD,TopBuild Corp,1,2026-04-19,0,
BLDP,Ballard Power Systems Inc.,0,,0,
BLDR,"Builders FirstSource, Inc.",0,,0,
BLFS,BIOLIFE SOLUTIONS INC,0,,0,
BLIN,"Bridgeline Digital, Inc.",0,,0,
BLIV,BeLive Holdings,0,,0,
BLK,"BlackRock, Inc.",0,,0,
BLKB,BLACKBAUD INC,0,,0,
BLLN,"BillionToOne, Inc.",0,,0,
BLMN,"Bloomin' Brands, Inc.",0,,0,
BLND,"Blend Labs, Inc.",0,,0,
BLNE,"Beeline Holdings, Inc.",0,,0,
BLNK,Blink Charging Co.,0,,0,
BLRK,Bluerock Acquisition Corp.,0,,0,
BLRKU,Bluerock Acquisition Corp.,0,,0,
BLRKW,Bluerock Acquisition Corp.,0,,0,
BLRX,BioLineRx Ltd.,0,,0,
BLSH,Bullish,0,,0,
BLTE,"BELITE BIO, INC",0,,0,
BLUW,Blue Water Acquisition Corp. III,0,,0,
BLUWU,Blue Water Acquisition Corp. III,0,,0,
BLUWW,Blue Water Acquisition Corp. III,0,,0,
BLW,BLACKROCK Ltd DURATION INCOME TRUST,0,,0,
BLX,"FOREIGN TRADE BANK OF LATIN AMERICA, INC.",0,,0,
BLZE,"Backblaze, Inc.",0,,0,
BLZR,Trailblazer Acquisition Corp.,0,,0,
BLZRU,Trailblazer Acquisition Corp.,0,,0,
BLZRW,Trailblazer Acquisition Corp.,0,,0,
BMA,Macro Bank Inc.,0,,0,
BMBL,Bumble Inc.,0,,0,
BME,BlackRock Health Sciences Trust,0,,0,
BMEA,"Biomea Fusion, Inc.",0,,0,
BMEZ,BlackRock Health Sciences Term Trust,0,,0,
BMGL,Basel Medical Group Ltd,0,,0,
BMHL,Bluemount Holdings Ltd,0,,0,
BMI,BADGER METER INC,0,,0,
BML.PG,BANK OF AMERICA CORP /DE/,0,,0,
BML.PH,BANK OF AMERICA CORP /DE/,0,,0,
BML.PJ,BANK OF AMERICA CORP /DE/,0,,0,
BML.PL,BANK OF AMERICA CORP /DE/,0,,0,
BMM,Blue Moon Metals Inc.,0,,0,
BMN,BlackRock 2037 Municipal Target Term Trust,0,,0,
BMNR,"BITMINE IMMERSION TECHNOLOGIES, INC.",0,,0,
BMO,BANK OF MONTREAL /CAN/,0,,0,
BMR,Beamr Imaging Ltd.,0,,0,
BMRA,BIOMERICA INC,0,,0,
BMRC,Bank of Marin Bancorp,0,,0,
BMRN,BIOMARIN PHARMACEUTICAL INC,0,,0,
BMY,BRISTOL MYERS SQUIBB CO,0,,0,
BN,BROOKFIELD Corp /ON/,0,,0,
BNAI,Brand Engagement Network Inc.,0,,0,
BNAIW,Brand Engagement Network Inc.,0,,0,
BNBX,BNB PLUS CORP.,0,,0,
BNC,CEA Industries Inc.,0,,0,
BNCWW,CEA Industries Inc.,0,,0,
BNCWZ,CEA Industries Inc.,0,,0,
BNED,"Barnes & Noble Education, Inc.",0,,0,
BNGO,"Bionano Genomics, Inc.",0,,0,
BNH,BROOKFIELD Corp /ON/,0,,0,
BNJ,BROOKFIELD Corp /ON/,0,,0,
BNKD,BANK OF MONTREAL /CAN/,0,,0,
BNKK,"BONK, INC.",0,,0,
BNKU,BANK OF MONTREAL /CAN/,0,,0,
BNL,"Broadstone Net Lease, Inc.",0,,0,
BNO,"United States Brent Oil Fund, LP",0,,0,
BNR,Burning Rock Biotech Ltd,0,,0,
BNRG,Brenmiller Energy Ltd.,0,,0,
BNS,BANK OF NOVA SCOTIA,0,,0,
BNT,Brookfield Wealth Solutions Ltd.,0,,0,
BNTC,Benitec Biopharma Inc.,0,,0,
BNTX,BioNTech SE,0,,0,
BNY,Bank of New York Mellon Corp,0,,0,
BNY.PK,Bank of New York Mellon Corp,0,,0,
BNZI,"Banzai International, Inc.",0,,0,
BNZIW,"Banzai International, Inc.",0,,0,
BOBS,"Bob's Discount Furniture, Inc.",0,,0,
BOC,BOSTON OMAHA Corp,0,,0,
BODI,"Beachbody Company, Inc.",0,,0,
BOE,BlackRock Enhanced Global Dividend Trust,0,,0,
BOF,BranchOut Food Inc.,0,,0,
BOH,BANK OF HAWAII CORP,0,,0,
BOH.PA,BANK OF HAWAII CORP,0,,0,
BOH.PB,BANK OF HAWAII CORP,0,,0,
BOIL,ProShares Trust II,0,,0,
BOKF,BOK FINANCIAL CORP,0,,0,
BOLD,"Boundless Bio, Inc.",0,,0,
BOLT,"Bolt Biotherapeutics, Inc.",0,,0,
BON,Bon Natural Life Ltd,0,,0,
BOOM,DMC Global Inc.,0,,0,
BOOT,"Boot Barn Holdings, Inc.",0,,0,
BORR,Borr Drilling Ltd,0,,0,
BOSC,BOS BETTER ONLINE SOLUTIONS LTD,0,,0,
BOT,"RoboStrategy, Inc.",0,,0,
BOTJ,BANK OF THE JAMES FINANCIAL GROUP INC,0,,0,
BOW,Bowhead Specialty Holdings Inc.,0,,0,
BOX,BOX INC,0,,0,
BOXL,Boxlight Corp,0,,0,
BP,BP PLC,0,,0,
BPAC,Blueport Acquisition Ltd,1,2026-05-01,0,
BPACR,Blueport Acquisition Ltd,0,,0,
BPACU,Blueport Acquisition Ltd,0,,0,
BPOP,"POPULAR, INC.",0,,0,
BPOPM,"POPULAR, INC.",0,,0,
BPRE,Bluerock Private Real Estate Fund,0,,0,
BPRN,"Princeton Bancorp, Inc.",0,,0,
BPYPM,Brookfield Property Partners L.P.,0,,0,
BPYPN,Brookfield Property Partners L.P.,0,,0,
BPYPO,Brookfield Property Partners L.P.,0,,0,
BPYPP,Brookfield Property Partners L.P.,0,,0,
BQ,Boqii Holding Ltd,0,,0,
BR,"BROADRIDGE FINANCIAL SOLUTIONS, INC.",0,,0,
BRAG,Bragg Gaming Group Inc.,0,,0,
BRAI,Braiin Ltd,0,,0,
BRBI,BRBI BR Partners S.A.,0,,0,
BRBR,"BELLRING BRANDS, INC.",0,,0,
BRBS,"BLUE RIDGE BANKSHARES, INC.",0,,0,
BRC,BRADY CORP,0,,0,
BRCB,"Black Rock Coffee Bar, Inc.",0,,0,
BRCC,BRC Inc.,0,,0,
BREZ,Breeze Acquisition Corp. II,0,,0,
BREZR,Breeze Acquisition Corp. II,0,,0,
BREZU,Breeze Acquisition Corp. II,0,,0,
BRFH,BARFRESH FOOD GROUP INC.,0,,0,
BRIA,BrilliA Inc,0,,0,
BRID,BRIDGFORD FOODS CORP,0,,0,
BRK.A,BERKSHIRE HATHAWAY INC,0,,0,
BRK.B,BERKSHIRE HATHAWAY INC,0,,2,2025-06-30
BRKHU,BurTech Acquisition Corp II,0,,0,
BRKR,BRUKER CORP,0,,0,
BRKRP,BRUKER CORP,0,,0,
BRLS,Borealis Foods Inc.,0,,0,
BRLSW,Borealis Foods Inc.,0,,0,
BRLT,"Brilliant Earth Group, Inc.",0,,0,
BRN,BARNWELL INDUSTRIES INC,0,,0,
BRNS,Barinthus Biotherapeutics plc.,1,2025-09-29,0,
BRO,"BROWN & BROWN, INC.",0,,0,
BROS,Dutch Bros Inc.,0,,0,
BRR,"ProCap Financial, Inc.",0,,0,
BRRR,CoinShares Bitcoin ETF,0,,0,
BRRWW,"ProCap Financial, Inc.",0,,0,
BRSL,Brightstar Lottery PLC,0,,0,
BRSP,"BrightSpire Capital, Inc.",0,,0,
BRT,BRT Apartments Corp.,0,,0,
BRTX,"BioRestorative Therapies, Inc.",0,,0,
BRUN,Boost Run Inc.,0,,0,
BRUNW,Boost Run Inc.,0,,0,
BRW,Saba Capital Income & Opportunities Fund,0,,0,
BRX,Brixmor Property Group Inc.,0,,0,
BRZE,"Braze, Inc.",0,,0,
BSAA,BEST SPAC I Acquisition Corp.,0,,0,
BSAAR,BEST SPAC I Acquisition Corp.,0,,0,
BSAAU,BEST SPAC I Acquisition Corp.,0,,0,
BSAC,BANCO SANTANDER CHILE,0,,0,
BSBK,Bogota Financial Corp.,0,,0,
BSBR,Banco Santander (Brasil) S.A.,0,,0,
BSET,BASSETT FURNITURE INDUSTRIES INC,0,,0,
BSIN,BIG SKY INDUSTRIAL INC.,0,,0,
BSL,Blackstone Senior Floating Rate 2027 Term Fund,0,,0,
BSM,"Black Stone Minerals, L.P.",0,,0,
BSOL,Bitwise Solana Staking ETF,0,,0,
BSRR,SIERRA BANCORP,0,,0,
BST,BlackRock Science & Technology Trust,0,,0,
BSTZ,BlackRock Science & Technology Term Trust,0,,0,
BSVN,Bank7 Corp.,0,,0,
BSX,BOSTON SCIENTIFIC CORP,0,,1,2026-01-15
BSY,BENTLEY SYSTEMS INC,0,,0,
BTAI,"BioXcel Therapeutics, Inc.",0,,0,
BTBD,"BT Brands, Inc.",0,,0,
BTBDW,"BT Brands, Inc.",0,,0,
BTBT,"Bit Digital, Inc",0,,0,
BTC,Grayscale Bitcoin Mini Trust ETF,0,,0,
BTCK,Teucrium Commodity Trust,0,,0,
BTCS,BTCS Inc.,0,,0,
BTCT,BTC Digital Ltd.,0,,0,
BTDR,Bitdeer Technologies Group,0,,0,
BTE,BAYTEX ENERGY CORP.,0,,0,
BTG,B2GOLD CORP,0,,0,
BTGO,"BITGO HOLDINGS, INC.",0,,0,
BTI,British American Tobacco p.l.c.,0,,0,
BTMD,biote Corp.,0,,0,
BTO,JOHN HANCOCK FINANCIAL OPPORTUNITIES FUND,0,,0,
BTOC,Armlogi Holding Corp.,0,,0,
BTOG,BIT ORIGIN Ltd,0,,0,
BTQ,BTQ Technologies Corp.,0,,0,
BTSG,"BrightSpring Health Services, Inc.",0,,0,
BTSGU,"BrightSpring Health Services, Inc.",0,,0,
BTT,BlackRock Municipal 2030 Target Term Trust,0,,0,
BTTC,Black Titan Corp,0,,0,
BTU,PEABODY ENERGY CORP,0,,0,
BTX,BlackRock Technology & Private Equity Term Trust,0,,0,
BTZ,BLACKROCK CREDIT ALLOCATION INCOME TRUST,0,,0,
BUD,Anheuser-Busch InBev SA/NV,0,,0,
BUDA,"BUDA JUICE, INC.",0,,0,
BUI,"BlackRock Utilities, Infrastructure & Power Opportunities Trust",0,,0,
BULL,Webull Corp,0,,0,
BULLW,Webull Corp,0,,0,
BULZ,BANK OF MONTREAL /CAN/,0,,0,
BUR,Burford Capital Ltd,0,,0,
BURL,"Burlington Stores, Inc.",0,,0,
BURU,"Nuburu, Inc.",0,,0,
BUSE,FIRST BUSEY CORP /NV/,0,,0,
BUSEP,FIRST BUSEY CORP /NV/,0,,0,
BUUU,BUUU Group Ltd,0,,0,
BV,"BrightView Holdings, Inc.",0,,0,
BVC,BitVentures Ltd,0,,0,
BVFL,"BV Financial, Inc.",0,,0,
BVN,BUENAVENTURA MINING CO INC,0,,0,
BVS,Bioventus Inc.,0,,0,
BW,"Babcock & Wilcox Enterprises, Inc.",0,,0,
BW.PA,"Babcock & Wilcox Enterprises, Inc.",0,,0,
BWA,BORGWARNER INC,0,,0,
BWAY,Brainsway Ltd.,0,,0,
BWB,Bridgewater Bancshares Inc,0,,0,
BWBBP,Bridgewater Bancshares Inc,0,,0,
BWEN,"BROADWIND, INC.",0,,0,
BWET,Amplify Commodity Trust,0,,0,
BWFG,"Bankwell Financial Group, Inc.",0,,0,
BWG,BrandywineGLOBAL-Global Income Opportunities Fund Inc,0,,0,
BWIN,"Baldwin Insurance Group, Inc.",0,,0,
BWIV,Blue Water Acquisition Corp. IV,0,,0,
BWIV.UN,Blue Water Acquisition Corp. IV,0,,0,
BWIV.WT,Blue Water Acquisition Corp. IV,0,,0,
BWLP,BW LPG Ltd,0,,0,
BWMN,Bowman Consulting Group Ltd.,0,,0,
BWMX,"BETTERWARE DE MEXICO, S.A.P.I. DE C.V",0,,0,
BWNB,"Babcock & Wilcox Enterprises, Inc.",0,,0,
BWOW,Bitwise Dogecoin ETF,0,,0,
BWXT,"BWX Technologies, Inc.",0,,0,
BX,Blackstone Inc.,0,,0,
BXC,BlueLinx Holdings Inc.,0,,0,
BXDC,Blackstone Digital Infrastructure Trust Inc.,0,,0,
BXMT,"BLACKSTONE MORTGAGE TRUST, INC.",0,,0,
BXP,"BXP, Inc.",0,,0,
BXSL,Blackstone Secured Lending Fund,0,,0,
BY,"BYLINE BANCORP, INC.",0,,0,
BYAH,"Park Ha Biological Technology Co., Ltd.",0,,0,
BYD,BOYD GAMING CORP,0,,0,
BYFC,BROADWAY FINANCIAL CORP DE,0,,0,
BYND,"BEYOND MEAT, INC.",0,,0,
BYRN,Byrna Technologies Inc.,0,,0,
BYSI,BeyondSpring Inc.,0,,0,
BZ,Kanzhun Ltd,0,,0,
BZAI,"Blaize Holdings, Inc.",0,,0,
BZAIW,"Blaize Holdings, Inc.",0,,0,
BZFD,"BuzzFeed, Inc.",0,,0,
BZFDW,"BuzzFeed, Inc.",0,,0,
BZH,BEAZER HOMES USA INC,0,,0,
BZUN,Baozun Inc.,0,,0,
C,CITIGROUP INC,0,,0,
C.PN,CITIGROUP INC,0,,0,
C.PR,CITIGROUP INC,0,,0,
CAAP,CORPORACION AMERICA AIRPORTS S.A.,0,,0,
CAAS,"China Automotive Systems, Inc.",0,,0,
CABA,"Cabaletta Bio, Inc.",0,,0,
CABO,"Cable One, Inc.",0,,0,
CABR,"Caring Brands, Inc.",0,,0,
CAC,CAMDEN NATIONAL CORP,0,,0,
CACC,CREDIT ACCEPTANCE CORP,0,,0,
CACI,CACI INTERNATIONAL INC /DE/,0,,0,
CADL,"Candel Therapeutics, Inc.",0,,0,
CAE,CAE INC,0,,0,
CAF,"Morgan Stanley China A Share Fund, Inc.",0,,0,
CAG,CONAGRA BRANDS INC.,0,,0,
CAH,CARDINAL HEALTH INC,0,,0,
CAI,"Caris Life Sciences, Inc.",0,,0,
CAIIU,Collective Acquisition Corp. II,0,,0,
CAKE,CHEESECAKE FACTORY INC,0,,0,
CAL,CALERES INC,0,,0,
CALC,"CalciMedica, Inc.",0,,0,
CALM,CAL-MAINE FOODS INC,0,,0,
CALX,"CALIX, INC",0,,0,
CALY,Callaway Golf Co,0,,0,
CAMP,Camp4 Therapeutics Corp,0,,0,
CAMT,CAMTEK LTD,0,,0,
CAN,Canaan Inc.,0,,0,
CANE,Teucrium Commodity Trust,0,,0,
CANF,Can-Fite BioPharma Ltd.,0,,0,
CANG,Cango Inc.,0,,0,
CAPL,CrossAmerica Partners LP,0,,0,
CAPN,Cayson Acquisition Corp,1,2025-07-14,0,
CAPNR,Cayson Acquisition Corp,0,,0,
CAPNU,Cayson Acquisition Corp,0,,0,
CAPR,"CAPRICOR THERAPEUTICS, INC.",0,,0,
CAPS,Capstone Holding Corp.,0,,0,
CAQ,Cambridge Acquisition Corp.,0,,0,
CAQUU,Cambridge Acquisition Corp.,0,,0,
CAQUW,Cambridge Acquisition Corp.,0,,0,
CAR,"AVIS BUDGET GROUP, INC.",0,,0,
CARD,BANK OF MONTREAL /CAN/,0,,0,
CARE,"Carter Bankshares, Inc.",0,,0,
CARG,"CarGurus, Inc.",0,,0,
CARL,"CARLSMED, INC.",0,,0,
CARR,CARRIER GLOBAL Corp,0,,0,
CARS,Cars.com Inc.,0,,0,
CART,Maplebear Inc.,0,,0,
CARU,BANK OF MONTREAL /CAN/,0,,0,
CASH,"PATHWARD FINANCIAL, INC.",0,,0,
CASS,CASS INFORMATION SYSTEMS INC,0,,0,
CAST,"FreeCast, Inc.",0,,0,
CASY,CASEYS GENERAL STORES INC,0,,0,
CAT,CATERPILLAR INC,0,,0,
CATO,CATO CORP,0,,0,
CATX,"Perspective Therapeutics, Inc.",0,,0,
CATY,CATHAY GENERAL BANCORP,0,,0,
CAVA,"CAVA GROUP, INC.",0,,0,
CB,Chubb Ltd,0,,0,
CBAN,COLONY BANKCORP INC,0,,0,
CBAT,"CBAK Energy Technology, Inc.",0,,0,
CBC,"Central Bancompany, Inc.",0,,0,
CBFV,"CB Financial Services, Inc.",0,,0,
CBIO,"CRESCENT BIOPHARMA, INC.",0,,0,
CBK,"Commercial Bancgroup, Inc.",0,,0,
CBL,CBL & ASSOCIATES PROPERTIES INC,0,,0,
CBLL,"Ceribell, Inc.",0,,0,
CBNA,CHAIN BRIDGE BANCORP INC,0,,0,
CBNK,Capital Bancorp Inc,0,,0,
CBRE,"CBRE GROUP, INC.",0,,0,
CBRL,"CRACKER BARREL OLD COUNTRY STORE, INC",0,,0,
CBRS,Cerebras Systems Inc.,1,2026-04-02,0,
CBSH,COMMERCE BANCSHARES INC /MO/,0,,0,
CBT,CABOT CORP,0,,0,
CBU,"COMMUNITY FINANCIAL SYSTEM, INC.",0,,0,
CBUS,"Cibus, Inc.",0,,0,
CBZ,"CBIZ, Inc.",0,,0,
CC,Chemours Co,0,,0,
CCAP,"Crescent Capital BDC, Inc.",0,,0,
CCAQ,COLLECTIVE ACQUISITION CORP.,0,,0,
CCAQU,COLLECTIVE ACQUISITION CORP.,0,,0,
CCAQW,COLLECTIVE ACQUISITION CORP.,0,,0,
CCB,COASTAL FINANCIAL CORP,0,,0,
CCBG,CAPITAL CITY BANK GROUP INC,0,,0,
CCC,CCC Intelligent Solutions Holdings Inc.,0,,0,
CCCC,"C4 Therapeutics, Inc.",0,,0,
CCD,Calamos Dynamic Convertible & Income Fund,0,,0,
CCEC,Capital Clean Energy Carriers Corp.,0,,0,
CCEL,CRYO CELL INTERNATIONAL INC,0,,0,
CCEP,COCA-COLA EUROPACIFIC PARTNERS plc,0,,0,
CCG,Cheche Group Inc.,0,,0,
CCGWW,Cheche Group Inc.,0,,0,
CCHH,CCH Holdings Ltd,0,,0,
CCI,CROWN CASTLE INC.,0,,0,
CCID,Carlyle Credit Income Fund,0,,0,
CCIF,Carlyle Credit Income Fund,0,,0,
CCII,Cohen Circle Acquisition Corp. II,0,,0,
CCIIU,Cohen Circle Acquisition Corp. II,0,,0,
CCIIW,Cohen Circle Acquisition Corp. II,0,,0,
CCIX,Churchill Capital Corp IX/Cayman,0,,0,
CCIXU,Churchill Capital Corp IX/Cayman,0,,0,
CCIXW,Churchill Capital Corp IX/Cayman,0,,0,
CCJ,CAMECO CORP,0,,0,
CCK,"CROWN HOLDINGS, INC.",0,,0,
CCL,Carnival Corp Ltd.,0,,0,
CCLD,"CareCloud, Inc.",0,,0,
CCM,Concord Medical Services Holdings Ltd,0,,0,
CCNE,CNB FINANCIAL CORP/PA,0,,0,
CCNEP,CNB FINANCIAL CORP/PA,0,,0,
CCO,"Clear Channel Outdoor Holdings, Inc.",1,2026-02-09,0,
CCOI,"COGENT COMMUNICATIONS HOLDINGS, INC.",0,,0,
CCRN,CROSS COUNTRY HEALTHCARE INC,1,2026-05-06,0,
CCS,"Century Communities, Inc.",0,,0,
CCSI,"Consensus Cloud Solutions, Inc.",0,,0,
CCTG,CCSC Technology International Holdings Ltd,0,,0,
CCU,UNITED BREWERIES CO INC,0,,0,
CCXI,Churchill Capital Corp XI,0,,0,
CCXIU,Churchill Capital Corp XI,0,,0,
CCXIW,Churchill Capital Corp XI,0,,0,
CCZ,COMCAST CORP,0,,0,
CD,Chaince Digital Holdings Inc.,0,,1,2026-03-12
CDE,"Coeur Mining, Inc.",0,,0,
CDIO,"Cardio Diagnostics Holdings, Inc.",0,,0,
CDIOW,"Cardio Diagnostics Holdings, Inc.",0,,0,
CDLR,Cadeler A/S,0,,0,
CDLX,"Cardlytics, Inc.",0,,0,
CDNA,"CareDx, Inc.",0,,0,
CDNL,Cardinal Infrastructure Group Inc.,0,,0,
CDNS,CADENCE DESIGN SYSTEMS INC,0,,0,
CDP,COPT DEFENSE PROPERTIES,0,,0,
CDR.PB,"CEDAR REALTY TRUST, INC.",0,,0,
CDR.PC,"CEDAR REALTY TRUST, INC.",0,,0,
CDRE,"Cadre Holdings, Inc.",0,,0,
CDRO,"Codere Online Luxembourg, S.A.",0,,0,
CDROW,"Codere Online Luxembourg, S.A.",0,,0,
CDT,CDT Equity Inc.,0,,0,
CDTG,CDT Environmental Technology Investment Holdings Ltd,0,,0,
CDTTW,CDT Equity Inc.,0,,0,
CDW,CDW Corp,0,,0,
CDXS,"CODEXIS, INC.",0,,0,
CDZI,CADIZ INC,0,,0,
CDZIP,CADIZ INC,0,,0,
CE,Celanese Corp,0,,0,
CECO,CECO ENVIRONMENTAL CORP,0,,0,
CEE,"CENTRAL & EASTERN EUROPE FUND, INC.",0,,0,
CEF,Sprott Physical Gold & Silver Trust,0,,0,
CEFD,UBS AG,0,,0,
CEG,Constellation Energy Corp,0,,0,
CELC,Celcuity Inc.,0,,0,
CELG.RI,BRISTOL MYERS SQUIBB CO,0,,0,
CELH,"Celsius Holdings, Inc.",0,,0,
CELU,Celularity Inc,0,,0,
CELUW,Celularity Inc,0,,0,
CELZ,"CREATIVE MEDICAL TECHNOLOGY HOLDINGS, INC.",0,,0,
CENN,Cenntro Inc.,0,,0,
CENT,CENTRAL GARDEN & PET CO,0,,0,
CENTA,CENTRAL GARDEN & PET CO,0,,0,
CENX,CENTURY ALUMINUM CO,0,,0,
CEPF,"Cantor Equity Partners IV, Inc.",0,,0,
CEPO,"Cantor Equity Partners I, Inc.",1,2025-07-17,0,
CEPS,"Cantor Equity Partners VI, Inc.",0,,0,
CEPT,"Cantor Equity Partners II, Inc.",1,2025-10-28,0,
CEPU,CENTRAL PUERTO S.A.,0,,0,
CEPV,"Cantor Equity Partners V, Inc.",0,,0,
CERS,CERUS CORP,0,,0,
CERT,"Certara, Inc.",0,,0,
CET,CENTRAL SECURITIES CORP,0,,0,
CETX,CEMTREX INC,0,,0,
CETY,"Clean Energy Technologies, Inc.",0,,0,
CEV,Eaton Vance California Municipal Income Trust,0,,0,
CEVA,CEVA INC,0,,0,
CF,"CF Industries Holdings, Inc.",0,,0,
CFBK,CF BANKSHARES INC.,0,,0,
CFFI,C & F FINANCIAL CORP,0,,0,
CFFN,"Capitol Federal Financial, Inc.",0,,0,
CFG,CITIZENS FINANCIAL GROUP INC/RI,0,,0,
CFG.PE,CITIZENS FINANCIAL GROUP INC/RI,0,,0,
CFG.PH,CITIZENS FINANCIAL GROUP INC/RI,0,,0,
CFG.PI,CITIZENS FINANCIAL GROUP INC/RI,0,,0,
CFND,C1 Fund Inc.,0,,0,
CFR,"CULLEN/FROST BANKERS, INC.",0,,0,
CFR.PB,"CULLEN/FROST BANKERS, INC.",0,,0,
CFTR.PA,"Cantor Fitzgerald Income Trust, Inc.",0,,0,
CG,Carlyle Group Inc.,0,,0,
CGABL,Carlyle Group Inc.,0,,0,
CGAU,Centerra Gold Inc.,0,,0,
CGBD,"Carlyle Secured Lending, Inc.",0,,0,
CGC,Canopy Growth Corp,0,,0,
CGCT,Factorial Energy Inc.,0,,0,
CGCTU,Factorial Energy Inc.,0,,0,
CGCTW,Factorial Energy Inc.,0,,0,
CGEM,"Cullinan Therapeutics, Inc.",0,,0,
CGEN,COMPUGEN LTD,0,,0,
CGNT,Cognyte Software Ltd.,0,,0,
CGNX,COGNEX CORP,0,,0,
CGO,CALAMOS GLOBAL TOTAL RETURN FUND,0,,0,
CGON,"CG Oncology, Inc.",0,,0,
CGTL,Creative Global Technology Holdings Ltd,0,,0,
CGTX,COGNITION THERAPEUTICS INC,0,,0,
CHA,Chagee Holdings Ltd.,0,,0,
CHAI,"Core AI Holdings, Inc.",0,,0,
CHAR,Charlton Aria Acquisition Corp,0,,0,
CHARR,Charlton Aria Acquisition Corp,0,,0,
CHARU,Charlton Aria Acquisition Corp,0,,0,
CHCI,"Comstock Holding Companies, Inc.",0,,0,
CHCO,CITY HOLDING CO,0,,0,
CHCT,Community Healthcare Trust Inc,0,,0,
CHD,CHURCH & DWIGHT CO INC /DE/,0,,0,
CHDN,Churchill Downs Inc,0,,0,
CHE,CHEMED CORP,0,,0,
CHEC,Chenghe Acquisition III Co.,0,,0,
CHECU,Chenghe Acquisition III Co.,0,,0,
CHECW,Chenghe Acquisition III Co.,0,,0,
CHEF,"Chefs' Warehouse, Inc.",0,,0,
CHGG,"CHEGG, INC",0,,0,
CHH,CHOICE HOTELS INTERNATIONAL INC /DE,0,,0,
CHI,CALAMOS CONVERTIBLE OPPORTUNITIES & INCOME FUND,0,,0,
CHKP,CHECK POINT SOFTWARE TECHNOLOGIES LTD,0,,0,
CHMG,CHEMUNG FINANCIAL CORP,0,,0,
CHMI,Cherry Hill Mortgage Investment Corp,0,,0,
CHMI.PA,Cherry Hill Mortgage Investment Corp,0,,0,
CHMI.PB,Cherry Hill Mortgage Investment Corp,0,,0,
CHNR,CHINA NATURAL RESOURCES INC,0,,0,
CHOW,ChowChow Cloud International Holdings Ltd,0,,0,
CHPG,ChampionsGate Acquisition Corp,0,,0,
CHPGR,ChampionsGate Acquisition Corp,0,,0,
CHPGU,ChampionsGate Acquisition Corp,0,,0,
CHPT,"ChargePoint Holdings, Inc.",0,,0,
CHR,"Cheer Holding, Inc.",0,,0,
CHRD,Chord Energy Corp,0,,0,
CHRN,ChronoScale Corp,0,,0,
CHRS,"Coherus Oncology, Inc.",0,,0,
CHRW,"C. H. ROBINSON WORLDWIDE, INC.",0,,0,
CHSCL,CHS INC,0,,0,
CHSCM,CHS INC,0,,0,
CHSCN,CHS INC,0,,0,
CHSCO,CHS INC,0,,0,
CHSCP,CHS INC,1,2025-12-08,0,
CHSN,Chanson International Holding,0,,0,
CHT,CHUNGHWA TELECOM CO LTD,0,,0,
CHTR,"CHARTER COMMUNICATIONS, INC. /MO/",0,,0,
CHW,Calamos Global Dynamic Income Fund,0,,0,
CHWY,"Chewy, Inc.",0,,0,
CHY,CALAMOS CONVERTIBLE & HIGH INCOME FUND,0,,0,
CHYM,"Chime Financial, Inc.",0,,0,
CI,Cigna Group,0,,0,
CIA,"CITIZENS, INC.",0,,0,
CIB,Grupo Cibest S.A.,0,,0,
CICB,CION Investment Corp,0,,0,
CICC,CION Investment Corp,0,,0,
CIEN,CIENA CORP,0,,0,
CIF,MFS INTERMEDIATE HIGH INCOME FUND,0,,0,
CIFR,Cipher Digital Inc.,0,,0,
CIG,ENERGY CO OF MINAS GERAIS,0,,0,
CIG.C,ENERGY CO OF MINAS GERAIS,0,,0,
CIGI,Colliers International Group Inc.,0,,0,
CII,"BlackRock Enhanced Large Cap Core Fund, Inc.",0,,0,
CIIT,"Tianci International, Inc.",0,,0,
CIK,"CREDIT SUISSE ASSET MANAGEMENT INCOME FUND, INC.",0,,0,
CIM,CHIMERA INVESTMENT CORP,0,,0,
CIM.PA,CHIMERA INVESTMENT CORP,0,,0,
CIM.PB,CHIMERA INVESTMENT CORP,0,,0,
CIM.PC,CHIMERA INVESTMENT CORP,0,,0,
CIM.PD,CHIMERA INVESTMENT CORP,0,,0,
CIMN,CHIMERA INVESTMENT CORP,0,,0,
CIMO,CHIMERA INVESTMENT CORP,0,,0,
CIMP,CHIMERA INVESTMENT CORP,0,,0,
CINF,CINCINNATI FINANCIAL CORP,0,,0,
CING,Cingulate Inc.,0,,0,
CINGW,Cingulate Inc.,0,,0,
CINT,CI&T Inc,0,,0,
CION,CION Investment Corp,0,,0,
CISO,"CISO Global, Inc.",0,,0,
CISS,C3is Inc.,0,,0,
CITR,CitroTech Inc.,0,,0,
CIVB,"CIVISTA BANCSHARES, INC.",0,,0,
CIX,COMPX INTERNATIONAL INC,0,,0,
CJMB,CALLAN JMB INC.,0,,0,
CKX,"CKX LANDS, INC.",0,,0,
CL,COLGATE PALMOLIVE CO,0,,0,
CLAR,Clarus Corp,0,,0,
CLB,Core Laboratories Inc. /DE/,0,,0,
CLBK,"Columbia Financial, Inc.",0,,1,2026-02-02
CLBR,Colombier Acquisition Corp. III,0,,0,
CLBR.UN,Colombier Acquisition Corp. III,0,,0,
CLBR.WT,Colombier Acquisition Corp. III,0,,0,
CLBT,Cellebrite DI Ltd.,0,,0,
CLDI,"Calidi Biotherapeutics, Inc.",0,,0,
CLDT,Chatham Lodging Trust,0,,0,
CLDT.PA,Chatham Lodging Trust,0,,0,
CLDX,"Celldex Therapeutics, Inc.",0,,0,
CLF,CLEVELAND-CLIFFS INC.,0,,0,
CLFD,"Clearfield, Inc.",0,,0,
CLGN,CollPlant Biotechnologies Ltd,0,,0,
CLH,CLEAN HARBORS INC,0,,0,
CLIK,Click Holdings Ltd.,0,,0,
CLIR,ClearSign Technologies Corp,0,,0,
CLLS,Cellectis S.A.,0,,0,
CLM,"Cornerstone Strategic Investment Fund, Inc.",0,,0,
CLMB,"Climb Global Solutions, Inc.",0,,0,
CLMT,"Calumet, Inc. /DE",0,,0,
CLNE,Clean Energy Fuels Corp.,0,,0,
CLNK,Bitwise Chainlink ETF,0,,0,
CLNN,Clene Inc.,0,,0,
CLOV,"CLOVER HEALTH INVESTMENTS, CORP. /DE",0,,0,
CLPR,Clipper Realty Inc.,0,,0,
CLPS,CLPS Inc,0,,0,
CLPT,"ClearPoint Neuro, Inc.",0,,0,
CLRB,"Cellectar Biosciences, Inc.",0,,0,
CLRO,CLEARONE INC,0,,0,
CLS,CELESTICA INC,0,,0,
CLSK,"CLEANSPARK, INC.",0,,0,
CLSKW,"CLEANSPARK, INC.",0,,0,
CLST,"Catalyst Bancorp, Inc.",0,,0,
CLVT,CLARIVATE PLC,0,,0,
CLW,Clearwater Paper Corp,0,,0,
CLWT,EURO TECH HOLDINGS CO LTD,0,,0,
CLX,CLOROX CO /DE/,0,,0,
CLYM,"Climb Bio, Inc.",0,,0,
CM,CANADIAN IMPERIAL BANK OF COMMERCE /CAN/,0,,0,
CMBT,CMB.TECH NV,0,,0,
CMC,COMMERCIAL METALS Co,0,,0,
CMCL,Caledonia Mining Corp Plc,0,,0,
CMCM,Cheetah Mobile Inc.,0,,0,
CMCO,COLUMBUS MCKINNON CORP,0,,0,
CMCSA,COMCAST CORP,0,,0,
CMCT,Creative Media & Community Trust Corp,0,,0,
CMDB,Costamare Bulkers Holdings Ltd,0,,0,
CME,CME GROUP INC.,0,,0,
CMG,CHIPOTLE MEXICAN GRILL INC,0,,0,
CMI,CUMMINS INC,0,,0,
CMII,Columbus Circle Capital Corp II,0,,0,
CMIIU,Columbus Circle Capital Corp II,0,,0,
CMIIW,Columbus Circle Capital Corp II,0,,0,
CMMB,Chemomab Therapeutics Ltd.,0,,0,
CMND,Clearmind Medicine Inc.,0,,0,
CMP,COMPASS MINERALS INTERNATIONAL INC,0,,0,
CMPR,CIMPRESS plc,0,,0,
CMPS,COMPASS Pathways plc,0,,0,
CMPX,"Compass Therapeutics, Inc.",0,,0,
CMRC,"Commerce.com, Inc.",0,,0,
CMRE,Costamare Inc.,0,,0,
CMRE.PB,Costamare Inc.,0,,0,
CMRE.PC,Costamare Inc.,0,,0,
CMRE.PD,Costamare Inc.,0,,0,
CMS,CMS ENERGY CORP,0,,0,
CMS.PB,CONSUMERS ENERGY CO,0,,0,
CMS.PC,CMS ENERGY CORP,0,,0,
CMSA,CMS ENERGY CORP,0,,0,
CMSC,CMS ENERGY CORP,0,,0,
CMSD,CMS ENERGY CORP,0,,0,
CMT,CORE MOLDING TECHNOLOGIES INC,0,,0,
CMTG,"Claros Mortgage Trust, Inc.",0,,0,
CMTL,COMTECH TELECOMMUNICATIONS CORP /DE/,0,,0,
CMTV,COMMUNITY BANCORP /VT,0,,0,
CMU,MFS HIGH YIELD MUNICIPAL TRUST,0,,0,
CNA,CNA FINANCIAL CORP,0,,0,
CNC,CENTENE CORP,0,,0,
CNCK,Coincheck Group N.V.,0,,0,
CNCKW,Coincheck Group N.V.,0,,0,
CNDT,CONDUENT Inc,0,,0,
CNET,ZW Data Action Technologies Inc.,0,,0,
CNEY,CN ENERGY GROUP. INC.,0,,0,
CNF,CNFinance Holdings Ltd.,0,,0,
CNH,CNH Industrial N.V.,0,,0,
CNI,CANADIAN NATIONAL RAILWAY CO,0,,0,
CNK,"Cinemark Holdings, Inc.",0,,0,
CNL,Collective Mining Ltd.,0,,0,
CNM,"Core & Main, Inc.",0,,0,
CNMD,CONMED Corp,0,,0,
CNNE,"Cannae Holdings, Inc.",0,,0,
CNO,"CNO Financial Group, Inc.",0,,0,
CNO.PA,"CNO Financial Group, Inc.",0,,0,
CNOB,"ConnectOne Bancorp, Inc.",0,,0,
CNOBP,"ConnectOne Bancorp, Inc.",0,,0,
CNP,CENTERPOINT ENERGY INC,0,,0,
CNQ,CANADIAN NATURAL RESOURCES LTD,0,,0,
CNR,"Core Natural Resources, Inc.",0,,0,
CNS,"COHEN & STEERS, INC.",0,,0,
CNSP,"CNS Pharmaceuticals, Inc.",0,,0,
CNTA,Centessa Pharmaceuticals plc,0,,0,
CNTB,Connect Biopharma Holdings Ltd,0,,0,
CNTN,"Canton Strategic Holdings, Inc.",0,,0,
CNTX,Context Therapeutics Inc.,0,,0,
CNTY,CENTURY CASINOS INC /CO/,0,,0,
CNVS,Cineverse Corp.,0,,0,
CNX,CNX Resources Corp,0,,0,
CNXC,Concentrix Corp,0,,0,
CNXN,PC CONNECTION INC,0,,0,
CNXU,Conexeu Sciences Inc.,0,,0,
COAG,"Hemab Therapeutics Holdings, Inc.",0,,0,
COCH,"Envoy Medical, Inc.",0,,0,
COCHW,"Envoy Medical, Inc.",0,,0,
COCO,"Vita Coco Company, Inc.",0,,0,
COCP,"Cocrystal Pharma, Inc.",0,,0,
CODA,"Coda Octopus Group, Inc.",0,,0,
CODI,Compass Diversified Holdings,0,,0,
CODI.PA,Compass Diversified Holdings,0,,0,
CODI.PB,Compass Diversified Holdings,0,,0,
CODI.PC,Compass Diversified Holdings,0,,0,
CODX,"Co-Diagnostics, Inc.",0,,0,
COE,51Talk Online Education Group,0,,0,
COF,CAPITAL ONE FINANCIAL CORP,0,,0,
COF.PI,CAPITAL ONE FINANCIAL CORP,0,,0,
COF.PJ,CAPITAL ONE FINANCIAL CORP,0,,0,
COF.PK,CAPITAL ONE FINANCIAL CORP,0,,0,
COF.PL,CAPITAL ONE FINANCIAL CORP,0,,0,
COF.PN,CAPITAL ONE FINANCIAL CORP,0,,0,
COFS,CHOICEONE FINANCIAL SERVICES INC,0,,0,
COGT,"Cogent Biosciences, Inc.",0,,0,
COHN,Cohen & Co Inc.,0,,0,
COHR,COHERENT CORP.,0,,0,
COHU,COHU INC,0,,0,
COIN,"Coinbase Global, Inc.",0,,0,
COKE,"Coca-Cola Consolidated, Inc.",0,,0,
COLA,Columbus Acquisition Corp/Cayman Islands,0,,0,
COLAR,Columbus Acquisition Corp/Cayman Islands,0,,0,
COLAU,Columbus Acquisition Corp/Cayman Islands,0,,0,
COLB,"COLUMBIA BANKING SYSTEM, INC.",0,,0,
COLD,AMERICOLD REALTY TRUST,0,,0,
COLL,"COLLEGIUM PHARMACEUTICAL, INC",0,,0,
COLM,COLUMBIA SPORTSWEAR CO,0,,0,
COMP,"Compass, Inc.",0,,0,
CON,"Concentra Group Holdings Parent, Inc.",0,,0,
COO,"COOPER COMPANIES, INC.",0,,0,
COOK,"Traeger, Inc.",0,,0,
COOT,Australian Oilseeds Holdings Ltd,0,,0,
COOTW,Australian Oilseeds Holdings Ltd,0,,0,
COP,CONOCOPHILLIPS,0,,0,
COPL,Copley Acquisition Corp,0,,0,
COPL.UN,Copley Acquisition Corp,0,,0,
COPL.WT,Copley Acquisition Corp,0,,0,
COR,"Cencora, Inc.",0,,0,
CORN,Teucrium Commodity Trust,0,,0,
CORT,CORCEPT THERAPEUTICS INC,0,,0,
CORZ,"Core Scientific, Inc./tx",0,,0,
CORZW,"Core Scientific, Inc./tx",0,,0,
CORZZ,"Core Scientific, Inc./tx",0,,0,
COSM,Cosmos Health Inc.,0,,0,
COSO,"CoastalSouth Bancshares, Inc.",0,,0,
COST,COSTCO WHOLESALE CORP /NEW,0,,0,
COTY,COTY INC.,0,,0,
COUR,"Coursera, Inc.",0,,0,
COYA,"Coya Therapeutics, Inc.",0,,0,
CP,CANADIAN PACIFIC KANSAS CITY LTD/CN,0,,0,
CPA,"Copa Holdings, S.A.",0,,0,
CPAC,CEMENTOS PACASMAYO SAA,0,,0,
CPAY,"CORPAY, INC.",0,,0,
CPB,CAMPBELL'S Co,0,,0,
CPBI,"Central Plains Bancshares, Inc.",0,,0,
CPER,United States Commodity Index Funds Trust,0,,0,
CPF,CENTRAL PACIFIC FINANCIAL CORP,0,,0,
CPHC,Canterbury Park Holding Corp,0,,0,
CPHI,"CHINA PHARMA HOLDINGS, INC.",0,,0,
CPIX,CUMBERLAND PHARMACEUTICALS INC,0,,0,
CPK,CHESAPEAKE UTILITIES CORP,0,,0,
CPNG,"Coupang, Inc.",0,,0,
CPOP,"Pop Culture Group Co., Ltd",0,,0,
CPRI,Capri Holdings Ltd,0,,0,
CPRT,COPART INC,0,,0,
CPRX,"CATALYST PHARMACEUTICALS, INC.",1,2026-05-07,0,
CPS,Cooper-Standard Holdings Inc.,0,,0,
CPSH,CPS TECHNOLOGIES CORP/DE/,0,,0,
CPSS,"CONSUMER PORTFOLIO SERVICES, INC.",0,,0,
CPT,CAMDEN PROPERTY TRUST,0,,0,
CPZ,Calamos Long/Short Equity & Dynamic Income Trust,0,,0,
CQP,"Cheniere Energy Partners, L.P.",0,,0,
CR,Crane Co,0,,0,
CRAC,Crown Reserve Acquisition Corp. I,0,,0,
CRACR,Crown Reserve Acquisition Corp. I,0,,0,
CRACU,Crown Reserve Acquisition Corp. I,0,,0,
CRACW,Crown Reserve Acquisition Corp. I,0,,0,
CRAI,"CRA INTERNATIONAL, INC.",0,,0,
CRAN,Crane Harbor Acquisition Corp. II,0,,0,
CRANR,Crane Harbor Acquisition Corp. II,0,,0,
CRANU,Crane Harbor Acquisition Corp. II,0,,0,
CRAQ,Cal Redwood Acquisition Corp.,0,,0,
CRAQR,Cal Redwood Acquisition Corp.,0,,0,
CRAQU,Cal Redwood Acquisition Corp.,0,,0,
CRBD,"Corebridge Financial, Inc.",0,,0,
CRBG,"Corebridge Financial, Inc.",0,,1,2026-03-26
CRBP,"Corbus Pharmaceuticals Holdings, Inc.",0,,0,
CRBU,"Caribou Biosciences, Inc.",0,,0,
CRC,California Resources Corp,0,,0,
CRCL,"Circle Internet Group, Inc.",0,,0,
CRCT,"Cricut, Inc.",0,,0,
CRD.A,CRAWFORD & CO,0,,0,
CRD.B,CRAWFORD & CO,0,,0,
CRDF,"Cardiff Oncology, Inc.",0,,0,
CRDL,Cardiol Therapeutics Inc.,0,,0,
CRDO,Credo Technology Group Holding Ltd,0,,0,
CRE,Cre8 Enterprise Ltd,0,,0,
CREG,Smart Powerr Corp.,0,,0,
CRESY,CRESUD INC,0,,0,
CREX,"CREATIVE REALITIES, INC.",0,,0,
CRF,CORNERSTONE TOTAL RETURN FUND INC,0,,0,
CRGO,Freightos Ltd,0,,0,
CRGOW,Freightos Ltd,0,,0,
CRGY,Crescent Energy Co,0,,0,
CRH,CRH PUBLIC LTD CO,0,,0,
CRI,CARTERS INC,0,,0,
CRIS,CURIS INC,0,,0,
CRK,COMSTOCK RESOURCES INC,0,,0,
CRL,"CHARLES RIVER LABORATORIES INTERNATIONAL, INC.",0,,0,
CRM,"Salesforce, Inc.",0,,0,
CRMD,CorMedix Inc.,0,,0,
CRML,Critical Metals Corp.,0,,0,
CRMLW,Critical Metals Corp.,0,,0,
CRMT,AMERICAS CARMART INC,0,,0,
CRNC,Cerence Inc.,0,,0,
CRNT,CERAGON NETWORKS LTD,0,,0,
CRNX,"Crinetics Pharmaceuticals, Inc.",0,,0,
CRON,Cronos Group Inc.,0,,0,
CROX,"Crocs, Inc.",0,,0,
CRS,CARPENTER TECHNOLOGY CORP,0,,0,
CRSP,CRISPR Therapeutics AG,0,,0,
CRSR,"Corsair Gaming, Inc.",0,,0,
CRT,CROSS TIMBERS ROYALTY TRUST,0,,0,
CRTO,Criteo S.A.,0,,0,
CRUS,"CIRRUS LOGIC, INC.",0,,0,
CRVL,CORVEL CORP,0,,0,
CRVO,CervoMed Inc.,0,,0,
CRVS,"Corvus Pharmaceuticals, Inc.",0,,0,
CRWD,"CrowdStrike Holdings, Inc.",0,,0,
CRWS,CROWN CRAFTS INC,0,,0,
CRWV,"CoreWeave, Inc.",0,,0,
CSAI,"CLOUDASTRUCTURE, INC.",0,,0,
CSAN,Cosan S.A.,0,,0,
CSBR,"CHAMPIONS ONCOLOGY, INC.",0,,0,
CSCO,"CISCO SYSTEMS, INC.",0,,0,
CSGP,"COSTAR GROUP, INC.",0,,0,
CSHR,CoinShares PLC,0,,0,
CSHRW,CoinShares PLC,0,,0,
CSIQ,Canadian Solar Inc.,0,,0,
CSL,CARLISLE COMPANIES INC,0,,0,
CSPI,CSP INC /MA/,0,,0,
CSQ,CALAMOS STRATEGIC TOTAL RETURN FUND,0,,0,
CSR,CENTERSPACE,0,,0,
CSTE,Caesarstone Ltd.,0,,0,
CSTL,CASTLE BIOSCIENCES INC,0,,0,
CSTM,CONSTELLIUM SE,0,,0,
CSV,CARRIAGE SERVICES INC,0,,0,
CSW,"CSW INDUSTRIALS, INC.",0,,0,
CSWC,CAPITAL SOUTHWEST CORP,0,,0,
CSX,CSX CORP,0,,0,
CTA.PA,"EIDP, Inc.",0,,0,
CTA.PB,"EIDP, Inc.",0,,0,
CTAA,Clearthink 1 Acquisition Corp.,0,,0,
CTAAR,Clearthink 1 Acquisition Corp.,0,,0,
CTAAU,Clearthink 1 Acquisition Corp.,0,,0,
CTAS,CINTAS CORP,0,,1,2025-12-22
CTBI,COMMUNITY TRUST BANCORP INC /KY/,0,,0,
CTEV,Claritev Corp,0,,0,
CTGO,Contango Silver & Gold Inc.,0,,0,
CTKB,"Cytek Biosciences, Inc.",0,,0,
CTM,"Castellum, Inc.",0,,0,
CTMX,"CytomX Therapeutics, Inc.",0,,0,
CTNM,"Contineum Therapeutics, Inc.",0,,0,
CTNT,CHEETAH NET SUPPLY CHAIN SERVICE INC.,0,,0,
CTO,"CTO Realty Growth, Inc.",0,,0,
CTO.PA,"CTO Realty Growth, Inc.",0,,0,
CTOR,"CITIUS ONCOLOGY, INC.",0,,0,
CTOS,"Custom Truck One Source, Inc.",0,,0,
CTRE,"CareTrust REIT, Inc.",0,,0,
CTRI,"Centuri Holdings, Inc.",0,,0,
CTRM,Castor Maritime Inc.,0,,0,
CTRN,Citi Trends Inc,0,,0,
CTS,CTS CORP,0,,0,
CTSH,COGNIZANT TECHNOLOGY SOLUTIONS CORP,0,,0,
CTSO,Cytosorbents Corp,0,,0,
CTVA,"Corteva, Inc.",0,,0,
CTW,CTW Cayman,0,,0,
CTWO,COTWO ADVISORS PHYSICAL EUROPEAN CARBON ALLOWANCE TRUST,0,,0,
CTXR,"Citius Pharmaceuticals, Inc.",0,,0,
CUB,Lionheart Holdings,0,,0,
CUBB,"Customers Bancorp, Inc.",0,,0,
CUBE,CubeSmart,0,,0,
CUBI,"Customers Bancorp, Inc.",0,,0,
CUBWU,Lionheart Holdings,0,,0,
CUBWW,Lionheart Holdings,0,,0,
CUE,"Cue Biopharma, Inc.",0,,0,
CULP,CULP INC,0,,0,
CUPR,Cuprina Holdings (Cayman) LTD,0,,0,
CURB,Curbline Properties Corp.,0,,0,
CURI,CuriosityStream Inc.,0,,0,
CURR,Currenc Group Inc.,0,,0,
CURV,Torrid Holdings Inc.,0,,0,
CURX,Curanex Pharmaceuticals Inc,0,,0,
CUZ,COUSINS PROPERTIES INC,0,,0,
CV,"CapsoVision, Inc",0,,0,
CVBF,CVB FINANCIAL CORP,0,,0,
CVCO,"CAVCO INDUSTRIES, INC.",0,,0,
CVE,CENOVUS ENERGY INC.,0,,0,
CVEO,Civeo Corp,0,,0,
CVGI,"Commercial Vehicle Group, Inc.",0,,0,
CVI,CVR ENERGY INC,0,,0,
CVKD,"Cadrenal Therapeutics, Inc.",0,,0,
CVLG,"COVENANT LOGISTICS GROUP, INC.",0,,0,
CVLT,COMMVAULT SYSTEMS INC,0,,0,
CVM,CEL SCI CORP,0,,0,
CVNA,CARVANA CO.,0,,0,
CVR,CHICAGO RIVET & MACHINE CO,0,,0,
CVRX,"CVRx, Inc.",0,,0,
CVS,CVS HEALTH Corp,0,,0,
CVSA,Covista Inc.,0,,0,
CVU,CPI AEROSTRUCTURES INC,0,,0,
CVV,CVD EQUIPMENT CORP,0,,0,
CVX,CHEVRON CORP,0,,0,
CW,CURTISS WRIGHT CORP,0,,0,
CWAN,"Clearwater Analytics Holdings, Inc.",1,2025-12-21,0,
CWBC,Community West Bancshares,0,,0,
CWCO,Consolidated Water Co. Ltd.,0,,0,
CWD,CaliberCos Inc.,0,,0,
CWEN,"Clearway Energy, Inc.",0,,0,
CWH,"Camping World Holdings, Inc.",0,,0,
CWK,Cushman & Wakefield Ltd.,0,,0,
CWST,CASELLA WASTE SYSTEMS INC,0,,0,
CWT,CALIFORNIA WATER SERVICE GROUP,0,,0,
CX,CEMEX SAB DE CV,0,,0,
CXAI,CXApp Inc.,0,,0,
CXAIW,CXApp Inc.,0,,0,
CXDO,"Crexendo, Inc.",0,,0,
CXE,MFS HIGH INCOME MUNICIPAL TRUST,0,,0,
CXH,MFS INVESTMENT GRADE MUNICIPAL TRUST,0,,0,
CXIIU,Churchill Capital Corp XII,0,,0,
CXM,"Sprinklr, Inc.",0,,0,
CXT,"Crane NXT, Co.",0,,0,
CXW,"CoreCivic, Inc.",0,,0,
CYAB,"CYABRA, INC.",0,,0,
CYCN,"Cyclerion Therapeutics, Inc.",1,2026-04-01,0,
CYCU,"Cycurion, Inc.",0,,0,
CYCUW,"Cycurion, Inc.",0,,0,
CYD,CHINA YUCHAI INTERNATIONAL LTD,0,,0,
CYH,COMMUNITY HEALTH SYSTEMS INC,0,,0,
CYN,Cyngn Inc.,0,,0,
CYPH,CYPHERPUNK TECHNOLOGIES INC.,0,,0,
CYRX,"Cryoport, Inc.",0,,0,
CYTK,CYTOKINETICS INC,0,,0,
CZFS,CITIZENS FINANCIAL SERVICES INC,0,,0,
CZNC,CITIZENS & NORTHERN CORP,0,,0,
CZR,"Caesars Entertainment, Inc.",1,2026-05-28,0,
CZWI,Citizens Community Bancorp Inc.,0,,0,
D,"DOMINION ENERGY, INC",1,2026-05-18,0,
DAAQ,Digital Asset Acquisition Corp.,1,2026-01-13,0,
DAAQU,Digital Asset Acquisition Corp.,0,,0,
DAAQW,Digital Asset Acquisition Corp.,0,,0,
DAC,Danaos Corp,0,,0,
DAIC,"CID Holdco, Inc.",0,,0,
DAICW,"CID Holdco, Inc.",0,,0,
DAIO,DATA I/O CORP,0,,0,
DAKT,DAKTRONICS INC /SD/,0,,0,
DAL,"DELTA AIR LINES, INC.",0,,0,
DAN,DANA Inc,0,,0,
DAO,"Youdao, Inc.",0,,0,
DAR,DARLING INGREDIENTS INC.,0,,0,
DARE,"Dare Bioscience, Inc.",0,,0,
DASH,"DoorDash, Inc.",0,,0,
DAVA,Endava plc,0,,0,
DAVE,Dave Inc./DE,0,,0,
DAVEW,Dave Inc./DE,0,,0,
DB,DEUTSCHE BANK AKTIENGESELLSCHAFT,0,,0,
DBA,INVESCO DB AGRICULTURE FUND,0,,0,
DBB,INVESCO DB BASE METALS FUND,0,,0,
DBC,Invesco DB Commodity Index Tracking Fund,0,,0,
DBCA,D. Boral Acquisition I Corp.,0,,0,
DBCAU,D. Boral Acquisition I Corp.,0,,0,
DBCAW,D. Boral Acquisition I Corp.,0,,0,
DBD,"DIEBOLD NIXDORF, Inc",0,,0,
DBE,Invesco DB Energy Fund,0,,0,
DBGI,"Digital Brands Group, Inc.",0,,0,
DBI,Designer Brands Inc.,0,,0,
DBL,DoubleLine Opportunistic Credit Fund,0,,0,
DBO,Invesco DB Oil Fund,0,,0,
DBP,Invesco DB Precious Metals Fund,0,,0,
DBRG,"DigitalBridge Group, Inc.",1,2025-12-29,0,
DBRG.PH,"DigitalBridge Group, Inc.",0,,0,
DBRG.PI,"DigitalBridge Group, Inc.",0,,0,
DBRG.PJ,"DigitalBridge Group, Inc.",0,,0,
DBVT,DBV Technologies S.A.,0,,0,
DBX,"DROPBOX, INC.",0,,0,
DC,Dakota Gold Corp.,0,,0,
DCBG,"Dime Commercial Bancshares, Inc. /NY/",0,,0,
DCBO,Docebo Inc.,0,,0,
DCGO,DocGo Inc.,0,,0,
DCH,Dauch Corp,0,,0,
DCI,DONALDSON Co INC,0,,0,
DCO,DUCOMMUN INC /DE/,0,,0,
DCOM,"Dime Commercial Bancshares, Inc. /NY/",0,,0,
DCOM.P,"Dime Commercial Bancshares, Inc. /NY/",0,,0,
DCOY,Decoy Therapeutics Inc.,0,,0,
DCTH,"DELCATH SYSTEMS, INC.",0,,0,
DCX,Digital Currency X Technology Inc.,0,,0,
DD,"DuPont de Nemours, Inc.",0,,0,
DDC,DDC Enterprise Ltd,0,,0,
DDD,3D SYSTEMS CORP,0,,0,
DDI,"DoubleDown Interactive Co., Ltd.",0,,0,
DDL,Dingdong (Cayman) Ltd,0,,0,
DDOG,"Datadog, Inc.",0,,0,
DDS,"DILLARD'S, INC.",0,,0,
DDT,"DILLARD'S, INC.",0,,0,
DE,DEERE & CO,0,,0,
DEA,"Easterly Government Properties, Inc.",0,,0,
DEC,Diversified Energy Co,0,,0,
DECK,DECKERS OUTDOOR CORP,0,,0,
DEFI,Hashdex Commodities Trust,0,,0,
DEFT,"Defi Technologies, Inc.",0,,0,
DEI,Douglas Emmett Inc,0,,0,
DELL,Dell Technologies Inc.,0,,0,
DEO,DIAGEO PLC,0,,0,
DERM,Journey Medical Corp,0,,0,
DETX,"LIBERTY DEFENSE HOLDINGS, LTD.",0,,0,
DEVS,DevvStream Corp.,0,,0,
DFDV,DeFi Development Corp.,0,,0,
DFDVW,DeFi Development Corp.,0,,0,
DFH,"Dream Finders Homes, Inc.",0,,0,
DFIN,"Donnelley Financial Solutions, Inc.",0,,0,
DFLI,Dragonfly Energy Holdings Corp.,0,,0,
DFLIW,Dragonfly Energy Holdings Corp.,0,,0,
DFNS,T3 Defense Inc.,0,,0,
DFNSW,T3 Defense Inc.,0,,0,
DFP,Flaherty & Crumrine Dynamic Preferred & Income Fund Inc,0,,0,
DFSC,DEFSEC Technologies Inc.,0,,0,
DFSCW,DEFSEC Technologies Inc.,0,,0,
DFTX,"Definium Therapeutics, Inc.",0,,0,
DG,DOLLAR GENERAL CORP,0,,0,
DGAC.UN,DISCIPLINED GROWTH ACQUISITION Corp,0,,0,
DGICA,DONEGAL GROUP INC,0,,0,
DGICB,DONEGAL GROUP INC,0,,0,
DGII,DIGI INTERNATIONAL INC,0,,0,
DGNX,Diginex Ltd,0,,0,
DGP,DEUTSCHE BANK AKTIENGESELLSCHAFT,0,,0,
DGX,QUEST DIAGNOSTICS INC,0,,0,
DGXX,Digi Power X Inc.,0,,0,
DGZ,DEUTSCHE BANK AKTIENGESELLSCHAFT,0,,0,
DH,Definitive Healthcare Corp.,0,,0,
DHC,DIVERSIFIED HEALTHCARE TRUST,0,,0,
DHCNI,DIVERSIFIED HEALTHCARE TRUST,0,,0,
DHCNL,DIVERSIFIED HEALTHCARE TRUST,0,,0,
DHF,BNY MELLON HIGH YIELD STRATEGIES FUND,0,,0,
DHI,HORTON D R INC /DE/,0,,0,
DHR,DANAHER CORP /DE/,0,,1,2026-02-17
DHT,"DHT Holdings, Inc.",0,,0,
DHX,"DHI GROUP, INC.",0,,0,
DHY,CREDIT SUISSE HIGH YIELD CREDIT FUND,0,,0,
DIA,SPDR DOW JONES INDUSTRIAL AVERAGE ETF TRUST,0,,0,
DIBS,"1stdibs.com, Inc.",0,,0,
DIN,"Dine Brands Global, Inc.",0,,0,
DINO,HF Sinclair Corp,0,,0,
DIOD,DIODES INC /DEL/,0,,0,
DIS,Walt Disney Co,0,,0,
DIT,AMCON DISTRIBUTING CO,0,,0,
DJCO,DAILY JOURNAL CORP,0,,0,
DJP,BARCLAYS BANK PLC,0,,0,
DJT,Trump Media & Technology Group Corp.,0,,0,
DJTWW,Trump Media & Technology Group Corp.,0,,0,
DK,"Delek US Holdings, Inc.",0,,0,
DKI,DarkIris Inc.,0,,0,
DKL,"Delek Logistics Partners, LP",0,,0,
DKNG,DraftKings Inc.,0,,0,
DKS,"DICK'S SPORTING GOODS, INC.",0,,0,
DLB,"Dolby Laboratories, Inc.",0,,0,
DLHC,DLH Holdings Corp.,0,,0,
DLNG,Dynagas LNG Partners LP,0,,0,
DLNG.PA,Dynagas LNG Partners LP,0,,0,
DLO,dLocal Ltd,0,,0,
DLPN,"Dolphin Entertainment, Inc.",0,,0,
DLR,"DIGITAL REALTY TRUST, INC.",0,,0,
DLR.PJ,"DIGITAL REALTY TRUST, INC.",0,,0,
DLR.PK,"DIGITAL REALTY TRUST, INC.",0,,0,
DLR.PL,"DIGITAL REALTY TRUST, INC.",0,,0,
DLTH,DULUTH HOLDINGS INC.,0,,0,
DLTR,"DOLLAR TREE, INC.",0,,0,
DLX,DELUXE CORP,0,,0,
DLXY,Delixy Holdings Ltd,0,,0,
DLY,DoubleLine Yield Opportunities Fund,0,,0,
DMA,Destra Multi-Alternative Fund,0,,0,
DMAA,Drugs Made In America Acquisition Corp.,1,2026-04-08,0,
DMAAR,Drugs Made In America Acquisition Corp.,0,,0,
DMAAU,Drugs Made In America Acquisition Corp.,0,,0,
DMAC,DiaMedica Therapeutics Inc.,0,,0,
DMB,"BNY Mellon Municipal Bond Infrastructure Fund, Inc.",0,,0,
DMII,Drugs Made In America Acquisition II Corp.,0,,0,
DMIIR,Drugs Made In America Acquisition II Corp.,0,,0,
DMIIU,Drugs Made In America Acquisition II Corp.,0,,0,
DMLP,"DORCHESTER MINERALS, L.P.",0,,0,
DMO,Western Asset Mortgage Opportunity Fund Inc.,0,,0,
DMRA,"Damora Therapeutics, Inc.",1,2025-11-10,0,
DMRC,Digimarc Corp,0,,0,
DNA,"Ginkgo Bioworks Holdings, Inc.",0,,0,
DNLI,Denali Therapeutics Inc.,0,,0,
DNMX,Dynamix Corp III,0,,0,
DNMXU,Dynamix Corp III,0,,0,
DNMXW,Dynamix Corp III,0,,0,
DNN,DENISON MINES CORP.,0,,0,
DNOW,DNOW Inc.,0,,0,
DNP,DNP SELECT INCOME FUND INC,0,,0,
DNTH,"Dianthus Therapeutics, Inc. /DE/",0,,0,
DNUT,"Krispy Kreme, Inc.",0,,0,
DOC,"HEALTHPEAK PROPERTIES, INC.",0,,0,
DOCN,"DigitalOcean Holdings, Inc.",0,,0,
DOCS,"Doximity, Inc.",0,,0,
DOCU,"DOCUSIGN, INC.",0,,0,
DOGZ,Dogness (International) Corp,0,,0,
DOLE,Dole plc,0,,0,
DOMH,Dominari Holdings Inc.,0,,0,
DOMO,"DOMO, INC.",0,,0,
DOO,BRP Inc.,0,,0,
DORM,"Dorman Products, Inc.",0,,0,
DOUG,Douglas Elliman Inc.,0,,0,
DOV,DOVER Corp,0,,0,
DOW,DOW INC.,0,,0,
DOX,AMDOCS LTD,0,,0,
DOYU,DouYu International Holdings Ltd,0,,0,
DPG,Duff & Phelps Utility & Infrastructure Fund Inc.,0,,0,
DPRO,Draganfly Inc.,0,,0,
DPZ,DOMINOS PIZZA INC,0,,0,
DQ,DAQO NEW ENERGY CORP.,0,,0,
DRCT,"Direct Digital Holdings, Inc.",0,,0,
DRD,DRDGOLD LTD,0,,0,
DRDB,Roman DBDR Acquisition Corp. II,1,2026-02-27,0,
DRDBU,Roman DBDR Acquisition Corp. II,0,,0,
DRDBW,Roman DBDR Acquisition Corp. II,0,,0,
DRH,DiamondRock Hospitality Co,0,,0,
DRI,DARDEN RESTAURANTS INC,0,,0,
DRIO,DarioHealth Corp.,0,,0,
DRMA,"Dermata Therapeutics, Inc.",0,,0,
DRMAW,"Dermata Therapeutics, Inc.",0,,0,
DRS,"Leonardo DRS, Inc.",0,,0,
DRTS,Alpha Tau Medical Ltd.,0,,0,
DRTSW,Alpha Tau Medical Ltd.,0,,0,
DRUG,BRIGHT MINDS BIOSCIENCES INC.,0,,0,
DRVN,Driven Brands Holdings Inc.,1,2026-04-30,0,
DSAC,Daedalus Special Acquisition Corp.,0,,0,
DSACU,Daedalus Special Acquisition Corp.,0,,0,
DSACW,Daedalus Special Acquisition Corp.,0,,0,
DSGN,"Design Therapeutics, Inc.",0,,0,
DSGR,"Distribution Solutions Group, Inc.",0,,0,
DSGX,DESCARTES SYSTEMS GROUP INC,0,,0,
DSL,DoubleLine Income Solutions Fund,0,,0,
DSM,"BNY MELLON STRATEGIC MUNICIPAL BOND FUND, INC.",0,,0,
DSP,Viant Technology Inc.,0,,0,
DSS,"DSS, INC.",0,,0,
DSU,"BLACKROCK DEBT STRATEGIES FUND, INC.",0,,0,
DSWL,DESWELL INDUSTRIES INC,0,,0,
DSX,DIANA SHIPPING INC.,0,,0,
DSX.PB,DIANA SHIPPING INC.,0,,0,
DSX.WT,DIANA SHIPPING INC.,0,,0,
DSY,Big Tree Cloud Holdings Ltd,0,,0,
DSYWW,Big Tree Cloud Holdings Ltd,0,,0,
DT,"Dynatrace, Inc.",0,,0,
DTB,DTE ENERGY CO,0,,0,
DTCX,"Datacentrex, Inc.",0,,0,
DTE,DTE ENERGY CO,0,,0,
DTF,DTF TAX-FREE INCOME 2028 TERM FUND INC,0,,0,
DTG,DTE ENERGY CO,0,,0,
DTI,Drilling Tools International Corp,0,,0,
DTIL,PRECISION BIOSCIENCES INC,0,,0,
DTK,DTE ENERGY CO,0,,0,
DTM,"DT Midstream, Inc.",0,,0,
DTSQ,DT Cloud Star Acquisition Corp,1,2026-02-04,0,
DTSQR,DT Cloud Star Acquisition Corp,0,,0,
DTSQU,DT Cloud Star Acquisition Corp,0,,0,
DTSS,Datasea Intelligent Technology Ltd.,0,,0,
DTST,Data Storage Corp,0,,0,
DTW,DTE ENERGY CO,0,,0,
DUK,Duke Energy CORP,0,,0,
DUK.PA,Duke Energy CORP,0,,0,
DUKB,Duke Energy CORP,0,,0,
DUKR,DUKE Robotics Corp.,0,,0,
DUKRW,DUKE Robotics Corp.,0,,0,
DULL,BANK OF MONTREAL /CAN/,0,,0,
DUO,Fangdd Network Group Ltd.,0,,0,
DUOL,"Duolingo, Inc.",0,,0,
DUOT,"DUOS TECHNOLOGIES GROUP, INC.",0,,0,
DV,"DoubleVerify Holdings, Inc.",0,,0,
DVA,DAVITA INC.,0,,0,
DVLT,Datavault AI Inc.,0,,0,
DVN,DEVON ENERGY CORP/DE,0,,0,
DWSN,DAWSON GEOPHYSICAL CO,0,,0,
DWTX,"Dogwood Therapeutics, Inc.",0,,0,
DX,DYNEX CAPITAL INC,0,,0,
DX.PC,DYNEX CAPITAL INC,0,,0,
DXC,DXC Technology Co,0,,0,
DXCM,DEXCOM INC,0,,0,
DXF,Eason Technology Ltd,0,,0,
DXLG,"DESTINATION XL GROUP, INC.",2,2025-12-11,0,
DXPE,DXP ENTERPRISES INC,0,,0,
DXR,DAXOR CORP,0,,0,
DXST,Decent Holding Inc.,1,2025-06-20,0,
DXYZ,Destiny Tech100 Inc.,0,,0,
DY,DYCOM INDUSTRIES INC,0,,0,
DYAI,DYADIC INTERNATIONAL INC,0,,0,
DYN,"Dyne Therapeutics, Inc.",0,,0,
DYNC,Dynamix Corp,0,,0,
DYNCU,Dynamix Corp,0,,0,
DYNCW,Dynamix Corp,0,,0,
DYOR,Insight Digital Partners II,0,,0,
DYORU,Insight Digital Partners II,0,,0,
DYORW,Insight Digital Partners II,0,,0,
DZZ,DEUTSCHE BANK AKTIENGESELLSCHAFT,0,,0,
E,ENI SPA,0,,0,
EA,ELECTRONIC ARTS INC.,1,2025-09-29,0,
EAD,ALLSPRING INCOME OPPORTUNITIES FUND,0,,0,
EAF,GRAFTECH INTERNATIONAL LTD,0,,0,
EAI,"ENTERGY ARKANSAS, LLC",0,,0,
EARN,Ellington Credit Co,0,,0,
EAT,"BRINKER INTERNATIONAL, INC",0,,0,
EBAY,EBAY INC,0,,0,
EBC,"Eastern Bankshares, Inc.",0,,0,
EBF,"ENNIS, INC.",0,,0,
EBMT,"Eagle Bancorp Montana, Inc.",0,,0,
EBON,Ebang International Holdings Inc.,0,,0,
EBS,Emergent BioSolutions Inc.,0,,0,
EC,ECOPETROL S.A.,0,,0,
ECAT,BlackRock ESG Capital Allocation Term Trust,0,,0,
ECBK,"ECB Bancorp, Inc. /MD/",0,,0,
ECC,Eagle Point Credit Co,0,,0,
ECC.PD,Eagle Point Credit Co,0,,0,
ECCC,Eagle Point Credit Co,0,,0,
ECCU,Eagle Point Credit Co,0,,0,
ECCV,Eagle Point Credit Co,0,,0,
ECF,ELLSWORTH GROWTH & INCOME FUND LTD,0,,0,
ECF.PA,ELLSWORTH GROWTH & INCOME FUND LTD,0,,0,
ECG,"Everus Construction Group, Inc.",0,,0,
ECL,ECOLAB INC.,0,,0,
ECO,Okeanis Eco Tankers Corp.,0,,0,
ECOR,"electroCore, Inc.",0,,0,
ECPG,ENCORE CAPITAL GROUP INC,0,,0,
ECVT,Ecovyst Inc.,0,,0,
ECX,ECARX Holdings Inc.,0,,0,
ECXWW,ECARX Holdings Inc.,0,,0,
ED,CONSOLIDATED EDISON INC,0,,0,
EDBL,Edible Garden AG Inc,0,,0,
EDBLW,Edible Garden AG Inc,0,,0,
EDD,"Morgan Stanley Emerging Markets Domestic Debt Fund, Inc.",0,,0,
EDF,Virtus Stone Harbor Emerging Markets Income Fund,0,,0,
EDHL,Everbright Digital Holding Ltd.,0,,0,
EDIT,"Editas Medicine, Inc.",0,,0,
EDN,EDENOR,0,,0,
EDRY,EuroDry Ltd.,0,,0,
EDSA,"Edesa Biotech, Inc.",0,,0,
EDTK,Skillful Craftsman Education Technology Ltd,0,,0,
EDU,New Oriental Education & Technology Group Inc.,0,,0,
EDUC,EDUCATIONAL DEVELOPMENT CORP,0,,0,
EE,"Excelerate Energy, Inc.",0,,0,
EEA,"EUROPEAN EQUITY FUND, INC / MD",0,,0,
EEFT,"EURONET WORLDWIDE, INC.",0,,0,
EEIQ,EpicQuest Education Group International Ltd,0,,0,
EEX,"Emerald Holding, Inc.",1,2026-05-11,0,
EFC,Ellington Financial Inc.,0,,0,
EFC.PB,Ellington Financial Inc.,0,,0,
EFC.PC,Ellington Financial Inc.,0,,0,
EFC.PD,Ellington Financial Inc.,0,,0,
EFOI,"ENERGY FOCUS, INC/DE",0,,0,
EFOR,Everforth Inc,0,,0,
EFR,Eaton Vance Senior Floating-Rate Trust,0,,0,
EFSC,ENTERPRISE FINANCIAL SERVICES CORP,0,,0,
EFSCP,ENTERPRISE FINANCIAL SERVICES CORP,0,,0,
EFSI,EAGLE FINANCIAL SERVICES INC,0,,0,
EFT,Eaton Vance Floating-Rate Income Trust,0,,0,
EFTY,"ETOILES CAPITAL GROUP CO., LTD",0,,0,
EFX,EQUIFAX INC,0,,0,
EFXT,Enerflex Ltd.,0,,0,
EG,"EVEREST GROUP, LTD.",0,,0,
EGAN,EGAIN Corp,0,,0,
EGBN,EAGLE BANCORP INC,0,,0,
EGG,ENIGMATIG LTD,0,,0,
EGHA,EGH Acquisition Corp.,1,2026-01-22,0,
EGHAR,EGH Acquisition Corp.,0,,0,
EGHAU,EGH Acquisition Corp.,0,,0,
EGHT,8X8 INC /DE/,0,,0,
EGO,ELDORADO GOLD CORP /FI,0,,0,
EGP,EASTGROUP PROPERTIES INC,0,,0,
EGY,VAALCO ENERGY INC /DE/,0,,0,
EH,EHang Holdings Ltd,0,,0,
EHC,Encompass Health Corp,0,,0,
EHGO,EShallGo Inc.,0,,0,
EHI,WESTERN ASSET GLOBAL HIGH INCOME FUND INC.,0,,0,
EHLD,Euroholdings Ltd.,0,,0,
EHTH,"eHealth, Inc.",0,,0,
EIC,Eagle Point Income Co Inc.,0,,0,
EICA,Eagle Point Income Co Inc.,0,,0,
EIG,"Employers Holdings, Inc.",0,,0,
EIIA,Eagle Point Institutional Income Fund,0,,0,
EIKN,"Eikon Therapeutics, Inc.",0,,0,
EIM,Eaton Vance Municipal Bond Fund,0,,0,
EIX,EDISON INTERNATIONAL,0,,0,
EJH,E-Home Household Service Holdings Ltd,0,,0,
EL,ESTEE LAUDER COMPANIES INC,0,,0,
ELA,Envela Corp,0,,0,
ELAB,PMGC Holdings Inc.,0,,0,
ELAN,Elanco Animal Health Inc,0,,0,
ELBM,Electra Battery Materials Corp,0,,0,
ELC,"ENTERGY LOUISIANA, LLC",0,,0,
ELDN,"Eledon Pharmaceuticals, Inc.",0,,0,
ELE,Elemental Royalty Corp,0,,0,
ELF,"e.l.f. Beauty, Inc.",0,,0,
ELLA,Ellington Credit Co,0,,0,
ELLO,Ellomay Capital Ltd.,0,,0,
ELMD,"Electromed, Inc.",0,,0,
ELME,Elme Communities,0,,0,
ELMT,Elmet Group Co.,0,,0,
ELOG,Eastern International Ltd.,0,,0,
ELOX,"Eloxx Pharmaceuticals, Inc.",0,,0,
ELPC,ENERGY CO OF PARANA,0,,0,
ELPW,Elong Power Holding Ltd.,0,,0,
ELS,EQUITY LIFESTYLE PROPERTIES INC,0,,0,
ELSE,ELECTRO SENSORS INC,1,2026-04-21,0,
ELTK,ELTEK LTD,0,,0,
ELTX,"Elicio Therapeutics, Inc.",0,,0,
ELUT,ELUTIA INC.,0,,0,
ELV,"Elevance Health, Inc.",0,,0,
ELVA,Electrovaya Inc.,0,,0,
ELVN,"Enliven Therapeutics, Inc.",0,,0,
ELVR,Elevra Lithium Ltd,0,,0,
ELWT,"Elauwit Connection, Inc.",0,,0,
EMA,EMERA INC,0,,0,
EMAT,Evolution Metals & Technologies Corp.,0,,0,
EMBC,Embecta Corp.,0,,0,
EMBJ,EMBRAER S.A.,0,,0,
EMD,WESTERN ASSET EMERGING MARKETS DEBT FUND INC.,0,,0,
EME,"EMCOR Group, Inc.",0,,0,
EMF,TEMPLETON EMERGING MARKETS FUND,0,,0,
EMIS,Emmis Acquisition Corp.,0,,0,
EMISR,Emmis Acquisition Corp.,0,,0,
EML,EASTERN CO,0,,0,
EMN,EASTMAN CHEMICAL CO,0,,0,
EMO,ClearBridge Energy Midstream Opportunity Fund Inc.,0,,0,
EMP,"ENTERGY MISSISSIPPI, LLC",0,,0,
EMPD,Empery Digital Inc.,0,,0,
EMPG,Empro Group Inc.,0,,0,
EMR,EMERSON ELECTRIC CO,0,,0,
ENB,ENBRIDGE INC,0,,0,
ENGN,enGene Therapeutics Inc.,0,,0,
ENGNW,enGene Therapeutics Inc.,0,,0,
ENGS,Energys Group Ltd,0,,0,
ENHA,Enhanced Group Inc.,0,,0,
ENIC,Enel Chile S.A.,0,,0,
ENJ,"ENTERGY NEW ORLEANS, LLC",0,,0,
ENLT,Enlight Renewable Energy Ltd.,0,,0,
ENLV,Enlivex Ltd.,0,,0,
ENO,"ENTERGY NEW ORLEANS, LLC",0,,0,
ENOV,Enovis CORP,0,,0,
ENPH,"Enphase Energy, Inc.",0,,0,
ENR,"ENERGIZER HOLDINGS, INC.",0,,0,
ENRD,Einride AB,0,,1,2025-11-12
ENRDW,Einride AB,0,,0,
ENS,EnerSys,0,,0,
ENSC,"Ensysce Biosciences, Inc.",0,,0,
ENSG,"ENSIGN GROUP, INC",0,,0,
ENTA,ENANTA PHARMACEUTICALS INC,0,,0,
ENTG,ENTEGRIS INC,0,,0,
ENTX,Entera Bio Ltd.,0,,0,
ENVA,"Enova International, Inc.",0,,0,
ENVB,"Enveric Biosciences, Inc.",0,,0,
ENVX,Enovix Corp,0,,0,
EOD,ALLSPRING GLOBAL DIVIDEND OPPORTUNITY FUND,0,,0,
EOG,EOG RESOURCES INC,0,,0,
EOI,Eaton Vance Enhanced Equity Income Fund,0,,0,
EOLS,"Evolus, Inc.",0,,0,
EONR,EON Resources Inc.,0,,0,
EONR.WT,EON Resources Inc.,0,,0,
EOS,Eaton Vance Enhanced Equity Income Fund II,0,,0,
EOSE,"Eos Energy Enterprises, Inc.",0,,0,
EOT,Eaton Vance National Municipal Opportunities Trust,0,,0,
EP,EMPIRE PETROLEUM CORP,0,,0,
EP.PC,"KINDER MORGAN, INC.",0,,0,
EPAC,ENERPAC TOOL GROUP CORP,0,,0,
EPAM,"EPAM Systems, Inc.",0,,0,
EPC,EDGEWELL PERSONAL CARE Co,0,,0,
EPD,ENTERPRISE PRODUCTS PARTNERS L.P.,0,,0,
EPM,EVOLUTION PETROLEUM CORP,0,,0,
EPOW,E-Power Inc.,0,,0,
EPR,EPR PROPERTIES,0,,0,
EPR.PC,EPR PROPERTIES,0,,0,
EPR.PE,EPR PROPERTIES,0,,0,
EPR.PG,EPR PROPERTIES,0,,0,
EPRT,"ESSENTIAL PROPERTIES REALTY TRUST, INC.",0,,0,
EPRX,EUPRAXIA PHARMACEUTICALS INC.,0,,0,
EPSM,Epsium Enterprise Ltd,0,,0,
EPSN,Epsilon Energy Ltd.,0,,0,
EQ,"Equillium, Inc.",0,,0,
EQBK,EQUITY BANCSHARES INC,0,,1,2025-09-02
EQH,"Equitable Holdings, Inc.",1,2026-03-26,0,
EQH.PA,"Equitable Holdings, Inc.",0,,0,
EQH.PC,"Equitable Holdings, Inc.",0,,0,
EQIX,EQUINIX INC,0,,0,
EQNR,EQUINOR ASA,0,,0,
EQPT,EquipmentShare.com Inc,0,,0,
EQR,EQUITY RESIDENTIAL,0,,1,2026-05-21
EQS,"EQUUS TOTAL RETURN, INC.",0,,0,
EQT,EQT Corp,0,,0,
EQX,Equinox Gold Corp.,0,,0,
ERAS,"Erasca, Inc.",0,,0,
ERC,ALLSPRING MULTI-SECTOR INCOME FUND,0,,0,
ERH,ALLSPRING UTILITIES & HIGH INCOME FUND,0,,0,
ERIC,ERICSSON LM TELEPHONE CO,0,,0,
ERIE,ERIE INDEMNITY CO,0,,0,
ERII,"Energy Recovery, Inc.",0,,0,
ERNA,Ernexa Therapeutics Inc.,0,,0,
ERNAW,Ernexa Therapeutics Inc.,0,,0,
ERO,Ero Copper Corp.,0,,0,
EROC,"ERock, Inc.",0,,0,
EROK,"EagleRock Land, LLC",0,,0,
ES,EVERSOURCE ENERGY,0,,0,
ESAB,ESAB Corp,0,,0,
ESBA,"Empire State Realty OP, L.P.",0,,0,
ESCA,ESCALADE INC,0,,0,
ESE,ESCO TECHNOLOGIES INC,0,,0,
ESEA,EUROSEAS LTD.,0,,0,
ESI,Element Solutions Inc,0,,0,
ESLA,"Estrella Immunopharma, Inc.",0,,0,
ESLAW,"Estrella Immunopharma, Inc.",0,,0,
ESLT,ELBIT SYSTEMS LTD,0,,0,
ESNT,Essent Group Ltd.,0,,0,
ESOA,Energy Services of America CORP,0,,0,
ESP,ESPEY MFG & ELECTRONICS CORP,0,,0,
ESPR,"Esperion Therapeutics, Inc.",1,2026-05-01,0,
ESQ,"Esquire Financial Holdings, Inc.",0,,0,
ESRT,"Empire State Realty Trust, Inc.",0,,0,
ESS,"ESSEX PROPERTY TRUST, INC.",0,,0,
ESTA,ESTABLISHMENT LABS HOLDINGS INC.,0,,0,
ESTC,Elastic N.V.,0,,0,
ET,Energy Transfer LP,0,,0,
ET.PI,Energy Transfer LP,0,,0,
ETB,Eaton Vance Tax-Managed Buy-Write Income Fund,0,,0,
ETD,ETHAN ALLEN INTERIORS INC,0,,0,
ETG,Eaton Vance Tax-Advantaged Global Dividend Income Fund,0,,0,
ETH,Grayscale Ethereum Staking Mini ETF,0,,0,
ETHA,iShares Ethereum Trust ETF,0,,0,
ETHB,iShares Staked Ethereum Trust ETF,0,,0,
ETHE,Grayscale Ethereum Staking ETF,0,,0,
ETHW,Bitwise Ethereum ETF,0,,0,
ETI.P,"ENTERGY TEXAS, INC.",0,,0,
ETJ,Eaton Vance Risk-Managed Diversified Equity Income Fund,0,,0,
ETN,Eaton Corp plc,0,,0,
ETO,Eaton Vance Tax-Advantaged Global Dividend Opportunities Fund,0,,0,
ETON,"Eton Pharmaceuticals, Inc.",0,,0,
ETOR,eToro Group Ltd.,0,,0,
ETR,ENTERGY CORP /DE/,0,,0,
ETS,Elite Express Holding Inc.,0,,0,
ETSS,Energy Transition Special Opportunities,0,,0,
ETSS.UN,Energy Transition Special Opportunities,0,,0,
ETSS.WT,Energy Transition Special Opportunities,0,,0,
ETSY,ETSY INC,0,,0,
ETV,Eaton Vance Tax-Managed Buy-Write Opportunities Fund,0,,0,
ETW,Eaton Vance Tax-Managed Global Buy-Write Opportunities Fund,0,,0,
ETX,Eaton Vance Municipal Income 2028 Term Trust,0,,0,
ETY,Eaton Vance Tax-Managed Diversified Equity Income Fund,0,,0,
EU,enCore Energy Corp.,0,,0,
EUDA,EUDA Health Holdings Ltd,0,,0,
EUDAW,EUDA Health Holdings Ltd,0,,0,
EUO,ProShares Trust II,0,,0,
EURK,Eureka Acquisition Corp,0,,0,
EURKR,Eureka Acquisition Corp,0,,0,
EURKU,Eureka Acquisition Corp,0,,0,
EVAC,EQV Ventures Acquisition Corp. II,0,,0,
EVAC.UN,EQV Ventures Acquisition Corp. II,0,,0,
EVAC.WT,EQV Ventures Acquisition Corp. II,0,,0,
EVAX,Evaxion A/S,0,,0,
EVC,ENTRAVISION COMMUNICATIONS CORP,0,,0,
EVCM,EverCommerce Inc.,0,,0,
EVER,"EverQuote, Inc.",0,,0,
EVEX,"Eve Holding, Inc.",0,,0,
EVEX.WT,"Eve Holding, Inc.",0,,0,
EVF,Eaton Vance Senior Income Trust,0,,0,
EVG,Eaton Vance Short Duration Diversified Income Fund,0,,0,
EVGN,Evogene Ltd.,0,,0,
EVGO,EVgo Inc.,0,,0,
EVGOW,EVgo Inc.,0,,0,
EVH,"Evolent Health, Inc.",0,,0,
EVI,"EVI INDUSTRIES, INC.",0,,0,
EVLV,"Evolv Technologies Holdings, Inc.",0,,0,
EVLVW,"Evolv Technologies Holdings, Inc.",0,,0,
EVMN,"Evommune, Inc.",0,,0,
EVN,Eaton Vance Municipal Income Trust,0,,0,
EVO,Evotec SE,0,,0,
EVOX,Evolution Global Acquisition Corp,0,,0,
EVOXU,Evolution Global Acquisition Corp,0,,0,
EVOXW,Evolution Global Acquisition Corp,0,,0,
EVR,Evercore Inc.,0,,0,
EVRG,"Evergy, Inc.",0,,0,
EVT,Eaton Vance Tax-Advantaged Dividend Income Fund,0,,0,
EVTC,"EVERTEC, Inc.",0,,0,
EVTL,Vertical Aerospace Ltd.,0,,0,
EVTV,"Envirotech Vehicles, Inc.",0,,0,
EVV,Eaton Vance Ltd Duration Income Fund,0,,0,
EW,Edwards Lifesciences Corp,0,,0,
EWBC,EAST WEST BANCORP INC,0,,0,
EWTX,"Edgewise Therapeutics, Inc.",0,,0,
EXC,EXELON CORP,0,,0,
EXE,EXPAND ENERGY Corp,0,,0,
EXEL,"EXELIXIS, INC.",0,,0,
EXFY,"Expensify, Inc.",0,,0,
EXG,Eaton Vance Tax-Managed Global Diversified Equity Income Fund,0,,0,
EXK,ENDEAVOUR SILVER CORP,0,,0,
EXLS,"ExlService Holdings, Inc.",0,,0,
EXOD,"Exodus Movement, Inc.",0,,0,
EXOZ,EXOZYMES INC.,0,,0,
EXP,EAGLE MATERIALS INC,0,,0,
EXPD,EXPEDITORS INTERNATIONAL OF WASHINGTON INC,0,,0,
EXPE,"Expedia Group, Inc.",0,,0,
EXPO,EXPONENT INC,0,,0,
EXR,Extra Space Storage Inc.,0,,0,
EXTR,EXTREME NETWORKS INC,0,,0,
EXYN,"Exyn Technologies, Inc.",0,,0,
EXYNW,"Exyn Technologies, Inc.",0,,0,
EYE,"National Vision Holdings, Inc.",0,,0,
EYPT,"EyePoint, Inc.",0,,0,
EZGO,EZGO Technologies Ltd.,0,,0,
EZPW,EZCORP INC,0,,0,
EZRA,"Reliance Global Group, Inc.",0,,0,
F,FORD MOTOR CO,0,,0,
F.PB,FORD MOTOR CO,0,,0,
F.PC,FORD MOTOR CO,0,,0,
F.PD,FORD MOTOR CO,0,,0,
FA,FIRST ADVANTAGE CORP,0,,0,
FABC,"Fabric.AI, Inc.",0,,0,
FAC,Factorial Energy Inc.,0,,0,
FACT,FACT II Acquisition Corp.,1,2025-12-01,0,
FACTU,FACT II Acquisition Corp.,0,,0,
FACTW,FACT II Acquisition Corp.,0,,0,
FACWW,Factorial Energy Inc.,0,,0,
FAF,First American Financial Corp,0,,0,
FAMI,"Farmmi, Inc.",0,,0,
FANG,"Diamondback Energy, Inc.",0,,0,
FAST,FASTENAL CO,0,,0,
FATE,FATE THERAPEUTICS INC,0,,0,
FATN,Fatpipe Inc/UT,0,,0,
FAX,"ABRDN ASIA-PACIFIC INCOME FUND, INC.",0,,0,
FBGL,FBS Global Ltd,0,,0,
FBIN,"Fortune Brands Innovations, Inc.",0,,0,
FBIO,"Fortress Biotech, Inc.",0,,0,
FBIOP,"Fortress Biotech, Inc.",0,,0,
FBIZ,"FIRST BUSINESS FINANCIAL SERVICES, INC.",0,,0,
FBK,FB Financial Corp,0,,0,
FBLA,"FB Bancorp, Inc. /MD/",0,,0,
FBLG,"FibroBiologics, Inc.",0,,0,
FBNC,FIRST BANCORP /NC/,0,,0,
FBP,FIRST BANCORP /PR/,0,,0,
FBRT,"Franklin BSP Realty Trust, Inc.",0,,0,
FBRT.PE,"Franklin BSP Realty Trust, Inc.",0,,0,
FBRX,"Forte Biosciences, Inc.",0,,0,
FBYD,"Falcon's Beyond Global, Inc.",0,,0,
FBYDP,"Falcon's Beyond Global, Inc.",0,,0,
FBYDW,"Falcon's Beyond Global, Inc.",0,,0,
FC,FRANKLIN COVEY CO,0,,0,
FCAP,FIRST CAPITAL INC,0,,0,
FCBC,FIRST COMMUNITY BANKSHARES INC /VA/,0,,0,
FCCO,FIRST COMMUNITY CORP /SC/,0,,0,
FCEL,FUELCELL ENERGY INC,0,,0,
FCF,FIRST COMMONWEALTH FINANCIAL CORP /PA/,0,,0,
FCFS,"FirstCash Holdings, Inc.",0,,0,
FCHL,Fitness Champs Holdings Ltd,0,,0,
FCN,"FTI CONSULTING, INC",0,,0,
FCNCA,FIRST CITIZENS BANCSHARES INC /DE/,1,2025-10-27,0,
FCNCN,FIRST CITIZENS BANCSHARES INC /DE/,0,,0,
FCNCO,FIRST CITIZENS BANCSHARES INC /DE/,0,,0,
FCNCP,FIRST CITIZENS BANCSHARES INC /DE/,0,,0,
FCPT,"Four Corners Property Trust, Inc.",0,,0,
FCRS,FutureCrest Acquisition Corp.,0,,0,
FCRS.UN,FutureCrest Acquisition Corp.,0,,0,
FCRS.WT,FutureCrest Acquisition Corp.,0,,0,
FCT,FIRST TRUST SENIOR FLOATING RATE INCOME FUND II,0,,0,
FCUV,FOCUS UNIVERSAL INC.,0,,0,
FCX,FREEPORT-MCMORAN INC,0,,0,
FDBC,FIDELITY D & D BANCORP INC,0,,0,
FDMT,"4D Molecular Therapeutics, Inc.",0,,0,
FDP,FRESH DEL MONTE PRODUCE INC,0,,0,
FDS,FACTSET RESEARCH SYSTEMS INC,0,,0,
FDSB,"Fifth District Bancorp, Inc.",0,,0,
FDUS,FIDUS INVESTMENT Corp,0,,0,
FDX,FEDEX CORP,0,,0,
FDXF,"FedEx Freight Holding Company, Inc.",0,,0,
FE,FIRSTENERGY CORP,0,,0,
FEAM,"5E Advanced Materials, Inc.",0,,0,
FEBO,Fenbo Holdings Ltd,0,,0,
FEDU,Four Seasons Education (Cayman) Inc.,0,,0,
FEED,"ENvue Medical, Inc.",0,,0,
FEIM,FREQUENCY ELECTRONICS INC,0,,0,
FELE,FRANKLIN ELECTRIC CO INC,0,,0,
FEMY,FEMASYS INC,0,,0,
FENC,FENNEC PHARMACEUTICALS INC.,0,,0,
FENG,Phoenix New Media Ltd,0,,0,
FER,Ferrovial N.V.,0,,0,
FERA,Fifth Era Acquisition Corp I,0,,0,
FERAR,Fifth Era Acquisition Corp I,0,,0,
FERAU,Fifth Era Acquisition Corp I,0,,0,
FERG,Ferguson Enterprises Inc. /DE/,0,,0,
FET,"FORUM ENERGY TECHNOLOGIES, INC.",0,,0,
FF,FutureFuel Corp.,0,,0,
FFA,FIRST TRUST ENHANCED EQUITY INCOME FUND,0,,0,
FFAI,FARADAY FUTURE INTELLIGENT ELECTRIC INC.,0,,0,
FFAIW,FARADAY FUTURE INTELLIGENT ELECTRIC INC.,0,,0,
FFBC,FIRST FINANCIAL BANCORP /OH/,0,,0,
FFC,Flaherty & Crumrine PREFERRED & INCOME SECURITIES FUND INC,0,,0,
FFIN,FIRST FINANCIAL BANKSHARES INC,0,,0,
FFIV,"F5, INC.",0,,0,
FG,"F&G Annuities & Life, Inc.",1,2025-11-07,0,
FGBI,"First Guaranty Bancshares, Inc.",0,,0,
FGBIP,"First Guaranty Bancshares, Inc.",0,,0,
FGDL,Franklin Templeton Holdings Trust,0,,0,
FGI,FGI Industries Ltd.,0,,0,
FGII,FG Imperii Acquisition Corp.,0,,0,
FGIIU,FG Imperii Acquisition Corp.,0,,0,
FGIIW,FG Imperii Acquisition Corp.,0,,0,
FGIWW,FGI Industries Ltd.,0,,0,
FGL,Founder Group Ltd,0,,0,
FGMC,FG Merger II Corp.,1,2025-08-05,0,
FGMCR,FG Merger II Corp.,0,,0,
FGMCU,FG Merger II Corp.,0,,0,
FGN,"F&G Annuities & Life, Inc.",0,,0,
FGNX,FG Nexus Inc.,0,,0,
FGNXP,FG Nexus Inc.,0,,0,
FGSN,"F&G Annuities & Life, Inc.",0,,0,
FHB,"FIRST HAWAIIAN, INC.",0,,0,
FHI,"FEDERATED HERMES, INC.",0,,0,
FHN,FIRST HORIZON CORP,0,,0,
FHN.PE,FIRST HORIZON CORP,0,,0,
FHN.PF,FIRST HORIZON CORP,0,,0,
FHN.PH,FIRST HORIZON CORP,0,,0,
FHTX,Foghorn Therapeutics Inc.,0,,0,
FIBK,FIRST INTERSTATE BANCSYSTEM INC,0,,0,
FICO,FAIR ISAAC CORP,0,,0,
FIEE,"FiEE, Inc.",0,,0,
FIG,"Figma, Inc.",0,,0,
FIGR,"Figure Technology Solutions, Inc.",0,,0,
FIGS,"FIGS, Inc.",0,,0,
FIGX,FIGX Capital Acquisition Corp.,0,,0,
FIGXU,FIGX Capital Acquisition Corp.,0,,0,
FIGXW,FIGX Capital Acquisition Corp.,0,,0,
FINS,Angel Oak Financial Strategies Income Term Trust,0,,0,
FINV,FinVolution Group,0,,0,
FINW,Finwise Bancorp,0,,0,
FIP,FTAI Infrastructure Inc.,0,,0,
FIS,"Fidelity National Information Services, Inc.",0,,0,
FISI,FINANCIAL INSTITUTIONS INC,0,,0,
FISK,"Empire State Realty OP, L.P.",0,,0,
FISV,FISERV INC,0,,0,
FITB,FIFTH THIRD BANCORP,0,,0,
FITB.PA,FIFTH THIRD BANCORP,0,,0,
FITB.PI,FIFTH THIRD BANCORP,0,,0,
FITB.PK,FIFTH THIRD BANCORP,0,,0,
FITB.PM,FIFTH THIRD BANCORP,0,,0,
FITBI,FIFTH THIRD BANCORP,0,,0,
FITBM,FIFTH THIRD BANCORP,0,,0,
FITBO,FIFTH THIRD BANCORP,0,,0,
FITBP,FIFTH THIRD BANCORP,0,,0,
FIVE,"FIVE BELOW, INC",0,,0,
FIVN,"Five9, Inc.",0,,0,
FIX,COMFORT SYSTEMS USA INC,0,,0,
FIZZ,NATIONAL BEVERAGE CORP,0,,0,
FJET,"Starfighters Space, Inc.",0,,0,
FKWL,FRANKLIN WIRELESS CORP,0,,0,
FLC,FLAHERTY & CRUMRINE TOTAL RETURN FUND INC,0,,0,
FLD,"Fold Holdings, Inc.",0,,0,
FLDDW,"Fold Holdings, Inc.",0,,0,
FLEX,FLEX LTD.,0,,0,
FLG,"FLAGSTAR BANK, NATIONAL ASSOCIATION",0,,0,
FLG.PA,"FLAGSTAR BANK, NATIONAL ASSOCIATION",0,,0,
FLG.PU,"FLAGSTAR BANK, NATIONAL ASSOCIATION",0,,0,
FLGT,"Fulgent Genetics, Inc.",0,,0,
FLL,FULL HOUSE RESORTS INC,0,,0,
FLNA,"FILANA THERAPEUTICS, INC.",0,,0,
FLNC,"Fluence Energy, Inc.",0,,0,
FLNG,Flex LNG Ltd.,0,,0,
FLNT,"Fluent, Inc.",1,2026-04-29,0,
FLO,FLOWERS FOODS INC,0,,0,
FLOC,Flowco Holdings Inc.,0,,0,
FLR,FLUOR CORP,0,,0,
FLS,FLOWSERVE CORP,0,,0,
FLUT,Flutter Entertainment plc,0,,0,
FLUX,"Flux Power Holdings, Inc.",0,,0,
FLWS,1 800 FLOWERS COM INC,0,,0,
FLX,BingEx Ltd,0,,0,
FLXS,FLEXSTEEL INDUSTRIES INC,0,,0,
FLY,Firefly Aerospace Inc.,0,,0,
FLYD,BANK OF MONTREAL /CAN/,0,,0,
FLYE,"Fly-E Group, Inc.",0,,0,
FLYU,BANK OF MONTREAL /CAN/,0,,0,
FLYW,Flywire Corp,0,,0,
FLYX,FLYEXCLUSIVE INC.,0,,0,
FLYX.WT,FLYEXCLUSIVE INC.,0,,0,
FMAC,Future Money Acquisition Corp,0,,0,
FMACR,Future Money Acquisition Corp,0,,0,
FMACU,Future Money Acquisition Corp,0,,0,
FMAO,FARMERS & MERCHANTS BANCORP INC,0,,0,
FMBH,"FIRST MID BANCSHARES, INC.",0,,0,
FMC,FMC CORP,0,,0,
FMFC,Kandal M Venture Ltd,0,,0,
FMN,Federated Hermes Premier Municipal Income Fund,0,,0,
FMNB,FARMERS NATIONAL BANC CORP /OH/,0,,0,
FMS,Fresenius Medical Care AG,0,,0,
FMST,Foremost Clean Energy Ltd.,0,,0,
FMSTW,Foremost Clean Energy Ltd.,0,,0,
FMX,MEXICAN ECONOMIC DEVELOPMENT INC,0,,0,
FMY,FIRST TRUST MORTGAGE INCOME FUND,0,,0,
FN,Fabrinet,0,,0,
FNB,FNB CORP/PA/,0,,0,
FND,"Floor & Decor Holdings, Inc.",0,,0,
FNF,"Fidelity National Financial, Inc.",0,,0,
FNGD,BANK OF MONTREAL /CAN/,0,,0,
FNGO,BANK OF MONTREAL /CAN/,0,,0,
FNGR,"FingerMotion, Inc.",0,,0,
FNGS,BANK OF MONTREAL /CAN/,0,,0,
FNGU,BANK OF MONTREAL /CAN/,0,,0,
FNKO,"Funko, Inc.",0,,0,
FNLC,"First Bancorp, Inc /ME/",0,,0,
FNRN,FIRST NORTHERN COMMUNITY BANCORP,0,,0,
FNUC,Frontier Nuclear & Minerals Inc.,0,,0,
FNV,FRANCO NEVADA Corp,0,,0,
FNWB,First Northwest Bancorp,0,,0,
FNWD,Finward Bancorp,0,,0,
FOA,Finance of America Companies Inc.,0,,0,
FOCL,EDAP TMS SA,0,,0,
FOF,"Cohen & Steers Closed-End Opportunity Fund, Inc.",0,,0,
FOFO,"Hang Feng Technology Innovation Co., Ltd.",0,,0,
FONR,FONAR CORP,1,2025-07-09,0,
FOR,Forestar Group Inc.,0,,0,
FORM,FORMFACTOR INC,0,,0,
FORR,"FORRESTER RESEARCH, INC.",0,,0,
FORTY,FORMULA SYSTEMS (1985) LTD,0,,0,
FOSL,"Fossil Group, Inc.",0,,0,
FOUR,"Shift4 Payments, Inc.",0,,0,
FOUR.PA,"Shift4 Payments, Inc.",0,,0,
FOX,Fox Corp,0,,0,
FOXA,Fox Corp,0,,0,
FOXF,FOX FACTORY HOLDING CORP,0,,0,
FOXX,Foxx Development Holdings Inc.,0,,0,
FOXXW,Foxx Development Holdings Inc.,0,,0,
FPF,First Trust Intermediate Duration Preferred & Income Fund,0,,0,
FPH,"Five Point Holdings, LLC",0,,0,
FPI,Farmland Partners Inc.,0,,0,
FPS,"Forgent Power Solutions, Inc.",0,,0,
FR,FIRST INDUSTRIAL REALTY TRUST INC,0,,0,
FRA,"BLACKROCK FLOATING RATE INCOME STRATEGIES FUND, INC.",0,,0,
FRAF,FRANKLIN FINANCIAL SERVICES CORP /PA/,0,,0,
FRBT,"Forbright, Inc.",0,,0,
FRD,FRIEDMAN INDUSTRIES INC,0,,0,
FRGT,"Freight Technologies, Inc.",0,,0,
FRHC,Freedom Holding Corp.,0,,0,
FRME,FIRST MERCHANTS CORP,0,,0,
FRMEP,FIRST MERCHANTS CORP,0,,0,
FRMI,Fermi Inc.,0,,0,
FRMM,FORUM MARKETS Inc,0,,0,
FRO,Frontline plc,0,,0,
FROG,JFrog Ltd,0,,0,
FRPH,"FRP HOLDINGS, INC.",0,,0,
FRPT,"Freshpet, Inc.",0,,0,
FRSH,Freshworks Inc.,0,,0,
FRST,Primis Financial Corp.,0,,0,
FRSX,Foresight Autonomous Holdings Ltd.,0,,0,
FRT,FEDERAL REALTY INVESTMENT TRUST,0,,0,
FRT.PC,FEDERAL REALTY INVESTMENT TRUST,0,,0,
FRTT,Fort Technology Inc,0,,0,
FRVO,Fervo Energy Co,0,,0,
FSBC,FIVE STAR BANCORP,0,,0,
FSBW,"FS Bancorp, Inc.",0,,0,
FSCO,FS Credit Opportunities Corp.,0,,0,
FSEA,"First Seacoast Bancorp, Inc.",1,2026-05-05,0,
FSHP,Flag Ship Acquisition Corp,1,2026-05-09,0,
FSHPR,Flag Ship Acquisition Corp,0,,0,
FSHPU,Flag Ship Acquisition Corp,0,,0,
FSI,FLEXIBLE SOLUTIONS INTERNATIONAL INC,0,,0,
FSK,FS KKR Capital Corp,0,,0,
FSLR,"FIRST SOLAR, INC.",0,,0,
FSLY,"Fastly, Inc.",0,,0,
FSM,FORTUNA MINING CORP.,0,,0,
FSOL,Fidelity Solana Fund,0,,0,
FSP,FRANKLIN STREET PROPERTIES CORP /MA/,0,,0,
FSS,FEDERAL SIGNAL CORP /DE/,0,,0,
FSSL,FS Specialty Lending Fund,0,,0,
FSTR,FOSTER L B CO,0,,0,
FSUN,FIRSTSUN CAPITAL BANCORP,1,2025-12-04,0,
FSV,FirstService Corp,0,,0,
FT,FRANKLIN UNIVERSAL TRUST,0,,0,
FTAI,FTAI Aviation Ltd.,0,,0,
FTAIM,FTAI Aviation Ltd.,0,,0,
FTAIN,FTAI Aviation Ltd.,0,,0,
FTCI,"FTC Solar, Inc.",0,,0,
FTDR,"Frontdoor, Inc.",0,,0,
FTEK,"FUEL TECH, INC.",0,,0,
FTF,FRANKLIN LTD DURATION INCOME TRUST,0,,0,
FTFT,Future FinTech Group Inc.,0,,0,
FTHAU,Forefront Tech Holdings Acquisition Corp,0,,0,
FTHM,Fathom Holdings Inc.,0,,0,
FTHY,FIRST TRUST HIGH YIELD OPPORTUNITIES 2027 TERM FUND,0,,0,
FTI,TechnipFMC plc,0,,0,
FTK,FLOTEK INDUSTRIES INC/CN/,0,,0,
FTLF,"FITLIFE BRANDS, INC.",0,,0,
FTNT,"Fortinet, Inc.",0,,0,
FTRA.UN,FutureCorp Space Acquisition 1,0,,0,
FTRE,Fortrea Holdings Inc.,0,,0,
FTRK,Fast Track Group,0,,0,
FTS,Fortis Inc.,0,,0,
FTV,Fortive Corp,0,,0,
FTW,PRESIDIO PRODUCTION Co,0,,0,
FTW.WT,PRESIDIO PRODUCTION Co,0,,0,
FUBO,FuboTV Inc.,0,,0,
FUFU,Bitfufu Inc.,0,,0,
FUFUW,Bitfufu Inc.,0,,0,
FUL,FULLER H B CO,0,,0,
FULC,"Fulcrum Therapeutics, Inc.",0,,0,
FULT,FULTON FINANCIAL CORP,0,,0,
FULTP,FULTON FINANCIAL CORP,0,,0,
FUN,Six Flags Entertainment Corporation/NEW,0,,0,
FUNC,FIRST UNITED CORP/MD/,0,,0,
FUND,SPROTT FOCUS TRUST INC.,0,,0,
FURY,FURY GOLD MINES LTD,0,,0,
FUSB,"FIRST US BANCSHARES, INC.",0,,0,
FUSE,Fusemachines Inc.,0,,0,
FUSEW,Fusemachines Inc.,0,,0,
FUTU,Futu Holdings Ltd,0,,0,
FVAV,Fortress Value Acquisition Corp. V,0,,0,
FVCB,"FVCBankcorp, Inc.",0,,0,
FVN,Future Vision II Acquisition Corp.,0,,0,
FVNNR,Future Vision II Acquisition Corp.,0,,0,
FVNNU,Future Vision II Acquisition Corp.,0,,0,
FVR,"FrontView REIT, Inc.",0,,0,
FVRR,Fiverr International Ltd.,0,,0,
FWDI,"Forward Industries, Inc.",0,,0,
FWONA,Liberty Media Corp,0,,0,
FWONK,Liberty Media Corp,0,,0,
FWRD,FORWARD AIR CORP,0,,0,
FWRG,"First Watch Restaurant Group, Inc.",0,,0,
FXA,Invesco CurrencyShares Australian Dollar Trust,0,,0,
FXACU,FortuneX Acquisition Corp,0,,0,
FXB,Invesco CurrencyShares British Pound Sterling Trust,0,,0,
FXC,Invesco CurrencyShares Canadian Dollar Trust,0,,0,
FXE,Invesco CurrencyShares Euro Trust,0,,0,
FXF,Invesco CurrencyShares Swiss Franc Trust,0,,0,
FXNC,FIRST NATIONAL CORP /VA/,0,,0,
FXY,Invesco CurrencyShares Japanese Yen Trust,0,,0,
G,Genpact LTD,0,,0,
GAB,GABELLI EQUITY TRUST INC,0,,0,
GAB.PG,GABELLI EQUITY TRUST INC,0,,0,
GAB.PH,GABELLI EQUITY TRUST INC,0,,0,
GAB.PK,GABELLI EQUITY TRUST INC,0,,0,
GABC,"GERMAN AMERICAN BANCORP, INC.",0,,0,
GAIA,"GAIA, INC",0,,0,
GAIN,GLADSTONE INVESTMENT CORPORATIONDE,0,,0,
GAING,GLADSTONE INVESTMENT CORPORATIONDE,0,,0,
GAINI,GLADSTONE INVESTMENT CORPORATIONDE,0,,0,
GAINZ,GLADSTONE INVESTMENT CORPORATIONDE,0,,0,
GALT,GALECTIN THERAPEUTICS INC,0,,0,
GAM,GENERAL AMERICAN INVESTORS CO INC,0,,0,
GAM.PB,GENERAL AMERICAN INVESTORS CO INC,0,,0,
GAMB,Gambling.com Group Ltd,0,,0,
GAME,"GameSquare Holdings, Inc.",0,,0,
GANX,"Gain Therapeutics, Inc.",0,,0,
GAP,GAP INC,0,,0,
GASS,StealthGas Inc.,0,,0,
GATX,GATX CORP,0,,0,
GAU,Galiano Gold Inc.,0,,0,
GAUZ,Gauzy Ltd.,0,,0,
GAVA,Grayscale Avalanche Staking ETF,0,,0,
GBAB,Guggenheim Taxable Municipal Bond & Investment Grade Debt Trust,0,,0,
GBCI,"GLACIER BANCORP, INC.",0,,0,
GBDC,"GOLUB CAPITAL BDC, Inc.",0,,0,
GBFH,GBank Financial Holdings Inc.,0,,0,
GBLI,"Global Indemnity Group, LLC",0,,0,
GBR,"New Concept Energy, Inc.",0,,0,
GBTC,Grayscale Bitcoin Trust ETF,0,,0,
GBTG,"Global Business Travel Group, Inc.",0,,0,
GBUG,BARCLAYS BANK PLC,0,,0,
GBX,GREENBRIER COMPANIES INC,0,,0,
GCBC,GREENE COUNTY BANCORP INC,0,,0,
GCDT,Green Circle Decarbonize Technology Ltd,0,,0,
GCGRU,General Catalyst Global Resilience Merger Corp.,0,,0,
GCL,GCL Global Holdings Ltd,0,,0,
GCLWW,GCL Global Holdings Ltd,0,,0,
GCMG,GCM Grosvenor Inc.,0,,0,
GCO,GENESCO INC,0,,0,
GCT,GigaCloud Technology Inc,0,,0,
GCTK,"Glucotrack, Inc.",0,,0,
GCTS,"GCT Semiconductor Holding, Inc.",0,,0,
GCTS.WT,"GCT Semiconductor Holding, Inc.",0,,0,
GCV,GABELLI CONVERTIBLE & INCOME SECURITIES FUND INC,0,,0,
GD,GENERAL DYNAMICS CORP,0,,0,
GDC,GD Culture Group Ltd,1,2026-05-05,0,
GDDY,GoDaddy Inc.,0,,0,
GDEV,GDEV Inc.,0,,0,
GDEVW,GDEV Inc.,0,,0,
GDHG,GOLDEN HEAVEN GROUP HOLDINGS LTD.,0,,0,
GDL,GDL FUND,0,,0,
GDLC,Grayscale CoinDesk Crypto 5 ETF,0,,0,
GDO,WESTERN ASSET GLOBAL CORPORATE OPPORTUNITY FUND INC.,0,,0,
GDOG,Grayscale Dogecoin Trust ETF,0,,0,
GDOT,GREEN DOT CORP,1,2025-11-24,0,
GDRX,"GoodRx Holdings, Inc.",0,,0,
GDS,GDS Holdings Ltd,0,,0,
GDTC,CytoMed Therapeutics Ltd,0,,0,
GDV,GABELLI DIVIDEND & INCOME TRUST,0,,0,
GDV.PH,GABELLI DIVIDEND & INCOME TRUST,0,,0,
GDV.PK,GABELLI DIVIDEND & INCOME TRUST,0,,0,
GDXD,BANK OF MONTREAL /CAN/,0,,0,
GDXU,BANK OF MONTREAL /CAN/,0,,0,
GDYN,"GRID DYNAMICS HOLDINGS, INC.",0,,0,
GE,GENERAL ELECTRIC CO,0,,0,
GECC,Great Elm Capital Corp.,0,,0,
GECCG,Great Elm Capital Corp.,0,,0,
GECCH,Great Elm Capital Corp.,0,,0,
GECCI,Great Elm Capital Corp.,0,,0,
GEF,"GREIF, INC",0,,0,
GEF.B,"GREIF, INC",0,,0,
GEG,"Great Elm Group, Inc.",0,,0,
GEGGL,"Great Elm Group, Inc.",0,,0,
GEHC,GE HealthCare Technologies Inc.,0,,0,
GEL,GENESIS ENERGY LP,0,,0,
GELS,Gelteq Ltd,0,,0,
GEMI,"Gemini Space Station, Inc.",0,,0,
GEN,Gen Digital Inc.,0,,0,
GENB,"Generate Biomedicines, Inc.",0,,0,
GENC,GENCOR INDUSTRIES INC,0,,0,
GENI,Genius Sports Ltd,0,,0,
GENK,"GEN Restaurant Group, Inc.",0,,0,
GENVR,Gen Digital Inc.,0,,0,
GEO,GEO GROUP INC,0,,0,
GEOS,GEOSPACE TECHNOLOGIES CORP,0,,0,
GERN,GERON CORP,0,,0,
GETY,"Getty Images Holdings, Inc.",0,,0,
GEV,GE Vernova Inc.,0,,0,
GEVO,"Gevo, Inc.",0,,0,
GF,NEW GERMANY FUND INC,0,,0,
GFAI,"Guardforce AI Co., Ltd.",0,,0,
GFAIW,"Guardforce AI Co., Ltd.",0,,0,
GFF,GRIFFON CORP,0,,0,
GFI,GOLD FIELDS LTD,0,,0,
GFL,GFL Environmental Inc.,0,,0,
GFR,Greenfire Resources Ltd.,0,,0,
GFS,GLOBALFOUNDRIES Inc.,0,,0,
GGAL,GRUPO FINANCIERO GALICIA SA,0,,0,
GGB,GERDAU S.A.,0,,0,
GGG,GRACO INC,0,,0,
GGN,"GAMCO Global Gold, Natural Resources & Income Trust",0,,0,
GGN.PB,"GAMCO Global Gold, Natural Resources & Income Trust",0,,0,
GGR,Gogoro Inc.,0,,0,
GGROW,Gogoro Inc.,0,,0,
GGRP,"Glimpse Group, Inc.",0,,0,
GGT,GABELLI MULTIMEDIA TRUST INC.,0,,0,
GGT.PE,GABELLI MULTIMEDIA TRUST INC.,0,,0,
GGT.PG,GABELLI MULTIMEDIA TRUST INC.,0,,0,
GGZ,Gabelli Global Small & Mid Cap Value Trust,0,,0,
GH,"Guardant Health, Inc.",0,,0,
GHC,Graham Holdings Co,0,,0,
GHG,GreenTree Hospitality Group Ltd.,0,,0,
GHI,Greystone Housing Impact Investors LP,0,,0,
GHM,GRAHAM CORP,0,,0,
GHRS,GH Research PLC,0,,0,
GHY,"PGIM Global High Yield Fund, Inc.",0,,0,
GIB,CGI INC,0,,0,
GIBO,GIBO HOLDINGS Ltd,0,,0,
GIBOW,GIBO HOLDINGS Ltd,0,,0,
GIC,GLOBAL INDUSTRIAL Co,0,,0,
GIFT,"GIFTIFY, INC.",0,,0,
GIGM,GIGAMEDIA Ltd,0,,0,
GIII,G III APPAREL GROUP LTD /DE/,0,,0,
GIL,Gildan Activewear Inc.,0,,0,
GILD,"GILEAD SCIENCES, INC.",0,,0,
GILT,GILAT SATELLITE NETWORKS LTD,0,,0,
GIPR,"GENERATION INCOME PROPERTIES, INC.",0,,0,
GIPRW,"GENERATION INCOME PROPERTIES, INC.",0,,0,
GIS,GENERAL MILLS INC,0,,0,
GITS,"Global Interactive Technologies, Inc.",0,,0,
GIW,GigCapital8 Corp.,0,,0,
GIWWR,GigCapital8 Corp.,0,,0,
GIWWU,GigCapital8 Corp.,0,,0,
GIX,GigCapital9 Corp.,0,,0,
GIXXR,GigCapital9 Corp.,0,,0,
GIXXU,GigCapital9 Corp.,0,,0,
GJH,STRATS SM TRUST FOR U S CELL CORP SEC SERIES 2004 6,0,,0,
GJO,"STRATS SM TRUST FOR WAL-MART STORES, INC. SECURITIES, SERIES 2005-4",0,,0,
GJP,"STRATS(SM) TRUST FOR DOMINION RESOURCES, INC. SECURITIES, SERIES 2005-6",0,,0,
GJR,"STRATS(SM) Trust for Procter & Gamble Securities, Series 2006-1",0,,0,
GJS,"STRATS(SM) Trust for Goldman Sachs Group Securities, Series 2006-2",0,,0,
GJT,"STRATS(SM) Trust for Allstate Corp Securities, Series 2006-3",0,,0,
GKOS,GLAUKOS Corp,0,,0,
GL,GLOBE LIFE INC.,0,,0,
GL.PD,GLOBE LIFE INC.,0,,0,
GLAD,GLADSTONE CAPITAL CORP,0,,0,
GLBE,Global-E Online Ltd.,0,,0,
GLBS,GLOBUS MARITIME LTD,0,,0,
GLD,SPDR GOLD TRUST,0,,0,
GLDG,GoldMining Inc.,0,,0,
GLDI,CREDIT SUISSE AG,0,,0,
GLDM,World Gold Trust,0,,0,
GLE,Global Engine Group Holding Ltd,0,,0,
GLED,GalaxyEdge Acquisition Corp,1,2026-03-18,0,
GLED.RI,GalaxyEdge Acquisition Corp,0,,0,
GLED.UN,GalaxyEdge Acquisition Corp,0,,0,
GLIBA,Liberty Capital Corp/NV,0,,0,
GLIBK,Liberty Capital Corp/NV,0,,0,
GLL,ProShares Trust II,0,,0,
GLMD,Galmed Pharmaceuticals Ltd.,0,,0,
GLND,Greenland Energy Co,0,,0,
GLNDW,Greenland Energy Co,0,,0,
GLNG,GOLAR LNG LTD,0,,0,
GLNK,Grayscale Chainlink Trust ETF,0,,0,
GLO,Clough Global Opportunities Fund,0,,0,
GLOB,Globant S.A.,0,,0,
GLOO,"Gloo Holdings, Inc.",0,,0,
GLOP.PA,GasLog Partners LP,0,,0,
GLOP.PB,GasLog Partners LP,0,,0,
GLOP.PC,GasLog Partners LP,0,,0,
GLP,GLOBAL PARTNERS LP,0,,0,
GLP.PB,GLOBAL PARTNERS LP,0,,0,
GLPI,"Gaming & Leisure Properties, Inc.",0,,0,
GLQ,Clough Global Equity Fund,0,,0,
GLRE,"GREENLIGHT CAPITAL RE, LTD.",0,,0,
GLSI,"Greenwich LifeSciences, Inc.",0,,0,
GLTR,abrdn Precious Metals Basket ETF Trust,0,,0,
GLU,GABELLI GLOBAL UTILITY & INCOME TRUST,0,,0,
GLU.PA,GABELLI GLOBAL UTILITY & INCOME TRUST,0,,0,
GLU.PB,GABELLI GLOBAL UTILITY & INCOME TRUST,0,,0,
GLUE,"Monte Rosa Therapeutics, Inc.",0,,0,
GLV,Clough Global Dividend & Income Fund,0,,0,
GLW,CORNING INC /NY,0,,0,
GLXG,Galaxy Payroll Group Ltd,0,,0,
GLXY,Galaxy Digital Inc.,1,2026-03-11,0,
GM,General Motors Co,0,,0,
GMAB,GENMAB A/S,0,,0,
GME,GameStop Corp.,0,,0,
GME.WT,GameStop Corp.,0,,0,
GMED,GLOBUS MEDICAL INC,0,,0,
GMEX,GMEX Robotics Corp,0,,0,
GMHS,Gamehaus Holdings Inc.,0,,0,
GMM,Global Mofy AI Ltd,0,,0,
GMRS,GMR Solutions Inc.,0,,0,
GMTL,Guardian Metal Resources PLC,0,,0,
GNE,Genie Energy Ltd.,0,,0,
GNK,GENCO SHIPPING & TRADING LTD,0,,0,
GNL,"Global Net Lease, Inc.",0,,1,2026-05-04
GNL.PA,"Global Net Lease, Inc.",0,,0,
GNL.PB,"Global Net Lease, Inc.",0,,0,
GNL.PD,"Global Net Lease, Inc.",0,,0,
GNL.PE,"Global Net Lease, Inc.",0,,0,
GNLN,"Greenlane Holdings, Inc.",0,,0,
GNLX,GENELUX Corp,0,,0,
GNPX,"Genprex, Inc.",0,,0,
GNRC,GENERAC HOLDINGS INC.,0,,0,
GNS,Genius Group Ltd,0,,0,
GNSS,Genasys Inc.,0,,0,
GNT,"GAMCO Natural Resources, Gold & Income Trust",0,,0,
GNT.PA,"GAMCO Natural Resources, Gold & Income Trust",0,,0,
GNTA,Genenta Science S.p.A.,0,,0,
GNTX,GENTEX CORP,0,,0,
GNW,GENWORTH FINANCIAL INC,0,,0,
GO,Grocery Outlet Holding Corp.,0,,0,
GOAI,Eva Live Inc,0,,0,
GOCO,"GoHealth, Inc.",0,,0,
GOF,GUGGENHEIM STRATEGIC OPPORTUNITIES FUND,0,,0,
GOGO,Gogo Inc.,0,,0,
GOLD,"Gold.com, Inc.",0,,0,
GOLF,Acushnet Holdings Corp.,0,,0,
GOOD,GLADSTONE COMMERCIAL CORP,0,,0,
GOODN,GLADSTONE COMMERCIAL CORP,0,,0,
GOODO,GLADSTONE COMMERCIAL CORP,0,,0,
GOOG,Alphabet Inc.,0,,0,
GOOGL,Alphabet Inc.,0,,0,
GOOGM,Alphabet Inc.,0,,0,
GOOGN,Alphabet Inc.,0,,0,
GOOS,Canada Goose Holdings Inc.,0,,0,
GORO,GOLD RESOURCE CORP,1,2026-01-26,0,
GOSS,"Gossamer Bio, Inc.",0,,0,
GOTU,Gaotu Techedu Inc.,0,,0,
GOVX,"GeoVax Labs, Inc.",0,,0,
GP,GREENPOWER MOTOR Co INC.,0,,0,
GPAC,General Purpose Acquisition Corp.,0,,0,
GPACU,General Purpose Acquisition Corp.,0,,0,
GPACW,General Purpose Acquisition Corp.,0,,0,
GPAT,GP-Act III Acquisition Corp.,0,,0,
GPATU,GP-Act III Acquisition Corp.,0,,0,
GPATW,GP-Act III Acquisition Corp.,0,,0,
GPC,GENUINE PARTS CO,0,,0,
GPCR,Structure Therapeutics Inc.,0,,0,
GPGI,"GPGI, Inc.",0,,0,
GPI,GROUP 1 AUTOMOTIVE INC,0,,0,
GPJA,GEORGIA POWER CO,0,,0,
GPK,GRAPHIC PACKAGING HOLDING CO,0,,0,
GPMT,Granite Point Mortgage Trust Inc.,0,,0,
GPMT.PA,Granite Point Mortgage Trust Inc.,0,,0,
GPN,GLOBAL PAYMENTS INC,0,,0,
GPOR,GULFPORT ENERGY CORP,0,,0,
GPRE,Green Plains Inc.,0,,0,
GPRK,GeoPark Ltd,0,,0,
GPRO,"GoPro, Inc.",0,,0,
GPUS,"Hyperscale Data, Inc.",0,,0,
GPUS.PD,"Hyperscale Data, Inc.",0,,0,
GRAB,Grab Holdings Ltd,0,,0,
GRABW,Grab Holdings Ltd,0,,0,
GRAF,Graf Global Corp.,0,,0,
GRAF.UN,Graf Global Corp.,0,,0,
GRAF.WT,Graf Global Corp.,0,,0,
GRAL,"GRAIL, Inc.",0,,0,
GRAN,Grande Group Ltd/HK,0,,0,
GRBK,"Green Brick Partners, Inc.",0,,0,
GRBK.PA,"Green Brick Partners, Inc.",0,,0,
GRC,GORMAN RUPP CO,0,,0,
GRCE,"Grace Therapeutics, Inc.",0,,0,
GRDN,"Guardian Pharmacy Services, Inc.",0,,0,
GRDX,GridAI Technologies Corp.,0,,0,
GREE,Greenidge Generation Holdings Inc.,0,,0,
GREEL,Greenidge Generation Holdings Inc.,0,,0,
GRF,"EAGLE CAPITAL GROWTH FUND, INC.",0,,0,
GRFS,Grifols SA,0,,0,
GRI,"GRI Bio, Inc.",0,,0,
GRML,Greenland Mines Ltd,2,2026-03-04,1,2026-05-29
GRMLW,Greenland Mines Ltd,0,,0,
GRMN,GARMIN LTD,0,,0,
GRN,BARCLAYS BANK PLC,0,,0,
GRND,Grindr Inc.,0,,0,
GRNQ,Greenpro Capital Corp.,0,,0,
GRNT,"Granite Ridge Resources, Inc.",0,,0,
GRO,Brazil Potash Corp.,0,,0,
GROV,"Grove Collaborative Holdings, Inc.",0,,0,
GROW,U S GLOBAL INVESTORS INC,0,,0,
GROY,Gold Royalty Corp.,0,,0,
GROY.WT,Gold Royalty Corp.,0,,0,
GRPN,"Groupon, Inc.",0,,0,
GRRR,Gorilla Technology Group Inc.,0,,0,
GRRRW,Gorilla Technology Group Inc.,0,,0,
GRVY,"GRAVITY Co., Ltd.",0,,0,
GRWG,GrowGeneration Corp.,0,,0,
GRX,Gabelli Healthcare & WellnessRx Trust,0,,0,
GS,GOLDMAN SACHS GROUP INC,0,,0,
GS.PA,GOLDMAN SACHS GROUP INC,0,,0,
GS.PC,GOLDMAN SACHS GROUP INC,0,,0,
GS.PD,GOLDMAN SACHS GROUP INC,0,,0,
GSAT,"Globalstar, Inc.",1,2026-04-14,0,
GSBC,"GREAT SOUTHERN BANCORP, INC.",0,,0,
GSBD,"Goldman Sachs BDC, Inc.",0,,0,
GSG,iShares S&P GSCI Commodity-Indexed Trust,0,,0,
GSHD,"Goosehead Insurance, Inc.",0,,0,
GSHR,Gesher Acquisition Corp. II,0,,0,
GSHRU,Gesher Acquisition Corp. II,0,,0,
GSHRW,Gesher Acquisition Corp. II,0,,0,
GSIT,GSI TECHNOLOGY INC,0,,0,
GSIW,Garden Stage Ltd,0,,0,
GSK,GSK plc,0,,0,
GSL,"Global Ship Lease, Inc.",0,,0,
GSL.PB,"Global Ship Lease, Inc.",0,,0,
GSM,Ferroglobe PLC,0,,0,
GSOL,Grayscale Solana Staking ETF,0,,0,
GSRF,GSR IV Acquisition Corp.,0,,0,
GSRFR,GSR IV Acquisition Corp.,0,,0,
GSRFU,GSR IV Acquisition Corp.,0,,0,
GSRVU,GSR V Acquisition Corp.,0,,0,
GSUI,Grayscale Sui Staking ETF,0,,0,
GSUN,Golden Sun Technology Group Ltd.,0,,0,
GT,GOODYEAR TIRE & RUBBER CO /OH/,0,,0,
GTBP,"GT Biopharma, Inc.",0,,0,
GTE,GRAN TIERRA ENERGY INC.,0,,0,
GTEC,Greenland Technologies Holding Corp.,0,,0,
GTEN,"Gores Holdings X, Inc. / CI",0,,0,
GTENU,"Gores Holdings X, Inc. / CI",0,,0,
GTENW,"Gores Holdings X, Inc. / CI",0,,0,
GTERA,Globa Terra Acquisition Corp,0,,0,
GTERR,Globa Terra Acquisition Corp,0,,0,
GTERU,Globa Terra Acquisition Corp,0,,0,
GTERW,Globa Terra Acquisition Corp,0,,0,
GTES,Gates Industrial Corp plc,0,,0,
GTIM,Good Times Restaurants Inc.,0,,0,
GTLB,Gitlab Inc.,0,,0,
GTLS,CHART INDUSTRIES INC,1,2025-07-29,0,
GTM,ZoomInfo Technologies Inc.,0,,0,
GTN,"GRAY MEDIA, INC",0,,0,
GTN.A,"GRAY MEDIA, INC",0,,0,
GTX,Garrett Motion Inc.,0,,0,
GTY,GETTY REALTY CORP /MD/,0,,0,
GUACU,Berto Acquisition Corp. II,0,,0,
GUG,Guggenheim Active Allocation Fund,0,,0,
GURE,"GULF RESOURCES, INC.",0,,0,
GUT,GABELLI UTILITY TRUST,0,,0,
GUT.PC,GABELLI UTILITY TRUST,0,,0,
GUTS,"FRACTYL HEALTH, INC.",0,,0,
GV,Visionary Holdings Inc.,0,,0,
GVA,GRANITE CONSTRUCTION INC,0,,0,
GVH,Globavend Holdings Ltd,0,,0,
GWAV,"Greenwave Technology Solutions, Inc.",0,,0,
GWH,"ESS Tech, Inc.",0,,0,
GWH.WT,"ESS Tech, Inc.",0,,0,
GWRE,"Guidewire Software, Inc.",0,,0,
GWRS,"Global Water Resources, Inc.",0,,0,
GWW,"W.W. GRAINGER, INC.",0,,0,
GXAI,GAXOS.AI INC.,0,,0,
GXO,"GXO Logistics, Inc.",0,,0,
GXRP,Grayscale XRP Trust ETF,0,,0,
GYRE,"GYRE THERAPEUTICS, INC.",0,,0,
GYRO,"Gyrodyne, LLC",0,,0,
H,Hyatt Hotels Corp,0,,0,
HACQ,HCM IV Acquisition Corp.,0,,0,
HACQU,HCM IV Acquisition Corp.,0,,0,
HACQW,HCM IV Acquisition Corp.,0,,0,
HAE,HAEMONETICS CORP,0,,0,
HAFC,HANMI FINANCIAL CORP,0,,0,
HAFN,Hafnia Ltd,0,,0,
HAIN,HAIN CELESTIAL GROUP INC,0,,0,
HAL,HALLIBURTON CO,0,,0,
HALO,"HALOZYME THERAPEUTICS, INC.",0,,0,
HAO,Haoxi Health Technology Ltd,0,,0,
HAS,"HASBRO, INC.",0,,0,
HASI,"HA Sustainable Infrastructure Capital, Inc.",0,,0,
HAVA,Harvard Ave Acquisition Corp,0,,0,
HAVAR,Harvard Ave Acquisition Corp,0,,0,
HAVAU,Harvard Ave Acquisition Corp,0,,0,
HAWK,"HawkEye 360, Inc.",0,,0,
HAYW,"Hayward Holdings, Inc.",0,,0,
HBAN,HUNTINGTON BANCSHARES INC /MD/,0,,0,
HBANL,HUNTINGTON BANCSHARES INC /MD/,0,,0,
HBANM,HUNTINGTON BANCSHARES INC /MD/,0,,0,
HBANP,HUNTINGTON BANCSHARES INC /MD/,0,,0,
HBANZ,HUNTINGTON BANCSHARES INC /MD/,0,,0,
HBB,Hamilton Beach Brands Holding Co,0,,0,
HBCP,"HOME BANCORP, INC.",0,,0,
HBIO,HARVARD BIOSCIENCE INC,0,,0,
HBM,Hudbay Minerals Inc.,0,,0,
HBNB,Hotel101 Global Holdings Corp.,0,,0,
HBNC,HORIZON BANCORP INC /IN/,0,,0,
HBT,"HBT Financial, Inc.",0,,0,
HCA,"HCA Healthcare, Inc.",0,,0,
HCAC,Hall Chadwick Acquisition Corp,0,,0,
HCACR,Hall Chadwick Acquisition Corp,0,,0,
HCACU,Hall Chadwick Acquisition Corp,0,,0,
HCAI,"Huachen AI Parking Management Technology Holding Co., Ltd",0,,0,
HCAT,"Health Catalyst, Inc.",0,,0,
HCC,"WARRIOR MET COAL, INC.",0,,0,
HCHL,Happy City Holdings Ltd,0,,0,
HCI,"HCI Group, Inc.",0,,0,
HCIC,Hennessy Capital Investment Corp. VIII,0,,0,
HCICR,Hennessy Capital Investment Corp. VIII,0,,0,
HCICU,Hennessy Capital Investment Corp. VIII,0,,0,
HCKT,"HACKETT GROUP, INC.",0,,0,
HCM,HUTCHMED (China) Ltd,0,,0,
HCMA,HCM III ACQUISITION CORP.,0,,0,
HCMAU,HCM III ACQUISITION CORP.,0,,0,
HCMAW,HCM III ACQUISITION CORP.,0,,0,
HCSG,HEALTHCARE SERVICES GROUP INC,0,,0,
HCTI,"Healthcare Triangle, Inc.",0,,0,
HCWB,HCW Biologics Inc.,0,,0,
HCWC,HEALTHY CHOICE WELLNESS CORP.,1,2026-05-29,0,
HCXY,"Hercules Capital, Inc.",0,,0,
HD,"HOME DEPOT, INC.",0,,0,
HDB,HDFC BANK LTD,0,,0,
HDL,SUPER HI INTERNATIONAL HOLDING LTD.,0,,0,
HDLB,UBS AG,0,,0,
HDRN,"Hadron Energy, Inc.",0,,0,
HDRNW,"Hadron Energy, Inc.",0,,0,
HDSN,HUDSON TECHNOLOGIES INC /NY,1,2025-07-16,0,
HE,HAWAIIAN ELECTRIC INDUSTRIES INC,0,,0,
HEI,HEICO CORP,0,,0,
HEI.A,HEICO CORP,0,,0,
HELE,HELEN OF TROY LTD,0,,0,
HELP,CYBIN INC.,0,,0,
HEPS,D-MARKET Electronic Services & Trading,0,,0,
HEQ,John Hancock Diversified Income Fund,0,,0,
HERE,Here Group Ltd,0,,0,
HERZ,"Herzfeld Credit Income Fund, Inc",0,,0,
HESM,Hess Midstream LP,0,,0,
HFBL,"Home Federal Bancorp, Inc. of Louisiana",0,,0,
HFFG,HF Foods Group Inc.,0,,0,
HFRO,HIGHLAND OPPORTUNITIES & INCOME FUND,0,,0,
HFRO.PA,HIGHLAND OPPORTUNITIES & INCOME FUND,0,,0,
HFRO.PB,HIGHLAND OPPORTUNITIES & INCOME FUND,0,,0,
HFWA,HERITAGE FINANCIAL CORP /WA/,0,,0,
HG,"Hamilton Insurance Group, Ltd.",0,,0,
HGBL,Heritage Global Inc.,0,,0,
HGLB,HIGHLAND GLOBAL ALLOCATION FUND,0,,0,
HGTY,"Hagerty, Inc.",0,,0,
HGV,Hilton Grand Vacations Inc.,0,,0,
HHH,Howard Hughes Holdings Inc.,0,,0,
HHS,HARTE HANKS INC,0,,0,
HIG,"HARTFORD INSURANCE GROUP, INC.",0,,0,
HIG.PG,"HARTFORD INSURANCE GROUP, INC.",0,,0,
HIHO,HIGHWAY HOLDINGS LTD,0,,0,
HII,"HUNTINGTON INGALLS INDUSTRIES, INC.",0,,0,
HIMS,"Hims & Hers Health, Inc.",0,,0,
HIMX,"Himax Technologies, Inc.",0,,0,
HIND,"Vyome Holdings, Inc",0,,0,
HIO,WESTERN ASSET HIGH INCOME OPPORTUNITY FUND INC.,0,,0,
HIPO,Hippo Holdings Inc.,0,,0,
HIT,"Health In Tech, Inc.",0,,0,
HITI,High Tide Inc.,0,,0,
HIVE,HIVE Digital Technologies Ltd.,0,,0,
HIW,"HIGHWOODS PROPERTIES, INC.",0,,0,
HIX,WESTERN ASSET HIGH INCOME FUND II INC.,0,,0,
HKD,AMTD Digital Inc.,0,,0,
HKIT,HiTek Global Inc.,0,,0,
HKPD,"Cellyan Biotechnology Co., Ltd",0,,0,
HL,HECLA MINING CO/DE/,0,,0,
HL.PB,HECLA MINING CO/DE/,0,,0,
HLF,HERBALIFE LTD.,0,,0,
HLI,"HOULIHAN LOKEY, INC.",0,,0,
HLIO,"HELIOS TECHNOLOGIES, INC.",0,,0,
HLIT,HARMONIC INC.,0,,0,
HLLY,Holley Inc.,0,,0,
HLLY.WT,Holley Inc.,0,,0,
HLMN,Hillman Solutions Corp.,0,,0,
HLN,Haleon plc,0,,0,
HLNE,Hamilton Lane INC,0,,0,
HLP,Hongli Group Inc.,0,,0,
HLT,Hilton Worldwide Holdings Inc.,0,,0,
HLX,HELIX ENERGY SOLUTIONS GROUP INC,1,2026-04-23,0,
HLXC,Helix Acquisition Corp. III,0,,0,
HMC,HONDA MOTOR CO LTD,0,,0,
HMH,HMH Holding Inc,0,,0,
HMN,HORACE MANN EDUCATORS CORP /DE/,0,,0,
HMR,Heidmar Maritime Holdings Corp.,0,,0,
HMY,HARMONY GOLD MINING CO LTD,0,,0,
HNGE,"Hinge Health, Inc.",0,,0,
HNI,HNI CORP,0,,0,
HNNA,HENNESSY ADVISORS INC,0,,0,
HNNAZ,HENNESSY ADVISORS INC,0,,0,
HNRG,HALLADOR ENERGY CO,0,,0,
HNST,"Honest Company, Inc.",0,,0,
HNVR,"Hanover Bancorp, Inc. /MD",0,,0,
HOFT,HOOKER FURNISHINGS Corp,0,,0,
HOG,"HARLEY-DAVIDSON, INC.",0,,0,
HOLO,MicroCloud Hologram Inc.,0,,0,
HOLOW,MicroCloud Hologram Inc.,0,,0,
HOMB,HOME BANCSHARES INC,0,,0,
HON,HONEYWELL INTERNATIONAL INC,0,,0,
HOOD,"Robinhood Markets, Inc.",0,,0,
HOPE,HOPE BANCORP INC,0,,0,
HOUR,"Hour Loop, Inc",0,,0,
HOV,HOVNANIAN ENTERPRISES INC,0,,0,
HOVNP,HOVNANIAN ENTERPRISES INC,0,,0,
HOVR,New Horizon Aircraft Ltd.,0,,0,
HOVRW,New Horizon Aircraft Ltd.,0,,0,
HOWL,"Werewolf Therapeutics, Inc.",0,,0,
HP,"Helmerich & Payne, Inc.",0,,0,
HPAI,Helport AI Ltd,0,,0,
HPAIW,Helport AI Ltd,0,,0,
HPE,Hewlett Packard Enterprise Co,0,,0,
HPE.PC,Hewlett Packard Enterprise Co,0,,0,
HPF,JOHN HANCOCK PREFERRED INCOME FUND II,0,,0,
HPI,JOHN HANCOCK PREFERRED INCOME FUND,0,,0,
HPK,"HighPeak Energy, Inc.",0,,0,
HPP,"Hudson Pacific Properties, Inc.",0,,0,
HPP.PC,"Hudson Pacific Properties, Inc.",0,,0,
HPQ,HP INC,0,,0,
HPS,JOHN HANCOCK PREFERRED INCOME FUND III,0,,0,
HQ,Horizon Quantum Holdings Ltd.,0,,0,
HQH,abrdn Healthcare Investors,0,,0,
HQI,"HireQuest, Inc.",0,,0,
HQL,abrdn Life Sciences Investors,0,,0,
HQWWW,Horizon Quantum Holdings Ltd.,0,,0,
HQY,"HEALTHEQUITY, INC.",0,,0,
HR,Healthcare Realty Trust Inc,0,,0,
HRB,H&R BLOCK INC,0,,0,
HRI,HERC HOLDINGS INC,0,,0,
HRL,HORMEL FOODS CORP /DE/,0,,0,
HRMY,"Harmony Biosciences Holdings, Inc.",0,,0,
HROW,"HARROW, INC.",0,,0,
HRTG,"Heritage Insurance Holdings, Inc.",0,,0,
HRTX,"HERON THERAPEUTICS, INC. /DE/",0,,0,
HRZN,Horizon Technology Finance Corp,0,,0,
HSAI,Hesai Group,0,,0,
HSBC,HSBC HOLDINGS PLC,0,,0,
HSCS,HeartSciences Inc.,0,,0,
HSCSW,HeartSciences Inc.,0,,0,
HSDT,Solana Co,0,,0,
HSHP,Himalaya Shipping Ltd.,0,,0,
HSIC,HENRY SCHEIN INC,0,,0,
HSLV,Highlander Silver Corp.,0,,0,
HSPT,Horizon Space Acquisition II Corp.,0,,0,
HSPTR,Horizon Space Acquisition II Corp.,0,,0,
HSPTU,Horizon Space Acquisition II Corp.,0,,0,
HST,"HOST HOTELS & RESORTS, INC.",0,,0,
HSTM,HEALTHSTREAM INC,0,,0,
HSY,HERSHEY CO,0,,0,
HTB,"HomeTrust Bancshares, Inc.",0,,0,
HTCO,High-Trend International Group,0,,0,
HTCR,"HeartCore Enterprises, Inc.",0,,0,
HTD,JOHN HANCOCK TAX-ADVANTAGED DIVIDEND INCOME FUND,0,,0,
HTFC,Horizon Technology Finance Corp,0,,0,
HTFL,"Heartflow, Inc.",0,,0,
HTGC,"Hercules Capital, Inc.",0,,0,
HTH,Hilltop Holdings Inc.,0,,0,
HTHT,H World Group Ltd,0,,0,
HTLD,HEARTLAND EXPRESS INC,0,,0,
HTLM,HomesToLife Ltd,0,,0,
HTO,H2O AMERICA,0,,0,
HTOO,Fusion Fuel Green PLC,0,,0,
HTT,High Templar Tech Ltd,0,,0,
HTZ,"HERTZ GLOBAL HOLDINGS, INC",0,,0,
HTZWW,"HERTZ GLOBAL HOLDINGS, INC",0,,0,
HUBB,HUBBELL INC,0,,0,
HUBC,Hub Cyber Security Ltd.,0,,0,
HUBCW,Hub Cyber Security Ltd.,0,,0,
HUBCZ,Hub Cyber Security Ltd.,0,,0,
HUBG,"Hub Group, Inc.",0,,0,
HUBS,HUBSPOT INC,0,,0,
HUDI,"Huadi International Group Co., Ltd.",0,,0,
HUHU,HUHUTECH International Group Inc.,0,,0,
HUIZ,Huize Holding Ltd,0,,0,
HUM,HUMANA INC,0,,0,
HUMA,"Humacyte, Inc.",0,,0,
HUMAW,"Humacyte, Inc.",0,,0,
HUN,Huntsman CORP,0,,0,
HURA,"TuHURA Biosciences, Inc./NV",0,,0,
HURC,HURCO COMPANIES INC,0,,0,
HURN,Huron Consulting Group Inc.,0,,0,
HUT,Hut 8 Corp.,0,,0,
HUYA,HUYA Inc.,0,,0,
HVII,Hennessy Capital Investment Corp. VII,1,2025-10-23,0,
HVIIR,Hennessy Capital Investment Corp. VII,0,,0,
HVIIU,Hennessy Capital Investment Corp. VII,0,,0,
HVMC,Highview Merger Corp.,0,,0,
HVMCU,Highview Merger Corp.,0,,0,
HVMCW,Highview Merger Corp.,0,,0,
HVT,HAVERTY FURNITURE COMPANIES INC,0,,0,
HVT.A,HAVERTY FURNITURE COMPANIES INC,0,,0,
HWBK,"HAWTHORN BANCSHARES, INC.",0,,0,
HWC,HANCOCK WHITNEY CORP,0,,0,
HWCPZ,HANCOCK WHITNEY CORP,0,,0,
HWH,HWH International Inc.,0,,0,
HWKN,HAWKINS INC,0,,0,
HWM,Howmet Aerospace Inc.,0,,0,
HXHX,Haoxin Holdings Ltd,0,,0,
HXL,HEXCEL CORP /DE/,0,,0,
HY,"HYSTER-YALE, INC.",0,,0,
HYFM,"HYDROFARM HOLDINGS GROUP, INC.",0,,0,
HYFT,MindWalk Holdings Corp.,0,,0,
HYI,Western Asset High Yield Opportunity Fund Inc.,0,,0,
HYLN,Hyliion Holdings Corp.,0,,0,
HYMC,HYCROFT MINING HOLDING CORP,1,2025-12-03,0,
HYNE,"Hoyne Bancorp, Inc.",0,,0,
HYPD,"HYPERION DEFI, INC.",0,,0,
HYPG,Grayscale Hyperliquid Staking ETF,0,,0,
HYPR,"Hyperfine, Inc.",0,,0,
HYT,"BLACKROCK CORPORATE HIGH YIELD FUND, INC.",0,,0,
HZO,MARINEMAX INC,1,2026-02-03,0,
IACO,Idea Acquisition Corp.,0,,0,
IACOU,Idea Acquisition Corp.,0,,0,
IACOW,Idea Acquisition Corp.,0,,0,
IACQU,Irenic Acquisition Corp.,0,,0,
IAE,Voya Asia Pacific High Dividend Equity Income Fund,0,,0,
IAF,"ABRDN AUSTRALIA EQUITY FUND, INC.",0,,0,
IAG,IAMGOLD CORP,0,,0,
IART,INTEGRA LIFESCIENCES HOLDINGS CORP,0,,0,
IAU,ISHARES GOLD TRUST,0,,0,
IAUM,iShares Gold Trust Micro,0,,0,
IAUX,i-80 Gold Corp.,0,,0,
IAUX.WT,i-80 Gold Corp.,0,,0,
IBAC,IB Acquisition Corp.,1,2026-03-16,0,
IBACR,IB Acquisition Corp.,0,,0,
IBCP,INDEPENDENT BANK CORP /MI/,0,,0,
IBEX,IBEX Ltd,0,,0,
IBG,Innovation Beverage Group Ltd,0,,0,
IBIO,"iBio, Inc.",0,,0,
IBIT,iShares Bitcoin Trust ETF,0,,0,
IBKR,"Interactive Brokers Group, Inc.",0,,0,
IBM,INTERNATIONAL BUSINESS MACHINES CORP,0,,0,
IBN,ICICI BANK LTD,0,,0,
IBO,IMPACT BIOMEDICAL INC.,1,2025-06-23,0,
IBOC,INTERNATIONAL BANCSHARES CORP,0,,0,
IBP,"Installed Building Products, Inc.",0,,0,
IBRX,"ImmunityBio, Inc.",0,,0,
IBTA,"Ibotta, Inc.",0,,0,
ICCC,IMMUCELL CORP /DE/,0,,0,
ICCM,IceCure Medical Ltd.,0,,0,
ICE,"Intercontinental Exchange, Inc.",0,,0,
ICFI,"ICF International, Inc.",0,,0,
ICG,Intchains Group Ltd,0,,0,
ICHR,"ICHOR HOLDINGS, LTD.",0,,0,
ICL,ICL Group Ltd.,0,,0,
ICLR,ICON PLC,0,,0,
ICMB,"Investcorp Credit Management BDC, Inc.",0,,0,
ICON,Icon Energy Corp,0,,0,
ICR.PA,"InPoint Commercial Real Estate Income, Inc.",0,,0,
ICU,SeaStar Medical Holding Corp,0,,0,
ICUCW,SeaStar Medical Holding Corp,0,,0,
ICUI,ICU MEDICAL INC/DE,0,,0,
IDA,IDACORP INC,0,,0,
IDACU,Iron Dome Acquisition I Corp.,0,,0,
IDAI,T Stamp Inc,0,,0,
IDCC,"InterDigital, Inc.",0,,0,
IDE,"Voya Infrastructure, Industrials & Materials Fund",0,,0,
IDN,"Intellicheck, Inc.",0,,0,
IDR,"Idaho Strategic Resources, Inc.",0,,0,
IDT,IDT CORP,0,,0,
IDXX,IDEXX LABORATORIES INC /DE,0,,0,
IDYA,"IDEAYA Biosciences, Inc.",0,,0,
IE,Ivanhoe Electric Inc.,0,,0,
IEAG,Infinite Eagle Acquisition Corp.,0,,0,
IEAGR,Infinite Eagle Acquisition Corp.,0,,0,
IEAGU,Infinite Eagle Acquisition Corp.,0,,0,
IEP,ICAHN ENTERPRISES L.P.,0,,0,
IESC,"IES Holdings, Inc.",0,,0,
IEX,IDEX CORP /DE/,0,,0,
IFBD,"Infobird Co., Ltd",0,,0,
IFED,UBS AG,0,,0,
IFF,INTERNATIONAL FLAVORS & FRAGRANCES INC,0,,0,
IFN,"ABERDEEN INDIA FUND, INC.",0,,0,
IFRX,InflaRx N.V.,0,,0,
IFS,Intercorp Financial Services Inc.,0,,0,
IGA,Voya Global Advantage & Premium Opportunity Fund,0,,0,
IGAC,Invest Green Acquisition Corp,0,,0,
IGACR,Invest Green Acquisition Corp,0,,0,
IGACU,Invest Green Acquisition Corp,0,,0,
IGC,"IGC Pharma, Inc.",0,,0,
IGD,Voya GLOBAL EQUITY DIVIDEND & PREMIUM OPPORTUNITY FUND,0,,0,
IGI,Western Asset Investment Grade Opportunity Trust Inc.,0,,0,
IGIC,International General Insurance Holdings Ltd.,0,,0,
IGR,CBRE GLOBAL REAL ESTATE INCOME FUND,0,,0,
IH,iHuman Inc.,0,,0,
IHD,Voya Emerging Markets High Dividend Equity Fund,0,,0,
IHG,INTERCONTINENTAL HOTELS GROUP PLC /NEW/,0,,0,
IHRT,"iHeartMedia, Inc.",0,,0,
IHS,IHS Holding Ltd,0,,0,
IHT,INNSUITES HOSPITALITY TRUST,0,,0,
IIF,"MORGAN STANLEY INDIA INVESTMENT FUND, INC.",0,,0,
III,Information Services Group Inc.,0,,0,
IIIN,INSTEEL INDUSTRIES INC,0,,0,
IIIV,"i3 Verticals, Inc.",0,,0,
IIM,Invesco Value Municipal Income Trust,0,,0,
IIPR,INNOVATIVE INDUSTRIAL PROPERTIES INC,0,,0,
IIPR.PA,INNOVATIVE INDUSTRIAL PROPERTIES INC,0,,0,
IKT,"Inhibikase Therapeutics, Inc.",0,,0,
ILAG,Intelligent Living Application Group Inc.,0,,0,
ILLR,Triller Group Inc.,0,,0,
ILLRW,Triller Group Inc.,0,,0,
ILLU,Illumination Acquisition Corp. I,0,,0,
ILLUU,Illumination Acquisition Corp. I,0,,0,
ILLUW,Illumination Acquisition Corp. I,0,,0,
ILMN,"ILLUMINA, INC.",0,,0,
ILPT,Industrial Logistics Properties Trust,0,,0,
IMA,"ImageneBio, Inc.",0,,0,
IMAX,IMAX CORP,0,,0,
IMCC,IM Cannabis Corp.,0,,0,
IMCR,Immunocore Holdings plc,0,,0,
IMDX,Insight Molecular Diagnostics Inc.,0,,0,
IMKTA,INGLES MARKETS INC,0,,0,
IMMP,IMMUTEP Ltd,0,,0,
IMMR,IMMERSION CORP,0,,0,
IMMX,"Immix Biopharma, Inc.",0,,0,
IMNM,Immunome Inc.,0,,0,
IMNN,"Imunon, Inc.",0,,0,
IMO,IMPERIAL OIL LTD,0,,0,
IMOS,CHIPMOS TECHNOLOGIES INC,0,,0,
IMPP,Imperial Petroleum Inc./Marshall Islands,0,,0,
IMPPP,Imperial Petroleum Inc./Marshall Islands,0,,0,
IMRN,Immuron Ltd,0,,0,
IMRX,Immuneering Corp,0,,0,
IMSR,Terrestrial Energy Inc. /DE/,0,,0,
IMSRW,Terrestrial Energy Inc. /DE/,0,,0,
IMTE,Integrated Media Technology Ltd,0,,0,
IMTX,Immatics N.V.,0,,0,
IMUX,"IMMUNIC, INC.",0,,0,
IMVT,"Immunovant, Inc.",0,,0,
IMXI,"International Money Express, Inc.",1,2025-08-10,0,
INAB,"IN8BIO, INC.",0,,0,
INAC,Indigo Acquisition Corp.,0,,0,
INACR,Indigo Acquisition Corp.,0,,0,
INACU,Indigo Acquisition Corp.,0,,0,
INBK,First Internet Bancorp,0,,0,
INBKZ,First Internet Bancorp,0,,0,
INBS,INTELLIGENT BIO SOLUTIONS INC.,0,,0,
INBX,"Inhibrx Biosciences, Inc.",0,,0,
INCR,Intercure Ltd.,0,,0,
INCY,INCYTE CORP,0,,0,
INDB,INDEPENDENT BANK CORP,0,,0,
INDI,"indie Semiconductor, Inc.",0,,0,
INDO,Indonesia Energy Corp Ltd,0,,0,
INDP,"Indaptus Therapeutics, Inc.",0,,0,
INDV,"Indivior Pharmaceuticals, Inc.",0,,0,
INEO,INNEOVA Holdings Ltd,0,,0,
INFQ,"Infleqtion, Inc.",0,,0,
INFQ.WT,"Infleqtion, Inc.",0,,0,
INFU,"InfuSystem Holdings, Inc",0,,0,
INFY,Infosys Ltd,0,,0,
ING,ING GROEP NV,0,,0,
INGM,Ingram Micro Holding Corp,0,,0,
INGN,Inogen Inc,0,,0,
INGR,Ingredion Inc,0,,0,
INHD,INNO HOLDINGS INC.,0,,0,
INIO,INNIO N.V.,0,,0,
INKT,"MiNK Therapeutics, Inc.",0,,0,
INLF,INLIF Ltd,0,,0,
INLX,"INTELLINETICS, INC.",0,,0,
INM,InMed Pharmaceuticals Inc.,0,,0,
INMB,"Inmune Bio, Inc.",0,,0,
INMD,InMode Ltd.,0,,0,
INN,"Summit Hotel Properties, Inc.",0,,0,
INN.PE,"Summit Hotel Properties, Inc.",0,,0,
INN.PF,"Summit Hotel Properties, Inc.",0,,0,
INNV,InnovAge Holding Corp.,0,,0,
INO,"INOVIO PHARMACEUTICALS, INC.",0,,0,
INOD,INNODATA INC,0,,0,
INR,"INFINITY NATURAL RESOURCES, INC.",0,,0,
INSE,"Inspired Entertainment, Inc.",0,,0,
INSG,INSEEGO CORP.,0,,0,
INSM,INSMED Inc,0,,0,
INSP,"Inspire Medical Systems, Inc.",0,,0,
INSW,"International Seaways, Inc.",0,,0,
INTA,"Intapp, Inc.",0,,0,
INTC,INTEL CORP,0,,0,
INTG,INTERGROUP CORP,0,,0,
INTJ,Intelligent Group Ltd,0,,0,
INTR,"Inter & Co, Inc.",0,,0,
INTS,"INTENSITY THERAPEUTICS, INC.",0,,0,
INTT,INTEST CORP,0,,0,
INTU,INTUIT INC.,0,,0,
INTZ,INTRUSION INC,0,,0,
INUV,"Inuvo, Inc.",0,,0,
INV,"Innventure, Inc.",0,,0,
INVA,"Innoviva, Inc.",0,,0,
INVE,"Identiv, Inc.",0,,0,
INVH,Invitation Homes Inc.,0,,0,
INVX,"Innovex International, Inc.",0,,0,
INVZ,Innoviz Technologies Ltd.,0,,0,
IONQ,"IonQ, Inc.",0,,1,2026-01-26
IONQ.WT,"IonQ, Inc.",0,,0,
IONR,ioneer Ltd,0,,0,
IONS,IONIS PHARMACEUTICALS INC,0,,0,
IOR,INCOME OPPORTUNITY REALTY INVESTORS INC /TX/,0,,0,
IOSP,INNOSPEC INC.,0,,0,
IOT,Samsara Inc.,0,,0,
IOTR,iOThree Ltd,0,,0,
IOVA,"IOVANCE BIOTHERAPEUTICS, INC.",0,,0,
IP,INTERNATIONAL PAPER CO /NEW/,0,,0,
IPAR,INTERPARFUMS INC,0,,0,
IPB,MERRILL LYNCH DEPOSITOR INC INDEXPLUS TRUST SERIES 2003-1,0,,0,
IPCX,Inflection Point Acquisition Corp. III,1,2025-08-25,0,
IPCXR,Inflection Point Acquisition Corp. III,0,,0,
IPCXU,Inflection Point Acquisition Corp. III,0,,0,
IPDN,"Professional Diversity Network, Inc.",0,,0,
IPEX,Inflection Point Acquisition Corp. V,0,,0,
IPEXR,Inflection Point Acquisition Corp. V,0,,0,
IPEXU,Inflection Point Acquisition Corp. V,0,,0,
IPFX,Inflection Point Acquisition Corp. VI,1,2026-06-08,0,
IPFXU,Inflection Point Acquisition Corp. VI,0,,0,
IPFXW,Inflection Point Acquisition Corp. VI,0,,0,
IPGP,IPG PHOTONICS CORP,0,,0,
IPHA,Innate Pharma SA,0,,0,
IPI,"Intrepid Potash, Inc.",0,,0,
IPM,INTELLIGENT PROTECTION MANAGEMENT CORP.,0,,0,
IPSC,"Century Therapeutics, Inc.",0,,0,
IPST,"IP STRATEGY HOLDINGS, INC.",0,,0,
IPVVU,"InterPrivate Investment Partners V, Inc.",0,,0,
IPW,iPower Inc.,0,,0,
IPWR,Ideal Power Inc.,0,,0,
IPX,IPERIONX Ltd,0,,0,
IQ,"iQIYI, Inc.",0,,0,
IQI,Invesco Quality Municipal Income Trust,0,,0,
IQST,iQSTEL Inc,0,,0,
IQV,IQVIA HOLDINGS INC.,0,,0,
IR,Ingersoll Rand Inc.,0,,0,
IRAB,Iris Acquisition Corp II,0,,0,
IRAB.UN,Iris Acquisition Corp II,0,,0,
IRAB.WT,Iris Acquisition Corp II,0,,0,
IRD,"Opus Genetics, Inc.",0,,0,
IRDM,Iridium Communications Inc.,0,,0,
IREN,IREN Ltd,0,,0,
IRHO,Iron Horse Acquisition II Corp.,0,,0,
IRHOR,Iron Horse Acquisition II Corp.,0,,0,
IRHOU,Iron Horse Acquisition II Corp.,0,,0,
IRIX,IRIDEX CORP,0,,0,
IRM,IRON MOUNTAIN INC,0,,0,
IRMD,IRADIMED CORP,0,,0,
IRON,"Disc Medicine, Inc.",0,,0,
IRS,IRSA INVESTMENTS & REPRESENTATIONS INC,0,,0,
IRT,"INDEPENDENCE REALTY TRUST, INC.",0,,0,
IRTC,"iRhythm Holdings, Inc.",0,,0,
IRWD,IRONWOOD PHARMACEUTICALS INC,0,,0,
ISBA,ISABELLA BANK CORP,0,,0,
ISD,"PGIM High Yield Bond Fund, Inc.",0,,0,
ISNRU,Snow Rothschild Acquisition Corp.,0,,0,
ISOU,IsoEnergy Ltd.,0,,0,
ISPC,iSpecimen Inc.,0,,0,
ISPR,Ispire Technology Inc.,0,,0,
ISRG,INTUITIVE SURGICAL INC,0,,0,
ISSC,INNOVATIVE SOLUTIONS & SUPPORT INC,0,,0,
ISTR,Investar Holding Corp,0,,0,
IT,GARTNER INC,0,,0,
ITGR,Integer Holdings Corp,0,,0,
ITHA,ITHAX Acquisition Corp III,0,,0,
ITHAU,ITHAX Acquisition Corp III,0,,0,
ITHAW,ITHAX Acquisition Corp III,0,,0,
ITIC,INVESTORS TITLE CO,0,,0,
ITOC,iTonic Holdings Ltd,1,2025-08-29,0,
ITP,"IT TECH PACKAGING, INC.",0,,0,
ITRG,Integra Resources Corp.,0,,0,
ITRI,"ITRON, INC.",0,,0,
ITRN,Ituran Location & Control Ltd.,0,,0,
ITT,ITT INC.,0,,0,
ITUB,Itau Unibanco Holding S.A.,0,,0,
ITW,ILLINOIS TOOL WORKS INC,0,,0,
IVA,Inventiva S.A.,0,,0,
IVDA,"Iveda Solutions, Inc.",0,,0,
IVDAW,"Iveda Solutions, Inc.",0,,0,
IVF,"INVO Fertility, Inc.",0,,0,
IVR,Invesco Mortgage Capital Inc.,0,,0,
IVR.PC,Invesco Mortgage Capital Inc.,0,,0,
IVT,InvenTrust Properties Corp.,0,,0,
IVVD,"Invivyd, Inc.",0,,0,
IVZ,Invesco Ltd.,0,,0,
IWDL,UBS AG,0,,0,
IWFL,UBS AG,0,,0,
IWML,UBS AG,0,,0,
IX,ORIX CORP,0,,0,
IXHL,Incannex Healthcare Inc.,0,,0,
IZEA,"IZEA Worldwide, Inc.",0,,0,
IZM,ICZOOM Group Inc.,0,,0,
J,JACOBS SOLUTIONS INC.,0,,0,
JABRU,JAB Acquisition Corp I,0,,0,
JACK,JACK IN THE BOX INC,0,,0,
JACS,Jackson Acquisition Co II,0,,0,
JACS.RI,Jackson Acquisition Co II,0,,0,
JACS.UN,Jackson Acquisition Co II,0,,0,
JAGU,Jaguar Uranium Corp.,0,,0,
JAGX,"Jaguar Health, Inc.",0,,0,
JAKK,JAKKS PACIFIC INC,0,,0,
JAN,"Janus Living, Inc.",0,,0,
JANX,"Janux Therapeutics, Inc.",0,,0,
JATT,JATT II Acquisition Corp.,0,,0,
JAZZ,Jazz Pharmaceuticals plc,0,,0,
JBDI,JBDI Holdings Ltd,0,,0,
JBGS,JBG SMITH Properties,0,,0,
JBHT,HUNT J B TRANSPORT SERVICES INC,0,,0,
JBI,"Janus International Group, Inc.",0,,0,
JBIO,"Jade Biosciences, Inc.",0,,0,
JBK,LEHMAN ABS CORP GOLDMAN SACHS CAP 1 SEC BACKED SER 2004-6,0,,0,
JBL,JABIL INC,0,,0,
JBLU,JETBLUE AIRWAYS CORP,0,,0,
JBS,JBS N.V.,0,,0,
JBSS,SANFILIPPO JOHN B & SON INC,0,,0,
JBTM,JBT MAREL Corp,0,,0,
JCAP,"Jefferson Capital, Inc. / DE",0,,0,
JCE,Nuveen Core Equity Alpha Fund,0,,0,
JCI,Johnson Controls International plc,0,,0,
JCSE,JE Cleantech Holdings Ltd,0,,0,
JCTC,JEWETT CAMERON TRADING CO LTD,0,,0,
JD,"JD.com, Inc.",0,,0,
JDZG,JIADE Ltd,0,,0,
JEF,Jefferies Financial Group Inc.,0,,0,
JELD,"JELD-WEN Holding, Inc.",0,,0,
JEM,707 Cayman Holdings Ltd.,0,,0,
JENA,JENA ACQUISITION Corp II,0,,0,
JENA.RI,JENA ACQUISITION Corp II,0,,0,
JENA.UN,JENA ACQUISITION Corp II,0,,0,
JETD,BANK OF MONTREAL /CAN/,0,,0,
JETU,BANK OF MONTREAL /CAN/,0,,0,
JF,J & Friends Holdings Ltd,0,,0,
JFB,JFB Construction Holdings,1,2026-02-17,0,
JFIN,Jiayin Group Inc.,0,,0,
JFR,NUVEEN FLOATING RATE INCOME FUND,0,,0,
JFU,9F Inc.,0,,0,
JG,Aurora Mobile Ltd,0,,0,
JGH,Nuveen Global High Income Fund,0,,0,
JHG,JANUS HENDERSON GROUP PLC,0,,0,
JHI,JOHN HANCOCK INVESTORS TRUST,0,,0,
JHS,JOHN HANCOCK INCOME SECURITIES TRUST,0,,0,
JHX,James Hardie Industries plc,0,,0,
JILL,"J.Jill, Inc.",0,,0,
JJSF,J&J SNACK FOODS CORP,0,,0,
JKHY,JACK HENRY & ASSOCIATES INC,0,,0,
JKS,"JinkoSolar Holding Co., Ltd.",0,,0,
JL,J-Long Group Ltd,0,,0,
JLHL,Julong Holding Ltd,0,,0,
JLL,JONES LANG LASALLE INC,0,,0,
JLS,Nuveen Mortgage & Income Fund/MA/,0,,0,
JMG,JM Group Ltd,0,,0,
JMIA,Jumia Technologies AG,0,,0,
JMM,Nuveen Multi-Market Income Fund,0,,0,
JMSB,"John Marshall Bancorp, Inc.",0,,0,
JNJ,JOHNSON & JOHNSON,0,,0,
JOB,GEE Group Inc.,1,2026-05-06,0,
JOBY,"Joby Aviation, Inc.",0,,0,
JOBY.WT,"Joby Aviation, Inc.",0,,0,
JOE,ST JOE Co,0,,0,
JOF,JAPAN SMALLER CAPITALIZATION FUND INC,0,,0,
JOUT,JOHNSON OUTDOORS INC,0,,0,
JOYY,JOYY Inc.,0,,0,
JPC,Nuveen Preferred & Income Opportunities Fund,0,,0,
JPM,JPMORGAN CHASE & CO,0,,0,
JPM.PC,JPMORGAN CHASE & CO,0,,0,
JPM.PD,JPMORGAN CHASE & CO,0,,0,
JPM.PJ,JPMORGAN CHASE & CO,0,,0,
JPM.PK,JPMORGAN CHASE & CO,0,,0,
JPM.PL,JPMORGAN CHASE & CO,0,,0,
JPM.PM,JPMORGAN CHASE & CO,0,,0,
JQC,Nuveen Credit Strategies Income Fund,0,,0,
JRI,Nuveen Real Asset Income & Growth Fund,0,,0,
JRS,NUVEEN REAL ESTATE INCOME FUND,0,,0,
JRSH,"Jerash Holdings (US), Inc.",0,,0,
JRVR,"James River Group Holdings, Inc.",0,,0,
JSM,NAVIENT CORP,0,,0,
JSPR,"Jasper Therapeutics, Inc.",0,,0,
JSPRW,"Jasper Therapeutics, Inc.",0,,0,
JTAI,Jet.AI Inc.,0,,0,
JUNS,"JUPITER NEUROSCIENCES, INC.",0,,0,
JVA,COFFEE HOLDING CO INC,0,,0,
JWEL,Jowell Global Ltd.,0,,0,
JXG,JX Luxventure Group Inc.,0,,0,
JXN,Jackson Financial Inc.,0,,0,
JXN.PA,Jackson Financial Inc.,0,,0,
JYD,Jayud Global Logistics Ltd,0,,0,
JYNT,JOINT Corp,0,,0,
JZ,Jianzhi Education Technology Group Co Ltd,0,,0,
JZXN,"Jiuzi Holdings, Inc.",0,,0,
KAI,KADANT INC,0,,0,
KALA,"KALA BIO, Inc.",0,,0,
KALU,KAISER ALUMINUM CORP,0,,0,
KALV,"KalVista Pharmaceuticals, Inc.",1,2026-04-29,0,
KAPA,"Kairos Pharma, LTD.",0,,0,
KARO,Karooooo Ltd.,0,,0,
KB,KB Financial Group Inc.,0,,0,
KBDC,"Kayne Anderson BDC, Inc.",0,,0,
KBH,KB HOME,0,,0,
KBON,Karbon Capital Partners Corp.,0,,0,
KBONU,Karbon Capital Partners Corp.,0,,0,
KBONW,Karbon Capital Partners Corp.,0,,0,
KBR,"KBR, INC.",0,,0,
KBSX,FST Corp.,0,,0,
KC,Kingsoft Cloud Holdings Ltd,0,,0,
KCA.UN,Kensington Capital Acquisition Corp. VI,0,,0,
KCAC.UN,Kensington Capital Acquisition Corp. VI,0,,0,
KCAC.WT,Kensington Capital Acquisition Corp. VI,0,,0,
KCHV,Kochav Defense Acquisition Corp.,0,,0,
KCHVR,Kochav Defense Acquisition Corp.,0,,0,
KCHVU,Kochav Defense Acquisition Corp.,0,,0,
KD,"Kyndryl Holdings, Inc.",0,,0,
KDK,"Kodiak AI, Inc.",0,,0,
KDKRW,"Kodiak AI, Inc.",0,,0,
KDP,Keurig Dr Pepper Inc.,0,,0,
KE,"Kimball Electronics, Inc.",0,,0,
KEEL,Keel Infrastructure Corp.,0,,0,
KELYA,KELLY SERVICES INC,1,2026-01-12,0,
KELYB,KELLY SERVICES INC,0,,0,
KEN,Kenon Holdings Ltd.,0,,0,
KEP,KOREA ELECTRIC POWER CORP,0,,0,
KEQU,KEWAUNEE SCIENTIFIC CORP /DE/,0,,0,
KEX,KIRBY CORP,0,,0,
KEY,KEYCORP /NEW/,0,,0,
KEY.PI,KEYCORP /NEW/,0,,0,
KEY.PJ,KEYCORP /NEW/,0,,0,
KEY.PK,KEYCORP /NEW/,0,,0,
KEY.PL,KEYCORP /NEW/,0,,0,
KEYS,"Keysight Technologies, Inc.",0,,0,
KEYYU,Keystone Acquisition Corp.,0,,0,
KF,KOREA FUND INC,0,,0,
KFFB,Kentucky First Federal Bancorp,0,,0,
KFII,K&F GROWTH ACQUISITION CORP. II,0,,0,
KFIIR,K&F GROWTH ACQUISITION CORP. II,0,,0,
KFIIU,K&F GROWTH ACQUISITION CORP. II,0,,0,
KFRC,KFORCE INC,0,,0,
KFY,KORN FERRY,0,,0,
KG,Kestrel Group Ltd,0,,0,
KGC,KINROSS GOLD CORP,0,,0,
KGEI,Kolibri Global Energy Inc.,0,,0,
KGS,"Kodiak Gas Services, Inc.",0,,0,
KHC,Kraft Heinz Co,0,,0,
KIDS,ORTHOPEDIATRICS CORP,0,,0,
KIDZ,KIDZ AI Inc.,0,,0,
KIDZW,KIDZ AI Inc.,0,,0,
KIM,KIMCO REALTY CORP,0,,0,
KIM.PL,KIMCO REALTY CORP,0,,0,
KIM.PM,KIMCO REALTY CORP,0,,0,
KIM.PN,KIMCO REALTY CORP,0,,0,
KINS,"KINGSTONE COMPANIES, INC.",0,,0,
KIO,KKR Income Opportunities Fund,0,,0,
KITT,"Nauticus Robotics, Inc.",0,,0,
KITTW,"Nauticus Robotics, Inc.",0,,0,
KKR,KKR & Co. Inc.,0,,0,
KKR.PD,KKR & Co. Inc.,0,,0,
KKRS,KKR & Co. Inc.,0,,0,
KKRT,KKR & Co. Inc.,0,,0,
KLAC,KLA CORP,0,,0,
KLAR,Klarna Group plc,0,,0,
KLC,"KinderCare Learning Companies, Inc.",0,,0,
KLIC,KULICKE & SOFFA INDUSTRIES INC,0,,0,
KLRA,"Kailera Therapeutics, Inc.",0,,0,
KLRS,"Kalaris Therapeutics, Inc.",0,,0,
KLTR,KALTURA INC,0,,0,
KLXE,"KLX Energy Services Holdings, Inc.",0,,0,
KMB,KIMBERLY CLARK CORP,0,,1,2025-11-03
KMDA,KAMADA LTD,0,,0,
KMI,"KINDER MORGAN, INC.",0,,0,
KMPB,KEMPER Corp,0,,0,
KMPR,KEMPER Corp,0,,0,
KMRK,K-TECH SOLUTIONS CO LTD,0,,0,
KMT,KENNAMETAL INC,0,,0,
KMTS,"KESTRA MEDICAL TECHNOLOGIES, LTD.",0,,0,
KMX,CARMAX INC,0,,0,
KN,Knowles Corp,0,,0,
KNDI,"Kandi Technologies Group, Inc.",0,,0,
KNF,Knife River Corp,0,,0,
KNOP,KNOT Offshore Partners LP,0,,0,
KNRX,KNOREX LTD.,0,,0,
KNSA,"Kiniksa Pharmaceuticals International, plc",0,,0,
KNSL,"Kinsale Capital Group, Inc.",0,,0,
KNTK,Kinetik Holdings Inc.,0,,0,
KNX,Knight-Swift Transportation Holdings Inc.,0,,0,
KO,COCA COLA CO,0,,0,
KOD,Kodiak Sciences Inc.,0,,0,
KODK,EASTMAN KODAK CO,0,,0,
KOF,COCA COLA FEMSA SAB DE CV,0,,0,
KOLD,ProShares Trust II,0,,0,
KOP,Koppers Holdings Inc.,0,,0,
KOPN,KOPIN CORP,0,,0,
KORE,"KORE Group Holdings, Inc.",1,2026-02-27,0,
KOS,Kosmos Energy Ltd.,0,,0,
KOSS,KOSS CORP,0,,0,
KOYN,"CSLM Digital Asset Acquisition Corp III, Ltd",1,2025-12-02,0,
KOYNU,"CSLM Digital Asset Acquisition Corp III, Ltd",0,,0,
KOYNW,"CSLM Digital Asset Acquisition Corp III, Ltd",0,,0,
KPET,KPET Ultra Paceline Corp,0,,0,
KPET.UN,KPET Ultra Paceline Corp,0,,0,
KPET.WT,KPET Ultra Paceline Corp,0,,0,
KPLT,"Katapult Holdings, Inc.",1,2025-12-12,0,
KPLTW,"Katapult Holdings, Inc.",0,,0,
KPRX,KIORA PHARMACEUTICALS INC,0,,0,
KPTI,Karyopharm Therapeutics Inc.,0,,0,
KR,KROGER CO,0,,0,
KRAQ,KRAKacquisition Corp,0,,0,
KRAQU,KRAKacquisition Corp,0,,0,
KRAQW,KRAKacquisition Corp,0,,0,
KRC,KILROY REALTY CORP,0,,0,
KREF,KKR Real Estate Finance Trust Inc.,0,,0,
KREF.PA,KKR Real Estate Finance Trust Inc.,0,,0,
KRG,KITE REALTY GROUP TRUST,0,,0,
KRKR,36Kr Holdings Inc.,0,,0,
KRMD,"KORU Medical Systems, Inc.",0,,0,
KRMN,Karman Holdings Inc.,0,,0,
KRNT,Kornit Digital Ltd.,0,,0,
KRNY,Kearny Financial Corp.,0,,0,
KRO,KRONOS WORLDWIDE INC,0,,0,
KROS,"Keros Therapeutics, Inc.",0,,0,
KRP,"Kimbell Royalty Partners, LP",0,,0,
KRRO,"Korro Bio, Inc.",0,,0,
KRSP,Rice Acquisition Corp 3,0,,0,
KRSP.UN,Rice Acquisition Corp 3,0,,0,
KRSP.WT,Rice Acquisition Corp 3,0,,0,
KRT,Karat Packaging Inc.,0,,0,
KRUS,"KURA SUSHI USA, INC.",0,,0,
KRYS,"Krystal Biotech, Inc.",0,,0,
KSCP,"Knightscope, Inc.",0,,0,
KSPI,Joint Stock Co Kaspi.kz,0,,0,
KSS,KOHLS Corp,0,,0,
KT,KT CORP,0,,0,
KTB,"Kontoor Brands, Inc.",0,,0,
KTCC,KEY TRONIC CORP,0,,0,
KTF,DWS MUNICIPAL INCOME TRUST,0,,0,
KTH,STRUCTURED PRODUCTS CORP CORTS TR FOR PECO ENERGY CAP TR III,0,,0,
KTN,STRUCTURED PRODUCTS CORP CRED ENHANCE CORTS TR FOR AON CAP A,0,,0,
KTOS,"KRATOS DEFENSE & SECURITY SOLUTIONS, INC.",0,,0,
KTTA,Pasithea Therapeutics Corp.,0,,0,
KTTAW,Pasithea Therapeutics Corp.,0,,0,
KTWO,K2 Capital Acquisition Corp,0,,0,
KTWOR,K2 Capital Acquisition Corp,0,,0,
KTWOU,K2 Capital Acquisition Corp,0,,0,
KULR,"KULR Technology Group, Inc.",0,,0,
KURA,"Kura Oncology, Inc.",0,,0,
KUST,"KUSTOM ENTERTAINMENT, INC.",0,,0,
KVAC,Keen Vision Acquisition Corp.,0,,0,
KVACU,Keen Vision Acquisition Corp.,0,,0,
KVACW,Keen Vision Acquisition Corp.,0,,0,
KVHI,KVH INDUSTRIES INC \DE\,0,,0,
KVUE,Kenvue Inc.,1,2025-11-03,0,
KVYO,"Klaviyo, Inc.",0,,0,
KW,"Kennedy-Wilson Holdings, Inc.",1,2025-11-04,0,
KWM,K Wave Media Ltd.,0,,0,
KWMWW,K Wave Media Ltd.,0,,0,
KWR,QUAKER CHEMICAL CORP,0,,0,
KWY,KINGSWAY Corp,0,,0,
KXIN,Kaixin Holdings,0,,0,
KYIV,Kyivstar Group Ltd.,0,,0,
KYIVW,Kyivstar Group Ltd.,0,,0,
KYMR,"Kymera Therapeutics, Inc.",0,,0,
KYN,"Kayne Anderson Energy Infrastructure Fund, Inc.",0,,0,
KYNB,"KYNTRA BIO, INC.",0,,0,
KYTX,"Kyverna Therapeutics, Inc.",0,,0,
KZIA,KAZIA THERAPEUTICS LTD,0,,0,
L,LOEWS CORP,0,,0,
LAB,STANDARD BIOTOOLS INC.,1,2026-06-08,0,
LABT,Lakewood-Amedex Biotherapeutics Inc.,0,,0,
LAC,LITHIUM AMERICAS CORP.,0,,0,
LAD,LITHIA MOTORS INC,0,,0,
LADR,Ladder Capital Corp,0,,0,
LAES,SEALSQ Corp,0,,0,
LAFA,LaFayette Acquisition Corp.,0,,0,
LAFAR,LaFayette Acquisition Corp.,0,,0,
LAFAU,LaFayette Acquisition Corp.,0,,0,
LAKE,LAKELAND INDUSTRIES INC,0,,0,
LAMR,LAMAR ADVERTISING CO/NEW,0,,0,
LAND,GLADSTONE LAND Corp,0,,0,
LANDO,GLADSTONE LAND Corp,0,,0,
LANDP,GLADSTONE LAND Corp,0,,0,
LANV,Lanvin Group Holdings Ltd,0,,0,
LANV.WT,Lanvin Group Holdings Ltd,0,,0,
LAR,Lithium Argentina AG,0,,0,
LARK,LANDMARK BANCORP INC,0,,0,
LASE,Laser Photonics Corp,0,,0,
LASR,"NLIGHT, INC.",0,,0,
LATA,Galata Acquisition Corp. II,0,,0,
LATAU,Galata Acquisition Corp. II,0,,0,
LATAW,Galata Acquisition Corp. II,0,,0,
LAUR,"LAUREATE EDUCATION, INC.",0,,0,
LAW,"CS Disco, Inc.",0,,0,
LAWR,"Robot Consulting Co., Ltd.",0,,0,
LAZ,"Lazard, Inc.",0,,0,
LB,LandBridge Co LLC,0,,0,
LBGJ,Li Bang International Corp Inc.,0,,0,
LBRDA,Liberty Broadband Corp,0,,0,
LBRDK,Liberty Broadband Corp,0,,0,
LBRDP,Liberty Broadband Corp,0,,0,
LBRT,Liberty Energy Inc.,0,,0,
LBRX,LB PHARMACEUTICALS INC,0,,0,
LBTYA,Liberty Global Ltd.,0,,0,
LBTYB,Liberty Global Ltd.,0,,0,
LBTYK,Liberty Global Ltd.,0,,0,
LC,LendingClub Corp,0,,0,
LCCC,Lakeshore Acquisition III Corp.,1,2026-05-26,0,
LCCCR,Lakeshore Acquisition III Corp.,0,,0,
LCCCU,Lakeshore Acquisition III Corp.,0,,0,
LCFY,Locafy Ltd,0,,0,
LCFYW,Locafy Ltd,0,,0,
LCID,"Lucid Group, Inc.",0,,0,
LCII,LCI INDUSTRIES,0,,0,
LCLN,"Lincoln International, Inc.",0,,0,
LCNB,LCNB CORP,0,,0,
LCTX,"Lineage Cell Therapeutics, Inc.",0,,0,
LCUT,"LIFETIME BRANDS, INC",0,,0,
LDI,"loanDepot, Inc.",0,,0,
LDOS,"Leidos Holdings, Inc.",0,,0,
LDP,"Cohen & Steers Ltd Duration Preferred & Income Fund, Inc.",0,,0,
LE,"LANDS' END, INC.",1,2026-01-26,0,
LEA,LEAR CORP,0,,0,
LECO,LINCOLN ELECTRIC HOLDINGS INC,0,,0,
LEDS,SemiLEDs Corp,0,,0,
LEE,"LEE ENTERPRISES, Inc",0,,0,
LEG,LEGGETT & PLATT INC,1,2025-12-01,0,
LEGH,Legacy Housing Corp,0,,0,
LEGN,Legend Biotech Corp,0,,0,
LEGO,Legato Merger Corp. IV,0,,0,
LEGO.UN,Legato Merger Corp. IV,0,,0,
LEGO.WT,Legato Merger Corp. IV,0,,0,
LEGT,Legato Merger Corp. III,1,2025-11-12,0,
LEN,LENNAR CORP /NEW/,1,2025-06-30,0,
LEN.B,LENNAR CORP /NEW/,0,,0,
LENZ,"LENZ Therapeutics, Inc.",0,,0,
LEO,"BNY MELLON STRATEGIC MUNICIPALS, INC.",0,,0,
LESL,"Leslie's, Inc.",0,,0,
LEU,CENTRUS ENERGY CORP,0,,0,
LEVI,LEVI STRAUSS & CO,0,,0,
LEXX,Lexaria Bioscience Corp.,0,,0,
LFAC,Leapfrog Acquisition Corp,0,,0,
LFACU,Leapfrog Acquisition Corp,0,,0,
LFACW,Leapfrog Acquisition Corp,0,,0,
LFCR,"LIFECORE BIOMEDICAL, INC. \DE\",0,,0,
LFMD,"LifeMD, Inc.",0,,0,
LFMDP,"LifeMD, Inc.",0,,0,
LFS,"LEIFRAS Co., Ltd.",0,,0,
LFST,"LifeStance Health Group, Inc.",0,,0,
LFT,"Lument Finance Trust, Inc.",0,,0,
LFT.PA,"Lument Finance Trust, Inc.",0,,0,
LFTO,"Liftoff Mobile, Inc.",0,,0,
LFUS,LITTELFUSE INC /DE,0,,0,
LFVN,Lifevantage Corp,0,,0,
LFWD,Lifeward Ltd.,0,,0,
LGCL,Lucas GC Ltd,0,,0,
LGCY,Legacy Education Inc.,0,,0,
LGHL,Lion Group Holding Ltd,0,,0,
LGI,LAZARD GLOBAL TOTAL RETURN & INCOME FUND INC,0,,0,
LGIH,"LGI Homes, Inc.",0,,0,
LGL,LGL GROUP INC,0,,0,
LGL.RI,LGL GROUP INC,0,,0,
LGN,Legence Corp.,0,,0,
LGND,LIGAND PHARMACEUTICALS INC,0,,1,2026-04-27
LGO,Largo Inc.,0,,0,
LGPS,LOGPROSTYLE INC.,0,,0,
LGVN,Longeveron Inc.,0,,0,
LH,LABCORP HOLDINGS INC.,0,,0,
LHAI,Linkhome Holdings Inc.,0,,0,
LHSW,Lianhe Sowell International Group Ltd,0,,0,
LHX,"L3HARRIS TECHNOLOGIES, INC. /DE/",0,,0,
LI,Li Auto Inc.,0,,0,
LICN,Lichen International Ltd,0,,0,
LIDR,"AEye, Inc.",0,,0,
LIDRW,"AEye, Inc.",0,,0,
LIEN,"Chicago Atlantic BDC, Inc.",0,,0,
LIF,"Life360, Inc.",0,,0,
LIFE,Ethos Technologies Inc.,0,,0,
LII,LENNOX INTERNATIONAL INC,0,,0,
LILA,Liberty Latin America Ltd.,0,,0,
LILAK,Liberty Latin America Ltd.,0,,0,
LILAV,Liberty Latin America Ltd.,0,,0,
LILKV,Liberty Latin America Ltd.,0,,0,
LILPV,Liberty Latin America Ltd.,0,,0,
LIMN,"Liminatus Pharma, Inc.",1,2026-01-02,0,
LIMNW,"Liminatus Pharma, Inc.",0,,0,
LIN,LINDE PLC,0,,0,
LINC,LINCOLN EDUCATIONAL SERVICES CORP,0,,0,
LIND,"LINDBLAD EXPEDITIONS HOLDINGS, INC.",0,,0,
LINE,"Lineage, Inc.",0,,0,
LINK,INTERLINK ELECTRONICS INC,0,,0,
LION,Lionsgate Studios Corp.,0,,0,
LIQT,LIQTECH INTERNATIONAL INC,0,,0,
LITB,"LightInTheBox Holding Co., Ltd.",0,,0,
LITE,Lumentum Holdings Inc.,0,,0,
LITS,"Lite Strategy, Inc.",0,,0,
LIVE,LIVE VENTURES Inc,0,,0,
LIVN,LivaNova PLC,0,,0,
LIXT,"LIXTE BIOTECHNOLOGY HOLDINGS, INC.",0,,0,
LKFN,LAKELAND FINANCIAL CORP,0,,0,
LKFT,Lakefront Biotherapeutics NV,0,,0,
LKQ,LKQ CORP,0,,0,
LKSP,Lake Superior Acquisition Corp,1,2026-01-23,0,
LKSPR,Lake Superior Acquisition Corp,0,,0,
LKSPU,Lake Superior Acquisition Corp,0,,0,
LLY,ELI LILLY & Co,0,,0,
LLYVA,"Liberty Live Holdings, Inc.",0,,0,
LLYVK,"Liberty Live Holdings, Inc.",0,,0,
LMAT,LEMAITRE VASCULAR INC,0,,0,
LMB,"Limbach Holdings, Inc.",0,,0,
LMFA,"LM FUNDING AMERICA, INC.",0,,0,
LMND,"Lemonade, Inc.",0,,0,
LMNR,Limoneira CO,0,,0,
LMRI,"Lumexa Imaging Holdings, Inc.",0,,0,
LMT,LOCKHEED MARTIN CORP,0,,0,
LNAI,Lunai Bioworks Inc.,0,,0,
LNC,LINCOLN NATIONAL CORP,0,,0,
LNC.PD,LINCOLN NATIONAL CORP,0,,0,
LND,BrasilAgro - Brazilian Agricultural Real Estate Co,0,,0,
LNG,"Cheniere Energy, Inc.",0,,0,
LNKS,Linkers Industries Ltd,0,,0,
LNN,LINDSAY CORP,0,,0,
LNSR,"LENSAR, Inc.",0,,0,
LNT,ALLIANT ENERGY CORP,0,,0,
LNTH,"Lantheus Holdings, Inc.",0,,0,
LNZA,"LanzaTech Global, Inc.",0,,0,
LNZAW,"LanzaTech Global, Inc.",0,,0,
LOAN,"MANHATTAN BRIDGE CAPITAL, INC",0,,0,
LOAR,Loar Holdings Inc.,0,,0,
LOB,"Live Oak Bancshares, Inc.",0,,0,
LOB.PA,"Live Oak Bancshares, Inc.",0,,0,
LOBO,LOBO TECHNOLOGIES LTD.,0,,0,
LOCL,Local Bounti Corporation/DE,0,,0,
LOCO,"El Pollo Loco Holdings, Inc.",0,,0,
LODE,Comstock Inc.,0,,0,
LOGI,LOGITECH INTERNATIONAL S.A.,0,,0,
LOKV,Live Oak Acquisition Corp. V,1,2025-11-14,0,
LOKVU,Live Oak Acquisition Corp. V,0,,0,
LOKVW,Live Oak Acquisition Corp. V,0,,0,
LOMA,Loma Negra Compania Industrial Argentina Sociedad Anonima,0,,0,
LONA,"LeonaBio, Inc.",0,,0,
LOOP,"Loop Industries, Inc.",0,,0,
LOPE,"Grand Canyon Education, Inc.",0,,0,
LOT,Lotus Technology Inc.,0,,0,
LOTWW,Lotus Technology Inc.,0,,0,
LOVE,Lovesac Co,0,,0,
LOW,LOWES COMPANIES INC,0,,0,
LPA,Logistic Properties of the Americas,0,,0,
LPAA,Launch One Acquisition Corp.,0,,0,
LPAAU,Launch One Acquisition Corp.,0,,0,
LPAAW,Launch One Acquisition Corp.,0,,0,
LPBB,Launch Two Acquisition Corp.,0,,0,
LPBBU,Launch Two Acquisition Corp.,0,,0,
LPBBW,Launch Two Acquisition Corp.,0,,0,
LPCN,Lipocine Inc.,0,,0,
LPCV,Launchpad Cadenza Acquisition Corp I,0,,0,
LPCVU,Launchpad Cadenza Acquisition Corp I,0,,0,
LPCVW,Launchpad Cadenza Acquisition Corp I,0,,0,
LPG,DORIAN LPG LTD.,0,,0,
LPL,"LG Display Co., Ltd.",0,,0,
LPLA,LPL Financial Holdings Inc.,0,,0,
LPRO,Open Lending Corp,0,,0,
LPSN,LIVEPERSON INC,1,2026-04-21,0,
LPTH,LIGHTPATH TECHNOLOGIES INC,0,,0,
LPX,LOUISIANA-PACIFIC CORP,0,,0,
LQDA,Liquidia Corp,0,,0,
LQDT,LIQUIDITY SERVICES INC,0,,0,
LRCX,LAM RESEARCH CORP,0,,0,
LRE,"LEAD REAL ESTATE CO., LTD",0,,0,
LRHC,La Rosa Holdings Corp.,0,,0,
LRMR,"Larimar Therapeutics, Inc.",0,,0,
LRN,"Stride, Inc.",0,,0,
LSAK,LESAKA TECHNOLOGIES INC,0,,0,
LSBK,"Lake Shore Bancorp, Inc. /MD/",0,,0,
LSCC,LATTICE SEMICONDUCTOR CORP,0,,0,
LSE,"Leishen Energy Holding Co., Ltd.",0,,0,
LSF,"Laird Superfood, Inc.",0,,0,
LSH,Lakeside Holding Ltd,0,,0,
LSPD,Lightspeed Commerce Inc.,0,,0,
LSTA,"LISATA THERAPEUTICS, INC.",1,2026-01-21,0,
LSTR,LANDSTAR SYSTEM INC,0,,0,
LTBR,LIGHTBRIDGE Corp,0,,0,
LTC,LTC PROPERTIES INC,0,,0,
LTGRU,Long Table Growth Corp.,0,,0,
LTH,"Life Time Group Holdings, Inc.",0,,0,
LTM,LATAM AIRLINES GROUP S.A.,0,,0,
LTRN,Lantern Pharma Inc.,0,,0,
LTRX,LANTRONIX INC,0,,0,
LTRYW,Sports Entertainment Gaming Global Corp,0,,0,
LU,Lufax Holding Ltd,0,,0,
LUCD,Lucid Diagnostics Inc.,0,,0,
LUCK,Lucky Strike Entertainment Corp,0,,0,
LUCY,Innovative Eyewear Inc,0,,0,
LUCYW,Innovative Eyewear Inc,0,,0,
LUD,Luda Technology Group Ltd,0,,0,
LULU,lululemon athletica inc.,0,,0,
LUMN,"Lumen Technologies, Inc.",0,,0,
LUNG,Pulmonx Corp,0,,0,
LUNR,"Intuitive Machines, Inc.",0,,0,
LUV,SOUTHWEST AIRLINES CO,0,,0,
LUXE,LuxExperience B.V.,0,,0,
LVLU,"Lulu's Fashion Lounge Holdings, Inc.",1,2026-01-09,0,
LVO,"LiveOne, Inc.",0,,0,
LVS,LAS VEGAS SANDS CORP,0,,0,
LVWR,"LiveWire Group, Inc.",0,,0,
LVWR.WT,"LiveWire Group, Inc.",0,,0,
LW,"Lamb Weston Holdings, Inc.",0,,0,
LWAC,LightWave Acquisition Corp.,0,,0,
LWACU,LightWave Acquisition Corp.,0,,0,
LWACW,LightWave Acquisition Corp.,0,,0,
LWAY,"Lifeway Foods, Inc.",0,,0,
LWLG,"Lightwave Logic, Inc.",0,,0,
LX,LexinFintech Holdings Ltd.,0,,0,
LXEH,Lixiang Education Holding Co. Ltd.,0,,0,
LXEO,"Lexeo Therapeutics, Inc.",0,,0,
LXFR,LUXFER HOLDINGS PLC,0,,0,
LXP,LXP Industrial Trust,0,,0,
LXP.PC,LXP Industrial Trust,0,,0,
LXRX,"LEXICON PHARMACEUTICALS, INC.",0,,0,
LXU,"LSB INDUSTRIES, INC.",0,,0,
LYB,LyondellBasell Industries N.V.,0,,0,
LYEL,"Lyell Immunopharma, Inc.",0,,0,
LYFT,"Lyft, Inc.",0,,0,
LYG,Lloyds Banking Group plc,0,,0,
LYTS,LSI INDUSTRIES INC,0,,0,
LYV,"Live Nation Entertainment, Inc.",0,,0,
LZ,"LEGALZOOM.COM, INC.",0,,0,
LZB,LA-Z-BOY INC,0,,0,
LZM,Lifezone Metals Ltd,0,,0,
LZM.WT,Lifezone Metals Ltd,0,,0,
LZMH,LZ Technology Holdings Ltd,0,,0,
M,"Macy's, Inc.",0,,0,
MA,Mastercard Inc,0,,0,
MAA,MID AMERICA APARTMENT COMMUNITIES INC.,0,,0,
MAA.PI,MID AMERICA APARTMENT COMMUNITIES INC.,0,,0,
MAAS,Maase Inc.,0,,0,
MAC,MACERICH CO,0,,0,
MACI,Melar Acquisition Corp. I/Cayman,1,2025-07-31,0,
MACIU,Melar Acquisition Corp. I/Cayman,0,,0,
MACIW,Melar Acquisition Corp. I/Cayman,0,,0,
MAGH,Magnitude International Ltd,0,,0,
MAGN,Magnera Corp,0,,0,
MAIA,"MAIA Biotechnology, Inc.",0,,0,
MAIN,Main Street Capital CORP,0,,0,
MAIR,Madison Air Solutions Corp,0,,0,
MAKO,Mako Mining Corp.,0,,0,
MAMA,"Mama's Creations, Inc.",0,,0,
MAMK,MaxsMaking Inc.,0,,0,
MAMO,Massimo Group,0,,0,
MAN,ManpowerGroup Inc.,0,,0,
MANE,"Veradermics, Inc",0,,0,
MANH,MANHATTAN ASSOCIATES INC,0,,0,
MANU,Manchester United plc,0,,0,
MAR,MARRIOTT INTERNATIONAL INC /MD/,0,,0,
MARA,"MARA Holdings, Inc.",0,,0,
MARPS,MARINE PETROLEUM TRUST,0,,0,
MAS,MASCO CORP /DE/,0,,0,
MASI,MASIMO CORP,1,2026-02-17,0,
MASK,3 E Network Technology Group Ltd,0,,0,
MASS,908 Devices Inc.,0,,0,
MAT,MATTEL INC /DE/,0,,0,
MATH,Metalpha Technology Holding Ltd,0,,0,
MATV,"Mativ Holdings, Inc.",0,,0,
MATW,MATTHEWS INTERNATIONAL CORP,0,,0,
MATX,"Matson, Inc.",0,,0,
MAX,"MediaAlpha, Inc.",0,,0,
MAYS,MAYS J W INC,0,,0,
MAZE,"Maze Therapeutics, Inc.",0,,0,
MB,MASTERBEEF GROUP,0,,0,
MBAI,Check-Cap Ltd,0,,0,
MBAV,M3-Brigade Acquisition V Corp.,1,2025-07-08,0,
MBAVU,M3-Brigade Acquisition V Corp.,0,,0,
MBAVW,M3-Brigade Acquisition V Corp.,0,,0,
MBBC,"Marathon Bancorp, Inc. /MD/",0,,0,
MBC,"MasterBrand, Inc.",0,,0,
MBI,MBIA INC,0,,0,
MBIN,Merchants Bancorp,0,,0,
MBINL,Merchants Bancorp,0,,0,
MBINM,Merchants Bancorp,0,,0,
MBINN,Merchants Bancorp,0,,0,
MBIO,"MUSTANG BIO, INC.",0,,0,
MBLY,Mobileye Global Inc.,0,,0,
MBNKO,MEDALLION FINANCIAL CORP,0,,0,
MBOT,Microbot Medical Inc.,0,,0,
MBRX,"Moleculin Biotech, Inc.",0,,0,
MBUU,"MALIBU BOATS, INC.",0,,0,
MBVI,M3-Brigade Acquisition VI Corp.,0,,0,
MBVIU,M3-Brigade Acquisition VI Corp.,0,,0,
MBVIW,M3-Brigade Acquisition VI Corp.,0,,0,
MBWM,MERCANTILE BANK CORP,0,,0,
MBX,"MBX Biosciences, Inc.",0,,0,
MC,Moelis & Co,0,,0,
MCAHU,Mountain Crest Acquisition 6 Corp.,0,,0,
MCB,Metropolitan Bank Holding Corp.,0,,0,
MCBS,"MetroCity Bankshares, Inc.",0,,0,
MCD,MCDONALDS CORP,0,,0,
MCFT,"MasterCraft Boat Holdings, Inc.",0,,0,
MCGA,Yorkville Acquisition Corp.,0,,0,
MCGAU,Yorkville Acquisition Corp.,0,,0,
MCGAW,Yorkville Acquisition Corp.,0,,0,
MCHB,Mechanics Bancorp,0,,0,
MCHP,MICROCHIP TECHNOLOGY INC,0,,0,
MCHPP,MICROCHIP TECHNOLOGY INC,0,,0,
MCHX,MARCHEX INC,0,,0,
MCI,BARINGS CORPORATE INVESTORS,0,,0,
MCK,MCKESSON CORP,0,,0,
MCN,XAI Madison Equity Premium Income Fund,0,,0,
MCO,MOODYS CORP /DE/,0,,0,
MCR,MFS CHARTER INCOME TRUST,0,,0,
MCRB,"Seres Therapeutics, Inc.",0,,0,
MCRI,MONARCH CASINO & RESORT INC,0,,0,
MCRP,Micropolis AI Robotics,0,,0,
MCS,MARCUS CORP,0,,0,
MCTA,Charming Medical Ltd,0,,0,
MCY,MERCURY GENERAL CORP,1,2026-03-02,0,
MD,"Pediatrix Medical Group, Inc.",0,,0,
MDA,MDA Space Ltd.,0,,0,
MDAI,"Spectral AI, Inc.",0,,0,
MDAIW,"Spectral AI, Inc.",0,,0,
MDB,"MongoDB, Inc.",0,,0,
MDBH,"MDB Capital Holdings, LLC",0,,0,
MDCX,Medicus Pharma Ltd.,0,,0,
MDCXW,Medicus Pharma Ltd.,0,,0,
MDGL,"MADRIGAL PHARMACEUTICALS, INC.",0,,0,
MDIA,Mediaco Holding Inc.,0,,0,
MDLN,Medline Inc.,0,,0,
MDLZ,"Mondelez International, Inc.",0,,0,
MDRR,"Medalist Diversified, Inc.",0,,0,
MDT,Medtronic plc,0,,0,
MDU,MDU RESOURCES GROUP INC,0,,0,
MDV,"MODIV INDUSTRIAL, INC.",1,2026-05-04,0,
MDV.PA,"MODIV INDUSTRIAL, INC.",0,,0,
MDWD,MediWound Ltd.,0,,0,
MDXG,"MIMEDX GROUP, INC.",0,,0,
MDXH,MDxHealth SA,0,,0,
MDY,SPDR S&P MIDCAP 400 ETF TRUST,0,,0,
MEC,"Mayville Engineering Company, Inc.",0,,0,
MED,MEDIFAST INC,0,,0,
MEDP,"Medpace Holdings, Inc.",0,,0,
MEGI,NYLI CBRE Global Infrastructure Megatrends Term Fund,0,,0,
MEGL,Magic Empire Global Ltd,0,,0,
MEHA,Functional Brands Inc.,0,,0,
MEI,METHODE ELECTRONICS INC,0,,0,
MELI,MERCADOLIBRE INC,0,,0,
MENS,Jyong Biotech Ltd.,0,,0,
MEOH,METHANEX CORP,0,,0,
MER.PK,BANK OF AMERICA CORP /DE/,0,,0,
MERC,MERCER INTERNATIONAL INC.,0,,0,
MESH,Meshflow Acquisition Corp,0,,0,
MESHU,Meshflow Acquisition Corp,0,,0,
MESHW,Meshflow Acquisition Corp,0,,0,
MESO,MESOBLAST LTD,0,,0,
MET,METLIFE INC,0,,0,
MET.PA,METLIFE INC,0,,0,
MET.PE,METLIFE INC,0,,0,
MET.PF,METLIFE INC,0,,0,
META,"Meta Platforms, Inc.",0,,0,
METC,"Ramaco Resources, Inc.",0,,0,
METCB,"Ramaco Resources, Inc.",0,,0,
METCI,"Ramaco Resources, Inc.",0,,0,
METCZ,"Ramaco Resources, Inc.",0,,0,
MEVO,M Evo Global Acquisition Corp II,0,,0,
MEVOU,M Evo Global Acquisition Corp II,0,,0,
MEVOW,M Evo Global Acquisition Corp II,0,,0,
MFA,"MFA FINANCIAL, INC.",0,,0,
MFA.PB,"MFA FINANCIAL, INC.",0,,0,
MFA.PC,"MFA FINANCIAL, INC.",0,,0,
MFAN,"MFA FINANCIAL, INC.",0,,0,
MFAO,"MFA FINANCIAL, INC.",0,,0,
MFC,MANULIFE FINANCIAL CORP,0,,0,
MFG,MIZUHO FINANCIAL GROUP INC,0,,0,
MFI,mF International Ltd,0,,0,
MFIC,MidCap Financial Investment Corp,0,,0,
MFICL,MidCap Financial Investment Corp,0,,0,
MFIN,MEDALLION FINANCIAL CORP,0,,0,
MFM,ABERDEEN MUNICIPAL INCOME FUND,0,,0,
MG,"Mistras Group, Inc.",0,,0,
MGA,MAGNA INTERNATIONAL INC,0,,0,
MGEE,MGE ENERGY INC,0,,0,
MGF,MFS GOVERNMENT MARKETS INCOME TRUST,0,,0,
MGIH,Millennium Group International Holdings Ltd,0,,0,
MGLD,"Marygold Companies, Inc.",0,,0,
MGM,MGM Resorts International,1,2026-06-01,0,
MGN,Megan Holdings Ltd.,0,,0,
MGNI,"MAGNITE, INC.",0,,0,
MGNX,MACROGENICS INC,0,,0,
MGPI,MGP INGREDIENTS INC,0,,0,
MGR,"AFFILIATED MANAGERS GROUP, INC.",0,,0,
MGRB,"AFFILIATED MANAGERS GROUP, INC.",0,,0,
MGRC,MCGRATH RENTCORP,0,,0,
MGRD,"AFFILIATED MANAGERS GROUP, INC.",0,,0,
MGRE,"AFFILIATED MANAGERS GROUP, INC.",0,,0,
MGRT,Mega Fortune Co Ltd,0,,0,
MGRX,"MANGOCEUTICALS, INC.",0,,0,
MGTX,MeiraGTx Holdings plc,0,,0,
MGX,"Metagenomi Therapeutics, Inc.",0,,0,
MGY,Magnolia Oil & Gas Corp,0,,0,
MGYR,"Magyar Bancorp, Inc.",0,,0,
MH,"McGraw Hill, Inc.",0,,0,
MHD,"BLACKROCK MUNIHOLDINGS FUND, INC.",0,,0,
MHF,WESTERN ASSET MUNICIPAL HIGH INCOME FUND INC.,0,,0,
MHH,"Mastech Digital, Inc.",0,,0,
MHK,MOHAWK INDUSTRIES INC,0,,0,
MHLA,"Maiden Holdings, Ltd.",0,,0,
MHNC,"Maiden Holdings, Ltd.",0,,0,
MHO,"M/I HOMES, INC.",0,,0,
MI,NFT Ltd,0,,0,
MIAX,"MIAMI INTERNATIONAL HOLDINGS, INC.",0,,0,
MICC,Magnum Ice Cream Co N.V.,0,,0,
MIDD,MIDDLEBY Corp,0,,0,
MIMI,Mint Inc Ltd,0,,0,
MIN,MFS INTERMEDIATE INCOME TRUST,0,,0,
MIND,"MIND TECHNOLOGY, INC",0,,0,
MINE,MAYFAIR GOLD CORP.,0,,0,
MIR,"Mirion Technologies, Inc.",0,,0,
MIRA,"MIRA PHARMACEUTICALS, INC.",0,,0,
MIRM,"Mirum Pharmaceuticals, Inc.",0,,0,
MIST,Milestone Pharmaceuticals Inc.,0,,0,
MITK,MITEK SYSTEMS INC,0,,0,
MITN,"TPG Mortgage Investment Trust, Inc.",0,,0,
MITP,"TPG Mortgage Investment Trust, Inc.",0,,0,
MITQ,MOVING iMAGE TECHNOLOGIES INC.,0,,0,
MITT,"TPG Mortgage Investment Trust, Inc.",0,,0,
MITT.PA,"TPG Mortgage Investment Trust, Inc.",0,,0,
MITT.PB,"TPG Mortgage Investment Trust, Inc.",0,,0,
MITT.PC,"TPG Mortgage Investment Trust, Inc.",0,,0,
MIY,"BLACKROCK MUNIYIELD MICHIGAN QUALITY FUND, INC.",0,,0,
MKC,MCCORMICK & CO INC,0,,0,
MKC.V,MCCORMICK & CO INC,0,,0,
MKDW,MKDWELL Tech Inc.,0,,0,
MKDWW,MKDWELL Tech Inc.,0,,0,
MKL,MARKEL GROUP INC.,0,,0,
MKLY,McKinley Acquisition Corp,0,,0,
MKLYR,McKinley Acquisition Corp,0,,0,
MKLYU,McKinley Acquisition Corp,0,,0,
MKSI,MKS INC,0,,0,
MKTW,"MARKETWISE, INC.",0,,0,
MKTX,MARKETAXESS HOLDINGS INC,0,,0,
MKZR,"MacKenzie Realty Capital, Inc.",0,,0,
MLAA,Mountain Lake Acquisition Corp. II,1,2026-04-09,0,
MLAAU,Mountain Lake Acquisition Corp. II,0,,0,
MLAAW,Mountain Lake Acquisition Corp. II,0,,0,
MLAB,MESA LABORATORIES INC /CO/,0,,0,
MLAC,Mountain Lake Acquisition Corp.,1,2025-10-01,0,
MLACR,Mountain Lake Acquisition Corp.,0,,0,
MLACU,Mountain Lake Acquisition Corp.,0,,0,
MLCI,Mount Logan Capital Inc.,0,,0,
MLCIL,Mount Logan Capital Inc.,0,,0,
MLCO,Melco Resorts & Entertainment LTD,0,,0,
MLEC,Moolec Science SA,0,,0,
MLECW,Moolec Science SA,0,,0,
MLGO,MicroAlgo Inc.,0,,0,
MLI,MUELLER INDUSTRIES INC,0,,0,
MLKN,"MILLERKNOLL, INC.",0,,0,
MLM,MARTIN MARIETTA MATERIALS INC,0,,0,
MLP,MAUI LAND & PINEAPPLE CO INC,0,,0,
MLPB,UBS AG,0,,0,
MLPR,UBS AG,0,,0,
MLR,MILLER INDUSTRIES INC /TN/,0,,0,
MLSS,MILESTONE SCIENTIFIC INC.,0,,0,
MLTX,MoonLake Immunotherapeutics,0,,0,
MLYS,"Mineralys Therapeutics, Inc.",0,,0,
MMA,MIXED MARTIAL ARTS GROUP LTD,0,,0,
MMD,NYLI MacKay DefinedTerm Muni Opportunities Fund,0,,0,
MMED,"MiniMed Group, Inc.",0,,0,
MMI,"Marcus & Millichap, Inc.",0,,0,
MMLP,MARTIN MIDSTREAM PARTNERS L.P.,0,,0,
MMM,3M CO,0,,0,
MMS,"MAXIMUS, INC.",0,,0,
MMSI,MERIT MEDICAL SYSTEMS INC,0,,0,
MMT,MFS MULTIMARKET INCOME TRUST,0,,0,
MMTX,Miluna Acquisition Corp,0,,0,
MMTXU,Miluna Acquisition Corp,0,,0,
MMTXW,Miluna Acquisition Corp,0,,0,
MMU,WESTERN ASSET MANAGED MUNICIPALS FUND INC.,0,,0,
MMYT,MakeMyTrip Ltd,0,,0,
MNDO,MIND CTI LTD,0,,0,
MNDR,Mobile-health Network Solutions,0,,0,
MNDY,monday.com Ltd.,0,,0,
MNKD,MANNKIND CORP,0,,0,
MNOV,MEDICINOVA INC,0,,0,
MNPR,Monopar Therapeutics,0,,0,
MNR,MACH NATURAL RESOURCES LP,0,,0,
MNRO,"MONRO, INC.",0,,0,
MNSB,"MainStreet Bancshares, Inc.",0,,0,
MNSBP,"MainStreet Bancshares, Inc.",0,,0,
MNSO,MINISO Group Holding Ltd,0,,0,
MNST,Monster Beverage Corp,0,,0,
MNTK,"Montauk Renewables, Inc.",0,,0,
MNTN,"MNTN, Inc.",0,,0,
MNTS,Momentus Inc.,0,,0,
MNTSW,Momentus Inc.,0,,0,
MNY,MoneyHero Ltd,0,,0,
MNYWW,MoneyHero Ltd,0,,0,
MO,"ALTRIA GROUP, INC.",0,,0,
MOB,Mobilicom Ltd,0,,0,
MOBBW,Mobilicom Ltd,0,,0,
MOBI,"Mobia Medical, Inc.",0,,0,
MOBX,"MOBIX LABS, INC",0,,1,2025-06-26
MOBXW,"MOBIX LABS, INC",0,,0,
MOD,MODINE MANUFACTURING CO,0,,0,
MODD,"Modular Medical, Inc.",0,,0,
MOG.A,MOOG INC.,0,,0,
MOG.B,MOOG INC.,0,,0,
MOGU,MOGU Inc.,0,,0,
MOH,"MOLINA HEALTHCARE, INC.",0,,0,
MOLN,MOLECULAR PARTNERS AG,0,,0,
MOMO,Hello Group Inc.,0,,0,
MORN,"Morningstar, Inc.",0,,0,
MOS,MOSAIC CO,0,,0,
MOV,MOVADO GROUP INC,0,,0,
MOVE,"Corvex, Inc.",0,,0,
MP,MP Materials Corp. / DE,0,,0,
MPA,BLACKROCK MUNIYIELD PENNSYLVANIA QUALITY FUND,0,,0,
MPAA,MOTORCAR PARTS OF AMERICA INC,0,,0,
MPB,MID PENN BANCORP INC,0,,0,
MPC,Marathon Petroleum Corp,0,,0,
MPLT,"MapLight Therapeutics, Inc.",0,,0,
MPLX,MPLX LP,0,,0,
MPT,MEDICAL PROPERTIES TRUST INC,0,,0,
MPTI,"M-tron Industries, Inc.",0,,0,
MPU,Mega Matrix Inc,0,,0,
MPV,BARINGS PARTICIPATION INVESTORS,0,,0,
MPWR,MONOLITHIC POWER SYSTEMS INC,0,,0,
MQ,"Marqeta, Inc.",0,,0,
MQY,"BLACKROCK MUNIYIELD QUALITY FUND, INC.",0,,0,
MRAM,EVERSPIN TECHNOLOGIES INC.,0,,0,
MRBK,Meridian Corp,1,2026-02-03,0,
MRCY,MERCURY SYSTEMS INC,0,,0,
MRDN,Meridian Holdings Inc./NV,0,,0,
MREO,Mereo BioPharma Group plc,0,,0,
MRK,"Merck & Co., Inc.",0,,0,
MRKR,"Marker Therapeutics, Inc.",0,,0,
MRLN,"Merlin, Inc.",1,2026-04-29,0,
MRM,Medirom Healthcare Technologies Inc.,0,,0,
MRNA,"Moderna, Inc.",0,,0,
MRNO,Murano Global Investments Plc,0,,0,
MRNOW,Murano Global Investments Plc,0,,0,
MRP,"Millrose Properties, Inc.",1,2025-10-10,0,
MRSH,"MARSH & MCLENNAN COMPANIES, INC.",0,,0,
MRT,"Marti Technologies, Inc.",0,,0,
MRTN,MARTEN TRANSPORT LTD,0,,0,
MRVI,"MARAVAI LIFESCIENCES HOLDINGS, INC.",0,,0,
MRVL,"Marvell Technology, Inc.",0,,0,
MRX,Marex Group plc,0,,0,
MS,MORGAN STANLEY,0,,0,
MS.PA,MORGAN STANLEY,0,,0,
MS.PE,MORGAN STANLEY,0,,0,
MS.PF,MORGAN STANLEY,0,,0,
MS.PI,MORGAN STANLEY,0,,0,
MS.PK,MORGAN STANLEY,0,,0,
MS.PL,MORGAN STANLEY,0,,0,
MS.PO,MORGAN STANLEY,0,,0,
MS.PP,MORGAN STANLEY,0,,0,
MS.PQ,MORGAN STANLEY,0,,0,
MSA,MSA Safety Inc,0,,0,
MSAI,"MultiSensor AI Holdings, Inc.",0,,0,
MSAIW,"MultiSensor AI Holdings, Inc.",0,,0,
MSB,MESABI TRUST,0,,0,
MSBI,"Midland States Bancorp, Inc.",0,,0,
MSBIP,"Midland States Bancorp, Inc.",0,,0,
MSBT,Morgan Stanley Bitcoin Trust,0,,0,
MSC,STUDIO CITY INTERNATIONAL HOLDINGS Ltd,0,,0,
MSCI,MSCI Inc.,0,,0,
MSD,MORGAN STANLEY EMERGING MARKETS DEBT FUND INC,0,,0,
MSDL,Morgan Stanley Direct Lending Fund,0,,0,
MSEX,MIDDLESEX WATER CO,0,,0,
MSFT,MICROSOFT CORP,0,,0,
MSGE,Madison Square Garden Entertainment Corp.,0,,0,
MSGM,Motorsport Games Inc.,0,,0,
MSGS,Madison Square Garden Sports Corp.,0,,0,
MSGY,Masonglory Ltd,0,,0,
MSI,"Motorola Solutions, Inc.",0,,0,
MSIF,"MSC INCOME FUND, INC.",0,,0,
MSLE,Satellos Bioscience Inc.,0,,0,
MSM,MSC INDUSTRIAL DIRECT CO INC,0,,0,
MSN,EMERSON RADIO CORP,0,,0,
MSS,Maison Solutions Inc.,0,,0,
MSTR,Strategy Inc,0,,0,
MSW,Ming Shing Group Holdings Ltd,0,,0,
MT,ArcelorMittal,0,,0,
MTA,Metalla Royalty & Streaming Ltd.,0,,0,
MTAL,Metals Acquisition Corp. II,0,,0,
MTAL.UN,Metals Acquisition Corp. II,0,,0,
MTAL.WT,Metals Acquisition Corp. II,0,,0,
MTB,M&T BANK CORP,0,,0,
MTB.PH,M&T BANK CORP,0,,0,
MTB.PJ,M&T BANK CORP,0,,0,
MTB.PK,M&T BANK CORP,0,,0,
MTC,"MMTEC, INC.",0,,0,
MTCH,"Match Group, Inc.",0,,0,
MTD,METTLER TOLEDO INTERNATIONAL INC/,0,,0,
MTDR,Matador Resources Co,0,,0,
MTEK,Maris Tech Ltd.,0,,0,
MTEKW,Maris Tech Ltd.,0,,0,
MTEN,Mingteng International Corp Inc.,0,,0,
MTEX,MANNATECH INC,0,,0,
MTG,MGIC INVESTMENT CORP,0,,0,
MTH,Meritage Homes CORP,0,,0,
MTLS,MATERIALISE NV,0,,0,
MTN,VAIL RESORTS INC,0,,0,
MTNB,"Matinas BioPharma Holdings, Inc.",0,,0,
MTNE.UN,CH4 Natural Solutions Corp,0,,0,
MTR,MESA ROYALTY TRUST/TX,0,,0,
MTRN,MATERION Corp,0,,0,
MTRX,MATRIX SERVICE CO,0,,0,
MTSI,"MACOM Technology Solutions Holdings, Inc.",0,,0,
MTUL,UBS AG,0,,0,
MTUS,Metallus Inc.,0,,0,
MTVA,MetaVia Inc.,0,,0,
MTW,MANITOWOC CO INC,0,,0,
MTX,MINERALS TECHNOLOGIES INC,0,,0,
MTZ,MASTEC INC,0,,0,
MU,MICRON TECHNOLOGY INC,0,,0,
MUA,"BLACKROCK MUNIASSETS FUND, INC.",0,,0,
MUC,"BLACKROCK MUNIHOLDINGS CALIFORNIA QUALITY FUND, INC.",0,,0,
MUFG,MITSUBISHI UFJ FINANCIAL GROUP INC,0,,0,
MUJ,"BLACKROCK MUNIHOLDINGS NEW JERSEY QUALITY FUND, INC.",0,,0,
MUR,MURPHY OIL CORP,0,,0,
MUSA,Murphy USA Inc.,0,,0,
MUX,McEwen Inc.,1,2026-05-19,0,
MUZE,Muzero Acquisition Corp,0,,0,
MUZEU,Muzero Acquisition Corp,0,,0,
MUZEW,Muzero Acquisition Corp,0,,0,
MVBF,MVB FINANCIAL CORP,0,,0,
MVIS,"MICROVISION, INC.",0,,0,
MVO,MV Oil Trust,0,,0,
MVRL,UBS AG,0,,0,
MVST,"Microvast Holdings, Inc.",0,,0,
MVSTW,"Microvast Holdings, Inc.",0,,0,
MWA,"Mueller Water Products, Inc.",0,,0,
MWC,"Micware Co., Ltd.",0,,0,
MWG,Multi Ways Holdings Ltd,0,,0,
MWH,"SOLV Energy, Inc.",0,,0,
MWYN,"Marwynn Holdings, Inc.",0,,0,
MX,MAGNACHIP SEMICONDUCTOR Corp,0,,0,
MXC,MEXCO ENERGY CORP,0,,0,
MXCT,"MAXCYTE, INC.",0,,0,
MXE,MEXICO EQUITY & INCOME FUND INC,0,,0,
MXF,MEXICO FUND INC,0,,0,
MXL,"MAXLINEAR, INC",0,,0,
MYE,MYERS INDUSTRIES INC,0,,0,
MYFW,First Western Financial Inc,0,,0,
MYGN,MYRIAD GENETICS INC,0,,0,
MYI,"BLACKROCK MUNIYIELD QUALITY FUND III, INC.",0,,0,
MYN,"BLACKROCK MUNIYIELD NEW YORK QUALITY FUND, INC.",0,,0,
MYND,"Mynd.ai, Inc.",0,,0,
MYO,"MYOMO, INC.",0,,0,
MYPS,"PLAYSTUDIOS, Inc.",0,,0,
MYPSW,"PLAYSTUDIOS, Inc.",0,,0,
MYRG,MYR GROUP INC.,0,,0,
MYSE,"Myseum.AI, Inc.",0,,0,
MYSEW,"Myseum.AI, Inc.",0,,0,
MYSZ,"My Size, Inc.",0,,0,
MYX,Maywood Acquisition Corp. 2,0,,0,
MYXXR,Maywood Acquisition Corp. 2,0,,0,
MYXXU,Maywood Acquisition Corp. 2,0,,0,
MYXXW,Maywood Acquisition Corp. 2,0,,0,
MZTI,MARZETTI CO,0,,0,
MZYX,MOZAYYX Acquisition Corp.,0,,0,
MZYX.UN,MOZAYYX Acquisition Corp.,0,,0,
MZYX.WT,MOZAYYX Acquisition Corp.,0,,0,
,Nano Labs Ltd,0,,0,
NAAS,NaaS Technology Inc.,0,,0,
NABL,"N-able, Inc.",0,,0,
NAC,Nuveen California Quality Municipal Income Fund,0,,0,
NAD,Nuveen Quality Municipal Income Fund,0,,0,
NAGE,"Niagen Bioscience, Inc.",0,,0,
NAII,NATURAL ALTERNATIVES INTERNATIONAL INC,0,,0,
NAK,NORTHERN DYNASTY MINERALS LTD,0,,0,
NAKA,Nakamoto Inc.,0,,0,
NAMI,Jinxin Technology Holding Co,0,,0,
NAMM,Namib Minerals,0,,0,
NAMMW,Namib Minerals,0,,0,
NAMS,NewAmsterdam Pharma Co N.V.,0,,0,
NAMSW,NewAmsterdam Pharma Co N.V.,0,,0,
NAT,NORDIC AMERICAN TANKERS Ltd,0,,0,
NATH,"NATHANS FAMOUS, INC.",0,,0,
NATL,NCR Atleos Corp,1,2026-02-26,0,
NATR,NATURES SUNSHINE PRODUCTS INC,0,,0,
NAUT,"Nautilus Biotechnology, Inc.",0,,0,
NAVI,NAVIENT CORP,0,,0,
NAVN,"Navan, Inc.",0,,0,
NAZ,NUVEEN ARIZONA QUALITY MUNICIPAL INCOME FUND,0,,0,
NB,NIOCORP DEVELOPMENTS LTD,0,,0,
NBB,Nuveen Taxable Municipal Income Fund,0,,0,
NBBK,"NB Bancorp, Inc.",0,,0,
NBH,NEUBERGER MUNICIPAL FUND INC.,0,,0,
NBHC,National Bank Holdings Corp,0,,0,
NBIS,Nebius Group N.V.,0,,0,
NBIX,NEUROCRINE BIOSCIENCES INC,0,,0,
NBP,NovaBridge Biosciences,0,,0,
NBR,NABORS INDUSTRIES LTD,0,,0,
NBRG,Newbridge Acquisition Ltd,0,,0,
NBRGR,Newbridge Acquisition Ltd,0,,0,
NBRGU,Newbridge Acquisition Ltd,0,,0,
NBTB,NBT BANCORP INC,0,,0,
NBTX,Nanobiotix S.A.,0,,0,
NBXG,Neuberger Next Generation Connectivity Fund Inc.,0,,0,
NC,NACCO INDUSTRIES INC,0,,0,
NCA,NUVEEN CALIFORNIA MUNICIPAL VALUE FUND,0,,0,
NCDL,Nuveen Churchill Direct Lending Corp.,0,,0,
NCEL,NewcelX Ltd.,0,,0,
NCEW,New Century Logistics (BVI) Ltd,0,,0,
NCI,Neo-Concept International Group Holdings Ltd,0,,0,
NCIQ,Hashdex Nasdaq CME Crypto Index ETF,0,,0,
NCL,Northann Corp.,0,,0,
NCLH,Norwegian Cruise Line Holdings Ltd.,0,,0,
NCMI,"National CineMedia, Inc.",0,,0,
NCNA,NuCana plc,0,,0,
NCNO,"nCino, Inc.",0,,0,
NCPL,Netcapital Inc.,0,,0,
NCPLW,Netcapital Inc.,0,,0,
NCRA,"NOCERA, INC.",0,,0,
NCSM,"NCS Multistage Holdings, Inc.",1,2026-06-01,0,
NCT,Intercont (Cayman) Ltd,0,,0,
NCTY,The9 LTD,0,,0,
NCV,Virtus Convertible & Income Fund,0,,0,
NCV.PA,Virtus Convertible & Income Fund,0,,0,
NCZ,Virtus Convertible & Income Fund II,0,,0,
NCZ.PA,Virtus Convertible & Income Fund II,0,,0,
NDAQ,"NASDAQ, INC.",0,,0,
NDLS,NOODLES & Co,0,,0,
NDMO,Nuveen Dynamic Municipal Opportunities Fund,0,,0,
NDRA,ENDRA Life Sciences Inc.,0,,0,
NDSN,NORDSON CORP,0,,0,
NE,Noble Corp plc,0,,0,
NE.WT,Noble Corp plc,0,,0,
NE.WTA,Noble Corp plc,0,,0,
NEA,Nuveen AMT-Free Quality Municipal Income Fund,0,,0,
NECB,"NorthEast Community Bancorp, Inc./MD/",0,,0,
NEE,NEXTERA ENERGY INC,0,,1,2026-05-18
NEE.PN,NEXTERA ENERGY INC,0,,0,
NEE.PS,NEXTERA ENERGY INC,0,,0,
NEE.PT,NEXTERA ENERGY INC,0,,0,
NEE.PU,NEXTERA ENERGY INC,0,,0,
NEE.PV,NEXTERA ENERGY INC,0,,0,
NEE.PW,NEXTERA ENERGY INC,0,,0,
NEGG,"Newegg Commerce, Inc.",0,,0,
NEM,NEWMONT Corp /DE/,0,,0,
NEN,NEW ENGLAND REALTY ASSOCIATES LIMITED PARTNERSHIP,0,,0,
NEO,NEOGENOMICS INC,0,,0,
NEOG,NEOGEN CORP,0,,0,
NEON,Neonode Inc.,0,,0,
NEOV,NeoVolta Inc.,0,,0,
NEOVW,NeoVolta Inc.,0,,0,
NEPH,NEPHROS INC,0,,0,
NERV,"Minerva Neurosciences, Inc.",0,,0,
NESR,National Energy Services Reunited Corp.,0,,0,
NET,"Cloudflare, Inc.",0,,0,
NEU,NEWMARKET CORP,0,,0,
NEUP,Neuphoria Therapeutics Inc.,0,,0,
NEWP,NEW PACIFIC METALS CORP,0,,0,
NEWT,"NewtekOne, Inc.",0,,0,
NEWTG,"NewtekOne, Inc.",0,,0,
NEWTH,"NewtekOne, Inc.",0,,0,
NEWTI,"NewtekOne, Inc.",0,,0,
NEWTO,"NewtekOne, Inc.",0,,0,
NEWTP,"NewtekOne, Inc.",0,,0,
NEXA,Nexa Resources S.A.,0,,0,
NEXM,NexMetals Mining Corp.,0,,0,
NEXN,Nexxen International Ltd.,0,,0,
NEXR,Nexera Technologies Ltd,0,,0,
NEXRW,Nexera Technologies Ltd,0,,0,
NEXT,NextDecade Corp,0,,0,
NFBK,"Northfield Bancorp, Inc.",1,2026-02-02,0,
NFE,New Fortress Energy Inc.,0,,0,
NFG,NATIONAL FUEL GAS CO,0,,0,
NFGC,New Found Gold Corp.,0,,0,
NFJ,"Virtus Dividend, Interest & Premium Strategy Fund",0,,0,
NFLX,NETFLIX INC,0,,0,
NG,NOVAGOLD RESOURCES INC,0,,0,
NGEN,NERVGEN PHARMA CORP.,0,,0,
NGG,NATIONAL GRID PLC,0,,0,
NGL,NGL Energy Partners LP,0,,0,
NGL.PB,NGL Energy Partners LP,0,,0,
NGL.PC,NGL Energy Partners LP,0,,0,
NGNE,Neurogene Inc.,0,,0,
NGS,NATURAL GAS SERVICES GROUP INC,0,,0,
NGVC,"Natural Grocers by Vitamin Cottage, Inc.",0,,0,
NGVT,Ingevity Corp,0,,0,
NHC,NATIONAL HEALTHCARE CORP,0,,0,
NHI,NATIONAL HEALTH INVESTORS INC,0,,0,
NHIC,NewHold Investment Corp. III,1,2026-05-27,0,
NHICU,NewHold Investment Corp. III,0,,0,
NHICW,NewHold Investment Corp. III,0,,0,
NHIV,NewHold Investment Corp IV,0,,0,
NHIVU,NewHold Investment Corp IV,0,,0,
NHIVW,NewHold Investment Corp IV,0,,0,
NHP,"National Healthcare Properties, Inc.",0,,0,
NHPAP,"National Healthcare Properties, Inc.",0,,0,
NHPBP,"National Healthcare Properties, Inc.",0,,0,
NHS,Neuberger High Yield Strategies Fund Inc.,0,,0,
NHTC,NATURAL HEALTH TRENDS CORP,0,,0,
NI,NISOURCE INC.,0,,0,
NIC,NICOLET BANKSHARES INC,0,,0,
NICE,NICE Ltd.,0,,0,
NICM,NICOLA MINING INC.,0,,0,
NIE,Virtus Equity & Convertible Income Fund,0,,0,
NIM,NUVEEN SELECT MATURITIES MUNICIPAL FUND,0,,0,
NINE,"Nine Energy Service, Inc.",0,,0,
NIO,NIO Inc.,0,,0,
NIOBW,NIOCORP DEVELOPMENTS LTD,0,,0,
NIPG,NIP Group Inc.,0,,0,
NIQ,NIQ Global Intelligence plc,0,,0,
NIU,Niu Technologies,0,,0,
NIVF,NewGenIvf Group Ltd,0,,0,
NIVFW,NewGenIvf Group Ltd,0,,0,
NIXX,"Nixxy, Inc.",0,,0,
NIXXW,"Nixxy, Inc.",0,,0,
NJR,NEW JERSEY RESOURCES CORP,0,,0,
NKE,"NIKE, Inc.",0,,0,
NKLR,Terra Innovatum Global N.V.,0,,0,
NKSH,NATIONAL BANKSHARES INC,0,,0,
NKTR,NEKTAR THERAPEUTICS,0,,0,
NKTX,"Nkarta, Inc.",0,,0,
NKX,NUVEEN CALIFORNIA AMT-FREE QUALITY MUNICIPAL INCOME FUND,0,,0,
NL,NL INDUSTRIES INC,0,,0,
NLOP,Net Lease Office Properties,0,,0,
NLY,ANNALY CAPITAL MANAGEMENT INC,0,,0,
NLY.PF,ANNALY CAPITAL MANAGEMENT INC,0,,0,
NLY.PG,ANNALY CAPITAL MANAGEMENT INC,0,,0,
NLY.PI,ANNALY CAPITAL MANAGEMENT INC,0,,0,
NLY.PJ,ANNALY CAPITAL MANAGEMENT INC,0,,0,
NMAI,Nuveen Multi-Asset Income Fund,0,,0,
NMAX,Newsmax Inc.,0,,0,
NMCO,Nuveen Municipal Credit Opportunities Fund,0,,0,
NMFC,New Mountain Finance Corp,0,,0,
NMFCZ,New Mountain Finance Corp,0,,0,
NMG,Nouveau Monde Graphite Inc.,0,,0,
NMI,NUVEEN MUNICIPAL INCOME FUND INC,0,,0,
NMIH,"NMI Holdings, Inc.",0,,0,
NML,Neuberger Energy Infrastructure & Income Fund Inc.,0,,0,
NMM,Navios Maritime Partners L.P.,0,,0,
NMP,NMP Acquisition Corp.,0,,0,
NMPAR,NMP Acquisition Corp.,0,,0,
NMPAU,NMP Acquisition Corp.,0,,0,
NMR,NOMURA HOLDINGS INC,0,,0,
NMRA,"Neumora Therapeutics, Inc.",0,,0,
NMRK,"NEWMARK GROUP, INC.",0,,0,
NMS,Nuveen Minnesota Quality Municipal Income Fund,0,,0,
NMT,NUVEEN MASSACHUSETTS QUALITY MUNICIPAL INCOME FUND,0,,0,
NMTC,NEUROONE MEDICAL TECHNOLOGIES Corp,0,,0,
NMZ,NUVEEN MUNICIPAL HIGH INCOME OPPORTUNITY FUND,0,,0,
NN,NEXTNAV INC.,0,,0,
NNAVW,NEXTNAV INC.,0,,0,
NNBR,NN INC,0,,0,
NNDM,Nano Dimension Ltd.,0,,0,
NNE,Nano Nuclear Energy Inc.,0,,0,
NNI,NELNET INC,0,,0,
NNN,"NNN REIT, INC.",0,,0,
NNNN,Anbio Biotechnology,0,,0,
NNOX,Nano-X Imaging Ltd.,0,,0,
NNVC,"NANOVIRICIDES, INC.",0,,0,
NNY,NUVEEN NEW YORK MUNICIPAL VALUE FUND,0,,0,
NOA,North American Construction Group Ltd.,0,,0,
NOAH,NOAH HOLDINGS LTD,0,,0,
NOC,NORTHROP GRUMMAN CORP /DE/,0,,0,
NODK,"NI Holdings, Inc.",0,,0,
NOEM,CO2 Energy Transition Corp.,0,,0,
NOEMR,CO2 Energy Transition Corp.,0,,0,
NOEMU,CO2 Energy Transition Corp.,0,,0,
NOEMW,CO2 Energy Transition Corp.,0,,0,
NOG,"NORTHERN OIL & GAS, INC.",0,,0,
NOK,NOKIA CORP,0,,0,
NOMA,Nomadar Corp.,0,,0,
NOMD,Nomad Foods Ltd,0,,0,
NOTV,"Inotiv, Inc.",0,,0,
NOV,NOV Inc.,0,,0,
NOVT,NOVANTA INC,0,,0,
NOVTU,NOVANTA INC,0,,0,
NOW,"ServiceNow, Inc.",0,,0,
NP,Neptune Insurance Holdings Inc.,0,,0,
NPAC,New Providence Acquisition Corp. III/Cayman,1,2026-03-16,0,
NPACU,New Providence Acquisition Corp. III/Cayman,0,,0,
NPACW,New Providence Acquisition Corp. III/Cayman,0,,0,
NPB,NORTHPOINTE BANCSHARES INC,0,,0,
NPCE,NeuroPace Inc,0,,0,
NPCT,Nuveen Core Plus Impact Fund,0,,0,
NPFD,Nuveen Variable Rate Preferred & Income Fund,0,,0,
NPK,NATIONAL PRESTO INDUSTRIES INC,0,,0,
NPKI,NPK International Inc.,0,,0,
NPO,Enpro Inc.,0,,0,
NPT,Texxon Holding Ltd,0,,0,
NPV,NUVEEN VIRGINIA QUALITY MUNICIPAL INCOME FUND,0,,0,
NPWR,NET Power Inc.,0,,0,
NPWR.WT,NET Power Inc.,0,,0,
NRC,NRC HEALTH,0,,0,
NRDS,"NERDWALLET, INC.",0,,0,
NRDY,Nerdy Inc.,0,,0,
NREF,"NexPoint Real Estate Finance, Inc.",0,,0,
NREF.PA,"NexPoint Real Estate Finance, Inc.",0,,0,
NRG,"NRG ENERGY, INC.",0,,0,
NRGD,BANK OF MONTREAL /CAN/,0,,0,
NRGU,BANK OF MONTREAL /CAN/,0,,0,
NRGV,"Energy Vault Holdings, Inc.",0,,0,
NRIM,NORTHRIM BANCORP INC,0,,0,
NRIX,"Nurix Therapeutics, Inc.",0,,0,
NRK,NUVEEN NEW YORK AMT-FREE QUALITY MUNICIPAL INCOME FUND,0,,0,
NRO,NEUBERGER REAL ESTATE SECURITIES INCOME FUND INC,0,,0,
NRP,NATURAL RESOURCE PARTNERS LP,0,,0,
NRSN,NeuroSense Therapeutics Ltd.,0,,0,
NRSNW,NeuroSense Therapeutics Ltd.,0,,0,
NRT,NORTH EUROPEAN OIL ROYALTY TRUST,0,,0,
NRUC,NATIONAL RURAL UTILITIES COOPERATIVE FINANCE CORP /DC/,0,,0,
NRXP,"NRX Pharmaceuticals, Inc.",0,,0,
NRXS,"Neuraxis, INC",0,,0,
NSA,National Storage Affiliates Trust,1,2026-03-16,0,
NSA.PA,National Storage Affiliates Trust,0,,0,
NSA.PB,National Storage Affiliates Trust,0,,0,
NSC,NORFOLK SOUTHERN CORP,1,2025-07-29,0,
NSIT,INSIGHT ENTERPRISES INC,0,,0,
NSP,"INSPERITY, INC.",0,,0,
NSPR,"InspireMD, Inc.",0,,0,
NSRX,Nasus Pharma Ltd,0,,0,
NSSC,"NAPCO SECURITY TECHNOLOGIES, INC",0,,0,
NSTS,"NSTS Bancorp, Inc.",1,2026-05-12,0,
NSYS,NORTECH SYSTEMS INC,0,,0,
NTAP,"NetApp, Inc.",0,,0,
NTB,Bank of N.T. Butterfield & Son Ltd,0,,0,
NTCL,NetClass Technology Inc,0,,0,
NTCT,NETSCOUT SYSTEMS INC,0,,0,
NTES,"NetEase, Inc.",0,,0,
NTGR,"NETGEAR, INC.",0,,0,
NTHI,"NEONC TECHNOLOGIES HOLDINGS, INC.",0,,0,
NTIC,NORTHERN TECHNOLOGIES INTERNATIONAL CORP,0,,0,
NTIP,"NETWORK-1 TECHNOLOGIES, INC.",0,,0,
NTLA,"Intellia Therapeutics, Inc.",0,,0,
NTNX,"Nutanix, Inc.",0,,0,
NTR,Nutrien Ltd.,0,,0,
NTRA,"Natera, Inc.",0,,0,
NTRB,NutriBand Inc.,0,,0,
NTRBW,NutriBand Inc.,0,,0,
NTRP,"NextTrip, Inc.",0,,0,
NTRS,NORTHERN TRUST CORP,0,,0,
NTRSO,NORTHERN TRUST CORP,0,,0,
NTSK,Netskope Inc,0,,0,
NTST,NETSTREIT Corp.,0,,0,
NTWK,NETSOL TECHNOLOGIES INC,0,,0,
NTWO,Newbury Street II Acquisition Corp,0,,0,
NTWOU,Newbury Street II Acquisition Corp,0,,0,
NTWOW,Newbury Street II Acquisition Corp,0,,0,
NTZ,NATUZZI S P A,0,,0,
NU,Nu Holdings Ltd.,0,,0,
NUAI,"New ERA Energy & Digital, Inc.",0,,0,
NUAIW,"New ERA Energy & Digital, Inc.",0,,0,
NUCL,Eagle Nuclear Energy Corp.,0,,0,
NUCLW,Eagle Nuclear Energy Corp.,0,,0,
NUE,NUCOR CORP,0,,0,
NUS,"NU SKIN ENTERPRISES, INC.",0,,0,
NUTR,NUSATRIP Inc,0,,0,
NUTX,Nutex Health Inc.,0,,0,
NUV,NUVEEN MUNICIPAL VALUE FUND INC,0,,0,
NUVB,Nuvation Bio Inc.,0,,0,
NUVL,"Nuvalent, Inc.",1,2026-06-09,0,
NUW,Nuveen AMT-Free Municipal Value Fund,0,,0,
NUWE,"Nuwellis, Inc.",0,,0,
NVA,Nova Minerals Ltd,0,,0,
NVAWW,Nova Minerals Ltd,0,,0,
NVAX,NOVAVAX INC,0,,0,
NVCR,NovoCure Ltd,0,,0,
NVCT,"Nuvectis Pharma, Inc.",0,,0,
NVDA,NVIDIA CORP,0,,0,
NVEC,NVE CORP /NEW/,0,,0,
NVG,Nuveen AMT-Free Municipal Credit Income Fund,0,,0,
NVGS,Navigator Holdings Ltd.,0,,0,
NVMI,NOVA LTD.,0,,0,
NVNI,Nvni Group Ltd,0,,0,
NVNIW,Nvni Group Ltd,0,,0,
NVNO,enVVeno Medical Corp,0,,0,
NVO,NOVO NORDISK A S,0,,0,
NVR,NVR INC,0,,0,
NVRI,Enviri Corp,0,,0,
NVS,NOVARTIS AG,0,,0,
NVST,Envista Holdings Corp,0,,0,
NVT,nVent Electric plc,0,,0,
NVTS,Navitas Semiconductor Corp,0,,0,
NVVE,Nuvve Holding Corp.,0,,0,
NVX,NOVONIX Ltd,0,,0,
NWAX,New America Acquisition I Corp.,0,,0,
NWAX.UN,New America Acquisition I Corp.,0,,0,
NWAX.WT,New America Acquisition I Corp.,0,,0,
NWBI,"Northwest Bancshares, Inc.",0,,0,
NWE,"NorthWestern Energy Group, Inc.",1,2025-08-19,0,
NWFL,NORWOOD FINANCIAL CORP,0,,0,
NWG,NatWest Group plc,0,,0,
NWGL,CL Workshop Group Ltd,0,,0,
NWL,NEWELL BRANDS INC.,0,,0,
NWN,Northwest Natural Holding Co,0,,0,
NWPX,"NWPX Infrastructure, Inc.",0,,0,
NWS,NEWS CORP,0,,0,
NWSA,NEWS CORP,0,,0,
NWTG,"Newton Golf Company, Inc.",0,,0,
NX,Quanex Building Products CORP,0,,0,
NXB,NextBoat Inc.,0,,0,
NXDR,"Nextdoor Holdings, Inc.",0,,0,
NXDT,NEXPOINT DIVERSIFIED REAL ESTATE TRUST,0,,0,
NXDT.PA,NEXPOINT DIVERSIFIED REAL ESTATE TRUST,0,,0,
NXE,NexGen Energy Ltd.,0,,0,
NXG,NXG NextGen Infrastructure Income Fund,0,,0,
NXGL,"NEXGEL, INC.",0,,0,
NXGLW,"NEXGEL, INC.",0,,0,
NXL,"Nexalin Technology, Inc.",0,,0,
NXP,NUVEEN SELECT TAX FREE INCOME PORTFOLIO,0,,0,
NXPI,NXP Semiconductors N.V.,0,,0,
NXPL,NextPlat Corp,0,,0,
NXPLW,NextPlat Corp,0,,0,
NXRT,"NexPoint Residential Trust, Inc.",0,,0,
NXST,"NEXSTAR MEDIA GROUP, INC.",0,,0,
NXT,Nextpower Inc.,0,,0,
NXTC,"NextCure, Inc.",0,,0,
NXTS,Nexentis Technologies Inc.,0,,0,
NXTT,Next Technology Holding Inc.,0,,0,
NXXT,"NEXTNRG, INC.",0,,0,
NYAX,Nayax Ltd.,0,,0,
NYC,American Strategic Investment Co.,0,,0,
NYT,NEW YORK TIMES CO,0,,0,
NYXH,Nyxoah SA,0,,0,
NZF,Nuveen Municipal Credit Income Fund,0,,0,
O,REALTY INCOME CORP,0,,0,
OABI,"OmniAb, Inc.",0,,0,
OABIW,"OmniAb, Inc.",0,,0,
OACC,Oaktree Acquisition Corp. III Life Sciences,0,,0,
OACCU,Oaktree Acquisition Corp. III Life Sciences,0,,0,
OACCW,Oaktree Acquisition Corp. III Life Sciences,0,,0,
OAK.PA,"Brookfield Oaktree Holdings, LLC",0,,0,
OAK.PB,"Brookfield Oaktree Holdings, LLC",0,,0,
OBA,Oxley Bridge Acquisition Ltd,0,,0,
OBAI,"Our Bond, Inc.",0,,0,
OBAWU,Oxley Bridge Acquisition Ltd,0,,0,
OBAWW,Oxley Bridge Acquisition Ltd,0,,0,
OBDC,Blue Owl Capital Corp,0,,0,
OBE,OBSIDIAN ENERGY LTD.,0,,0,
OBIO,"Orchestra BioMed Holdings, Inc.",0,,0,
OBK,"Origin Bancorp, Inc.",0,,0,
OBT,"Orange County Bancorp, Inc. /DE/",0,,0,
OBTC,Osprey Bitcoin Trust,0,,0,
OC,Owens Corning,0,,0,
OCAC.UN,Ocean Capital Acquisition Corp,0,,0,
OCC,OPTICAL CABLE CORP,0,,0,
OCCI,"OFS Credit Company, Inc.",0,,0,
OCCIM,"OFS Credit Company, Inc.",0,,0,
OCCIN,"OFS Credit Company, Inc.",0,,0,
OCFC,OCEANFIRST FINANCIAL CORP,0,,0,
OCG,Oriental Culture Holding LTD,0,,0,
OCGN,"Ocugen, Inc.",0,,0,
OCS,Oculis Holding AG,0,,0,
OCSAW,Oculis Holding AG,0,,0,
OCSL,Oaktree Specialty Lending Corp,0,,0,
OCTV,Octave Intelligence plc,0,,0,
OCUL,"OCULAR THERAPEUTIX, INC",0,,0,
ODC,Oil-Dri Corp of America,0,,0,
ODD,Oddity Tech Ltd,0,,0,
ODFL,"OLD DOMINION FREIGHT LINE, INC.",0,,0,
ODTX,"Odyssey Therapeutics, Inc.",0,,0,
ODV,Osisko Development Corp.,0,,0,
ODVWZ,Osisko Development Corp.,0,,0,
ODYS,Odysight.ai Inc.,0,,0,
OEC,Orion S.A.,0,,0,
OESX,"ORION ENERGY SYSTEMS, INC.",0,,0,
OFAL,OFA Group,0,,0,
OFG,OFG BANCORP,0,,0,
OFIX,Orthofix Medical Inc.,0,,0,
OFLX,"Omega Flex, Inc.",0,,0,
OFRM,"Once Upon a Farm, PBC",0,,0,
OFS,OFS Capital Corp,0,,0,
OFSSH,OFS Capital Corp,0,,0,
OFSSO,OFS Capital Corp,0,,0,
OGC,OceanaGold Corp,0,,0,
OGCP,"Empire State Realty OP, L.P.",0,,0,
OGE,OGE ENERGY CORP.,0,,0,
OGEN,ORAGENICS INC,0,,0,
OGI,ORGANIGRAM GLOBAL INC.,0,,0,
OGN,Organon & Co.,1,2026-04-26,0,
OGS,"ONE Gas, Inc.",0,,0,
OHAC,Oceanhawk Acquisition Corp.,0,,0,
OHACR,Oceanhawk Acquisition Corp.,0,,0,
OHACU,Oceanhawk Acquisition Corp.,0,,0,
OHI,OMEGA HEALTHCARE INVESTORS INC,0,,0,
OI,"O-I Glass, Inc. /DE/",0,,0,
OIA,Invesco Municipal Income Opportunities Trust,0,,0,
OII,OCEANEERING INTERNATIONAL INC,0,,0,
OILD,BANK OF MONTREAL /CAN/,0,,0,
OILU,BANK OF MONTREAL /CAN/,0,,0,
OIM,OneIM Acquisition Corp.,0,,0,
OIMAU,OneIM Acquisition Corp.,0,,0,
OIMAW,OneIM Acquisition Corp.,0,,0,
OIO,OIO Group,0,,0,
OIOWW,OIO Group,0,,0,
OIS,"OIL STATES INTERNATIONAL, INC",0,,0,
OKE,ONEOK INC /NEW/,0,,0,
OKLO,Oklo Inc.,0,,0,
OKTA,"Okta, Inc.",0,,0,
OKUR,"OnKure Therapeutics, Inc.",0,,0,
OKYO,OKYO Pharma Ltd,0,,0,
OLB,"OLB GROUP, INC.",0,,0,
OLED,UNIVERSAL DISPLAY CORP \PA\,0,,0,
OLLI,"Ollie's Bargain Outlet Holdings, Inc.",0,,0,
OLMA,"Olema Pharmaceuticals, Inc.",0,,0,
OLN,OLIN Corp,0,,0,
OLOX,OLENOX INDUSTRIES INC.,0,,0,
OLP,ONE LIBERTY PROPERTIES INC,0,,0,
OLPX,"OLAPLEX HOLDINGS, INC.",1,2026-03-26,0,
OM,"Outset Medical, Inc.",0,,0,
OMAB,Central North Airport Group,0,,0,
OMC,OMNICOM GROUP INC.,0,,0,
OMCL,"OMNICELL, INC.",0,,0,
OMDA,"Omada Health, Inc.",0,,0,
OMER,OMEROS CORP,0,,0,
OMEX,ODYSSEY MARINE EXPLORATION INC,1,2026-04-08,0,
OMF,"OneMain Holdings, Inc.",0,,0,
OMH,Ohmyhome Ltd,0,,0,
OMSE,OMS Energy Technologies Inc.,0,,0,
ON,ON SEMICONDUCTOR CORP,0,,0,
ONB,OLD NATIONAL BANCORP /IN/,0,,0,
ONBPO,OLD NATIONAL BANCORP /IN/,0,,0,
ONBPP,OLD NATIONAL BANCORP /IN/,0,,0,
ONC,BeOne Medicines Ltd.,0,,0,
ONCH,1RT Acquisition Corp.,0,,0,
ONCHU,1RT Acquisition Corp.,0,,0,
ONCHW,1RT Acquisition Corp.,0,,0,
ONCO,"Onconetix, Inc.",1,2026-02-12,0,
ONCY,ONCOLYTICS BIOTECH INC,0,,0,
ONDS,Ondas Inc.,0,,0,
ONEG,OneConstruction Group Ltd,0,,0,
ONEW,OneWater Marine Inc.,0,,0,
ONFO,"Onfolio Holdings, Inc",0,,0,
ONFOW,"Onfolio Holdings, Inc",0,,0,
ONIT,ONITY GROUP INC.,0,,0,
ONL,Orion Properties Inc.,0,,0,
ONMD,OneMedNet Corp,0,,0,
ONMDW,OneMedNet Corp,0,,0,
ONON,On Holding AG,0,,0,
ONT,"Onterris, Inc.",0,,0,
ONTO,ONTO INNOVATION INC.,0,,0,
OOMA,OOMA INC,0,,0,
OPAD,Offerpad Solutions Inc.,0,,0,
OPAL,OPAL Fuels Inc.,0,,0,
OPBK,OP Bancorp,0,,0,
OPCH,"Option Care Health, Inc.",0,,0,
OPEN,Opendoor Technologies Inc.,0,,0,
OPENL,Opendoor Technologies Inc.,0,,0,
OPENW,Opendoor Technologies Inc.,0,,0,
OPENZ,Opendoor Technologies Inc.,0,,0,
OPFI,OppFi Inc.,0,,0,
OPFI.WT,OppFi Inc.,0,,0,
OPHC,"OptimumBank Holdings, Inc.",0,,0,
OPK,"OPKO HEALTH, INC.",0,,0,
OPLN,"OPENLANE, Inc.",0,,0,
OPP,"RiverNorth/DoubleLine Strategic Opportunity Fund, Inc.",0,,0,
OPP.PA,"RiverNorth/DoubleLine Strategic Opportunity Fund, Inc.",0,,0,
OPP.PB,"RiverNorth/DoubleLine Strategic Opportunity Fund, Inc.",0,,0,
OPP.PC,"RiverNorth/DoubleLine Strategic Opportunity Fund, Inc.",0,,0,
OPRA,Opera Ltd,0,,0,
OPRT,Oportun Financial Corp,0,,0,
OPRX,OptimizeRx Corp,0,,0,
OPTH,Optimi Health Corp.,0,,0,
OPTT,"Ocean Power Technologies, Inc.",0,,0,
OPTU,"Optimum Communications, Inc.",0,,0,
OPTX,"SYNTEC OPTICS HOLDINGS, INC.",0,,0,
OPTXW,"SYNTEC OPTICS HOLDINGS, INC.",0,,0,
OPXS,Optex Systems Holdings Inc,0,,0,
OPY,OPPENHEIMER HOLDINGS INC,0,,0,
OR,OR Royalties Inc.,0,,0,
ORA,"ORMAT TECHNOLOGIES, INC.",0,,0,
ORBS,Eightco Holdings Inc.,0,,0,
ORC,"Orchid Island Capital, Inc.",0,,0,
ORCL,ORACLE CORP,0,,0,
ORCL.PD,ORACLE CORP,0,,0,
ORGN,"Origin Materials, Inc.",0,,0,
ORGNW,"Origin Materials, Inc.",0,,0,
ORGO,Organogenesis Holdings Inc.,0,,0,
ORI,OLD REPUBLIC INTERNATIONAL CORP,0,,0,
ORIC,"Oric Pharmaceuticals, Inc.",0,,0,
ORIO,Orion Digital Corp.,0,,0,
ORIQ,Origin Investment Corp I,0,,0,
ORIQU,Origin Investment Corp I,0,,0,
ORIQW,Origin Investment Corp I,0,,0,
ORIS,ORIENTAL RISE HOLDINGS Ltd,0,,0,
ORKA,"Oruka Therapeutics, Inc.",0,,0,
ORKT,ORANGEKLOUD TECHNOLOGY INC.,0,,0,
ORLA,Orla Mining Ltd.,0,,0,
ORLY,O REILLY AUTOMOTIVE INC,0,,0,
ORMP,ORAMED PHARMACEUTICALS INC.,0,,0,
ORN,Orion Group Holdings Inc,0,,0,
ORRF,ORRSTOWN FINANCIAL SERVICES INC,0,,0,
OSBC,OLD SECOND BANCORP INC,0,,0,
OSCR,"Oscar Health, Inc.",0,,0,
OSG,OCTAVE SPECIALTY GROUP INC,0,,0,
OSIS,OSI SYSTEMS INC,0,,0,
OSK,OSHKOSH CORP,0,,0,
OSPN,OneSpan Inc.,0,,0,
OSRH,"OSR Holdings, Inc.",0,,0,
OSRHW,"OSR Holdings, Inc.",0,,0,
OSS,"ONE STOP SYSTEMS, INC.",0,,0,
OST,"Ostin Technology Group Co., Ltd.",0,,0,
OSTX,OS Therapies Inc,0,,0,
OSUR,ORASURE TECHNOLOGIES INC,0,,0,
OSW,ONESPAWORLD HOLDINGS Ltd,0,,0,
OTAI.UN,Starlink AI Acquisition Corp,0,,0,
OTEX,OPEN TEXT CORP,0,,0,
OTF,Blue Owl Technology Finance Corp.,0,,0,
OTGA,OTG Acquisition Corp. I,0,,0,
OTGAU,OTG Acquisition Corp. I,0,,0,
OTGAW,OTG Acquisition Corp. I,0,,0,
OTIS,Otis Worldwide Corp,0,,0,
OTLK,"Outlook Therapeutics, Inc.",0,,0,
OTLY,Oatly Group AB,0,,0,
OTTR,Otter Tail Corp,0,,0,
OUNZ,VanEck Merk Gold ETF,0,,0,
OUST,"Ouster, Inc.",0,,0,
OUT,OUTFRONT Media Inc.,0,,0,
OVBC,OHIO VALLEY BANC CORP,0,,0,
OVID,Ovid Therapeutics Inc.,0,,0,
OVLY,Oak Valley Bancorp,0,,0,
OVV,Ovintiv Inc.,0,,0,
OWL,BLUE OWL CAPITAL INC.,0,,0,
OWLS,OBOOK HOLDINGS INC.,0,,0,
OWLT,"Owlet, Inc.",0,,0,
OXBR,OXBRIDGE RE HOLDINGS Ltd,0,,0,
OXBRW,OXBRIDGE RE HOLDINGS Ltd,0,,0,
OXLC,Oxford Lane Capital Corp.,0,,0,
OXLCG,Oxford Lane Capital Corp.,0,,0,
OXLCI,Oxford Lane Capital Corp.,0,,0,
OXLCL,Oxford Lane Capital Corp.,0,,0,
OXLCM,Oxford Lane Capital Corp.,0,,0,
OXLCN,Oxford Lane Capital Corp.,0,,0,
OXLCO,Oxford Lane Capital Corp.,0,,0,
OXLCZ,Oxford Lane Capital Corp.,0,,0,
OXM,OXFORD INDUSTRIES INC,0,,0,
OXSQ,Oxford Square Capital Corp.,0,,0,
OXSQG,Oxford Square Capital Corp.,0,,0,
OXSQH,Oxford Square Capital Corp.,0,,0,
OXY,OCCIDENTAL PETROLEUM CORP /DE/,0,,0,
OXY.WT,OCCIDENTAL PETROLEUM CORP /DE/,0,,0,
OYSE,Oyster Enterprises II Acquisition Corp,0,,0,
OYSER,Oyster Enterprises II Acquisition Corp,0,,0,
OYSEU,Oyster Enterprises II Acquisition Corp,0,,0,
OZ,"Belpointe PREP, LLC",0,,0,
OZK,Bank OZK,0,,0,
OZKAP,Bank OZK,0,,0,
P,"Everpure, Inc.",0,,0,
PAA,PLAINS ALL AMERICAN PIPELINE LP,0,,0,
PAAC,Proem Acquisition Corp. I,0,,0,
PAACU,Proem Acquisition Corp. I,0,,0,
PAACW,Proem Acquisition Corp. I,0,,0,
PAAS,PAN AMERICAN SILVER CORP,0,,0,
PAC,Pacific Airport Group,0,,0,
PACB,"PACIFIC BIOSCIENCES OF CALIFORNIA, INC.",0,,0,
PACH,Pioneer Acquisition I Corp,0,,0,
PACHU,Pioneer Acquisition I Corp,0,,0,
PACHW,Pioneer Acquisition I Corp,0,,0,
PACK,Ranpak Holdings Corp.,0,,0,
PACS,"PACS Group, Inc.",0,,0,
PAG,"PENSKE AUTOMOTIVE GROUP, INC.",0,,0,
PAGP,PLAINS GP HOLDINGS LP,0,,0,
PAGS,PagSeguro Digital Ltd.,0,,0,
PAHC,PHIBRO ANIMAL HEALTH CORP,0,,0,
PAI,Western Asset Investment Grade Income Fund Inc.,0,,0,
PAII,Pyrophyte Acquisition Corp. II,0,,0,
PAII.UN,Pyrophyte Acquisition Corp. II,0,,0,
PAII.WT,Pyrophyte Acquisition Corp. II,0,,0,
PAL,"Proficient Auto Logistics, Inc",0,,0,
PALI,"PALISADE BIO, INC.",0,,0,
PALL,abrdn Palladium ETF Trust,0,,0,
PALO,PALOMA ACQUISITION CORP I,0,,0,
PALOU,PALOMA ACQUISITION CORP I,0,,0,
PALOW,PALOMA ACQUISITION CORP I,0,,0,
PAM,Pampa Energy Inc.,0,,0,
PAMT,PAMT CORP,0,,0,
PANL,Pangaea Logistics Solutions Ltd.,0,,0,
PANW,Palo Alto Networks Inc,0,,0,
PAPL,Pineapple Financial Inc.,0,,0,
PAR,PAR TECHNOLOGY CORP,0,,0,
PARK,"Park Dental Partners, Inc.",0,,0,
PARR,"PAR PACIFIC HOLDINGS, INC.",0,,0,
PASG,"Passage BIO, Inc.",0,,0,
PASW,"Ping An Biomedical Co., Ltd.",0,,0,
PATH,"UiPath, Inc.",0,,0,
PATK,PATRICK INDUSTRIES INC,0,,0,
PAVM,PAVmed Inc.,0,,0,
PAVS,Paranovus Entertainment Technology Ltd.,0,,0,
PAX,Patria Investments Ltd,0,,0,
PAXS,PIMCO Access Income Fund,0,,0,
PAY,"Paymentus Holdings, Inc.",0,,0,
PAYC,"Paycom Software, Inc.",0,,0,
PAYO,Payoneer Global Inc.,0,,0,
PAYP,PayPay Corp,0,,0,
PAYS,"Paysign, Inc.",0,,0,
PAYX,PAYCHEX INC,0,,0,
PB,PROSPERITY BANCSHARES INC,0,,1,2026-01-28
PBA,PEMBINA PIPELINE CORP,0,,0,
PBF,PBF Energy Inc.,0,,0,
PBFS,"Pioneer Bancorp, Inc./MD",0,,0,
PBH,Prestige Consumer Healthcare Inc.,0,,0,
PBHC,"Pathfinder Bancorp, Inc.",0,,0,
PBI,PITNEY BOWES INC /DE/,0,,0,
PBI.PB,PITNEY BOWES INC /DE/,0,,0,
PBK,POWERBANK Corp,0,,0,
PBLS,"Parabilis Medicines, Inc.",0,,0,
PBM,PSYENCE BIOMEDICAL LTD.,0,,0,
PBMWW,PSYENCE BIOMEDICAL LTD.,0,,0,
PBR,PETROBRAS - PETROLEO BRASILEIRO SA,0,,0,
PBR.A,PETROBRAS - PETROLEO BRASILEIRO SA,0,,0,
PBT,PERMIAN BASIN ROYALTY TRUST,0,,0,
PBYI,"PUMA BIOTECHNOLOGY, INC.",0,,0,
PC,Premium Catering (Holdings) Ltd,0,,0,
PCAP,ProCap Acquisition Corp,0,,0,
PCAPU,ProCap Acquisition Corp,0,,0,
PCAPW,ProCap Acquisition Corp,0,,0,
PCAR,PACCAR INC,0,,0,
PCB,PCB BANCORP,0,,0,
PCF,HIGH INCOME SECURITIES FUND,0,,0,
PCG,PG&E Corp,0,,0,
PCG.PA,PG&E Corp,0,,0,
PCG.PB,PG&E Corp,0,,0,
PCG.PC,PG&E Corp,0,,0,
PCG.PD,PG&E Corp,0,,0,
PCG.PE,PG&E Corp,0,,0,
PCG.PG,PG&E Corp,0,,0,
PCG.PH,PG&E Corp,0,,0,
PCG.PI,PG&E Corp,0,,0,
PCG.PX,PG&E Corp,0,,0,
PCLA,PicoCELA Inc.,0,,0,
PCM,"PCM FUND, INC.",0,,0,
PCN,PIMCO CORPORATE & INCOME STRATEGY FUND,0,,0,
PCOR,"PROCORE TECHNOLOGIES, INC.",0,,0,
PCQ,PIMCO CALIFORNIA MUNICIPAL INCOME FUND,0,,0,
PCRX,"Pacira BioSciences, Inc.",0,,0,
PCSA,"Processa Pharmaceuticals, Inc.",0,,0,
PCSC,Perceptive Capital Solutions Corp,1,2025-12-05,0,
PCT,"PureCycle Technologies, Inc.",0,,0,
PCTTU,"PureCycle Technologies, Inc.",0,,0,
PCTTW,"PureCycle Technologies, Inc.",0,,0,
PCTY,Paylocity Holding Corp,0,,0,
PCVX,"Vaxcyte, Inc.",0,,0,
PCYO,PURE CYCLE CORP,0,,0,
PD,"PagerDuty, Inc.",0,,0,
PDC,Perpetuals.com Ltd,0,,0,
PDCC,Pearl Diver Credit Co Inc.,0,,0,
PDD,PDD Holdings Inc.,0,,0,
PDEX,PRO DEX INC,0,,0,
PDFS,PDF SOLUTIONS INC,0,,0,
PDI,PIMCO Dynamic Income Fund,0,,0,
PDLB,"Ponce Financial Group, Inc.",0,,0,
PDM,"Piedmont Realty Trust, Inc.",0,,0,
PDO,PIMCO Dynamic Income Opportunities Fund,0,,0,
PDPA,Pearl Diver Credit Co Inc.,0,,0,
PDS,PRECISION DRILLING Corp,0,,0,
PDSB,PDS Biotechnology Corp,0,,0,
PDT,JOHN HANCOCK PREMIUM DIVIDEND FUND,0,,0,
PDX,PIMCO Dynamic Income Strategy Fund,0,,0,
PDYN,Palladyne AI Corp.,0,,0,
PDYNW,Palladyne AI Corp.,0,,0,
PEB,Pebblebrook Hotel Trust,0,,0,
PEB.PE,Pebblebrook Hotel Trust,0,,0,
PEB.PF,Pebblebrook Hotel Trust,0,,0,
PEB.PG,Pebblebrook Hotel Trust,0,,0,
PEB.PH,Pebblebrook Hotel Trust,0,,0,
PEBK,PEOPLES BANCORP OF NORTH CAROLINA INC,0,,0,
PEBO,PEOPLES BANCORP INC,1,2025-10-16,0,
PECE,Peace Acquisition Corp.,0,,0,
PECER,Peace Acquisition Corp.,0,,0,
PECEU,Peace Acquisition Corp.,0,,0,
PECEW,Peace Acquisition Corp.,0,,0,
PECO,"Phillips Edison & Company, Inc.",0,,0,
PED,PEDEVCO CORP,0,,0,
PEG,PUBLIC SERVICE ENTERPRISE GROUP INC,0,,0,
PEGA,PEGASYSTEMS INC,0,,0,
PEN,Penumbra Inc,1,2026-01-15,0,
PENG,"Penguin Solutions, Inc.",0,,0,
PENN,"PENN Entertainment, Inc.",0,,0,
PEO,"ADAMS NATURAL RESOURCES FUND, INC.",0,,0,
PEP,PEPSICO INC,0,,0,
PEPG,PepGen Inc.,0,,0,
PERF,Perfect Corp.,0,,0,
PERI,Perion Network Ltd.,0,,0,
PESI,PERMA FIX ENVIRONMENTAL SERVICES INC,0,,0,
PETS,PETMED EXPRESS INC,2,2025-12-10,0,
PETZ,"TDH Holdings, Inc.",0,,0,
PEW,GrabAGun Digital Holdings Inc.,0,,0,
PEW.WT,GrabAGun Digital Holdings Inc.,0,,0,
PFAI,Pinnacle Food Group Ltd,0,,0,
PFBC,Preferred Bank,0,,0,
PFD,FLAHERTY & CRUMRINE PREFERRED & INCOME FUND INC,0,,0,
PFE,PFIZER INC,0,,0,
PFFL,UBS AG,0,,0,
PFG,PRINCIPAL FINANCIAL GROUP INC,0,,0,
PFGC,Performance Food Group Co,0,,0,
PFH,PRUDENTIAL FINANCIAL INC,0,,0,
PFIS,PEOPLES FINANCIAL SERVICES CORP.,0,,0,
PFL,PIMCO INCOME STRATEGY FUND,0,,0,
PFLA,PennantPark Floating Rate Capital Ltd.,0,,0,
PFLT,PennantPark Floating Rate Capital Ltd.,0,,0,
PFN,PIMCO Income Strategy Fund II,0,,0,
PFO,Flaherty & Crumrine PREFERRED & INCOME OPPORTUNITY FUND INC,0,,0,
PFS,PROVIDENT FINANCIAL SERVICES INC,0,,0,
PFSA,"Profusa, Inc.",0,,0,
PFSI,"PennyMac Financial Services, Inc.",0,,0,
PFX,PhenixFIN Corp,0,,0,
PFXNZ,PhenixFIN Corp,0,,0,
PG,PROCTER & GAMBLE Co,0,,0,
PGAC,PANTAGES CAPITAL ACQUISITION Corp,1,2025-11-19,0,
PGACR,PANTAGES CAPITAL ACQUISITION Corp,0,,0,
PGACU,PANTAGES CAPITAL ACQUISITION Corp,0,,0,
PGC,PEAPACK GLADSTONE FINANCIAL CORP,0,,0,
PGEN,"PRECIGEN, INC.",0,,0,
PGNY,"Progyny, Inc.",0,,0,
PGP,PIMCO Global StocksPLUS & Income Fund,0,,0,
PGR,PROGRESSIVE CORP/OH/,0,,0,
PGY,Pagaya Technologies Ltd.,0,,0,
PGYWW,Pagaya Technologies Ltd.,0,,0,
PGZ,Principal Real Estate Income Fund,0,,0,
PH,Parker-Hannifin Corp,0,,0,
PHAR,Pharming Group N.V.,0,,0,
PHAT,"Phathom Pharmaceuticals, Inc.",0,,0,
PHG,KONINKLIJKE PHILIPS NV,0,,0,
PHGE,BiomX Inc.,0,,0,
PHI,PLDT Inc.,0,,0,
PHIN,PHINIA INC.,0,,0,
PHIO,Phio Pharmaceuticals Corp.,0,,0,
PHK,PIMCO HIGH INCOME FUND,0,,0,
PHM,PULTEGROUP INC/MI/,0,,0,
PHOE,Phoenix Asia Holdings Ltd,0,,0,
PHR,"Phreesia, Inc.",0,,0,
PHUN,"Phunware, Inc.",0,,0,
PHVS,Pharvaris N.V.,0,,0,
PHXE.P,"Phoenix Energy One, LLC",0,,0,
PHYS,Sprott Physical Gold Trust,0,,0,
PI,IMPINJ INC,0,,0,
PICS,PicS N.V.,0,,0,
PII,Polaris Inc.,0,,0,
PIII,P3 Health Partners Inc.,0,,0,
PIIIW,P3 Health Partners Inc.,0,,0,
PIM,PUTNAM MASTER INTERMEDIATE INCOME TRUST,0,,0,
PINE,"Alpine Income Property Trust, Inc.",0,,0,
PINE.PA,"Alpine Income Property Trust, Inc.",0,,0,
PINS,"PINTEREST, INC.",0,,0,
PIPR,PIPER SANDLER COMPANIES,0,,0,
PJT,PJT Partners Inc.,0,,0,
PK,Park Hotels & Resorts Inc.,0,,0,
PKBK,"PARKE BANCORP, INC.",0,,0,
PKE,PARK AEROSPACE CORP,0,,0,
PKG,PACKAGING CORP OF AMERICA,0,,0,
PKOH,PARK OHIO HOLDINGS CORP,0,,0,
PKX,POSCO HOLDINGS INC.,0,,0,
PL,Planet Labs PBC,0,,0,
PLAB,PHOTRONICS INC,0,,0,
PLAG,Planet Green Holdings Corp.,0,,0,
PLAY,"Dave & Buster's Entertainment, Inc.",0,,0,
PLBC,PLUMAS BANCORP,0,,0,
PLBL,Polibeli Group Ltd,0,,0,
PLBY,"Playboy, Inc.",0,,0,
PLCE,"Childrens Place, Inc.",0,,0,
PLD,"Prologis, Inc.",0,,0,
PLG,PLATINUM GROUP METALS LTD,0,,0,
PLGO,Pelagos Insurance Capital Ltd,0,,0,
PLMK,"Plum Acquisition Corp, IV",1,2025-12-19,0,
PLMKU,"Plum Acquisition Corp, IV",0,,0,
PLMKW,"Plum Acquisition Corp, IV",0,,0,
PLMR,"Palomar Holdings, Inc.",0,,0,
PLNT,"Planet Fitness, Inc.",0,,0,
PLOW,"DOUGLAS DYNAMICS, INC",0,,0,
PLPC,PREFORMED LINE PRODUCTS CO,0,,0,
PLRX,"PLIANT THERAPEUTICS, INC.",0,,0,
PLRZ,Polyrizon Ltd.,0,,0,
PLSE,"PULSE BIOSCIENCES, INC.",0,,0,
PLSM,Pulsenmore Ltd.,0,,0,
PLTK,Playtika Holding Corp.,0,,0,
PLTM,GraniteShares Platinum Trust,0,,0,
PLTR,Palantir Technologies Inc.,0,,0,
PLTS,Platinum Analytics Cayman Ltd,0,,0,
PLUG,PLUG POWER INC,0,,0,
PLUN.UN,Plutonian Acquisition Corp. II,0,,0,
PLUR,Pluri Inc.,0,,0,
PLUS,EPLUS INC,0,,0,
PLUT,Plutus Financial Group Ltd,0,,0,
PLX,"Protalix BioTherapeutics, Inc.",0,,0,
PLXS,PLEXUS CORP,0,,0,
PLYX,"Polaryx Therapeutics, Inc.",0,,0,
PM,Philip Morris International Inc.,0,,0,
PMAX,Powell Max Ltd,0,,0,
PMCB,"PharmaCyte Biotech, Inc.",0,,0,
PMEC,Primech Holdings Ltd,0,,0,
PMI,"Picard Medical, Inc.",0,,0,
PML,PIMCO MUNICIPAL INCOME FUND II,0,,0,
PMM,PUTNAM MANAGED MUNICIPAL INCOME TRUST,0,,0,
PMN,ProMIS Neurosciences Inc.,0,,0,
PMNT,Perfect Moment Ltd.,0,,0,
PMO,PUTNAM MUNICIPAL OPPORTUNITIES TRUST,0,,0,
PMT,PennyMac Mortgage Investment Trust,0,,0,
PMT.PA,PennyMac Mortgage Investment Trust,0,,0,
PMT.PB,PennyMac Mortgage Investment Trust,0,,0,
PMT.PC,PennyMac Mortgage Investment Trust,0,,0,
PMTR,Perimeter Acquisition Corp. I,0,,0,
PMTRU,Perimeter Acquisition Corp. I,0,,0,
PMTRW,Perimeter Acquisition Corp. I,0,,0,
PMTS,CPI Card Group Inc.,1,2025-12-04,0,
PMTU,PennyMac Mortgage Investment Trust,0,,0,
PMTV,PennyMac Mortgage Investment Trust,0,,0,
PMTW,PennyMac Mortgage Investment Trust,0,,0,
PMVP,"PMV Pharmaceuticals, Inc.",0,,0,
PN,PN Smart Energy Ltd,0,,0,
PNBK,PATRIOT NATIONAL BANCORP INC,0,,0,
PNC,"PNC FINANCIAL SERVICES GROUP, INC.",0,,0,
PNFP,"Pinnacle Financial Partners, Inc.",0,,0,
PNFP.PA,"Pinnacle Financial Partners, Inc.",0,,0,
PNFP.PB,"Pinnacle Financial Partners, Inc.",0,,0,
PNFP.PC,"Pinnacle Financial Partners, Inc.",0,,0,
PNI,PIMCO NEW YORK MUNICIPAL INCOME FUND II,0,,0,
PNNT,PENNANTPARK INVESTMENT CORP,0,,0,
PNR,PENTAIR plc,0,,0,
PNRG,PRIMEENERGY RESOURCES CORP,0,,0,
PNTG,"Pennant Group, Inc.",0,,0,
PNW,PINNACLE WEST CAPITAL CORP,0,,0,
POAS,PHAOS TECHNOLOGY HOLDINGS (CAYMAN) Ltd,0,,0,
POCI,"PRECISION OPTICS CORPORATION, INC.",0,,0,
PODC,"PodcastOne, Inc.",0,,0,
PODD,INSULET CORP,0,,0,
POET,POET TECHNOLOGIES INC.,0,,0,
POLA,"Polar Power, Inc.",0,,0,
POLE,Andretti Acquisition Corp. II,0,,0,
POLEU,Andretti Acquisition Corp. II,0,,0,
POLEW,Andretti Acquisition Corp. II,0,,0,
POM,POMDOCTOR Ltd,0,,0,
PONO,"Pono Capital Four, Inc.",0,,0,
PONOR,"Pono Capital Four, Inc.",0,,0,
PONOU,"Pono Capital Four, Inc.",0,,0,
PONY,Pony AI Inc.,0,,0,
POOL,POOL CORP,0,,0,
POR,PORTLAND GENERAL ELECTRIC CO /OR/,0,,0,
POST,"Post Holdings, Inc.",0,,0,
POWI,POWER INTEGRATIONS INC,0,,0,
POWL,POWELL INDUSTRIES INC,0,,0,
POWW,Outdoor Holding Co,0,,0,
POWWP,Outdoor Holding Co,0,,0,
PPBT,PURPLE BIOTECH LTD.,0,,0,
PPC,PILGRIMS PRIDE CORP,0,,0,
PPCB,"Propanc Biopharma, Inc.",0,,0,
PPG,PPG INDUSTRIES INC,0,,0,
PPHC,"Public Policy Holding Company, Inc.",0,,0,
PPIH,"Perma-Pipe International Holdings, Inc.",0,,0,
PPL,PPL Corp,0,,0,
PPLC,PPL Corp,0,,0,
PPLI,People Inc,0,,0,
PPLT,abrdn Platinum ETF Trust,0,,0,
PPSI,"PIONEER POWER SOLUTIONS, INC.",0,,0,
PPT,PUTNAM PREMIER INCOME TRUST,0,,0,
PPTA,PERPETUA RESOURCES CORP.,0,,0,
PR,Permian Resources Corp,0,,0,
PRA,PROASSURANCE CORP,0,,0,
PRAA,PRA GROUP INC,0,,0,
PRAX,"Praxis Precision Medicines, Inc.",0,,0,
PRCH,"Porch Group, Inc.",0,,0,
PRCT,PROCEPT BioRobotics Corp,0,,0,
PRDO,PERDOCEO EDUCATION Corp,0,,0,
PRE,Prenetics Global Ltd,0,,0,
PRENW,Prenetics Global Ltd,0,,0,
PRFX,PRF Technologies Ltd.,0,,0,
PRG,"PROG Holdings, Inc.",0,,0,
PRGO,PERRIGO Co plc,0,,0,
PRGS,PROGRESS SOFTWARE CORP /MA,0,,0,
PRH,PRUDENTIAL FINANCIAL INC,0,,0,
PRHI,"Presurance Holdings, Inc.",0,,0,
PRHIZ,"Presurance Holdings, Inc.",0,,0,
PRI,"Primerica, Inc.",0,,0,
PRIF.PD,"Priority Income Fund, Inc.",0,,0,
PRIF.PK,"Priority Income Fund, Inc.",0,,0,
PRIF.PL,"Priority Income Fund, Inc.",0,,0,
PRIM,Primoris Services Corp,0,,0,
PRK,PARK NATIONAL CORP /OH/,0,,1,2025-10-27
PRKS,United Parks & Resorts Inc.,0,,0,
PRLB,Proto Labs Inc,0,,0,
PRLD,Prelude Therapeutics Inc,0,,0,
PRM,"Perimeter Solutions, Inc.",0,,0,
PRMB,Primo Brands Corp,0,,0,
PRME,"Prime Medicine, Inc.",0,,0,
PROF,Profound Medical Corp.,0,,0,
PROK,PROKIDNEY CORP.,0,,0,
PROP,Prairie Operating Co.,0,,0,
PROV,PROVIDENT FINANCIAL HOLDINGS INC,0,,0,
PRPL,"Purple Innovation, Inc.",0,,0,
PRPO,"Precipio, Inc.",0,,0,
PRQR,ProQR Therapeutics N.V.,0,,0,
PRS,PRUDENTIAL FINANCIAL INC,0,,0,
PRSO,Peraso Inc.,1,2025-06-26,0,
PRSU,"Pursuit Attractions & Hospitality, Inc.",0,,0,
PRT,PermRock Royalty Trust,0,,0,
PRTA,PROTHENA CORP PUBLIC LTD CO,0,,0,
PRTH,"Priority Technology Holdings, Inc.",1,2025-11-10,0,
PRTS,"CarParts.com, Inc.",0,,0,
PRU,PRUDENTIAL FINANCIAL INC,0,,0,
PRVA,"Privia Health Group, Inc.",0,,0,
PRZO,ParaZero Technologies Ltd.,0,,0,
PS,PERSHING SQUARE INC.,0,,0,
PSA,Public Storage,0,,1,2026-03-16
PSA.PF,Public Storage,0,,0,
PSA.PG,Public Storage,0,,0,
PSA.PH,Public Storage,0,,0,
PSA.PI,Public Storage,0,,0,
PSA.PJ,Public Storage,0,,0,
PSA.PK,Public Storage,0,,0,
PSA.PL,Public Storage,0,,0,
PSA.PM,Public Storage,0,,0,
PSA.PN,Public Storage,0,,0,
PSA.PO,Public Storage,0,,0,
PSA.PP,Public Storage,0,,0,
PSA.PQ,Public Storage,0,,0,
PSA.PR,Public Storage,0,,0,
PSA.PS,Public Storage,0,,0,
PSBD,Palmer Square Capital BDC Inc.,0,,0,
PSEC,PROSPECT CAPITAL CORP,0,,0,
PSEC.PA,PROSPECT CAPITAL CORP,0,,0,
PSF,"Cohen & Steers Select Preferred & Income Fund, Inc.",0,,0,
PSFE,Paysafe Ltd,0,,0,
PSHG,Performance Shipping Inc.,0,,0,
PSIG,PS International Group Ltd.,0,,0,
PSIX,"POWER SOLUTIONS INTERNATIONAL, INC.",0,,0,
PSKY,Paramount Skydance Corp,0,,1,2025-12-02
PSLV,Sprott Physical Silver Trust,0,,0,
PSMT,PRICESMART INC,0,,0,
PSN,PARSONS CORP,0,,0,
PSNL,"Personalis, Inc.",0,,0,
PSNY,Polestar Automotive Holding UK PLC,0,,0,
PSNYW,Polestar Automotive Holding UK PLC,0,,0,
PSO,PEARSON PLC,0,,0,
PSQH,"PSQ Holdings, Inc.",0,,0,
PSQH.WT,"PSQ Holdings, Inc.",0,,0,
PSTL,"Postal Realty Trust, Inc.",0,,0,
PSTV,"PLUS THERAPEUTICS, INC.",0,,0,
PSUS,"Pershing Square USA, Ltd.",0,,0,
PSX,Phillips 66,0,,0,
PTA,Cohen & Steers Tax-Advantaged Preferred Securities & Income Fund,0,,0,
PTACU,Patriot Acquisition Corp./CI,0,,0,
PTC,PTC INC.,0,,0,
PTCT,"PTC THERAPEUTICS, INC.",0,,0,
PTEN,PATTERSON UTI ENERGY INC,0,,0,
PTGX,"Protagonist Therapeutics, Inc",0,,0,
PTHS,Pelthos Therapeutics Inc.,0,,0,
PTLE,PTL Ltd,0,,0,
PTLO,Portillo's Inc.,0,,0,
PTN,PALATIN TECHNOLOGIES INC,0,,0,
PTNM,Pitanium Ltd,0,,0,
PTON,"PELOTON INTERACTIVE, INC.",0,,0,
PTOR,Praetorian Acquisition Corp.,0,,0,
PTORU,Praetorian Acquisition Corp.,0,,0,
PTORW,Praetorian Acquisition Corp.,0,,0,
PTRN,Pattern Group Inc.,0,,0,
PTY,PIMCO CORPORATE & INCOME OPPORTUNITY FUND,0,,0,
PUBM,"PubMatic, Inc.",0,,0,
PUK,PRUDENTIAL PLC,0,,0,
PULM,"Pulmatrix, Inc.",1,2026-03-26,0,
PUMP,ProPetro Holding Corp.,0,,0,
PURR,Hyperliquid Strategies Inc,0,,0,
PUSA,Aureus Greenway Holdings Inc,1,2026-03-09,0,
PVH,PVH CORP. /DE/,0,,0,
PVL,Permianville Royalty Trust,0,,0,
PVLA,"PALVELLA THERAPEUTICS, INC.",0,,0,
PW,Power REIT,0,,0,
PW.PA,Power REIT,0,,0,
PWP,Perella Weinberg Partners,0,,0,
PWR,"QUANTA SERVICES, INC.",0,,0,
PWRL,Powerlaw Corp.,0,,0,
PXED,"Phoenix Education Partners, Inc.",0,,0,
PXLW,"PIXELWORKS, INC",0,,0,
PXS,Pyxis Tankers Inc.,0,,0,
PYPD,PolyPid Ltd.,0,,0,
PYPL,"PayPal Holdings, Inc.",0,,0,
PYT,PPLUS Trust Series GSC-2,0,,0,
PYXS,"Pyxis Oncology, Inc.",0,,0,
PZG,Paramount Gold Nevada Corp.,0,,0,
PZZA,PAPA JOHNS INTERNATIONAL INC,0,,0,
Q,"Qnity Electronics, Inc.",0,,0,
QADR,QDRO Acquisition Corp.,0,,0,
QADRU,QDRO Acquisition Corp.,0,,0,
QADRW,QDRO Acquisition Corp.,0,,0,
QBTS,D-Wave Quantum Inc.,0,,0,
QCLS,"Q/C TECHNOLOGIES, INC.",0,,0,
QCOM,QUALCOMM INC/DE,0,,0,
QCRH,QCR HOLDINGS INC,0,,0,
QDEL,QuidelOrtho Corp,0,,0,
QETA,Quetta Acquisition Corp,1,2026-03-12,0,
QETAR,Quetta Acquisition Corp,0,,0,
QETAU,Quetta Acquisition Corp,0,,0,
QFIN,"Qfin Holdings, Inc.",0,,0,
QGEN,QIAGEN N.V.,0,,0,
QH,QUHUO Ltd,0,,0,
QLEP.UN,Quantum Leap Acquisition Corp,0,,0,
QLYS,"QUALYS, INC.",0,,0,
QMCO,QUANTUM CORP /DE/,1,2026-02-13,0,
QMMM,QMMM Holdings Ltd,0,,0,
QNC,Quantum eMotion Corp,0,,0,
QNCX,"Quince Therapeutics, Inc.",0,,0,
QNRX,"Quoin Pharmaceuticals, Ltd.",0,,0,
QNST,"QUINSTREET, INC",0,,0,
QNT,Quantinuum Inc.,0,,0,
QNTM,Quantum Biopharma Ltd.,0,,0,
QQQ,"INVESCO QQQ TRUST, SERIES 1",0,,0,
QQQX,Nuveen NASDAQ 100 Dynamic Overwrite Fund,0,,0,
QRED,QuasarEdge Acquisition Corp,1,2026-05-07,0,
QRED.RI,QuasarEdge Acquisition Corp,0,,0,
QRED.UN,QuasarEdge Acquisition Corp,0,,0,
QRHC,Quest Resource Holding Corp,0,,0,
QRVO,"Qorvo, Inc.",1,2025-10-27,0,
QS,QuantumScape Corp,0,,0,
QSEA,Quartzsea Acquisition Corp,1,2026-05-14,0,
QSEAR,Quartzsea Acquisition Corp,0,,0,
QSEAU,Quartzsea Acquisition Corp,0,,0,
QSI,Quantum-Si Inc,0,,0,
QSIAW,Quantum-Si Inc,0,,0,
QSR,Restaurant Brands International Inc.,0,,0,
QTEX,QTREX Quantum Ltd.,0,,0,
QTEXW,QTREX Quantum Ltd.,0,,0,
QTI,"QT IMAGING HOLDINGS, INC.",0,,0,
QTRX,Quanterix Corp,0,,0,
QTTB,Q32 Bio Inc.,0,,0,
QTWO,"Q2 Holdings, Inc.",0,,0,
QUAD,"Quad/Graphics, Inc.",1,2026-02-24,0,
QUBT,Quantum Computing Inc.,0,,0,
QUCY,Quantum Cyber N.V.,0,,0,
QUIK,QUICKLOGIC Corp,0,,0,
QULL,UBS AG,0,,0,
QUMS,Quantumsphere Acquisition Corp,1,2025-10-03,0,
QUMSR,Quantumsphere Acquisition Corp,0,,0,
QUMSU,Quantumsphere Acquisition Corp,0,,0,
QURE,uniQure N.V.,0,,0,
QXL,QUANTUM X LABS INC.,0,,0,
QXO,"QXO, Inc.",0,,1,2026-04-19
QXO.PB,"QXO, Inc.",0,,0,
R,RYDER SYSTEM INC,0,,0,
RA,Brookfield Real Assets Income Fund Inc.,0,,0,
RAAQ,Real Asset Acquisition Corp.,1,2026-02-23,0,
RAAQU,Real Asset Acquisition Corp.,0,,0,
RAAQW,Real Asset Acquisition Corp.,0,,0,
RAC,Rithm Acquisition Corp.,0,,0,
RAC.UN,Rithm Acquisition Corp.,0,,0,
RAC.WT,Rithm Acquisition Corp.,0,,0,
RACC,Research Alliance Corp III,0,,0,
RACE,Ferrari N.V.,0,,0,
RADX,Radiopharm Theranostics Ltd,0,,0,
RAIL,"FreightCar America, Inc.",0,,0,
RAIN,"Rain Enhancement Technologies Holdco, Inc.",0,,0,
RAINW,"Rain Enhancement Technologies Holdco, Inc.",0,,0,
RAL,Ralliant Corp,0,,0,
RAMP,"LiveRamp Holdings, Inc.",1,2026-05-17,0,
RAND,RAND CAPITAL CORP,0,,0,
RANG,Range Capital Acquisition Corp.,0,,0,
RANGR,Range Capital Acquisition Corp.,0,,0,
RANGU,Range Capital Acquisition Corp.,0,,0,
RANI,"Rani Therapeutics Holdings, Inc.",0,,0,
RAPP,"Rapport Therapeutics, Inc.",0,,0,
RARE,Ultragenyx Pharmaceutical Inc.,0,,0,
RAVE,"RAVE RESTAURANT GROUP, INC.",0,,0,
RAY,Raytech Holding Ltd,0,,0,
RAYA,Erayak Power Solution Group Inc.,0,,0,
RBA,RB GLOBAL INC.,0,,0,
RBB,RBB Bancorp,0,,0,
RBBN,Ribbon Communications Inc.,0,,0,
RBC,RBC Bearings INC,0,,0,
RBCAA,REPUBLIC BANCORP INC /KY/,0,,0,
RBKB,"Rhinebeck Bancorp, Inc.",0,,0,
RBLX,Roblox Corp,0,,0,
RBNE,Robin Energy Ltd.,0,,0,
RBRK,"Rubrik, Inc.",0,,0,
RC,Ready Capital Corp,0,,0,
RC.PC,Ready Capital Corp,0,,0,
RC.PE,Ready Capital Corp,0,,0,
RCAT,"Red Cat Holdings, Inc.",0,,0,
RCD,Ready Capital Corp,0,,0,
RCEL,"AVITA Medical, Inc.",0,,0,
RCG,"RENN Fund, Inc.",0,,0,
RCI,ROGERS COMMUNICATIONS INC,0,,0,
RCKT,"ROCKET PHARMACEUTICALS, INC.",0,,0,
RCKTW,"ROCKET PHARMACEUTICALS, INC.",0,,0,
RCKY,"ROCKY BRANDS, INC.",0,,0,
RCL,ROYAL CARIBBEAN CRUISES LTD,0,,0,
RCMT,"RCM TECHNOLOGIES, INC.",0,,0,
RCON,"Recon Technology, Ltd",0,,0,
RCS,"PIMCO STRATEGIC INCOME FUND, INC.",0,,0,
RCT,RedCloud Holdings plc,0,,0,
RCUS,"Arcus Biosciences, Inc.",0,,0,
RDAC,Rising Dragon Acquisition Corp.,0,,0,
RDACR,Rising Dragon Acquisition Corp.,0,,0,
RDACU,Rising Dragon Acquisition Corp.,0,,0,
RDAG,Republic Digital Acquisition Co,0,,0,
RDAGU,Republic Digital Acquisition Co,0,,0,
RDAGW,Republic Digital Acquisition Co,0,,0,
RDCM,RADCOM LTD,0,,0,
RDDT,"Reddit, Inc.",0,,0,
RDGT,Ridgetech Inc.,0,,0,
RDHL,RedHill Biopharma Ltd.,0,,0,
RDI,READING INTERNATIONAL INC,0,,0,
RDIB,READING INTERNATIONAL INC,0,,0,
RDN,RADIAN GROUP INC,0,,0,
RDNT,"RadNet, Inc.",0,,0,
RDNW,"RideNow Group, Inc.",0,,0,
RDVT,"Red Violet, Inc.",0,,0,
RDW,Redwire Corp,0,,0,
RDWR,RADWARE LTD,0,,0,
RDY,DR REDDYS LABORATORIES LTD,0,,0,
RDZN,Roadzen Inc.,0,,0,
RDZNW,Roadzen Inc.,0,,0,
REA,"Rare Earths Americas, Inc.",0,,0,
REAL,"TheRealReal, Inc.",0,,0,
REAX,Real Brokerage Inc,0,,0,
REBN,"Reborn Coffee, Inc.",0,,0,
RECT,Rectitude Holdings Ltd.,0,,0,
REE,REE Automotive Ltd.,0,,0,
REED,"REED'S, INC.",0,,0,
REFI,"Chicago Atlantic Real Estate Finance, Inc.",0,,0,
REFR,RESEARCH FRONTIERS INC,0,,0,
REG,REGENCY CENTERS CORP,0,,0,
REGCO,REGENCY CENTERS CORP,0,,0,
REGCP,REGENCY CENTERS CORP,0,,0,
REGN,"REGENERON PHARMACEUTICALS, INC.",0,,0,
REI,"RING ENERGY, INC.",0,,0,
REKR,"Rekor Systems, Inc.",0,,0,
RELL,"RICHARDSON ELECTRONICS, LTD.",0,,0,
RELX,RELX PLC,0,,0,
RELY,"Remitly Global, Inc.",0,,0,
RENT,"Rent the Runway, Inc.",0,,0,
RENX,RenX Enterprises Corp.,0,,0,
REPL,"Replimune Group, Inc.",0,,0,
REPX,"Riley Exploration Permian, Inc.",0,,0,
RERE,ATRenew Inc.,0,,0,
RES,RPC INC,0,,0,
RETO,"ReTo Eco-Solutions, Inc.",0,,0,
REVB,"REVELATION BIOSCIENCES, INC.",0,,0,
REVBW,"REVELATION BIOSCIENCES, INC.",0,,0,
REX,REX AMERICAN RESOURCES Corp,0,,0,
REXR,"Rexford Industrial Realty, Inc.",0,,0,
REXR.PB,"Rexford Industrial Realty, Inc.",0,,0,
REXR.PC,"Rexford Industrial Realty, Inc.",0,,0,
REYN,Reynolds Consumer Products Inc.,0,,0,
REZI,"RESIDEO TECHNOLOGIES, INC.",0,,0,
RF,REGIONS FINANCIAL CORP,0,,0,
RF.PC,REGIONS FINANCIAL CORP,0,,0,
RF.PE,REGIONS FINANCIAL CORP,0,,0,
RF.PF,REGIONS FINANCIAL CORP,0,,0,
RFAI,RF Acquisition Corp II,0,,0,
RFAIR,RF Acquisition Corp II,0,,0,
RFAIU,RF Acquisition Corp II,0,,0,
RFAM,RF Acquisition Corp III,0,,0,
RFAMR,RF Acquisition Corp III,0,,0,
RFAMU,RF Acquisition Corp III,0,,0,
RFI,COHEN & STEERS TOTAL RETURN REALTY FUND INC,0,,0,
RFIL,R F INDUSTRIES LTD,0,,0,
RFL,"Rafael Holdings, Inc.",0,,0,
RFM,"RiverNorth Flexible Municipal Income Fund, Inc.",0,,0,
RFMZ,"RiverNorth Flexible Municipal Income Fund II, Inc.",0,,0,
RGA,REINSURANCE GROUP OF AMERICA INC,0,,0,
RGC,Regencell Bioscience Holdings Ltd,0,,0,
RGCO,RGC RESOURCES INC,0,,0,
RGEN,REPLIGEN CORP,0,,0,
RGLD,ROYAL GOLD INC,0,,0,
RGNT,REGENTIS BIOMATERIALS LTD.,0,,0,
RGNX,REGENXBIO Inc.,0,,0,
RGP,"RESOURCES CONNECTION, INC.",0,,0,
RGR,STURM RUGER & CO INC,1,2026-03-25,0,
RGS,REGIS CORP,0,,0,
RGT,"ROYCE GLOBAL TRUST, INC.",0,,0,
RGTI,"Rigetti Computing, Inc.",0,,0,
RGTIW,"Rigetti Computing, Inc.",0,,0,
RH,RH,0,,0,
RHI,ROBERT HALF INC.,0,,0,
RHLD,"Resolute Holdings Management, Inc.",0,,0,
RHP,"Ryman Hospitality Properties, Inc.",0,,0,
RIBB,Ribbon Acquisition Corp.,0,,0,
RIBBR,Ribbon Acquisition Corp.,0,,0,
RIBBU,Ribbon Acquisition Corp.,0,,0,
RICK,"RCI HOSPITALITY HOLDINGS, INC.",0,,0,
RIG,Transocean Ltd.,0,,0,
RIGL,RIGEL PHARMACEUTICALS INC,0,,0,
RILY,"BRC Group Holdings, Inc.",0,,0,
RILYG,"BRC Group Holdings, Inc.",0,,0,
RILYL,"BRC Group Holdings, Inc.",0,,0,
RILYN,"BRC Group Holdings, Inc.",0,,0,
RILYP,"BRC Group Holdings, Inc.",0,,0,
RILYT,"BRC Group Holdings, Inc.",0,,0,
RILYZ,"BRC Group Holdings, Inc.",0,,0,
RIME,"Algorhythm Holdings, Inc.",0,,0,
RIO,RIO TINTO PLC,0,,0,
RIOT,"Riot Platforms, Inc.",0,,0,
RITM,Rithm Capital Corp.,0,,0,
RITM.PA,Rithm Capital Corp.,0,,0,
RITM.PB,Rithm Capital Corp.,0,,0,
RITM.PC,Rithm Capital Corp.,0,,0,
RITM.PD,Rithm Capital Corp.,0,,0,
RITM.PE,Rithm Capital Corp.,0,,0,
RITM.PF,Rithm Capital Corp.,0,,0,
RITR,Reitar Logtech Holdings Ltd,0,,0,
RIV,"RIVERNORTH OPPORTUNITIES FUND, INC.",0,,0,
RIV.PA,"RIVERNORTH OPPORTUNITIES FUND, INC.",0,,0,
RIVN,"Rivian Automotive, Inc. / DE",0,,0,
RJET,REPUBLIC AIRWAYS HOLDINGS INC.,0,,0,
RJF,RAYMOND JAMES FINANCIAL INC,0,,0,
RKDA,"Arcadia Biosciences, Inc.",0,,0,
RKLB,Rocket Lab Corp,0,,0,
RKT,"Rocket Companies, Inc.",0,,0,
RKTO,Rocket One Inc.,0,,0,
RL,RALPH LAUREN CORP,0,,0,
RLAY,"Relay Therapeutics, Inc.",0,,0,
RLGT,"RADIANT LOGISTICS, INC",0,,0,
RLI,RLI CORP,0,,0,
RLJ,RLJ Lodging Trust,0,,0,
RLJ.PA,RLJ Lodging Trust,0,,0,
RLMD,"RELMADA THERAPEUTICS, INC.",0,,0,
RLTY,Cohen & Steers Real Estate Opportunities & Income Fund,0,,0,
RLX,RLX Technology Inc.,0,,0,
RLYB,Rallybio Corp,1,2026-06-01,0,
RM,Regional Management Corp.,0,,0,
RMAX,"RE/MAX Holdings, Inc.",0,,0,
RMBI,"Richmond Mutual Bancorporation, Inc.",0,,0,
RMBS,RAMBUS INC,0,,0,
RMCF,"Rocky Mountain Chocolate Factory, Inc.",0,,0,
RMCO,Royalty Management Holding Corp,1,2025-09-29,0,
RMCOW,Royalty Management Holding Corp,0,,0,
RMD,RESMED INC,0,,0,
RMI,"RiverNorth Opportunistic Municipal Income Fund, Inc.",0,,0,
RMIX,"Suncrete, Inc.",0,,0,
RMM,"RiverNorth Managed Duration Municipal Income Fund, Inc.",0,,0,
RMMZ,"RiverNorth Managed Duration Municipal Income Fund II, Inc.",0,,0,
RMNI,"Rimini Street, Inc.",0,,0,
RMR,RMR GROUP INC.,0,,0,
RMSG,Real Messenger Corp,0,,0,
RMSGW,Real Messenger Corp,0,,0,
RMT,"ROYCE MICRO-CAP TRUST, INC.",0,,0,
RMTI,"ROCKWELL MEDICAL, INC.",0,,0,
RNA,"Atrium Therapeutics, Inc.",1,2025-12-22,0,
RNAC,"Cartesian Therapeutics, Inc.",0,,0,
RNAZ,"Transcode Therapeutics, Inc.",0,,0,
RNG,"RingCentral, Inc.",0,,0,
RNGR,"Ranger Energy Services, Inc.",0,,0,
RNGT,Range Capital Acquisition Corp II,0,,0,
RNGTU,Range Capital Acquisition Corp II,0,,0,
RNGTW,Range Capital Acquisition Corp II,0,,0,
RNP,COHEN & STEERS REIT & PREFERRED & INCOME FUND INC,0,,0,
RNR,RENAISSANCERE HOLDINGS LTD,0,,0,
RNR.PF,RENAISSANCERE HOLDINGS LTD,0,,0,
RNR.PG,RENAISSANCERE HOLDINGS LTD,0,,0,
RNST,RENASANT CORP,0,,0,
RNTX,"Rein Therapeutics, Inc.",0,,0,
RNW,ReNew Energy Global plc,0,,0,
RNWWW,ReNew Energy Global plc,0,,0,
RNXT,"RenovoRx, Inc.",0,,0,
ROAD,"Construction Partners, Inc.",0,,0,
ROC,Rank One Computing Corp,0,,0,
ROCK,"GIBRALTAR INDUSTRIES, INC.",0,,0,
ROG,ROGERS CORP,0,,0,
ROIV,Roivant Sciences Ltd.,0,,0,
ROK,"ROCKWELL AUTOMATION, INC",0,,0,
ROKU,"ROKU, INC",0,,0,
ROL,ROLLINS INC,0,,0,
ROLR,"High Roller Technologies, Inc.",0,,0,
ROMA,Roma Green Finance Ltd,0,,0,
ROOT,"Root, Inc.",1,2025-10-02,0,
ROP,ROPER TECHNOLOGIES INC,0,,0,
ROST,"ROSS STORES, INC.",0,,0,
RPAY,Repay Holdings Corp,1,2026-04-17,0,
RPC,"Ridgepost Capital, Inc.",0,,0,
RPD,"Rapid7, Inc.",0,,0,
RPGL,Republic Power Group Ltd,0,,0,
RPID,"RAPID MICRO BIOSYSTEMS, INC.",0,,0,
RPM,RPM INTERNATIONAL INC/DE/,0,,0,
RPRX,Royalty Pharma plc,0,,0,
RPT,Rithm Property Trust Inc.,0,,0,
RPT.PC,Rithm Property Trust Inc.,0,,0,
RQI,COHEN & STEERS QUALITY INCOME REALTY FUND INC,0,,0,
RR,RICHTECH ROBOTICS INC.,0,,0,
RRBI,RED RIVER BANCSHARES INC,0,,0,
RRC,RANGE RESOURCES CORP,0,,0,
RREV,RRE Ventures Acquisition Corp.,0,,0,
RREVU,RRE Ventures Acquisition Corp.,0,,0,
RREVW,RRE Ventures Acquisition Corp.,0,,0,
RRGB,RED ROBIN GOURMET BURGERS INC,0,,0,
RRR,"Red Rock Resorts, Inc.",0,,0,
RRX,REGAL REXNORD CORP,0,,0,
RS,"RELIANCE, INC.",0,,0,
RSF,"RiverNorth Capital & Income Fund, Inc.",0,,0,
RSG,"REPUBLIC SERVICES, INC.",0,,0,
RSI,"Rush Street Interactive, Inc.",0,,0,
RSKD,RISKIFIED LTD.,0,,0,
RSSS,"Research Solutions, Inc.",0,,0,
RSVR,"Reservoir Media, Inc.",1,2026-03-03,0,
RSVRW,"Reservoir Media, Inc.",0,,0,
RTAC,Renatus Tactical Acquisition Corp I,0,,0,
RTACU,Renatus Tactical Acquisition Corp I,0,,0,
RTACW,Renatus Tactical Acquisition Corp I,0,,0,
RTB,"RTB Digital, Inc.",0,,0,
RTO,RENTOKIL INITIAL PLC /FI,0,,0,
RTX,RTX Corp,0,,0,
RUBI,Rubico Inc.,0,,0,
RUM,Rumble Inc.,0,,0,
RUMBW,Rumble Inc.,0,,0,
RUN,Sunrun Inc.,0,,0,
RUSHA,RUSH ENTERPRISES INC \TX\,0,,0,
RUSHB,RUSH ENTERPRISES INC \TX\,0,,0,
RVI,Robinhood Ventures Fund I,0,,0,
RVLV,"Revolve Group, Inc.",0,,0,
RVMD,"Revolution Medicines, Inc.",0,,0,
RVMDW,"Revolution Medicines, Inc.",0,,0,
RVP,RETRACTABLE TECHNOLOGIES INC,0,,0,
RVSB,RIVERVIEW BANCORP INC,0,,0,
RVSN,Rail Vision Ltd.,0,,0,
RVSNW,Rail Vision Ltd.,0,,0,
RVT,"ROYCE SMALL-CAP TRUST, INC.",0,,0,
RVTY,"REVVITY, INC.",0,,0,
RWAY,Runway Growth Finance Corp.,0,,0,
RWAYI,Runway Growth Finance Corp.,0,,0,
RWAYL,Runway Growth Finance Corp.,0,,0,
RWT,REDWOOD TRUST INC,0,,0,
RWT.PA,REDWOOD TRUST INC,0,,0,
RWTN,REDWOOD TRUST INC,0,,0,
RWTO,REDWOOD TRUST INC,0,,0,
RWTP,REDWOOD TRUST INC,0,,0,
RWTQ,REDWOOD TRUST INC,0,,0,
RWTS,REDWOOD TRUST INC,0,,0,
RXO,"RXO, Inc.",0,,0,
RXRX,"RECURSION PHARMACEUTICALS, INC.",0,,0,
RXST,"RxSight, Inc.",0,,0,
RXT,"Rackspace Technology, Inc.",0,,0,
RY,ROYAL BANK OF CANADA,0,,0,
RYAAY,RYANAIR HOLDINGS PLC,0,,0,
RYAM,RAYONIER ADVANCED MATERIALS INC.,0,,0,
RYAN,"RYAN SPECIALTY HOLDINGS, INC.",1,2025-12-08,0,
RYDE,Ryde Group Ltd,0,,0,
RYET,Ruanyun Edai Technology Inc.,0,,0,
RYM,"RYTHM, Inc.",0,,0,
RYN,RAYONIER INC,0,,0,
RYOJ,"rYojbaba Co., Ltd.",0,,0,
RYTM,"RHYTHM PHARMACEUTICALS, INC.",0,,0,
RYZ,Ryerson Holding Corp,0,,0,
RZB,REINSURANCE GROUP OF AMERICA INC,0,,0,
RZC,REINSURANCE GROUP OF AMERICA INC,0,,0,
RZLT,"Rezolute, Inc.",0,,0,
RZLV,REZOLVE AI PLC,0,,0,
RZLVW,REZOLVE AI PLC,0,,0,
S,"SentinelOne, Inc.",0,,0,
SA,SEABRIDGE GOLD INC,0,,0,
SAAQ,Space Asset Acquisition Corp.,0,,0,
SAAQU,Space Asset Acquisition Corp.,0,,0,
SAAQW,Space Asset Acquisition Corp.,0,,0,
SABA,Saba Capital Income & Opportunities Fund II,0,,0,
SABR,Sabre Corp,0,,0,
SABS,"SAB Biotherapeutics, Inc.",0,,0,
SABSW,"SAB Biotherapeutics, Inc.",0,,0,
SAC,Safeguard Acquisition Corp.,0,,0,
SAC.UN,Safeguard Acquisition Corp.,0,,0,
SAC.WT,Safeguard Acquisition Corp.,0,,0,
SACH,Sachem Capital Corp.,1,2026-05-18,0,
SACH.PA,Sachem Capital Corp.,0,,0,
SAFE,Safehold Inc.,0,,0,
SAFT,SAFETY INSURANCE GROUP INC,0,,0,
SAFX,"XCF Global, Inc.",0,,0,
SAGT,SAGTEC GLOBAL Ltd,0,,0,
SAGU,Shreya Acquisition Group,0,,0,
SAGU.RI,Shreya Acquisition Group,0,,0,
SAGU.UN,Shreya Acquisition Group,0,,0,
SAGU.WT,Shreya Acquisition Group,0,,0,
SAH,SONIC AUTOMOTIVE INC,0,,0,
SAIA,SAIA INC,0,,0,
SAIC,Science Applications International Corp,0,,0,
SAIH,SAIHEAT Ltd,0,,0,
SAIHW,SAIHEAT Ltd,0,,0,
SAIL,"SailPoint, Inc.",0,,0,
SAJ,SARATOGA INVESTMENT CORP.,0,,0,
SAM,BOSTON BEER CO INC,0,,0,
SAMG,Silvercrest Asset Management Group Inc.,0,,0,
SAN,"Banco Santander, S.A.",0,,1,2026-02-03
SANA,"Sana Biotechnology, Inc.",0,,0,
SANG,Sangoma Technologies Corp,0,,0,
SANM,SANMINA CORP,0,,0,
SAP,SAP SE,0,,0,
SAR,SARATOGA INVESTMENT CORP.,0,,0,
SARO,"StandardAero, Inc.",0,,0,
SAT,SARATOGA INVESTMENT CORP.,0,,0,
SATA,"Strive, Inc.",0,,0,
SATL,Satellogic Inc.,0,,0,
SATLW,Satellogic Inc.,0,,0,
SATS,EchoStar CORP,0,,0,
SAV,SARATOGA INVESTMENT CORP.,0,,0,
SAY,SARATOGA INVESTMENT CORP.,0,,0,
SAZ,SARATOGA INVESTMENT CORP.,0,,0,
SB,"SAFE BULKERS, INC.",0,,0,
SB.PC,"SAFE BULKERS, INC.",0,,0,
SB.PD,"SAFE BULKERS, INC.",0,,0,
SBAC,SBA COMMUNICATIONS CORP,0,,0,
SBC,SBC Medical Group Holdings Inc,0,,0,
SBCF,SEACOAST BANKING CORP OF FLORIDA,0,,0,
SBCWW,SBC Medical Group Holdings Inc,0,,0,
SBET,"Sharplink, Inc.",0,,0,
SBEV,"SPLASH BEVERAGE GROUP, INC.",0,,0,
SBFG,"SB FINANCIAL GROUP, INC.",0,,0,
SBFM,Sunshine Biopharma Inc.,0,,0,
SBFMW,Sunshine Biopharma Inc.,0,,0,
SBGI,"Sinclair, Inc.",0,,1,2025-11-16
SBH,"Sally Beauty Holdings, Inc.",0,,0,
SBI,WESTERN ASSET INTERMEDIATE MUNI FUND INC.,0,,0,
SBLK,Star Bulk Carriers Corp.,0,,0,
SBMT,SILVER BOW MINING CORP.,0,,0,
SBR,SABINE ROYALTY TRUST,0,,0,
SBRA,"Sabra Health Care REIT, Inc.",0,,0,
SBS,COMPANHIA DE SANEAMENTO BASICO DO ESTADO DE SAO PAULO-SABESP,0,,0,
SBSI,SOUTHSIDE BANCSHARES INC,0,,0,
SBSW,Sibanye Stillwater Ltd,0,,0,
SBUX,STARBUCKS CORP,0,,0,
SBXD,SilverBox Corp IV,0,,0,
SBXD.UN,SilverBox Corp IV,0,,0,
SBXD.WT,SilverBox Corp IV,0,,0,
SBXE,SilverBox Corp V,0,,0,
SBXE.UN,SilverBox Corp V,0,,0,
SBXE.WT,SilverBox Corp V,0,,0,
SCAG,Scage Future,0,,0,
SCAGW,Scage Future,0,,0,
SCCD,Sachem Capital Corp.,0,,0,
SCCE,Sachem Capital Corp.,0,,0,
SCCF,Sachem Capital Corp.,0,,0,
SCCG,Sachem Capital Corp.,0,,0,
SCCO,SOUTHERN COPPER CORP/,0,,0,
SCD,LMP CAPITAL & INCOME FUND INC.,0,,0,
SCDL,UBS AG,0,,0,
SCE.PG,SOUTHERN CALIFORNIA EDISON Co,0,,0,
SCE.PL,SOUTHERN CALIFORNIA EDISON Co,0,,0,
SCE.PM,SOUTHERN CALIFORNIA EDISON Co,0,,0,
SCE.PN,SOUTHERN CALIFORNIA EDISON Co,0,,0,
SCHL,SCHOLASTIC CORP,0,,0,
SCHW,SCHWAB CHARLES CORP,0,,0,
SCHW.PD,SCHWAB CHARLES CORP,0,,0,
SCHW.PJ,SCHWAB CHARLES CORP,0,,0,
SCI,SERVICE CORP INTERNATIONAL,0,,0,
SCII,SC II Acquisition Corp.,0,,0,
SCIIR,SC II Acquisition Corp.,0,,0,
SCIIU,SC II Acquisition Corp.,0,,0,
SCKT,"SOCKET MOBILE, INC.",0,,0,
SCL,STEPAN CO,0,,0,
SCLX,Scilex Holding Co,0,,0,
SCLXW,Scilex Holding Co,0,,0,
SCM,Stellus Capital Investment Corp,0,,0,
SCNI,Scinai Immunotherapeutics Ltd.,0,,0,
SCNX,"Scienture Holdings, Inc.",0,,0,
SCO,ProShares Trust II,0,,0,
SCOP,Sprott Physical Copper Trust,0,,0,
SCOR,"COMSCORE, INC.",0,,0,
SCPQ,Social Commerce Partners Corp,0,,0,
SCPQU,Social Commerce Partners Corp,0,,0,
SCPQW,Social Commerce Partners Corp,0,,0,
SCSC,"SCANSOURCE, INC.",0,,0,
SCVL,SHOE CARNIVAL INC,0,,0,
SCWO,374Water Inc.,0,,0,
SCYX,SCYNEXIS INC,0,,0,
SCZM,Santacruz Silver Mining Ltd.,0,,0,
SD,SANDRIDGE ENERGY INC,0,,0,
SDA,SunCar Technology Group Inc.,0,,0,
SDAWW,SunCar Technology Group Inc.,0,,0,
SDEV,Stablecoin Development Corp,0,,0,
SDGR,"Schrodinger, Inc.",0,,0,
SDHC,Smith Douglas Homes Corp.,0,,0,
SDHI,Siddhi Acquisition Corp (Cayman Islands),0,,0,
SDHIR,Siddhi Acquisition Corp (Cayman Islands),0,,0,
SDHIU,Siddhi Acquisition Corp (Cayman Islands),0,,0,
SDHY,PGIM Short Duration High Yield Opportunities Fund,0,,0,
SDM,Smart Digital Group Ltd,0,,0,
SDOT,Sadot Group Inc.,0,,0,
SDRL,SEADRILL Ltd,0,,0,
SDST,Stardust Power Inc.,0,,0,
SDSTW,Stardust Power Inc.,0,,0,
SE,Sea Ltd,0,,0,
SEAL.PA,Seapeak LLC,0,,0,
SEAL.PB,Seapeak LLC,0,,0,
SEAT,Vivid Seats Inc.,0,,0,
SEATW,Vivid Seats Inc.,0,,0,
SEB,SEABOARD CORP /DE/,0,,0,
SEDG,"SOLAREDGE TECHNOLOGIES, INC.",0,,0,
SEED,Origin Agritech LTD,0,,0,
SEER,"Seer, Inc.",0,,0,
SEG,Seaport Entertainment Group Inc.,0,,0,
SEGG,Sports Entertainment Gaming Global Corp,0,,0,
SEI,"Solaris Energy Infrastructure, Inc.",0,,0,
SEIC,SEI INVESTMENTS CO,0,,0,
SELF,"Global Self Storage, Inc.",0,,0,
SELX,Semilux International Ltd.,0,,0,
SEM,SELECT MEDICAL HOLDINGS CORP,1,2025-11-24,0,
SENEA,Seneca Foods Corp,0,,0,
SENEB,Seneca Foods Corp,0,,0,
SENS,"Senseonics Holdings, Inc.",0,,0,
SEPN,"Septerna, Inc.",0,,0,
SER,"Serina Therapeutics, Inc.",0,,0,
SERA,"SERA PROGNOSTICS, INC.",0,,0,
SERV,Serve Robotics Inc. /DE/,0,,0,
SES,SES AI Corp,0,,0,
SES.WT,SES AI Corp,0,,0,
SEV,Aptera Motors Corp,0,,0,
SEVN,Seven Hills Realty Trust,0,,0,
SEZL,Sezzle Inc.,0,,0,
SF,STIFEL FINANCIAL CORP,0,,0,
SF.PB,STIFEL FINANCIAL CORP,0,,0,
SF.PC,STIFEL FINANCIAL CORP,0,,0,
SF.PD,STIFEL FINANCIAL CORP,0,,0,
SFB,STIFEL FINANCIAL CORP,0,,0,
SFBC,"Sound Financial Bancorp, Inc.",0,,0,
SFBS,"ServisFirst Bancshares, Inc.",0,,0,
SFD,SMITHFIELD FOODS INC,0,,0,
SFHG,SAMFINE CREATION HOLDINGS GROUP Ltd,0,,0,
SFIX,"Stitch Fix, Inc.",0,,0,
SFL,SFL Corp Ltd.,0,,0,
SFM,"Sprouts Farmers Market, Inc.",0,,0,
SFNC,SIMMONS FIRST NATIONAL CORP,0,,0,
SFST,SOUTHERN FIRST BANCSHARES INC,0,,0,
SFWL,SHENGFENG DEVELOPMENT Ltd,0,,0,
SG,"Sweetgreen, Inc.",0,,0,
SGA,SAGA COMMUNICATIONS INC,0,,0,
SGC,"SUPERIOR GROUP OF COMPANIES, INC.",0,,0,
SGHC,Super Group (SGHC) Ltd,0,,0,
SGHT,"Sight Sciences, Inc.",0,,0,
SGI,SOMNIGROUP INTERNATIONAL INC.,0,,1,2025-12-01
SGLY,Singularity Future Technology Ltd.,0,,0,
SGML,Sigma Lithium Corp,0,,0,
SGMT,Sagimet Biosciences Inc.,0,,0,
SGOL,abrdn Gold ETF Trust,0,,0,
SGP,"SpyGlass Pharma, Inc.",0,,0,
SGRP,"SPAR Group, Inc.",0,,0,
SGRY,"Surgery Partners, Inc.",0,,0,
SGU,"STAR GROUP, L.P.",0,,0,
SHAK,Shake Shack Inc.,0,,0,
SHAZ,SharonAI Holdings Inc.,0,,0,
SHBI,SHORE BANCSHARES INC,0,,0,
SHC,Sotera Health Co,0,,0,
SHEL,Shell plc,0,,0,
SHEN,SHENANDOAH TELECOMMUNICATIONS CO/VA/,0,,0,
SHFS,"SHF Holdings, Inc.",0,,0,
SHFSW,"SHF Holdings, Inc.",0,,0,
SHG,SHINHAN FINANCIAL GROUP CO LTD,0,,0,
SHIM,Shimmick Corp,0,,0,
SHIP,Seanergy Maritime Holdings Corp.,0,,0,
SHLS,"Shoals Technologies Group, Inc.",0,,0,
SHMD,SCHMID Group N.V.,0,,0,
SHMDW,SCHMID Group N.V.,0,,0,
SHNY,BANK OF MONTREAL /CAN/,0,,0,
SHO,"Sunstone Hotel Investors, Inc.",0,,0,
SHO.PH,"Sunstone Hotel Investors, Inc.",0,,0,
SHO.PI,"Sunstone Hotel Investors, Inc.",0,,0,
SHOE,SHOE CARNIVAL INC,0,,0,
SHOO,"STEVEN MADDEN, LTD.",0,,0,
SHOP,SHOPIFY INC.,0,,0,
SHOTU,RMG ML Sports Holdings,0,,0,
SHPH,"Shuttle Pharmaceuticals Holdings, Inc.",0,,0,
SHW,SHERWIN WILLIAMS CO,0,,0,
SI,"SHOULDER INNOVATIONS, INC.",0,,0,
SIBN,"SI-BONE, Inc.",0,,0,
SID,NATIONAL STEEL CO,0,,0,
SIDU,Sidus Space Inc.,0,,0,
SIEB,SIEBERT FINANCIAL CORP,0,,0,
SIF,SIFCO INDUSTRIES INC,0,,0,
SIFY,SIFY TECHNOLOGIES LTD,0,,0,
SIG,SIGNET JEWELERS LTD,0,,0,
SIGA,SIGA TECHNOLOGIES INC,0,,0,
SIGI,SELECTIVE INSURANCE GROUP INC,0,,0,
SIGIP,SELECTIVE INSURANCE GROUP INC,0,,0,
SII,SPROTT INC.,0,,0,
SILA,"Sila Realty Trust, Inc.",1,2026-04-20,0,
SILC,SILICOM LTD.,0,,0,
SILO,"Silo Pharma, Inc.",0,,0,
SIM,"GRUPO SIMEC, S.A.B. de C.V.",0,,0,
SIMA,SIM Acquisition Corp. I,1,2026-04-28,0,
SIMAU,SIM Acquisition Corp. I,0,,0,
SIMAW,SIM Acquisition Corp. I,0,,0,
SIMO,Silicon Motion Technology CORP,0,,0,
SINT,"Sintx Technologies, Inc.",0,,0,
SION,"Sionna Therapeutics, Inc.",0,,0,
SIRI,SIRIUS XM HOLDINGS INC.,0,,0,
SITC,SITE Centers Corp.,0,,0,
SITE,"SiteOne Landscape Supply, Inc.",0,,0,
SITM,SITIME Corp,0,,0,
SIVR,abrdn Silver ETF Trust,0,,0,
SJ,Scienjoy Holding Corp,0,,0,
SJM,J M SMUCKER Co,0,,0,
SJT,SAN JUAN BASIN ROYALTY TRUST,0,,0,
SKBL,Skyline Builders Group Holding Ltd,0,,0,
SKE,Skeena Resources Ltd,0,,0,
SKIL,Skillsoft Corp.,0,,0,
SKIN,SkinHealth Systems Inc.,0,,0,
SKK,SKK Holdings Ltd,0,,0,
SKLZ,Skillz Inc.,0,,0,
SKM,SK TELECOM CO LTD,0,,0,
SKT,TANGER INC.,0,,0,
SKWD,"Skyward Specialty Insurance Group, Inc.",0,,0,
SKY,"Champion Homes, Inc.",0,,0,
SKYA,"SkyAI, Inc.",0,,0,
SKYAW,"SkyAI, Inc.",0,,0,
SKYE,"Skye Bioscience, Inc.",0,,0,
SKYH,Sky Harbour Group Corp,0,,0,
SKYH.WT,Sky Harbour Group Corp,0,,0,
SKYQ,Sky Quarry Inc.,0,,0,
SKYT,"SkyWater Technology, Inc",1,2026-01-26,0,
SKYW,SKYWEST INC,0,,0,
SKYX,SKYX Platforms Corp.,0,,0,
SLAB,SILICON LABORATORIES INC.,1,2026-02-04,0,
SLAI,SOLAI Ltd,1,2026-03-12,0,
SLB,SLB LIMITED/NV,0,,0,
SLDB,Solid Biosciences Inc.,0,,0,
SLDE,"Slide Insurance Holdings, Inc.",0,,0,
SLDP,"Solid Power, Inc.",0,,0,
SLDPW,"Solid Power, Inc.",0,,0,
SLE,"Super League Enterprise, Inc.",0,,0,
SLF,SUN LIFE FINANCIAL INC,0,,0,
SLG,SL GREEN REALTY CORP,0,,0,
SLG.PI,SL GREEN REALTY CORP,0,,0,
SLGB,Smart Logistics Global Ltd,0,,0,
SLGL,Sol-Gel Technologies Ltd.,0,,0,
SLGN,SILGAN HOLDINGS INC,0,,0,
SLI,STANDARD LITHIUM LTD.,0,,0,
SLM,SLM Corp,0,,0,
SLMBP,SLM Corp,0,,0,
SLMT,Brera Holdings PLC,0,,0,
SLN,Silence Therapeutics plc,0,,0,
SLND,"Southland Holdings, Inc.",0,,0,
SLND.WT,"Southland Holdings, Inc.",0,,0,
SLNG,"Stabilis Solutions, Inc.",0,,0,
SLNH,"Soluna Holdings, Inc",0,,0,
SLNHP,"Soluna Holdings, Inc",0,,0,
SLP,"Simulations Plus, Inc.",0,,0,
SLQT,"SelectQuote, Inc.",0,,0,
SLRC,SLR Investment Corp.,0,,0,
SLS,"SELLAS Life Sciences Group, Inc.",0,,0,
SLSN,"SOLESENCE, INC.",0,,0,
SLSR,Solaris Resources Inc.,0,,0,
SLV,iShares Silver Trust,0,,0,
SLVM,Sylvamo Corp,0,,0,
SLVO,CREDIT SUISSE AG,0,,0,
SLXN,Silexion Therapeutics Corp,0,,0,
SLXNW,Silexion Therapeutics Corp,0,,0,
SM,SM Energy Co,0,,0,
SMA,"SmartStop Self Storage REIT, Inc.",0,,0,
SMBC,"SOUTHERN MISSOURI BANCORP, INC.",0,,0,
SMBK,SMARTFINANCIAL INC.,0,,0,
SMC,Summit Midstream Corp,0,,0,
SMCI,"Super Micro Computer, Inc.",0,,0,
SMFG,"SUMITOMO MITSUI FINANCIAL GROUP, INC.",0,,0,
SMG,SCOTTS MIRACLE-GRO CO,0,,0,
SMHB,UBS AG,0,,0,
SMHI,SEACOR Marine Holdings Inc.,0,,0,
SMID,SMITH MIDLAND CORP,0,,0,
SMJF,SMJ International Holdings Inc.,0,,0,
SMMT,Summit Therapeutics Inc.,0,,0,
SMP,"STANDARD MOTOR PRODUCTS, INC.",0,,0,
SMPL,Simply Good Foods Co,0,,0,
SMR,NUSCALE POWER Corp,1,2026-04-23,0,
SMRT,"SmartRent, Inc.",0,,0,
SMSI,"SMITH MICRO SOFTWARE, INC.",0,,0,
SMTC,SEMTECH CORP,0,,0,
SMTI,Sanara MedTech Inc.,0,,0,
SMTK,"SmartKem, Inc.",0,,0,
SMWB,SIMILARWEB LTD.,0,,0,
SMX,SMX (Security Matters) Public Ltd Co,0,,0,
SMXT,"SolarMax Technology, Inc.",0,,0,
SMXWW,SMX (Security Matters) Public Ltd Co,0,,0,
SN,"SharkNinja, Inc.",0,,0,
SNA,Snap-on Inc,0,,0,
SNAL,"Snail, Inc.",0,,0,
SNAP,Snap Inc,0,,0,
SNBR,Sleep Number Corp,0,,0,
SND,"Smart Sand, Inc.",0,,0,
SNDA,"SONIDA SENIOR LIVING, INC.",0,,0,
SNDK,Sandisk Corp,0,,0,
SNDL,SNDL Inc.,0,,0,
SNDR,"Schneider National, Inc.",0,,0,
SNDX,Syndax Pharmaceuticals Inc,0,,0,
SNES,"SenesTech, Inc.",0,,0,
SNEX,StoneX Group Inc.,0,,0,
SNFCA,SECURITY NATIONAL FINANCIAL CORP,0,,0,
SNGX,"SOLIGENIX, INC.",0,,0,
SNN,SMITH & NEPHEW PLC,0,,0,
SNOA,"Sonoma Pharmaceuticals, Inc.",0,,0,
SNOW,Snowflake Inc.,0,,0,
SNPS,SYNOPSYS INC,0,,0,
SNSE,"Sensei Biotherapeutics, Inc.",0,,0,
SNT,Senstar Technologies Corp,0,,0,
SNTG,Sentage Holdings Inc.,0,,0,
SNTI,"Senti Biosciences Holdings, Inc.",0,,0,
SNWV,"SANUWAVE Health, Inc.",0,,0,
SNX,TD SYNNEX CORP,0,,0,
SNY,Sanofi,0,,0,
SNYR,Synergy CHC Corp.,0,,0,
SO,SOUTHERN CO,0,,0,
SOAR,"Volato Group, Inc.",0,,0,
SOBO,South Bow Corp,0,,0,
SOBR,"SOBR Safe, Inc.",1,2026-04-30,0,
SOC,Sable Offshore Corp.,0,,0,
SOCA,Solarius Capital Acquisition Corp.,0,,0,
SOCAU,Solarius Capital Acquisition Corp.,0,,0,
SOCAW,Solarius Capital Acquisition Corp.,0,,0,
SOEZ,Franklin Solana Trust,0,,0,
SOFI,"SoFi Technologies, Inc.",0,,0,
SOGP,Sound Group Inc.,0,,0,
SOHU,Sohu.com Ltd,0,,0,
SOJC,SOUTHERN CO,0,,0,
SOJD,SOUTHERN CO,0,,0,
SOJE,SOUTHERN CO,0,,0,
SOJF,SOUTHERN CO,0,,0,
SOLC,Canary Marinade Solana ETF,0,,0,
SOLS,Solstice Advanced Materials Inc.,0,,0,
SOLV,Solventum Corp,0,,0,
SOMN,SOUTHERN CO,0,,0,
SON,SONOCO PRODUCTS CO,0,,0,
SONM,"DNA X, Inc.",0,,0,
SONO,Sonos Inc,0,,0,
SONY,Sony Group Corp,0,,0,
SOPH,SOPHiA GENETICS SA,0,,0,
SOR,SOURCE CAPITAL /DE/,0,,0,
SORA,AsiaStrategy,0,,0,
SORN,Soren Acquisition Corp.,0,,0,
SORNU,Soren Acquisition Corp.,0,,0,
SORNW,Soren Acquisition Corp.,0,,0,
SOS,SOS Ltd,0,,0,
SOTK,SONO TEK CORP,0,,0,
SOUL,Soulpower Acquisition Corp.,1,2025-11-24,0,
SOUL.RI,Soulpower Acquisition Corp.,0,,0,
SOUL.UN,Soulpower Acquisition Corp.,0,,0,
SOUN,"SOUNDHOUND AI, INC.",0,,1,2026-04-21
SOUNW,"SOUNDHOUND AI, INC.",0,,0,
SOWG,Sow Good Inc.,0,,0,
SOYB,Teucrium Commodity Trust,0,,0,
SPAI,Safe Pro Group Inc.,0,,0,
SPB,"Spectrum Brands Holdings, Inc.",0,,0,
SPCB,SuperCom Ltd,0,,0,
SPCE,"Virgin Galactic Holdings, Inc",0,,0,
SPCX,SPACE EXPLORATION TECHNOLOGIES CORP,0,,0,
SPE,"SPECIAL OPPORTUNITIES FUND, INC.",0,,0,
SPE.PC,"SPECIAL OPPORTUNITIES FUND, INC.",0,,0,
SPEG,Silver Pegasus Acquisition Corp.,0,,0,
SPEGR,Silver Pegasus Acquisition Corp.,0,,0,
SPEGU,Silver Pegasus Acquisition Corp.,0,,0,
SPFI,"SOUTH PLAINS FINANCIAL, INC.",0,,0,
SPG,SIMON PROPERTY GROUP INC.,0,,0,
SPG.PJ,SIMON PROPERTY GROUP INC.,0,,0,
SPGI,S&P Global Inc.,0,,0,
SPH,SUBURBAN PROPANE PARTNERS LP,0,,0,
SPHL,SPRINGVIEW HOLDINGS LTD,0,,0,
SPHR,Sphere Entertainment Co.,0,,0,
SPIR,"Spire Global, Inc.",0,,0,
SPKL,Spark I Acquisition Corp,0,,0,
SPKLU,Spark I Acquisition Corp,0,,0,
SPKLW,Spark I Acquisition Corp,0,,0,
SPMA,"Sound Point Meridian Capital, Inc.",0,,0,
SPMC,"Sound Point Meridian Capital, Inc.",0,,0,
SPME,"Sound Point Meridian Capital, Inc.",0,,0,
SPNT,SiriusPoint Ltd,0,,0,
SPOK,"Spok Holdings, Inc",0,,0,
SPOT,Spotify Technology S.A.,0,,0,
SPPL,SIMPPLE LTD.,0,,0,
SPPP,SPROTT PHYSICAL PLATINUM & PALLADIUM TRUST,0,,0,
SPRB,"SPRUCE BIOSCIENCES, INC.",0,,0,
SPRC,SciSparc Ltd.,0,,0,
SPRO,"Spero Therapeutics, Inc.",0,,0,
SPRU,SPRUCE POWER HOLDING CORP,0,,0,
SPRY,"ARS Pharmaceuticals, Inc.",0,,0,
SPSC,SPS COMMERCE INC,0,,0,
SPT,"Sprout Social, Inc.",0,,0,
SPTX,"Seaport Therapeutics, Inc.",0,,0,
SPWH,"SPORTSMAN'S WAREHOUSE HOLDINGS, INC.",0,,0,
SPWR,SunPower Inc.,0,,0,
SPWRW,SunPower Inc.,0,,0,
SPXC,"SPX Technologies, Inc.",0,,0,
SPXX,Nuveen S&P 500 Dynamic Overwrite Fund,0,,0,
SPY,SPDR S&P 500 ETF TRUST,0,,0,
SQFT,"Presidio Property Trust, Inc.",0,,0,
SQFTP,"Presidio Property Trust, Inc.",0,,0,
SQFTW,"Presidio Property Trust, Inc.",0,,0,
SQM,CHEMICAL & MINING CO OF CHILE INC,0,,0,
SQNS,SEQUANS COMMUNICATIONS,0,,0,
SR,SPIRE INC,0,,0,
SRAD,Sportradar Group AG,0,,0,
SRBK,"SR Bancorp, Inc.",0,,0,
SRCE,1ST SOURCE CORP,0,,0,
SRE,SEMPRA,0,,0,
SREA,SEMPRA,0,,0,
SRFM,SURF AIR MOBILITY INC.,0,,0,
SRG,Seritage Growth Properties,0,,0,
SRG.PA,Seritage Growth Properties,0,,0,
SRI,STONERIDGE INC,0,,0,
SRJN,SPIRE INC,0,,0,
SRL,Scully Royalty Ltd.,0,,0,
SRPT,"Sarepta Therapeutics, Inc.",0,,0,
SRRK,Scholar Rock Holding Corp,0,,0,
SRTA,"Strata Critical Medical, Inc.",0,,0,
SRTS,"Sensus Healthcare, Inc.",0,,0,
SRV,NXG Cushing Midstream Energy Fund,0,,0,
SRXH,"SRx Health Solutions, Inc.",1,2025-12-16,0,
SRZN,"Surrozen, Inc./DE",0,,0,
SRZNW,"Surrozen, Inc./DE",0,,0,
SSAC,SPACSphere Acquisition Corp.,1,2026-06-01,0,
SSACR,SPACSphere Acquisition Corp.,0,,0,
SSACU,SPACSphere Acquisition Corp.,0,,0,
SSACW,SPACSphere Acquisition Corp.,0,,0,
SSB,SouthState Bank Corp,0,,0,
SSD,"Simpson Manufacturing Co., Inc.",0,,0,
SSEA,STARRY SEA ACQUISITION CORP,0,,0,
SSEAR,STARRY SEA ACQUISITION CORP,0,,0,
SSEAU,STARRY SEA ACQUISITION CORP,0,,0,
SSII,"SS Innovations International, Inc.",0,,0,
SSL,SASOL LTD,0,,0,
SSM,Sono Group N.V.,0,,0,
SSMR,Sunshine Silver Mining & Refining Co,0,,0,
SSNC,SS&C Technologies Holdings Inc,0,,0,
SSP,E.W. SCRIPPS Co,1,2025-11-16,0,
SSRM,SSR MINING INC.,0,,0,
SSSS,SURO CAPITAL CORP.,0,,0,
SSSSL,SURO CAPITAL CORP.,0,,0,
SST,"System1, Inc.",0,,0,
SSTI,"SOUNDTHINKING, INC.",0,,0,
SSTK,"Shutterstock, Inc.",0,,0,
SSYS,STRATASYS LTD.,0,,0,
ST,Sensata Technologies Holding plc,0,,0,
STAA,STAAR SURGICAL CO,0,,0,
STAG,"STAG Industrial, Inc.",0,,0,
STAK,STAK Inc.,0,,0,
STBA,S&T BANCORP INC,0,,0,
STC,STEWART INFORMATION SERVICES CORP,0,,0,
STE,STERIS plc,0,,0,
STEL,"Stellar Bancorp, Inc.",1,2026-01-28,0,
STEM,"STEM, INC.",0,,0,
STEP,StepStone Group Inc.,0,,0,
STEW,"SRH Total Return Fund, Inc.",0,,0,
STEX,Streamex Corp.,0,,0,
STFS,Star Fashion Culture Holdings Ltd,0,,0,
STG,Sunlands Technology Group,0,,0,
STGW,Stagwell Inc,0,,0,
STHO,Star Holdings,0,,0,
STI,Solidion Technology Inc.,0,,0,
STIM,"Neuronetics, Inc.",0,,0,
STK,"Columbia Seligman Premium Technology Growth Fund, Inc.",0,,0,
STKE,SOL Strategies Inc.,0,,0,
STKH,Steakholder Foods Ltd.,0,,0,
STKS,"ONE Group Hospitality, Inc.",0,,0,
STLA,Stellantis N.V.,0,,0,
STLD,STEEL DYNAMICS INC,0,,0,
STM,STMicroelectronics N.V.,0,,0,
STN,STANTEC INC,0,,0,
STNE,StoneCo Ltd.,0,,0,
STNG,Scorpio Tankers Inc.,0,,0,
STOK,"Stoke Therapeutics, Inc.",0,,0,
STRA,"Strategic Education, Inc.",0,,0,
STRC,Strategy Inc,0,,0,
STRD,Strategy Inc,0,,0,
STRF,Strategy Inc,0,,0,
STRK,Strategy Inc,0,,0,
STRL,"STERLING INFRASTRUCTURE, INC.",0,,0,
STRO,"SUTRO BIOPHARMA, INC.",0,,0,
STRR,"Star Equity Holdings, Inc.",0,,1,2026-05-06
STRRP,"Star Equity Holdings, Inc.",0,,0,
STRS,STRATUS PROPERTIES INC,0,,0,
STRT,STRATTEC SECURITY CORP,0,,0,
STRW,"Strawberry Fields REIT, Inc.",0,,0,
STRZ,STARZ ENTERTAINMENT CORP /CN/,0,,0,
STT,STATE STREET CORP,0,,0,
STT.PG,STATE STREET CORP,0,,0,
STTK,"Shattuck Labs, Inc.",0,,0,
STUB,"StubHub Holdings, Inc.",0,,0,
STVN,Stevanato Group S.p.A.,0,,0,
STWD,"STARWOOD PROPERTY TRUST, INC.",0,,0,
STX,Seagate Technology Holdings plc,0,,0,
STXS,"Stereotaxis, Inc.",0,,0,
STZ,"CONSTELLATION BRANDS, INC.",0,,0,
SU,SUNCOR ENERGY INC,0,,0,
SUGP,SU Group Holdings Ltd,0,,0,
SUI,SUN COMMUNITIES INC,0,,0,
SUIG,SUI Group Holdings Ltd.,0,,0,
SUIS,Canary Staked SUI ETF,0,,0,
SUJA,"SUJA LIFE, INC.",0,,0,
SUMA,SUMA Acquisition Corp,0,,0,
SUMAR,SUMA Acquisition Corp,0,,0,
SUMAU,SUMA Acquisition Corp,0,,0,
SUN,Sunoco LP,0,,0,
SUNB,"Sunbelt Rentals Holdings, Inc.",0,,0,
SUNC,SunocoCorp LLC,0,,0,
SUNE,"SUNation Energy, Inc.",1,2026-06-08,0,
SUNS,"Sunrise Realty Trust, Inc.",0,,0,
SUPN,"SUPERNUS PHARMACEUTICALS, INC.",0,,0,
SUPV,Grupo Supervielle S.A.,0,,0,
SUPX,SuperX AI Technology Ltd,0,,0,
SURG,"SurgePays, Inc.",0,,0,
SUUN,POWERBANK Corp,0,,0,
SUZ,Suzano S.A.,0,,0,
SVA,SINOVAC BIOTECH LTD,0,,0,
SVAC,Spring Valley Acquisition Corp. III,1,2026-01-22,0,
SVACU,Spring Valley Acquisition Corp. III,0,,0,
SVACW,Spring Valley Acquisition Corp. III,0,,0,
SVAQ,Silicon Valley Acquisition Corp.,0,,0,
SVAQU,Silicon Valley Acquisition Corp.,0,,0,
SVAQW,Silicon Valley Acquisition Corp.,0,,0,
SVC,Service Properties Trust,0,,0,
SVCC,Stellar V Capital Corp. (Cayman Islands),0,,0,
SVCCU,Stellar V Capital Corp. (Cayman Islands),0,,0,
SVCCW,Stellar V Capital Corp. (Cayman Islands),0,,0,
SVCO,"Silvaco Group, Inc.",0,,0,
SVIV,Spring Valley Acquisition Corp. IV,0,,0,
SVIVU,Spring Valley Acquisition Corp. IV,0,,0,
SVIVW,Spring Valley Acquisition Corp. IV,0,,0,
SVM,SILVERCORP METALS INC,0,,0,
SVRA,Savara Inc,0,,0,
SVRE,SaverOne 2014 Ltd.,0,,0,
SVREW,SaverOne 2014 Ltd.,0,,0,
SVRN,OceanPal Inc.,0,,0,
SVV,"Savers Value Village, Inc.",0,,0,
SW,Smurfit Westrock plc,0,,0,
SWAG,"Stran & Company, Inc.",0,,0,
SWAGW,"Stran & Company, Inc.",0,,0,
SWBI,"SMITH & WESSON BRANDS, INC.",0,,0,
SWIM,"Latham Group, Inc.",0,,0,
SWK,"STANLEY BLACK & DECKER, INC.",0,,0,
SWKHL,SWK Holdings Corp,1,2025-10-09,0,
SWKS,"SKYWORKS SOLUTIONS, INC.",0,,1,2025-10-27
SWMR,"Swarmer, Inc",0,,0,
SWVL,Swvl Holdings Corp,0,,0,
SWVLW,Swvl Holdings Corp,0,,0,
SWX,"Southwest Gas Holdings, Inc.",0,,0,
SWZ,Total Return Securities Fund,0,,0,
SXC,"SunCoke Energy, Inc.",0,,0,
SXI,STANDEX INTERNATIONAL CORP/DE/,0,,0,
SXT,SENSIENT TECHNOLOGIES CORP,0,,0,
SXTC,"China SXT Pharmaceuticals, Inc.",0,,0,
SXTP,"60 DEGREES PHARMACEUTICALS, INC.",0,,0,
SXTPW,"60 DEGREES PHARMACEUTICALS, INC.",0,,0,
SY,So-Young International Inc.,0,,0,
SYBT,"Stock Yards Bancorp, Inc.",0,,0,
SYF,Synchrony Financial,0,,0,
SYF.PA,Synchrony Financial,0,,0,
SYF.PB,Synchrony Financial,0,,0,
SYK,STRYKER CORP,0,,0,
SYM,Symbotic Inc.,0,,0,
SYNA,SYNAPTICS Inc,0,,0,
SYNX,Silynxcom Ltd.,0,,0,
SYPR,SYPRIS SOLUTIONS INC,0,,0,
SYRE,"Spyre Therapeutics, Inc.",0,,0,
SYY,SYSCO CORP,0,,0,
SZZL,Sizzle Acquisition Corp. II,1,2026-04-13,0,
SZZLR,Sizzle Acquisition Corp. II,0,,0,
SZZLU,Sizzle Acquisition Corp. II,0,,0,
T,AT&T INC.,0,,0,
T.PA,AT&T INC.,0,,0,
T.PC,AT&T INC.,0,,0,
TAC,TRANSALTA CORP,0,,0,
TACH,Titan Acquisition Corp.,1,2026-06-01,0,
TACHU,Titan Acquisition Corp.,0,,0,
TACHW,Titan Acquisition Corp.,0,,0,
TACO,Berto Acquisition Corp.,1,2025-10-29,0,
TACOU,Berto Acquisition Corp.,0,,0,
TACOW,Berto Acquisition Corp.,0,,0,
TACT,TRANSACT TECHNOLOGIES INC,0,,0,
TAGS,Teucrium Commodity Trust,0,,0,
TAK,TAKEDA PHARMACEUTICAL CO LTD,0,,0,
TAL,TAL Education Group,0,,0,
TALK,"Talkspace, Inc.",1,2026-03-09,0,
TALKW,"Talkspace, Inc.",0,,0,
TALO,TALOS ENERGY INC.,0,,0,
TANH,TANTECH HOLDINGS LTD,0,,0,
TAOP,Taoping Inc.,0,,0,
TAOX,TAO Synergies Inc.,0,,0,
TAP,MOLSON COORS BEVERAGE CO,0,,0,
TAP.A,MOLSON COORS BEVERAGE CO,0,,0,
TARA,"Protara Therapeutics, Inc.",0,,0,
TARS,"Tarsus Pharmaceuticals, Inc.",0,,0,
TASK,"TaskUs, Inc.",0,,0,
TATT,TAT TECHNOLOGIES LTD,0,,0,
TAVI,Tavia Acquisition Corp.,0,,0,
TAVIR,Tavia Acquisition Corp.,0,,0,
TAVIU,Tavia Acquisition Corp.,0,,0,
TAYD,"TAYLOR DEVICES, INC.",0,,0,
TBB,AT&T INC.,0,,0,
TBBB,BBB FOODS INC,0,,0,
TBBK,"Bancorp, Inc.",0,,0,
TBCH,Turtle Beach Corp,0,,0,
TBH,"Brag House Holdings, Inc.",1,2025-10-13,0,
TBI,"TrueBlue, Inc.",0,,0,
TBLA,Taboola.com Ltd.,0,,0,
TBLAW,Taboola.com Ltd.,0,,0,
TBLD,Thornburg Income Builder Opportunities Trust,0,,0,
TBN,Tamboran Resources Corp,0,,0,
TBPH,"Theravance Biopharma, Inc.",0,,0,
TBRG,"TruBridge, Inc.",1,2026-04-23,0,
TC,Token Cat Ltd,0,,0,
TCBI,TEXAS CAPITAL BANCSHARES INC/TX,0,,0,
TCBIO,TEXAS CAPITAL BANCSHARES INC/TX,0,,0,
TCBK,TRICO BANCSHARES /,0,,0,
TCBS,"Texas Community Bancshares, Inc.",0,,0,
TCBX,"Third Coast Bancshares, Inc.",0,,0,
TCGL,TechCreate Group Ltd.,0,,0,
TCI,TRANSCONTINENTAL REALTY INVESTORS INC,0,,0,
TCMD,TACTILE SYSTEMS TECHNOLOGY INC,0,,0,
TCOM,Trip.com Group Ltd,0,,0,
TCPA,TRANSCANADA PIPELINES LTD,0,,0,
TCPC,BlackRock TCP Capital Corp.,0,,0,
TCRT,"Alaunos Therapeutics, Inc.",0,,0,
TCRX,"TScan Therapeutics, Inc.",0,,0,
TCX,TUCOWS INC /PA/,0,,0,
TD,TORONTO DOMINION BANK,0,,0,
TDAC,Translational Development Acquisition Corp.,1,2026-05-27,0,
TDACU,Translational Development Acquisition Corp.,0,,0,
TDACW,Translational Development Acquisition Corp.,0,,0,
TDAY,"USA TODAY Co., Inc.",0,,0,
TDC,TERADATA CORP /DE/,0,,0,
TDF,TEMPLETON DRAGON FUND INC,0,,0,
TDG,TransDigm Group INC,0,,0,
TDIC,Dreamland Ltd,0,,0,
TDOC,"Teladoc Health, Inc.",0,,0,
TDOG,21Shares Dogecoin ETF,0,,0,
TDS,TELEPHONE & DATA SYSTEMS INC /DE/,0,,1,2026-05-08
TDS.PU,TELEPHONE & DATA SYSTEMS INC /DE/,0,,0,
TDS.PV,TELEPHONE & DATA SYSTEMS INC /DE/,0,,0,
TDTH,Trident Digital Tech Holdings Ltd,0,,0,
TDUP,ThredUp Inc.,0,,0,
TDW,TIDEWATER INC,0,,0,
TDWD,Tailwind 2.0 Acquisition Corp.,0,,0,
TDWDR,Tailwind 2.0 Acquisition Corp.,0,,0,
TDWDU,Tailwind 2.0 Acquisition Corp.,0,,0,
TDY,TELEDYNE TECHNOLOGIES INC,0,,0,
TE,T1 Energy Inc.,0,,0,
TE.WT,T1 Energy Inc.,0,,0,
TEAD,Teads Holding Co.,0,,0,
TEAM,Atlassian Corp,0,,0,
TECH,BIO-TECHNE Corp,0,,0,
TECK,TECK RESOURCES LTD,0,,0,
TECX,"Tectonic Therapeutic, Inc.",0,,0,
TEI,TEMPLETON EMERGING MARKETS INCOME FUND,0,,0,
TEL,TE Connectivity plc,0,,0,
TELA,"TELA Bio, Inc.",0,,0,
TELO,"Telomir Pharmaceuticals, Inc.",0,,0,
TEM,"Tempus AI, Inc.",0,,0,
TEN,TSAKOS ENERGY NAVIGATION LTD,0,,0,
TEN.PE,TSAKOS ENERGY NAVIGATION LTD,0,,0,
TEN.PF,TSAKOS ENERGY NAVIGATION LTD,0,,0,
TENB,"Tenable Holdings, Inc.",0,,0,
TENX,"TENAX THERAPEUTICS, INC.",0,,0,
TEO,TELECOM ARGENTINA SA,0,,0,
TER,"TERADYNE, INC",0,,0,
TEVA,TEVA PHARMACEUTICAL INDUSTRIES LTD,0,,0,
TEX,TEREX CORP,0,,0,
TFC,TRUIST FINANCIAL CORP,0,,0,
TFC.PI,TRUIST FINANCIAL CORP,0,,0,
TFC.PO,TRUIST FINANCIAL CORP,0,,0,
TFC.PR,TRUIST FINANCIAL CORP,0,,0,
TFII,TFI International Inc.,0,,0,
TFIN,"Triumph Financial, Inc.",0,,0,
TFIN.P,"Triumph Financial, Inc.",0,,0,
TFPM,Triple Flag Precious Metals Corp.,0,,0,
TFSL,TFS Financial CORP,0,,0,
TFX,TELEFLEX INC,0,,0,
TG,TREDEGAR CORP,0,,0,
TGB,TASEKO MINES LTD,0,,0,
TGE,Generation Essentials Group,0,,0,
TGE.WT,Generation Essentials Group,0,,0,
TGEN,TECOGEN INC.,0,,0,
TGHL,GrowHub Ltd,0,,0,
TGL,TREASURE GLOBAL INC,0,,0,
TGLS,Tecnoglass Inc.,0,,0,
TGS,GAS TRANSPORTER OF THE SOUTH INC,0,,0,
TGT,TARGET CORP,0,,0,
TGTX,"TG THERAPEUTICS, INC.",0,,0,
TH,Target Hospitality Corp.,0,,0,
THC,TENET HEALTHCARE CORP,0,,0,
THCH,TH International Ltd,0,,0,
THFF,FIRST FINANCIAL CORP /IN/,0,,0,
THG,"HANOVER INSURANCE GROUP, INC.",0,,0,
THH,TryHard Holdings Ltd,0,,0,
THM,INTERNATIONAL TOWER HILL MINES LTD,0,,0,
THO,THOR INDUSTRIES INC,0,,0,
THQ,abrdn Healthcare Opportunities Fund,0,,0,
THRM,Gentherm Inc,0,,0,
THRY,"Thryv Holdings, Inc.",0,,0,
THW,abrdn World Healthcare Fund,0,,0,
THYP,21Shares Hyperliquid ETF,0,,0,
TIC,"TIC Solutions, Inc.",0,,0,
TIGO,MILLICOM INTERNATIONAL CELLULAR SA,0,,0,
TIGR,UP Fintech Holding Ltd,0,,0,
TII,Titan Mining Corp,0,,0,
TIL,"Instil Bio, Inc.",0,,0,
TILE,INTERFACE INC,0,,0,
TIMB,TIM S.A.,0,,0,
TIPT,TIPTREE INC.,0,,0,
TISI,TEAM INC,0,,0,
TITN,Titan Machinery Inc.,0,,0,
TJGC,TJGC GROUP Ltd,0,,0,
TJX,TJX COMPANIES INC /DE/,0,,0,
TK,TEEKAY CORP LTD,0,,0,
TKC,TURKCELL ILETISIM HIZMETLERI A S,0,,0,
TKLF,"Tokyo Lifestyle Co., Ltd.",0,,0,
TKNO,"Alpha Teknova, Inc.",0,,0,
TKO,"TKO Group Holdings, Inc.",0,,0,
TKR,TIMKEN CO,0,,0,
TLF,TANDY LEATHER FACTORY INC,0,,0,
TLIH,Ten-League International Holdings Ltd,0,,0,
TLK,PERUSAHAAN PERSEROAN PERSERO PT TELEKOMUNIKASI INDONESIA TBK,0,,0,
TLN,Talen Energy Corp,0,,0,
TLNC,Talon Capital Corp.,0,,0,
TLNCU,Talon Capital Corp.,0,,0,
TLNCW,Talon Capital Corp.,0,,0,
TLPH,"TALPHERA, INC.",0,,0,
TLRY,"Tilray Brands, Inc.",0,,0,
TLS,TELOS CORP,0,,0,
TLSA,Tiziana Life Sciences Ltd,0,,0,
TLSI,"TriSalus Life Sciences, Inc.",0,,0,
TLSIW,"TriSalus Life Sciences, Inc.",0,,0,
TLX,Telix Pharmaceuticals Ltd,0,,0,
TLYS,"TILLY'S, INC.",0,,0,
TM,TOYOTA MOTOR CORP/,0,,0,
TMC,TMC the metals Co Inc.,0,,0,
TMCI,"TREACE MEDICAL CONCEPTS, INC.",0,,0,
TMCR,Metals Royalty Co Inc.,0,,0,
TMCWW,TMC the metals Co Inc.,0,,0,
TMDE,TMD Energy Ltd,0,,0,
TMDX,"TransMedics Group, Inc.",0,,0,
TME,Tencent Music Entertainment Group,0,,0,
TMHC,Taylor Morrison Home Corp,1,2026-05-31,0,
TMO,THERMO FISHER SCIENTIFIC INC.,0,,0,
TMP,TOMPKINS FINANCIAL CORP,0,,0,
TMQ,Trilogy Metals Inc.,0,,0,
TMTS,Spartacus Acquisition Corp. II,0,,0,
TMTSU,Spartacus Acquisition Corp. II,0,,0,
TMTSW,Spartacus Acquisition Corp. II,0,,0,
TMUS,"T-Mobile US, Inc.",0,,0,
TMUSI,"T-Mobile US, Inc.",0,,0,
TMUSL,"T-Mobile US, Inc.",0,,0,
TMUSZ,"T-Mobile US, Inc.",0,,0,
TNC,TENNANT CO,0,,0,
TNDM,TANDEM DIABETES CARE INC,0,,0,
TNET,"TRINET GROUP, INC.",0,,0,
TNGX,"Tango Therapeutics, Inc.",0,,0,
TNK,TEEKAY TANKERS LTD.,0,,0,
TNL,Travel & Leisure Co.,0,,0,
TNMG,TNL Mediagene,0,,0,
TNON,"Tenon Medical, Inc.",0,,0,
TNONW,"Tenon Medical, Inc.",0,,0,
TNXP,Tonix Pharmaceuticals Holding Corp.,0,,0,
TNYA,"Tenaya Therapeutics, Inc.",0,,0,
TOI,"Oncology Institute, Inc.",0,,0,
TOIIW,"Oncology Institute, Inc.",0,,0,
TOL,"Toll Brothers, Inc.",0,,0,
TOMZ,"TOMI Environmental Solutions, Inc.",0,,0,
TONX,TON Strategy Co,0,,0,
TOON,"Kartoon Studios, Inc.",0,,0,
TOP,TOP Financial Group Ltd,0,,0,
TOPP,Toppoint Holdings Inc.,0,,0,
TOPS,TOP SHIPS INC.,0,,0,
TORO,TORO CORP.,0,,0,
TOST,"Toast, Inc.",0,,0,
TOUR,Tuniu Corp,0,,0,
TOVX,"Theriva Biologics, Inc.",0,,0,
TOYO,"TOYO Co., Ltd",0,,0,
TPB,"Turning Point Brands, Inc.",0,,0,
TPC,TUTOR PERINI CORP,0,,0,
TPCS,TECHPRECISION CORP,0,,0,
TPET,Trio Petroleum Corp,0,,0,
TPG,TPG Inc.,0,,0,
TPGXL,TPG Inc.,0,,0,
TPL,Texas Pacific Land Corp,0,,0,
TPR,"TAPESTRY, INC.",0,,0,
TPST,"Tempest Therapeutics, Inc.",0,,0,
TPTA,"Terra Property Trust, Inc.",0,,0,
TPVG,TriplePoint Venture Growth BDC Corp.,0,,0,
TR,TOOTSIE ROLL INDUSTRIES INC,0,,0,
TRAD,APEX Tech Acquisition Inc.,0,,0,
TRAD.RI,APEX Tech Acquisition Inc.,0,,0,
TRAD.UN,APEX Tech Acquisition Inc.,0,,0,
TRAK,"ReposiTrak, Inc.",0,,0,
TRAW,"Traws Pharma, Inc.",0,,0,
TRAX,"First Tracks Biotherapeutics, Inc.",0,,0,
TRC,TEJON RANCH CO,0,,0,
TRDA,"Entrada Therapeutics, Inc.",0,,0,
TREE,"LendingTree, Inc.",0,,0,
TREX,TREX CO INC,0,,0,
TRGP,Targa Resources Corp.,0,,0,
TRGS,TRG Latin America Acquisitions Corp.,0,,0,
TRGSR,TRG Latin America Acquisitions Corp.,0,,0,
TRGSU,TRG Latin America Acquisitions Corp.,0,,0,
TRI,THOMSON REUTERS CORP /CAN/,0,,0,
TRIB,TRINITY BIOTECH PLC,0,,0,
TRIN,Trinity Capital Inc.,0,,0,
TRINI,Trinity Capital Inc.,0,,0,
TRINZ,Trinity Capital Inc.,0,,0,
TRIP,"TripAdvisor, Inc.",0,,0,
TRLV,Trulieve Cannabis Corp.,0,,0,
TRMB,TRIMBLE INC.,0,,0,
TRMD,TORM plc,0,,0,
TRMK,TRUSTMARK CORP,0,,0,
TRN,TRINITY INDUSTRIES INC,0,,0,
TRNO,Terreno Realty Corp,0,,0,
TRNR,"Interactive Strength, Inc.",0,,0,
TRNS,TRANSCAT INC,0,,0,
TRON,Tron Inc.,0,,0,
TROO,"Troops, Inc. /Cayman Islands/",0,,0,
TROW,PRICE T ROWE GROUP INC,0,,0,
TROX,Tronox Holdings plc,0,,0,
TRP,TC ENERGY CORP,0,,0,
TRS,TRIMAS CORP,0,,0,
TRSG,Tungray Technologies Inc,0,,0,
TRST,TRUSTCO BANK CORP N Y,0,,0,
TRT,TRIO-TECH INTERNATIONAL,0,,0,
TRTN.PA,Triton International Ltd,0,,0,
TRTN.PB,Triton International Ltd,0,,0,
TRTN.PC,Triton International Ltd,0,,0,
TRTN.PD,Triton International Ltd,0,,0,
TRTN.PE,Triton International Ltd,0,,0,
TRTN.PF,Triton International Ltd,0,,0,
TRTN.PG,Triton International Ltd,0,,0,
TRTX,"TPG RE Finance Trust, Inc.",0,,0,
TRTX.PC,"TPG RE Finance Trust, Inc.",0,,0,
TRU,TransUnion,0,,0,
TRUG,"TruGolf Holdings, Inc.",0,,0,
TRUP,"TRUPANION, INC.",0,,0,
TRV,"TRAVELERS COMPANIES, INC.",0,,0,
TRVG,trivago N.V.,0,,0,
TRVI,"Trevi Therapeutics, Inc.",0,,0,
TRX,TRX GOLD Corp,0,,0,
TS,TENARIS SA,0,,0,
TSAT,Telesat Corp,0,,0,
TSBK,TIMBERLAND BANCORP INC,0,,0,
TSCO,TRACTOR SUPPLY CO /DE/,0,,0,
TSEM,TOWER SEMICONDUCTOR LTD,0,,0,
TSHA,"Taysha Gene Therapies, Inc.",0,,0,
TSI,TCW STRATEGIC INCOME FUND INC,0,,0,
TSLA,"Tesla, Inc.",0,,0,
TSLX,"Sixth Street Specialty Lending, Inc.",0,,0,
TSM,TAIWAN SEMICONDUCTOR MANUFACTURING CO LTD,0,,0,
TSN,"TYSON FOODS, INC.",0,,0,
TSQ,"Townsquare Media, Inc.",0,,0,
TSSI,"TSS, Inc.",0,,0,
TSUI,21Shares Sui ETF,0,,0,
TT,Trane Technologies plc,0,,0,
TTAM,Titan America SA,0,,0,
TTAN,"ServiceTitan, Inc.",0,,0,
TTC,TORO CO,0,,0,
TTD,"Trade Desk, Inc.",0,,0,
TTE,TotalEnergies SE,0,,0,
TTEC,"TTEC Holdings, Inc.",0,,0,
TTEK,TETRA TECH INC,0,,0,
TTGT,"TechTarget, Inc.",0,,0,
TTI,TETRA TECHNOLOGIES INC,0,,0,
TTMI,TTM TECHNOLOGIES INC,0,,0,
TTRX,Turn Therapeutics Inc.,0,,0,
TTWO,TAKE TWO INTERACTIVE SOFTWARE INC,0,,0,
TU,TELUS CORP,0,,0,
TULP,"BLOOMIA HOLDINGS, INC.",0,,0,
TURB,"Turbo Energy, S.A.",0,,0,
TUSK,"MAMMOTH ENERGY SERVICES, INC.",0,,0,
TUYA,Tuya Inc.,0,,0,
TV,"GRUPO TELEVISA, S.A.B.",0,,0,
TVA,Texas Ventures Acquisition III Corp,0,,0,
TVACU,Texas Ventures Acquisition III Corp,0,,0,
TVACW,Texas Ventures Acquisition III Corp,0,,0,
TVAI,Thayer Ventures Acquisition Corp II,0,,0,
TVAIR,Thayer Ventures Acquisition Corp II,0,,0,
TVAIU,Thayer Ventures Acquisition Corp II,0,,0,
TVC,Tennessee Valley Authority,0,,0,
TVE,Tennessee Valley Authority,0,,0,
TVGN,Tevogen Bio Holdings Inc.,0,,0,
TVGNW,Tevogen Bio Holdings Inc.,0,,0,
TVRD,"Tvardi Therapeutics, Inc.",0,,0,
TVTX,"Travere Therapeutics, Inc.",0,,0,
TW,Tradeweb Markets Inc.,0,,0,
TWAV,"TaoWeave, Inc.",0,,0,
TWFG,"TWFG, Inc.",0,,0,
TWG,Top Wealth Group Holding Ltd,0,,0,
TWI,TITAN INTERNATIONAL INC,0,,0,
TWIN,TWIN DISC INC,0,,0,
TWLO,TWILIO INC,0,,0,
TWLV,Twelve Seas Investment Co III/Cayman,0,,0,
TWLVR,Twelve Seas Investment Co III/Cayman,0,,0,
TWLVU,Twelve Seas Investment Co III/Cayman,0,,0,
TWN,TAIWAN FUND INC,0,,0,
TWO,TWO HARBORS INVESTMENT CORP.,2,2026-03-19,0,
TWO.PA,TWO HARBORS INVESTMENT CORP.,0,,0,
TWO.PB,TWO HARBORS INVESTMENT CORP.,0,,0,
TWO.PC,TWO HARBORS INVESTMENT CORP.,0,,0,
TWOD,TWO HARBORS INVESTMENT CORP.,0,,0,
TWST,Twist Bioscience Corp,0,,0,
TX,Ternium S.A.,0,,0,
TXG,"10x Genomics, Inc.",0,,0,
TXMD,"TherapeuticsMD, Inc.",0,,0,
TXN,TEXAS INSTRUMENTS INC,0,,1,2026-02-04
TXNM,TXNM ENERGY INC,0,,0,
TXO,"TXO Partners, L.P.",0,,0,
TXRH,"Texas Roadhouse, Inc.",0,,0,
TXT,TEXTRON INC,0,,0,
TY,TRI-CONTINENTAL Corp,0,,0,
TY.P,TRI-CONTINENTAL Corp,0,,0,
TYG,TORTOISE ENERGY INFRASTRUCTURE CORP,0,,0,
TYG.RI,TORTOISE ENERGY INFRASTRUCTURE CORP,0,,0,
TYGO,"TIGO ENERGY, INC.",0,,0,
TYL,TYLER TECHNOLOGIES INC,0,,0,
TYRA,"Tyra Biosciences, Inc.",0,,0,
TZOO,TRAVELZOO,0,,0,
U,Unity Software Inc.,0,,0,
UA,"Under Armour, Inc.",0,,0,
UAA,"Under Armour, Inc.",0,,0,
UAC,United Acquisition Corp. I,0,,0,
UAC.UN,United Acquisition Corp. I,0,,0,
UAC.WT,United Acquisition Corp. I,0,,0,
UAL,"United Airlines Holdings, Inc.",0,,0,
UAMY,UNITED STATES ANTIMONY CORP,0,,0,
UAN,"CVR PARTNERS, LP",0,,0,
UAVS,AgEagle Aerial Systems Inc.,0,,0,
UBCP,UNITED BANCORP INC /OH/,0,,0,
UBER,"Uber Technologies, Inc",0,,0,
UBS,UBS Group AG,0,,0,
UBSI,UNITED BANKSHARES INC/WV,0,,0,
UBXG,U-BX Technology Ltd.,0,,0,
UCAR,U Power Ltd,0,,0,
UCB,UNITED COMMUNITY BANKS INC,0,,0,
UCFI,CN Healthy Food Tech Group Corp.,0,,0,
UCFIW,CN Healthy Food Tech Group Corp.,0,,0,
UCIB,UBS AG,0,,0,
UCL,uCloudlink Group Inc.,0,,0,
UCO,ProShares Trust II,0,,0,
UCTT,"Ultra Clean Holdings, Inc.",0,,0,
UDN,INVESCO DB US DOLLAR INDEX BEARISH FUND,0,,0,
UDR,"UDR, Inc.",0,,0,
UE,Urban Edge Properties,0,,0,
UEC,URANIUM ENERGY CORP,0,,0,
UEIC,UNIVERSAL ELECTRONICS INC,0,,0,
UFCS,UNITED FIRE GROUP INC,0,,0,
UFG,Uni-Fuels Holdings Ltd,0,,0,
UFI,UNIFI INC,0,,0,
UFPI,UFP INDUSTRIES INC,0,,0,
UFPT,UFP TECHNOLOGIES INC,0,,0,
UG,UNITED GUARDIAN INC,0,,0,
UGA,"United States Gasoline Fund, LP",0,,0,
UGI,UGI CORP /PA/,0,,0,
UGL,ProShares Trust II,0,,0,
UGP,ULTRAPAR HOLDINGS INC,0,,0,
UGRO,"urban-gro, Inc.",0,,0,
UHAL,U-Haul Holding Co /NV/,0,,0,
UHAL.B,U-Haul Holding Co /NV/,0,,0,
UHS,UNIVERSAL HEALTH SERVICES INC,0,,1,2026-03-09
UHT,UNIVERSAL HEALTH REALTY INCOME TRUST,0,,0,
UI,Ubiquiti Inc.,0,,0,
UIS,UNISYS CORP,0,,0,
UK,Ucommune International Ltd,0,,0,
UL,UNILEVER PLC,0,,0,
ULBI,ULTRALIFE CORP,0,,0,
ULCC,"Frontier Group Holdings, Inc.",1,2025-09-02,0,
ULE,ProShares Trust II,0,,0,
ULH,"UNIVERSAL LOGISTICS HOLDINGS, INC.",0,,0,
ULS,UL Solutions Inc.,0,,0,
ULTA,"Ulta Beauty, Inc.",0,,0,
UMAC,"Unusual Machines, Inc.",0,,0,
UMBF,UMB FINANCIAL CORP,0,,0,
UMBFO,UMB FINANCIAL CORP,0,,0,
UMC,UNITED MICROELECTRONICS CORP,0,,0,
UMH,"UMH PROPERTIES, INC.",0,,0,
UMH.PD,"UMH PROPERTIES, INC.",0,,0,
UNB,UNION BANKSHARES INC,0,,0,
UNCY,"Unicycive Therapeutics, Inc.",0,,0,
UNF,UNIFIRST CORP,1,2025-12-22,0,
UNFI,UNITED NATURAL FOODS INC,0,,0,
UNG,"United States Natural Gas Fund, LP",0,,0,
UNH,UNITEDHEALTH GROUP INC,0,,0,
UNIT,Uniti Group Inc.,0,,0,
UNL,"United States 12 Month Natural Gas Fund, LP",0,,0,
UNM,Unum Group,0,,0,
UNMA,Unum Group,0,,0,
UNP,UNION PACIFIC CORP,0,,1,2025-07-29
UNTY,UNITY BANCORP INC /NJ/,0,,0,
UONE,"URBAN ONE, INC.",0,,0,
UONEK,"URBAN ONE, INC.",0,,0,
UP,Wheels Up Experience Inc.,0,,0,
UPB,"Upstream Bio, Inc.",0,,0,
UPBD,"UPBOUND GROUP, INC.",0,,0,
UPC,Universe Pharmaceuticals INC,0,,0,
UPLD,"Upland Software, Inc.",0,,0,
UPS,UNITED PARCEL SERVICE INC,0,,0,
UPST,"Upstart Holdings, Inc.",0,,0,
UPWK,"UPWORK, INC",0,,0,
UPXI,"UPEXI, INC.",0,,0,
URBN,URBAN OUTFITTERS INC,0,,0,
URG,UR-ENERGY INC,0,,0,
URGN,UroGen Pharma Ltd.,0,,0,
URI,"UNITED RENTALS, INC.",0,,0,
UROY,Uranium Royalty Corp.,0,,0,
USA,LIBERTY ALL STAR EQUITY FUND,0,,0,
USAC,"USA Compression Partners, LP",0,,0,
USAR,"USA Rare Earth, Inc.",0,,0,
USAS,Americas Gold & Silver Corp,0,,0,
USAU,U.S. GOLD CORP.,0,,0,
USB,US BANCORP DE,0,,0,
USB.PA,US BANCORP DE,0,,0,
USB.PH,US BANCORP DE,0,,0,
USB.PP,US BANCORP DE,0,,0,
USB.PQ,US BANCORP DE,0,,0,
USB.PR,US BANCORP DE,0,,0,
USB.PS,US BANCORP DE,0,,0,
USBC,"USBC, Inc.",0,,0,
USCB,"USCB FINANCIAL HOLDINGS, INC.",0,,0,
USCI,United States Commodity Index Funds Trust,0,,0,
USEA,United Maritime Corp,0,,0,
USEG,BIG SKY INDUSTRIAL INC.,0,,0,
USFD,US Foods Holding Corp.,0,,0,
USGO,U.S. GoldMining Inc.,0,,0,
USIO,"Usio, Inc.",0,,0,
USL,"United States 12 Month Oil Fund, LP",0,,0,
USLM,UNITED STATES LIME & MINERALS INC,0,,0,
USML,UBS AG,0,,0,
USNA,USANA HEALTH SCIENCES INC,0,,0,
USO,"United States Oil Fund, LP",0,,0,
USOI,CREDIT SUISSE AG,0,,0,
USPH,U S PHYSICAL THERAPY INC /NV,0,,0,
UTF,COHEN & STEERS INFRASTRUCTURE FUND INC,0,,0,
UTG,REAVES UTILITY INCOME FUND,0,,0,
UTHR,UNITED THERAPEUTICS Corp,0,,0,
UTI,UNIVERSAL TECHNICAL INSTITUTE INC,0,,0,
UTL,UNITIL CORP,0,,0,
UTMD,UTAH MEDICAL PRODUCTS INC,0,,0,
UTSI,UTSTARCOM HOLDINGS CORP.,0,,0,
UTZ,"Utz Brands, Inc.",0,,0,
UUU,"UNIVERSAL SAFETY PRODUCTS, INC.",0,,0,
UUUU,ENERGY FUELS INC,1,2025-11-25,0,
UVE,"UNIVERSAL INSURANCE HOLDINGS, INC.",0,,0,
UVSP,UNIVEST FINANCIAL Corp,0,,0,
UVV,UNIVERSAL CORP /VA/,0,,0,
UWMC,UWM Holdings Corp,0,,0,
UXIN,Uxin Ltd,0,,0,
UYSC,UY Scuti Acquisition Corp.,1,2025-07-21,0,
UYSCR,UY Scuti Acquisition Corp.,0,,0,
UYSCU,UY Scuti Acquisition Corp.,0,,0,
UZD,"ARRAY DIGITAL INFRASTRUCTURE, INC.",0,,0,
UZE,"ARRAY DIGITAL INFRASTRUCTURE, INC.",0,,0,
UZF,"ARRAY DIGITAL INFRASTRUCTURE, INC.",0,,0,
UZX,Linkage Global Inc,0,,0,
V,VISA INC.,0,,0,
VABK,Virginia National Bankshares Corp,0,,0,
VAC,MARRIOTT VACATIONS WORLDWIDE Corp,0,,0,
VACH,Voyager Acquisition Corp./Cayman Islands,0,,0,
VACHU,Voyager Acquisition Corp./Cayman Islands,0,,0,
VACHW,Voyager Acquisition Corp./Cayman Islands,0,,0,
VACI,Viking Acquisition Corp I,1,2026-04-17,0,
VACI.UN,Viking Acquisition Corp I,0,,0,
VACI.WT,Viking Acquisition Corp I,0,,0,
VAL,Valaris Ltd,0,,0,
VAL.WT,Valaris Ltd,0,,0,
VALE,Vale S.A.,0,,0,
VALN,Valneva SE,0,,0,
VALU,VALUE LINE INC,0,,0,
VANI,"Vivani Medical, Inc.",0,,0,
VATE,INNOVATE Corp.,0,,0,
VAVX,VanEck Avalanche ETF,0,,0,
VBF,Invesco Bond Fund,0,,0,
VBIO,"Valion Bio, Inc.",0,,0,
VBNB,VanEck BNB ETF,0,,0,
VBNK,VersaBank,0,,0,
VC,VISTEON CORP,0,,0,
VCEL,Vericel Corp,0,,0,
VCIG,VCI Global Ltd,0,,0,
VCTR,"Victory Capital Holdings, Inc.",0,,0,
VCV,Invesco California Value Municipal Income Trust,0,,0,
VCX,"Fundrise Innovation Fund, LLC",0,,0,
VCYT,"VERACYTE, INC.",0,,0,
VECA,Vernal Capital Acquisition Corp.,0,,0,
VECA.RI,Vernal Capital Acquisition Corp.,0,,0,
VECA.UN,Vernal Capital Acquisition Corp.,0,,0,
VECO,VEECO INSTRUMENTS INC,1,2025-10-01,0,
VEEA,VEEA INC.,0,,0,
VEEAW,VEEA INC.,0,,0,
VEEE,"Twin Vee PowerCats, Co.",0,,0,
VEEV,VEEVA SYSTEMS INC,0,,0,
VEL,"Velocity Financial, Inc.",0,,0,
VELO,"Velo3D, Inc.",0,,0,
VENU,Venu Holding Corp,0,,0,
VEON,VEON Ltd.,0,,0,
VERA,"Vera Therapeutics, Inc.",0,,0,
VERI,"Veritone, Inc.",0,,0,
VERU,VERU INC.,0,,0,
VERX,"Vertex, Inc.",0,,0,
VET,VERMILION ENERGY INC.,0,,0,
VFC,V F CORP,0,,0,
VFF,"Village Farms International, Inc.",0,,0,
VFL,abrdn National Municipal Income Fund,0,,0,
VFS,VinFast Auto Ltd.,0,,0,
VFSWW,VinFast Auto Ltd.,0,,0,
VG,"Venture Global, Inc.",0,,0,
VGAS,"Verde Clean Fuels, Inc.",0,,0,
VGASW,"Verde Clean Fuels, Inc.",0,,0,
VGI,Virtus Global Multi-Sector Income Fund,0,,0,
VGM,Invesco Trust for Investment Grade Municipals,0,,0,
VGNT,Versigent PLC,0,,0,
VGZ,VISTA GOLD CORP,0,,0,
VHC,VirnetX Holding Corp,0,,0,
VHCP,Vine Hill Capital Investment Corp. II,0,,0,
VHCPU,Vine Hill Capital Investment Corp. II,0,,0,
VHCPW,Vine Hill Capital Investment Corp. II,0,,0,
VHI,VALHI INC /DE/,0,,0,
VHUB,"VenHub Global, Inc.",0,,0,
VIA,"Via Transportation, Inc.",0,,0,
VIASP,"Via Renewables, Inc.",0,,0,
VIAV,VIAVI SOLUTIONS INC.,0,,0,
VICI,VICI PROPERTIES INC.,0,,0,
VICR,VICOR CORP,0,,0,
VIDA,VIDA Global Inc.,0,,0,
VIK,Viking Holdings Ltd,0,,0,
VINP,Vinci Compass Investments Ltd.,0,,0,
VIOT,"Viomi Technology Co., Ltd",0,,0,
VIPS,Vipshop Holdings Ltd,0,,0,
VIR,"Vir Biotechnology, Inc.",0,,0,
VIRC,VIRCO MFG CORPORATION,0,,0,
VIRT,"Virtu Financial, Inc.",0,,0,
VISN,"Vistance Networks, Inc.",0,,0,
VIST,"Vista Energy, S.A.B. de C.V.",0,,0,
VITL,"Vital Farms, Inc.",0,,0,
VIV,TELEFONICA BRASIL S.A.,0,,0,
VIVK,"Vivakor, Inc.",0,,0,
VIVO,VivoPower PLC,0,,0,
VIVS,"VivoSim Labs, INC.",0,,0,
VKI,Invesco Advantage Municipal Income Trust II,0,,0,
VKQ,Invesco Municipal Trust,0,,0,
VKTX,"Viking Therapeutics, Inc.",0,,0,
VLGEA,VILLAGE SUPER MARKET INC,0,,0,
VLN,Valens Semiconductor Ltd.,0,,0,
VLN.WT,Valens Semiconductor Ltd.,0,,0,
VLO,VALERO ENERGY CORP/TX,0,,0,
VLRS,"Controladora Vuela Compania de Aviacion, S.A.B. de C.V.",0,,0,
VLT,Invesco High Income Trust II,0,,0,
VLTO,Veralto Corp,0,,0,
VLY,VALLEY NATIONAL BANCORP,0,,0,
VLYPN,VALLEY NATIONAL BANCORP,0,,0,
VLYPO,VALLEY NATIONAL BANCORP,0,,0,
VLYPP,VALLEY NATIONAL BANCORP,0,,0,
VMAR,Vision Marine Technologies Inc.,0,,0,
VMC,Vulcan Materials CO,0,,0,
VMD,"VIEMED HEALTHCARE, INC.",0,,0,
VMET,Versamet Royalties Corp,0,,0,
VMI,VALMONT INDUSTRIES INC,0,,0,
VMO,Invesco Municipal Opportunity Trust,0,,0,
VNCE,VINCE HOLDING CORP.,0,,0,
VNDA,Vanda Pharmaceuticals Inc.,0,,0,
VNET,"VNET Group, Inc.",0,,0,
VNME,Vendome Acquisition Corp I,0,,0,
VNMEU,Vendome Acquisition Corp I,0,,0,
VNMEW,Vendome Acquisition Corp I,0,,0,
VNO,VORNADO REALTY TRUST,0,,0,
VNO.PL,VORNADO REALTY TRUST,0,,0,
VNO.PM,VORNADO REALTY TRUST,0,,0,
VNO.PN,VORNADO REALTY TRUST,0,,0,
VNO.PO,VORNADO REALTY TRUST,0,,0,
VNOM,"Viper Energy, Inc.",0,,0,
VNRX,VOLITIONRX LTD,0,,0,
VNT,Vontier Corp,0,,0,
VNTG,Vantage Corp (Singapore),0,,0,
VOC,VOC Energy Trust,0,,0,
VOD,VODAFONE GROUP PUBLIC LTD CO,0,,0,
VOR,Vor Biopharma Inc.,0,,0,
VOXR,VOX ROYALTY CORP.,0,,0,
VOYA,"Voya Financial, Inc.",0,,0,
VOYA.PB,"Voya Financial, Inc.",0,,0,
VOYG,"Voyager Technologies, Inc./DE",0,,0,
VPG,"Vishay Precision Group, Inc.",0,,0,
VPV,Invesco Pennsylvania Value Municipal Income Trust,0,,0,
VRA,"Vera Bradley, Inc.",0,,0,
VRAX,Virax Biolabs Group Ltd,0,,0,
VRCA,Verrica Pharmaceuticals Inc.,0,,0,
VRDN,"Viridian Therapeutics, Inc.DE",0,,0,
VREX,Varex Imaging Corp,0,,0,
VRM,"Vroom, Inc.",0,,0,
VRME,"VerifyMe, Inc.",1,2026-01-05,0,
VRNS,VARONIS SYSTEMS INC,0,,0,
VRRM,VERRA MOBILITY Corp,0,,0,
VRSK,"Verisk Analytics, Inc.",0,,0,
VRSN,VERISIGN INC/CA,0,,0,
VRT,Vertiv Holdings Co,0,,0,
VRTS,"VIRTUS INVESTMENT PARTNERS, INC.",0,,0,
VRTX,VERTEX PHARMACEUTICALS INC / MA,0,,0,
VRXA,Veraxa Biotech Holding AG,0,,0,
VRXAW,Veraxa Biotech Holding AG,0,,0,
VS,Versus Systems Inc.,0,,0,
VSA,VisionSys AI Inc,0,,0,
VSAT,VIASAT INC,0,,0,
VSEC,VSE CORP,0,,0,
VSECU,VSE CORP,0,,0,
VSEE,"VSEE HEALTH, INC.",0,,0,
VSEEW,"VSEE HEALTH, INC.",0,,0,
VSH,VISHAY INTERTECHNOLOGY INC,0,,0,
VSME,VS MEDIA Holdings Ltd,0,,0,
VSNT,"Versant Media Group, Inc.",0,,0,
VST,Vistra Corp.,0,,0,
VSTD,Vestand Inc.,0,,0,
VSTM,"Verastem, Inc.",0,,0,
VSTS,Vestis Corp,0,,0,
VSXY,Victoria's Secret & Co.,0,,0,
VTAK,"Catheter Precision, Inc.",0,,0,
VTEX,VTEX,0,,0,
VTGN,"Vistagen Therapeutics, Inc.",0,,0,
VTIX,Virtuix Holdings Inc.,0,,0,
VTMX,"Vesta Real Estate Corporation, S.A.B. de C.V.",0,,0,
VTN,Invesco Trust for Investment Grade New York Municipals,0,,0,
VTOL,Bristow Group Inc.,0,,0,
VTR,"Ventas, Inc.",0,,0,
VTRS,Viatris Inc,0,,0,
VTS,"Vitesse Energy, Inc.",0,,0,
VTSI,"VirTra, Inc",0,,0,
VTVT,vTv Therapeutics Inc.,0,,0,
VUZI,Vuzix Corp,0,,0,
VVOS,"Vivos Therapeutics, Inc.",0,,0,
VVR,Invesco Senior Income Trust,0,,0,
VVV,VALVOLINE INC,0,,0,
VVX,"V2X, Inc.",0,,0,
VWAV,"VisionWave Holdings, Inc.",0,,0,
VWAVW,"VisionWave Holdings, Inc.",0,,0,
VYGR,"Voyager Therapeutics, Inc.",0,,0,
VYLD,JPMORGAN CHASE & CO,0,,0,
VYNE,VYNE Therapeutics Inc.,1,2025-12-17,0,
VYX,NCR Voyix Corp,0,,0,
VZ,VERIZON COMMUNICATIONS INC,0,,0,
VZLA,Vizsla Silver Corp.,0,,0,
W,Wayfair Inc.,0,,0,
WAB,WESTINGHOUSE AIR BRAKE TECHNOLOGIES CORP,0,,0,
WABC,WESTAMERICA BANCORPORATION,0,,0,
WAFD,WAFD INC,0,,0,
WAFDP,WAFD INC,0,,0,
WAFU,Wah Fu Education Group Ltd,0,,0,
WAI,Top KingWin Ltd,0,,0,
WAL,WESTERN ALLIANCE BANCORPORATION,0,,0,
WAL.PA,WESTERN ALLIANCE BANCORPORATION,0,,0,
WALD,Waldencast plc,0,,0,
WALDW,Waldencast plc,0,,0,
WASH,WASHINGTON TRUST BANCORP INC,0,,0,
WAT,WATERS CORP /DE/,0,,0,
WATT,Energous Corp,0,,0,
WAVE,Eco Wave Power Global AB (publ),0,,0,
WAY,Waystar Holding Corp.,0,,0,
WB,WEIBO Corp,0,,0,
WBD,"Warner Bros. Discovery, Inc.",1,2025-12-02,0,
WBI,WaterBridge Infrastructure LLC,0,,0,
WBS,WEBSTER FINANCIAL CORP,1,2026-02-03,0,
WBS.PF,WEBSTER FINANCIAL CORP,0,,0,
WBS.PG,WEBSTER FINANCIAL CORP,0,,0,
WBTN,WEBTOON Entertainment Inc.,0,,0,
WBUY,WEBUY GLOBAL LTD,0,,0,
WBX,Wallbox N.V.,0,,0,
WCC,WESCO INTERNATIONAL INC,0,,0,
WCN,"Waste Connections, Inc.",0,,0,
WCT,Wellchange Holdings Co Ltd,0,,0,
WD,"Walker & Dunlop, Inc.",0,,0,
WDAY,"Workday, Inc.",0,,0,
WDC,WESTERN DIGITAL CORP,0,,0,
WDFC,WD 40 CO,0,,0,
WDH,Waterdrop Inc.,0,,0,
WDI,Western Asset Diversified Income Fund (WDI),0,,0,
WDS,WOODSIDE ENERGY GROUP LTD,0,,0,
WEA,WESTERN ASSET PREMIER BOND FUND,0,,0,
WEAT,Teucrium Commodity Trust,0,,0,
WEAV,"Weave Communications, Inc.",0,,0,
WEC,"WEC ENERGY GROUP, INC.",0,,0,
WELL,WELLTOWER INC.,0,,0,
WEN,Wendy's Co,0,,0,
WENC,West Enclave Merger Corp.,0,,0,
WENC.RI,West Enclave Merger Corp.,0,,0,
WENC.UN,West Enclave Merger Corp.,0,,0,
WENN,WEN Acquisition Corp,0,,0,
WENNU,WEN Acquisition Corp,0,,0,
WENNW,WEN Acquisition Corp,0,,0,
WERN,WERNER ENTERPRISES INC,0,,0,
WES,"Western Midstream Partners, LP",0,,0,
WEST,Westrock Coffee Co,0,,0,
WETH,Wetouch Technology Inc.,0,,0,
WETO,Wetour Robotics Ltd,0,,0,
WEX,WEX Inc.,0,,0,
WEYS,WEYCO GROUP INC,0,,0,
WF,WOORI FINANCIAL GROUP INC.,0,,0,
WFC,WELLS FARGO & COMPANY/MN,0,,0,
WFC.PA,WELLS FARGO & COMPANY/MN,0,,0,
WFC.PC,WELLS FARGO & COMPANY/MN,0,,0,
WFC.PD,WELLS FARGO & COMPANY/MN,0,,0,
WFC.PL,WELLS FARGO & COMPANY/MN,0,,0,
WFC.PY,WELLS FARGO & COMPANY/MN,0,,0,
WFC.PZ,WELLS FARGO & COMPANY/MN,0,,0,
WFCF,"Where Food Comes From, Inc.",0,,0,
WFF,WF Holding Ltd,0,,0,
WFG,"WEST FRASER TIMBER CO., LTD",0,,0,
WFRD,Weatherford International plc,0,,1,2026-06-01
WGO,WINNEBAGO INDUSTRIES INC,0,,0,
WGRX,"Wellgistics Health, Inc.",0,,0,
WGS,GeneDx Holdings Corp.,0,,0,
WGSWW,GeneDx Holdings Corp.,0,,0,
WH,"WYNDHAM HOTELS & RESORTS, INC.",0,,0,
WHD,"Cactus, Inc.",0,,0,
WHF,"WhiteHorse Finance, Inc.",0,,0,
WHFCL,"WhiteHorse Finance, Inc.",0,,0,
WHG,WESTWOOD HOLDINGS GROUP INC,0,,0,
WHK,WhiteHawk Minerals Corp.,0,,0,
WHLR,"Wheeler Real Estate Investment Trust, Inc.",0,,0,
WHLRD,"Wheeler Real Estate Investment Trust, Inc.",0,,0,
WHLRL,"Wheeler Real Estate Investment Trust, Inc.",0,,0,
WHLRP,"Wheeler Real Estate Investment Trust, Inc.",0,,0,
WHR,WHIRLPOOL CORP /DE/,0,,0,
WHR.PA,WHIRLPOOL CORP /DE/,0,,0,
WHWK,"Whitehawk Therapeutics, Inc.",0,,0,
WIA,WESTERN ASSET INFLATION-LINKED INCOME FUND,0,,0,
WILC,G WILLI FOOD INTERNATIONAL LTD,0,,0,
WIMI,WiMi Hologram Cloud Inc.,0,,0,
WINA,WINMARK CORP,0,,0,
WING,Wingstop Inc.,0,,0,
WIT,WIPRO LTD,0,,0,
WIW,WESTERN ASSET INFLATION-LINKED OPPORTUNITIES & INCOME FUND,0,,0,
WIX,Wix.com Ltd.,0,,0,
WK,WORKIVA INC,0,,0,
WKC,WORLD KINECT CORP,0,,0,
WKEY,Wisekey International Holding S.A.,0,,0,
WKHS,Workhorse Group Inc.,1,2025-08-15,0,
WKSP,Worksport Ltd,0,,0,
WLDN,"Willdan Group, Inc.",0,,0,
WLDS,Wearable Devices Ltd.,0,,0,
WLDSW,Wearable Devices Ltd.,0,,0,
WLFC,WILLIS LEASE FINANCE CORP,0,,0,
WLII,Willow Lane Acquisition Corp. II,0,,0,
WLIIU,Willow Lane Acquisition Corp. II,0,,0,
WLIIW,Willow Lane Acquisition Corp. II,0,,0,
WLK,WESTLAKE CORP,0,,0,
WLKP,Westlake Chemical Partners LP,0,,0,
WLTH,WEALTHFRONT CORP,0,,0,
WLY,"JOHN WILEY & SONS, INC.",0,,0,
WLYB,"JOHN WILEY & SONS, INC.",0,,0,
WM,WASTE MANAGEMENT INC,0,,0,
WMB,"WILLIAMS COMPANIES, INC.",0,,0,
WMG,Warner Music Group Corp.,0,,0,
WMK,WEIS MARKETS INC,0,,0,
WMS,"ADVANCED DRAINAGE SYSTEMS, INC.",0,,0,
WMT,Walmart Inc.,0,,0,
WNC,WABASH NATIONAL Corp,0,,0,
WNEB,"Western New England Bancorp, Inc.",0,,0,
WNW,Meiwu Technology Co Ltd,0,,0,
WOK,WORK Medical Technology Group LTD,0,,0,
WOLF,"WOLFSPEED, INC.",0,,0,
WOOF,"Petco Health & Wellness Company, Inc.",0,,0,
WOR,"WORTHINGTON ENTERPRISES, INC.",0,,0,
WPAC,White Pearl Acquisition Corp.,0,,0,
WPAC.RI,White Pearl Acquisition Corp.,0,,0,
WPAC.UN,White Pearl Acquisition Corp.,0,,0,
WPC,W. P. Carey Inc.,0,,0,
WPM,Wheaton Precious Metals Corp.,0,,0,
WPP,WPP plc,0,,0,
WPRT,WESTPORT FUEL SYSTEMS INC.,0,,0,
WRAP,"WRAP TECHNOLOGIES, INC.",0,,0,
WRB,BERKLEY W R CORP,0,,0,
WRB.PE,BERKLEY W R CORP,0,,0,
WRB.PF,BERKLEY W R CORP,0,,0,
WRB.PG,BERKLEY W R CORP,0,,0,
WRB.PH,BERKLEY W R CORP,0,,0,
WRBY,Warby Parker Inc.,0,,0,
WRD,WeRide Inc.,0,,0,
WRLD,WORLD ACCEPTANCE CORP,0,,0,
WRN,Western Copper & Gold Corp,0,,0,
WS,"Worthington Steel, Inc.",0,,0,
WSBC,WESBANCO INC,0,,0,
WSBCO,WESBANCO INC,0,,0,
WSBF,"Waterstone Financial, Inc.",0,,0,
WSBK,"Winchester Bancorp, Inc./MD/",0,,0,
WSC,WillScot Holdings Corp,0,,0,
WSE,Wise Group plc,0,,0,
WSFS,WSFS FINANCIAL CORP,0,,0,
WSHP,WeShop Holdings Ltd,0,,0,
WSM,WILLIAMS SONOMA INC,0,,0,
WSO,WATSCO INC,0,,0,
WSO.B,WATSCO INC,0,,0,
WSR,Whitestone REIT,2,2025-11-04,0,
WST,WEST PHARMACEUTICAL SERVICES INC,0,,0,
WSTN,Westin Acquisition Corp,0,,0,
WSTNR,Westin Acquisition Corp,0,,0,
WSTNU,Westin Acquisition Corp,0,,0,
WT,"WisdomTree, Inc.",0,,0,
WTBA,WEST BANCORPORATION INC,0,,0,
WTF,Waton Financial Ltd,0,,0,
WTFC,WINTRUST FINANCIAL CORP,0,,0,
WTFCN,WINTRUST FINANCIAL CORP,0,,0,
WTG,Wintergreen Acquisition Corp.,0,,0,
WTGUR,Wintergreen Acquisition Corp.,0,,0,
WTGUU,Wintergreen Acquisition Corp.,0,,0,
WTI,W&T OFFSHORE INC,0,,0,
WTID,BANK OF MONTREAL /CAN/,0,,0,
WTIU,BANK OF MONTREAL /CAN/,0,,0,
WTM,WHITE MOUNTAINS INSURANCE GROUP LTD,0,,0,
WTO,UTime Ltd,0,,0,
WTRG,"Essential Utilities, Inc.",1,2025-10-27,0,
WTS,WATTS WATER TECHNOLOGIES INC,0,,0,
WTTR,"Select Water Solutions, Inc.",0,,0,
WTW,WILLIS TOWERS WATSON PLC,0,,0,
WU,Western Union CO,0,,1,2025-08-10
WULF,TERAWULF INC.,0,,0,
WVE,Wave Life Sciences Ltd.,0,,0,
WVVI,WILLAMETTE VALLEY VINEYARDS INC,0,,0,
WVVIP,WILLAMETTE VALLEY VINEYARDS INC,0,,0,
WW,"WW INTERNATIONAL, INC.",0,,0,
WWD,"Woodward, Inc.",0,,0,
WWR,"WESTWATER RESOURCES, INC.",0,,0,
WWW,WOLVERINE WORLD WIDE INC /DE/,0,,0,
WXM,WF International Ltd.,0,,0,
WY,WEYERHAEUSER CO,0,,0,
WYFI,"WhiteFiber, Inc.",0,,0,
WYHG,Wing Yip Food Holdings Group Ltd,0,,0,
WYNN,WYNN RESORTS LTD,0,,0,
WYY,WIDEPOINT CORP,0,,0,
XAIR,"Beyond Air, Inc.",0,,0,
XBIO,"Xenetic Biosciences, Inc.",0,,0,
XBIT,XBiotech Inc.,0,,0,
XBP,"XBP Global Holdings, Inc.",0,,0,
XBPEW,"XBP Global Holdings, Inc.",0,,0,
XCBE,X3 Acquisition Corp. Ltd.,0,,0,
XCBEU,X3 Acquisition Corp. Ltd.,0,,0,
XCBEW,X3 Acquisition Corp. Ltd.,0,,0,
XCH,XCHG Ltd,0,,0,
XCUR,"EXICURE, INC.",1,2025-12-26,0,
XE,"X-Energy, Inc.",0,,0,
XEL,XCEL ENERGY INC,0,,0,
XELB,"XCel Brands, Inc.",0,,0,
XELLL,XCEL ENERGY INC,0,,0,
XENE,Xenon Pharmaceuticals Inc.,0,,0,
XERS,"Xeris Biopharma Holdings, Inc.",0,,0,
XFLH,XFLH Capital Corp,0,,0,
XFLH.RI,XFLH Capital Corp,0,,0,
XFLH.UN,XFLH Capital Corp,0,,0,
XFLT,XAI Octagon Floating Rate & Alternative Income Trust,0,,0,
XFOR,"X4 Pharmaceuticals, Inc",0,,0,
XGN,EXAGEN INC.,0,,0,
XHG,XChange TEC.INC,0,,0,
XHLD,"TEN Holdings, Inc.",0,,0,
XHR,"Xenia Hotels & Resorts, Inc.",0,,0,
XIFR,"XPLR Infrastructure, LP",0,,0,
XLO,"Xilio Therapeutics, Inc.",0,,0,
XMAX,XMax Inc.,0,,0,
XMTR,"Xometry, Inc.",0,,0,
XNCR,Xencor Inc,0,,0,
XNDU,Xanadu Quantum Technologies Ltd,0,,0,
XNET,Xunlei Ltd,0,,0,
XOM,EXXON MOBIL CORP,0,,0,
XOMA,XOMA Royalty Corp,1,2026-04-27,0,
XOMAO,XOMA Royalty Corp,0,,0,
XOMAP,XOMA Royalty Corp,0,,0,
XOS,"Xos, Inc.",0,,0,
XOSWW,"Xos, Inc.",0,,0,
XP,XP Inc.,0,,0,
XPEL,"XPEL, Inc.",0,,0,
XPER,Xperi Inc.,0,,0,
XPEV,XPENG INC.,0,,0,
XPL,SOLITARIO RESOURCES CORP.,0,,0,
XPO,"XPO, Inc.",0,,0,
XPOF,"Xponential Fitness, Inc.",0,,0,
XPON,Expion360 Inc.,0,,0,
XPRO,EXPRO GROUP HOLDINGS N.V.,0,,0,
XRAY,DENTSPLY SIRONA Inc.,0,,0,
XRN,Chiron Real Estate Inc.,0,,0,
XRN.PA,Chiron Real Estate Inc.,0,,0,
XRN.PB,Chiron Real Estate Inc.,0,,0,
XRP,Bitwise XRP ETF,0,,0,
XRPN,Armada Acquisition Corp. II,1,2025-10-20,0,
XRPNU,Armada Acquisition Corp. II,0,,0,
XRPNW,Armada Acquisition Corp. II,0,,0,
XRPZ,Franklin XRP Trust,0,,0,
XRTX,XORTX Therapeutics Inc.,0,,0,
XRX,Xerox Holdings Corp,0,,0,
XRXDW,Xerox Holdings Corp,0,,0,
XSLL,Xsolla SPAC 1,0,,0,
XSLLU,Xsolla SPAC 1,0,,0,
XSLLW,Xsolla SPAC 1,0,,0,
XTIA,"XTI Aerospace, Inc.",0,,0,
XTLB,XTL BIOPHARMACEUTICALS LTD,0,,0,
XTNT,"Xtant Medical Holdings, Inc.",0,,0,
XWEL,"XWELL, Inc.",0,,0,
XXI,"Twenty One Capital, Inc.",1,2026-05-19,0,
XXII,"22nd Century Group, Inc.",0,,0,
XYF,X Financial,0,,0,
XYL,Xylem Inc.,0,,0,
XYZ,"Block, Inc.",0,,0,
XZO,"Exzeo Group, Inc.",0,,0,
YAAS,Youxin Technology Ltd,0,,0,
YALA,Yalla Group Ltd,0,,0,
YB,Yuanbao Inc.,0,,0,
YCBD,"cbdMD, Inc.",0,,0,
YCL,ProShares Trust II,0,,0,
YCS,ProShares Trust II,0,,0,
YCY,AA Mission Acquisition Corp. II,0,,0,
YCY.UN,AA Mission Acquisition Corp. II,0,,0,
YCY.WT,AA Mission Acquisition Corp. II,0,,0,
YDDL,One & one Green Technologies. INC,0,,0,
YDES,YD Bio Ltd,0,,0,
YDESW,YD Bio Ltd,0,,0,
YDKG,Yueda Digital Holding,0,,0,
YELP,YELP INC,0,,0,
YETI,"YETI Holdings, Inc.",0,,0,
YEXT,"Yext, Inc.",0,,0,
YHC,LQR House Inc.,0,,0,
YHGJ,YUNHONG GREEN CTI LTD.,0,,0,
YHNA,YHN Acquisition I Ltd,0,,0,
YHNAR,YHN Acquisition I Ltd,0,,0,
YHNAU,YHN Acquisition I Ltd,0,,0,
YI,"111, Inc.",0,,0,
YIBO,Planet Image International Ltd,0,,0,
YJ,Yunji Inc.,0,,0,
YMAT,"J-Star Holding Co., Ltd.",0,,0,
YMM,Full Truck Alliance Co. Ltd.,0,,0,
YMT,Yimutian Inc.,0,,0,
YOOV,Concorde International Group Ltd.,0,,0,
YORW,YORK WATER CO,0,,0,
YOU,"Clear Secure, Inc.",0,,0,
YOUL,Youlife Group Inc.,0,,0,
YPF,YPF SOCIEDAD ANONIMA,0,,0,
YQ,17 Education & Technology Group Inc.,0,,0,
YRD,Yiren Digital Ltd.,0,,0,
YSG,Yatsen Holding Ltd,0,,0,
YSS,York Space Systems Inc.,0,,0,
YSWY,"Yesway, Inc.",0,,0,
YSXT,"YSX Tech Co., Ltd",0,,0,
YTRA,"Yatra Online, Inc.",0,,0,
YUM,YUM BRANDS INC,0,,0,
YUMC,"Yum China Holdings, Inc.",0,,0,
YXT,YXT.COM GROUP HOLDING Ltd,0,,0,
YYAI,AIRWA INC.,0,,0,
YYGH,YY Group Holding Ltd.,0,,0,
Z,"ZILLOW GROUP, INC.",0,,0,
ZBAO,Zhibao Technology Inc.,0,,0,
ZBH,"ZIMMER BIOMET HOLDINGS, INC.",0,,0,
ZBIO,"Zenas BioPharma, Inc.",0,,0,
ZBRA,ZEBRA TECHNOLOGIES CORP,0,,0,
ZCMD,Zhongchao Inc.,0,,0,
ZD,"ZIFF DAVIS, INC.",0,,0,
ZDAI,"DirectBooking Technology Co., Ltd.",0,,0,
ZDGE,"Zedge, Inc.",0,,0,
ZENA,"ZenaTech, Inc.",0,,0,
ZEO,Zeo Energy Corp.,0,,0,
ZEOWW,Zeo Energy Corp.,0,,0,
ZEPP,Zepp Health Corp,0,,0,
ZETA,Zeta Global Holdings Corp.,0,,0,
ZG,"ZILLOW GROUP, INC.",0,,0,
ZGN,Ermenegildo Zegna N.V.,0,,0,
ZH,Zhihu Inc.,0,,0,
ZIM,ZIM Integrated Shipping Services Ltd.,0,,0,
ZION,"ZIONS BANCORPORATION, NATIONAL ASSOCIATION /UT/",0,,0,
ZIONP,"ZIONS BANCORPORATION, NATIONAL ASSOCIATION /UT/",0,,0,
ZIP,"ZIPRECRUITER, INC.",0,,0,
ZJK,"ZJK Industrial Co., Ltd.",0,,0,
ZJYL,Jin Medical International Ltd.,0,,0,
ZKH,ZKH Group Ltd,0,,0,
ZKIN,"ZK International Group Co., Ltd.",0,,0,
ZKP,Lafayette Digital Acquisition Corp. I,0,,0,
ZKPU,Lafayette Digital Acquisition Corp. I,0,,0,
ZKPW,Lafayette Digital Acquisition Corp. I,0,,0,
ZLAB,Zai Lab Ltd,0,,0,
ZM,"Zoom Communications, Inc.",0,,0,
ZNB,Zeta Network Group,0,,0,
ZNTL,"Zentalis Pharmaceuticals, Inc.",0,,0,
ZONE,"CleanCore Solutions, Inc.",0,,0,
ZOOZ,ZOOZ Strategy Ltd.,0,,0,
ZOOZW,ZOOZ Strategy Ltd.,0,,0,
ZS,"Zscaler, Inc.",0,,0,
ZSL,ProShares Trust II,0,,0,
ZSQR,Z Squared Inc.,0,,0,
ZSTK,ZeroStack Corp.,0,,0,
ZTEK,Zentek Ltd.,0,,0,
ZTG,Zenta Group Co Ltd,0,,0,
ZTO,ZTO Express (Cayman) Inc.,0,,0,
ZTR,Virtus Total Return Fund Inc.,0,,0,
ZTS,Zoetis Inc.,0,,0,
ZUMZ,Zumiez Inc,0,,0,
ZURA,Zura Bio Ltd,0,,0,
ZVIA,Zevia PBC,0,,0,
ZVRA,"ZEVRA THERAPEUTICS, INC.",0,,0,
ZWS,Zurn Elkay Water Solutions Corp,0,,0,
ZYBT,Zhengye Biotechnology Holding Ltd,0,,0,
ZYME,Zymeworks Inc.,0,,0,
