ticker,as_of_date,next_target_announcement_date,label_target_within_6m,next_acquirer_announcement_date,label_acquirer_within_6m
A,2026-01-31,,0,,0
A,2026-02-28,,0,,0
AA,2026-01-31,,0,,0
AA,2026-02-28,,0,,0
AACB,2026-01-31,,0,,0
AACB,2026-02-28,,0,,0
AACBR,2026-01-31,,0,,0
AACBR,2026-02-28,,0,,0
AACBU,2026-01-31,,0,,0
AACBU,2026-02-28,,0,,0
AACG,2026-01-31,,0,,0
AACG,2026-02-28,,0,,0
AACI,2026-01-31,,0,,0
AACI,2026-02-28,,0,,0
AACIU,2026-01-31,,0,,0
AACIU,2026-02-28,,0,,0
AACIW,2026-01-31,,0,,0
AACIW,2026-02-28,,0,,0
AACO,2026-01-31,,0,,0
AACO,2026-02-28,,0,,0
AACOU,2026-01-31,,0,,0
AACOU,2026-02-28,,0,,0
AACOW,2026-01-31,,0,,0
AACOW,2026-02-28,,0,,0
AACP,2026-01-31,,0,,0
AACP,2026-02-28,,0,,0
AACPR,2026-01-31,,0,,0
AACPR,2026-02-28,,0,,0
AACPU,2026-01-31,,0,,0
AACPU,2026-02-28,,0,,0
AACPW,2026-01-31,,0,,0
AACPW,2026-02-28,,0,,0
AADX,2026-01-31,,0,,0
AADX,2026-02-28,,0,,0
AAL,2026-01-31,,0,,0
AAL,2026-02-28,,0,,0
AAME,2026-01-31,,0,,0
AAME,2026-02-28,,0,,0
AAMI,2026-01-31,,0,,0
AAMI,2026-02-28,,0,,0
AAOI,2026-01-31,,0,,0
AAOI,2026-02-28,,0,,0
AAON,2026-01-31,,0,,0
AAON,2026-02-28,,0,,0
AAP,2026-01-31,,0,,0
AAP,2026-02-28,,0,,0
AAPG,2026-01-31,,0,,0
AAPG,2026-02-28,,0,,0
AAPL,2026-01-31,,0,,0
AAPL,2026-02-28,,0,,0
AARD,2026-01-31,,0,,0
AARD,2026-02-28,,0,,0
AAT,2026-01-31,,0,,0
AAT,2026-02-28,,0,,0
AAUC,2026-01-31,,0,,0
AAUC,2026-02-28,,0,,0
AB,2026-01-31,,0,,0
AB,2026-02-28,,0,,0
ABAT,2026-01-31,,0,,0
ABAT,2026-02-28,,0,,0
ABBV,2026-01-31,,0,,0
ABBV,2026-02-28,,0,,0
ABCB,2026-01-31,,0,,0
ABCB,2026-02-28,,0,,0
ABCL,2026-01-31,,0,,0
ABCL,2026-02-28,,0,,0
ABEO,2026-01-31,,0,,0
ABEO,2026-02-28,,0,,0
ABEV,2026-01-31,,0,,0
ABEV,2026-02-28,,0,,0
ABG,2026-01-31,,0,,0
ABG,2026-02-28,,0,,0
ABLV,2026-01-31,,0,,0
ABLV,2026-02-28,,0,,0
ABLVW,2026-01-31,,0,,0
ABLVW,2026-02-28,,0,,0
ABM,2026-01-31,,0,,0
ABM,2026-02-28,,0,,0
ABNB,2026-01-31,,0,,0
ABNB,2026-02-28,,0,,0
ABOS,2026-01-31,,0,,0
ABOS,2026-02-28,,0,,0
ABR,2026-01-31,,0,,0
ABR,2026-02-28,,0,,0
ABR.PD,2026-01-31,,0,,0
ABR.PD,2026-02-28,,0,,0
ABR.PE,2026-01-31,,0,,0
ABR.PE,2026-02-28,,0,,0
ABR.PF,2026-01-31,,0,,0
ABR.PF,2026-02-28,,0,,0
ABSI,2026-01-31,,0,,0
ABSI,2026-02-28,,0,,0
ABT,2026-01-31,,0,,0
ABT,2026-02-28,,0,,0
ABTC,2026-01-31,,0,,0
ABTC,2026-02-28,,0,,0
ABTS,2026-01-31,,0,,0
ABTS,2026-02-28,,0,,0
ABUS,2026-01-31,,0,,0
ABUS,2026-02-28,,0,,0
ABVC,2026-01-31,,0,,0
ABVC,2026-02-28,,0,,0
ABVE,2026-01-31,,0,,0
ABVE,2026-02-28,,0,,0
ABVX,2026-01-31,,0,,0
ABVX,2026-02-28,,0,,0
ABX,2026-01-31,,0,,0
ABX,2026-02-28,,0,,0
ABXL,2026-01-31,,0,,0
ABXL,2026-02-28,,0,,0
ACA,2026-01-31,,0,,0
ACA,2026-02-28,,0,,0
ACAA,2026-01-31,,0,,0
ACAA,2026-02-28,,0,,0
ACAAU,2026-01-31,,0,,0
ACAAU,2026-02-28,,0,,0
ACAAW,2026-01-31,,0,,0
ACAAW,2026-02-28,,0,,0
ACAD,2026-01-31,,0,,0
ACAD,2026-02-28,,0,,0
ACB,2026-01-31,,0,,0
ACB,2026-02-28,,0,,0
ACCL,2026-01-31,,0,,0
ACCL,2026-02-28,,0,,0
ACCO,2026-01-31,,0,,0
ACCO,2026-02-28,,0,,0
ACCS,2026-01-31,,0,,0
ACCS,2026-02-28,,0,,0
ACDC,2026-01-31,,0,,0
ACDC,2026-02-28,,0,,0
ACEL,2026-01-31,,0,,0
ACEL,2026-02-28,,0,,0
ACET,2026-01-31,,0,,0
ACET,2026-02-28,,0,,0
ACFN,2026-01-31,,0,,0
ACFN,2026-02-28,,0,,0
ACGC,2026-01-31,,0,,0
ACGC,2026-02-28,,0,,0
ACGCU,2026-01-31,,0,,0
ACGCU,2026-02-28,,0,,0
ACGCW,2026-01-31,,0,,0
ACGCW,2026-02-28,,0,,0
ACGL,2026-01-31,,0,,0
ACGL,2026-02-28,,0,,0
ACGLN,2026-01-31,,0,,0
ACGLN,2026-02-28,,0,,0
ACGLO,2026-01-31,,0,,0
ACGLO,2026-02-28,,0,,0
ACH,2026-01-31,,0,,0
ACH,2026-02-28,,0,,0
ACHC,2026-01-31,,0,,0
ACHC,2026-02-28,,0,,0
ACHR,2026-01-31,,0,,0
ACHR,2026-02-28,,0,,0
ACHR.WT,2026-01-31,,0,,0
ACHR.WT,2026-02-28,,0,,0
ACHV,2026-01-31,,0,,0
ACHV,2026-02-28,,0,,0
ACI,2026-01-31,,0,,0
ACI,2026-02-28,,0,,0
ACIC,2026-01-31,,0,,0
ACIC,2026-02-28,,0,,0
ACIU,2026-01-31,,0,,0
ACIU,2026-02-28,,0,,0
ACIW,2026-01-31,,0,,0
ACIW,2026-02-28,,0,,0
ACLS,2026-01-31,,0,,0
ACLS,2026-02-28,,0,,0
ACM,2026-01-31,,0,,0
ACM,2026-02-28,,0,,0
ACMR,2026-01-31,,0,,0
ACMR,2026-02-28,,0,,0
ACN,2026-01-31,,0,,0
ACN,2026-02-28,,0,,0
ACNB,2026-01-31,,0,,0
ACNB,2026-02-28,,0,,0
ACNT,2026-01-31,,0,,0
ACNT,2026-02-28,,0,,0
ACOG,2026-01-31,,0,,0
ACOG,2026-02-28,,0,,0
ACON,2026-01-31,,0,,0
ACON,2026-02-28,,0,,0
ACONW,2026-01-31,,0,,0
ACONW,2026-02-28,,0,,0
ACP,2026-01-31,,0,,0
ACP,2026-02-28,,0,,0
ACP.PA,2026-01-31,,0,,0
ACP.PA,2026-02-28,,0,,0
ACR,2026-01-31,,0,,0
ACR,2026-02-28,,0,,0
ACR.PC,2026-01-31,,0,,0
ACR.PC,2026-02-28,,0,,0
ACR.PD,2026-01-31,,0,,0
ACR.PD,2026-02-28,,0,,0
ACRE,2026-01-31,,0,,0
ACRE,2026-02-28,,0,,0
ACRS,2026-01-31,,0,,0
ACRS,2026-02-28,,0,,0
ACRV,2026-01-31,,0,,0
ACRV,2026-02-28,,0,,0
ACT,2026-01-31,,0,,0
ACT,2026-02-28,,0,,0
ACTG,2026-01-31,,0,,0
ACTG,2026-02-28,,0,,0
ACTU,2026-01-31,,0,,0
ACTU,2026-02-28,,0,,0
ACU,2026-01-31,,0,,0
ACU,2026-02-28,,0,,0
ACV,2026-01-31,,0,,0
ACV,2026-02-28,,0,,0
ACVA,2026-01-31,,0,,0
ACVA,2026-02-28,,0,,0
ACXP,2026-01-31,,0,,0
ACXP,2026-02-28,,0,,0
AD,2026-01-31,2026-05-08,1,,0
AD,2026-02-28,2026-05-08,1,,0
ADAC,2026-01-31,,0,,0
ADAC,2026-02-28,,0,,0
ADACU,2026-01-31,,0,,0
ADACU,2026-02-28,,0,,0
ADACW,2026-01-31,,0,,0
ADACW,2026-02-28,,0,,0
ADAG,2026-01-31,,0,,0
ADAG,2026-02-28,,0,,0
ADAM,2026-01-31,,0,,0
ADAM,2026-02-28,,0,,0
ADAMG,2026-01-31,,0,,0
ADAMG,2026-02-28,,0,,0
ADAMH,2026-01-31,,0,,0
ADAMH,2026-02-28,,0,,0
ADAMI,2026-01-31,,0,,0
ADAMI,2026-02-28,,0,,0
ADAML,2026-01-31,,0,,0
ADAML,2026-02-28,,0,,0
ADAMM,2026-01-31,,0,,0
ADAMM,2026-02-28,,0,,0
ADAMN,2026-01-31,,0,,0
ADAMN,2026-02-28,,0,,0
ADAMO,2026-01-31,,0,,0
ADAMO,2026-02-28,,0,,0
ADAMZ,2026-01-31,,0,,0
ADAMZ,2026-02-28,,0,,0
ADBE,2026-01-31,,0,,0
ADBE,2026-02-28,,0,,0
ADC,2026-01-31,,0,,0
ADC,2026-02-28,,0,,0
ADC.PA,2026-01-31,,0,,0
ADC.PA,2026-02-28,,0,,0
ADCT,2026-01-31,,0,,0
ADCT,2026-02-28,,0,,0
ADEA,2026-01-31,,0,,0
ADEA,2026-02-28,,0,,0
ADGM,2026-01-31,,0,,0
ADGM,2026-02-28,,0,,0
ADI,2026-01-31,,0,,0
ADI,2026-02-28,,0,,0
ADIL,2026-01-31,,0,,0
ADIL,2026-02-28,,0,,0
ADM,2026-01-31,,0,,0
ADM,2026-02-28,,0,,0
ADMA,2026-01-31,,0,,0
ADMA,2026-02-28,,0,,0
ADNT,2026-01-31,,0,,0
ADNT,2026-02-28,,0,,0
ADP,2026-01-31,,0,,0
ADP,2026-02-28,,0,,0
ADPT,2026-01-31,,0,,0
ADPT,2026-02-28,,0,,0
ADSE,2026-01-31,,0,,0
ADSE,2026-02-28,,0,,0
ADSEW,2026-01-31,,0,,0
ADSEW,2026-02-28,,0,,0
ADSK,2026-01-31,,0,,0
ADSK,2026-02-28,,0,,0
ADT,2026-01-31,,0,,0
ADT,2026-02-28,,0,,0
ADTN,2026-01-31,,0,,0
ADTN,2026-02-28,,0,,0
ADTX,2026-01-31,,0,,0
ADTX,2026-02-28,,0,,0
ADUR,2026-01-31,,0,,0
ADUR,2026-02-28,,0,,0
ADUS,2026-01-31,,0,,0
ADUS,2026-02-28,,0,,0
ADV,2026-01-31,,0,,0
ADV,2026-02-28,,0,,0
ADVB,2026-01-31,,0,,0
ADVB,2026-02-28,,0,,0
ADX,2026-01-31,,0,,0
ADX,2026-02-28,,0,,0
ADXN,2026-01-31,,0,,0
ADXN,2026-02-28,,0,,0
AEAQ,2026-01-31,,0,,0
AEAQ,2026-02-28,,0,,0
AEAQU,2026-01-31,,0,,0
AEAQU,2026-02-28,,0,,0
AEAQW,2026-01-31,,0,,0
AEAQW,2026-02-28,,0,,0
AEBI,2026-01-31,,0,,0
AEBI,2026-02-28,,0,,0
AEC,2026-01-31,,0,,0
AEC,2026-02-28,,0,,0
AEE,2026-01-31,,0,,0
AEE,2026-02-28,,0,,0
AEF,2026-01-31,,0,,0
AEF,2026-02-28,,0,,0
AEFC,2026-01-31,,0,,0
AEFC,2026-02-28,,0,,0
AEG,2026-01-31,,0,,0
AEG,2026-02-28,,0,,0
AEHL,2026-01-31,,0,,0
AEHL,2026-02-28,,0,,0
AEHR,2026-01-31,,0,,0
AEHR,2026-02-28,,0,,0
AEI,2026-01-31,,0,,0
AEI,2026-02-28,,0,,0
AEIS,2026-01-31,,0,,0
AEIS,2026-02-28,,0,,0
AEM,2026-01-31,,0,,0
AEM,2026-02-28,,0,,0
AEMD,2026-01-31,,0,,0
AEMD,2026-02-28,,0,,0
AENT,2026-01-31,,0,,0
AENT,2026-02-28,,0,,0
AENTW,2026-01-31,,0,,0
AENTW,2026-02-28,,0,,0
AEO,2026-01-31,,0,,0
AEO,2026-02-28,,0,,0
AEON,2026-01-31,,0,,0
AEON,2026-02-28,,0,,0
AEP,2026-01-31,,0,,0
AEP,2026-02-28,,0,,0
AER,2026-01-31,,0,,0
AER,2026-02-28,,0,,0
AERO,2026-01-31,,0,,0
AERO,2026-02-28,,0,,0
AERT,2026-01-31,,0,,0
AERT,2026-02-28,,0,,0
AERTW,2026-01-31,,0,,0
AERTW,2026-02-28,,0,,0
AES,2026-01-31,2026-03-02,1,,0
AES,2026-02-28,2026-03-02,1,,0
AESI,2026-01-31,,0,,0
AESI,2026-02-28,,0,,0
AESPU,2026-01-31,,0,,0
AESPU,2026-02-28,,0,,0
AEVA,2026-01-31,,0,,0
AEVA,2026-02-28,,0,,0
AEXA,2026-01-31,,0,,0
AEXA,2026-02-28,,0,,0
AEYE,2026-01-31,,0,,0
AEYE,2026-02-28,,0,,0
AFB,2026-01-31,,0,,0
AFB,2026-02-28,,0,,0
AFBI,2026-01-31,2026-03-30,1,,0
AFBI,2026-02-28,2026-03-30,1,,0
AFCG,2026-01-31,,0,,0
AFCG,2026-02-28,,0,,0
AFG,2026-01-31,,0,,0
AFG,2026-02-28,,0,,0
AFGB,2026-01-31,,0,,0
AFGB,2026-02-28,,0,,0
AFGC,2026-01-31,,0,,0
AFGC,2026-02-28,,0,,0
AFGD,2026-01-31,,0,,0
AFGD,2026-02-28,,0,,0
AFGE,2026-01-31,,0,,0
AFGE,2026-02-28,,0,,0
AFJK,2026-01-31,,0,,0
AFJK,2026-02-28,,0,,0
AFJKR,2026-01-31,,0,,0
AFJKR,2026-02-28,,0,,0
AFJKU,2026-01-31,,0,,0
AFJKU,2026-02-28,,0,,0
AFL,2026-01-31,,0,,0
AFL,2026-02-28,,0,,0
AFRI,2026-01-31,,0,,0
AFRI,2026-02-28,,0,,0
AFRIW,2026-01-31,,0,,0
AFRIW,2026-02-28,,0,,0
AFRM,2026-01-31,,0,,0
AFRM,2026-02-28,,0,,0
AFYA,2026-01-31,,0,,0
AFYA,2026-02-28,,0,,0
AG,2026-01-31,,0,,0
AG,2026-02-28,,0,,0
AGBK,2026-01-31,,0,,0
AGBK,2026-02-28,,0,,0
AGCC,2026-01-31,,0,,0
AGCC,2026-02-28,,0,,0
AGCO,2026-01-31,,0,,0
AGCO,2026-02-28,,0,,0
AGD,2026-01-31,,0,,0
AGD,2026-02-28,,0,,0
AGEN,2026-01-31,,0,,0
AGEN,2026-02-28,,0,,0
AGI,2026-01-31,,0,,0
AGI,2026-02-28,,0,,0
AGIG,2026-01-31,,0,,0
AGIG,2026-02-28,,0,,0
AGIO,2026-01-31,,0,,0
AGIO,2026-02-28,,0,,0
AGL,2026-01-31,,0,,0
AGL,2026-02-28,,0,,0
AGM,2026-01-31,,0,,0
AGM,2026-02-28,,0,,0
AGM.A,2026-01-31,,0,,0
AGM.A,2026-02-28,,0,,0
AGM.PD,2026-01-31,,0,,0
AGM.PD,2026-02-28,,0,,0
AGM.PE,2026-01-31,,0,,0
AGM.PE,2026-02-28,,0,,0
AGM.PF,2026-01-31,,0,,0
AGM.PF,2026-02-28,,0,,0
AGM.PG,2026-01-31,,0,,0
AGM.PG,2026-02-28,,0,,0
AGM.PH,2026-01-31,,0,,0
AGM.PH,2026-02-28,,0,,0
AGM.PI,2026-01-31,,0,,0
AGM.PI,2026-02-28,,0,,0
AGMB,2026-01-31,,0,,0
AGMB,2026-02-28,,0,,0
AGMH,2026-01-31,,0,,0
AGMH,2026-02-28,,0,,0
AGNC,2026-01-31,,0,,0
AGNC,2026-02-28,,0,,0
AGNCL,2026-01-31,,0,,0
AGNCL,2026-02-28,,0,,0
AGNCM,2026-01-31,,0,,0
AGNCM,2026-02-28,,0,,0
AGNCN,2026-01-31,,0,,0
AGNCN,2026-02-28,,0,,0
AGNCO,2026-01-31,,0,,0
AGNCO,2026-02-28,,0,,0
AGNCP,2026-01-31,,0,,0
AGNCP,2026-02-28,,0,,0
AGNCZ,2026-01-31,,0,,0
AGNCZ,2026-02-28,,0,,0
AGNT,2026-01-31,,0,,0
AGNT,2026-02-28,,0,,0
AGO,2026-01-31,,0,,0
AGO,2026-02-28,,0,,0
AGPU,2026-01-31,,0,,0
AGPU,2026-02-28,,0,,0
AGQ,2026-01-31,,0,,0
AGQ,2026-02-28,,0,,0
AGRO,2026-01-31,,0,,0
AGRO,2026-02-28,,0,,0
AGRZ,2026-01-31,,0,,0
AGRZ,2026-02-28,,0,,0
AGX,2026-01-31,,0,,0
AGX,2026-02-28,,0,,0
AGYS,2026-01-31,,0,,0
AGYS,2026-02-28,,0,,0
AHCO,2026-01-31,,0,,0
AHCO,2026-02-28,,0,,0
AHG,2026-01-31,,0,,0
AHG,2026-02-28,,0,,0
AHL.PD,2026-01-31,,0,,0
AHL.PD,2026-02-28,,0,,0
AHL.PE,2026-01-31,,0,,0
AHL.PE,2026-02-28,,0,,0
AHL.PF,2026-01-31,,0,,0
AHL.PF,2026-02-28,,0,,0
AHMA,2026-01-31,,0,,0
AHMA,2026-02-28,,0,,0
AHR,2026-01-31,,0,,0
AHR,2026-02-28,,0,,0
AHRT,2026-01-31,,0,,0
AHRT,2026-02-28,,0,,0
AHRT.PA,2026-01-31,,0,,0
AHRT.PA,2026-02-28,,0,,0
AHT,2026-01-31,,0,,0
AHT,2026-02-28,,0,,0
AHT.PD,2026-01-31,,0,,0
AHT.PD,2026-02-28,,0,,0
AHT.PF,2026-01-31,,0,,0
AHT.PF,2026-02-28,,0,,0
AHT.PG,2026-01-31,,0,,0
AHT.PG,2026-02-28,,0,,0
AHT.PH,2026-01-31,,0,,0
AHT.PH,2026-02-28,,0,,0
AHT.PI,2026-01-31,,0,,0
AHT.PI,2026-02-28,,0,,0
AI,2026-01-31,,0,,0
AI,2026-02-28,,0,,0
AIAI,2026-01-31,,0,,0
AIAI,2026-02-28,,0,,0
AIB,2026-01-31,,0,,0
AIB,2026-02-28,,0,,0
AIBZ,2026-01-31,,0,,0
AIBZ,2026-02-28,,0,,0
AIDX,2026-01-31,,0,,0
AIDX,2026-02-28,,0,,0
AIFA,2026-01-31,,0,,0
AIFA,2026-02-28,,0,,0
AIFC,2026-01-31,,0,,0
AIFC,2026-02-28,,0,,0
AIFF,2026-01-31,,0,,0
AIFF,2026-02-28,,0,,0
AIFU,2026-01-31,,0,,0
AIFU,2026-02-28,,0,,0
AIG,2026-01-31,,0,,0
AIG,2026-02-28,,0,,0
AIHS,2026-01-31,,0,,0
AIHS,2026-02-28,,0,,0
AII,2026-01-31,,0,,0
AII,2026-02-28,,0,,0
AIIA,2026-01-31,,0,,0
AIIA,2026-02-28,,0,,0
AIIA.RI,2026-01-31,,0,,0
AIIA.RI,2026-02-28,,0,,0
AIIA.UN,2026-01-31,,0,,0
AIIA.UN,2026-02-28,,0,,0
AIIO,2026-01-31,,0,,0
AIIO,2026-02-28,,0,,0
AIIOW,2026-01-31,,0,,0
AIIOW,2026-02-28,,0,,0
AIIR,2026-01-31,,0,,0
AIIR,2026-02-28,,0,,0
AIM,2026-01-31,,0,,0
AIM,2026-02-28,,0,,0
AIMD,2026-01-31,,0,,0
AIMD,2026-02-28,,0,,0
AIMDW,2026-01-31,,0,,0
AIMDW,2026-02-28,,0,,0
AIN,2026-01-31,,0,,0
AIN,2026-02-28,,0,,0
AIO,2026-01-31,,0,,0
AIO,2026-02-28,,0,,0
AIOS,2026-01-31,,0,,0
AIOS,2026-02-28,,0,,0
AIOT,2026-01-31,,0,,0
AIOT,2026-02-28,,0,,0
AIP,2026-01-31,,0,,0
AIP,2026-02-28,,0,,0
AIQD,2026-01-31,,0,,0
AIQD,2026-02-28,,0,,0
AIQU,2026-01-31,,0,,0
AIQU,2026-02-28,,0,,0
AIR,2026-01-31,,0,,0
AIR,2026-02-28,,0,,0
AIRE,2026-01-31,,0,,0
AIRE,2026-02-28,,0,,0
AIRG,2026-01-31,,0,,0
AIRG,2026-02-28,,0,,0
AIRI,2026-01-31,2026-02-17,1,,0
AIRI,2026-02-28,,0,,0
AIRJ,2026-01-31,,0,,0
AIRJ,2026-02-28,,0,,0
AIRJW,2026-01-31,,0,,0
AIRJW,2026-02-28,,0,,0
AIRO,2026-01-31,,0,,0
AIRO,2026-02-28,,0,,0
AIRS,2026-01-31,,0,,0
AIRS,2026-02-28,,0,,0
AIRT,2026-01-31,,0,,0
AIRT,2026-02-28,,0,,0
AIRTP,2026-01-31,,0,,0
AIRTP,2026-02-28,,0,,0
AISP,2026-01-31,,0,,0
AISP,2026-02-28,,0,,0
AISPW,2026-01-31,,0,,0
AISPW,2026-02-28,,0,,0
AIT,2026-01-31,,0,,0
AIT,2026-02-28,,0,,0
AIV,2026-01-31,,0,,0
AIV,2026-02-28,,0,,0
AIXC,2026-01-31,,0,,0
AIXC,2026-02-28,,0,,0
AIXI,2026-01-31,,0,,0
AIXI,2026-02-28,,0,,0
AIZ,2026-01-31,,0,,0
AIZ,2026-02-28,,0,,0
AIZN,2026-01-31,,0,,0
AIZN,2026-02-28,,0,,0
AJG,2026-01-31,,0,,0
AJG,2026-02-28,,0,,0
AKA,2026-01-31,,0,,0
AKA,2026-02-28,,0,,0
AKAM,2026-01-31,,0,,0
AKAM,2026-02-28,,0,,0
AKAN,2026-01-31,,0,,0
AKAN,2026-02-28,,0,,0
AKBA,2026-01-31,,0,,0
AKBA,2026-02-28,,0,,0
AKO.A,2026-01-31,,0,,0
AKO.A,2026-02-28,,0,,0
AKO.B,2026-01-31,,0,,0
AKO.B,2026-02-28,,0,,0
AKR,2026-01-31,,0,,0
AKR,2026-02-28,,0,,0
AKTS,2026-01-31,,0,,0
AKTS,2026-02-28,,0,,0
AKTX,2026-01-31,,0,,0
AKTX,2026-02-28,,0,,0
ALAB,2026-01-31,,0,,0
ALAB,2026-02-28,,0,,0
ALAR,2026-01-31,,0,,0
ALAR,2026-02-28,,0,,0
ALB,2026-01-31,2026-03-30,1,,0
ALB,2026-02-28,2026-03-30,1,,0
ALB.PA,2026-01-31,,0,,0
ALB.PA,2026-02-28,,0,,0
ALBT,2026-01-31,,0,,0
ALBT,2026-02-28,,0,,0
ALC,2026-01-31,,0,,0
ALC,2026-02-28,,0,,0
ALCO,2026-01-31,,0,,0
ALCO,2026-02-28,,0,,0
ALDF,2026-01-31,,0,,0
ALDF,2026-02-28,,0,,0
ALDFU,2026-01-31,,0,,0
ALDFU,2026-02-28,,0,,0
ALDFW,2026-01-31,,0,,0
ALDFW,2026-02-28,,0,,0
ALDX,2026-01-31,,0,,0
ALDX,2026-02-28,,0,,0
ALEC,2026-01-31,,0,,0
ALEC,2026-02-28,,0,,0
ALF,2026-01-31,,0,,0
ALF,2026-02-28,,0,,0
ALFUU,2026-01-31,,0,,0
ALFUU,2026-02-28,,0,,0
ALFUW,2026-01-31,,0,,0
ALFUW,2026-02-28,,0,,0
ALG,2026-01-31,,0,,0
ALG,2026-02-28,,0,,0
ALGM,2026-01-31,,0,,0
ALGM,2026-02-28,,0,,0
ALGN,2026-01-31,,0,,0
ALGN,2026-02-28,,0,,0
ALGS,2026-01-31,,0,,0
ALGS,2026-02-28,,0,,0
ALGT,2026-01-31,,0,,0
ALGT,2026-02-28,,0,,0
ALH,2026-01-31,,0,,0
ALH,2026-02-28,,0,,0
ALHC,2026-01-31,,0,,0
ALHC,2026-02-28,,0,,0
ALIS,2026-01-31,,0,,0
ALIS,2026-02-28,,0,,0
ALISR,2026-01-31,,0,,0
ALISR,2026-02-28,,0,,0
ALISU,2026-01-31,,0,,0
ALISU,2026-02-28,,0,,0
ALIT,2026-01-31,,0,,0
ALIT,2026-02-28,,0,,0
ALK,2026-01-31,,0,,0
ALK,2026-02-28,,0,,0
ALKS,2026-01-31,,0,,0
ALKS,2026-02-28,,0,,0
ALKT,2026-01-31,,0,,0
ALKT,2026-02-28,,0,,0
ALL,2026-01-31,,0,,0
ALL,2026-02-28,,0,,0
ALL.PB,2026-01-31,,0,,0
ALL.PB,2026-02-28,,0,,0
ALL.PH,2026-01-31,,0,,0
ALL.PH,2026-02-28,,0,,0
ALL.PI,2026-01-31,,0,,0
ALL.PI,2026-02-28,,0,,0
ALL.PJ,2026-01-31,,0,,0
ALL.PJ,2026-02-28,,0,,0
ALLE,2026-01-31,,0,,0
ALLE,2026-02-28,,0,,0
ALLO,2026-01-31,,0,,0
ALLO,2026-02-28,,0,,0
ALLR,2026-01-31,,0,,0
ALLR,2026-02-28,,0,,0
ALLT,2026-01-31,,0,,0
ALLT,2026-02-28,,0,,0
ALLY,2026-01-31,,0,,0
ALLY,2026-02-28,,0,,0
ALM,2026-01-31,,0,,0
ALM,2026-02-28,,0,,0
ALMR,2026-01-31,,0,,0
ALMR,2026-02-28,,0,,0
ALMS,2026-01-31,,0,,0
ALMS,2026-02-28,,0,,0
ALMU,2026-01-31,,0,,0
ALMU,2026-02-28,,0,,0
ALNT,2026-01-31,,0,,0
ALNT,2026-02-28,,0,,0
ALNY,2026-01-31,,0,,0
ALNY,2026-02-28,,0,,0
ALOT,2026-01-31,,0,,0
ALOT,2026-02-28,,0,,0
ALOV,2026-01-31,,0,,0
ALOV,2026-02-28,,0,,0
ALOVU,2026-01-31,,0,,0
ALOVU,2026-02-28,,0,,0
ALOVW,2026-01-31,,0,,0
ALOVW,2026-02-28,,0,,0
ALOY,2026-01-31,,0,,0
ALOY,2026-02-28,,0,,0
ALP,2026-01-31,,0,,0
ALP,2026-02-28,,0,,0
ALPS,2026-01-31,,0,,0
ALPS,2026-02-28,,0,,0
ALRM,2026-01-31,,0,,0
ALRM,2026-02-28,,0,,0
ALRS,2026-01-31,,0,,0
ALRS,2026-02-28,,0,,0
ALSN,2026-01-31,,0,,0
ALSN,2026-02-28,,0,,0
ALT,2026-01-31,,0,,0
ALT,2026-02-28,,0,,0
ALTG,2026-01-31,,0,,0
ALTG,2026-02-28,,0,,0
ALTG.PA,2026-01-31,,0,,0
ALTG.PA,2026-02-28,,0,,0
ALTI,2026-01-31,,0,,0
ALTI,2026-02-28,,0,,0
ALTO,2026-01-31,,0,,0
ALTO,2026-02-28,,0,,0
ALUB,2026-01-31,,0,,0
ALUB,2026-02-28,,0,,0
ALUB.UN,2026-01-31,,0,,0
ALUB.UN,2026-02-28,,0,,0
ALUB.WT,2026-01-31,,0,,0
ALUB.WT,2026-02-28,,0,,0
ALV,2026-01-31,,0,,0
ALV,2026-02-28,,0,,0
ALVO,2026-01-31,,0,,0
ALVO,2026-02-28,,0,,0
ALVOW,2026-01-31,,0,,0
ALVOW,2026-02-28,,0,,0
ALX,2026-01-31,,0,,0
ALX,2026-02-28,,0,,0
ALXO,2026-01-31,,0,,0
ALXO,2026-02-28,,0,,0
ALZN,2026-01-31,,0,,0
ALZN,2026-02-28,,0,,0
AM,2026-01-31,,0,,0
AM,2026-02-28,,0,,0
AMAL,2026-01-31,,0,,0
AMAL,2026-02-28,,0,,0
AMAN,2026-01-31,,0,,0
AMAN,2026-02-28,,0,,0
AMAT,2026-01-31,,0,,0
AMAT,2026-02-28,,0,,0
AMBA,2026-01-31,,0,,0
AMBA,2026-02-28,,0,,0
AMBO,2026-01-31,,0,,0
AMBO,2026-02-28,,0,,0
AMBP,2026-01-31,,0,,0
AMBP,2026-02-28,,0,,0
AMBQ,2026-01-31,,0,,0
AMBQ,2026-02-28,,0,,0
AMBR,2026-01-31,,0,,0
AMBR,2026-02-28,,0,,0
AMC,2026-01-31,,0,,0
AMC,2026-02-28,,0,,0
AMCI,2026-01-31,,0,,0
AMCI,2026-02-28,,0,,0
AMCR,2026-01-31,,0,,0
AMCR,2026-02-28,,0,,0
AMCX,2026-01-31,,0,,0
AMCX,2026-02-28,,0,,0
AMD,2026-01-31,,0,,0
AMD,2026-02-28,,0,,0
AME,2026-01-31,,0,,0
AME,2026-02-28,,0,,0
AMG,2026-01-31,,0,,0
AMG,2026-02-28,,0,,0
AMGN,2026-01-31,,0,,0
AMGN,2026-02-28,,0,,0
AMH,2026-01-31,,0,,0
AMH,2026-02-28,,0,,0
AMH.PG,2026-01-31,,0,,0
AMH.PG,2026-02-28,,0,,0
AMH.PH,2026-01-31,,0,,0
AMH.PH,2026-02-28,,0,,0
AMIX,2026-01-31,,0,,0
AMIX,2026-02-28,,0,,0
AMJB,2026-01-31,,0,,0
AMJB,2026-02-28,,0,,0
AMKR,2026-01-31,,0,,0
AMKR,2026-02-28,,0,,0
AMLX,2026-01-31,,0,,0
AMLX,2026-02-28,,0,,0
AMN,2026-01-31,,0,,0
AMN,2026-02-28,,0,,0
AMOD,2026-01-31,,0,,0
AMOD,2026-02-28,,0,,0
AMODW,2026-01-31,,0,,0
AMODW,2026-02-28,,0,,0
AMP,2026-01-31,,0,,0
AMP,2026-02-28,,0,,0
AMPG,2026-01-31,,0,,0
AMPG,2026-02-28,,0,,0
AMPGR,2026-01-31,,0,,0
AMPGR,2026-02-28,,0,,0
AMPGZ,2026-01-31,,0,,0
AMPGZ,2026-02-28,,0,,0
AMPH,2026-01-31,,0,,0
AMPH,2026-02-28,,0,,0
AMPL,2026-01-31,,0,,0
AMPL,2026-02-28,,0,,0
AMPX,2026-01-31,,0,,0
AMPX,2026-02-28,,0,,0
AMPX.WT,2026-01-31,,0,,0
AMPX.WT,2026-02-28,,0,,0
AMPY,2026-01-31,,0,,0
AMPY,2026-02-28,,0,,0
AMR,2026-01-31,,0,,0
AMR,2026-02-28,,0,,0
AMRC,2026-01-31,,0,,0
AMRC,2026-02-28,,0,,0
AMRN,2026-01-31,,0,,0
AMRN,2026-02-28,,0,,0
AMRX,2026-01-31,,0,,0
AMRX,2026-02-28,,0,,0
AMRZ,2026-01-31,,0,,0
AMRZ,2026-02-28,,0,,0
AMS,2026-01-31,,0,,0
AMS,2026-02-28,,0,,0
AMSC,2026-01-31,,0,,0
AMSC,2026-02-28,,0,,0
AMSF,2026-01-31,,0,,0
AMSF,2026-02-28,,0,,0
AMSS,2026-01-31,,0,,0
AMSS,2026-02-28,,0,,0
AMST,2026-01-31,,0,,0
AMST,2026-02-28,,0,,0
AMT,2026-01-31,,0,,0
AMT,2026-02-28,,0,,0
AMTB,2026-01-31,,0,,0
AMTB,2026-02-28,,0,,0
AMTD,2026-01-31,,0,,0
AMTD,2026-02-28,,0,,0
AMTM,2026-01-31,,0,,0
AMTM,2026-02-28,,0,,0
AMTX,2026-01-31,,0,,0
AMTX,2026-02-28,,0,,0
AMUB,2026-01-31,,0,,0
AMUB,2026-02-28,,0,,0
AMWL,2026-01-31,,0,,0
AMWL,2026-02-28,,0,,0
AMX,2026-01-31,,0,,0
AMX,2026-02-28,,0,,0
AMZE,2026-01-31,,0,,0
AMZE,2026-02-28,,0,,0
AMZN,2026-01-31,,0,2026-04-14,1
AMZN,2026-02-28,,0,2026-04-14,1
AN,2026-01-31,,0,,0
AN,2026-02-28,,0,,0
ANAB,2026-01-31,,0,,0
ANAB,2026-02-28,,0,,0
ANDE,2026-01-31,,0,,0
ANDE,2026-02-28,,0,,0
ANDG,2026-01-31,,0,,0
ANDG,2026-02-28,,0,,0
ANET,2026-01-31,,0,,0
ANET,2026-02-28,,0,,0
ANF,2026-01-31,,0,,0
ANF,2026-02-28,,0,,0
ANG.PD,2026-01-31,,0,,0
ANG.PD,2026-02-28,,0,,0
ANGH,2026-01-31,,0,,0
ANGH,2026-02-28,,0,,0
ANGHW,2026-01-31,,0,,0
ANGHW,2026-02-28,,0,,0
ANGI,2026-01-31,,0,,0
ANGI,2026-02-28,,0,,0
ANGO,2026-01-31,,0,,0
ANGO,2026-02-28,,0,,0
ANGX,2026-01-31,,0,,0
ANGX,2026-02-28,,0,,0
ANIK,2026-01-31,,0,,0
ANIK,2026-02-28,,0,,0
ANIP,2026-01-31,,0,,0
ANIP,2026-02-28,,0,,0
ANIX,2026-01-31,,0,,0
ANIX,2026-02-28,,0,,0
ANL,2026-01-31,,0,,0
ANL,2026-02-28,,0,,0
ANNA,2026-01-31,,0,,0
ANNA,2026-02-28,,0,,0
ANNAW,2026-01-31,,0,,0
ANNAW,2026-02-28,,0,,0
ANNX,2026-01-31,,0,,0
ANNX,2026-02-28,,0,,0
ANPA,2026-01-31,,0,,0
ANPA,2026-02-28,,0,,0
ANRO,2026-01-31,,0,,0
ANRO,2026-02-28,,0,,0
ANSC,2026-01-31,,0,,0
ANSC,2026-02-28,,0,,0
ANSCU,2026-01-31,,0,,0
ANSCU,2026-02-28,,0,,0
ANSCW,2026-01-31,,0,,0
ANSCW,2026-02-28,,0,,0
ANTA,2026-01-31,,0,,0
ANTA,2026-02-28,,0,,0
ANTX,2026-01-31,,0,,0
ANTX,2026-02-28,,0,,0
ANVS,2026-01-31,,0,,0
ANVS,2026-02-28,,0,,0
ANY,2026-01-31,,0,,0
ANY,2026-02-28,,0,,0
AOD,2026-01-31,,0,,0
AOD,2026-02-28,,0,,0
AOMD,2026-01-31,,0,,0
AOMD,2026-02-28,,0,,0
AOMN,2026-01-31,,0,,0
AOMN,2026-02-28,,0,,0
AOMR,2026-01-31,,0,,0
AOMR,2026-02-28,,0,,0
AON,2026-01-31,,0,,0
AON,2026-02-28,,0,,0
AORT,2026-01-31,,0,,0
AORT,2026-02-28,,0,,0
AOS,2026-01-31,,0,,0
AOS,2026-02-28,,0,,0
AOSL,2026-01-31,,0,,0
AOSL,2026-02-28,,0,,0
AOUT,2026-01-31,,0,,0
AOUT,2026-02-28,,0,,0
AP,2026-01-31,,0,,0
AP,2026-02-28,,0,,0
APA,2026-01-31,,0,,0
APA,2026-02-28,,0,,0
APAC,2026-01-31,,0,,0
APAC,2026-02-28,,0,,0
APACR,2026-01-31,,0,,0
APACR,2026-02-28,,0,,0
APACU,2026-01-31,,0,,0
APACU,2026-02-28,,0,,0
APAM,2026-01-31,,0,,0
APAM,2026-02-28,,0,,0
APC,2026-01-31,,0,,0
APC,2026-02-28,,0,,0
APD,2026-01-31,,0,,0
APD,2026-02-28,,0,,0
APEI,2026-01-31,,0,,0
APEI,2026-02-28,,0,,0
APG,2026-01-31,,0,,0
APG,2026-02-28,,0,,0
APGE,2026-01-31,,0,,0
APGE,2026-02-28,,0,,0
APH,2026-01-31,,0,,0
APH,2026-02-28,,0,,0
API,2026-01-31,,0,,0
API,2026-02-28,,0,,0
APLD,2026-01-31,,0,,0
APLD,2026-02-28,,0,,0
APLE,2026-01-31,,0,,0
APLE,2026-02-28,,0,,0
APLM,2026-01-31,,0,,0
APLM,2026-02-28,,0,,0
APLMW,2026-01-31,,0,,0
APLMW,2026-02-28,,0,,0
APM,2026-01-31,,0,,0
APM,2026-02-28,,0,,0
APMCU,2026-01-31,,0,,0
APMCU,2026-02-28,,0,,0
APO,2026-01-31,,0,2026-05-11,1
APO,2026-02-28,,0,2026-05-11,1
APO.PA,2026-01-31,,0,,0
APO.PA,2026-02-28,,0,,0
APOG,2026-01-31,,0,,0
APOG,2026-02-28,,0,,0
APOS,2026-01-31,,0,,0
APOS,2026-02-28,,0,,0
APP,2026-01-31,,0,,0
APP,2026-02-28,,0,,0
APPF,2026-01-31,,0,,0
APPF,2026-02-28,,0,,0
APPN,2026-01-31,,0,,0
APPN,2026-02-28,,0,,0
APPS,2026-01-31,,0,,0
APPS,2026-02-28,,0,,0
APRE,2026-01-31,,0,,0
APRE,2026-02-28,,0,,0
APT,2026-01-31,,0,,0
APT,2026-02-28,,0,,0
APTV,2026-01-31,,0,,0
APTV,2026-02-28,,0,,0
APUR,2026-01-31,,0,,0
APUR,2026-02-28,,0,,0
APURR,2026-01-31,,0,,0
APURR,2026-02-28,,0,,0
APURU,2026-01-31,,0,,0
APURU,2026-02-28,,0,,0
APUS,2026-01-31,,0,,0
APUS,2026-02-28,,0,,0
APVO,2026-01-31,,0,,0
APVO,2026-02-28,,0,,0
APWC,2026-01-31,,0,,0
APWC,2026-02-28,,0,,0
APXT,2026-01-31,,0,,0
APXT,2026-02-28,,0,,0
APXTU,2026-01-31,,0,,0
APXTU,2026-02-28,,0,,0
APXTW,2026-01-31,,0,,0
APXTW,2026-02-28,,0,,0
APYX,2026-01-31,,0,,0
APYX,2026-02-28,,0,,0
AQB,2026-01-31,,0,,0
AQB,2026-02-28,,0,,0
AQMS,2026-01-31,,0,,0
AQMS,2026-02-28,,0,,0
AQN,2026-01-31,,0,,0
AQN,2026-02-28,,0,,0
AQNB,2026-01-31,,0,,0
AQNB,2026-02-28,,0,,0
AQST,2026-01-31,,0,,0
AQST,2026-02-28,,0,,0
AR,2026-01-31,,0,,0
AR,2026-02-28,,0,,0
ARAI,2026-01-31,,0,,0
ARAI,2026-02-28,,0,,0
ARAY,2026-01-31,,0,,0
ARAY,2026-02-28,,0,,0
ARBB,2026-01-31,,0,,0
ARBB,2026-02-28,,0,,0
ARBE,2026-01-31,,0,,0
ARBE,2026-02-28,,0,,0
ARBEW,2026-01-31,,0,,0
ARBEW,2026-02-28,,0,,0
ARBK,2026-01-31,,0,,0
ARBK,2026-02-28,,0,,0
ARCB,2026-01-31,,0,,0
ARCB,2026-02-28,,0,,0
ARCC,2026-01-31,,0,,0
ARCC,2026-02-28,,0,,0
ARCI,2026-01-31,,0,,0
ARCI,2026-02-28,,0,,0
ARCIU,2026-01-31,,0,,0
ARCIU,2026-02-28,,0,,0
ARCIW,2026-01-31,,0,,0
ARCIW,2026-02-28,,0,,0
ARCL,2026-01-31,,0,,0
ARCL,2026-02-28,,0,,0
ARCLR,2026-01-31,,0,,0
ARCLR,2026-02-28,,0,,0
ARCLU,2026-01-31,,0,,0
ARCLU,2026-02-28,,0,,0
ARCLW,2026-01-31,,0,,0
ARCLW,2026-02-28,,0,,0
ARCO,2026-01-31,,0,,0
ARCO,2026-02-28,,0,,0
ARCT,2026-01-31,,0,,0
ARCT,2026-02-28,,0,,0
ARDC,2026-01-31,,0,,0
ARDC,2026-02-28,,0,,0
ARDT,2026-01-31,,0,,0
ARDT,2026-02-28,,0,,0
ARDX,2026-01-31,,0,,0
ARDX,2026-02-28,,0,,0
ARE,2026-01-31,,0,,0
ARE,2026-02-28,,0,,0
AREC,2026-01-31,,0,,0
AREC,2026-02-28,,0,,0
AREN,2026-01-31,,0,,0
AREN,2026-02-28,,0,,0
ARES,2026-01-31,,0,,0
ARES,2026-02-28,,0,,0
ARES.PB,2026-01-31,,0,,0
ARES.PB,2026-02-28,,0,,0
ARGX,2026-01-31,,0,,0
ARGX,2026-02-28,,0,,0
ARHS,2026-01-31,,0,,0
ARHS,2026-02-28,,0,,0
ARI,2026-01-31,,0,,0
ARI,2026-02-28,,0,,0
ARIS,2026-01-31,,0,,0
ARIS,2026-02-28,,0,,0
ARKO,2026-01-31,,0,,0
ARKO,2026-02-28,,0,,0
ARKR,2026-01-31,,0,,0
ARKR,2026-02-28,,0,,0
ARL,2026-01-31,,0,,0
ARL,2026-02-28,,0,,0
ARLO,2026-01-31,,0,,0
ARLO,2026-02-28,,0,,0
ARLP,2026-01-31,,0,,0
ARLP,2026-02-28,,0,,0
ARM,2026-01-31,,0,,0
ARM,2026-02-28,,0,,0
ARMK,2026-01-31,,0,,0
ARMK,2026-02-28,,0,,0
ARMP,2026-01-31,,0,,0
ARMP,2026-02-28,,0,,0
AROC,2026-01-31,,0,,0
AROC,2026-02-28,,0,,0
AROW,2026-01-31,,0,,0
AROW,2026-02-28,,0,,0
ARQ,2026-01-31,,0,,0
ARQ,2026-02-28,,0,,0
ARQQ,2026-01-31,,0,,0
ARQQ,2026-02-28,,0,,0
ARQQW,2026-01-31,,0,,0
ARQQW,2026-02-28,,0,,0
ARQT,2026-01-31,,0,,0
ARQT,2026-02-28,,0,,0
ARR,2026-01-31,,0,,0
ARR,2026-02-28,,0,,0
ARR.PC,2026-01-31,,0,,0
ARR.PC,2026-02-28,,0,,0
ARRY,2026-01-31,,0,,0
ARRY,2026-02-28,,0,,0
ARTC,2026-01-31,,0,,0
ARTC,2026-02-28,,0,,0
ARTCU,2026-01-31,,0,,0
ARTCU,2026-02-28,,0,,0
ARTCW,2026-01-31,,0,,0
ARTCW,2026-02-28,,0,,0
ARTL,2026-01-31,,0,,0
ARTL,2026-02-28,,0,,0
ARTNA,2026-01-31,,0,,0
ARTNA,2026-02-28,,0,,0
ARTV,2026-01-31,,0,,0
ARTV,2026-02-28,,0,,0
ARTW,2026-01-31,,0,,0
ARTW,2026-02-28,,0,,0
ARVN,2026-01-31,,0,,0
ARVN,2026-02-28,,0,,0
ARW,2026-01-31,,0,,0
ARW,2026-02-28,,0,,0
ARWR,2026-01-31,,0,,0
ARWR,2026-02-28,,0,,0
ARX,2026-01-31,,0,,0
ARX,2026-02-28,,0,,0
ARXS,2026-01-31,,0,,0
ARXS,2026-02-28,,0,,0
AS,2026-01-31,,0,,0
AS,2026-02-28,,0,,0
ASA,2026-01-31,,0,,0
ASA,2026-02-28,,0,,0
ASAN,2026-01-31,,0,,0
ASAN,2026-02-28,,0,,0
ASB,2026-01-31,,0,,0
ASB,2026-02-28,,0,,0
ASB.PE,2026-01-31,,0,,0
ASB.PE,2026-02-28,,0,,0
ASB.PF,2026-01-31,,0,,0
ASB.PF,2026-02-28,,0,,0
ASBA,2026-01-31,,0,,0
ASBA,2026-02-28,,0,,0
ASBP,2026-01-31,,0,,0
ASBP,2026-02-28,,0,,0
ASBPW,2026-01-31,,0,,0
ASBPW,2026-02-28,,0,,0
ASC,2026-01-31,,0,,0
ASC,2026-02-28,,0,,0
ASG,2026-01-31,,0,,0
ASG,2026-02-28,,0,,0
ASGI,2026-01-31,,0,,0
ASGI,2026-02-28,,0,,0
ASH,2026-01-31,,0,,0
ASH,2026-02-28,,0,,0
ASIC,2026-01-31,,0,,0
ASIC,2026-02-28,,0,,0
ASIX,2026-01-31,,0,,0
ASIX,2026-02-28,,0,,0
ASLE,2026-01-31,,0,,0
ASLE,2026-02-28,,0,,0
ASM,2026-01-31,,0,,0
ASM,2026-02-28,,0,,0
ASMB,2026-01-31,,0,,0
ASMB,2026-02-28,,0,,0
ASML,2026-01-31,,0,,0
ASML,2026-02-28,,0,,0
ASND,2026-01-31,,0,,0
ASND,2026-02-28,,0,,0
ASO,2026-01-31,,0,,0
ASO,2026-02-28,,0,,0
ASPC,2026-01-31,,0,,0
ASPC,2026-02-28,,0,,0
ASPCR,2026-01-31,,0,,0
ASPCR,2026-02-28,,0,,0
ASPCU,2026-01-31,,0,,0
ASPCU,2026-02-28,,0,,0
ASPI,2026-01-31,,0,,0
ASPI,2026-02-28,,0,,0
ASPN,2026-01-31,,0,,0
ASPN,2026-02-28,,0,,0
ASPS,2026-01-31,,0,,0
ASPS,2026-02-28,,0,,0
ASPSW,2026-01-31,,0,,0
ASPSW,2026-02-28,,0,,0
ASPSZ,2026-01-31,,0,,0
ASPSZ,2026-02-28,,0,,0
ASR,2026-01-31,,0,,0
ASR,2026-02-28,,0,,0
ASRT,2026-01-31,2026-05-13,1,,0
ASRT,2026-02-28,2026-05-13,1,,0
ASRV,2026-01-31,,0,,0
ASRV,2026-02-28,,0,,0
ASST,2026-01-31,,0,,0
ASST,2026-02-28,,0,,0
ASTC,2026-01-31,,0,,0
ASTC,2026-02-28,,0,,0
ASTE,2026-01-31,,0,,0
ASTE,2026-02-28,,0,,0
ASTH,2026-01-31,,0,,0
ASTH,2026-02-28,,0,,0
ASTI,2026-01-31,,0,,0
ASTI,2026-02-28,,0,,0
ASTL,2026-01-31,,0,,0
ASTL,2026-02-28,,0,,0
ASTLW,2026-01-31,,0,,0
ASTLW,2026-02-28,,0,,0
ASTS,2026-01-31,,0,,0
ASTS,2026-02-28,,0,,0
ASUR,2026-01-31,,0,,0
ASUR,2026-02-28,,0,,0
ASX,2026-01-31,,0,,0
ASX,2026-02-28,,0,,0
ASYS,2026-01-31,,0,,0
ASYS,2026-02-28,,0,,0
ATAI,2026-01-31,,0,,0
ATAI,2026-02-28,,0,,0
ATAT,2026-01-31,,0,,0
ATAT,2026-02-28,,0,,0
ATCH,2026-01-31,,0,,0
ATCH,2026-02-28,,0,,0
ATCX,2026-01-31,,0,,0
ATCX,2026-02-28,,0,,0
ATEC,2026-01-31,,0,,0
ATEC,2026-02-28,,0,,0
ATEN,2026-01-31,,0,,0
ATEN,2026-02-28,,0,,0
ATER,2026-01-31,,0,,0
ATER,2026-02-28,,0,,0
ATEX,2026-01-31,,0,,0
ATEX,2026-02-28,,0,,0
ATGL,2026-01-31,,0,,0
ATGL,2026-02-28,,0,,0
ATH.PA,2026-01-31,,0,,0
ATH.PA,2026-02-28,,0,,0
ATH.PB,2026-01-31,,0,,0
ATH.PB,2026-02-28,,0,,0
ATH.PD,2026-01-31,,0,,0
ATH.PD,2026-02-28,,0,,0
ATH.PE,2026-01-31,,0,,0
ATH.PE,2026-02-28,,0,,0
ATHE,2026-01-31,,0,,0
ATHE,2026-02-28,,0,,0
ATHM,2026-01-31,,0,,0
ATHM,2026-02-28,,0,,0
ATHR,2026-01-31,,0,,0
ATHR,2026-02-28,,0,,0
ATHS,2026-01-31,,0,,0
ATHS,2026-02-28,,0,,0
ATI,2026-01-31,,0,,0
ATI,2026-02-28,,0,,0
ATII,2026-01-31,2026-04-20,1,,0
ATII,2026-02-28,2026-04-20,1,,0
ATIIU,2026-01-31,,0,,0
ATIIU,2026-02-28,,0,,0
ATIIW,2026-01-31,,0,,0
ATIIW,2026-02-28,,0,,0
ATKR,2026-01-31,,0,,0
ATKR,2026-02-28,,0,,0
ATLC,2026-01-31,,0,,0
ATLC,2026-02-28,,0,,0
ATLCL,2026-01-31,,0,,0
ATLCL,2026-02-28,,0,,0
ATLCP,2026-01-31,,0,,0
ATLCP,2026-02-28,,0,,0
ATLCZ,2026-01-31,,0,,0
ATLCZ,2026-02-28,,0,,0
ATLN,2026-01-31,,0,,0
ATLN,2026-02-28,,0,,0
ATLO,2026-01-31,,0,,0
ATLO,2026-02-28,,0,,0
ATLX,2026-01-31,,0,,0
ATLX,2026-02-28,,0,,0
ATMU,2026-01-31,,0,,0
ATMU,2026-02-28,,0,,0
ATNI,2026-01-31,,0,,0
ATNI,2026-02-28,,0,,0
ATNM,2026-01-31,,0,,0
ATNM,2026-02-28,,0,,0
ATO,2026-01-31,,0,,0
ATO,2026-02-28,,0,,0
ATOM,2026-01-31,,0,,0
ATOM,2026-02-28,,0,,0
ATOS,2026-01-31,,0,,0
ATOS,2026-02-28,,0,,0
ATPC,2026-01-31,,0,,0
ATPC,2026-02-28,,0,,0
ATR,2026-01-31,,0,,0
ATR,2026-02-28,,0,,0
ATRA,2026-01-31,,0,,0
ATRA,2026-02-28,,0,,0
ATRC,2026-01-31,,0,,0
ATRC,2026-02-28,,0,,0
ATRO,2026-01-31,,0,,0
ATRO,2026-02-28,,0,,0
ATS,2026-01-31,,0,,0
ATS,2026-02-28,,0,,0
ATXG,2026-01-31,,0,,0
ATXG,2026-02-28,,0,,0
ATYR,2026-01-31,,0,,0
ATYR,2026-02-28,,0,,0
AU,2026-01-31,,0,,0
AU,2026-02-28,,0,,0
AUB,2026-01-31,,0,,0
AUB,2026-02-28,,0,,0
AUB.PA,2026-01-31,,0,,0
AUB.PA,2026-02-28,,0,,0
AUBN,2026-01-31,,0,,0
AUBN,2026-02-28,,0,,0
AUC,2026-01-31,,0,,0
AUC,2026-02-28,,0,,0
AUDC,2026-01-31,,0,,0
AUDC,2026-02-28,,0,,0
AUGO,2026-01-31,,0,,0
AUGO,2026-02-28,,0,,0
AUID,2026-01-31,,0,,0
AUID,2026-02-28,,0,,0
AUNA,2026-01-31,,0,,0
AUNA,2026-02-28,,0,,0
AUPH,2026-01-31,,0,,0
AUPH,2026-02-28,,0,,0
AUR,2026-01-31,,0,,0
AUR,2026-02-28,,0,,0
AURA,2026-01-31,,0,,0
AURA,2026-02-28,,0,,0
AURE,2026-01-31,,0,,0
AURE,2026-02-28,,0,,0
AUROW,2026-01-31,,0,,0
AUROW,2026-02-28,,0,,0
AUST,2026-01-31,,0,,0
AUST,2026-02-28,,0,,0
AUTL,2026-01-31,,0,,0
AUTL,2026-02-28,,0,,0
AUUD,2026-01-31,,0,,0
AUUD,2026-02-28,,0,,0
AVA,2026-01-31,,0,,0
AVA,2026-02-28,,0,,0
AVAH,2026-01-31,,0,,0
AVAH,2026-02-28,,0,,0
AVAL,2026-01-31,,0,,0
AVAL,2026-02-28,,0,,0
AVAT,2026-01-31,,0,,0
AVAT,2026-02-28,,0,,0
AVAV,2026-01-31,,0,,0
AVAV,2026-02-28,,0,,0
AVB,2026-01-31,2026-05-21,1,,0
AVB,2026-02-28,2026-05-21,1,,0
AVBC,2026-01-31,,0,,0
AVBC,2026-02-28,,0,,0
AVBH,2026-01-31,,0,,0
AVBH,2026-02-28,,0,,0
AVBP,2026-01-31,,0,,0
AVBP,2026-02-28,,0,,0
AVD,2026-01-31,,0,,0
AVD,2026-02-28,,0,,0
AVEX,2026-01-31,,0,,0
AVEX,2026-02-28,,0,,0
AVGO,2026-01-31,,0,,0
AVGO,2026-02-28,,0,,0
AVIR,2026-01-31,,0,,0
AVIR,2026-02-28,,0,,0
AVK,2026-01-31,,0,,0
AVK,2026-02-28,,0,,0
AVLN,2026-01-31,,0,,0
AVLN,2026-02-28,,0,,0
AVNS,2026-01-31,2026-04-14,1,,0
AVNS,2026-02-28,2026-04-14,1,,0
AVNT,2026-01-31,,0,,0
AVNT,2026-02-28,,0,,0
AVNW,2026-01-31,,0,,0
AVNW,2026-02-28,,0,,0
AVO,2026-01-31,,0,,0
AVO,2026-02-28,,0,,0
AVPT,2026-01-31,,0,,0
AVPT,2026-02-28,,0,,0
AVR,2026-01-31,,0,,0
AVR,2026-02-28,,0,,0
AVT,2026-01-31,,0,,0
AVT,2026-02-28,,0,,0
AVTR,2026-01-31,,0,,0
AVTR,2026-02-28,,0,,0
AVTX,2026-01-31,,0,,0
AVTX,2026-02-28,,0,,0
AVX,2026-01-31,,0,,0
AVX,2026-02-28,,0,,0
AVXL,2026-01-31,,0,,0
AVXL,2026-02-28,,0,,0
AVY,2026-01-31,,0,,0
AVY,2026-02-28,,0,,0
AWF,2026-01-31,,0,,0
AWF,2026-02-28,,0,,0
AWI,2026-01-31,,0,,0
AWI,2026-02-28,,0,,0
AWK,2026-01-31,,0,,0
AWK,2026-02-28,,0,,0
AWP,2026-01-31,,0,,0
AWP,2026-02-28,,0,,0
AWR,2026-01-31,,0,,0
AWR,2026-02-28,,0,,0
AWRE,2026-01-31,,0,,0
AWRE,2026-02-28,,0,,0
AWX,2026-01-31,,0,,0
AWX,2026-02-28,,0,,0
AX,2026-01-31,,0,,0
AX,2026-02-28,,0,,0
AXG,2026-01-31,,0,,0
AXG,2026-02-28,,0,,0
AXGN,2026-01-31,,0,,0
AXGN,2026-02-28,,0,,0
AXIA,2026-01-31,,0,,0
AXIA,2026-02-28,,0,,0
AXIA.P,2026-01-31,,0,,0
AXIA.P,2026-02-28,,0,,0
AXIA.PC,2026-01-31,,0,,0
AXIA.PC,2026-02-28,,0,,0
AXIL,2026-01-31,,0,,0
AXIL,2026-02-28,,0,,0
AXIN,2026-01-31,,0,,0
AXIN,2026-02-28,,0,,0
AXINR,2026-01-31,,0,,0
AXINR,2026-02-28,,0,,0
AXINU,2026-01-31,,0,,0
AXINU,2026-02-28,,0,,0
AXON,2026-01-31,,0,,0
AXON,2026-02-28,,0,,0
AXP,2026-01-31,,0,,0
AXP,2026-02-28,,0,,0
AXR,2026-01-31,,0,,0
AXR,2026-02-28,,0,,0
AXS,2026-01-31,,0,,0
AXS,2026-02-28,,0,,0
AXS.PE,2026-01-31,,0,,0
AXS.PE,2026-02-28,,0,,0
AXSM,2026-01-31,,0,,0
AXSM,2026-02-28,,0,,0
AXTA,2026-01-31,,0,,0
AXTA,2026-02-28,,0,,0
AXTI,2026-01-31,,0,,0
AXTI,2026-02-28,,0,,0
AYA,2026-01-31,,0,,0
AYA,2026-02-28,,0,,0
AYI,2026-01-31,,0,,0
AYI,2026-02-28,,0,,0
AYTU,2026-01-31,,0,,0
AYTU,2026-02-28,,0,,0
AZ,2026-01-31,,0,,0
AZ,2026-02-28,,0,,0
AZI,2026-01-31,,0,,0
AZI,2026-02-28,,0,,0
AZN,2026-01-31,,0,,0
AZN,2026-02-28,,0,,0
AZO,2026-01-31,,0,,0
AZO,2026-02-28,,0,,0
AZTA,2026-01-31,,0,,0
AZTA,2026-02-28,,0,,0
AZTR,2026-01-31,,0,,0
AZTR,2026-02-28,,0,,0
AZUL,2026-01-31,,0,,0
AZUL,2026-02-28,,0,,0
AZZ,2026-01-31,,0,,0
AZZ,2026-02-28,,0,,0
B,2026-01-31,,0,,0
B,2026-02-28,,0,,0
BA,2026-01-31,,0,,0
BA,2026-02-28,,0,,0
BA.PA,2026-01-31,,0,,0
BA.PA,2026-02-28,,0,,0
BABA,2026-01-31,,0,,0
BABA,2026-02-28,,0,,0
BAC,2026-01-31,,0,,0
BAC,2026-02-28,,0,,0
BAC.PB,2026-01-31,,0,,0
BAC.PB,2026-02-28,,0,,0
BAC.PE,2026-01-31,,0,,0
BAC.PE,2026-02-28,,0,,0
BAC.PK,2026-01-31,,0,,0
BAC.PK,2026-02-28,,0,,0
BAC.PL,2026-01-31,,0,,0
BAC.PL,2026-02-28,,0,,0
BAC.PM,2026-01-31,,0,,0
BAC.PM,2026-02-28,,0,,0
BAC.PN,2026-01-31,,0,,0
BAC.PN,2026-02-28,,0,,0
BAC.PO,2026-01-31,,0,,0
BAC.PO,2026-02-28,,0,,0
BAC.PP,2026-01-31,,0,,0
BAC.PP,2026-02-28,,0,,0
BAC.PQ,2026-01-31,,0,,0
BAC.PQ,2026-02-28,,0,,0
BAC.PS,2026-01-31,,0,,0
BAC.PS,2026-02-28,,0,,0
BACC,2026-01-31,,0,,0
BACC,2026-02-28,,0,,0
BACCR,2026-01-31,,0,,0
BACCR,2026-02-28,,0,,0
BACCU,2026-01-31,,0,,0
BACCU,2026-02-28,,0,,0
BAER,2026-01-31,,0,,0
BAER,2026-02-28,,0,,0
BAERW,2026-01-31,,0,,0
BAERW,2026-02-28,,0,,0
BAFN,2026-01-31,,0,,0
BAFN,2026-02-28,,0,,0
BAH,2026-01-31,,0,,0
BAH,2026-02-28,,0,,0
BAK,2026-01-31,,0,,0
BAK,2026-02-28,,0,,0
BALL,2026-01-31,,0,,0
BALL,2026-02-28,,0,,0
BALY,2026-01-31,,0,,0
BALY,2026-02-28,,0,,0
BAM,2026-01-31,,0,,0
BAM,2026-02-28,,0,,0
BANC,2026-01-31,,0,,0
BANC,2026-02-28,,0,,0
BANC.PF,2026-01-31,,0,,0
BANC.PF,2026-02-28,,0,,0
BAND,2026-01-31,,0,,0
BAND,2026-02-28,,0,,0
BANF,2026-01-31,,0,,0
BANF,2026-02-28,,0,,0
BANFP,2026-01-31,,0,,0
BANFP,2026-02-28,,0,,0
BANL,2026-01-31,,0,,0
BANL,2026-02-28,,0,,0
BANR,2026-01-31,,0,,0
BANR,2026-02-28,,0,,0
BANX,2026-01-31,,0,,0
BANX,2026-02-28,,0,,0
BAOS,2026-01-31,,0,,0
BAOS,2026-02-28,,0,,0
BAP,2026-01-31,,0,,0
BAP,2026-02-28,,0,,0
BAR,2026-01-31,,0,,0
BAR,2026-02-28,,0,,0
BARK,2026-01-31,,0,,0
BARK,2026-02-28,,0,,0
BATL,2026-01-31,,0,,0
BATL,2026-02-28,,0,,0
BATRA,2026-01-31,,0,,0
BATRA,2026-02-28,,0,,0
BATRK,2026-01-31,,0,,0
BATRK,2026-02-28,,0,,0
BAVA,2026-01-31,,0,,0
BAVA,2026-02-28,,0,,0
BAX,2026-01-31,,0,,0
BAX,2026-02-28,,0,,0
BAYA,2026-01-31,,0,,0
BAYA,2026-02-28,,0,,0
BAYAR,2026-01-31,,0,,0
BAYAR,2026-02-28,,0,,0
BAYAU,2026-01-31,,0,,0
BAYAU,2026-02-28,,0,,0
BB,2026-01-31,,0,,0
BB,2026-02-28,,0,,0
BBAI,2026-01-31,,0,,0
BBAI,2026-02-28,,0,,0
BBAI.WT,2026-01-31,,0,,0
BBAI.WT,2026-02-28,,0,,0
BBAR,2026-01-31,,0,,0
BBAR,2026-02-28,,0,,0
BBBY,2026-01-31,,0,,0
BBBY,2026-02-28,,0,,0
BBBY.WT,2026-01-31,,0,,0
BBBY.WT,2026-02-28,,0,,0
BBCP,2026-01-31,,0,,0
BBCP,2026-02-28,,0,,0
BBCQ,2026-01-31,2026-03-04,1,,0
BBCQ,2026-02-28,2026-03-04,1,,0
BBCQU,2026-01-31,,0,,0
BBCQU,2026-02-28,,0,,0
BBCQW,2026-01-31,,0,,0
BBCQW,2026-02-28,,0,,0
BBD,2026-01-31,,0,,0
BBD,2026-02-28,,0,,0
BBDC,2026-01-31,,0,,0
BBDC,2026-02-28,,0,,0
BBDO,2026-01-31,,0,,0
BBDO,2026-02-28,,0,,0
BBGI,2026-01-31,,0,,0
BBGI,2026-02-28,,0,,0
BBIO,2026-01-31,,0,,0
BBIO,2026-02-28,,0,,0
BBLG,2026-01-31,,0,,0
BBLG,2026-02-28,,0,,0
BBLGW,2026-01-31,,0,,0
BBLGW,2026-02-28,,0,,0
BBN,2026-01-31,,0,,0
BBN,2026-02-28,,0,,0
BBNX,2026-01-31,,0,,0
BBNX,2026-02-28,,0,,0
BBOT,2026-01-31,,0,,0
BBOT,2026-02-28,,0,,0
BBSI,2026-01-31,,0,,0
BBSI,2026-02-28,,0,,0
BBT,2026-01-31,,0,,0
BBT,2026-02-28,,0,,0
BBUC,2026-01-31,,0,,0
BBUC,2026-02-28,,0,,0
BBVA,2026-01-31,,0,,0
BBVA,2026-02-28,,0,,0
BBW,2026-01-31,,0,,0
BBW,2026-02-28,,0,,0
BBWI,2026-01-31,,0,,0
BBWI,2026-02-28,,0,,0
BBY,2026-01-31,,0,,0
BBY,2026-02-28,,0,,0
BC,2026-01-31,,0,,0
BC,2026-02-28,,0,,0
BC.PC,2026-01-31,,0,,0
BC.PC,2026-02-28,,0,,0
BCAB,2026-01-31,,0,,0
BCAB,2026-02-28,,0,,0
BCAL,2026-01-31,,0,,0
BCAL,2026-02-28,,0,,0
BCAR,2026-01-31,,0,,0
BCAR,2026-02-28,,0,,0
BCARU,2026-01-31,,0,,0
BCARU,2026-02-28,,0,,0
BCARW,2026-01-31,,0,,0
BCARW,2026-02-28,,0,,0
BCAT,2026-01-31,,0,,0
BCAT,2026-02-28,,0,,0
BCAX,2026-01-31,,0,,0
BCAX,2026-02-28,,0,,0
BCBP,2026-01-31,,0,,0
BCBP,2026-02-28,,0,,0
BCC,2026-01-31,,0,,0
BCC,2026-02-28,,0,,0
BCDA,2026-01-31,,0,,0
BCDA,2026-02-28,,0,,0
BCE,2026-01-31,,0,,0
BCE,2026-02-28,,0,,0
BCG,2026-01-31,,0,,0
BCG,2026-02-28,,0,,0
BCGWW,2026-01-31,,0,,0
BCGWW,2026-02-28,,0,,0
BCH,2026-01-31,,0,,0
BCH,2026-02-28,,0,,0
BCHT,2026-01-31,,0,,0
BCHT,2026-02-28,,0,,0
BCIC,2026-01-31,,0,,0
BCIC,2026-02-28,,0,,0
BCML,2026-01-31,,0,,0
BCML,2026-02-28,,0,,0
BCO,2026-01-31,,0,,0
BCO,2026-02-28,,0,,0
BCPC,2026-01-31,,0,,0
BCPC,2026-02-28,,0,,0
BCRX,2026-01-31,,0,,0
BCRX,2026-02-28,,0,,0
BCS,2026-01-31,,0,,0
BCS,2026-02-28,,0,,0
BCSF,2026-01-31,,0,,0
BCSF,2026-02-28,,0,,0
BCSS,2026-01-31,,0,,0
BCSS,2026-02-28,,0,,0
BCSS.UN,2026-01-31,,0,,0
BCSS.UN,2026-02-28,,0,,0
BCSS.WT,2026-01-31,,0,,0
BCSS.WT,2026-02-28,,0,,0
BCTX,2026-01-31,,0,,0
BCTX,2026-02-28,,0,,0
BCTXL,2026-01-31,,0,,0
BCTXL,2026-02-28,,0,,0
BCTXZ,2026-01-31,,0,,0
BCTXZ,2026-02-28,,0,,0
BCV,2026-01-31,,0,,0
BCV,2026-02-28,,0,,0
BCV.PA,2026-01-31,,0,,0
BCV.PA,2026-02-28,,0,,0
BCX,2026-01-31,,0,,0
BCX,2026-02-28,,0,,0
BCYC,2026-01-31,,0,,0
BCYC,2026-02-28,,0,,0
BDC,2026-01-31,,0,,0
BDC,2026-02-28,,0,,0
BDCI,2026-01-31,,0,,0
BDCI,2026-02-28,,0,,0
BDCIU,2026-01-31,,0,,0
BDCIU,2026-02-28,,0,,0
BDCIW,2026-01-31,,0,,0
BDCIW,2026-02-28,,0,,0
BDCX,2026-01-31,,0,,0
BDCX,2026-02-28,,0,,0
BDCZ,2026-01-31,,0,,0
BDCZ,2026-02-28,,0,,0
BDJ,2026-01-31,,0,,0
BDJ,2026-02-28,,0,,0
BDL,2026-01-31,,0,,0
BDL,2026-02-28,,0,,0
BDMD,2026-01-31,,0,,0
BDMD,2026-02-28,,0,,0
BDMDW,2026-01-31,,0,,0
BDMDW,2026-02-28,,0,,0
BDN,2026-01-31,,0,,0
BDN,2026-02-28,,0,,0
BDRX,2026-01-31,,0,,0
BDRX,2026-02-28,,0,,0
BDRY,2026-01-31,,0,,0
BDRY,2026-02-28,,0,,0
BDSX,2026-01-31,,0,,0
BDSX,2026-02-28,,0,,0
BDTX,2026-01-31,,0,,0
BDTX,2026-02-28,,0,,0
BDX,2026-01-31,,0,,0
BDX,2026-02-28,,0,,0
BE,2026-01-31,,0,,0
BE,2026-02-28,,0,,0
BEAG,2026-01-31,,0,,0
BEAG,2026-02-28,,0,,0
BEAGR,2026-01-31,,0,,0
BEAGR,2026-02-28,,0,,0
BEAGU,2026-01-31,,0,,0
BEAGU,2026-02-28,,0,,0
BEAM,2026-01-31,,0,,0
BEAM,2026-02-28,,0,,0
BEAT,2026-01-31,,0,,0
BEAT,2026-02-28,,0,,0
BEATW,2026-01-31,,0,,0
BEATW,2026-02-28,,0,,0
BEBE,2026-01-31,,0,,0
BEBE,2026-02-28,,0,,0
BEBE.UN,2026-01-31,,0,,0
BEBE.UN,2026-02-28,,0,,0
BEBE.WT,2026-01-31,,0,,0
BEBE.WT,2026-02-28,,0,,0
BEEM,2026-01-31,,0,,0
BEEM,2026-02-28,,0,,0
BEEP,2026-01-31,,0,,0
BEEP,2026-02-28,,0,,0
BEKE,2026-01-31,,0,,0
BEKE,2026-02-28,,0,,0
BELFA,2026-01-31,,0,,0
BELFA,2026-02-28,,0,,0
BELFB,2026-01-31,,0,,0
BELFB,2026-02-28,,0,,0
BEN,2026-01-31,,0,,0
BEN,2026-02-28,,0,,0
BENF,2026-01-31,,0,,0
BENF,2026-02-28,,0,,0
BENFW,2026-01-31,,0,,0
BENFW,2026-02-28,,0,,0
BEP,2026-01-31,,0,,0
BEP,2026-02-28,,0,,0
BEP.PA,2026-01-31,,0,,0
BEP.PA,2026-02-28,,0,,0
BEPC,2026-01-31,,0,,0
BEPC,2026-02-28,,0,,0
BEPH,2026-01-31,,0,,0
BEPH,2026-02-28,,0,,0
BEPI,2026-01-31,,0,,0
BEPI,2026-02-28,,0,,0
BEPJ,2026-01-31,,0,,0
BEPJ,2026-02-28,,0,,0
BERZ,2026-01-31,,0,,0
BERZ,2026-02-28,,0,,0
BESS,2026-01-31,,0,,0
BESS,2026-02-28,,0,,0
BESS.WT,2026-01-31,,0,,0
BESS.WT,2026-02-28,,0,,0
BETA,2026-01-31,,0,,0
BETA,2026-02-28,,0,,0
BETR,2026-01-31,,0,,0
BETR,2026-02-28,,0,,0
BETRW,2026-01-31,,0,,0
BETRW,2026-02-28,,0,,0
BF.A,2026-01-31,,0,,0
BF.A,2026-02-28,,0,,0
BF.B,2026-01-31,,0,,0
BF.B,2026-02-28,,0,,0
BFAM,2026-01-31,,0,,0
BFAM,2026-02-28,,0,,0
BFC,2026-01-31,,0,,0
BFC,2026-02-28,,0,,0
BFH,2026-01-31,,0,,0
BFH,2026-02-28,,0,,0
BFH.PA,2026-01-31,,0,,0
BFH.PA,2026-02-28,,0,,0
BFH.PB,2026-01-31,,0,,0
BFH.PB,2026-02-28,,0,,0
BFLY,2026-01-31,,0,,0
BFLY,2026-02-28,,0,,0
BFRG,2026-01-31,,0,,0
BFRG,2026-02-28,,0,,0
BFRGW,2026-01-31,,0,,0
BFRGW,2026-02-28,,0,,0
BFRI,2026-01-31,,0,,0
BFRI,2026-02-28,,0,,0
BFRIW,2026-01-31,,0,,0
BFRIW,2026-02-28,,0,,0
BFS,2026-01-31,,0,,0
BFS,2026-02-28,,0,,0
BFS.PD,2026-01-31,,0,,0
BFS.PD,2026-02-28,,0,,0
BFS.PE,2026-01-31,,0,,0
BFS.PE,2026-02-28,,0,,0
BFST,2026-01-31,,0,,0
BFST,2026-02-28,,0,,0
BG,2026-01-31,,0,,0
BG,2026-02-28,,0,,0
BGB,2026-01-31,,0,,0
BGB,2026-02-28,,0,,0
BGC,2026-01-31,,0,,0
BGC,2026-02-28,,0,,0
BGDE,2026-01-31,,0,,0
BGDE,2026-02-28,,0,,0
BGH,2026-01-31,,0,,0
BGH,2026-02-28,,0,,0
BGI,2026-01-31,,0,,0
BGI,2026-02-28,,0,,0
BGIN,2026-01-31,,0,,0
BGIN,2026-02-28,,0,,0
BGL,2026-01-31,,0,,0
BGL,2026-02-28,,0,,0
BGLC,2026-01-31,,0,,0
BGLC,2026-02-28,,0,,0
BGLWW,2026-01-31,,0,,0
BGLWW,2026-02-28,,0,,0
BGM,2026-01-31,,0,,0
BGM,2026-02-28,,0,,0
BGMS,2026-01-31,,0,,0
BGMS,2026-02-28,,0,,0
BGR,2026-01-31,,0,,0
BGR,2026-02-28,,0,,0
BGS,2026-01-31,,0,,0
BGS,2026-02-28,,0,,0
BGSF,2026-01-31,,0,,0
BGSF,2026-02-28,,0,,0
BGSI,2026-01-31,,0,,0
BGSI,2026-02-28,,0,,0
BGT,2026-01-31,,0,,0
BGT,2026-02-28,,0,,0
BGX,2026-01-31,,0,,0
BGX,2026-02-28,,0,,0
BGY,2026-01-31,,0,,0
BGY,2026-02-28,,0,,0
BH,2026-01-31,,0,,0
BH,2026-02-28,,0,,0
BH.A,2026-01-31,,0,,0
BH.A,2026-02-28,,0,,0
BHAV,2026-01-31,,0,,0
BHAV,2026-02-28,,0,,0
BHAVR,2026-01-31,,0,,0
BHAVR,2026-02-28,,0,,0
BHAVU,2026-01-31,,0,,0
BHAVU,2026-02-28,,0,,0
BHB,2026-01-31,,0,,0
BHB,2026-02-28,,0,,0
BHC,2026-01-31,,0,,0
BHC,2026-02-28,,0,,0
BHE,2026-01-31,,0,,0
BHE,2026-02-28,,0,,0
BHF,2026-01-31,,0,,0
BHF,2026-02-28,,0,,0
BHFAL,2026-01-31,,0,,0
BHFAL,2026-02-28,,0,,0
BHFAM,2026-01-31,,0,,0
BHFAM,2026-02-28,,0,,0
BHFAN,2026-01-31,,0,,0
BHFAN,2026-02-28,,0,,0
BHFAO,2026-01-31,,0,,0
BHFAO,2026-02-28,,0,,0
BHFAP,2026-01-31,,0,,0
BHFAP,2026-02-28,,0,,0
BHK,2026-01-31,,0,,0
BHK,2026-02-28,,0,,0
BHM,2026-01-31,,0,,0
BHM,2026-02-28,,0,,0
BHP,2026-01-31,,0,,0
BHP,2026-02-28,,0,,0
BHR,2026-01-31,,0,,0
BHR,2026-02-28,,0,,0
BHR.PB,2026-01-31,,0,,0
BHR.PB,2026-02-28,,0,,0
BHR.PD,2026-01-31,,0,,0
BHR.PD,2026-02-28,,0,,0
BHRB,2026-01-31,,0,,0
BHRB,2026-02-28,,0,,0
BHST,2026-01-31,,0,,0
BHST,2026-02-28,,0,,0
BHV,2026-01-31,,0,,0
BHV,2026-02-28,,0,,0
BHVN,2026-01-31,,0,,0
BHVN,2026-02-28,,0,,0
BHYP,2026-01-31,,0,,0
BHYP,2026-02-28,,0,,0
BIAF,2026-01-31,,0,,0
BIAF,2026-02-28,,0,,0
BIAFW,2026-01-31,,0,,0
BIAFW,2026-02-28,,0,,0
BIDU,2026-01-31,,0,,0
BIDU,2026-02-28,,0,,0
BIDWU,2026-01-31,,0,,0
BIDWU,2026-02-28,,0,,0
BIIB,2026-01-31,,0,,0
BIIB,2026-02-28,,0,,0
BIII,2026-01-31,,0,,0
BIII,2026-02-28,,0,,0
BIII.UN,2026-01-31,,0,,0
BIII.UN,2026-02-28,,0,,0
BIII.WT,2026-01-31,,0,,0
BIII.WT,2026-02-28,,0,,0
BILI,2026-01-31,,0,,0
BILI,2026-02-28,,0,,0
BILL,2026-01-31,,0,,0
BILL,2026-02-28,,0,,0
BIO,2026-01-31,,0,,0
BIO,2026-02-28,,0,,0
BIO.B,2026-01-31,,0,,0
BIO.B,2026-02-28,,0,,0
BIOA,2026-01-31,,0,,0
BIOA,2026-02-28,,0,,0
BIOX,2026-01-31,,0,,0
BIOX,2026-02-28,,0,,0
BIP,2026-01-31,,0,,0
BIP,2026-02-28,,0,,0
BIP.PA,2026-01-31,,0,,0
BIP.PA,2026-02-28,,0,,0
BIP.PB,2026-01-31,,0,,0
BIP.PB,2026-02-28,,0,,0
BIPC,2026-01-31,,0,,0
BIPC,2026-02-28,,0,,0
BIPH,2026-01-31,,0,,0
BIPH,2026-02-28,,0,,0
BIPI,2026-01-31,,0,,0
BIPI,2026-02-28,,0,,0
BIPJ,2026-01-31,,0,,0
BIPJ,2026-02-28,,0,,0
BIRD,2026-01-31,,0,,0
BIRD,2026-02-28,,0,,0
BIRK,2026-01-31,,0,,0
BIRK,2026-02-28,,0,,0
BIT,2026-01-31,,0,,0
BIT,2026-02-28,,0,,0
BITB,2026-01-31,,0,,0
BITB,2026-02-28,,0,,0
BITW,2026-01-31,,0,,0
BITW,2026-02-28,,0,,0
BIVI,2026-01-31,,0,,0
BIVI,2026-02-28,,0,,0
BIVIW,2026-01-31,,0,,0
BIVIW,2026-02-28,,0,,0
BIXI,2026-01-31,,0,,0
BIXI,2026-02-28,,0,,0
BIXIU,2026-01-31,,0,,0
BIXIU,2026-02-28,,0,,0
BIXIW,2026-01-31,,0,,0
BIXIW,2026-02-28,,0,,0
BIYA,2026-01-31,,0,,0
BIYA,2026-02-28,,0,,0
BJ,2026-01-31,,0,,0
BJ,2026-02-28,,0,,0
BJDX,2026-01-31,,0,,0
BJDX,2026-02-28,,0,,0
BJRI,2026-01-31,,0,,0
BJRI,2026-02-28,,0,,0
BKD,2026-01-31,,0,,0
BKD,2026-02-28,,0,,0
BKE,2026-01-31,,0,,0
BKE,2026-02-28,,0,,0
BKH,2026-01-31,,0,,0
BKH,2026-02-28,,0,,0
BKHA,2026-01-31,,0,,0
BKHA,2026-02-28,,0,,0
BKHAR,2026-01-31,,0,,0
BKHAR,2026-02-28,,0,,0
BKHAU,2026-01-31,,0,,0
BKHAU,2026-02-28,,0,,0
BKKT,2026-01-31,,0,,0
BKKT,2026-02-28,,0,,0
BKKT.WT,2026-01-31,,0,,0
BKKT.WT,2026-02-28,,0,,0
BKNG,2026-01-31,,0,,0
BKNG,2026-02-28,,0,,0
BKR,2026-01-31,,0,,0
BKR,2026-02-28,,0,,0
BKSY,2026-01-31,,0,,0
BKSY,2026-02-28,,0,,0
BKSY.WT,2026-01-31,,0,,0
BKSY.WT,2026-02-28,,0,,0
BKT,2026-01-31,,0,,0
BKT,2026-02-28,,0,,0
BKTI,2026-01-31,,0,,0
BKTI,2026-02-28,,0,,0
BKU,2026-01-31,,0,,0
BKU,2026-02-28,,0,,0
BKV,2026-01-31,,0,,0
BKV,2026-02-28,,0,,0
BL,2026-01-31,,0,,0
BL,2026-02-28,,0,,0
BLBD,2026-01-31,,0,,0
BLBD,2026-02-28,,0,,0
BLCO,2026-01-31,,0,,0
BLCO,2026-02-28,,0,,0
BLD,2026-01-31,2026-04-19,1,,0
BLD,2026-02-28,2026-04-19,1,,0
BLDP,2026-01-31,,0,,0
BLDP,2026-02-28,,0,,0
BLDR,2026-01-31,,0,,0
BLDR,2026-02-28,,0,,0
BLFS,2026-01-31,,0,,0
BLFS,2026-02-28,,0,,0
BLIN,2026-01-31,,0,,0
BLIN,2026-02-28,,0,,0
BLIV,2026-01-31,,0,,0
BLIV,2026-02-28,,0,,0
BLK,2026-01-31,,0,,0
BLK,2026-02-28,,0,,0
BLKB,2026-01-31,,0,,0
BLKB,2026-02-28,,0,,0
BLLN,2026-01-31,,0,,0
BLLN,2026-02-28,,0,,0
BLMN,2026-01-31,,0,,0
BLMN,2026-02-28,,0,,0
BLND,2026-01-31,,0,,0
BLND,2026-02-28,,0,,0
BLNE,2026-01-31,,0,,0
BLNE,2026-02-28,,0,,0
BLNK,2026-01-31,,0,,0
BLNK,2026-02-28,,0,,0
BLRK,2026-01-31,,0,,0
BLRK,2026-02-28,,0,,0
BLRKU,2026-01-31,,0,,0
BLRKU,2026-02-28,,0,,0
BLRKW,2026-01-31,,0,,0
BLRKW,2026-02-28,,0,,0
BLRX,2026-01-31,,0,,0
BLRX,2026-02-28,,0,,0
BLSH,2026-01-31,,0,,0
BLSH,2026-02-28,,0,,0
BLTE,2026-01-31,,0,,0
BLTE,2026-02-28,,0,,0
BLUW,2026-01-31,,0,,0
BLUW,2026-02-28,,0,,0
BLUWU,2026-01-31,,0,,0
BLUWU,2026-02-28,,0,,0
BLUWW,2026-01-31,,0,,0
BLUWW,2026-02-28,,0,,0
BLW,2026-01-31,,0,,0
BLW,2026-02-28,,0,,0
BLX,2026-01-31,,0,,0
BLX,2026-02-28,,0,,0
BLZE,2026-01-31,,0,,0
BLZE,2026-02-28,,0,,0
BLZR,2026-01-31,,0,,0
BLZR,2026-02-28,,0,,0
BLZRU,2026-01-31,,0,,0
BLZRU,2026-02-28,,0,,0
BLZRW,2026-01-31,,0,,0
BLZRW,2026-02-28,,0,,0
BMA,2026-01-31,,0,,0
BMA,2026-02-28,,0,,0
BMBL,2026-01-31,,0,,0
BMBL,2026-02-28,,0,,0
BME,2026-01-31,,0,,0
BME,2026-02-28,,0,,0
BMEA,2026-01-31,,0,,0
BMEA,2026-02-28,,0,,0
BMEZ,2026-01-31,,0,,0
BMEZ,2026-02-28,,0,,0
BMGL,2026-01-31,,0,,0
BMGL,2026-02-28,,0,,0
BMHL,2026-01-31,,0,,0
BMHL,2026-02-28,,0,,0
BMI,2026-01-31,,0,,0
BMI,2026-02-28,,0,,0
BML.PG,2026-01-31,,0,,0
BML.PG,2026-02-28,,0,,0
BML.PH,2026-01-31,,0,,0
BML.PH,2026-02-28,,0,,0
BML.PJ,2026-01-31,,0,,0
BML.PJ,2026-02-28,,0,,0
BML.PL,2026-01-31,,0,,0
BML.PL,2026-02-28,,0,,0
BMM,2026-01-31,,0,,0
BMM,2026-02-28,,0,,0
BMN,2026-01-31,,0,,0
BMN,2026-02-28,,0,,0
BMNR,2026-01-31,,0,,0
BMNR,2026-02-28,,0,,0
BMO,2026-01-31,,0,,0
BMO,2026-02-28,,0,,0
BMR,2026-01-31,,0,,0
BMR,2026-02-28,,0,,0
BMRA,2026-01-31,,0,,0
BMRA,2026-02-28,,0,,0
BMRC,2026-01-31,,0,,0
BMRC,2026-02-28,,0,,0
BMRN,2026-01-31,,0,,0
BMRN,2026-02-28,,0,,0
BMY,2026-01-31,,0,,0
BMY,2026-02-28,,0,,0
BN,2026-01-31,,0,,0
BN,2026-02-28,,0,,0
BNAI,2026-01-31,,0,,0
BNAI,2026-02-28,,0,,0
BNAIW,2026-01-31,,0,,0
BNAIW,2026-02-28,,0,,0
BNBX,2026-01-31,,0,,0
BNBX,2026-02-28,,0,,0
BNC,2026-01-31,,0,,0
BNC,2026-02-28,,0,,0
BNCWW,2026-01-31,,0,,0
BNCWW,2026-02-28,,0,,0
BNCWZ,2026-01-31,,0,,0
BNCWZ,2026-02-28,,0,,0
BNED,2026-01-31,,0,,0
BNED,2026-02-28,,0,,0
BNGO,2026-01-31,,0,,0
BNGO,2026-02-28,,0,,0
BNH,2026-01-31,,0,,0
BNH,2026-02-28,,0,,0
BNJ,2026-01-31,,0,,0
BNJ,2026-02-28,,0,,0
BNKD,2026-01-31,,0,,0
BNKD,2026-02-28,,0,,0
BNKK,2026-01-31,,0,,0
BNKK,2026-02-28,,0,,0
BNKU,2026-01-31,,0,,0
BNKU,2026-02-28,,0,,0
BNL,2026-01-31,,0,,0
BNL,2026-02-28,,0,,0
BNO,2026-01-31,,0,,0
BNO,2026-02-28,,0,,0
BNR,2026-01-31,,0,,0
BNR,2026-02-28,,0,,0
BNRG,2026-01-31,,0,,0
BNRG,2026-02-28,,0,,0
BNS,2026-01-31,,0,,0
BNS,2026-02-28,,0,,0
BNT,2026-01-31,,0,,0
BNT,2026-02-28,,0,,0
BNTC,2026-01-31,,0,,0
BNTC,2026-02-28,,0,,0
BNTX,2026-01-31,,0,,0
BNTX,2026-02-28,,0,,0
BNY,2026-01-31,,0,,0
BNY,2026-02-28,,0,,0
BNY.PK,2026-01-31,,0,,0
BNY.PK,2026-02-28,,0,,0
BNZI,2026-01-31,,0,,0
BNZI,2026-02-28,,0,,0
BNZIW,2026-01-31,,0,,0
BNZIW,2026-02-28,,0,,0
BOBS,2026-01-31,,0,,0
BOBS,2026-02-28,,0,,0
BOC,2026-01-31,,0,,0
BOC,2026-02-28,,0,,0
BODI,2026-01-31,,0,,0
BODI,2026-02-28,,0,,0
BOE,2026-01-31,,0,,0
BOE,2026-02-28,,0,,0
BOF,2026-01-31,,0,,0
BOF,2026-02-28,,0,,0
BOH,2026-01-31,,0,,0
BOH,2026-02-28,,0,,0
BOH.PA,2026-01-31,,0,,0
BOH.PA,2026-02-28,,0,,0
BOH.PB,2026-01-31,,0,,0
BOH.PB,2026-02-28,,0,,0
BOIL,2026-01-31,,0,,0
BOIL,2026-02-28,,0,,0
BOKF,2026-01-31,,0,,0
BOKF,2026-02-28,,0,,0
BOLD,2026-01-31,,0,,0
BOLD,2026-02-28,,0,,0
BOLT,2026-01-31,,0,,0
BOLT,2026-02-28,,0,,0
BON,2026-01-31,,0,,0
BON,2026-02-28,,0,,0
BOOM,2026-01-31,,0,,0
BOOM,2026-02-28,,0,,0
BOOT,2026-01-31,,0,,0
BOOT,2026-02-28,,0,,0
BORR,2026-01-31,,0,,0
BORR,2026-02-28,,0,,0
BOSC,2026-01-31,,0,,0
BOSC,2026-02-28,,0,,0
BOT,2026-01-31,,0,,0
BOT,2026-02-28,,0,,0
BOTJ,2026-01-31,,0,,0
BOTJ,2026-02-28,,0,,0
BOW,2026-01-31,,0,,0
BOW,2026-02-28,,0,,0
BOX,2026-01-31,,0,,0
BOX,2026-02-28,,0,,0
BOXL,2026-01-31,,0,,0
BOXL,2026-02-28,,0,,0
BP,2026-01-31,,0,,0
BP,2026-02-28,,0,,0
BPAC,2026-01-31,2026-05-01,1,,0
BPAC,2026-02-28,2026-05-01,1,,0
BPACR,2026-01-31,,0,,0
BPACR,2026-02-28,,0,,0
BPACU,2026-01-31,,0,,0
BPACU,2026-02-28,,0,,0
BPOP,2026-01-31,,0,,0
BPOP,2026-02-28,,0,,0
BPOPM,2026-01-31,,0,,0
BPOPM,2026-02-28,,0,,0
BPRE,2026-01-31,,0,,0
BPRE,2026-02-28,,0,,0
BPRN,2026-01-31,,0,,0
BPRN,2026-02-28,,0,,0
BPYPM,2026-01-31,,0,,0
BPYPM,2026-02-28,,0,,0
BPYPN,2026-01-31,,0,,0
BPYPN,2026-02-28,,0,,0
BPYPO,2026-01-31,,0,,0
BPYPO,2026-02-28,,0,,0
BPYPP,2026-01-31,,0,,0
BPYPP,2026-02-28,,0,,0
BQ,2026-01-31,,0,,0
BQ,2026-02-28,,0,,0
BR,2026-01-31,,0,,0
BR,2026-02-28,,0,,0
BRAG,2026-01-31,,0,,0
BRAG,2026-02-28,,0,,0
BRAI,2026-01-31,,0,,0
BRAI,2026-02-28,,0,,0
BRBI,2026-01-31,,0,,0
BRBI,2026-02-28,,0,,0
BRBR,2026-01-31,,0,,0
BRBR,2026-02-28,,0,,0
BRBS,2026-01-31,,0,,0
BRBS,2026-02-28,,0,,0
BRC,2026-01-31,,0,,0
BRC,2026-02-28,,0,,0
BRCB,2026-01-31,,0,,0
BRCB,2026-02-28,,0,,0
BRCC,2026-01-31,,0,,0
BRCC,2026-02-28,,0,,0
BREZ,2026-01-31,,0,,0
BREZ,2026-02-28,,0,,0
BREZR,2026-01-31,,0,,0
BREZR,2026-02-28,,0,,0
BREZU,2026-01-31,,0,,0
BREZU,2026-02-28,,0,,0
BRFH,2026-01-31,,0,,0
BRFH,2026-02-28,,0,,0
BRIA,2026-01-31,,0,,0
BRIA,2026-02-28,,0,,0
BRID,2026-01-31,,0,,0
BRID,2026-02-28,,0,,0
BRK.A,2026-01-31,,0,,0
BRK.A,2026-02-28,,0,,0
BRK.B,2026-01-31,,0,2026-05-31,1
BRK.B,2026-02-28,,0,2026-05-31,1
BRKHU,2026-01-31,,0,,0
BRKHU,2026-02-28,,0,,0
BRKR,2026-01-31,,0,,0
BRKR,2026-02-28,,0,,0
BRKRP,2026-01-31,,0,,0
BRKRP,2026-02-28,,0,,0
BRLS,2026-01-31,,0,,0
BRLS,2026-02-28,,0,,0
BRLSW,2026-01-31,,0,,0
BRLSW,2026-02-28,,0,,0
BRLT,2026-01-31,,0,,0
BRLT,2026-02-28,,0,,0
BRN,2026-01-31,,0,,0
BRN,2026-02-28,,0,,0
BRNS,2026-01-31,,0,,0
BRNS,2026-02-28,,0,,0
BRO,2026-01-31,,0,,0
BRO,2026-02-28,,0,,0
BROS,2026-01-31,,0,,0
BROS,2026-02-28,,0,,0
BRR,2026-01-31,,0,,0
BRR,2026-02-28,,0,,0
BRRR,2026-01-31,,0,,0
BRRR,2026-02-28,,0,,0
BRRWW,2026-01-31,,0,,0
BRRWW,2026-02-28,,0,,0
BRSL,2026-01-31,,0,,0
BRSL,2026-02-28,,0,,0
BRSP,2026-01-31,,0,,0
BRSP,2026-02-28,,0,,0
BRT,2026-01-31,,0,,0
BRT,2026-02-28,,0,,0
BRTX,2026-01-31,,0,,0
BRTX,2026-02-28,,0,,0
BRUN,2026-01-31,,0,,0
BRUN,2026-02-28,,0,,0
BRUNW,2026-01-31,,0,,0
BRUNW,2026-02-28,,0,,0
BRW,2026-01-31,,0,,0
BRW,2026-02-28,,0,,0
BRX,2026-01-31,,0,,0
BRX,2026-02-28,,0,,0
BRZE,2026-01-31,,0,,0
BRZE,2026-02-28,,0,,0
BSAA,2026-01-31,,0,,0
BSAA,2026-02-28,,0,,0
BSAAR,2026-01-31,,0,,0
BSAAR,2026-02-28,,0,,0
BSAAU,2026-01-31,,0,,0
BSAAU,2026-02-28,,0,,0
BSAC,2026-01-31,,0,,0
BSAC,2026-02-28,,0,,0
BSBK,2026-01-31,,0,,0
BSBK,2026-02-28,,0,,0
BSBR,2026-01-31,,0,,0
BSBR,2026-02-28,,0,,0
BSET,2026-01-31,,0,,0
BSET,2026-02-28,,0,,0
BSIN,2026-01-31,,0,,0
BSIN,2026-02-28,,0,,0
BSL,2026-01-31,,0,,0
BSL,2026-02-28,,0,,0
BSM,2026-01-31,,0,,0
BSM,2026-02-28,,0,,0
BSOL,2026-01-31,,0,,0
BSOL,2026-02-28,,0,,0
BSRR,2026-01-31,,0,,0
BSRR,2026-02-28,,0,,0
BST,2026-01-31,,0,,0
BST,2026-02-28,,0,,0
BSTZ,2026-01-31,,0,,0
BSTZ,2026-02-28,,0,,0
BSVN,2026-01-31,,0,,0
BSVN,2026-02-28,,0,,0
BSX,2026-01-31,,0,,0
BSX,2026-02-28,,0,,0
BSY,2026-01-31,,0,,0
BSY,2026-02-28,,0,,0
BTAI,2026-01-31,,0,,0
BTAI,2026-02-28,,0,,0
BTBD,2026-01-31,,0,,0
BTBD,2026-02-28,,0,,0
BTBDW,2026-01-31,,0,,0
BTBDW,2026-02-28,,0,,0
BTBT,2026-01-31,,0,,0
BTBT,2026-02-28,,0,,0
BTC,2026-01-31,,0,,0
BTC,2026-02-28,,0,,0
BTCK,2026-01-31,,0,,0
BTCK,2026-02-28,,0,,0
BTCS,2026-01-31,,0,,0
BTCS,2026-02-28,,0,,0
BTCT,2026-01-31,,0,,0
BTCT,2026-02-28,,0,,0
BTDR,2026-01-31,,0,,0
BTDR,2026-02-28,,0,,0
BTE,2026-01-31,,0,,0
BTE,2026-02-28,,0,,0
BTG,2026-01-31,,0,,0
BTG,2026-02-28,,0,,0
BTGO,2026-01-31,,0,,0
BTGO,2026-02-28,,0,,0
BTI,2026-01-31,,0,,0
BTI,2026-02-28,,0,,0
BTMD,2026-01-31,,0,,0
BTMD,2026-02-28,,0,,0
BTO,2026-01-31,,0,,0
BTO,2026-02-28,,0,,0
BTOC,2026-01-31,,0,,0
BTOC,2026-02-28,,0,,0
BTOG,2026-01-31,,0,,0
BTOG,2026-02-28,,0,,0
BTQ,2026-01-31,,0,,0
BTQ,2026-02-28,,0,,0
BTSG,2026-01-31,,0,,0
BTSG,2026-02-28,,0,,0
BTSGU,2026-01-31,,0,,0
BTSGU,2026-02-28,,0,,0
BTT,2026-01-31,,0,,0
BTT,2026-02-28,,0,,0
BTTC,2026-01-31,,0,,0
BTTC,2026-02-28,,0,,0
BTU,2026-01-31,,0,,0
BTU,2026-02-28,,0,,0
BTX,2026-01-31,,0,,0
BTX,2026-02-28,,0,,0
BTZ,2026-01-31,,0,,0
BTZ,2026-02-28,,0,,0
BUD,2026-01-31,,0,,0
BUD,2026-02-28,,0,,0
BUDA,2026-01-31,,0,,0
BUDA,2026-02-28,,0,,0
BUI,2026-01-31,,0,,0
BUI,2026-02-28,,0,,0
BULL,2026-01-31,,0,,0
BULL,2026-02-28,,0,,0
BULLW,2026-01-31,,0,,0
BULLW,2026-02-28,,0,,0
BULZ,2026-01-31,,0,,0
BULZ,2026-02-28,,0,,0
BUR,2026-01-31,,0,,0
BUR,2026-02-28,,0,,0
BURL,2026-01-31,,0,,0
BURL,2026-02-28,,0,,0
BURU,2026-01-31,,0,,0
BURU,2026-02-28,,0,,0
BUSE,2026-01-31,,0,,0
BUSE,2026-02-28,,0,,0
BUSEP,2026-01-31,,0,,0
BUSEP,2026-02-28,,0,,0
BUUU,2026-01-31,,0,,0
BUUU,2026-02-28,,0,,0
BV,2026-01-31,,0,,0
BV,2026-02-28,,0,,0
BVC,2026-01-31,,0,,0
BVC,2026-02-28,,0,,0
BVFL,2026-01-31,,0,,0
BVFL,2026-02-28,,0,,0
BVN,2026-01-31,,0,,0
BVN,2026-02-28,,0,,0
BVS,2026-01-31,,0,,0
BVS,2026-02-28,,0,,0
BW,2026-01-31,,0,,0
BW,2026-02-28,,0,,0
BW.PA,2026-01-31,,0,,0
BW.PA,2026-02-28,,0,,0
BWA,2026-01-31,,0,,0
BWA,2026-02-28,,0,,0
BWAY,2026-01-31,,0,,0
BWAY,2026-02-28,,0,,0
BWB,2026-01-31,,0,,0
BWB,2026-02-28,,0,,0
BWBBP,2026-01-31,,0,,0
BWBBP,2026-02-28,,0,,0
BWEN,2026-01-31,,0,,0
BWEN,2026-02-28,,0,,0
BWET,2026-01-31,,0,,0
BWET,2026-02-28,,0,,0
BWFG,2026-01-31,,0,,0
BWFG,2026-02-28,,0,,0
BWG,2026-01-31,,0,,0
BWG,2026-02-28,,0,,0
BWIN,2026-01-31,,0,,0
BWIN,2026-02-28,,0,,0
BWIV,2026-01-31,,0,,0
BWIV,2026-02-28,,0,,0
BWIV.UN,2026-01-31,,0,,0
BWIV.UN,2026-02-28,,0,,0
BWIV.WT,2026-01-31,,0,,0
BWIV.WT,2026-02-28,,0,,0
BWLP,2026-01-31,,0,,0
BWLP,2026-02-28,,0,,0
BWMN,2026-01-31,,0,,0
BWMN,2026-02-28,,0,,0
BWMX,2026-01-31,,0,,0
BWMX,2026-02-28,,0,,0
BWNB,2026-01-31,,0,,0
BWNB,2026-02-28,,0,,0
BWOW,2026-01-31,,0,,0
BWOW,2026-02-28,,0,,0
BWXT,2026-01-31,,0,,0
BWXT,2026-02-28,,0,,0
BX,2026-01-31,,0,,0
BX,2026-02-28,,0,,0
BXC,2026-01-31,,0,,0
BXC,2026-02-28,,0,,0
BXDC,2026-01-31,,0,,0
BXDC,2026-02-28,,0,,0
BXMT,2026-01-31,,0,,0
BXMT,2026-02-28,,0,,0
BXP,2026-01-31,,0,,0
BXP,2026-02-28,,0,,0
BXSL,2026-01-31,,0,,0
BXSL,2026-02-28,,0,,0
BY,2026-01-31,,0,,0
BY,2026-02-28,,0,,0
BYAH,2026-01-31,,0,,0
BYAH,2026-02-28,,0,,0
BYD,2026-01-31,,0,,0
BYD,2026-02-28,,0,,0
BYFC,2026-01-31,,0,,0
BYFC,2026-02-28,,0,,0
BYND,2026-01-31,,0,,0
BYND,2026-02-28,,0,,0
BYRN,2026-01-31,,0,,0
BYRN,2026-02-28,,0,,0
BYSI,2026-01-31,,0,,0
BYSI,2026-02-28,,0,,0
BZ,2026-01-31,,0,,0
BZ,2026-02-28,,0,,0
BZAI,2026-01-31,,0,,0
BZAI,2026-02-28,,0,,0
BZAIW,2026-01-31,,0,,0
BZAIW,2026-02-28,,0,,0
BZFD,2026-01-31,,0,,0
BZFD,2026-02-28,,0,,0
BZFDW,2026-01-31,,0,,0
BZFDW,2026-02-28,,0,,0
BZH,2026-01-31,,0,,0
BZH,2026-02-28,,0,,0
BZUN,2026-01-31,,0,,0
BZUN,2026-02-28,,0,,0
C,2026-01-31,,0,,0
C,2026-02-28,,0,,0
C.PN,2026-01-31,,0,,0
C.PN,2026-02-28,,0,,0
C.PR,2026-01-31,,0,,0
C.PR,2026-02-28,,0,,0
CAAP,2026-01-31,,0,,0
CAAP,2026-02-28,,0,,0
CAAS,2026-01-31,,0,,0
CAAS,2026-02-28,,0,,0
CABA,2026-01-31,,0,,0
CABA,2026-02-28,,0,,0
CABO,2026-01-31,,0,,0
CABO,2026-02-28,,0,,0
CABR,2026-01-31,,0,,0
CABR,2026-02-28,,0,,0
CAC,2026-01-31,,0,,0
CAC,2026-02-28,,0,,0
CACC,2026-01-31,,0,,0
CACC,2026-02-28,,0,,0
CACI,2026-01-31,,0,,0
CACI,2026-02-28,,0,,0
CADL,2026-01-31,,0,,0
CADL,2026-02-28,,0,,0
CAE,2026-01-31,,0,,0
CAE,2026-02-28,,0,,0
CAF,2026-01-31,,0,,0
CAF,2026-02-28,,0,,0
CAG,2026-01-31,,0,,0
CAG,2026-02-28,,0,,0
CAH,2026-01-31,,0,,0
CAH,2026-02-28,,0,,0
CAI,2026-01-31,,0,,0
CAI,2026-02-28,,0,,0
CAIIU,2026-01-31,,0,,0
CAIIU,2026-02-28,,0,,0
CAKE,2026-01-31,,0,,0
CAKE,2026-02-28,,0,,0
CAL,2026-01-31,,0,,0
CAL,2026-02-28,,0,,0
CALC,2026-01-31,,0,,0
CALC,2026-02-28,,0,,0
CALM,2026-01-31,,0,,0
CALM,2026-02-28,,0,,0
CALX,2026-01-31,,0,,0
CALX,2026-02-28,,0,,0
CALY,2026-01-31,,0,,0
CALY,2026-02-28,,0,,0
CAMP,2026-01-31,,0,,0
CAMP,2026-02-28,,0,,0
CAMT,2026-01-31,,0,,0
CAMT,2026-02-28,,0,,0
CAN,2026-01-31,,0,,0
CAN,2026-02-28,,0,,0
CANE,2026-01-31,,0,,0
CANE,2026-02-28,,0,,0
CANF,2026-01-31,,0,,0
CANF,2026-02-28,,0,,0
CANG,2026-01-31,,0,,0
CANG,2026-02-28,,0,,0
CAPL,2026-01-31,,0,,0
CAPL,2026-02-28,,0,,0
CAPN,2026-01-31,,0,,0
CAPN,2026-02-28,,0,,0
CAPNR,2026-01-31,,0,,0
CAPNR,2026-02-28,,0,,0
CAPNU,2026-01-31,,0,,0
CAPNU,2026-02-28,,0,,0
CAPR,2026-01-31,,0,,0
CAPR,2026-02-28,,0,,0
CAPS,2026-01-31,,0,,0
CAPS,2026-02-28,,0,,0
CAQ,2026-01-31,,0,,0
CAQ,2026-02-28,,0,,0
CAQUU,2026-01-31,,0,,0
CAQUU,2026-02-28,,0,,0
CAQUW,2026-01-31,,0,,0
CAQUW,2026-02-28,,0,,0
CAR,2026-01-31,,0,,0
CAR,2026-02-28,,0,,0
CARD,2026-01-31,,0,,0
CARD,2026-02-28,,0,,0
CARE,2026-01-31,,0,,0
CARE,2026-02-28,,0,,0
CARG,2026-01-31,,0,,0
CARG,2026-02-28,,0,,0
CARL,2026-01-31,,0,,0
CARL,2026-02-28,,0,,0
CARR,2026-01-31,,0,,0
CARR,2026-02-28,,0,,0
CARS,2026-01-31,,0,,0
CARS,2026-02-28,,0,,0
CART,2026-01-31,,0,,0
CART,2026-02-28,,0,,0
CARU,2026-01-31,,0,,0
CARU,2026-02-28,,0,,0
CASH,2026-01-31,,0,,0
CASH,2026-02-28,,0,,0
CASS,2026-01-31,,0,,0
CASS,2026-02-28,,0,,0
CAST,2026-01-31,,0,,0
CAST,2026-02-28,,0,,0
CASY,2026-01-31,,0,,0
CASY,2026-02-28,,0,,0
CAT,2026-01-31,,0,,0
CAT,2026-02-28,,0,,0
CATO,2026-01-31,,0,,0
CATO,2026-02-28,,0,,0
CATX,2026-01-31,,0,,0
CATX,2026-02-28,,0,,0
CATY,2026-01-31,,0,,0
CATY,2026-02-28,,0,,0
CAVA,2026-01-31,,0,,0
CAVA,2026-02-28,,0,,0
CB,2026-01-31,,0,,0
CB,2026-02-28,,0,,0
CBAN,2026-01-31,,0,,0
CBAN,2026-02-28,,0,,0
CBAT,2026-01-31,,0,,0
CBAT,2026-02-28,,0,,0
CBC,2026-01-31,,0,,0
CBC,2026-02-28,,0,,0
CBFV,2026-01-31,,0,,0
CBFV,2026-02-28,,0,,0
CBIO,2026-01-31,,0,,0
CBIO,2026-02-28,,0,,0
CBK,2026-01-31,,0,,0
CBK,2026-02-28,,0,,0
CBL,2026-01-31,,0,,0
CBL,2026-02-28,,0,,0
CBLL,2026-01-31,,0,,0
CBLL,2026-02-28,,0,,0
CBNA,2026-01-31,,0,,0
CBNA,2026-02-28,,0,,0
CBNK,2026-01-31,,0,,0
CBNK,2026-02-28,,0,,0
CBRE,2026-01-31,,0,,0
CBRE,2026-02-28,,0,,0
CBRL,2026-01-31,,0,,0
CBRL,2026-02-28,,0,,0
CBRS,2026-01-31,2026-04-02,1,,0
CBRS,2026-02-28,2026-04-02,1,,0
CBSH,2026-01-31,,0,,0
CBSH,2026-02-28,,0,,0
CBT,2026-01-31,,0,,0
CBT,2026-02-28,,0,,0
CBU,2026-01-31,,0,,0
CBU,2026-02-28,,0,,0
CBUS,2026-01-31,,0,,0
CBUS,2026-02-28,,0,,0
CBZ,2026-01-31,,0,,0
CBZ,2026-02-28,,0,,0
CC,2026-01-31,,0,,0
CC,2026-02-28,,0,,0
CCAP,2026-01-31,,0,,0
CCAP,2026-02-28,,0,,0
CCAQ,2026-01-31,,0,,0
CCAQ,2026-02-28,,0,,0
CCAQU,2026-01-31,,0,,0
CCAQU,2026-02-28,,0,,0
CCAQW,2026-01-31,,0,,0
CCAQW,2026-02-28,,0,,0
CCB,2026-01-31,,0,,0
CCB,2026-02-28,,0,,0
CCBG,2026-01-31,,0,,0
CCBG,2026-02-28,,0,,0
CCC,2026-01-31,,0,,0
CCC,2026-02-28,,0,,0
CCCC,2026-01-31,,0,,0
CCCC,2026-02-28,,0,,0
CCD,2026-01-31,,0,,0
CCD,2026-02-28,,0,,0
CCEC,2026-01-31,,0,,0
CCEC,2026-02-28,,0,,0
CCEL,2026-01-31,,0,,0
CCEL,2026-02-28,,0,,0
CCEP,2026-01-31,,0,,0
CCEP,2026-02-28,,0,,0
CCG,2026-01-31,,0,,0
CCG,2026-02-28,,0,,0
CCGWW,2026-01-31,,0,,0
CCGWW,2026-02-28,,0,,0
CCHH,2026-01-31,,0,,0
CCHH,2026-02-28,,0,,0
CCI,2026-01-31,,0,,0
CCI,2026-02-28,,0,,0
CCID,2026-01-31,,0,,0
CCID,2026-02-28,,0,,0
CCIF,2026-01-31,,0,,0
CCIF,2026-02-28,,0,,0
CCII,2026-01-31,,0,,0
CCII,2026-02-28,,0,,0
CCIIU,2026-01-31,,0,,0
CCIIU,2026-02-28,,0,,0
CCIIW,2026-01-31,,0,,0
CCIIW,2026-02-28,,0,,0
CCIX,2026-01-31,,0,,0
CCIX,2026-02-28,,0,,0
CCIXU,2026-01-31,,0,,0
CCIXU,2026-02-28,,0,,0
CCIXW,2026-01-31,,0,,0
CCIXW,2026-02-28,,0,,0
CCJ,2026-01-31,,0,,0
CCJ,2026-02-28,,0,,0
CCK,2026-01-31,,0,,0
CCK,2026-02-28,,0,,0
CCL,2026-01-31,,0,,0
CCL,2026-02-28,,0,,0
CCLD,2026-01-31,,0,,0
CCLD,2026-02-28,,0,,0
CCM,2026-01-31,,0,,0
CCM,2026-02-28,,0,,0
CCNE,2026-01-31,,0,,0
CCNE,2026-02-28,,0,,0
CCNEP,2026-01-31,,0,,0
CCNEP,2026-02-28,,0,,0
CCO,2026-01-31,2026-02-09,1,,0
CCO,2026-02-28,,0,,0
CCOI,2026-01-31,,0,,0
CCOI,2026-02-28,,0,,0
CCRN,2026-01-31,2026-05-06,1,,0
CCRN,2026-02-28,2026-05-06,1,,0
CCS,2026-01-31,,0,,0
CCS,2026-02-28,,0,,0
CCSI,2026-01-31,,0,,0
CCSI,2026-02-28,,0,,0
CCTG,2026-01-31,,0,,0
CCTG,2026-02-28,,0,,0
CCU,2026-01-31,,0,,0
CCU,2026-02-28,,0,,0
CCXI,2026-01-31,,0,,0
CCXI,2026-02-28,,0,,0
CCXIU,2026-01-31,,0,,0
CCXIU,2026-02-28,,0,,0
CCXIW,2026-01-31,,0,,0
CCXIW,2026-02-28,,0,,0
CCZ,2026-01-31,,0,,0
CCZ,2026-02-28,,0,,0
CD,2026-01-31,,0,2026-03-12,1
CD,2026-02-28,,0,2026-03-12,1
CDE,2026-01-31,,0,,0
CDE,2026-02-28,,0,,0
CDIO,2026-01-31,,0,,0
CDIO,2026-02-28,,0,,0
CDIOW,2026-01-31,,0,,0
CDIOW,2026-02-28,,0,,0
CDLR,2026-01-31,,0,,0
CDLR,2026-02-28,,0,,0
CDLX,2026-01-31,,0,,0
CDLX,2026-02-28,,0,,0
CDNA,2026-01-31,,0,,0
CDNA,2026-02-28,,0,,0
CDNL,2026-01-31,,0,,0
CDNL,2026-02-28,,0,,0
CDNS,2026-01-31,,0,,0
CDNS,2026-02-28,,0,,0
CDP,2026-01-31,,0,,0
CDP,2026-02-28,,0,,0
CDR.PB,2026-01-31,,0,,0
CDR.PB,2026-02-28,,0,,0
CDR.PC,2026-01-31,,0,,0
CDR.PC,2026-02-28,,0,,0
CDRE,2026-01-31,,0,,0
CDRE,2026-02-28,,0,,0
CDRO,2026-01-31,,0,,0
CDRO,2026-02-28,,0,,0
CDROW,2026-01-31,,0,,0
CDROW,2026-02-28,,0,,0
CDT,2026-01-31,,0,,0
CDT,2026-02-28,,0,,0
CDTG,2026-01-31,,0,,0
CDTG,2026-02-28,,0,,0
CDTTW,2026-01-31,,0,,0
CDTTW,2026-02-28,,0,,0
CDW,2026-01-31,,0,,0
CDW,2026-02-28,,0,,0
CDXS,2026-01-31,,0,,0
CDXS,2026-02-28,,0,,0
CDZI,2026-01-31,,0,,0
CDZI,2026-02-28,,0,,0
CDZIP,2026-01-31,,0,,0
CDZIP,2026-02-28,,0,,0
CE,2026-01-31,,0,,0
CE,2026-02-28,,0,,0
CECO,2026-01-31,,0,,0
CECO,2026-02-28,,0,,0
CEE,2026-01-31,,0,,0
CEE,2026-02-28,,0,,0
CEF,2026-01-31,,0,,0
CEF,2026-02-28,,0,,0
CEFD,2026-01-31,,0,,0
CEFD,2026-02-28,,0,,0
CEG,2026-01-31,,0,,0
CEG,2026-02-28,,0,,0
CELC,2026-01-31,,0,,0
CELC,2026-02-28,,0,,0
CELG.RI,2026-01-31,,0,,0
CELG.RI,2026-02-28,,0,,0
CELH,2026-01-31,,0,,0
CELH,2026-02-28,,0,,0
CELU,2026-01-31,,0,,0
CELU,2026-02-28,,0,,0
CELUW,2026-01-31,,0,,0
CELUW,2026-02-28,,0,,0
CELZ,2026-01-31,,0,,0
CELZ,2026-02-28,,0,,0
CENN,2026-01-31,,0,,0
CENN,2026-02-28,,0,,0
CENT,2026-01-31,,0,,0
CENT,2026-02-28,,0,,0
CENTA,2026-01-31,,0,,0
CENTA,2026-02-28,,0,,0
CENX,2026-01-31,,0,,0
CENX,2026-02-28,,0,,0
CEPF,2026-01-31,,0,,0
CEPF,2026-02-28,,0,,0
CEPO,2026-01-31,,0,,0
CEPO,2026-02-28,,0,,0
CEPS,2026-01-31,,0,,0
CEPS,2026-02-28,,0,,0
CEPT,2026-01-31,,0,,0
CEPT,2026-02-28,,0,,0
CEPU,2026-01-31,,0,,0
CEPU,2026-02-28,,0,,0
CEPV,2026-01-31,,0,,0
CEPV,2026-02-28,,0,,0
CERS,2026-01-31,,0,,0
CERS,2026-02-28,,0,,0
CERT,2026-01-31,,0,,0
CERT,2026-02-28,,0,,0
CET,2026-01-31,,0,,0
CET,2026-02-28,,0,,0
CETX,2026-01-31,,0,,0
CETX,2026-02-28,,0,,0
CETY,2026-01-31,,0,,0
CETY,2026-02-28,,0,,0
CEV,2026-01-31,,0,,0
CEV,2026-02-28,,0,,0
CEVA,2026-01-31,,0,,0
CEVA,2026-02-28,,0,,0
CF,2026-01-31,,0,,0
CF,2026-02-28,,0,,0
CFBK,2026-01-31,,0,,0
CFBK,2026-02-28,,0,,0
CFFI,2026-01-31,,0,,0
CFFI,2026-02-28,,0,,0
CFFN,2026-01-31,,0,,0
CFFN,2026-02-28,,0,,0
CFG,2026-01-31,,0,,0
CFG,2026-02-28,,0,,0
CFG.PE,2026-01-31,,0,,0
CFG.PE,2026-02-28,,0,,0
CFG.PH,2026-01-31,,0,,0
CFG.PH,2026-02-28,,0,,0
CFG.PI,2026-01-31,,0,,0
CFG.PI,2026-02-28,,0,,0
CFND,2026-01-31,,0,,0
CFND,2026-02-28,,0,,0
CFR,2026-01-31,,0,,0
CFR,2026-02-28,,0,,0
CFR.PB,2026-01-31,,0,,0
CFR.PB,2026-02-28,,0,,0
CFTR.PA,2026-01-31,,0,,0
CFTR.PA,2026-02-28,,0,,0
CG,2026-01-31,,0,,0
CG,2026-02-28,,0,,0
CGABL,2026-01-31,,0,,0
CGABL,2026-02-28,,0,,0
CGAU,2026-01-31,,0,,0
CGAU,2026-02-28,,0,,0
CGBD,2026-01-31,,0,,0
CGBD,2026-02-28,,0,,0
CGC,2026-01-31,,0,,0
CGC,2026-02-28,,0,,0
CGCT,2026-01-31,,0,,0
CGCT,2026-02-28,,0,,0
CGCTU,2026-01-31,,0,,0
CGCTU,2026-02-28,,0,,0
CGCTW,2026-01-31,,0,,0
CGCTW,2026-02-28,,0,,0
CGEM,2026-01-31,,0,,0
CGEM,2026-02-28,,0,,0
CGEN,2026-01-31,,0,,0
CGEN,2026-02-28,,0,,0
CGNT,2026-01-31,,0,,0
CGNT,2026-02-28,,0,,0
CGNX,2026-01-31,,0,,0
CGNX,2026-02-28,,0,,0
CGO,2026-01-31,,0,,0
CGO,2026-02-28,,0,,0
CGON,2026-01-31,,0,,0
CGON,2026-02-28,,0,,0
CGTL,2026-01-31,,0,,0
CGTL,2026-02-28,,0,,0
CGTX,2026-01-31,,0,,0
CGTX,2026-02-28,,0,,0
CHA,2026-01-31,,0,,0
CHA,2026-02-28,,0,,0
CHAI,2026-01-31,,0,,0
CHAI,2026-02-28,,0,,0
CHAR,2026-01-31,,0,,0
CHAR,2026-02-28,,0,,0
CHARR,2026-01-31,,0,,0
CHARR,2026-02-28,,0,,0
CHARU,2026-01-31,,0,,0
CHARU,2026-02-28,,0,,0
CHCI,2026-01-31,,0,,0
CHCI,2026-02-28,,0,,0
CHCO,2026-01-31,,0,,0
CHCO,2026-02-28,,0,,0
CHCT,2026-01-31,,0,,0
CHCT,2026-02-28,,0,,0
CHD,2026-01-31,,0,,0
CHD,2026-02-28,,0,,0
CHDN,2026-01-31,,0,,0
CHDN,2026-02-28,,0,,0
CHE,2026-01-31,,0,,0
CHE,2026-02-28,,0,,0
CHEC,2026-01-31,,0,,0
CHEC,2026-02-28,,0,,0
CHECU,2026-01-31,,0,,0
CHECU,2026-02-28,,0,,0
CHECW,2026-01-31,,0,,0
CHECW,2026-02-28,,0,,0
CHEF,2026-01-31,,0,,0
CHEF,2026-02-28,,0,,0
CHGG,2026-01-31,,0,,0
CHGG,2026-02-28,,0,,0
CHH,2026-01-31,,0,,0
CHH,2026-02-28,,0,,0
CHI,2026-01-31,,0,,0
CHI,2026-02-28,,0,,0
CHKP,2026-01-31,,0,,0
CHKP,2026-02-28,,0,,0
CHMG,2026-01-31,,0,,0
CHMG,2026-02-28,,0,,0
CHMI,2026-01-31,,0,,0
CHMI,2026-02-28,,0,,0
CHMI.PA,2026-01-31,,0,,0
CHMI.PA,2026-02-28,,0,,0
CHMI.PB,2026-01-31,,0,,0
CHMI.PB,2026-02-28,,0,,0
CHNR,2026-01-31,,0,,0
CHNR,2026-02-28,,0,,0
CHOW,2026-01-31,,0,,0
CHOW,2026-02-28,,0,,0
CHPG,2026-01-31,,0,,0
CHPG,2026-02-28,,0,,0
CHPGR,2026-01-31,,0,,0
CHPGR,2026-02-28,,0,,0
CHPGU,2026-01-31,,0,,0
CHPGU,2026-02-28,,0,,0
CHPT,2026-01-31,,0,,0
CHPT,2026-02-28,,0,,0
CHR,2026-01-31,,0,,0
CHR,2026-02-28,,0,,0
CHRD,2026-01-31,,0,,0
CHRD,2026-02-28,,0,,0
CHRN,2026-01-31,,0,,0
CHRN,2026-02-28,,0,,0
CHRS,2026-01-31,,0,,0
CHRS,2026-02-28,,0,,0
CHRW,2026-01-31,,0,,0
CHRW,2026-02-28,,0,,0
CHSCL,2026-01-31,,0,,0
CHSCL,2026-02-28,,0,,0
CHSCM,2026-01-31,,0,,0
CHSCM,2026-02-28,,0,,0
CHSCN,2026-01-31,,0,,0
CHSCN,2026-02-28,,0,,0
CHSCO,2026-01-31,,0,,0
CHSCO,2026-02-28,,0,,0
CHSCP,2026-01-31,,0,,0
CHSCP,2026-02-28,,0,,0
CHSN,2026-01-31,,0,,0
CHSN,2026-02-28,,0,,0
CHT,2026-01-31,,0,,0
CHT,2026-02-28,,0,,0
CHTR,2026-01-31,,0,,0
CHTR,2026-02-28,,0,,0
CHW,2026-01-31,,0,,0
CHW,2026-02-28,,0,,0
CHWY,2026-01-31,,0,,0
CHWY,2026-02-28,,0,,0
CHY,2026-01-31,,0,,0
CHY,2026-02-28,,0,,0
CHYM,2026-01-31,,0,,0
CHYM,2026-02-28,,0,,0
CI,2026-01-31,,0,,0
CI,2026-02-28,,0,,0
CIA,2026-01-31,,0,,0
CIA,2026-02-28,,0,,0
CIB,2026-01-31,,0,,0
CIB,2026-02-28,,0,,0
CICB,2026-01-31,,0,,0
CICB,2026-02-28,,0,,0
CICC,2026-01-31,,0,,0
CICC,2026-02-28,,0,,0
CIEN,2026-01-31,,0,,0
CIEN,2026-02-28,,0,,0
CIF,2026-01-31,,0,,0
CIF,2026-02-28,,0,,0
CIFR,2026-01-31,,0,,0
CIFR,2026-02-28,,0,,0
CIG,2026-01-31,,0,,0
CIG,2026-02-28,,0,,0
CIG.C,2026-01-31,,0,,0
CIG.C,2026-02-28,,0,,0
CIGI,2026-01-31,,0,,0
CIGI,2026-02-28,,0,,0
CII,2026-01-31,,0,,0
CII,2026-02-28,,0,,0
CIIT,2026-01-31,,0,,0
CIIT,2026-02-28,,0,,0
CIK,2026-01-31,,0,,0
CIK,2026-02-28,,0,,0
CIM,2026-01-31,,0,,0
CIM,2026-02-28,,0,,0
CIM.PA,2026-01-31,,0,,0
CIM.PA,2026-02-28,,0,,0
CIM.PB,2026-01-31,,0,,0
CIM.PB,2026-02-28,,0,,0
CIM.PC,2026-01-31,,0,,0
CIM.PC,2026-02-28,,0,,0
CIM.PD,2026-01-31,,0,,0
CIM.PD,2026-02-28,,0,,0
CIMN,2026-01-31,,0,,0
CIMN,2026-02-28,,0,,0
CIMO,2026-01-31,,0,,0
CIMO,2026-02-28,,0,,0
CIMP,2026-01-31,,0,,0
CIMP,2026-02-28,,0,,0
CINF,2026-01-31,,0,,0
CINF,2026-02-28,,0,,0
CING,2026-01-31,,0,,0
CING,2026-02-28,,0,,0
CINGW,2026-01-31,,0,,0
CINGW,2026-02-28,,0,,0
CINT,2026-01-31,,0,,0
CINT,2026-02-28,,0,,0
CION,2026-01-31,,0,,0
CION,2026-02-28,,0,,0
CISO,2026-01-31,,0,,0
CISO,2026-02-28,,0,,0
CISS,2026-01-31,,0,,0
CISS,2026-02-28,,0,,0
CITR,2026-01-31,,0,,0
CITR,2026-02-28,,0,,0
CIVB,2026-01-31,,0,,0
CIVB,2026-02-28,,0,,0
CIX,2026-01-31,,0,,0
CIX,2026-02-28,,0,,0
CJMB,2026-01-31,,0,,0
CJMB,2026-02-28,,0,,0
CKX,2026-01-31,,0,,0
CKX,2026-02-28,,0,,0
CL,2026-01-31,,0,,0
CL,2026-02-28,,0,,0
CLAR,2026-01-31,,0,,0
CLAR,2026-02-28,,0,,0
CLB,2026-01-31,,0,,0
CLB,2026-02-28,,0,,0
CLBK,2026-01-31,,0,2026-02-02,1
CLBK,2026-02-28,,0,,0
CLBR,2026-01-31,,0,,0
CLBR,2026-02-28,,0,,0
CLBR.UN,2026-01-31,,0,,0
CLBR.UN,2026-02-28,,0,,0
CLBR.WT,2026-01-31,,0,,0
CLBR.WT,2026-02-28,,0,,0
CLBT,2026-01-31,,0,,0
CLBT,2026-02-28,,0,,0
CLDI,2026-01-31,,0,,0
CLDI,2026-02-28,,0,,0
CLDT,2026-01-31,,0,,0
CLDT,2026-02-28,,0,,0
CLDT.PA,2026-01-31,,0,,0
CLDT.PA,2026-02-28,,0,,0
CLDX,2026-01-31,,0,,0
CLDX,2026-02-28,,0,,0
CLF,2026-01-31,,0,,0
CLF,2026-02-28,,0,,0
CLFD,2026-01-31,,0,,0
CLFD,2026-02-28,,0,,0
CLGN,2026-01-31,,0,,0
CLGN,2026-02-28,,0,,0
CLH,2026-01-31,,0,,0
CLH,2026-02-28,,0,,0
CLIK,2026-01-31,,0,,0
CLIK,2026-02-28,,0,,0
CLIR,2026-01-31,,0,,0
CLIR,2026-02-28,,0,,0
CLLS,2026-01-31,,0,,0
CLLS,2026-02-28,,0,,0
CLM,2026-01-31,,0,,0
CLM,2026-02-28,,0,,0
CLMB,2026-01-31,,0,,0
CLMB,2026-02-28,,0,,0
CLMT,2026-01-31,,0,,0
CLMT,2026-02-28,,0,,0
CLNE,2026-01-31,,0,,0
CLNE,2026-02-28,,0,,0
CLNK,2026-01-31,,0,,0
CLNK,2026-02-28,,0,,0
CLNN,2026-01-31,,0,,0
CLNN,2026-02-28,,0,,0
CLOV,2026-01-31,,0,,0
CLOV,2026-02-28,,0,,0
CLPR,2026-01-31,,0,,0
CLPR,2026-02-28,,0,,0
CLPS,2026-01-31,,0,,0
CLPS,2026-02-28,,0,,0
CLPT,2026-01-31,,0,,0
CLPT,2026-02-28,,0,,0
CLRB,2026-01-31,,0,,0
CLRB,2026-02-28,,0,,0
CLRO,2026-01-31,,0,,0
CLRO,2026-02-28,,0,,0
CLS,2026-01-31,,0,,0
CLS,2026-02-28,,0,,0
CLSK,2026-01-31,,0,,0
CLSK,2026-02-28,,0,,0
CLSKW,2026-01-31,,0,,0
CLSKW,2026-02-28,,0,,0
CLST,2026-01-31,,0,,0
CLST,2026-02-28,,0,,0
CLVT,2026-01-31,,0,,0
CLVT,2026-02-28,,0,,0
CLW,2026-01-31,,0,,0
CLW,2026-02-28,,0,,0
CLWT,2026-01-31,,0,,0
CLWT,2026-02-28,,0,,0
CLX,2026-01-31,,0,,0
CLX,2026-02-28,,0,,0
CLYM,2026-01-31,,0,,0
CLYM,2026-02-28,,0,,0
CM,2026-01-31,,0,,0
CM,2026-02-28,,0,,0
CMBT,2026-01-31,,0,,0
CMBT,2026-02-28,,0,,0
CMC,2026-01-31,,0,,0
CMC,2026-02-28,,0,,0
CMCL,2026-01-31,,0,,0
CMCL,2026-02-28,,0,,0
CMCM,2026-01-31,,0,,0
CMCM,2026-02-28,,0,,0
CMCO,2026-01-31,,0,,0
CMCO,2026-02-28,,0,,0
CMCSA,2026-01-31,,0,,0
CMCSA,2026-02-28,,0,,0
CMCT,2026-01-31,,0,,0
CMCT,2026-02-28,,0,,0
CMDB,2026-01-31,,0,,0
CMDB,2026-02-28,,0,,0
CME,2026-01-31,,0,,0
CME,2026-02-28,,0,,0
CMG,2026-01-31,,0,,0
CMG,2026-02-28,,0,,0
CMI,2026-01-31,,0,,0
CMI,2026-02-28,,0,,0
CMII,2026-01-31,,0,,0
CMII,2026-02-28,,0,,0
CMIIU,2026-01-31,,0,,0
CMIIU,2026-02-28,,0,,0
CMIIW,2026-01-31,,0,,0
CMIIW,2026-02-28,,0,,0
CMMB,2026-01-31,,0,,0
CMMB,2026-02-28,,0,,0
CMND,2026-01-31,,0,,0
CMND,2026-02-28,,0,,0
CMP,2026-01-31,,0,,0
CMP,2026-02-28,,0,,0
CMPR,2026-01-31,,0,,0
CMPR,2026-02-28,,0,,0
CMPS,2026-01-31,,0,,0
CMPS,2026-02-28,,0,,0
CMPX,2026-01-31,,0,,0
CMPX,2026-02-28,,0,,0
CMRC,2026-01-31,,0,,0
CMRC,2026-02-28,,0,,0
CMRE,2026-01-31,,0,,0
CMRE,2026-02-28,,0,,0
CMRE.PB,2026-01-31,,0,,0
CMRE.PB,2026-02-28,,0,,0
CMRE.PC,2026-01-31,,0,,0
CMRE.PC,2026-02-28,,0,,0
CMRE.PD,2026-01-31,,0,,0
CMRE.PD,2026-02-28,,0,,0
CMS,2026-01-31,,0,,0
CMS,2026-02-28,,0,,0
CMS.PB,2026-01-31,,0,,0
CMS.PB,2026-02-28,,0,,0
CMS.PC,2026-01-31,,0,,0
CMS.PC,2026-02-28,,0,,0
CMSA,2026-01-31,,0,,0
CMSA,2026-02-28,,0,,0
CMSC,2026-01-31,,0,,0
CMSC,2026-02-28,,0,,0
CMSD,2026-01-31,,0,,0
CMSD,2026-02-28,,0,,0
CMT,2026-01-31,,0,,0
CMT,2026-02-28,,0,,0
CMTG,2026-01-31,,0,,0
CMTG,2026-02-28,,0,,0
CMTL,2026-01-31,,0,,0
CMTL,2026-02-28,,0,,0
CMTV,2026-01-31,,0,,0
CMTV,2026-02-28,,0,,0
CMU,2026-01-31,,0,,0
CMU,2026-02-28,,0,,0
CNA,2026-01-31,,0,,0
CNA,2026-02-28,,0,,0
CNC,2026-01-31,,0,,0
CNC,2026-02-28,,0,,0
CNCK,2026-01-31,,0,,0
CNCK,2026-02-28,,0,,0
CNCKW,2026-01-31,,0,,0
CNCKW,2026-02-28,,0,,0
CNDT,2026-01-31,,0,,0
CNDT,2026-02-28,,0,,0
CNET,2026-01-31,,0,,0
CNET,2026-02-28,,0,,0
CNEY,2026-01-31,,0,,0
CNEY,2026-02-28,,0,,0
CNF,2026-01-31,,0,,0
CNF,2026-02-28,,0,,0
CNH,2026-01-31,,0,,0
CNH,2026-02-28,,0,,0
CNI,2026-01-31,,0,,0
CNI,2026-02-28,,0,,0
CNK,2026-01-31,,0,,0
CNK,2026-02-28,,0,,0
CNL,2026-01-31,,0,,0
CNL,2026-02-28,,0,,0
CNM,2026-01-31,,0,,0
CNM,2026-02-28,,0,,0
CNMD,2026-01-31,,0,,0
CNMD,2026-02-28,,0,,0
CNNE,2026-01-31,,0,,0
CNNE,2026-02-28,,0,,0
CNO,2026-01-31,,0,,0
CNO,2026-02-28,,0,,0
CNO.PA,2026-01-31,,0,,0
CNO.PA,2026-02-28,,0,,0
CNOB,2026-01-31,,0,,0
CNOB,2026-02-28,,0,,0
CNOBP,2026-01-31,,0,,0
CNOBP,2026-02-28,,0,,0
CNP,2026-01-31,,0,,0
CNP,2026-02-28,,0,,0
CNQ,2026-01-31,,0,,0
CNQ,2026-02-28,,0,,0
CNR,2026-01-31,,0,,0
CNR,2026-02-28,,0,,0
CNS,2026-01-31,,0,,0
CNS,2026-02-28,,0,,0
CNSP,2026-01-31,,0,,0
CNSP,2026-02-28,,0,,0
CNTA,2026-01-31,,0,,0
CNTA,2026-02-28,,0,,0
CNTB,2026-01-31,,0,,0
CNTB,2026-02-28,,0,,0
CNTN,2026-01-31,,0,,0
CNTN,2026-02-28,,0,,0
CNTX,2026-01-31,,0,,0
CNTX,2026-02-28,,0,,0
CNTY,2026-01-31,,0,,0
CNTY,2026-02-28,,0,,0
CNVS,2026-01-31,,0,,0
CNVS,2026-02-28,,0,,0
CNX,2026-01-31,,0,,0
CNX,2026-02-28,,0,,0
CNXC,2026-01-31,,0,,0
CNXC,2026-02-28,,0,,0
CNXN,2026-01-31,,0,,0
CNXN,2026-02-28,,0,,0
CNXU,2026-01-31,,0,,0
CNXU,2026-02-28,,0,,0
COAG,2026-01-31,,0,,0
COAG,2026-02-28,,0,,0
COCH,2026-01-31,,0,,0
COCH,2026-02-28,,0,,0
COCHW,2026-01-31,,0,,0
COCHW,2026-02-28,,0,,0
COCO,2026-01-31,,0,,0
COCO,2026-02-28,,0,,0
COCP,2026-01-31,,0,,0
COCP,2026-02-28,,0,,0
CODA,2026-01-31,,0,,0
CODA,2026-02-28,,0,,0
CODI,2026-01-31,,0,,0
CODI,2026-02-28,,0,,0
CODI.PA,2026-01-31,,0,,0
CODI.PA,2026-02-28,,0,,0
CODI.PB,2026-01-31,,0,,0
CODI.PB,2026-02-28,,0,,0
CODI.PC,2026-01-31,,0,,0
CODI.PC,2026-02-28,,0,,0
CODX,2026-01-31,,0,,0
CODX,2026-02-28,,0,,0
COE,2026-01-31,,0,,0
COE,2026-02-28,,0,,0
COF,2026-01-31,,0,,0
COF,2026-02-28,,0,,0
COF.PI,2026-01-31,,0,,0
COF.PI,2026-02-28,,0,,0
COF.PJ,2026-01-31,,0,,0
COF.PJ,2026-02-28,,0,,0
COF.PK,2026-01-31,,0,,0
COF.PK,2026-02-28,,0,,0
COF.PL,2026-01-31,,0,,0
COF.PL,2026-02-28,,0,,0
COF.PN,2026-01-31,,0,,0
COF.PN,2026-02-28,,0,,0
COFS,2026-01-31,,0,,0
COFS,2026-02-28,,0,,0
COGT,2026-01-31,,0,,0
COGT,2026-02-28,,0,,0
COHN,2026-01-31,,0,,0
COHN,2026-02-28,,0,,0
COHR,2026-01-31,,0,,0
COHR,2026-02-28,,0,,0
COHU,2026-01-31,,0,,0
COHU,2026-02-28,,0,,0
COIN,2026-01-31,,0,,0
COIN,2026-02-28,,0,,0
COKE,2026-01-31,,0,,0
COKE,2026-02-28,,0,,0
COLA,2026-01-31,,0,,0
COLA,2026-02-28,,0,,0
COLAR,2026-01-31,,0,,0
COLAR,2026-02-28,,0,,0
COLAU,2026-01-31,,0,,0
COLAU,2026-02-28,,0,,0
COLB,2026-01-31,,0,,0
COLB,2026-02-28,,0,,0
COLD,2026-01-31,,0,,0
COLD,2026-02-28,,0,,0
COLL,2026-01-31,,0,,0
COLL,2026-02-28,,0,,0
COLM,2026-01-31,,0,,0
COLM,2026-02-28,,0,,0
COMP,2026-01-31,,0,,0
COMP,2026-02-28,,0,,0
CON,2026-01-31,,0,,0
CON,2026-02-28,,0,,0
COO,2026-01-31,,0,,0
COO,2026-02-28,,0,,0
COOK,2026-01-31,,0,,0
COOK,2026-02-28,,0,,0
COOT,2026-01-31,,0,,0
COOT,2026-02-28,,0,,0
COOTW,2026-01-31,,0,,0
COOTW,2026-02-28,,0,,0
COP,2026-01-31,,0,,0
COP,2026-02-28,,0,,0
COPL,2026-01-31,,0,,0
COPL,2026-02-28,,0,,0
COPL.UN,2026-01-31,,0,,0
COPL.UN,2026-02-28,,0,,0
COPL.WT,2026-01-31,,0,,0
COPL.WT,2026-02-28,,0,,0
COR,2026-01-31,,0,,0
COR,2026-02-28,,0,,0
CORN,2026-01-31,,0,,0
CORN,2026-02-28,,0,,0
CORT,2026-01-31,,0,,0
CORT,2026-02-28,,0,,0
CORZ,2026-01-31,,0,,0
CORZ,2026-02-28,,0,,0
CORZW,2026-01-31,,0,,0
CORZW,2026-02-28,,0,,0
CORZZ,2026-01-31,,0,,0
CORZZ,2026-02-28,,0,,0
COSM,2026-01-31,,0,,0
COSM,2026-02-28,,0,,0
COSO,2026-01-31,,0,,0
COSO,2026-02-28,,0,,0
COST,2026-01-31,,0,,0
COST,2026-02-28,,0,,0
COTY,2026-01-31,,0,,0
COTY,2026-02-28,,0,,0
COUR,2026-01-31,,0,,0
COUR,2026-02-28,,0,,0
COYA,2026-01-31,,0,,0
COYA,2026-02-28,,0,,0
CP,2026-01-31,,0,,0
CP,2026-02-28,,0,,0
CPA,2026-01-31,,0,,0
CPA,2026-02-28,,0,,0
CPAC,2026-01-31,,0,,0
CPAC,2026-02-28,,0,,0
CPAY,2026-01-31,,0,,0
CPAY,2026-02-28,,0,,0
CPB,2026-01-31,,0,,0
CPB,2026-02-28,,0,,0
CPBI,2026-01-31,,0,,0
CPBI,2026-02-28,,0,,0
CPER,2026-01-31,,0,,0
CPER,2026-02-28,,0,,0
CPF,2026-01-31,,0,,0
CPF,2026-02-28,,0,,0
CPHC,2026-01-31,,0,,0
CPHC,2026-02-28,,0,,0
CPHI,2026-01-31,,0,,0
CPHI,2026-02-28,,0,,0
CPIX,2026-01-31,,0,,0
CPIX,2026-02-28,,0,,0
CPK,2026-01-31,,0,,0
CPK,2026-02-28,,0,,0
CPNG,2026-01-31,,0,,0
CPNG,2026-02-28,,0,,0
CPOP,2026-01-31,,0,,0
CPOP,2026-02-28,,0,,0
CPRI,2026-01-31,,0,,0
CPRI,2026-02-28,,0,,0
CPRT,2026-01-31,,0,,0
CPRT,2026-02-28,,0,,0
CPRX,2026-01-31,2026-05-07,1,,0
CPRX,2026-02-28,2026-05-07,1,,0
CPS,2026-01-31,,0,,0
CPS,2026-02-28,,0,,0
CPSH,2026-01-31,,0,,0
CPSH,2026-02-28,,0,,0
CPSS,2026-01-31,,0,,0
CPSS,2026-02-28,,0,,0
CPT,2026-01-31,,0,,0
CPT,2026-02-28,,0,,0
CPZ,2026-01-31,,0,,0
CPZ,2026-02-28,,0,,0
CQP,2026-01-31,,0,,0
CQP,2026-02-28,,0,,0
CR,2026-01-31,,0,,0
CR,2026-02-28,,0,,0
CRAC,2026-01-31,,0,,0
CRAC,2026-02-28,,0,,0
CRACR,2026-01-31,,0,,0
CRACR,2026-02-28,,0,,0
CRACU,2026-01-31,,0,,0
CRACU,2026-02-28,,0,,0
CRACW,2026-01-31,,0,,0
CRACW,2026-02-28,,0,,0
CRAI,2026-01-31,,0,,0
CRAI,2026-02-28,,0,,0
CRAN,2026-01-31,,0,,0
CRAN,2026-02-28,,0,,0
CRANR,2026-01-31,,0,,0
CRANR,2026-02-28,,0,,0
CRANU,2026-01-31,,0,,0
CRANU,2026-02-28,,0,,0
CRAQ,2026-01-31,,0,,0
CRAQ,2026-02-28,,0,,0
CRAQR,2026-01-31,,0,,0
CRAQR,2026-02-28,,0,,0
CRAQU,2026-01-31,,0,,0
CRAQU,2026-02-28,,0,,0
CRBD,2026-01-31,,0,,0
CRBD,2026-02-28,,0,,0
CRBG,2026-01-31,,0,2026-03-26,1
CRBG,2026-02-28,,0,2026-03-26,1
CRBP,2026-01-31,,0,,0
CRBP,2026-02-28,,0,,0
CRBU,2026-01-31,,0,,0
CRBU,2026-02-28,,0,,0
CRC,2026-01-31,,0,,0
CRC,2026-02-28,,0,,0
CRCL,2026-01-31,,0,,0
CRCL,2026-02-28,,0,,0
CRCT,2026-01-31,,0,,0
CRCT,2026-02-28,,0,,0
CRD.A,2026-01-31,,0,,0
CRD.A,2026-02-28,,0,,0
CRD.B,2026-01-31,,0,,0
CRD.B,2026-02-28,,0,,0
CRDF,2026-01-31,,0,,0
CRDF,2026-02-28,,0,,0
CRDL,2026-01-31,,0,,0
CRDL,2026-02-28,,0,,0
CRDO,2026-01-31,,0,,0
CRDO,2026-02-28,,0,,0
CRE,2026-01-31,,0,,0
CRE,2026-02-28,,0,,0
CREG,2026-01-31,,0,,0
CREG,2026-02-28,,0,,0
CRESY,2026-01-31,,0,,0
CRESY,2026-02-28,,0,,0
CREX,2026-01-31,,0,,0
CREX,2026-02-28,,0,,0
CRF,2026-01-31,,0,,0
CRF,2026-02-28,,0,,0
CRGO,2026-01-31,,0,,0
CRGO,2026-02-28,,0,,0
CRGOW,2026-01-31,,0,,0
CRGOW,2026-02-28,,0,,0
CRGY,2026-01-31,,0,,0
CRGY,2026-02-28,,0,,0
CRH,2026-01-31,,0,,0
CRH,2026-02-28,,0,,0
CRI,2026-01-31,,0,,0
CRI,2026-02-28,,0,,0
CRIS,2026-01-31,,0,,0
CRIS,2026-02-28,,0,,0
CRK,2026-01-31,,0,,0
CRK,2026-02-28,,0,,0
CRL,2026-01-31,,0,,0
CRL,2026-02-28,,0,,0
CRM,2026-01-31,,0,,0
CRM,2026-02-28,,0,,0
CRMD,2026-01-31,,0,,0
CRMD,2026-02-28,,0,,0
CRML,2026-01-31,,0,,0
CRML,2026-02-28,,0,,0
CRMLW,2026-01-31,,0,,0
CRMLW,2026-02-28,,0,,0
CRMT,2026-01-31,,0,,0
CRMT,2026-02-28,,0,,0
CRNC,2026-01-31,,0,,0
CRNC,2026-02-28,,0,,0
CRNT,2026-01-31,,0,,0
CRNT,2026-02-28,,0,,0
CRNX,2026-01-31,,0,,0
CRNX,2026-02-28,,0,,0
CRON,2026-01-31,,0,,0
CRON,2026-02-28,,0,,0
CROX,2026-01-31,,0,,0
CROX,2026-02-28,,0,,0
CRS,2026-01-31,,0,,0
CRS,2026-02-28,,0,,0
CRSP,2026-01-31,,0,,0
CRSP,2026-02-28,,0,,0
CRSR,2026-01-31,,0,,0
CRSR,2026-02-28,,0,,0
CRT,2026-01-31,,0,,0
CRT,2026-02-28,,0,,0
CRTO,2026-01-31,,0,,0
CRTO,2026-02-28,,0,,0
CRUS,2026-01-31,,0,,0
CRUS,2026-02-28,,0,,0
CRVL,2026-01-31,,0,,0
CRVL,2026-02-28,,0,,0
CRVO,2026-01-31,,0,,0
CRVO,2026-02-28,,0,,0
CRVS,2026-01-31,,0,,0
CRVS,2026-02-28,,0,,0
CRWD,2026-01-31,,0,,0
CRWD,2026-02-28,,0,,0
CRWS,2026-01-31,,0,,0
CRWS,2026-02-28,,0,,0
CRWV,2026-01-31,,0,,0
CRWV,2026-02-28,,0,,0
CSAI,2026-01-31,,0,,0
CSAI,2026-02-28,,0,,0
CSAN,2026-01-31,,0,,0
CSAN,2026-02-28,,0,,0
CSBR,2026-01-31,,0,,0
CSBR,2026-02-28,,0,,0
CSCO,2026-01-31,,0,,0
CSCO,2026-02-28,,0,,0
CSGP,2026-01-31,,0,,0
CSGP,2026-02-28,,0,,0
CSHR,2026-01-31,,0,,0
CSHR,2026-02-28,,0,,0
CSHRW,2026-01-31,,0,,0
CSHRW,2026-02-28,,0,,0
CSIQ,2026-01-31,,0,,0
CSIQ,2026-02-28,,0,,0
CSL,2026-01-31,,0,,0
CSL,2026-02-28,,0,,0
CSPI,2026-01-31,,0,,0
CSPI,2026-02-28,,0,,0
CSQ,2026-01-31,,0,,0
CSQ,2026-02-28,,0,,0
CSR,2026-01-31,,0,,0
CSR,2026-02-28,,0,,0
CSTE,2026-01-31,,0,,0
CSTE,2026-02-28,,0,,0
CSTL,2026-01-31,,0,,0
CSTL,2026-02-28,,0,,0
CSTM,2026-01-31,,0,,0
CSTM,2026-02-28,,0,,0
CSV,2026-01-31,,0,,0
CSV,2026-02-28,,0,,0
CSW,2026-01-31,,0,,0
CSW,2026-02-28,,0,,0
CSWC,2026-01-31,,0,,0
CSWC,2026-02-28,,0,,0
CSX,2026-01-31,,0,,0
CSX,2026-02-28,,0,,0
CTA.PA,2026-01-31,,0,,0
CTA.PA,2026-02-28,,0,,0
CTA.PB,2026-01-31,,0,,0
CTA.PB,2026-02-28,,0,,0
CTAA,2026-01-31,,0,,0
CTAA,2026-02-28,,0,,0
CTAAR,2026-01-31,,0,,0
CTAAR,2026-02-28,,0,,0
CTAAU,2026-01-31,,0,,0
CTAAU,2026-02-28,,0,,0
CTAS,2026-01-31,,0,,0
CTAS,2026-02-28,,0,,0
CTBI,2026-01-31,,0,,0
CTBI,2026-02-28,,0,,0
CTEV,2026-01-31,,0,,0
CTEV,2026-02-28,,0,,0
CTGO,2026-01-31,,0,,0
CTGO,2026-02-28,,0,,0
CTKB,2026-01-31,,0,,0
CTKB,2026-02-28,,0,,0
CTM,2026-01-31,,0,,0
CTM,2026-02-28,,0,,0
CTMX,2026-01-31,,0,,0
CTMX,2026-02-28,,0,,0
CTNM,2026-01-31,,0,,0
CTNM,2026-02-28,,0,,0
CTNT,2026-01-31,,0,,0
CTNT,2026-02-28,,0,,0
CTO,2026-01-31,,0,,0
CTO,2026-02-28,,0,,0
CTO.PA,2026-01-31,,0,,0
CTO.PA,2026-02-28,,0,,0
CTOR,2026-01-31,,0,,0
CTOR,2026-02-28,,0,,0
CTOS,2026-01-31,,0,,0
CTOS,2026-02-28,,0,,0
CTRE,2026-01-31,,0,,0
CTRE,2026-02-28,,0,,0
CTRI,2026-01-31,,0,,0
CTRI,2026-02-28,,0,,0
CTRM,2026-01-31,,0,,0
CTRM,2026-02-28,,0,,0
CTRN,2026-01-31,,0,,0
CTRN,2026-02-28,,0,,0
CTS,2026-01-31,,0,,0
CTS,2026-02-28,,0,,0
CTSH,2026-01-31,,0,,0
CTSH,2026-02-28,,0,,0
CTSO,2026-01-31,,0,,0
CTSO,2026-02-28,,0,,0
CTVA,2026-01-31,,0,,0
CTVA,2026-02-28,,0,,0
CTW,2026-01-31,,0,,0
CTW,2026-02-28,,0,,0
CTWO,2026-01-31,,0,,0
CTWO,2026-02-28,,0,,0
CTXR,2026-01-31,,0,,0
CTXR,2026-02-28,,0,,0
CUB,2026-01-31,,0,,0
CUB,2026-02-28,,0,,0
CUBB,2026-01-31,,0,,0
CUBB,2026-02-28,,0,,0
CUBE,2026-01-31,,0,,0
CUBE,2026-02-28,,0,,0
CUBI,2026-01-31,,0,,0
CUBI,2026-02-28,,0,,0
CUBWU,2026-01-31,,0,,0
CUBWU,2026-02-28,,0,,0
CUBWW,2026-01-31,,0,,0
CUBWW,2026-02-28,,0,,0
CUE,2026-01-31,,0,,0
CUE,2026-02-28,,0,,0
CULP,2026-01-31,,0,,0
CULP,2026-02-28,,0,,0
CUPR,2026-01-31,,0,,0
CUPR,2026-02-28,,0,,0
CURB,2026-01-31,,0,,0
CURB,2026-02-28,,0,,0
CURI,2026-01-31,,0,,0
CURI,2026-02-28,,0,,0
CURR,2026-01-31,,0,,0
CURR,2026-02-28,,0,,0
CURV,2026-01-31,,0,,0
CURV,2026-02-28,,0,,0
CURX,2026-01-31,,0,,0
CURX,2026-02-28,,0,,0
CUZ,2026-01-31,,0,,0
CUZ,2026-02-28,,0,,0
CV,2026-01-31,,0,,0
CV,2026-02-28,,0,,0
CVBF,2026-01-31,,0,,0
CVBF,2026-02-28,,0,,0
CVCO,2026-01-31,,0,,0
CVCO,2026-02-28,,0,,0
CVE,2026-01-31,,0,,0
CVE,2026-02-28,,0,,0
CVEO,2026-01-31,,0,,0
CVEO,2026-02-28,,0,,0
CVGI,2026-01-31,,0,,0
CVGI,2026-02-28,,0,,0
CVI,2026-01-31,,0,,0
CVI,2026-02-28,,0,,0
CVKD,2026-01-31,,0,,0
CVKD,2026-02-28,,0,,0
CVLG,2026-01-31,,0,,0
CVLG,2026-02-28,,0,,0
CVLT,2026-01-31,,0,,0
CVLT,2026-02-28,,0,,0
CVM,2026-01-31,,0,,0
CVM,2026-02-28,,0,,0
CVNA,2026-01-31,,0,,0
CVNA,2026-02-28,,0,,0
CVR,2026-01-31,,0,,0
CVR,2026-02-28,,0,,0
CVRX,2026-01-31,,0,,0
CVRX,2026-02-28,,0,,0
CVS,2026-01-31,,0,,0
CVS,2026-02-28,,0,,0
CVSA,2026-01-31,,0,,0
CVSA,2026-02-28,,0,,0
CVU,2026-01-31,,0,,0
CVU,2026-02-28,,0,,0
CVV,2026-01-31,,0,,0
CVV,2026-02-28,,0,,0
CVX,2026-01-31,,0,,0
CVX,2026-02-28,,0,,0
CW,2026-01-31,,0,,0
CW,2026-02-28,,0,,0
CWAN,2026-01-31,,0,,0
CWAN,2026-02-28,,0,,0
CWBC,2026-01-31,,0,,0
CWBC,2026-02-28,,0,,0
CWCO,2026-01-31,,0,,0
CWCO,2026-02-28,,0,,0
CWD,2026-01-31,,0,,0
CWD,2026-02-28,,0,,0
CWEN,2026-01-31,,0,,0
CWEN,2026-02-28,,0,,0
CWH,2026-01-31,,0,,0
CWH,2026-02-28,,0,,0
CWK,2026-01-31,,0,,0
CWK,2026-02-28,,0,,0
CWST,2026-01-31,,0,,0
CWST,2026-02-28,,0,,0
CWT,2026-01-31,,0,,0
CWT,2026-02-28,,0,,0
CX,2026-01-31,,0,,0
CX,2026-02-28,,0,,0
CXAI,2026-01-31,,0,,0
CXAI,2026-02-28,,0,,0
CXAIW,2026-01-31,,0,,0
CXAIW,2026-02-28,,0,,0
CXDO,2026-01-31,,0,,0
CXDO,2026-02-28,,0,,0
CXE,2026-01-31,,0,,0
CXE,2026-02-28,,0,,0
CXH,2026-01-31,,0,,0
CXH,2026-02-28,,0,,0
CXIIU,2026-01-31,,0,,0
CXIIU,2026-02-28,,0,,0
CXM,2026-01-31,,0,,0
CXM,2026-02-28,,0,,0
CXT,2026-01-31,,0,,0
CXT,2026-02-28,,0,,0
CXW,2026-01-31,,0,,0
CXW,2026-02-28,,0,,0
CYAB,2026-01-31,,0,,0
CYAB,2026-02-28,,0,,0
CYCN,2026-01-31,2026-04-01,1,,0
CYCN,2026-02-28,2026-04-01,1,,0
CYCU,2026-01-31,,0,,0
CYCU,2026-02-28,,0,,0
CYCUW,2026-01-31,,0,,0
CYCUW,2026-02-28,,0,,0
CYD,2026-01-31,,0,,0
CYD,2026-02-28,,0,,0
CYH,2026-01-31,,0,,0
CYH,2026-02-28,,0,,0
CYN,2026-01-31,,0,,0
CYN,2026-02-28,,0,,0
CYPH,2026-01-31,,0,,0
CYPH,2026-02-28,,0,,0
CYRX,2026-01-31,,0,,0
CYRX,2026-02-28,,0,,0
CYTK,2026-01-31,,0,,0
CYTK,2026-02-28,,0,,0
CZFS,2026-01-31,,0,,0
CZFS,2026-02-28,,0,,0
CZNC,2026-01-31,,0,,0
CZNC,2026-02-28,,0,,0
CZR,2026-01-31,2026-05-28,1,,0
CZR,2026-02-28,2026-05-28,1,,0
CZWI,2026-01-31,,0,,0
CZWI,2026-02-28,,0,,0
D,2026-01-31,2026-05-18,1,,0
D,2026-02-28,2026-05-18,1,,0
DAAQ,2026-01-31,,0,,0
DAAQ,2026-02-28,,0,,0
DAAQU,2026-01-31,,0,,0
DAAQU,2026-02-28,,0,,0
DAAQW,2026-01-31,,0,,0
DAAQW,2026-02-28,,0,,0
DAC,2026-01-31,,0,,0
DAC,2026-02-28,,0,,0
DAIC,2026-01-31,,0,,0
DAIC,2026-02-28,,0,,0
DAICW,2026-01-31,,0,,0
DAICW,2026-02-28,,0,,0
DAIO,2026-01-31,,0,,0
DAIO,2026-02-28,,0,,0
DAKT,2026-01-31,,0,,0
DAKT,2026-02-28,,0,,0
DAL,2026-01-31,,0,,0
DAL,2026-02-28,,0,,0
DAN,2026-01-31,,0,,0
DAN,2026-02-28,,0,,0
DAO,2026-01-31,,0,,0
DAO,2026-02-28,,0,,0
DAR,2026-01-31,,0,,0
DAR,2026-02-28,,0,,0
DARE,2026-01-31,,0,,0
DARE,2026-02-28,,0,,0
DASH,2026-01-31,,0,,0
DASH,2026-02-28,,0,,0
DAVA,2026-01-31,,0,,0
DAVA,2026-02-28,,0,,0
DAVE,2026-01-31,,0,,0
DAVE,2026-02-28,,0,,0
DAVEW,2026-01-31,,0,,0
DAVEW,2026-02-28,,0,,0
DB,2026-01-31,,0,,0
DB,2026-02-28,,0,,0
DBA,2026-01-31,,0,,0
DBA,2026-02-28,,0,,0
DBB,2026-01-31,,0,,0
DBB,2026-02-28,,0,,0
DBC,2026-01-31,,0,,0
DBC,2026-02-28,,0,,0
DBCA,2026-01-31,,0,,0
DBCA,2026-02-28,,0,,0
DBCAU,2026-01-31,,0,,0
DBCAU,2026-02-28,,0,,0
DBCAW,2026-01-31,,0,,0
DBCAW,2026-02-28,,0,,0
DBD,2026-01-31,,0,,0
DBD,2026-02-28,,0,,0
DBE,2026-01-31,,0,,0
DBE,2026-02-28,,0,,0
DBGI,2026-01-31,,0,,0
DBGI,2026-02-28,,0,,0
DBI,2026-01-31,,0,,0
DBI,2026-02-28,,0,,0
DBL,2026-01-31,,0,,0
DBL,2026-02-28,,0,,0
DBO,2026-01-31,,0,,0
DBO,2026-02-28,,0,,0
DBP,2026-01-31,,0,,0
DBP,2026-02-28,,0,,0
DBRG,2026-01-31,,0,,0
DBRG,2026-02-28,,0,,0
DBRG.PH,2026-01-31,,0,,0
DBRG.PH,2026-02-28,,0,,0
DBRG.PI,2026-01-31,,0,,0
DBRG.PI,2026-02-28,,0,,0
DBRG.PJ,2026-01-31,,0,,0
DBRG.PJ,2026-02-28,,0,,0
DBVT,2026-01-31,,0,,0
DBVT,2026-02-28,,0,,0
DBX,2026-01-31,,0,,0
DBX,2026-02-28,,0,,0
DC,2026-01-31,,0,,0
DC,2026-02-28,,0,,0
DCBG,2026-01-31,,0,,0
DCBG,2026-02-28,,0,,0
DCBO,2026-01-31,,0,,0
DCBO,2026-02-28,,0,,0
DCGO,2026-01-31,,0,,0
DCGO,2026-02-28,,0,,0
DCH,2026-01-31,,0,,0
DCH,2026-02-28,,0,,0
DCI,2026-01-31,,0,,0
DCI,2026-02-28,,0,,0
DCO,2026-01-31,,0,,0
DCO,2026-02-28,,0,,0
DCOM,2026-01-31,,0,,0
DCOM,2026-02-28,,0,,0
DCOM.P,2026-01-31,,0,,0
DCOM.P,2026-02-28,,0,,0
DCOY,2026-01-31,,0,,0
DCOY,2026-02-28,,0,,0
DCTH,2026-01-31,,0,,0
DCTH,2026-02-28,,0,,0
DCX,2026-01-31,,0,,0
DCX,2026-02-28,,0,,0
DD,2026-01-31,,0,,0
DD,2026-02-28,,0,,0
DDC,2026-01-31,,0,,0
DDC,2026-02-28,,0,,0
DDD,2026-01-31,,0,,0
DDD,2026-02-28,,0,,0
DDI,2026-01-31,,0,,0
DDI,2026-02-28,,0,,0
DDL,2026-01-31,,0,,0
DDL,2026-02-28,,0,,0
DDOG,2026-01-31,,0,,0
DDOG,2026-02-28,,0,,0
DDS,2026-01-31,,0,,0
DDS,2026-02-28,,0,,0
DDT,2026-01-31,,0,,0
DDT,2026-02-28,,0,,0
DE,2026-01-31,,0,,0
DE,2026-02-28,,0,,0
DEA,2026-01-31,,0,,0
DEA,2026-02-28,,0,,0
DEC,2026-01-31,,0,,0
DEC,2026-02-28,,0,,0
DECK,2026-01-31,,0,,0
DECK,2026-02-28,,0,,0
DEFI,2026-01-31,,0,,0
DEFI,2026-02-28,,0,,0
DEFT,2026-01-31,,0,,0
DEFT,2026-02-28,,0,,0
DEI,2026-01-31,,0,,0
DEI,2026-02-28,,0,,0
DELL,2026-01-31,,0,,0
DELL,2026-02-28,,0,,0
DEO,2026-01-31,,0,,0
DEO,2026-02-28,,0,,0
DERM,2026-01-31,,0,,0
DERM,2026-02-28,,0,,0
DETX,2026-01-31,,0,,0
DETX,2026-02-28,,0,,0
DEVS,2026-01-31,,0,,0
DEVS,2026-02-28,,0,,0
DFDV,2026-01-31,,0,,0
DFDV,2026-02-28,,0,,0
DFDVW,2026-01-31,,0,,0
DFDVW,2026-02-28,,0,,0
DFH,2026-01-31,,0,,0
DFH,2026-02-28,,0,,0
DFIN,2026-01-31,,0,,0
DFIN,2026-02-28,,0,,0
DFLI,2026-01-31,,0,,0
DFLI,2026-02-28,,0,,0
DFLIW,2026-01-31,,0,,0
DFLIW,2026-02-28,,0,,0
DFNS,2026-01-31,,0,,0
DFNS,2026-02-28,,0,,0
DFNSW,2026-01-31,,0,,0
DFNSW,2026-02-28,,0,,0
DFP,2026-01-31,,0,,0
DFP,2026-02-28,,0,,0
DFSC,2026-01-31,,0,,0
DFSC,2026-02-28,,0,,0
DFSCW,2026-01-31,,0,,0
DFSCW,2026-02-28,,0,,0
DFTX,2026-01-31,,0,,0
DFTX,2026-02-28,,0,,0
DG,2026-01-31,,0,,0
DG,2026-02-28,,0,,0
DGAC.UN,2026-01-31,,0,,0
DGAC.UN,2026-02-28,,0,,0
DGICA,2026-01-31,,0,,0
DGICA,2026-02-28,,0,,0
DGICB,2026-01-31,,0,,0
DGICB,2026-02-28,,0,,0
DGII,2026-01-31,,0,,0
DGII,2026-02-28,,0,,0
DGNX,2026-01-31,,0,,0
DGNX,2026-02-28,,0,,0
DGP,2026-01-31,,0,,0
DGP,2026-02-28,,0,,0
DGX,2026-01-31,,0,,0
DGX,2026-02-28,,0,,0
DGXX,2026-01-31,,0,,0
DGXX,2026-02-28,,0,,0
DGZ,2026-01-31,,0,,0
DGZ,2026-02-28,,0,,0
DH,2026-01-31,,0,,0
DH,2026-02-28,,0,,0
DHC,2026-01-31,,0,,0
DHC,2026-02-28,,0,,0
DHCNI,2026-01-31,,0,,0
DHCNI,2026-02-28,,0,,0
DHCNL,2026-01-31,,0,,0
DHCNL,2026-02-28,,0,,0
DHF,2026-01-31,,0,,0
DHF,2026-02-28,,0,,0
DHI,2026-01-31,,0,,0
DHI,2026-02-28,,0,,0
DHR,2026-01-31,,0,2026-02-17,1
DHR,2026-02-28,,0,,0
DHT,2026-01-31,,0,,0
DHT,2026-02-28,,0,,0
DHX,2026-01-31,,0,,0
DHX,2026-02-28,,0,,0
DHY,2026-01-31,,0,,0
DHY,2026-02-28,,0,,0
DIA,2026-01-31,,0,,0
DIA,2026-02-28,,0,,0
DIBS,2026-01-31,,0,,0
DIBS,2026-02-28,,0,,0
DIN,2026-01-31,,0,,0
DIN,2026-02-28,,0,,0
DINO,2026-01-31,,0,,0
DINO,2026-02-28,,0,,0
DIOD,2026-01-31,,0,,0
DIOD,2026-02-28,,0,,0
DIS,2026-01-31,,0,,0
DIS,2026-02-28,,0,,0
DIT,2026-01-31,,0,,0
DIT,2026-02-28,,0,,0
DJCO,2026-01-31,,0,,0
DJCO,2026-02-28,,0,,0
DJP,2026-01-31,,0,,0
DJP,2026-02-28,,0,,0
DJT,2026-01-31,,0,,0
DJT,2026-02-28,,0,,0
DJTWW,2026-01-31,,0,,0
DJTWW,2026-02-28,,0,,0
DK,2026-01-31,,0,,0
DK,2026-02-28,,0,,0
DKI,2026-01-31,,0,,0
DKI,2026-02-28,,0,,0
DKL,2026-01-31,,0,,0
DKL,2026-02-28,,0,,0
DKNG,2026-01-31,,0,,0
DKNG,2026-02-28,,0,,0
DKS,2026-01-31,,0,,0
DKS,2026-02-28,,0,,0
DLB,2026-01-31,,0,,0
DLB,2026-02-28,,0,,0
DLHC,2026-01-31,,0,,0
DLHC,2026-02-28,,0,,0
DLNG,2026-01-31,,0,,0
DLNG,2026-02-28,,0,,0
DLNG.PA,2026-01-31,,0,,0
DLNG.PA,2026-02-28,,0,,0
DLO,2026-01-31,,0,,0
DLO,2026-02-28,,0,,0
DLPN,2026-01-31,,0,,0
DLPN,2026-02-28,,0,,0
DLR,2026-01-31,,0,,0
DLR,2026-02-28,,0,,0
DLR.PJ,2026-01-31,,0,,0
DLR.PJ,2026-02-28,,0,,0
DLR.PK,2026-01-31,,0,,0
DLR.PK,2026-02-28,,0,,0
DLR.PL,2026-01-31,,0,,0
DLR.PL,2026-02-28,,0,,0
DLTH,2026-01-31,,0,,0
DLTH,2026-02-28,,0,,0
DLTR,2026-01-31,,0,,0
DLTR,2026-02-28,,0,,0
DLX,2026-01-31,,0,,0
DLX,2026-02-28,,0,,0
DLXY,2026-01-31,,0,,0
DLXY,2026-02-28,,0,,0
DLY,2026-01-31,,0,,0
DLY,2026-02-28,,0,,0
DMA,2026-01-31,,0,,0
DMA,2026-02-28,,0,,0
DMAA,2026-01-31,2026-04-08,1,,0
DMAA,2026-02-28,2026-04-08,1,,0
DMAAR,2026-01-31,,0,,0
DMAAR,2026-02-28,,0,,0
DMAAU,2026-01-31,,0,,0
DMAAU,2026-02-28,,0,,0
DMAC,2026-01-31,,0,,0
DMAC,2026-02-28,,0,,0
DMB,2026-01-31,,0,,0
DMB,2026-02-28,,0,,0
DMII,2026-01-31,,0,,0
DMII,2026-02-28,,0,,0
DMIIR,2026-01-31,,0,,0
DMIIR,2026-02-28,,0,,0
DMIIU,2026-01-31,,0,,0
DMIIU,2026-02-28,,0,,0
DMLP,2026-01-31,,0,,0
DMLP,2026-02-28,,0,,0
DMO,2026-01-31,,0,,0
DMO,2026-02-28,,0,,0
DMRA,2026-01-31,,0,,0
DMRA,2026-02-28,,0,,0
DMRC,2026-01-31,,0,,0
DMRC,2026-02-28,,0,,0
DNA,2026-01-31,,0,,0
DNA,2026-02-28,,0,,0
DNLI,2026-01-31,,0,,0
DNLI,2026-02-28,,0,,0
DNMX,2026-01-31,,0,,0
DNMX,2026-02-28,,0,,0
DNMXU,2026-01-31,,0,,0
DNMXU,2026-02-28,,0,,0
DNMXW,2026-01-31,,0,,0
DNMXW,2026-02-28,,0,,0
DNN,2026-01-31,,0,,0
DNN,2026-02-28,,0,,0
DNOW,2026-01-31,,0,,0
DNOW,2026-02-28,,0,,0
DNP,2026-01-31,,0,,0
DNP,2026-02-28,,0,,0
DNTH,2026-01-31,,0,,0
DNTH,2026-02-28,,0,,0
DNUT,2026-01-31,,0,,0
DNUT,2026-02-28,,0,,0
DOC,2026-01-31,,0,,0
DOC,2026-02-28,,0,,0
DOCN,2026-01-31,,0,,0
DOCN,2026-02-28,,0,,0
DOCS,2026-01-31,,0,,0
DOCS,2026-02-28,,0,,0
DOCU,2026-01-31,,0,,0
DOCU,2026-02-28,,0,,0
DOGZ,2026-01-31,,0,,0
DOGZ,2026-02-28,,0,,0
DOLE,2026-01-31,,0,,0
DOLE,2026-02-28,,0,,0
DOMH,2026-01-31,,0,,0
DOMH,2026-02-28,,0,,0
DOMO,2026-01-31,,0,,0
DOMO,2026-02-28,,0,,0
DOO,2026-01-31,,0,,0
DOO,2026-02-28,,0,,0
DORM,2026-01-31,,0,,0
DORM,2026-02-28,,0,,0
DOUG,2026-01-31,,0,,0
DOUG,2026-02-28,,0,,0
DOV,2026-01-31,,0,,0
DOV,2026-02-28,,0,,0
DOW,2026-01-31,,0,,0
DOW,2026-02-28,,0,,0
DOX,2026-01-31,,0,,0
DOX,2026-02-28,,0,,0
DOYU,2026-01-31,,0,,0
DOYU,2026-02-28,,0,,0
DPG,2026-01-31,,0,,0
DPG,2026-02-28,,0,,0
DPRO,2026-01-31,,0,,0
DPRO,2026-02-28,,0,,0
DPZ,2026-01-31,,0,,0
DPZ,2026-02-28,,0,,0
DQ,2026-01-31,,0,,0
DQ,2026-02-28,,0,,0
DRCT,2026-01-31,,0,,0
DRCT,2026-02-28,,0,,0
DRD,2026-01-31,,0,,0
DRD,2026-02-28,,0,,0
DRDB,2026-01-31,2026-02-27,1,,0
DRDB,2026-02-28,,0,,0
DRDBU,2026-01-31,,0,,0
DRDBU,2026-02-28,,0,,0
DRDBW,2026-01-31,,0,,0
DRDBW,2026-02-28,,0,,0
DRH,2026-01-31,,0,,0
DRH,2026-02-28,,0,,0
DRI,2026-01-31,,0,,0
DRI,2026-02-28,,0,,0
DRIO,2026-01-31,,0,,0
DRIO,2026-02-28,,0,,0
DRMA,2026-01-31,,0,,0
DRMA,2026-02-28,,0,,0
DRMAW,2026-01-31,,0,,0
DRMAW,2026-02-28,,0,,0
DRS,2026-01-31,,0,,0
DRS,2026-02-28,,0,,0
DRTS,2026-01-31,,0,,0
DRTS,2026-02-28,,0,,0
DRTSW,2026-01-31,,0,,0
DRTSW,2026-02-28,,0,,0
DRUG,2026-01-31,,0,,0
DRUG,2026-02-28,,0,,0
DRVN,2026-01-31,2026-04-30,1,,0
DRVN,2026-02-28,2026-04-30,1,,0
DSAC,2026-01-31,,0,,0
DSAC,2026-02-28,,0,,0
DSACU,2026-01-31,,0,,0
DSACU,2026-02-28,,0,,0
DSACW,2026-01-31,,0,,0
DSACW,2026-02-28,,0,,0
DSGN,2026-01-31,,0,,0
DSGN,2026-02-28,,0,,0
DSGR,2026-01-31,,0,,0
DSGR,2026-02-28,,0,,0
DSGX,2026-01-31,,0,,0
DSGX,2026-02-28,,0,,0
DSL,2026-01-31,,0,,0
DSL,2026-02-28,,0,,0
DSM,2026-01-31,,0,,0
DSM,2026-02-28,,0,,0
DSP,2026-01-31,,0,,0
DSP,2026-02-28,,0,,0
DSS,2026-01-31,,0,,0
DSS,2026-02-28,,0,,0
DSU,2026-01-31,,0,,0
DSU,2026-02-28,,0,,0
DSWL,2026-01-31,,0,,0
DSWL,2026-02-28,,0,,0
DSX,2026-01-31,,0,,0
DSX,2026-02-28,,0,,0
DSX.PB,2026-01-31,,0,,0
DSX.PB,2026-02-28,,0,,0
DSX.WT,2026-01-31,,0,,0
DSX.WT,2026-02-28,,0,,0
DSY,2026-01-31,,0,,0
DSY,2026-02-28,,0,,0
DSYWW,2026-01-31,,0,,0
DSYWW,2026-02-28,,0,,0
DT,2026-01-31,,0,,0
DT,2026-02-28,,0,,0
DTB,2026-01-31,,0,,0
DTB,2026-02-28,,0,,0
DTCX,2026-01-31,,0,,0
DTCX,2026-02-28,,0,,0
DTE,2026-01-31,,0,,0
DTE,2026-02-28,,0,,0
DTF,2026-01-31,,0,,0
DTF,2026-02-28,,0,,0
DTG,2026-01-31,,0,,0
DTG,2026-02-28,,0,,0
DTI,2026-01-31,,0,,0
DTI,2026-02-28,,0,,0
DTIL,2026-01-31,,0,,0
DTIL,2026-02-28,,0,,0
DTK,2026-01-31,,0,,0
DTK,2026-02-28,,0,,0
DTM,2026-01-31,,0,,0
DTM,2026-02-28,,0,,0
DTSQ,2026-01-31,2026-02-04,1,,0
DTSQ,2026-02-28,,0,,0
DTSQR,2026-01-31,,0,,0
DTSQR,2026-02-28,,0,,0
DTSQU,2026-01-31,,0,,0
DTSQU,2026-02-28,,0,,0
DTSS,2026-01-31,,0,,0
DTSS,2026-02-28,,0,,0
DTST,2026-01-31,,0,,0
DTST,2026-02-28,,0,,0
DTW,2026-01-31,,0,,0
DTW,2026-02-28,,0,,0
DUK,2026-01-31,,0,,0
DUK,2026-02-28,,0,,0
DUK.PA,2026-01-31,,0,,0
DUK.PA,2026-02-28,,0,,0
DUKB,2026-01-31,,0,,0
DUKB,2026-02-28,,0,,0
DUKR,2026-01-31,,0,,0
DUKR,2026-02-28,,0,,0
DUKRW,2026-01-31,,0,,0
DUKRW,2026-02-28,,0,,0
DULL,2026-01-31,,0,,0
DULL,2026-02-28,,0,,0
DUO,2026-01-31,,0,,0
DUO,2026-02-28,,0,,0
DUOL,2026-01-31,,0,,0
DUOL,2026-02-28,,0,,0
DUOT,2026-01-31,,0,,0
DUOT,2026-02-28,,0,,0
DV,2026-01-31,,0,,0
DV,2026-02-28,,0,,0
DVA,2026-01-31,,0,,0
DVA,2026-02-28,,0,,0
DVLT,2026-01-31,,0,,0
DVLT,2026-02-28,,0,,0
DVN,2026-01-31,,0,,0
DVN,2026-02-28,,0,,0
DWSN,2026-01-31,,0,,0
DWSN,2026-02-28,,0,,0
DWTX,2026-01-31,,0,,0
DWTX,2026-02-28,,0,,0
DX,2026-01-31,,0,,0
DX,2026-02-28,,0,,0
DX.PC,2026-01-31,,0,,0
DX.PC,2026-02-28,,0,,0
DXC,2026-01-31,,0,,0
DXC,2026-02-28,,0,,0
DXCM,2026-01-31,,0,,0
DXCM,2026-02-28,,0,,0
DXF,2026-01-31,,0,,0
DXF,2026-02-28,,0,,0
DXLG,2026-01-31,2026-05-12,1,,0
DXLG,2026-02-28,2026-05-12,1,,0
DXPE,2026-01-31,,0,,0
DXPE,2026-02-28,,0,,0
DXR,2026-01-31,,0,,0
DXR,2026-02-28,,0,,0
DXST,2026-01-31,,0,,0
DXST,2026-02-28,,0,,0
DXYZ,2026-01-31,,0,,0
DXYZ,2026-02-28,,0,,0
DY,2026-01-31,,0,,0
DY,2026-02-28,,0,,0
DYAI,2026-01-31,,0,,0
DYAI,2026-02-28,,0,,0
DYN,2026-01-31,,0,,0
DYN,2026-02-28,,0,,0
DYNC,2026-01-31,,0,,0
DYNC,2026-02-28,,0,,0
DYNCU,2026-01-31,,0,,0
DYNCU,2026-02-28,,0,,0
DYNCW,2026-01-31,,0,,0
DYNCW,2026-02-28,,0,,0
DYOR,2026-01-31,,0,,0
DYOR,2026-02-28,,0,,0
DYORU,2026-01-31,,0,,0
DYORU,2026-02-28,,0,,0
DYORW,2026-01-31,,0,,0
DYORW,2026-02-28,,0,,0
DZZ,2026-01-31,,0,,0
DZZ,2026-02-28,,0,,0
E,2026-01-31,,0,,0
E,2026-02-28,,0,,0
EA,2026-01-31,,0,,0
EA,2026-02-28,,0,,0
EAD,2026-01-31,,0,,0
EAD,2026-02-28,,0,,0
EAF,2026-01-31,,0,,0
EAF,2026-02-28,,0,,0
EAI,2026-01-31,,0,,0
EAI,2026-02-28,,0,,0
EARN,2026-01-31,,0,,0
EARN,2026-02-28,,0,,0
EAT,2026-01-31,,0,,0
EAT,2026-02-28,,0,,0
EBAY,2026-01-31,,0,,0
EBAY,2026-02-28,,0,,0
EBC,2026-01-31,,0,,0
EBC,2026-02-28,,0,,0
EBF,2026-01-31,,0,,0
EBF,2026-02-28,,0,,0
EBMT,2026-01-31,,0,,0
EBMT,2026-02-28,,0,,0
EBON,2026-01-31,,0,,0
EBON,2026-02-28,,0,,0
EBS,2026-01-31,,0,,0
EBS,2026-02-28,,0,,0
EC,2026-01-31,,0,,0
EC,2026-02-28,,0,,0
ECAT,2026-01-31,,0,,0
ECAT,2026-02-28,,0,,0
ECBK,2026-01-31,,0,,0
ECBK,2026-02-28,,0,,0
ECC,2026-01-31,,0,,0
ECC,2026-02-28,,0,,0
ECC.PD,2026-01-31,,0,,0
ECC.PD,2026-02-28,,0,,0
ECCC,2026-01-31,,0,,0
ECCC,2026-02-28,,0,,0
ECCU,2026-01-31,,0,,0
ECCU,2026-02-28,,0,,0
ECCV,2026-01-31,,0,,0
ECCV,2026-02-28,,0,,0
ECF,2026-01-31,,0,,0
ECF,2026-02-28,,0,,0
ECF.PA,2026-01-31,,0,,0
ECF.PA,2026-02-28,,0,,0
ECG,2026-01-31,,0,,0
ECG,2026-02-28,,0,,0
ECL,2026-01-31,,0,,0
ECL,2026-02-28,,0,,0
ECO,2026-01-31,,0,,0
ECO,2026-02-28,,0,,0
ECOR,2026-01-31,,0,,0
ECOR,2026-02-28,,0,,0
ECPG,2026-01-31,,0,,0
ECPG,2026-02-28,,0,,0
ECVT,2026-01-31,,0,,0
ECVT,2026-02-28,,0,,0
ECX,2026-01-31,,0,,0
ECX,2026-02-28,,0,,0
ECXWW,2026-01-31,,0,,0
ECXWW,2026-02-28,,0,,0
ED,2026-01-31,,0,,0
ED,2026-02-28,,0,,0
EDBL,2026-01-31,,0,,0
EDBL,2026-02-28,,0,,0
EDBLW,2026-01-31,,0,,0
EDBLW,2026-02-28,,0,,0
EDD,2026-01-31,,0,,0
EDD,2026-02-28,,0,,0
EDF,2026-01-31,,0,,0
EDF,2026-02-28,,0,,0
EDHL,2026-01-31,,0,,0
EDHL,2026-02-28,,0,,0
EDIT,2026-01-31,,0,,0
EDIT,2026-02-28,,0,,0
EDN,2026-01-31,,0,,0
EDN,2026-02-28,,0,,0
EDRY,2026-01-31,,0,,0
EDRY,2026-02-28,,0,,0
EDSA,2026-01-31,,0,,0
EDSA,2026-02-28,,0,,0
EDTK,2026-01-31,,0,,0
EDTK,2026-02-28,,0,,0
EDU,2026-01-31,,0,,0
EDU,2026-02-28,,0,,0
EDUC,2026-01-31,,0,,0
EDUC,2026-02-28,,0,,0
EE,2026-01-31,,0,,0
EE,2026-02-28,,0,,0
EEA,2026-01-31,,0,,0
EEA,2026-02-28,,0,,0
EEFT,2026-01-31,,0,,0
EEFT,2026-02-28,,0,,0
EEIQ,2026-01-31,,0,,0
EEIQ,2026-02-28,,0,,0
EEX,2026-01-31,2026-05-11,1,,0
EEX,2026-02-28,2026-05-11,1,,0
EFC,2026-01-31,,0,,0
EFC,2026-02-28,,0,,0
EFC.PB,2026-01-31,,0,,0
EFC.PB,2026-02-28,,0,,0
EFC.PC,2026-01-31,,0,,0
EFC.PC,2026-02-28,,0,,0
EFC.PD,2026-01-31,,0,,0
EFC.PD,2026-02-28,,0,,0
EFOI,2026-01-31,,0,,0
EFOI,2026-02-28,,0,,0
EFOR,2026-01-31,,0,,0
EFOR,2026-02-28,,0,,0
EFR,2026-01-31,,0,,0
EFR,2026-02-28,,0,,0
EFSC,2026-01-31,,0,,0
EFSC,2026-02-28,,0,,0
EFSCP,2026-01-31,,0,,0
EFSCP,2026-02-28,,0,,0
EFSI,2026-01-31,,0,,0
EFSI,2026-02-28,,0,,0
EFT,2026-01-31,,0,,0
EFT,2026-02-28,,0,,0
EFTY,2026-01-31,,0,,0
EFTY,2026-02-28,,0,,0
EFX,2026-01-31,,0,,0
EFX,2026-02-28,,0,,0
EFXT,2026-01-31,,0,,0
EFXT,2026-02-28,,0,,0
EG,2026-01-31,,0,,0
EG,2026-02-28,,0,,0
EGAN,2026-01-31,,0,,0
EGAN,2026-02-28,,0,,0
EGBN,2026-01-31,,0,,0
EGBN,2026-02-28,,0,,0
EGG,2026-01-31,,0,,0
EGG,2026-02-28,,0,,0
EGHA,2026-01-31,,0,,0
EGHA,2026-02-28,,0,,0
EGHAR,2026-01-31,,0,,0
EGHAR,2026-02-28,,0,,0
EGHAU,2026-01-31,,0,,0
EGHAU,2026-02-28,,0,,0
EGHT,2026-01-31,,0,,0
EGHT,2026-02-28,,0,,0
EGO,2026-01-31,,0,,0
EGO,2026-02-28,,0,,0
EGP,2026-01-31,,0,,0
EGP,2026-02-28,,0,,0
EGY,2026-01-31,,0,,0
EGY,2026-02-28,,0,,0
EH,2026-01-31,,0,,0
EH,2026-02-28,,0,,0
EHC,2026-01-31,,0,,0
EHC,2026-02-28,,0,,0
EHGO,2026-01-31,,0,,0
EHGO,2026-02-28,,0,,0
EHI,2026-01-31,,0,,0
EHI,2026-02-28,,0,,0
EHLD,2026-01-31,,0,,0
EHLD,2026-02-28,,0,,0
EHTH,2026-01-31,,0,,0
EHTH,2026-02-28,,0,,0
EIC,2026-01-31,,0,,0
EIC,2026-02-28,,0,,0
EICA,2026-01-31,,0,,0
EICA,2026-02-28,,0,,0
EIG,2026-01-31,,0,,0
EIG,2026-02-28,,0,,0
EIIA,2026-01-31,,0,,0
EIIA,2026-02-28,,0,,0
EIKN,2026-01-31,,0,,0
EIKN,2026-02-28,,0,,0
EIM,2026-01-31,,0,,0
EIM,2026-02-28,,0,,0
EIX,2026-01-31,,0,,0
EIX,2026-02-28,,0,,0
EJH,2026-01-31,,0,,0
EJH,2026-02-28,,0,,0
EL,2026-01-31,,0,,0
EL,2026-02-28,,0,,0
ELA,2026-01-31,,0,,0
ELA,2026-02-28,,0,,0
ELAB,2026-01-31,,0,,0
ELAB,2026-02-28,,0,,0
ELAN,2026-01-31,,0,,0
ELAN,2026-02-28,,0,,0
ELBM,2026-01-31,,0,,0
ELBM,2026-02-28,,0,,0
ELC,2026-01-31,,0,,0
ELC,2026-02-28,,0,,0
ELDN,2026-01-31,,0,,0
ELDN,2026-02-28,,0,,0
ELE,2026-01-31,,0,,0
ELE,2026-02-28,,0,,0
ELF,2026-01-31,,0,,0
ELF,2026-02-28,,0,,0
ELLA,2026-01-31,,0,,0
ELLA,2026-02-28,,0,,0
ELLO,2026-01-31,,0,,0
ELLO,2026-02-28,,0,,0
ELMD,2026-01-31,,0,,0
ELMD,2026-02-28,,0,,0
ELME,2026-01-31,,0,,0
ELME,2026-02-28,,0,,0
ELMT,2026-01-31,,0,,0
ELMT,2026-02-28,,0,,0
ELOG,2026-01-31,,0,,0
ELOG,2026-02-28,,0,,0
ELOX,2026-01-31,,0,,0
ELOX,2026-02-28,,0,,0
ELPC,2026-01-31,,0,,0
ELPC,2026-02-28,,0,,0
ELPW,2026-01-31,,0,,0
ELPW,2026-02-28,,0,,0
ELS,2026-01-31,,0,,0
ELS,2026-02-28,,0,,0
ELSE,2026-01-31,2026-04-21,1,,0
ELSE,2026-02-28,2026-04-21,1,,0
ELTK,2026-01-31,,0,,0
ELTK,2026-02-28,,0,,0
ELTX,2026-01-31,,0,,0
ELTX,2026-02-28,,0,,0
ELUT,2026-01-31,,0,,0
ELUT,2026-02-28,,0,,0
ELV,2026-01-31,,0,,0
ELV,2026-02-28,,0,,0
ELVA,2026-01-31,,0,,0
ELVA,2026-02-28,,0,,0
ELVN,2026-01-31,,0,,0
ELVN,2026-02-28,,0,,0
ELVR,2026-01-31,,0,,0
ELVR,2026-02-28,,0,,0
ELWT,2026-01-31,,0,,0
ELWT,2026-02-28,,0,,0
EMA,2026-01-31,,0,,0
EMA,2026-02-28,,0,,0
EMAT,2026-01-31,,0,,0
EMAT,2026-02-28,,0,,0
EMBC,2026-01-31,,0,,0
EMBC,2026-02-28,,0,,0
EMBJ,2026-01-31,,0,,0
EMBJ,2026-02-28,,0,,0
EMD,2026-01-31,,0,,0
EMD,2026-02-28,,0,,0
EME,2026-01-31,,0,,0
EME,2026-02-28,,0,,0
EMF,2026-01-31,,0,,0
EMF,2026-02-28,,0,,0
EMIS,2026-01-31,,0,,0
EMIS,2026-02-28,,0,,0
EMISR,2026-01-31,,0,,0
EMISR,2026-02-28,,0,,0
EML,2026-01-31,,0,,0
EML,2026-02-28,,0,,0
EMN,2026-01-31,,0,,0
EMN,2026-02-28,,0,,0
EMO,2026-01-31,,0,,0
EMO,2026-02-28,,0,,0
EMP,2026-01-31,,0,,0
EMP,2026-02-28,,0,,0
EMPD,2026-01-31,,0,,0
EMPD,2026-02-28,,0,,0
EMPG,2026-01-31,,0,,0
EMPG,2026-02-28,,0,,0
EMR,2026-01-31,,0,,0
EMR,2026-02-28,,0,,0
ENB,2026-01-31,,0,,0
ENB,2026-02-28,,0,,0
ENGN,2026-01-31,,0,,0
ENGN,2026-02-28,,0,,0
ENGNW,2026-01-31,,0,,0
ENGNW,2026-02-28,,0,,0
ENGS,2026-01-31,,0,,0
ENGS,2026-02-28,,0,,0
ENHA,2026-01-31,,0,,0
ENHA,2026-02-28,,0,,0
ENIC,2026-01-31,,0,,0
ENIC,2026-02-28,,0,,0
ENJ,2026-01-31,,0,,0
ENJ,2026-02-28,,0,,0
ENLT,2026-01-31,,0,,0
ENLT,2026-02-28,,0,,0
ENLV,2026-01-31,,0,,0
ENLV,2026-02-28,,0,,0
ENO,2026-01-31,,0,,0
ENO,2026-02-28,,0,,0
ENOV,2026-01-31,,0,,0
ENOV,2026-02-28,,0,,0
ENPH,2026-01-31,,0,,0
ENPH,2026-02-28,,0,,0
ENR,2026-01-31,,0,,0
ENR,2026-02-28,,0,,0
ENRD,2026-01-31,,0,,0
ENRD,2026-02-28,,0,,0
ENRDW,2026-01-31,,0,,0
ENRDW,2026-02-28,,0,,0
ENS,2026-01-31,,0,,0
ENS,2026-02-28,,0,,0
ENSC,2026-01-31,,0,,0
ENSC,2026-02-28,,0,,0
ENSG,2026-01-31,,0,,0
ENSG,2026-02-28,,0,,0
ENTA,2026-01-31,,0,,0
ENTA,2026-02-28,,0,,0
ENTG,2026-01-31,,0,,0
ENTG,2026-02-28,,0,,0
ENTX,2026-01-31,,0,,0
ENTX,2026-02-28,,0,,0
ENVA,2026-01-31,,0,,0
ENVA,2026-02-28,,0,,0
ENVB,2026-01-31,,0,,0
ENVB,2026-02-28,,0,,0
ENVX,2026-01-31,,0,,0
ENVX,2026-02-28,,0,,0
EOD,2026-01-31,,0,,0
EOD,2026-02-28,,0,,0
EOG,2026-01-31,,0,,0
EOG,2026-02-28,,0,,0
EOI,2026-01-31,,0,,0
EOI,2026-02-28,,0,,0
EOLS,2026-01-31,,0,,0
EOLS,2026-02-28,,0,,0
EONR,2026-01-31,,0,,0
EONR,2026-02-28,,0,,0
EONR.WT,2026-01-31,,0,,0
EONR.WT,2026-02-28,,0,,0
EOS,2026-01-31,,0,,0
EOS,2026-02-28,,0,,0
EOSE,2026-01-31,,0,,0
EOSE,2026-02-28,,0,,0
EOT,2026-01-31,,0,,0
EOT,2026-02-28,,0,,0
EP,2026-01-31,,0,,0
EP,2026-02-28,,0,,0
EP.PC,2026-01-31,,0,,0
EP.PC,2026-02-28,,0,,0
EPAC,2026-01-31,,0,,0
EPAC,2026-02-28,,0,,0
EPAM,2026-01-31,,0,,0
EPAM,2026-02-28,,0,,0
EPC,2026-01-31,,0,,0
EPC,2026-02-28,,0,,0
EPD,2026-01-31,,0,,0
EPD,2026-02-28,,0,,0
EPM,2026-01-31,,0,,0
EPM,2026-02-28,,0,,0
EPOW,2026-01-31,,0,,0
EPOW,2026-02-28,,0,,0
EPR,2026-01-31,,0,,0
EPR,2026-02-28,,0,,0
EPR.PC,2026-01-31,,0,,0
EPR.PC,2026-02-28,,0,,0
EPR.PE,2026-01-31,,0,,0
EPR.PE,2026-02-28,,0,,0
EPR.PG,2026-01-31,,0,,0
EPR.PG,2026-02-28,,0,,0
EPRT,2026-01-31,,0,,0
EPRT,2026-02-28,,0,,0
EPRX,2026-01-31,,0,,0
EPRX,2026-02-28,,0,,0
EPSM,2026-01-31,,0,,0
EPSM,2026-02-28,,0,,0
EPSN,2026-01-31,,0,,0
EPSN,2026-02-28,,0,,0
EQ,2026-01-31,,0,,0
EQ,2026-02-28,,0,,0
EQBK,2026-01-31,,0,,0
EQBK,2026-02-28,,0,,0
EQH,2026-01-31,2026-03-26,1,,0
EQH,2026-02-28,2026-03-26,1,,0
EQH.PA,2026-01-31,,0,,0
EQH.PA,2026-02-28,,0,,0
EQH.PC,2026-01-31,,0,,0
EQH.PC,2026-02-28,,0,,0
EQIX,2026-01-31,,0,,0
EQIX,2026-02-28,,0,,0
EQNR,2026-01-31,,0,,0
EQNR,2026-02-28,,0,,0
EQPT,2026-01-31,,0,,0
EQPT,2026-02-28,,0,,0
EQR,2026-01-31,,0,2026-05-21,1
EQR,2026-02-28,,0,2026-05-21,1
EQS,2026-01-31,,0,,0
EQS,2026-02-28,,0,,0
EQT,2026-01-31,,0,,0
EQT,2026-02-28,,0,,0
EQX,2026-01-31,,0,,0
EQX,2026-02-28,,0,,0
ERAS,2026-01-31,,0,,0
ERAS,2026-02-28,,0,,0
ERC,2026-01-31,,0,,0
ERC,2026-02-28,,0,,0
ERH,2026-01-31,,0,,0
ERH,2026-02-28,,0,,0
ERIC,2026-01-31,,0,,0
ERIC,2026-02-28,,0,,0
ERIE,2026-01-31,,0,,0
ERIE,2026-02-28,,0,,0
ERII,2026-01-31,,0,,0
ERII,2026-02-28,,0,,0
ERNA,2026-01-31,,0,,0
ERNA,2026-02-28,,0,,0
ERNAW,2026-01-31,,0,,0
ERNAW,2026-02-28,,0,,0
ERO,2026-01-31,,0,,0
ERO,2026-02-28,,0,,0
EROC,2026-01-31,,0,,0
EROC,2026-02-28,,0,,0
EROK,2026-01-31,,0,,0
EROK,2026-02-28,,0,,0
ES,2026-01-31,,0,,0
ES,2026-02-28,,0,,0
ESAB,2026-01-31,,0,,0
ESAB,2026-02-28,,0,,0
ESBA,2026-01-31,,0,,0
ESBA,2026-02-28,,0,,0
ESCA,2026-01-31,,0,,0
ESCA,2026-02-28,,0,,0
ESE,2026-01-31,,0,,0
ESE,2026-02-28,,0,,0
ESEA,2026-01-31,,0,,0
ESEA,2026-02-28,,0,,0
ESI,2026-01-31,,0,,0
ESI,2026-02-28,,0,,0
ESLA,2026-01-31,,0,,0
ESLA,2026-02-28,,0,,0
ESLAW,2026-01-31,,0,,0
ESLAW,2026-02-28,,0,,0
ESLT,2026-01-31,,0,,0
ESLT,2026-02-28,,0,,0
ESNT,2026-01-31,,0,,0
ESNT,2026-02-28,,0,,0
ESOA,2026-01-31,,0,,0
ESOA,2026-02-28,,0,,0
ESP,2026-01-31,,0,,0
ESP,2026-02-28,,0,,0
ESPR,2026-01-31,2026-05-01,1,,0
ESPR,2026-02-28,2026-05-01,1,,0
ESQ,2026-01-31,,0,,0
ESQ,2026-02-28,,0,,0
ESRT,2026-01-31,,0,,0
ESRT,2026-02-28,,0,,0
ESS,2026-01-31,,0,,0
ESS,2026-02-28,,0,,0
ESTA,2026-01-31,,0,,0
ESTA,2026-02-28,,0,,0
ESTC,2026-01-31,,0,,0
ESTC,2026-02-28,,0,,0
ET,2026-01-31,,0,,0
ET,2026-02-28,,0,,0
ET.PI,2026-01-31,,0,,0
ET.PI,2026-02-28,,0,,0
ETB,2026-01-31,,0,,0
ETB,2026-02-28,,0,,0
ETD,2026-01-31,,0,,0
ETD,2026-02-28,,0,,0
ETG,2026-01-31,,0,,0
ETG,2026-02-28,,0,,0
ETH,2026-01-31,,0,,0
ETH,2026-02-28,,0,,0
ETHA,2026-01-31,,0,,0
ETHA,2026-02-28,,0,,0
ETHB,2026-01-31,,0,,0
ETHB,2026-02-28,,0,,0
ETHE,2026-01-31,,0,,0
ETHE,2026-02-28,,0,,0
ETHW,2026-01-31,,0,,0
ETHW,2026-02-28,,0,,0
ETI.P,2026-01-31,,0,,0
ETI.P,2026-02-28,,0,,0
ETJ,2026-01-31,,0,,0
ETJ,2026-02-28,,0,,0
ETN,2026-01-31,,0,,0
ETN,2026-02-28,,0,,0
ETO,2026-01-31,,0,,0
ETO,2026-02-28,,0,,0
ETON,2026-01-31,,0,,0
ETON,2026-02-28,,0,,0
ETOR,2026-01-31,,0,,0
ETOR,2026-02-28,,0,,0
ETR,2026-01-31,,0,,0
ETR,2026-02-28,,0,,0
ETS,2026-01-31,,0,,0
ETS,2026-02-28,,0,,0
ETSS,2026-01-31,,0,,0
ETSS,2026-02-28,,0,,0
ETSS.UN,2026-01-31,,0,,0
ETSS.UN,2026-02-28,,0,,0
ETSS.WT,2026-01-31,,0,,0
ETSS.WT,2026-02-28,,0,,0
ETSY,2026-01-31,,0,,0
ETSY,2026-02-28,,0,,0
ETV,2026-01-31,,0,,0
ETV,2026-02-28,,0,,0
ETW,2026-01-31,,0,,0
ETW,2026-02-28,,0,,0
ETX,2026-01-31,,0,,0
ETX,2026-02-28,,0,,0
ETY,2026-01-31,,0,,0
ETY,2026-02-28,,0,,0
EU,2026-01-31,,0,,0
EU,2026-02-28,,0,,0
EUDA,2026-01-31,,0,,0
EUDA,2026-02-28,,0,,0
EUDAW,2026-01-31,,0,,0
EUDAW,2026-02-28,,0,,0
EUO,2026-01-31,,0,,0
EUO,2026-02-28,,0,,0
EURK,2026-01-31,,0,,0
EURK,2026-02-28,,0,,0
EURKR,2026-01-31,,0,,0
EURKR,2026-02-28,,0,,0
EURKU,2026-01-31,,0,,0
EURKU,2026-02-28,,0,,0
EVAC,2026-01-31,,0,,0
EVAC,2026-02-28,,0,,0
EVAC.UN,2026-01-31,,0,,0
EVAC.UN,2026-02-28,,0,,0
EVAC.WT,2026-01-31,,0,,0
EVAC.WT,2026-02-28,,0,,0
EVAX,2026-01-31,,0,,0
EVAX,2026-02-28,,0,,0
EVC,2026-01-31,,0,,0
EVC,2026-02-28,,0,,0
EVCM,2026-01-31,,0,,0
EVCM,2026-02-28,,0,,0
EVER,2026-01-31,,0,,0
EVER,2026-02-28,,0,,0
EVEX,2026-01-31,,0,,0
EVEX,2026-02-28,,0,,0
EVEX.WT,2026-01-31,,0,,0
EVEX.WT,2026-02-28,,0,,0
EVF,2026-01-31,,0,,0
EVF,2026-02-28,,0,,0
EVG,2026-01-31,,0,,0
EVG,2026-02-28,,0,,0
EVGN,2026-01-31,,0,,0
EVGN,2026-02-28,,0,,0
EVGO,2026-01-31,,0,,0
EVGO,2026-02-28,,0,,0
EVGOW,2026-01-31,,0,,0
EVGOW,2026-02-28,,0,,0
EVH,2026-01-31,,0,,0
EVH,2026-02-28,,0,,0
EVI,2026-01-31,,0,,0
EVI,2026-02-28,,0,,0
EVLV,2026-01-31,,0,,0
EVLV,2026-02-28,,0,,0
EVLVW,2026-01-31,,0,,0
EVLVW,2026-02-28,,0,,0
EVMN,2026-01-31,,0,,0
EVMN,2026-02-28,,0,,0
EVN,2026-01-31,,0,,0
EVN,2026-02-28,,0,,0
EVO,2026-01-31,,0,,0
EVO,2026-02-28,,0,,0
EVOX,2026-01-31,,0,,0
EVOX,2026-02-28,,0,,0
EVOXU,2026-01-31,,0,,0
EVOXU,2026-02-28,,0,,0
EVOXW,2026-01-31,,0,,0
EVOXW,2026-02-28,,0,,0
EVR,2026-01-31,,0,,0
EVR,2026-02-28,,0,,0
EVRG,2026-01-31,,0,,0
EVRG,2026-02-28,,0,,0
EVT,2026-01-31,,0,,0
EVT,2026-02-28,,0,,0
EVTC,2026-01-31,,0,,0
EVTC,2026-02-28,,0,,0
EVTL,2026-01-31,,0,,0
EVTL,2026-02-28,,0,,0
EVTV,2026-01-31,,0,,0
EVTV,2026-02-28,,0,,0
EVV,2026-01-31,,0,,0
EVV,2026-02-28,,0,,0
EW,2026-01-31,,0,,0
EW,2026-02-28,,0,,0
EWBC,2026-01-31,,0,,0
EWBC,2026-02-28,,0,,0
EWTX,2026-01-31,,0,,0
EWTX,2026-02-28,,0,,0
EXC,2026-01-31,,0,,0
EXC,2026-02-28,,0,,0
EXE,2026-01-31,,0,,0
EXE,2026-02-28,,0,,0
EXEL,2026-01-31,,0,,0
EXEL,2026-02-28,,0,,0
EXFY,2026-01-31,,0,,0
EXFY,2026-02-28,,0,,0
EXG,2026-01-31,,0,,0
EXG,2026-02-28,,0,,0
EXK,2026-01-31,,0,,0
EXK,2026-02-28,,0,,0
EXLS,2026-01-31,,0,,0
EXLS,2026-02-28,,0,,0
EXOD,2026-01-31,,0,,0
EXOD,2026-02-28,,0,,0
EXOZ,2026-01-31,,0,,0
EXOZ,2026-02-28,,0,,0
EXP,2026-01-31,,0,,0
EXP,2026-02-28,,0,,0
EXPD,2026-01-31,,0,,0
EXPD,2026-02-28,,0,,0
EXPE,2026-01-31,,0,,0
EXPE,2026-02-28,,0,,0
EXPO,2026-01-31,,0,,0
EXPO,2026-02-28,,0,,0
EXR,2026-01-31,,0,,0
EXR,2026-02-28,,0,,0
EXTR,2026-01-31,,0,,0
EXTR,2026-02-28,,0,,0
EXYN,2026-01-31,,0,,0
EXYN,2026-02-28,,0,,0
EXYNW,2026-01-31,,0,,0
EXYNW,2026-02-28,,0,,0
EYE,2026-01-31,,0,,0
EYE,2026-02-28,,0,,0
EYPT,2026-01-31,,0,,0
EYPT,2026-02-28,,0,,0
EZGO,2026-01-31,,0,,0
EZGO,2026-02-28,,0,,0
EZPW,2026-01-31,,0,,0
EZPW,2026-02-28,,0,,0
EZRA,2026-01-31,,0,,0
EZRA,2026-02-28,,0,,0
F,2026-01-31,,0,,0
F,2026-02-28,,0,,0
F.PB,2026-01-31,,0,,0
F.PB,2026-02-28,,0,,0
F.PC,2026-01-31,,0,,0
F.PC,2026-02-28,,0,,0
F.PD,2026-01-31,,0,,0
F.PD,2026-02-28,,0,,0
FA,2026-01-31,,0,,0
FA,2026-02-28,,0,,0
FABC,2026-01-31,,0,,0
FABC,2026-02-28,,0,,0
FAC,2026-01-31,,0,,0
FAC,2026-02-28,,0,,0
FACT,2026-01-31,,0,,0
FACT,2026-02-28,,0,,0
FACTU,2026-01-31,,0,,0
FACTU,2026-02-28,,0,,0
FACTW,2026-01-31,,0,,0
FACTW,2026-02-28,,0,,0
FACWW,2026-01-31,,0,,0
FACWW,2026-02-28,,0,,0
FAF,2026-01-31,,0,,0
FAF,2026-02-28,,0,,0
FAMI,2026-01-31,,0,,0
FAMI,2026-02-28,,0,,0
FANG,2026-01-31,,0,,0
FANG,2026-02-28,,0,,0
FAST,2026-01-31,,0,,0
FAST,2026-02-28,,0,,0
FATE,2026-01-31,,0,,0
FATE,2026-02-28,,0,,0
FATN,2026-01-31,,0,,0
FATN,2026-02-28,,0,,0
FAX,2026-01-31,,0,,0
FAX,2026-02-28,,0,,0
FBGL,2026-01-31,,0,,0
FBGL,2026-02-28,,0,,0
FBIN,2026-01-31,,0,,0
FBIN,2026-02-28,,0,,0
FBIO,2026-01-31,,0,,0
FBIO,2026-02-28,,0,,0
FBIOP,2026-01-31,,0,,0
FBIOP,2026-02-28,,0,,0
FBIZ,2026-01-31,,0,,0
FBIZ,2026-02-28,,0,,0
FBK,2026-01-31,,0,,0
FBK,2026-02-28,,0,,0
FBLA,2026-01-31,,0,,0
FBLA,2026-02-28,,0,,0
FBLG,2026-01-31,,0,,0
FBLG,2026-02-28,,0,,0
FBNC,2026-01-31,,0,,0
FBNC,2026-02-28,,0,,0
FBP,2026-01-31,,0,,0
FBP,2026-02-28,,0,,0
FBRT,2026-01-31,,0,,0
FBRT,2026-02-28,,0,,0
FBRT.PE,2026-01-31,,0,,0
FBRT.PE,2026-02-28,,0,,0
FBRX,2026-01-31,,0,,0
FBRX,2026-02-28,,0,,0
FBYD,2026-01-31,,0,,0
FBYD,2026-02-28,,0,,0
FBYDP,2026-01-31,,0,,0
FBYDP,2026-02-28,,0,,0
FBYDW,2026-01-31,,0,,0
FBYDW,2026-02-28,,0,,0
FC,2026-01-31,,0,,0
FC,2026-02-28,,0,,0
FCAP,2026-01-31,,0,,0
FCAP,2026-02-28,,0,,0
FCBC,2026-01-31,,0,,0
FCBC,2026-02-28,,0,,0
FCCO,2026-01-31,,0,,0
FCCO,2026-02-28,,0,,0
FCEL,2026-01-31,,0,,0
FCEL,2026-02-28,,0,,0
FCF,2026-01-31,,0,,0
FCF,2026-02-28,,0,,0
FCFS,2026-01-31,,0,,0
FCFS,2026-02-28,,0,,0
FCHL,2026-01-31,,0,,0
FCHL,2026-02-28,,0,,0
FCN,2026-01-31,,0,,0
FCN,2026-02-28,,0,,0
FCNCA,2026-01-31,,0,,0
FCNCA,2026-02-28,,0,,0
FCNCN,2026-01-31,,0,,0
FCNCN,2026-02-28,,0,,0
FCNCO,2026-01-31,,0,,0
FCNCO,2026-02-28,,0,,0
FCNCP,2026-01-31,,0,,0
FCNCP,2026-02-28,,0,,0
FCPT,2026-01-31,,0,,0
FCPT,2026-02-28,,0,,0
FCRS,2026-01-31,,0,,0
FCRS,2026-02-28,,0,,0
FCRS.UN,2026-01-31,,0,,0
FCRS.UN,2026-02-28,,0,,0
FCRS.WT,2026-01-31,,0,,0
FCRS.WT,2026-02-28,,0,,0
FCT,2026-01-31,,0,,0
FCT,2026-02-28,,0,,0
FCUV,2026-01-31,,0,,0
FCUV,2026-02-28,,0,,0
FCX,2026-01-31,,0,,0
FCX,2026-02-28,,0,,0
FDBC,2026-01-31,,0,,0
FDBC,2026-02-28,,0,,0
FDMT,2026-01-31,,0,,0
FDMT,2026-02-28,,0,,0
FDP,2026-01-31,,0,,0
FDP,2026-02-28,,0,,0
FDS,2026-01-31,,0,,0
FDS,2026-02-28,,0,,0
FDSB,2026-01-31,,0,,0
FDSB,2026-02-28,,0,,0
FDUS,2026-01-31,,0,,0
FDUS,2026-02-28,,0,,0
FDX,2026-01-31,,0,,0
FDX,2026-02-28,,0,,0
FDXF,2026-01-31,,0,,0
FDXF,2026-02-28,,0,,0
FE,2026-01-31,,0,,0
FE,2026-02-28,,0,,0
FEAM,2026-01-31,,0,,0
FEAM,2026-02-28,,0,,0
FEBO,2026-01-31,,0,,0
FEBO,2026-02-28,,0,,0
FEDU,2026-01-31,,0,,0
FEDU,2026-02-28,,0,,0
FEED,2026-01-31,,0,,0
FEED,2026-02-28,,0,,0
FEIM,2026-01-31,,0,,0
FEIM,2026-02-28,,0,,0
FELE,2026-01-31,,0,,0
FELE,2026-02-28,,0,,0
FEMY,2026-01-31,,0,,0
FEMY,2026-02-28,,0,,0
FENC,2026-01-31,,0,,0
FENC,2026-02-28,,0,,0
FENG,2026-01-31,,0,,0
FENG,2026-02-28,,0,,0
FER,2026-01-31,,0,,0
FER,2026-02-28,,0,,0
FERA,2026-01-31,,0,,0
FERA,2026-02-28,,0,,0
FERAR,2026-01-31,,0,,0
FERAR,2026-02-28,,0,,0
FERAU,2026-01-31,,0,,0
FERAU,2026-02-28,,0,,0
FERG,2026-01-31,,0,,0
FERG,2026-02-28,,0,,0
FET,2026-01-31,,0,,0
FET,2026-02-28,,0,,0
FF,2026-01-31,,0,,0
FF,2026-02-28,,0,,0
FFA,2026-01-31,,0,,0
FFA,2026-02-28,,0,,0
FFAI,2026-01-31,,0,,0
FFAI,2026-02-28,,0,,0
FFAIW,2026-01-31,,0,,0
FFAIW,2026-02-28,,0,,0
FFBC,2026-01-31,,0,,0
FFBC,2026-02-28,,0,,0
FFC,2026-01-31,,0,,0
FFC,2026-02-28,,0,,0
FFIN,2026-01-31,,0,,0
FFIN,2026-02-28,,0,,0
FFIV,2026-01-31,,0,,0
FFIV,2026-02-28,,0,,0
FG,2026-01-31,,0,,0
FG,2026-02-28,,0,,0
FGBI,2026-01-31,,0,,0
FGBI,2026-02-28,,0,,0
FGBIP,2026-01-31,,0,,0
FGBIP,2026-02-28,,0,,0
FGDL,2026-01-31,,0,,0
FGDL,2026-02-28,,0,,0
FGI,2026-01-31,,0,,0
FGI,2026-02-28,,0,,0
FGII,2026-01-31,,0,,0
FGII,2026-02-28,,0,,0
FGIIU,2026-01-31,,0,,0
FGIIU,2026-02-28,,0,,0
FGIIW,2026-01-31,,0,,0
FGIIW,2026-02-28,,0,,0
FGIWW,2026-01-31,,0,,0
FGIWW,2026-02-28,,0,,0
FGL,2026-01-31,,0,,0
FGL,2026-02-28,,0,,0
FGMC,2026-01-31,,0,,0
FGMC,2026-02-28,,0,,0
FGMCR,2026-01-31,,0,,0
FGMCR,2026-02-28,,0,,0
FGMCU,2026-01-31,,0,,0
FGMCU,2026-02-28,,0,,0
FGN,2026-01-31,,0,,0
FGN,2026-02-28,,0,,0
FGNX,2026-01-31,,0,,0
FGNX,2026-02-28,,0,,0
FGNXP,2026-01-31,,0,,0
FGNXP,2026-02-28,,0,,0
FGSN,2026-01-31,,0,,0
FGSN,2026-02-28,,0,,0
FHB,2026-01-31,,0,,0
FHB,2026-02-28,,0,,0
FHI,2026-01-31,,0,,0
FHI,2026-02-28,,0,,0
FHN,2026-01-31,,0,,0
FHN,2026-02-28,,0,,0
FHN.PE,2026-01-31,,0,,0
FHN.PE,2026-02-28,,0,,0
FHN.PF,2026-01-31,,0,,0
FHN.PF,2026-02-28,,0,,0
FHN.PH,2026-01-31,,0,,0
FHN.PH,2026-02-28,,0,,0
FHTX,2026-01-31,,0,,0
FHTX,2026-02-28,,0,,0
FIBK,2026-01-31,,0,,0
FIBK,2026-02-28,,0,,0
FICO,2026-01-31,,0,,0
FICO,2026-02-28,,0,,0
FIEE,2026-01-31,,0,,0
FIEE,2026-02-28,,0,,0
FIG,2026-01-31,,0,,0
FIG,2026-02-28,,0,,0
FIGR,2026-01-31,,0,,0
FIGR,2026-02-28,,0,,0
FIGS,2026-01-31,,0,,0
FIGS,2026-02-28,,0,,0
FIGX,2026-01-31,,0,,0
FIGX,2026-02-28,,0,,0
FIGXU,2026-01-31,,0,,0
FIGXU,2026-02-28,,0,,0
FIGXW,2026-01-31,,0,,0
FIGXW,2026-02-28,,0,,0
FINS,2026-01-31,,0,,0
FINS,2026-02-28,,0,,0
FINV,2026-01-31,,0,,0
FINV,2026-02-28,,0,,0
FINW,2026-01-31,,0,,0
FINW,2026-02-28,,0,,0
FIP,2026-01-31,,0,,0
FIP,2026-02-28,,0,,0
FIS,2026-01-31,,0,,0
FIS,2026-02-28,,0,,0
FISI,2026-01-31,,0,,0
FISI,2026-02-28,,0,,0
FISK,2026-01-31,,0,,0
FISK,2026-02-28,,0,,0
FISV,2026-01-31,,0,,0
FISV,2026-02-28,,0,,0
FITB,2026-01-31,,0,,0
FITB,2026-02-28,,0,,0
FITB.PA,2026-01-31,,0,,0
FITB.PA,2026-02-28,,0,,0
FITB.PI,2026-01-31,,0,,0
FITB.PI,2026-02-28,,0,,0
FITB.PK,2026-01-31,,0,,0
FITB.PK,2026-02-28,,0,,0
FITB.PM,2026-01-31,,0,,0
FITB.PM,2026-02-28,,0,,0
FITBI,2026-01-31,,0,,0
FITBI,2026-02-28,,0,,0
FITBM,2026-01-31,,0,,0
FITBM,2026-02-28,,0,,0
FITBO,2026-01-31,,0,,0
FITBO,2026-02-28,,0,,0
FITBP,2026-01-31,,0,,0
FITBP,2026-02-28,,0,,0
FIVE,2026-01-31,,0,,0
FIVE,2026-02-28,,0,,0
FIVN,2026-01-31,,0,,0
FIVN,2026-02-28,,0,,0
FIX,2026-01-31,,0,,0
FIX,2026-02-28,,0,,0
FIZZ,2026-01-31,,0,,0
FIZZ,2026-02-28,,0,,0
FJET,2026-01-31,,0,,0
FJET,2026-02-28,,0,,0
FKWL,2026-01-31,,0,,0
FKWL,2026-02-28,,0,,0
FLC,2026-01-31,,0,,0
FLC,2026-02-28,,0,,0
FLD,2026-01-31,,0,,0
FLD,2026-02-28,,0,,0
FLDDW,2026-01-31,,0,,0
FLDDW,2026-02-28,,0,,0
FLEX,2026-01-31,,0,,0
FLEX,2026-02-28,,0,,0
FLG,2026-01-31,,0,,0
FLG,2026-02-28,,0,,0
FLG.PA,2026-01-31,,0,,0
FLG.PA,2026-02-28,,0,,0
FLG.PU,2026-01-31,,0,,0
FLG.PU,2026-02-28,,0,,0
FLGT,2026-01-31,,0,,0
FLGT,2026-02-28,,0,,0
FLL,2026-01-31,,0,,0
FLL,2026-02-28,,0,,0
FLNA,2026-01-31,,0,,0
FLNA,2026-02-28,,0,,0
FLNC,2026-01-31,,0,,0
FLNC,2026-02-28,,0,,0
FLNG,2026-01-31,,0,,0
FLNG,2026-02-28,,0,,0
FLNT,2026-01-31,2026-04-29,1,,0
FLNT,2026-02-28,2026-04-29,1,,0
FLO,2026-01-31,,0,,0
FLO,2026-02-28,,0,,0
FLOC,2026-01-31,,0,,0
FLOC,2026-02-28,,0,,0
FLR,2026-01-31,,0,,0
FLR,2026-02-28,,0,,0
FLS,2026-01-31,,0,,0
FLS,2026-02-28,,0,,0
FLUT,2026-01-31,,0,,0
FLUT,2026-02-28,,0,,0
FLUX,2026-01-31,,0,,0
FLUX,2026-02-28,,0,,0
FLWS,2026-01-31,,0,,0
FLWS,2026-02-28,,0,,0
FLX,2026-01-31,,0,,0
FLX,2026-02-28,,0,,0
FLXS,2026-01-31,,0,,0
FLXS,2026-02-28,,0,,0
FLY,2026-01-31,,0,,0
FLY,2026-02-28,,0,,0
FLYD,2026-01-31,,0,,0
FLYD,2026-02-28,,0,,0
FLYE,2026-01-31,,0,,0
FLYE,2026-02-28,,0,,0
FLYU,2026-01-31,,0,,0
FLYU,2026-02-28,,0,,0
FLYW,2026-01-31,,0,,0
FLYW,2026-02-28,,0,,0
FLYX,2026-01-31,,0,,0
FLYX,2026-02-28,,0,,0
FLYX.WT,2026-01-31,,0,,0
FLYX.WT,2026-02-28,,0,,0
FMAC,2026-01-31,,0,,0
FMAC,2026-02-28,,0,,0
FMACR,2026-01-31,,0,,0
FMACR,2026-02-28,,0,,0
FMACU,2026-01-31,,0,,0
FMACU,2026-02-28,,0,,0
FMAO,2026-01-31,,0,,0
FMAO,2026-02-28,,0,,0
FMBH,2026-01-31,,0,,0
FMBH,2026-02-28,,0,,0
FMC,2026-01-31,,0,,0
FMC,2026-02-28,,0,,0
FMFC,2026-01-31,,0,,0
FMFC,2026-02-28,,0,,0
FMN,2026-01-31,,0,,0
FMN,2026-02-28,,0,,0
FMNB,2026-01-31,,0,,0
FMNB,2026-02-28,,0,,0
FMS,2026-01-31,,0,,0
FMS,2026-02-28,,0,,0
FMST,2026-01-31,,0,,0
FMST,2026-02-28,,0,,0
FMSTW,2026-01-31,,0,,0
FMSTW,2026-02-28,,0,,0
FMX,2026-01-31,,0,,0
FMX,2026-02-28,,0,,0
FMY,2026-01-31,,0,,0
FMY,2026-02-28,,0,,0
FN,2026-01-31,,0,,0
FN,2026-02-28,,0,,0
FNB,2026-01-31,,0,,0
FNB,2026-02-28,,0,,0
FND,2026-01-31,,0,,0
FND,2026-02-28,,0,,0
FNF,2026-01-31,,0,,0
FNF,2026-02-28,,0,,0
FNGD,2026-01-31,,0,,0
FNGD,2026-02-28,,0,,0
FNGO,2026-01-31,,0,,0
FNGO,2026-02-28,,0,,0
FNGR,2026-01-31,,0,,0
FNGR,2026-02-28,,0,,0
FNGS,2026-01-31,,0,,0
FNGS,2026-02-28,,0,,0
FNGU,2026-01-31,,0,,0
FNGU,2026-02-28,,0,,0
FNKO,2026-01-31,,0,,0
FNKO,2026-02-28,,0,,0
FNLC,2026-01-31,,0,,0
FNLC,2026-02-28,,0,,0
FNRN,2026-01-31,,0,,0
FNRN,2026-02-28,,0,,0
FNUC,2026-01-31,,0,,0
FNUC,2026-02-28,,0,,0
FNV,2026-01-31,,0,,0
FNV,2026-02-28,,0,,0
FNWB,2026-01-31,,0,,0
FNWB,2026-02-28,,0,,0
FNWD,2026-01-31,,0,,0
FNWD,2026-02-28,,0,,0
FOA,2026-01-31,,0,,0
FOA,2026-02-28,,0,,0
FOCL,2026-01-31,,0,,0
FOCL,2026-02-28,,0,,0
FOF,2026-01-31,,0,,0
FOF,2026-02-28,,0,,0
FOFO,2026-01-31,,0,,0
FOFO,2026-02-28,,0,,0
FONR,2026-01-31,,0,,0
FONR,2026-02-28,,0,,0
FOR,2026-01-31,,0,,0
FOR,2026-02-28,,0,,0
FORM,2026-01-31,,0,,0
FORM,2026-02-28,,0,,0
FORR,2026-01-31,,0,,0
FORR,2026-02-28,,0,,0
FORTY,2026-01-31,,0,,0
FORTY,2026-02-28,,0,,0
FOSL,2026-01-31,,0,,0
FOSL,2026-02-28,,0,,0
FOUR,2026-01-31,,0,,0
FOUR,2026-02-28,,0,,0
FOUR.PA,2026-01-31,,0,,0
FOUR.PA,2026-02-28,,0,,0
FOX,2026-01-31,,0,,0
FOX,2026-02-28,,0,,0
FOXA,2026-01-31,,0,,0
FOXA,2026-02-28,,0,,0
FOXF,2026-01-31,,0,,0
FOXF,2026-02-28,,0,,0
FOXX,2026-01-31,,0,,0
FOXX,2026-02-28,,0,,0
FOXXW,2026-01-31,,0,,0
FOXXW,2026-02-28,,0,,0
FPF,2026-01-31,,0,,0
FPF,2026-02-28,,0,,0
FPH,2026-01-31,,0,,0
FPH,2026-02-28,,0,,0
FPI,2026-01-31,,0,,0
FPI,2026-02-28,,0,,0
FPS,2026-01-31,,0,,0
FPS,2026-02-28,,0,,0
FR,2026-01-31,,0,,0
FR,2026-02-28,,0,,0
FRA,2026-01-31,,0,,0
FRA,2026-02-28,,0,,0
FRAF,2026-01-31,,0,,0
FRAF,2026-02-28,,0,,0
FRBT,2026-01-31,,0,,0
FRBT,2026-02-28,,0,,0
FRD,2026-01-31,,0,,0
FRD,2026-02-28,,0,,0
FRGT,2026-01-31,,0,,0
FRGT,2026-02-28,,0,,0
FRHC,2026-01-31,,0,,0
FRHC,2026-02-28,,0,,0
FRME,2026-01-31,,0,,0
FRME,2026-02-28,,0,,0
FRMEP,2026-01-31,,0,,0
FRMEP,2026-02-28,,0,,0
FRMI,2026-01-31,,0,,0
FRMI,2026-02-28,,0,,0
FRMM,2026-01-31,,0,,0
FRMM,2026-02-28,,0,,0
FRO,2026-01-31,,0,,0
FRO,2026-02-28,,0,,0
FROG,2026-01-31,,0,,0
FROG,2026-02-28,,0,,0
FRPH,2026-01-31,,0,,0
FRPH,2026-02-28,,0,,0
FRPT,2026-01-31,,0,,0
FRPT,2026-02-28,,0,,0
FRSH,2026-01-31,,0,,0
FRSH,2026-02-28,,0,,0
FRST,2026-01-31,,0,,0
FRST,2026-02-28,,0,,0
FRSX,2026-01-31,,0,,0
FRSX,2026-02-28,,0,,0
FRT,2026-01-31,,0,,0
FRT,2026-02-28,,0,,0
FRT.PC,2026-01-31,,0,,0
FRT.PC,2026-02-28,,0,,0
FRTT,2026-01-31,,0,,0
FRTT,2026-02-28,,0,,0
FRVO,2026-01-31,,0,,0
FRVO,2026-02-28,,0,,0
FSBC,2026-01-31,,0,,0
FSBC,2026-02-28,,0,,0
FSBW,2026-01-31,,0,,0
FSBW,2026-02-28,,0,,0
FSCO,2026-01-31,,0,,0
FSCO,2026-02-28,,0,,0
FSEA,2026-01-31,2026-05-05,1,,0
FSEA,2026-02-28,2026-05-05,1,,0
FSHP,2026-01-31,2026-05-09,1,,0
FSHP,2026-02-28,2026-05-09,1,,0
FSHPR,2026-01-31,,0,,0
FSHPR,2026-02-28,,0,,0
FSHPU,2026-01-31,,0,,0
FSHPU,2026-02-28,,0,,0
FSI,2026-01-31,,0,,0
FSI,2026-02-28,,0,,0
FSK,2026-01-31,,0,,0
FSK,2026-02-28,,0,,0
FSLR,2026-01-31,,0,,0
FSLR,2026-02-28,,0,,0
FSLY,2026-01-31,,0,,0
FSLY,2026-02-28,,0,,0
FSM,2026-01-31,,0,,0
FSM,2026-02-28,,0,,0
FSOL,2026-01-31,,0,,0
FSOL,2026-02-28,,0,,0
FSP,2026-01-31,,0,,0
FSP,2026-02-28,,0,,0
FSS,2026-01-31,,0,,0
FSS,2026-02-28,,0,,0
FSSL,2026-01-31,,0,,0
FSSL,2026-02-28,,0,,0
FSTR,2026-01-31,,0,,0
FSTR,2026-02-28,,0,,0
FSUN,2026-01-31,,0,,0
FSUN,2026-02-28,,0,,0
FSV,2026-01-31,,0,,0
FSV,2026-02-28,,0,,0
FT,2026-01-31,,0,,0
FT,2026-02-28,,0,,0
FTAI,2026-01-31,,0,,0
FTAI,2026-02-28,,0,,0
FTAIM,2026-01-31,,0,,0
FTAIM,2026-02-28,,0,,0
FTAIN,2026-01-31,,0,,0
FTAIN,2026-02-28,,0,,0
FTCI,2026-01-31,,0,,0
FTCI,2026-02-28,,0,,0
FTDR,2026-01-31,,0,,0
FTDR,2026-02-28,,0,,0
FTEK,2026-01-31,,0,,0
FTEK,2026-02-28,,0,,0
FTF,2026-01-31,,0,,0
FTF,2026-02-28,,0,,0
FTFT,2026-01-31,,0,,0
FTFT,2026-02-28,,0,,0
FTHAU,2026-01-31,,0,,0
FTHAU,2026-02-28,,0,,0
FTHM,2026-01-31,,0,,0
FTHM,2026-02-28,,0,,0
FTHY,2026-01-31,,0,,0
FTHY,2026-02-28,,0,,0
FTI,2026-01-31,,0,,0
FTI,2026-02-28,,0,,0
FTK,2026-01-31,,0,,0
FTK,2026-02-28,,0,,0
FTLF,2026-01-31,,0,,0
FTLF,2026-02-28,,0,,0
FTNT,2026-01-31,,0,,0
FTNT,2026-02-28,,0,,0
FTRA.UN,2026-01-31,,0,,0
FTRA.UN,2026-02-28,,0,,0
FTRE,2026-01-31,,0,,0
FTRE,2026-02-28,,0,,0
FTRK,2026-01-31,,0,,0
FTRK,2026-02-28,,0,,0
FTS,2026-01-31,,0,,0
FTS,2026-02-28,,0,,0
FTV,2026-01-31,,0,,0
FTV,2026-02-28,,0,,0
FTW,2026-01-31,,0,,0
FTW,2026-02-28,,0,,0
FTW.WT,2026-01-31,,0,,0
FTW.WT,2026-02-28,,0,,0
FUBO,2026-01-31,,0,,0
FUBO,2026-02-28,,0,,0
FUFU,2026-01-31,,0,,0
FUFU,2026-02-28,,0,,0
FUFUW,2026-01-31,,0,,0
FUFUW,2026-02-28,,0,,0
FUL,2026-01-31,,0,,0
FUL,2026-02-28,,0,,0
FULC,2026-01-31,,0,,0
FULC,2026-02-28,,0,,0
FULT,2026-01-31,,0,,0
FULT,2026-02-28,,0,,0
FULTP,2026-01-31,,0,,0
FULTP,2026-02-28,,0,,0
FUN,2026-01-31,,0,,0
FUN,2026-02-28,,0,,0
FUNC,2026-01-31,,0,,0
FUNC,2026-02-28,,0,,0
FUND,2026-01-31,,0,,0
FUND,2026-02-28,,0,,0
FURY,2026-01-31,,0,,0
FURY,2026-02-28,,0,,0
FUSB,2026-01-31,,0,,0
FUSB,2026-02-28,,0,,0
FUSE,2026-01-31,,0,,0
FUSE,2026-02-28,,0,,0
FUSEW,2026-01-31,,0,,0
FUSEW,2026-02-28,,0,,0
FUTU,2026-01-31,,0,,0
FUTU,2026-02-28,,0,,0
FVAV,2026-01-31,,0,,0
FVAV,2026-02-28,,0,,0
FVCB,2026-01-31,,0,,0
FVCB,2026-02-28,,0,,0
FVN,2026-01-31,,0,,0
FVN,2026-02-28,,0,,0
FVNNR,2026-01-31,,0,,0
FVNNR,2026-02-28,,0,,0
FVNNU,2026-01-31,,0,,0
FVNNU,2026-02-28,,0,,0
FVR,2026-01-31,,0,,0
FVR,2026-02-28,,0,,0
FVRR,2026-01-31,,0,,0
FVRR,2026-02-28,,0,,0
FWDI,2026-01-31,,0,,0
FWDI,2026-02-28,,0,,0
FWONA,2026-01-31,,0,,0
FWONA,2026-02-28,,0,,0
FWONK,2026-01-31,,0,,0
FWONK,2026-02-28,,0,,0
FWRD,2026-01-31,,0,,0
FWRD,2026-02-28,,0,,0
FWRG,2026-01-31,,0,,0
FWRG,2026-02-28,,0,,0
FXA,2026-01-31,,0,,0
FXA,2026-02-28,,0,,0
FXACU,2026-01-31,,0,,0
FXACU,2026-02-28,,0,,0
FXB,2026-01-31,,0,,0
FXB,2026-02-28,,0,,0
FXC,2026-01-31,,0,,0
FXC,2026-02-28,,0,,0
FXE,2026-01-31,,0,,0
FXE,2026-02-28,,0,,0
FXF,2026-01-31,,0,,0
FXF,2026-02-28,,0,,0
FXNC,2026-01-31,,0,,0
FXNC,2026-02-28,,0,,0
FXY,2026-01-31,,0,,0
FXY,2026-02-28,,0,,0
G,2026-01-31,,0,,0
G,2026-02-28,,0,,0
GAB,2026-01-31,,0,,0
GAB,2026-02-28,,0,,0
GAB.PG,2026-01-31,,0,,0
GAB.PG,2026-02-28,,0,,0
GAB.PH,2026-01-31,,0,,0
GAB.PH,2026-02-28,,0,,0
GAB.PK,2026-01-31,,0,,0
GAB.PK,2026-02-28,,0,,0
GABC,2026-01-31,,0,,0
GABC,2026-02-28,,0,,0
GAIA,2026-01-31,,0,,0
GAIA,2026-02-28,,0,,0
GAIN,2026-01-31,,0,,0
GAIN,2026-02-28,,0,,0
GAING,2026-01-31,,0,,0
GAING,2026-02-28,,0,,0
GAINI,2026-01-31,,0,,0
GAINI,2026-02-28,,0,,0
GAINZ,2026-01-31,,0,,0
GAINZ,2026-02-28,,0,,0
GALT,2026-01-31,,0,,0
GALT,2026-02-28,,0,,0
GAM,2026-01-31,,0,,0
GAM,2026-02-28,,0,,0
GAM.PB,2026-01-31,,0,,0
GAM.PB,2026-02-28,,0,,0
GAMB,2026-01-31,,0,,0
GAMB,2026-02-28,,0,,0
GAME,2026-01-31,,0,,0
GAME,2026-02-28,,0,,0
GANX,2026-01-31,,0,,0
GANX,2026-02-28,,0,,0
GAP,2026-01-31,,0,,0
GAP,2026-02-28,,0,,0
GASS,2026-01-31,,0,,0
GASS,2026-02-28,,0,,0
GATX,2026-01-31,,0,,0
GATX,2026-02-28,,0,,0
GAU,2026-01-31,,0,,0
GAU,2026-02-28,,0,,0
GAUZ,2026-01-31,,0,,0
GAUZ,2026-02-28,,0,,0
GAVA,2026-01-31,,0,,0
GAVA,2026-02-28,,0,,0
GBAB,2026-01-31,,0,,0
GBAB,2026-02-28,,0,,0
GBCI,2026-01-31,,0,,0
GBCI,2026-02-28,,0,,0
GBDC,2026-01-31,,0,,0
GBDC,2026-02-28,,0,,0
GBFH,2026-01-31,,0,,0
GBFH,2026-02-28,,0,,0
GBLI,2026-01-31,,0,,0
GBLI,2026-02-28,,0,,0
GBR,2026-01-31,,0,,0
GBR,2026-02-28,,0,,0
GBTC,2026-01-31,,0,,0
GBTC,2026-02-28,,0,,0
GBTG,2026-01-31,,0,,0
GBTG,2026-02-28,,0,,0
GBUG,2026-01-31,,0,,0
GBUG,2026-02-28,,0,,0
GBX,2026-01-31,,0,,0
GBX,2026-02-28,,0,,0
GCBC,2026-01-31,,0,,0
GCBC,2026-02-28,,0,,0
GCDT,2026-01-31,,0,,0
GCDT,2026-02-28,,0,,0
GCGRU,2026-01-31,,0,,0
GCGRU,2026-02-28,,0,,0
GCL,2026-01-31,,0,,0
GCL,2026-02-28,,0,,0
GCLWW,2026-01-31,,0,,0
GCLWW,2026-02-28,,0,,0
GCMG,2026-01-31,,0,,0
GCMG,2026-02-28,,0,,0
GCO,2026-01-31,,0,,0
GCO,2026-02-28,,0,,0
GCT,2026-01-31,,0,,0
GCT,2026-02-28,,0,,0
GCTK,2026-01-31,,0,,0
GCTK,2026-02-28,,0,,0
GCTS,2026-01-31,,0,,0
GCTS,2026-02-28,,0,,0
GCTS.WT,2026-01-31,,0,,0
GCTS.WT,2026-02-28,,0,,0
GCV,2026-01-31,,0,,0
GCV,2026-02-28,,0,,0
GD,2026-01-31,,0,,0
GD,2026-02-28,,0,,0
GDC,2026-01-31,2026-05-05,1,,0
GDC,2026-02-28,2026-05-05,1,,0
GDDY,2026-01-31,,0,,0
GDDY,2026-02-28,,0,,0
GDEV,2026-01-31,,0,,0
GDEV,2026-02-28,,0,,0
GDEVW,2026-01-31,,0,,0
GDEVW,2026-02-28,,0,,0
GDHG,2026-01-31,,0,,0
GDHG,2026-02-28,,0,,0
GDL,2026-01-31,,0,,0
GDL,2026-02-28,,0,,0
GDLC,2026-01-31,,0,,0
GDLC,2026-02-28,,0,,0
GDO,2026-01-31,,0,,0
GDO,2026-02-28,,0,,0
GDOG,2026-01-31,,0,,0
GDOG,2026-02-28,,0,,0
GDOT,2026-01-31,,0,,0
GDOT,2026-02-28,,0,,0
GDRX,2026-01-31,,0,,0
GDRX,2026-02-28,,0,,0
GDS,2026-01-31,,0,,0
GDS,2026-02-28,,0,,0
GDTC,2026-01-31,,0,,0
GDTC,2026-02-28,,0,,0
GDV,2026-01-31,,0,,0
GDV,2026-02-28,,0,,0
GDV.PH,2026-01-31,,0,,0
GDV.PH,2026-02-28,,0,,0
GDV.PK,2026-01-31,,0,,0
GDV.PK,2026-02-28,,0,,0
GDXD,2026-01-31,,0,,0
GDXD,2026-02-28,,0,,0
GDXU,2026-01-31,,0,,0
GDXU,2026-02-28,,0,,0
GDYN,2026-01-31,,0,,0
GDYN,2026-02-28,,0,,0
GE,2026-01-31,,0,,0
GE,2026-02-28,,0,,0
GECC,2026-01-31,,0,,0
GECC,2026-02-28,,0,,0
GECCG,2026-01-31,,0,,0
GECCG,2026-02-28,,0,,0
GECCH,2026-01-31,,0,,0
GECCH,2026-02-28,,0,,0
GECCI,2026-01-31,,0,,0
GECCI,2026-02-28,,0,,0
GEF,2026-01-31,,0,,0
GEF,2026-02-28,,0,,0
GEF.B,2026-01-31,,0,,0
GEF.B,2026-02-28,,0,,0
GEG,2026-01-31,,0,,0
GEG,2026-02-28,,0,,0
GEGGL,2026-01-31,,0,,0
GEGGL,2026-02-28,,0,,0
GEHC,2026-01-31,,0,,0
GEHC,2026-02-28,,0,,0
GEL,2026-01-31,,0,,0
GEL,2026-02-28,,0,,0
GELS,2026-01-31,,0,,0
GELS,2026-02-28,,0,,0
GEMI,2026-01-31,,0,,0
GEMI,2026-02-28,,0,,0
GEN,2026-01-31,,0,,0
GEN,2026-02-28,,0,,0
GENB,2026-01-31,,0,,0
GENB,2026-02-28,,0,,0
GENC,2026-01-31,,0,,0
GENC,2026-02-28,,0,,0
GENI,2026-01-31,,0,,0
GENI,2026-02-28,,0,,0
GENK,2026-01-31,,0,,0
GENK,2026-02-28,,0,,0
GENVR,2026-01-31,,0,,0
GENVR,2026-02-28,,0,,0
GEO,2026-01-31,,0,,0
GEO,2026-02-28,,0,,0
GEOS,2026-01-31,,0,,0
GEOS,2026-02-28,,0,,0
GERN,2026-01-31,,0,,0
GERN,2026-02-28,,0,,0
GETY,2026-01-31,,0,,0
GETY,2026-02-28,,0,,0
GEV,2026-01-31,,0,,0
GEV,2026-02-28,,0,,0
GEVO,2026-01-31,,0,,0
GEVO,2026-02-28,,0,,0
GF,2026-01-31,,0,,0
GF,2026-02-28,,0,,0
GFAI,2026-01-31,,0,,0
GFAI,2026-02-28,,0,,0
GFAIW,2026-01-31,,0,,0
GFAIW,2026-02-28,,0,,0
GFF,2026-01-31,,0,,0
GFF,2026-02-28,,0,,0
GFI,2026-01-31,,0,,0
GFI,2026-02-28,,0,,0
GFL,2026-01-31,,0,,0
GFL,2026-02-28,,0,,0
GFR,2026-01-31,,0,,0
GFR,2026-02-28,,0,,0
GFS,2026-01-31,,0,,0
GFS,2026-02-28,,0,,0
GGAL,2026-01-31,,0,,0
GGAL,2026-02-28,,0,,0
GGB,2026-01-31,,0,,0
GGB,2026-02-28,,0,,0
GGG,2026-01-31,,0,,0
GGG,2026-02-28,,0,,0
GGN,2026-01-31,,0,,0
GGN,2026-02-28,,0,,0
GGN.PB,2026-01-31,,0,,0
GGN.PB,2026-02-28,,0,,0
GGR,2026-01-31,,0,,0
GGR,2026-02-28,,0,,0
GGROW,2026-01-31,,0,,0
GGROW,2026-02-28,,0,,0
GGRP,2026-01-31,,0,,0
GGRP,2026-02-28,,0,,0
GGT,2026-01-31,,0,,0
GGT,2026-02-28,,0,,0
GGT.PE,2026-01-31,,0,,0
GGT.PE,2026-02-28,,0,,0
GGT.PG,2026-01-31,,0,,0
GGT.PG,2026-02-28,,0,,0
GGZ,2026-01-31,,0,,0
GGZ,2026-02-28,,0,,0
GH,2026-01-31,,0,,0
GH,2026-02-28,,0,,0
GHC,2026-01-31,,0,,0
GHC,2026-02-28,,0,,0
GHG,2026-01-31,,0,,0
GHG,2026-02-28,,0,,0
GHI,2026-01-31,,0,,0
GHI,2026-02-28,,0,,0
GHM,2026-01-31,,0,,0
GHM,2026-02-28,,0,,0
GHRS,2026-01-31,,0,,0
GHRS,2026-02-28,,0,,0
GHY,2026-01-31,,0,,0
GHY,2026-02-28,,0,,0
GIB,2026-01-31,,0,,0
GIB,2026-02-28,,0,,0
GIBO,2026-01-31,,0,,0
GIBO,2026-02-28,,0,,0
GIBOW,2026-01-31,,0,,0
GIBOW,2026-02-28,,0,,0
GIC,2026-01-31,,0,,0
GIC,2026-02-28,,0,,0
GIFT,2026-01-31,,0,,0
GIFT,2026-02-28,,0,,0
GIGM,2026-01-31,,0,,0
GIGM,2026-02-28,,0,,0
GIII,2026-01-31,,0,,0
GIII,2026-02-28,,0,,0
GIL,2026-01-31,,0,,0
GIL,2026-02-28,,0,,0
GILD,2026-01-31,,0,,0
GILD,2026-02-28,,0,,0
GILT,2026-01-31,,0,,0
GILT,2026-02-28,,0,,0
GIPR,2026-01-31,,0,,0
GIPR,2026-02-28,,0,,0
GIPRW,2026-01-31,,0,,0
GIPRW,2026-02-28,,0,,0
GIS,2026-01-31,,0,,0
GIS,2026-02-28,,0,,0
GITS,2026-01-31,,0,,0
GITS,2026-02-28,,0,,0
GIW,2026-01-31,,0,,0
GIW,2026-02-28,,0,,0
GIWWR,2026-01-31,,0,,0
GIWWR,2026-02-28,,0,,0
GIWWU,2026-01-31,,0,,0
GIWWU,2026-02-28,,0,,0
GIX,2026-01-31,,0,,0
GIX,2026-02-28,,0,,0
GIXXR,2026-01-31,,0,,0
GIXXR,2026-02-28,,0,,0
GIXXU,2026-01-31,,0,,0
GIXXU,2026-02-28,,0,,0
GJH,2026-01-31,,0,,0
GJH,2026-02-28,,0,,0
GJO,2026-01-31,,0,,0
GJO,2026-02-28,,0,,0
GJP,2026-01-31,,0,,0
GJP,2026-02-28,,0,,0
GJR,2026-01-31,,0,,0
GJR,2026-02-28,,0,,0
GJS,2026-01-31,,0,,0
GJS,2026-02-28,,0,,0
GJT,2026-01-31,,0,,0
GJT,2026-02-28,,0,,0
GKOS,2026-01-31,,0,,0
GKOS,2026-02-28,,0,,0
GL,2026-01-31,,0,,0
GL,2026-02-28,,0,,0
GL.PD,2026-01-31,,0,,0
GL.PD,2026-02-28,,0,,0
GLAD,2026-01-31,,0,,0
GLAD,2026-02-28,,0,,0
GLBE,2026-01-31,,0,,0
GLBE,2026-02-28,,0,,0
GLBS,2026-01-31,,0,,0
GLBS,2026-02-28,,0,,0
GLD,2026-01-31,,0,,0
GLD,2026-02-28,,0,,0
GLDG,2026-01-31,,0,,0
GLDG,2026-02-28,,0,,0
GLDI,2026-01-31,,0,,0
GLDI,2026-02-28,,0,,0
GLDM,2026-01-31,,0,,0
GLDM,2026-02-28,,0,,0
GLE,2026-01-31,,0,,0
GLE,2026-02-28,,0,,0
GLED,2026-01-31,2026-03-18,1,,0
GLED,2026-02-28,2026-03-18,1,,0
GLED.RI,2026-01-31,,0,,0
GLED.RI,2026-02-28,,0,,0
GLED.UN,2026-01-31,,0,,0
GLED.UN,2026-02-28,,0,,0
GLIBA,2026-01-31,,0,,0
GLIBA,2026-02-28,,0,,0
GLIBK,2026-01-31,,0,,0
GLIBK,2026-02-28,,0,,0
GLL,2026-01-31,,0,,0
GLL,2026-02-28,,0,,0
GLMD,2026-01-31,,0,,0
GLMD,2026-02-28,,0,,0
GLND,2026-01-31,,0,,0
GLND,2026-02-28,,0,,0
GLNDW,2026-01-31,,0,,0
GLNDW,2026-02-28,,0,,0
GLNG,2026-01-31,,0,,0
GLNG,2026-02-28,,0,,0
GLNK,2026-01-31,,0,,0
GLNK,2026-02-28,,0,,0
GLO,2026-01-31,,0,,0
GLO,2026-02-28,,0,,0
GLOB,2026-01-31,,0,,0
GLOB,2026-02-28,,0,,0
GLOO,2026-01-31,,0,,0
GLOO,2026-02-28,,0,,0
GLOP.PA,2026-01-31,,0,,0
GLOP.PA,2026-02-28,,0,,0
GLOP.PB,2026-01-31,,0,,0
GLOP.PB,2026-02-28,,0,,0
GLOP.PC,2026-01-31,,0,,0
GLOP.PC,2026-02-28,,0,,0
GLP,2026-01-31,,0,,0
GLP,2026-02-28,,0,,0
GLP.PB,2026-01-31,,0,,0
GLP.PB,2026-02-28,,0,,0
GLPI,2026-01-31,,0,,0
GLPI,2026-02-28,,0,,0
GLQ,2026-01-31,,0,,0
GLQ,2026-02-28,,0,,0
GLRE,2026-01-31,,0,,0
GLRE,2026-02-28,,0,,0
GLSI,2026-01-31,,0,,0
GLSI,2026-02-28,,0,,0
GLTR,2026-01-31,,0,,0
GLTR,2026-02-28,,0,,0
GLU,2026-01-31,,0,,0
GLU,2026-02-28,,0,,0
GLU.PA,2026-01-31,,0,,0
GLU.PA,2026-02-28,,0,,0
GLU.PB,2026-01-31,,0,,0
GLU.PB,2026-02-28,,0,,0
GLUE,2026-01-31,,0,,0
GLUE,2026-02-28,,0,,0
GLV,2026-01-31,,0,,0
GLV,2026-02-28,,0,,0
GLW,2026-01-31,,0,,0
GLW,2026-02-28,,0,,0
GLXG,2026-01-31,,0,,0
GLXG,2026-02-28,,0,,0
GLXY,2026-01-31,2026-03-11,1,,0
GLXY,2026-02-28,2026-03-11,1,,0
GM,2026-01-31,,0,,0
GM,2026-02-28,,0,,0
GMAB,2026-01-31,,0,,0
GMAB,2026-02-28,,0,,0
GME,2026-01-31,,0,,0
GME,2026-02-28,,0,,0
GME.WT,2026-01-31,,0,,0
GME.WT,2026-02-28,,0,,0
GMED,2026-01-31,,0,,0
GMED,2026-02-28,,0,,0
GMEX,2026-01-31,,0,,0
GMEX,2026-02-28,,0,,0
GMHS,2026-01-31,,0,,0
GMHS,2026-02-28,,0,,0
GMM,2026-01-31,,0,,0
GMM,2026-02-28,,0,,0
GMRS,2026-01-31,,0,,0
GMRS,2026-02-28,,0,,0
GMTL,2026-01-31,,0,,0
GMTL,2026-02-28,,0,,0
GNE,2026-01-31,,0,,0
GNE,2026-02-28,,0,,0
GNK,2026-01-31,,0,,0
GNK,2026-02-28,,0,,0
GNL,2026-01-31,,0,2026-05-04,1
GNL,2026-02-28,,0,2026-05-04,1
GNL.PA,2026-01-31,,0,,0
GNL.PA,2026-02-28,,0,,0
GNL.PB,2026-01-31,,0,,0
GNL.PB,2026-02-28,,0,,0
GNL.PD,2026-01-31,,0,,0
GNL.PD,2026-02-28,,0,,0
GNL.PE,2026-01-31,,0,,0
GNL.PE,2026-02-28,,0,,0
GNLN,2026-01-31,,0,,0
GNLN,2026-02-28,,0,,0
GNLX,2026-01-31,,0,,0
GNLX,2026-02-28,,0,,0
GNPX,2026-01-31,,0,,0
GNPX,2026-02-28,,0,,0
GNRC,2026-01-31,,0,,0
GNRC,2026-02-28,,0,,0
GNS,2026-01-31,,0,,0
GNS,2026-02-28,,0,,0
GNSS,2026-01-31,,0,,0
GNSS,2026-02-28,,0,,0
GNT,2026-01-31,,0,,0
GNT,2026-02-28,,0,,0
GNT.PA,2026-01-31,,0,,0
GNT.PA,2026-02-28,,0,,0
GNTA,2026-01-31,,0,,0
GNTA,2026-02-28,,0,,0
GNTX,2026-01-31,,0,,0
GNTX,2026-02-28,,0,,0
GNW,2026-01-31,,0,,0
GNW,2026-02-28,,0,,0
GO,2026-01-31,,0,,0
GO,2026-02-28,,0,,0
GOAI,2026-01-31,,0,,0
GOAI,2026-02-28,,0,,0
GOCO,2026-01-31,,0,,0
GOCO,2026-02-28,,0,,0
GOF,2026-01-31,,0,,0
GOF,2026-02-28,,0,,0
GOGO,2026-01-31,,0,,0
GOGO,2026-02-28,,0,,0
GOLD,2026-01-31,,0,,0
GOLD,2026-02-28,,0,,0
GOLF,2026-01-31,,0,,0
GOLF,2026-02-28,,0,,0
GOOD,2026-01-31,,0,,0
GOOD,2026-02-28,,0,,0
GOODN,2026-01-31,,0,,0
GOODN,2026-02-28,,0,,0
GOODO,2026-01-31,,0,,0
GOODO,2026-02-28,,0,,0
GOOG,2026-01-31,,0,,0
GOOG,2026-02-28,,0,,0
GOOGL,2026-01-31,,0,,0
GOOGL,2026-02-28,,0,,0
GOOGM,2026-01-31,,0,,0
GOOGM,2026-02-28,,0,,0
GOOGN,2026-01-31,,0,,0
GOOGN,2026-02-28,,0,,0
GOOS,2026-01-31,,0,,0
GOOS,2026-02-28,,0,,0
GORO,2026-01-31,,0,,0
GORO,2026-02-28,,0,,0
GOSS,2026-01-31,,0,,0
GOSS,2026-02-28,,0,,0
GOTU,2026-01-31,,0,,0
GOTU,2026-02-28,,0,,0
GOVX,2026-01-31,,0,,0
GOVX,2026-02-28,,0,,0
GP,2026-01-31,,0,,0
GP,2026-02-28,,0,,0
GPAC,2026-01-31,,0,,0
GPAC,2026-02-28,,0,,0
GPACU,2026-01-31,,0,,0
GPACU,2026-02-28,,0,,0
GPACW,2026-01-31,,0,,0
GPACW,2026-02-28,,0,,0
GPAT,2026-01-31,,0,,0
GPAT,2026-02-28,,0,,0
GPATU,2026-01-31,,0,,0
GPATU,2026-02-28,,0,,0
GPATW,2026-01-31,,0,,0
GPATW,2026-02-28,,0,,0
GPC,2026-01-31,,0,,0
GPC,2026-02-28,,0,,0
GPCR,2026-01-31,,0,,0
GPCR,2026-02-28,,0,,0
GPGI,2026-01-31,,0,,0
GPGI,2026-02-28,,0,,0
GPI,2026-01-31,,0,,0
GPI,2026-02-28,,0,,0
GPJA,2026-01-31,,0,,0
GPJA,2026-02-28,,0,,0
GPK,2026-01-31,,0,,0
GPK,2026-02-28,,0,,0
GPMT,2026-01-31,,0,,0
GPMT,2026-02-28,,0,,0
GPMT.PA,2026-01-31,,0,,0
GPMT.PA,2026-02-28,,0,,0
GPN,2026-01-31,,0,,0
GPN,2026-02-28,,0,,0
GPOR,2026-01-31,,0,,0
GPOR,2026-02-28,,0,,0
GPRE,2026-01-31,,0,,0
GPRE,2026-02-28,,0,,0
GPRK,2026-01-31,,0,,0
GPRK,2026-02-28,,0,,0
GPRO,2026-01-31,,0,,0
GPRO,2026-02-28,,0,,0
GPUS,2026-01-31,,0,,0
GPUS,2026-02-28,,0,,0
GPUS.PD,2026-01-31,,0,,0
GPUS.PD,2026-02-28,,0,,0
GRAB,2026-01-31,,0,,0
GRAB,2026-02-28,,0,,0
GRABW,2026-01-31,,0,,0
GRABW,2026-02-28,,0,,0
GRAF,2026-01-31,,0,,0
GRAF,2026-02-28,,0,,0
GRAF.UN,2026-01-31,,0,,0
GRAF.UN,2026-02-28,,0,,0
GRAF.WT,2026-01-31,,0,,0
GRAF.WT,2026-02-28,,0,,0
GRAL,2026-01-31,,0,,0
GRAL,2026-02-28,,0,,0
GRAN,2026-01-31,,0,,0
GRAN,2026-02-28,,0,,0
GRBK,2026-01-31,,0,,0
GRBK,2026-02-28,,0,,0
GRBK.PA,2026-01-31,,0,,0
GRBK.PA,2026-02-28,,0,,0
GRC,2026-01-31,,0,,0
GRC,2026-02-28,,0,,0
GRCE,2026-01-31,,0,,0
GRCE,2026-02-28,,0,,0
GRDN,2026-01-31,,0,,0
GRDN,2026-02-28,,0,,0
GRDX,2026-01-31,,0,,0
GRDX,2026-02-28,,0,,0
GREE,2026-01-31,,0,,0
GREE,2026-02-28,,0,,0
GREEL,2026-01-31,,0,,0
GREEL,2026-02-28,,0,,0
GRF,2026-01-31,,0,,0
GRF,2026-02-28,,0,,0
GRFS,2026-01-31,,0,,0
GRFS,2026-02-28,,0,,0
GRI,2026-01-31,,0,,0
GRI,2026-02-28,,0,,0
GRML,2026-01-31,2026-03-04,1,2026-05-29,1
GRML,2026-02-28,2026-03-04,1,2026-05-29,1
GRMLW,2026-01-31,,0,,0
GRMLW,2026-02-28,,0,,0
GRMN,2026-01-31,,0,,0
GRMN,2026-02-28,,0,,0
GRN,2026-01-31,,0,,0
GRN,2026-02-28,,0,,0
GRND,2026-01-31,,0,,0
GRND,2026-02-28,,0,,0
GRNQ,2026-01-31,,0,,0
GRNQ,2026-02-28,,0,,0
GRNT,2026-01-31,,0,,0
GRNT,2026-02-28,,0,,0
GRO,2026-01-31,,0,,0
GRO,2026-02-28,,0,,0
GROV,2026-01-31,,0,,0
GROV,2026-02-28,,0,,0
GROW,2026-01-31,,0,,0
GROW,2026-02-28,,0,,0
GROY,2026-01-31,,0,,0
GROY,2026-02-28,,0,,0
GROY.WT,2026-01-31,,0,,0
GROY.WT,2026-02-28,,0,,0
GRPN,2026-01-31,,0,,0
GRPN,2026-02-28,,0,,0
GRRR,2026-01-31,,0,,0
GRRR,2026-02-28,,0,,0
GRRRW,2026-01-31,,0,,0
GRRRW,2026-02-28,,0,,0
GRVY,2026-01-31,,0,,0
GRVY,2026-02-28,,0,,0
GRWG,2026-01-31,,0,,0
GRWG,2026-02-28,,0,,0
GRX,2026-01-31,,0,,0
GRX,2026-02-28,,0,,0
GS,2026-01-31,,0,,0
GS,2026-02-28,,0,,0
GS.PA,2026-01-31,,0,,0
GS.PA,2026-02-28,,0,,0
GS.PC,2026-01-31,,0,,0
GS.PC,2026-02-28,,0,,0
GS.PD,2026-01-31,,0,,0
GS.PD,2026-02-28,,0,,0
GSAT,2026-01-31,2026-04-14,1,,0
GSAT,2026-02-28,2026-04-14,1,,0
GSBC,2026-01-31,,0,,0
GSBC,2026-02-28,,0,,0
GSBD,2026-01-31,,0,,0
GSBD,2026-02-28,,0,,0
GSG,2026-01-31,,0,,0
GSG,2026-02-28,,0,,0
GSHD,2026-01-31,,0,,0
GSHD,2026-02-28,,0,,0
GSHR,2026-01-31,,0,,0
GSHR,2026-02-28,,0,,0
GSHRU,2026-01-31,,0,,0
GSHRU,2026-02-28,,0,,0
GSHRW,2026-01-31,,0,,0
GSHRW,2026-02-28,,0,,0
GSIT,2026-01-31,,0,,0
GSIT,2026-02-28,,0,,0
GSIW,2026-01-31,,0,,0
GSIW,2026-02-28,,0,,0
GSK,2026-01-31,,0,,0
GSK,2026-02-28,,0,,0
GSL,2026-01-31,,0,,0
GSL,2026-02-28,,0,,0
GSL.PB,2026-01-31,,0,,0
GSL.PB,2026-02-28,,0,,0
GSM,2026-01-31,,0,,0
GSM,2026-02-28,,0,,0
GSOL,2026-01-31,,0,,0
GSOL,2026-02-28,,0,,0
GSRF,2026-01-31,,0,,0
GSRF,2026-02-28,,0,,0
GSRFR,2026-01-31,,0,,0
GSRFR,2026-02-28,,0,,0
GSRFU,2026-01-31,,0,,0
GSRFU,2026-02-28,,0,,0
GSRVU,2026-01-31,,0,,0
GSRVU,2026-02-28,,0,,0
GSUI,2026-01-31,,0,,0
GSUI,2026-02-28,,0,,0
GSUN,2026-01-31,,0,,0
GSUN,2026-02-28,,0,,0
GT,2026-01-31,,0,,0
GT,2026-02-28,,0,,0
GTBP,2026-01-31,,0,,0
GTBP,2026-02-28,,0,,0
GTE,2026-01-31,,0,,0
GTE,2026-02-28,,0,,0
GTEC,2026-01-31,,0,,0
GTEC,2026-02-28,,0,,0
GTEN,2026-01-31,,0,,0
GTEN,2026-02-28,,0,,0
GTENU,2026-01-31,,0,,0
GTENU,2026-02-28,,0,,0
GTENW,2026-01-31,,0,,0
GTENW,2026-02-28,,0,,0
GTERA,2026-01-31,,0,,0
GTERA,2026-02-28,,0,,0
GTERR,2026-01-31,,0,,0
GTERR,2026-02-28,,0,,0
GTERU,2026-01-31,,0,,0
GTERU,2026-02-28,,0,,0
GTERW,2026-01-31,,0,,0
GTERW,2026-02-28,,0,,0
GTES,2026-01-31,,0,,0
GTES,2026-02-28,,0,,0
GTIM,2026-01-31,,0,,0
GTIM,2026-02-28,,0,,0
GTLB,2026-01-31,,0,,0
GTLB,2026-02-28,,0,,0
GTLS,2026-01-31,,0,,0
GTLS,2026-02-28,,0,,0
GTM,2026-01-31,,0,,0
GTM,2026-02-28,,0,,0
GTN,2026-01-31,,0,,0
GTN,2026-02-28,,0,,0
GTN.A,2026-01-31,,0,,0
GTN.A,2026-02-28,,0,,0
GTX,2026-01-31,,0,,0
GTX,2026-02-28,,0,,0
GTY,2026-01-31,,0,,0
GTY,2026-02-28,,0,,0
GUACU,2026-01-31,,0,,0
GUACU,2026-02-28,,0,,0
GUG,2026-01-31,,0,,0
GUG,2026-02-28,,0,,0
GURE,2026-01-31,,0,,0
GURE,2026-02-28,,0,,0
GUT,2026-01-31,,0,,0
GUT,2026-02-28,,0,,0
GUT.PC,2026-01-31,,0,,0
GUT.PC,2026-02-28,,0,,0
GUTS,2026-01-31,,0,,0
GUTS,2026-02-28,,0,,0
GV,2026-01-31,,0,,0
GV,2026-02-28,,0,,0
GVA,2026-01-31,,0,,0
GVA,2026-02-28,,0,,0
GVH,2026-01-31,,0,,0
GVH,2026-02-28,,0,,0
GWAV,2026-01-31,,0,,0
GWAV,2026-02-28,,0,,0
GWH,2026-01-31,,0,,0
GWH,2026-02-28,,0,,0
GWH.WT,2026-01-31,,0,,0
GWH.WT,2026-02-28,,0,,0
GWRE,2026-01-31,,0,,0
GWRE,2026-02-28,,0,,0
GWRS,2026-01-31,,0,,0
GWRS,2026-02-28,,0,,0
GWW,2026-01-31,,0,,0
GWW,2026-02-28,,0,,0
GXAI,2026-01-31,,0,,0
GXAI,2026-02-28,,0,,0
GXO,2026-01-31,,0,,0
GXO,2026-02-28,,0,,0
GXRP,2026-01-31,,0,,0
GXRP,2026-02-28,,0,,0
GYRE,2026-01-31,,0,,0
GYRE,2026-02-28,,0,,0
GYRO,2026-01-31,,0,,0
GYRO,2026-02-28,,0,,0
H,2026-01-31,,0,,0
H,2026-02-28,,0,,0
HACQ,2026-01-31,,0,,0
HACQ,2026-02-28,,0,,0
HACQU,2026-01-31,,0,,0
HACQU,2026-02-28,,0,,0
HACQW,2026-01-31,,0,,0
HACQW,2026-02-28,,0,,0
HAE,2026-01-31,,0,,0
HAE,2026-02-28,,0,,0
HAFC,2026-01-31,,0,,0
HAFC,2026-02-28,,0,,0
HAFN,2026-01-31,,0,,0
HAFN,2026-02-28,,0,,0
HAIN,2026-01-31,,0,,0
HAIN,2026-02-28,,0,,0
HAL,2026-01-31,,0,,0
HAL,2026-02-28,,0,,0
HALO,2026-01-31,,0,,0
HALO,2026-02-28,,0,,0
HAO,2026-01-31,,0,,0
HAO,2026-02-28,,0,,0
HAS,2026-01-31,,0,,0
HAS,2026-02-28,,0,,0
HASI,2026-01-31,,0,,0
HASI,2026-02-28,,0,,0
HAVA,2026-01-31,,0,,0
HAVA,2026-02-28,,0,,0
HAVAR,2026-01-31,,0,,0
HAVAR,2026-02-28,,0,,0
HAVAU,2026-01-31,,0,,0
HAVAU,2026-02-28,,0,,0
HAWK,2026-01-31,,0,,0
HAWK,2026-02-28,,0,,0
HAYW,2026-01-31,,0,,0
HAYW,2026-02-28,,0,,0
HBAN,2026-01-31,,0,,0
HBAN,2026-02-28,,0,,0
HBANL,2026-01-31,,0,,0
HBANL,2026-02-28,,0,,0
HBANM,2026-01-31,,0,,0
HBANM,2026-02-28,,0,,0
HBANP,2026-01-31,,0,,0
HBANP,2026-02-28,,0,,0
HBANZ,2026-01-31,,0,,0
HBANZ,2026-02-28,,0,,0
HBB,2026-01-31,,0,,0
HBB,2026-02-28,,0,,0
HBCP,2026-01-31,,0,,0
HBCP,2026-02-28,,0,,0
HBIO,2026-01-31,,0,,0
HBIO,2026-02-28,,0,,0
HBM,2026-01-31,,0,,0
HBM,2026-02-28,,0,,0
HBNB,2026-01-31,,0,,0
HBNB,2026-02-28,,0,,0
HBNC,2026-01-31,,0,,0
HBNC,2026-02-28,,0,,0
HBT,2026-01-31,,0,,0
HBT,2026-02-28,,0,,0
HCA,2026-01-31,,0,,0
HCA,2026-02-28,,0,,0
HCAC,2026-01-31,,0,,0
HCAC,2026-02-28,,0,,0
HCACR,2026-01-31,,0,,0
HCACR,2026-02-28,,0,,0
HCACU,2026-01-31,,0,,0
HCACU,2026-02-28,,0,,0
HCAI,2026-01-31,,0,,0
HCAI,2026-02-28,,0,,0
HCAT,2026-01-31,,0,,0
HCAT,2026-02-28,,0,,0
HCC,2026-01-31,,0,,0
HCC,2026-02-28,,0,,0
HCHL,2026-01-31,,0,,0
HCHL,2026-02-28,,0,,0
HCI,2026-01-31,,0,,0
HCI,2026-02-28,,0,,0
HCIC,2026-01-31,,0,,0
HCIC,2026-02-28,,0,,0
HCICR,2026-01-31,,0,,0
HCICR,2026-02-28,,0,,0
HCICU,2026-01-31,,0,,0
HCICU,2026-02-28,,0,,0
HCKT,2026-01-31,,0,,0
HCKT,2026-02-28,,0,,0
HCM,2026-01-31,,0,,0
HCM,2026-02-28,,0,,0
HCMA,2026-01-31,,0,,0
HCMA,2026-02-28,,0,,0
HCMAU,2026-01-31,,0,,0
HCMAU,2026-02-28,,0,,0
HCMAW,2026-01-31,,0,,0
HCMAW,2026-02-28,,0,,0
HCSG,2026-01-31,,0,,0
HCSG,2026-02-28,,0,,0
HCTI,2026-01-31,,0,,0
HCTI,2026-02-28,,0,,0
HCWB,2026-01-31,,0,,0
HCWB,2026-02-28,,0,,0
HCWC,2026-01-31,2026-05-29,1,,0
HCWC,2026-02-28,2026-05-29,1,,0
HCXY,2026-01-31,,0,,0
HCXY,2026-02-28,,0,,0
HD,2026-01-31,,0,,0
HD,2026-02-28,,0,,0
HDB,2026-01-31,,0,,0
HDB,2026-02-28,,0,,0
HDL,2026-01-31,,0,,0
HDL,2026-02-28,,0,,0
HDLB,2026-01-31,,0,,0
HDLB,2026-02-28,,0,,0
HDRN,2026-01-31,,0,,0
HDRN,2026-02-28,,0,,0
HDRNW,2026-01-31,,0,,0
HDRNW,2026-02-28,,0,,0
HDSN,2026-01-31,,0,,0
HDSN,2026-02-28,,0,,0
HE,2026-01-31,,0,,0
HE,2026-02-28,,0,,0
HEI,2026-01-31,,0,,0
HEI,2026-02-28,,0,,0
HEI.A,2026-01-31,,0,,0
HEI.A,2026-02-28,,0,,0
HELE,2026-01-31,,0,,0
HELE,2026-02-28,,0,,0
HELP,2026-01-31,,0,,0
HELP,2026-02-28,,0,,0
HEPS,2026-01-31,,0,,0
HEPS,2026-02-28,,0,,0
HEQ,2026-01-31,,0,,0
HEQ,2026-02-28,,0,,0
HERE,2026-01-31,,0,,0
HERE,2026-02-28,,0,,0
HERZ,2026-01-31,,0,,0
HERZ,2026-02-28,,0,,0
HESM,2026-01-31,,0,,0
HESM,2026-02-28,,0,,0
HFBL,2026-01-31,,0,,0
HFBL,2026-02-28,,0,,0
HFFG,2026-01-31,,0,,0
HFFG,2026-02-28,,0,,0
HFRO,2026-01-31,,0,,0
HFRO,2026-02-28,,0,,0
HFRO.PA,2026-01-31,,0,,0
HFRO.PA,2026-02-28,,0,,0
HFRO.PB,2026-01-31,,0,,0
HFRO.PB,2026-02-28,,0,,0
HFWA,2026-01-31,,0,,0
HFWA,2026-02-28,,0,,0
HG,2026-01-31,,0,,0
HG,2026-02-28,,0,,0
HGBL,2026-01-31,,0,,0
HGBL,2026-02-28,,0,,0
HGLB,2026-01-31,,0,,0
HGLB,2026-02-28,,0,,0
HGTY,2026-01-31,,0,,0
HGTY,2026-02-28,,0,,0
HGV,2026-01-31,,0,,0
HGV,2026-02-28,,0,,0
HHH,2026-01-31,,0,,0
HHH,2026-02-28,,0,,0
HHS,2026-01-31,,0,,0
HHS,2026-02-28,,0,,0
HIG,2026-01-31,,0,,0
HIG,2026-02-28,,0,,0
HIG.PG,2026-01-31,,0,,0
HIG.PG,2026-02-28,,0,,0
HIHO,2026-01-31,,0,,0
HIHO,2026-02-28,,0,,0
HII,2026-01-31,,0,,0
HII,2026-02-28,,0,,0
HIMS,2026-01-31,,0,,0
HIMS,2026-02-28,,0,,0
HIMX,2026-01-31,,0,,0
HIMX,2026-02-28,,0,,0
HIND,2026-01-31,,0,,0
HIND,2026-02-28,,0,,0
HIO,2026-01-31,,0,,0
HIO,2026-02-28,,0,,0
HIPO,2026-01-31,,0,,0
HIPO,2026-02-28,,0,,0
HIT,2026-01-31,,0,,0
HIT,2026-02-28,,0,,0
HITI,2026-01-31,,0,,0
HITI,2026-02-28,,0,,0
HIVE,2026-01-31,,0,,0
HIVE,2026-02-28,,0,,0
HIW,2026-01-31,,0,,0
HIW,2026-02-28,,0,,0
HIX,2026-01-31,,0,,0
HIX,2026-02-28,,0,,0
HKD,2026-01-31,,0,,0
HKD,2026-02-28,,0,,0
HKIT,2026-01-31,,0,,0
HKIT,2026-02-28,,0,,0
HKPD,2026-01-31,,0,,0
HKPD,2026-02-28,,0,,0
HL,2026-01-31,,0,,0
HL,2026-02-28,,0,,0
HL.PB,2026-01-31,,0,,0
HL.PB,2026-02-28,,0,,0
HLF,2026-01-31,,0,,0
HLF,2026-02-28,,0,,0
HLI,2026-01-31,,0,,0
HLI,2026-02-28,,0,,0
HLIO,2026-01-31,,0,,0
HLIO,2026-02-28,,0,,0
HLIT,2026-01-31,,0,,0
HLIT,2026-02-28,,0,,0
HLLY,2026-01-31,,0,,0
HLLY,2026-02-28,,0,,0
HLLY.WT,2026-01-31,,0,,0
HLLY.WT,2026-02-28,,0,,0
HLMN,2026-01-31,,0,,0
HLMN,2026-02-28,,0,,0
HLN,2026-01-31,,0,,0
HLN,2026-02-28,,0,,0
HLNE,2026-01-31,,0,,0
HLNE,2026-02-28,,0,,0
HLP,2026-01-31,,0,,0
HLP,2026-02-28,,0,,0
HLT,2026-01-31,,0,,0
HLT,2026-02-28,,0,,0
HLX,2026-01-31,2026-04-23,1,,0
HLX,2026-02-28,2026-04-23,1,,0
HLXC,2026-01-31,,0,,0
HLXC,2026-02-28,,0,,0
HMC,2026-01-31,,0,,0
HMC,2026-02-28,,0,,0
HMH,2026-01-31,,0,,0
HMH,2026-02-28,,0,,0
HMN,2026-01-31,,0,,0
HMN,2026-02-28,,0,,0
HMR,2026-01-31,,0,,0
HMR,2026-02-28,,0,,0
HMY,2026-01-31,,0,,0
HMY,2026-02-28,,0,,0
HNGE,2026-01-31,,0,,0
HNGE,2026-02-28,,0,,0
HNI,2026-01-31,,0,,0
HNI,2026-02-28,,0,,0
HNNA,2026-01-31,,0,,0
HNNA,2026-02-28,,0,,0
HNNAZ,2026-01-31,,0,,0
HNNAZ,2026-02-28,,0,,0
HNRG,2026-01-31,,0,,0
HNRG,2026-02-28,,0,,0
HNST,2026-01-31,,0,,0
HNST,2026-02-28,,0,,0
HNVR,2026-01-31,,0,,0
HNVR,2026-02-28,,0,,0
HOFT,2026-01-31,,0,,0
HOFT,2026-02-28,,0,,0
HOG,2026-01-31,,0,,0
HOG,2026-02-28,,0,,0
HOLO,2026-01-31,,0,,0
HOLO,2026-02-28,,0,,0
HOLOW,2026-01-31,,0,,0
HOLOW,2026-02-28,,0,,0
HOMB,2026-01-31,,0,,0
HOMB,2026-02-28,,0,,0
HON,2026-01-31,,0,,0
HON,2026-02-28,,0,,0
HOOD,2026-01-31,,0,,0
HOOD,2026-02-28,,0,,0
HOPE,2026-01-31,,0,,0
HOPE,2026-02-28,,0,,0
HOUR,2026-01-31,,0,,0
HOUR,2026-02-28,,0,,0
HOV,2026-01-31,,0,,0
HOV,2026-02-28,,0,,0
HOVNP,2026-01-31,,0,,0
HOVNP,2026-02-28,,0,,0
HOVR,2026-01-31,,0,,0
HOVR,2026-02-28,,0,,0
HOVRW,2026-01-31,,0,,0
HOVRW,2026-02-28,,0,,0
HOWL,2026-01-31,,0,,0
HOWL,2026-02-28,,0,,0
HP,2026-01-31,,0,,0
HP,2026-02-28,,0,,0
HPAI,2026-01-31,,0,,0
HPAI,2026-02-28,,0,,0
HPAIW,2026-01-31,,0,,0
HPAIW,2026-02-28,,0,,0
HPE,2026-01-31,,0,,0
HPE,2026-02-28,,0,,0
HPE.PC,2026-01-31,,0,,0
HPE.PC,2026-02-28,,0,,0
HPF,2026-01-31,,0,,0
HPF,2026-02-28,,0,,0
HPI,2026-01-31,,0,,0
HPI,2026-02-28,,0,,0
HPK,2026-01-31,,0,,0
HPK,2026-02-28,,0,,0
HPP,2026-01-31,,0,,0
HPP,2026-02-28,,0,,0
HPP.PC,2026-01-31,,0,,0
HPP.PC,2026-02-28,,0,,0
HPQ,2026-01-31,,0,,0
HPQ,2026-02-28,,0,,0
HPS,2026-01-31,,0,,0
HPS,2026-02-28,,0,,0
HQ,2026-01-31,,0,,0
HQ,2026-02-28,,0,,0
HQH,2026-01-31,,0,,0
HQH,2026-02-28,,0,,0
HQI,2026-01-31,,0,,0
HQI,2026-02-28,,0,,0
HQL,2026-01-31,,0,,0
HQL,2026-02-28,,0,,0
HQWWW,2026-01-31,,0,,0
HQWWW,2026-02-28,,0,,0
HQY,2026-01-31,,0,,0
HQY,2026-02-28,,0,,0
HR,2026-01-31,,0,,0
HR,2026-02-28,,0,,0
HRB,2026-01-31,,0,,0
HRB,2026-02-28,,0,,0
HRI,2026-01-31,,0,,0
HRI,2026-02-28,,0,,0
HRL,2026-01-31,,0,,0
HRL,2026-02-28,,0,,0
HRMY,2026-01-31,,0,,0
HRMY,2026-02-28,,0,,0
HROW,2026-01-31,,0,,0
HROW,2026-02-28,,0,,0
HRTG,2026-01-31,,0,,0
HRTG,2026-02-28,,0,,0
HRTX,2026-01-31,,0,,0
HRTX,2026-02-28,,0,,0
HRZN,2026-01-31,,0,,0
HRZN,2026-02-28,,0,,0
HSAI,2026-01-31,,0,,0
HSAI,2026-02-28,,0,,0
HSBC,2026-01-31,,0,,0
HSBC,2026-02-28,,0,,0
HSCS,2026-01-31,,0,,0
HSCS,2026-02-28,,0,,0
HSCSW,2026-01-31,,0,,0
HSCSW,2026-02-28,,0,,0
HSDT,2026-01-31,,0,,0
HSDT,2026-02-28,,0,,0
HSHP,2026-01-31,,0,,0
HSHP,2026-02-28,,0,,0
HSIC,2026-01-31,,0,,0
HSIC,2026-02-28,,0,,0
HSLV,2026-01-31,,0,,0
HSLV,2026-02-28,,0,,0
HSPT,2026-01-31,,0,,0
HSPT,2026-02-28,,0,,0
HSPTR,2026-01-31,,0,,0
HSPTR,2026-02-28,,0,,0
HSPTU,2026-01-31,,0,,0
HSPTU,2026-02-28,,0,,0
HST,2026-01-31,,0,,0
HST,2026-02-28,,0,,0
HSTM,2026-01-31,,0,,0
HSTM,2026-02-28,,0,,0
HSY,2026-01-31,,0,,0
HSY,2026-02-28,,0,,0
HTB,2026-01-31,,0,,0
HTB,2026-02-28,,0,,0
HTCO,2026-01-31,,0,,0
HTCO,2026-02-28,,0,,0
HTCR,2026-01-31,,0,,0
HTCR,2026-02-28,,0,,0
HTD,2026-01-31,,0,,0
HTD,2026-02-28,,0,,0
HTFC,2026-01-31,,0,,0
HTFC,2026-02-28,,0,,0
HTFL,2026-01-31,,0,,0
HTFL,2026-02-28,,0,,0
HTGC,2026-01-31,,0,,0
HTGC,2026-02-28,,0,,0
HTH,2026-01-31,,0,,0
HTH,2026-02-28,,0,,0
HTHT,2026-01-31,,0,,0
HTHT,2026-02-28,,0,,0
HTLD,2026-01-31,,0,,0
HTLD,2026-02-28,,0,,0
HTLM,2026-01-31,,0,,0
HTLM,2026-02-28,,0,,0
HTO,2026-01-31,,0,,0
HTO,2026-02-28,,0,,0
HTOO,2026-01-31,,0,,0
HTOO,2026-02-28,,0,,0
HTT,2026-01-31,,0,,0
HTT,2026-02-28,,0,,0
HTZ,2026-01-31,,0,,0
HTZ,2026-02-28,,0,,0
HTZWW,2026-01-31,,0,,0
HTZWW,2026-02-28,,0,,0
HUBB,2026-01-31,,0,,0
HUBB,2026-02-28,,0,,0
HUBC,2026-01-31,,0,,0
HUBC,2026-02-28,,0,,0
HUBCW,2026-01-31,,0,,0
HUBCW,2026-02-28,,0,,0
HUBCZ,2026-01-31,,0,,0
HUBCZ,2026-02-28,,0,,0
HUBG,2026-01-31,,0,,0
HUBG,2026-02-28,,0,,0
HUBS,2026-01-31,,0,,0
HUBS,2026-02-28,,0,,0
HUDI,2026-01-31,,0,,0
HUDI,2026-02-28,,0,,0
HUHU,2026-01-31,,0,,0
HUHU,2026-02-28,,0,,0
HUIZ,2026-01-31,,0,,0
HUIZ,2026-02-28,,0,,0
HUM,2026-01-31,,0,,0
HUM,2026-02-28,,0,,0
HUMA,2026-01-31,,0,,0
HUMA,2026-02-28,,0,,0
HUMAW,2026-01-31,,0,,0
HUMAW,2026-02-28,,0,,0
HUN,2026-01-31,,0,,0
HUN,2026-02-28,,0,,0
HURA,2026-01-31,,0,,0
HURA,2026-02-28,,0,,0
HURC,2026-01-31,,0,,0
HURC,2026-02-28,,0,,0
HURN,2026-01-31,,0,,0
HURN,2026-02-28,,0,,0
HUT,2026-01-31,,0,,0
HUT,2026-02-28,,0,,0
HUYA,2026-01-31,,0,,0
HUYA,2026-02-28,,0,,0
HVII,2026-01-31,,0,,0
HVII,2026-02-28,,0,,0
HVIIR,2026-01-31,,0,,0
HVIIR,2026-02-28,,0,,0
HVIIU,2026-01-31,,0,,0
HVIIU,2026-02-28,,0,,0
HVMC,2026-01-31,,0,,0
HVMC,2026-02-28,,0,,0
HVMCU,2026-01-31,,0,,0
HVMCU,2026-02-28,,0,,0
HVMCW,2026-01-31,,0,,0
HVMCW,2026-02-28,,0,,0
HVT,2026-01-31,,0,,0
HVT,2026-02-28,,0,,0
HVT.A,2026-01-31,,0,,0
HVT.A,2026-02-28,,0,,0
HWBK,2026-01-31,,0,,0
HWBK,2026-02-28,,0,,0
HWC,2026-01-31,,0,,0
HWC,2026-02-28,,0,,0
HWCPZ,2026-01-31,,0,,0
HWCPZ,2026-02-28,,0,,0
HWH,2026-01-31,,0,,0
HWH,2026-02-28,,0,,0
HWKN,2026-01-31,,0,,0
HWKN,2026-02-28,,0,,0
HWM,2026-01-31,,0,,0
HWM,2026-02-28,,0,,0
HXHX,2026-01-31,,0,,0
HXHX,2026-02-28,,0,,0
HXL,2026-01-31,,0,,0
HXL,2026-02-28,,0,,0
HY,2026-01-31,,0,,0
HY,2026-02-28,,0,,0
HYFM,2026-01-31,,0,,0
HYFM,2026-02-28,,0,,0
HYFT,2026-01-31,,0,,0
HYFT,2026-02-28,,0,,0
HYI,2026-01-31,,0,,0
HYI,2026-02-28,,0,,0
HYLN,2026-01-31,,0,,0
HYLN,2026-02-28,,0,,0
HYMC,2026-01-31,,0,,0
HYMC,2026-02-28,,0,,0
HYNE,2026-01-31,,0,,0
HYNE,2026-02-28,,0,,0
HYPD,2026-01-31,,0,,0
HYPD,2026-02-28,,0,,0
HYPG,2026-01-31,,0,,0
HYPG,2026-02-28,,0,,0
HYPR,2026-01-31,,0,,0
HYPR,2026-02-28,,0,,0
HYT,2026-01-31,,0,,0
HYT,2026-02-28,,0,,0
HZO,2026-01-31,2026-02-03,1,,0
HZO,2026-02-28,,0,,0
IACO,2026-01-31,,0,,0
IACO,2026-02-28,,0,,0
IACOU,2026-01-31,,0,,0
IACOU,2026-02-28,,0,,0
IACOW,2026-01-31,,0,,0
IACOW,2026-02-28,,0,,0
IACQU,2026-01-31,,0,,0
IACQU,2026-02-28,,0,,0
IAE,2026-01-31,,0,,0
IAE,2026-02-28,,0,,0
IAF,2026-01-31,,0,,0
IAF,2026-02-28,,0,,0
IAG,2026-01-31,,0,,0
IAG,2026-02-28,,0,,0
IART,2026-01-31,,0,,0
IART,2026-02-28,,0,,0
IAU,2026-01-31,,0,,0
IAU,2026-02-28,,0,,0
IAUM,2026-01-31,,0,,0
IAUM,2026-02-28,,0,,0
IAUX,2026-01-31,,0,,0
IAUX,2026-02-28,,0,,0
IAUX.WT,2026-01-31,,0,,0
IAUX.WT,2026-02-28,,0,,0
IBAC,2026-01-31,2026-03-16,1,,0
IBAC,2026-02-28,2026-03-16,1,,0
IBACR,2026-01-31,,0,,0
IBACR,2026-02-28,,0,,0
IBCP,2026-01-31,,0,,0
IBCP,2026-02-28,,0,,0
IBEX,2026-01-31,,0,,0
IBEX,2026-02-28,,0,,0
IBG,2026-01-31,,0,,0
IBG,2026-02-28,,0,,0
IBIO,2026-01-31,,0,,0
IBIO,2026-02-28,,0,,0
IBIT,2026-01-31,,0,,0
IBIT,2026-02-28,,0,,0
IBKR,2026-01-31,,0,,0
IBKR,2026-02-28,,0,,0
IBM,2026-01-31,,0,,0
IBM,2026-02-28,,0,,0
IBN,2026-01-31,,0,,0
IBN,2026-02-28,,0,,0
IBO,2026-01-31,,0,,0
IBO,2026-02-28,,0,,0
IBOC,2026-01-31,,0,,0
IBOC,2026-02-28,,0,,0
IBP,2026-01-31,,0,,0
IBP,2026-02-28,,0,,0
IBRX,2026-01-31,,0,,0
IBRX,2026-02-28,,0,,0
IBTA,2026-01-31,,0,,0
IBTA,2026-02-28,,0,,0
ICCC,2026-01-31,,0,,0
ICCC,2026-02-28,,0,,0
ICCM,2026-01-31,,0,,0
ICCM,2026-02-28,,0,,0
ICE,2026-01-31,,0,,0
ICE,2026-02-28,,0,,0
ICFI,2026-01-31,,0,,0
ICFI,2026-02-28,,0,,0
ICG,2026-01-31,,0,,0
ICG,2026-02-28,,0,,0
ICHR,2026-01-31,,0,,0
ICHR,2026-02-28,,0,,0
ICL,2026-01-31,,0,,0
ICL,2026-02-28,,0,,0
ICLR,2026-01-31,,0,,0
ICLR,2026-02-28,,0,,0
ICMB,2026-01-31,,0,,0
ICMB,2026-02-28,,0,,0
ICON,2026-01-31,,0,,0
ICON,2026-02-28,,0,,0
ICR.PA,2026-01-31,,0,,0
ICR.PA,2026-02-28,,0,,0
ICU,2026-01-31,,0,,0
ICU,2026-02-28,,0,,0
ICUCW,2026-01-31,,0,,0
ICUCW,2026-02-28,,0,,0
ICUI,2026-01-31,,0,,0
ICUI,2026-02-28,,0,,0
IDA,2026-01-31,,0,,0
IDA,2026-02-28,,0,,0
IDACU,2026-01-31,,0,,0
IDACU,2026-02-28,,0,,0
IDAI,2026-01-31,,0,,0
IDAI,2026-02-28,,0,,0
IDCC,2026-01-31,,0,,0
IDCC,2026-02-28,,0,,0
IDE,2026-01-31,,0,,0
IDE,2026-02-28,,0,,0
IDN,2026-01-31,,0,,0
IDN,2026-02-28,,0,,0
IDR,2026-01-31,,0,,0
IDR,2026-02-28,,0,,0
IDT,2026-01-31,,0,,0
IDT,2026-02-28,,0,,0
IDXX,2026-01-31,,0,,0
IDXX,2026-02-28,,0,,0
IDYA,2026-01-31,,0,,0
IDYA,2026-02-28,,0,,0
IE,2026-01-31,,0,,0
IE,2026-02-28,,0,,0
IEAG,2026-01-31,,0,,0
IEAG,2026-02-28,,0,,0
IEAGR,2026-01-31,,0,,0
IEAGR,2026-02-28,,0,,0
IEAGU,2026-01-31,,0,,0
IEAGU,2026-02-28,,0,,0
IEP,2026-01-31,,0,,0
IEP,2026-02-28,,0,,0
IESC,2026-01-31,,0,,0
IESC,2026-02-28,,0,,0
IEX,2026-01-31,,0,,0
IEX,2026-02-28,,0,,0
IFBD,2026-01-31,,0,,0
IFBD,2026-02-28,,0,,0
IFED,2026-01-31,,0,,0
IFED,2026-02-28,,0,,0
IFF,2026-01-31,,0,,0
IFF,2026-02-28,,0,,0
IFN,2026-01-31,,0,,0
IFN,2026-02-28,,0,,0
IFRX,2026-01-31,,0,,0
IFRX,2026-02-28,,0,,0
IFS,2026-01-31,,0,,0
IFS,2026-02-28,,0,,0
IGA,2026-01-31,,0,,0
IGA,2026-02-28,,0,,0
IGAC,2026-01-31,,0,,0
IGAC,2026-02-28,,0,,0
IGACR,2026-01-31,,0,,0
IGACR,2026-02-28,,0,,0
IGACU,2026-01-31,,0,,0
IGACU,2026-02-28,,0,,0
IGC,2026-01-31,,0,,0
IGC,2026-02-28,,0,,0
IGD,2026-01-31,,0,,0
IGD,2026-02-28,,0,,0
IGI,2026-01-31,,0,,0
IGI,2026-02-28,,0,,0
IGIC,2026-01-31,,0,,0
IGIC,2026-02-28,,0,,0
IGR,2026-01-31,,0,,0
IGR,2026-02-28,,0,,0
IH,2026-01-31,,0,,0
IH,2026-02-28,,0,,0
IHD,2026-01-31,,0,,0
IHD,2026-02-28,,0,,0
IHG,2026-01-31,,0,,0
IHG,2026-02-28,,0,,0
IHRT,2026-01-31,,0,,0
IHRT,2026-02-28,,0,,0
IHS,2026-01-31,,0,,0
IHS,2026-02-28,,0,,0
IHT,2026-01-31,,0,,0
IHT,2026-02-28,,0,,0
IIF,2026-01-31,,0,,0
IIF,2026-02-28,,0,,0
III,2026-01-31,,0,,0
III,2026-02-28,,0,,0
IIIN,2026-01-31,,0,,0
IIIN,2026-02-28,,0,,0
IIIV,2026-01-31,,0,,0
IIIV,2026-02-28,,0,,0
IIM,2026-01-31,,0,,0
IIM,2026-02-28,,0,,0
IIPR,2026-01-31,,0,,0
IIPR,2026-02-28,,0,,0
IIPR.PA,2026-01-31,,0,,0
IIPR.PA,2026-02-28,,0,,0
IKT,2026-01-31,,0,,0
IKT,2026-02-28,,0,,0
ILAG,2026-01-31,,0,,0
ILAG,2026-02-28,,0,,0
ILLR,2026-01-31,,0,,0
ILLR,2026-02-28,,0,,0
ILLRW,2026-01-31,,0,,0
ILLRW,2026-02-28,,0,,0
ILLU,2026-01-31,,0,,0
ILLU,2026-02-28,,0,,0
ILLUU,2026-01-31,,0,,0
ILLUU,2026-02-28,,0,,0
ILLUW,2026-01-31,,0,,0
ILLUW,2026-02-28,,0,,0
ILMN,2026-01-31,,0,,0
ILMN,2026-02-28,,0,,0
ILPT,2026-01-31,,0,,0
ILPT,2026-02-28,,0,,0
IMA,2026-01-31,,0,,0
IMA,2026-02-28,,0,,0
IMAX,2026-01-31,,0,,0
IMAX,2026-02-28,,0,,0
IMCC,2026-01-31,,0,,0
IMCC,2026-02-28,,0,,0
IMCR,2026-01-31,,0,,0
IMCR,2026-02-28,,0,,0
IMDX,2026-01-31,,0,,0
IMDX,2026-02-28,,0,,0
IMKTA,2026-01-31,,0,,0
IMKTA,2026-02-28,,0,,0
IMMP,2026-01-31,,0,,0
IMMP,2026-02-28,,0,,0
IMMR,2026-01-31,,0,,0
IMMR,2026-02-28,,0,,0
IMMX,2026-01-31,,0,,0
IMMX,2026-02-28,,0,,0
IMNM,2026-01-31,,0,,0
IMNM,2026-02-28,,0,,0
IMNN,2026-01-31,,0,,0
IMNN,2026-02-28,,0,,0
IMO,2026-01-31,,0,,0
IMO,2026-02-28,,0,,0
IMOS,2026-01-31,,0,,0
IMOS,2026-02-28,,0,,0
IMPP,2026-01-31,,0,,0
IMPP,2026-02-28,,0,,0
IMPPP,2026-01-31,,0,,0
IMPPP,2026-02-28,,0,,0
IMRN,2026-01-31,,0,,0
IMRN,2026-02-28,,0,,0
IMRX,2026-01-31,,0,,0
IMRX,2026-02-28,,0,,0
IMSR,2026-01-31,,0,,0
IMSR,2026-02-28,,0,,0
IMSRW,2026-01-31,,0,,0
IMSRW,2026-02-28,,0,,0
IMTE,2026-01-31,,0,,0
IMTE,2026-02-28,,0,,0
IMTX,2026-01-31,,0,,0
IMTX,2026-02-28,,0,,0
IMUX,2026-01-31,,0,,0
IMUX,2026-02-28,,0,,0
IMVT,2026-01-31,,0,,0
IMVT,2026-02-28,,0,,0
IMXI,2026-01-31,,0,,0
IMXI,2026-02-28,,0,,0
INAB,2026-01-31,,0,,0
INAB,2026-02-28,,0,,0
INAC,2026-01-31,,0,,0
INAC,2026-02-28,,0,,0
INACR,2026-01-31,,0,,0
INACR,2026-02-28,,0,,0
INACU,2026-01-31,,0,,0
INACU,2026-02-28,,0,,0
INBK,2026-01-31,,0,,0
INBK,2026-02-28,,0,,0
INBKZ,2026-01-31,,0,,0
INBKZ,2026-02-28,,0,,0
INBS,2026-01-31,,0,,0
INBS,2026-02-28,,0,,0
INBX,2026-01-31,,0,,0
INBX,2026-02-28,,0,,0
INCR,2026-01-31,,0,,0
INCR,2026-02-28,,0,,0
INCY,2026-01-31,,0,,0
INCY,2026-02-28,,0,,0
INDB,2026-01-31,,0,,0
INDB,2026-02-28,,0,,0
INDI,2026-01-31,,0,,0
INDI,2026-02-28,,0,,0
INDO,2026-01-31,,0,,0
INDO,2026-02-28,,0,,0
INDP,2026-01-31,,0,,0
INDP,2026-02-28,,0,,0
INDV,2026-01-31,,0,,0
INDV,2026-02-28,,0,,0
INEO,2026-01-31,,0,,0
INEO,2026-02-28,,0,,0
INFQ,2026-01-31,,0,,0
INFQ,2026-02-28,,0,,0
INFQ.WT,2026-01-31,,0,,0
INFQ.WT,2026-02-28,,0,,0
INFU,2026-01-31,,0,,0
INFU,2026-02-28,,0,,0
INFY,2026-01-31,,0,,0
INFY,2026-02-28,,0,,0
ING,2026-01-31,,0,,0
ING,2026-02-28,,0,,0
INGM,2026-01-31,,0,,0
INGM,2026-02-28,,0,,0
INGN,2026-01-31,,0,,0
INGN,2026-02-28,,0,,0
INGR,2026-01-31,,0,,0
INGR,2026-02-28,,0,,0
INHD,2026-01-31,,0,,0
INHD,2026-02-28,,0,,0
INIO,2026-01-31,,0,,0
INIO,2026-02-28,,0,,0
INKT,2026-01-31,,0,,0
INKT,2026-02-28,,0,,0
INLF,2026-01-31,,0,,0
INLF,2026-02-28,,0,,0
INLX,2026-01-31,,0,,0
INLX,2026-02-28,,0,,0
INM,2026-01-31,,0,,0
INM,2026-02-28,,0,,0
INMB,2026-01-31,,0,,0
INMB,2026-02-28,,0,,0
INMD,2026-01-31,,0,,0
INMD,2026-02-28,,0,,0
INN,2026-01-31,,0,,0
INN,2026-02-28,,0,,0
INN.PE,2026-01-31,,0,,0
INN.PE,2026-02-28,,0,,0
INN.PF,2026-01-31,,0,,0
INN.PF,2026-02-28,,0,,0
INNV,2026-01-31,,0,,0
INNV,2026-02-28,,0,,0
INO,2026-01-31,,0,,0
INO,2026-02-28,,0,,0
INOD,2026-01-31,,0,,0
INOD,2026-02-28,,0,,0
INR,2026-01-31,,0,,0
INR,2026-02-28,,0,,0
INSE,2026-01-31,,0,,0
INSE,2026-02-28,,0,,0
INSG,2026-01-31,,0,,0
INSG,2026-02-28,,0,,0
INSM,2026-01-31,,0,,0
INSM,2026-02-28,,0,,0
INSP,2026-01-31,,0,,0
INSP,2026-02-28,,0,,0
INSW,2026-01-31,,0,,0
INSW,2026-02-28,,0,,0
INTA,2026-01-31,,0,,0
INTA,2026-02-28,,0,,0
INTC,2026-01-31,,0,,0
INTC,2026-02-28,,0,,0
INTG,2026-01-31,,0,,0
INTG,2026-02-28,,0,,0
INTJ,2026-01-31,,0,,0
INTJ,2026-02-28,,0,,0
INTR,2026-01-31,,0,,0
INTR,2026-02-28,,0,,0
INTS,2026-01-31,,0,,0
INTS,2026-02-28,,0,,0
INTT,2026-01-31,,0,,0
INTT,2026-02-28,,0,,0
INTU,2026-01-31,,0,,0
INTU,2026-02-28,,0,,0
INTZ,2026-01-31,,0,,0
INTZ,2026-02-28,,0,,0
INUV,2026-01-31,,0,,0
INUV,2026-02-28,,0,,0
INV,2026-01-31,,0,,0
INV,2026-02-28,,0,,0
INVA,2026-01-31,,0,,0
INVA,2026-02-28,,0,,0
INVE,2026-01-31,,0,,0
INVE,2026-02-28,,0,,0
INVH,2026-01-31,,0,,0
INVH,2026-02-28,,0,,0
INVX,2026-01-31,,0,,0
INVX,2026-02-28,,0,,0
INVZ,2026-01-31,,0,,0
INVZ,2026-02-28,,0,,0
IONQ,2026-01-31,,0,,0
IONQ,2026-02-28,,0,,0
IONQ.WT,2026-01-31,,0,,0
IONQ.WT,2026-02-28,,0,,0
IONR,2026-01-31,,0,,0
IONR,2026-02-28,,0,,0
IONS,2026-01-31,,0,,0
IONS,2026-02-28,,0,,0
IOR,2026-01-31,,0,,0
IOR,2026-02-28,,0,,0
IOSP,2026-01-31,,0,,0
IOSP,2026-02-28,,0,,0
IOT,2026-01-31,,0,,0
IOT,2026-02-28,,0,,0
IOTR,2026-01-31,,0,,0
IOTR,2026-02-28,,0,,0
IOVA,2026-01-31,,0,,0
IOVA,2026-02-28,,0,,0
IP,2026-01-31,,0,,0
IP,2026-02-28,,0,,0
IPAR,2026-01-31,,0,,0
IPAR,2026-02-28,,0,,0
IPB,2026-01-31,,0,,0
IPB,2026-02-28,,0,,0
IPCX,2026-01-31,,0,,0
IPCX,2026-02-28,,0,,0
IPCXR,2026-01-31,,0,,0
IPCXR,2026-02-28,,0,,0
IPCXU,2026-01-31,,0,,0
IPCXU,2026-02-28,,0,,0
IPDN,2026-01-31,,0,,0
IPDN,2026-02-28,,0,,0
IPEX,2026-01-31,,0,,0
IPEX,2026-02-28,,0,,0
IPEXR,2026-01-31,,0,,0
IPEXR,2026-02-28,,0,,0
IPEXU,2026-01-31,,0,,0
IPEXU,2026-02-28,,0,,0
IPFX,2026-01-31,2026-06-08,1,,0
IPFX,2026-02-28,2026-06-08,1,,0
IPFXU,2026-01-31,,0,,0
IPFXU,2026-02-28,,0,,0
IPFXW,2026-01-31,,0,,0
IPFXW,2026-02-28,,0,,0
IPGP,2026-01-31,,0,,0
IPGP,2026-02-28,,0,,0
IPHA,2026-01-31,,0,,0
IPHA,2026-02-28,,0,,0
IPI,2026-01-31,,0,,0
IPI,2026-02-28,,0,,0
IPM,2026-01-31,,0,,0
IPM,2026-02-28,,0,,0
IPSC,2026-01-31,,0,,0
IPSC,2026-02-28,,0,,0
IPST,2026-01-31,,0,,0
IPST,2026-02-28,,0,,0
IPVVU,2026-01-31,,0,,0
IPVVU,2026-02-28,,0,,0
IPW,2026-01-31,,0,,0
IPW,2026-02-28,,0,,0
IPWR,2026-01-31,,0,,0
IPWR,2026-02-28,,0,,0
IPX,2026-01-31,,0,,0
IPX,2026-02-28,,0,,0
IQ,2026-01-31,,0,,0
IQ,2026-02-28,,0,,0
IQI,2026-01-31,,0,,0
IQI,2026-02-28,,0,,0
IQST,2026-01-31,,0,,0
IQST,2026-02-28,,0,,0
IQV,2026-01-31,,0,,0
IQV,2026-02-28,,0,,0
IR,2026-01-31,,0,,0
IR,2026-02-28,,0,,0
IRAB,2026-01-31,,0,,0
IRAB,2026-02-28,,0,,0
IRAB.UN,2026-01-31,,0,,0
IRAB.UN,2026-02-28,,0,,0
IRAB.WT,2026-01-31,,0,,0
IRAB.WT,2026-02-28,,0,,0
IRD,2026-01-31,,0,,0
IRD,2026-02-28,,0,,0
IRDM,2026-01-31,,0,,0
IRDM,2026-02-28,,0,,0
IREN,2026-01-31,,0,,0
IREN,2026-02-28,,0,,0
IRHO,2026-01-31,,0,,0
IRHO,2026-02-28,,0,,0
IRHOR,2026-01-31,,0,,0
IRHOR,2026-02-28,,0,,0
IRHOU,2026-01-31,,0,,0
IRHOU,2026-02-28,,0,,0
IRIX,2026-01-31,,0,,0
IRIX,2026-02-28,,0,,0
IRM,2026-01-31,,0,,0
IRM,2026-02-28,,0,,0
IRMD,2026-01-31,,0,,0
IRMD,2026-02-28,,0,,0
IRON,2026-01-31,,0,,0
IRON,2026-02-28,,0,,0
IRS,2026-01-31,,0,,0
IRS,2026-02-28,,0,,0
IRT,2026-01-31,,0,,0
IRT,2026-02-28,,0,,0
IRTC,2026-01-31,,0,,0
IRTC,2026-02-28,,0,,0
IRWD,2026-01-31,,0,,0
IRWD,2026-02-28,,0,,0
ISBA,2026-01-31,,0,,0
ISBA,2026-02-28,,0,,0
ISD,2026-01-31,,0,,0
ISD,2026-02-28,,0,,0
ISNRU,2026-01-31,,0,,0
ISNRU,2026-02-28,,0,,0
ISOU,2026-01-31,,0,,0
ISOU,2026-02-28,,0,,0
ISPC,2026-01-31,,0,,0
ISPC,2026-02-28,,0,,0
ISPR,2026-01-31,,0,,0
ISPR,2026-02-28,,0,,0
ISRG,2026-01-31,,0,,0
ISRG,2026-02-28,,0,,0
ISSC,2026-01-31,,0,,0
ISSC,2026-02-28,,0,,0
ISTR,2026-01-31,,0,,0
ISTR,2026-02-28,,0,,0
IT,2026-01-31,,0,,0
IT,2026-02-28,,0,,0
ITGR,2026-01-31,,0,,0
ITGR,2026-02-28,,0,,0
ITHA,2026-01-31,,0,,0
ITHA,2026-02-28,,0,,0
ITHAU,2026-01-31,,0,,0
ITHAU,2026-02-28,,0,,0
ITHAW,2026-01-31,,0,,0
ITHAW,2026-02-28,,0,,0
ITIC,2026-01-31,,0,,0
ITIC,2026-02-28,,0,,0
ITOC,2026-01-31,,0,,0
ITOC,2026-02-28,,0,,0
ITP,2026-01-31,,0,,0
ITP,2026-02-28,,0,,0
ITRG,2026-01-31,,0,,0
ITRG,2026-02-28,,0,,0
ITRI,2026-01-31,,0,,0
ITRI,2026-02-28,,0,,0
ITRN,2026-01-31,,0,,0
ITRN,2026-02-28,,0,,0
ITT,2026-01-31,,0,,0
ITT,2026-02-28,,0,,0
ITUB,2026-01-31,,0,,0
ITUB,2026-02-28,,0,,0
ITW,2026-01-31,,0,,0
ITW,2026-02-28,,0,,0
IVA,2026-01-31,,0,,0
IVA,2026-02-28,,0,,0
IVDA,2026-01-31,,0,,0
IVDA,2026-02-28,,0,,0
IVDAW,2026-01-31,,0,,0
IVDAW,2026-02-28,,0,,0
IVF,2026-01-31,,0,,0
IVF,2026-02-28,,0,,0
IVR,2026-01-31,,0,,0
IVR,2026-02-28,,0,,0
IVR.PC,2026-01-31,,0,,0
IVR.PC,2026-02-28,,0,,0
IVT,2026-01-31,,0,,0
IVT,2026-02-28,,0,,0
IVVD,2026-01-31,,0,,0
IVVD,2026-02-28,,0,,0
IVZ,2026-01-31,,0,,0
IVZ,2026-02-28,,0,,0
IWDL,2026-01-31,,0,,0
IWDL,2026-02-28,,0,,0
IWFL,2026-01-31,,0,,0
IWFL,2026-02-28,,0,,0
IWML,2026-01-31,,0,,0
IWML,2026-02-28,,0,,0
IX,2026-01-31,,0,,0
IX,2026-02-28,,0,,0
IXHL,2026-01-31,,0,,0
IXHL,2026-02-28,,0,,0
IZEA,2026-01-31,,0,,0
IZEA,2026-02-28,,0,,0
IZM,2026-01-31,,0,,0
IZM,2026-02-28,,0,,0
J,2026-01-31,,0,,0
J,2026-02-28,,0,,0
JABRU,2026-01-31,,0,,0
JABRU,2026-02-28,,0,,0
JACK,2026-01-31,,0,,0
JACK,2026-02-28,,0,,0
JACS,2026-01-31,,0,,0
JACS,2026-02-28,,0,,0
JACS.RI,2026-01-31,,0,,0
JACS.RI,2026-02-28,,0,,0
JACS.UN,2026-01-31,,0,,0
JACS.UN,2026-02-28,,0,,0
JAGU,2026-01-31,,0,,0
JAGU,2026-02-28,,0,,0
JAGX,2026-01-31,,0,,0
JAGX,2026-02-28,,0,,0
JAKK,2026-01-31,,0,,0
JAKK,2026-02-28,,0,,0
JAN,2026-01-31,,0,,0
JAN,2026-02-28,,0,,0
JANX,2026-01-31,,0,,0
JANX,2026-02-28,,0,,0
JATT,2026-01-31,,0,,0
JATT,2026-02-28,,0,,0
JAZZ,2026-01-31,,0,,0
JAZZ,2026-02-28,,0,,0
JBDI,2026-01-31,,0,,0
JBDI,2026-02-28,,0,,0
JBGS,2026-01-31,,0,,0
JBGS,2026-02-28,,0,,0
JBHT,2026-01-31,,0,,0
JBHT,2026-02-28,,0,,0
JBI,2026-01-31,,0,,0
JBI,2026-02-28,,0,,0
JBIO,2026-01-31,,0,,0
JBIO,2026-02-28,,0,,0
JBK,2026-01-31,,0,,0
JBK,2026-02-28,,0,,0
JBL,2026-01-31,,0,,0
JBL,2026-02-28,,0,,0
JBLU,2026-01-31,,0,,0
JBLU,2026-02-28,,0,,0
JBS,2026-01-31,,0,,0
JBS,2026-02-28,,0,,0
JBSS,2026-01-31,,0,,0
JBSS,2026-02-28,,0,,0
JBTM,2026-01-31,,0,,0
JBTM,2026-02-28,,0,,0
JCAP,2026-01-31,,0,,0
JCAP,2026-02-28,,0,,0
JCE,2026-01-31,,0,,0
JCE,2026-02-28,,0,,0
JCI,2026-01-31,,0,,0
JCI,2026-02-28,,0,,0
JCSE,2026-01-31,,0,,0
JCSE,2026-02-28,,0,,0
JCTC,2026-01-31,,0,,0
JCTC,2026-02-28,,0,,0
JD,2026-01-31,,0,,0
JD,2026-02-28,,0,,0
JDZG,2026-01-31,,0,,0
JDZG,2026-02-28,,0,,0
JEF,2026-01-31,,0,,0
JEF,2026-02-28,,0,,0
JELD,2026-01-31,,0,,0
JELD,2026-02-28,,0,,0
JEM,2026-01-31,,0,,0
JEM,2026-02-28,,0,,0
JENA,2026-01-31,,0,,0
JENA,2026-02-28,,0,,0
JENA.RI,2026-01-31,,0,,0
JENA.RI,2026-02-28,,0,,0
JENA.UN,2026-01-31,,0,,0
JENA.UN,2026-02-28,,0,,0
JETD,2026-01-31,,0,,0
JETD,2026-02-28,,0,,0
JETU,2026-01-31,,0,,0
JETU,2026-02-28,,0,,0
JF,2026-01-31,,0,,0
JF,2026-02-28,,0,,0
JFB,2026-01-31,2026-02-17,1,,0
JFB,2026-02-28,,0,,0
JFIN,2026-01-31,,0,,0
JFIN,2026-02-28,,0,,0
JFR,2026-01-31,,0,,0
JFR,2026-02-28,,0,,0
JFU,2026-01-31,,0,,0
JFU,2026-02-28,,0,,0
JG,2026-01-31,,0,,0
JG,2026-02-28,,0,,0
JGH,2026-01-31,,0,,0
JGH,2026-02-28,,0,,0
JHG,2026-01-31,,0,,0
JHG,2026-02-28,,0,,0
JHI,2026-01-31,,0,,0
JHI,2026-02-28,,0,,0
JHS,2026-01-31,,0,,0
JHS,2026-02-28,,0,,0
JHX,2026-01-31,,0,,0
JHX,2026-02-28,,0,,0
JILL,2026-01-31,,0,,0
JILL,2026-02-28,,0,,0
JJSF,2026-01-31,,0,,0
JJSF,2026-02-28,,0,,0
JKHY,2026-01-31,,0,,0
JKHY,2026-02-28,,0,,0
JKS,2026-01-31,,0,,0
JKS,2026-02-28,,0,,0
JL,2026-01-31,,0,,0
JL,2026-02-28,,0,,0
JLHL,2026-01-31,,0,,0
JLHL,2026-02-28,,0,,0
JLL,2026-01-31,,0,,0
JLL,2026-02-28,,0,,0
JLS,2026-01-31,,0,,0
JLS,2026-02-28,,0,,0
JMG,2026-01-31,,0,,0
JMG,2026-02-28,,0,,0
JMIA,2026-01-31,,0,,0
JMIA,2026-02-28,,0,,0
JMM,2026-01-31,,0,,0
JMM,2026-02-28,,0,,0
JMSB,2026-01-31,,0,,0
JMSB,2026-02-28,,0,,0
JNJ,2026-01-31,,0,,0
JNJ,2026-02-28,,0,,0
JOB,2026-01-31,2026-05-06,1,,0
JOB,2026-02-28,2026-05-06,1,,0
JOBY,2026-01-31,,0,,0
JOBY,2026-02-28,,0,,0
JOBY.WT,2026-01-31,,0,,0
JOBY.WT,2026-02-28,,0,,0
JOE,2026-01-31,,0,,0
JOE,2026-02-28,,0,,0
JOF,2026-01-31,,0,,0
JOF,2026-02-28,,0,,0
JOUT,2026-01-31,,0,,0
JOUT,2026-02-28,,0,,0
JOYY,2026-01-31,,0,,0
JOYY,2026-02-28,,0,,0
JPC,2026-01-31,,0,,0
JPC,2026-02-28,,0,,0
JPM,2026-01-31,,0,,0
JPM,2026-02-28,,0,,0
JPM.PC,2026-01-31,,0,,0
JPM.PC,2026-02-28,,0,,0
JPM.PD,2026-01-31,,0,,0
JPM.PD,2026-02-28,,0,,0
JPM.PJ,2026-01-31,,0,,0
JPM.PJ,2026-02-28,,0,,0
JPM.PK,2026-01-31,,0,,0
JPM.PK,2026-02-28,,0,,0
JPM.PL,2026-01-31,,0,,0
JPM.PL,2026-02-28,,0,,0
JPM.PM,2026-01-31,,0,,0
JPM.PM,2026-02-28,,0,,0
JQC,2026-01-31,,0,,0
JQC,2026-02-28,,0,,0
JRI,2026-01-31,,0,,0
JRI,2026-02-28,,0,,0
JRS,2026-01-31,,0,,0
JRS,2026-02-28,,0,,0
JRSH,2026-01-31,,0,,0
JRSH,2026-02-28,,0,,0
JRVR,2026-01-31,,0,,0
JRVR,2026-02-28,,0,,0
JSM,2026-01-31,,0,,0
JSM,2026-02-28,,0,,0
JSPR,2026-01-31,,0,,0
JSPR,2026-02-28,,0,,0
JSPRW,2026-01-31,,0,,0
JSPRW,2026-02-28,,0,,0
JTAI,2026-01-31,,0,,0
JTAI,2026-02-28,,0,,0
JUNS,2026-01-31,,0,,0
JUNS,2026-02-28,,0,,0
JVA,2026-01-31,,0,,0
JVA,2026-02-28,,0,,0
JWEL,2026-01-31,,0,,0
JWEL,2026-02-28,,0,,0
JXG,2026-01-31,,0,,0
JXG,2026-02-28,,0,,0
JXN,2026-01-31,,0,,0
JXN,2026-02-28,,0,,0
JXN.PA,2026-01-31,,0,,0
JXN.PA,2026-02-28,,0,,0
JYD,2026-01-31,,0,,0
JYD,2026-02-28,,0,,0
JYNT,2026-01-31,,0,,0
JYNT,2026-02-28,,0,,0
JZ,2026-01-31,,0,,0
JZ,2026-02-28,,0,,0
JZXN,2026-01-31,,0,,0
JZXN,2026-02-28,,0,,0
KAI,2026-01-31,,0,,0
KAI,2026-02-28,,0,,0
KALA,2026-01-31,,0,,0
KALA,2026-02-28,,0,,0
KALU,2026-01-31,,0,,0
KALU,2026-02-28,,0,,0
KALV,2026-01-31,2026-04-29,1,,0
KALV,2026-02-28,2026-04-29,1,,0
KAPA,2026-01-31,,0,,0
KAPA,2026-02-28,,0,,0
KARO,2026-01-31,,0,,0
KARO,2026-02-28,,0,,0
KB,2026-01-31,,0,,0
KB,2026-02-28,,0,,0
KBDC,2026-01-31,,0,,0
KBDC,2026-02-28,,0,,0
KBH,2026-01-31,,0,,0
KBH,2026-02-28,,0,,0
KBON,2026-01-31,,0,,0
KBON,2026-02-28,,0,,0
KBONU,2026-01-31,,0,,0
KBONU,2026-02-28,,0,,0
KBONW,2026-01-31,,0,,0
KBONW,2026-02-28,,0,,0
KBR,2026-01-31,,0,,0
KBR,2026-02-28,,0,,0
KBSX,2026-01-31,,0,,0
KBSX,2026-02-28,,0,,0
KC,2026-01-31,,0,,0
KC,2026-02-28,,0,,0
KCA.UN,2026-01-31,,0,,0
KCA.UN,2026-02-28,,0,,0
KCAC.UN,2026-01-31,,0,,0
KCAC.UN,2026-02-28,,0,,0
KCAC.WT,2026-01-31,,0,,0
KCAC.WT,2026-02-28,,0,,0
KCHV,2026-01-31,,0,,0
KCHV,2026-02-28,,0,,0
KCHVR,2026-01-31,,0,,0
KCHVR,2026-02-28,,0,,0
KCHVU,2026-01-31,,0,,0
KCHVU,2026-02-28,,0,,0
KD,2026-01-31,,0,,0
KD,2026-02-28,,0,,0
KDK,2026-01-31,,0,,0
KDK,2026-02-28,,0,,0
KDKRW,2026-01-31,,0,,0
KDKRW,2026-02-28,,0,,0
KDP,2026-01-31,,0,,0
KDP,2026-02-28,,0,,0
KE,2026-01-31,,0,,0
KE,2026-02-28,,0,,0
KEEL,2026-01-31,,0,,0
KEEL,2026-02-28,,0,,0
KELYA,2026-01-31,,0,,0
KELYA,2026-02-28,,0,,0
KELYB,2026-01-31,,0,,0
KELYB,2026-02-28,,0,,0
KEN,2026-01-31,,0,,0
KEN,2026-02-28,,0,,0
KEP,2026-01-31,,0,,0
KEP,2026-02-28,,0,,0
KEQU,2026-01-31,,0,,0
KEQU,2026-02-28,,0,,0
KEX,2026-01-31,,0,,0
KEX,2026-02-28,,0,,0
KEY,2026-01-31,,0,,0
KEY,2026-02-28,,0,,0
KEY.PI,2026-01-31,,0,,0
KEY.PI,2026-02-28,,0,,0
KEY.PJ,2026-01-31,,0,,0
KEY.PJ,2026-02-28,,0,,0
KEY.PK,2026-01-31,,0,,0
KEY.PK,2026-02-28,,0,,0
KEY.PL,2026-01-31,,0,,0
KEY.PL,2026-02-28,,0,,0
KEYS,2026-01-31,,0,,0
KEYS,2026-02-28,,0,,0
KEYYU,2026-01-31,,0,,0
KEYYU,2026-02-28,,0,,0
KF,2026-01-31,,0,,0
KF,2026-02-28,,0,,0
KFFB,2026-01-31,,0,,0
KFFB,2026-02-28,,0,,0
KFII,2026-01-31,,0,,0
KFII,2026-02-28,,0,,0
KFIIR,2026-01-31,,0,,0
KFIIR,2026-02-28,,0,,0
KFIIU,2026-01-31,,0,,0
KFIIU,2026-02-28,,0,,0
KFRC,2026-01-31,,0,,0
KFRC,2026-02-28,,0,,0
KFY,2026-01-31,,0,,0
KFY,2026-02-28,,0,,0
KG,2026-01-31,,0,,0
KG,2026-02-28,,0,,0
KGC,2026-01-31,,0,,0
KGC,2026-02-28,,0,,0
KGEI,2026-01-31,,0,,0
KGEI,2026-02-28,,0,,0
KGS,2026-01-31,,0,,0
KGS,2026-02-28,,0,,0
KHC,2026-01-31,,0,,0
KHC,2026-02-28,,0,,0
KIDS,2026-01-31,,0,,0
KIDS,2026-02-28,,0,,0
KIDZ,2026-01-31,,0,,0
KIDZ,2026-02-28,,0,,0
KIDZW,2026-01-31,,0,,0
KIDZW,2026-02-28,,0,,0
KIM,2026-01-31,,0,,0
KIM,2026-02-28,,0,,0
KIM.PL,2026-01-31,,0,,0
KIM.PL,2026-02-28,,0,,0
KIM.PM,2026-01-31,,0,,0
KIM.PM,2026-02-28,,0,,0
KIM.PN,2026-01-31,,0,,0
KIM.PN,2026-02-28,,0,,0
KINS,2026-01-31,,0,,0
KINS,2026-02-28,,0,,0
KIO,2026-01-31,,0,,0
KIO,2026-02-28,,0,,0
KITT,2026-01-31,,0,,0
KITT,2026-02-28,,0,,0
KITTW,2026-01-31,,0,,0
KITTW,2026-02-28,,0,,0
KKR,2026-01-31,,0,,0
KKR,2026-02-28,,0,,0
KKR.PD,2026-01-31,,0,,0
KKR.PD,2026-02-28,,0,,0
KKRS,2026-01-31,,0,,0
KKRS,2026-02-28,,0,,0
KKRT,2026-01-31,,0,,0
KKRT,2026-02-28,,0,,0
KLAC,2026-01-31,,0,,0
KLAC,2026-02-28,,0,,0
KLAR,2026-01-31,,0,,0
KLAR,2026-02-28,,0,,0
KLC,2026-01-31,,0,,0
KLC,2026-02-28,,0,,0
KLIC,2026-01-31,,0,,0
KLIC,2026-02-28,,0,,0
KLRA,2026-01-31,,0,,0
KLRA,2026-02-28,,0,,0
KLRS,2026-01-31,,0,,0
KLRS,2026-02-28,,0,,0
KLTR,2026-01-31,,0,,0
KLTR,2026-02-28,,0,,0
KLXE,2026-01-31,,0,,0
KLXE,2026-02-28,,0,,0
KMB,2026-01-31,,0,,0
KMB,2026-02-28,,0,,0
KMDA,2026-01-31,,0,,0
KMDA,2026-02-28,,0,,0
KMI,2026-01-31,,0,,0
KMI,2026-02-28,,0,,0
KMPB,2026-01-31,,0,,0
KMPB,2026-02-28,,0,,0
KMPR,2026-01-31,,0,,0
KMPR,2026-02-28,,0,,0
KMRK,2026-01-31,,0,,0
KMRK,2026-02-28,,0,,0
KMT,2026-01-31,,0,,0
KMT,2026-02-28,,0,,0
KMTS,2026-01-31,,0,,0
KMTS,2026-02-28,,0,,0
KMX,2026-01-31,,0,,0
KMX,2026-02-28,,0,,0
KN,2026-01-31,,0,,0
KN,2026-02-28,,0,,0
KNDI,2026-01-31,,0,,0
KNDI,2026-02-28,,0,,0
KNF,2026-01-31,,0,,0
KNF,2026-02-28,,0,,0
KNOP,2026-01-31,,0,,0
KNOP,2026-02-28,,0,,0
KNRX,2026-01-31,,0,,0
KNRX,2026-02-28,,0,,0
KNSA,2026-01-31,,0,,0
KNSA,2026-02-28,,0,,0
KNSL,2026-01-31,,0,,0
KNSL,2026-02-28,,0,,0
KNTK,2026-01-31,,0,,0
KNTK,2026-02-28,,0,,0
KNX,2026-01-31,,0,,0
KNX,2026-02-28,,0,,0
KO,2026-01-31,,0,,0
KO,2026-02-28,,0,,0
KOD,2026-01-31,,0,,0
KOD,2026-02-28,,0,,0
KODK,2026-01-31,,0,,0
KODK,2026-02-28,,0,,0
KOF,2026-01-31,,0,,0
KOF,2026-02-28,,0,,0
KOLD,2026-01-31,,0,,0
KOLD,2026-02-28,,0,,0
KOP,2026-01-31,,0,,0
KOP,2026-02-28,,0,,0
KOPN,2026-01-31,,0,,0
KOPN,2026-02-28,,0,,0
KORE,2026-01-31,2026-02-27,1,,0
KORE,2026-02-28,,0,,0
KOS,2026-01-31,,0,,0
KOS,2026-02-28,,0,,0
KOSS,2026-01-31,,0,,0
KOSS,2026-02-28,,0,,0
KOYN,2026-01-31,,0,,0
KOYN,2026-02-28,,0,,0
KOYNU,2026-01-31,,0,,0
KOYNU,2026-02-28,,0,,0
KOYNW,2026-01-31,,0,,0
KOYNW,2026-02-28,,0,,0
KPET,2026-01-31,,0,,0
KPET,2026-02-28,,0,,0
KPET.UN,2026-01-31,,0,,0
KPET.UN,2026-02-28,,0,,0
KPET.WT,2026-01-31,,0,,0
KPET.WT,2026-02-28,,0,,0
KPLT,2026-01-31,,0,,0
KPLT,2026-02-28,,0,,0
KPLTW,2026-01-31,,0,,0
KPLTW,2026-02-28,,0,,0
KPRX,2026-01-31,,0,,0
KPRX,2026-02-28,,0,,0
KPTI,2026-01-31,,0,,0
KPTI,2026-02-28,,0,,0
KR,2026-01-31,,0,,0
KR,2026-02-28,,0,,0
KRAQ,2026-01-31,,0,,0
KRAQ,2026-02-28,,0,,0
KRAQU,2026-01-31,,0,,0
KRAQU,2026-02-28,,0,,0
KRAQW,2026-01-31,,0,,0
KRAQW,2026-02-28,,0,,0
KRC,2026-01-31,,0,,0
KRC,2026-02-28,,0,,0
KREF,2026-01-31,,0,,0
KREF,2026-02-28,,0,,0
KREF.PA,2026-01-31,,0,,0
KREF.PA,2026-02-28,,0,,0
KRG,2026-01-31,,0,,0
KRG,2026-02-28,,0,,0
KRKR,2026-01-31,,0,,0
KRKR,2026-02-28,,0,,0
KRMD,2026-01-31,,0,,0
KRMD,2026-02-28,,0,,0
KRMN,2026-01-31,,0,,0
KRMN,2026-02-28,,0,,0
KRNT,2026-01-31,,0,,0
KRNT,2026-02-28,,0,,0
KRNY,2026-01-31,,0,,0
KRNY,2026-02-28,,0,,0
KRO,2026-01-31,,0,,0
KRO,2026-02-28,,0,,0
KROS,2026-01-31,,0,,0
KROS,2026-02-28,,0,,0
KRP,2026-01-31,,0,,0
KRP,2026-02-28,,0,,0
KRRO,2026-01-31,,0,,0
KRRO,2026-02-28,,0,,0
KRSP,2026-01-31,,0,,0
KRSP,2026-02-28,,0,,0
KRSP.UN,2026-01-31,,0,,0
KRSP.UN,2026-02-28,,0,,0
KRSP.WT,2026-01-31,,0,,0
KRSP.WT,2026-02-28,,0,,0
KRT,2026-01-31,,0,,0
KRT,2026-02-28,,0,,0
KRUS,2026-01-31,,0,,0
KRUS,2026-02-28,,0,,0
KRYS,2026-01-31,,0,,0
KRYS,2026-02-28,,0,,0
KSCP,2026-01-31,,0,,0
KSCP,2026-02-28,,0,,0
KSPI,2026-01-31,,0,,0
KSPI,2026-02-28,,0,,0
KSS,2026-01-31,,0,,0
KSS,2026-02-28,,0,,0
KT,2026-01-31,,0,,0
KT,2026-02-28,,0,,0
KTB,2026-01-31,,0,,0
KTB,2026-02-28,,0,,0
KTCC,2026-01-31,,0,,0
KTCC,2026-02-28,,0,,0
KTF,2026-01-31,,0,,0
KTF,2026-02-28,,0,,0
KTH,2026-01-31,,0,,0
KTH,2026-02-28,,0,,0
KTN,2026-01-31,,0,,0
KTN,2026-02-28,,0,,0
KTOS,2026-01-31,,0,,0
KTOS,2026-02-28,,0,,0
KTTA,2026-01-31,,0,,0
KTTA,2026-02-28,,0,,0
KTTAW,2026-01-31,,0,,0
KTTAW,2026-02-28,,0,,0
KTWO,2026-01-31,,0,,0
KTWO,2026-02-28,,0,,0
KTWOR,2026-01-31,,0,,0
KTWOR,2026-02-28,,0,,0
KTWOU,2026-01-31,,0,,0
KTWOU,2026-02-28,,0,,0
KULR,2026-01-31,,0,,0
KULR,2026-02-28,,0,,0
KURA,2026-01-31,,0,,0
KURA,2026-02-28,,0,,0
KUST,2026-01-31,,0,,0
KUST,2026-02-28,,0,,0
KVAC,2026-01-31,,0,,0
KVAC,2026-02-28,,0,,0
KVACU,2026-01-31,,0,,0
KVACU,2026-02-28,,0,,0
KVACW,2026-01-31,,0,,0
KVACW,2026-02-28,,0,,0
KVHI,2026-01-31,,0,,0
KVHI,2026-02-28,,0,,0
KVUE,2026-01-31,,0,,0
KVUE,2026-02-28,,0,,0
KVYO,2026-01-31,,0,,0
KVYO,2026-02-28,,0,,0
KW,2026-01-31,,0,,0
KW,2026-02-28,,0,,0
KWM,2026-01-31,,0,,0
KWM,2026-02-28,,0,,0
KWMWW,2026-01-31,,0,,0
KWMWW,2026-02-28,,0,,0
KWR,2026-01-31,,0,,0
KWR,2026-02-28,,0,,0
KWY,2026-01-31,,0,,0
KWY,2026-02-28,,0,,0
KXIN,2026-01-31,,0,,0
KXIN,2026-02-28,,0,,0
KYIV,2026-01-31,,0,,0
KYIV,2026-02-28,,0,,0
KYIVW,2026-01-31,,0,,0
KYIVW,2026-02-28,,0,,0
KYMR,2026-01-31,,0,,0
KYMR,2026-02-28,,0,,0
KYN,2026-01-31,,0,,0
KYN,2026-02-28,,0,,0
KYNB,2026-01-31,,0,,0
KYNB,2026-02-28,,0,,0
KYTX,2026-01-31,,0,,0
KYTX,2026-02-28,,0,,0
KZIA,2026-01-31,,0,,0
KZIA,2026-02-28,,0,,0
L,2026-01-31,,0,,0
L,2026-02-28,,0,,0
LAB,2026-01-31,2026-06-08,1,,0
LAB,2026-02-28,2026-06-08,1,,0
LABT,2026-01-31,,0,,0
LABT,2026-02-28,,0,,0
LAC,2026-01-31,,0,,0
LAC,2026-02-28,,0,,0
LAD,2026-01-31,,0,,0
LAD,2026-02-28,,0,,0
LADR,2026-01-31,,0,,0
LADR,2026-02-28,,0,,0
LAES,2026-01-31,,0,,0
LAES,2026-02-28,,0,,0
LAFA,2026-01-31,,0,,0
LAFA,2026-02-28,,0,,0
LAFAR,2026-01-31,,0,,0
LAFAR,2026-02-28,,0,,0
LAFAU,2026-01-31,,0,,0
LAFAU,2026-02-28,,0,,0
LAKE,2026-01-31,,0,,0
LAKE,2026-02-28,,0,,0
LAMR,2026-01-31,,0,,0
LAMR,2026-02-28,,0,,0
LAND,2026-01-31,,0,,0
LAND,2026-02-28,,0,,0
LANDO,2026-01-31,,0,,0
LANDO,2026-02-28,,0,,0
LANDP,2026-01-31,,0,,0
LANDP,2026-02-28,,0,,0
LANV,2026-01-31,,0,,0
LANV,2026-02-28,,0,,0
LANV.WT,2026-01-31,,0,,0
LANV.WT,2026-02-28,,0,,0
LAR,2026-01-31,,0,,0
LAR,2026-02-28,,0,,0
LARK,2026-01-31,,0,,0
LARK,2026-02-28,,0,,0
LASE,2026-01-31,,0,,0
LASE,2026-02-28,,0,,0
LASR,2026-01-31,,0,,0
LASR,2026-02-28,,0,,0
LATA,2026-01-31,,0,,0
LATA,2026-02-28,,0,,0
LATAU,2026-01-31,,0,,0
LATAU,2026-02-28,,0,,0
LATAW,2026-01-31,,0,,0
LATAW,2026-02-28,,0,,0
LAUR,2026-01-31,,0,,0
LAUR,2026-02-28,,0,,0
LAW,2026-01-31,,0,,0
LAW,2026-02-28,,0,,0
LAWR,2026-01-31,,0,,0
LAWR,2026-02-28,,0,,0
LAZ,2026-01-31,,0,,0
LAZ,2026-02-28,,0,,0
LB,2026-01-31,,0,,0
LB,2026-02-28,,0,,0
LBGJ,2026-01-31,,0,,0
LBGJ,2026-02-28,,0,,0
LBRDA,2026-01-31,,0,,0
LBRDA,2026-02-28,,0,,0
LBRDK,2026-01-31,,0,,0
LBRDK,2026-02-28,,0,,0
LBRDP,2026-01-31,,0,,0
LBRDP,2026-02-28,,0,,0
LBRT,2026-01-31,,0,,0
LBRT,2026-02-28,,0,,0
LBRX,2026-01-31,,0,,0
LBRX,2026-02-28,,0,,0
LBTYA,2026-01-31,,0,,0
LBTYA,2026-02-28,,0,,0
LBTYB,2026-01-31,,0,,0
LBTYB,2026-02-28,,0,,0
LBTYK,2026-01-31,,0,,0
LBTYK,2026-02-28,,0,,0
LC,2026-01-31,,0,,0
LC,2026-02-28,,0,,0
LCCC,2026-01-31,2026-05-26,1,,0
LCCC,2026-02-28,2026-05-26,1,,0
LCCCR,2026-01-31,,0,,0
LCCCR,2026-02-28,,0,,0
LCCCU,2026-01-31,,0,,0
LCCCU,2026-02-28,,0,,0
LCFY,2026-01-31,,0,,0
LCFY,2026-02-28,,0,,0
LCFYW,2026-01-31,,0,,0
LCFYW,2026-02-28,,0,,0
LCID,2026-01-31,,0,,0
LCID,2026-02-28,,0,,0
LCII,2026-01-31,,0,,0
LCII,2026-02-28,,0,,0
LCLN,2026-01-31,,0,,0
LCLN,2026-02-28,,0,,0
LCNB,2026-01-31,,0,,0
LCNB,2026-02-28,,0,,0
LCTX,2026-01-31,,0,,0
LCTX,2026-02-28,,0,,0
LCUT,2026-01-31,,0,,0
LCUT,2026-02-28,,0,,0
LDI,2026-01-31,,0,,0
LDI,2026-02-28,,0,,0
LDOS,2026-01-31,,0,,0
LDOS,2026-02-28,,0,,0
LDP,2026-01-31,,0,,0
LDP,2026-02-28,,0,,0
LE,2026-01-31,,0,,0
LE,2026-02-28,,0,,0
LEA,2026-01-31,,0,,0
LEA,2026-02-28,,0,,0
LECO,2026-01-31,,0,,0
LECO,2026-02-28,,0,,0
LEDS,2026-01-31,,0,,0
LEDS,2026-02-28,,0,,0
LEE,2026-01-31,,0,,0
LEE,2026-02-28,,0,,0
LEG,2026-01-31,,0,,0
LEG,2026-02-28,,0,,0
LEGH,2026-01-31,,0,,0
LEGH,2026-02-28,,0,,0
LEGN,2026-01-31,,0,,0
LEGN,2026-02-28,,0,,0
LEGO,2026-01-31,,0,,0
LEGO,2026-02-28,,0,,0
LEGO.UN,2026-01-31,,0,,0
LEGO.UN,2026-02-28,,0,,0
LEGO.WT,2026-01-31,,0,,0
LEGO.WT,2026-02-28,,0,,0
LEGT,2026-01-31,,0,,0
LEGT,2026-02-28,,0,,0
LEN,2026-01-31,,0,,0
LEN,2026-02-28,,0,,0
LEN.B,2026-01-31,,0,,0
LEN.B,2026-02-28,,0,,0
LENZ,2026-01-31,,0,,0
LENZ,2026-02-28,,0,,0
LEO,2026-01-31,,0,,0
LEO,2026-02-28,,0,,0
LESL,2026-01-31,,0,,0
LESL,2026-02-28,,0,,0
LEU,2026-01-31,,0,,0
LEU,2026-02-28,,0,,0
LEVI,2026-01-31,,0,,0
LEVI,2026-02-28,,0,,0
LEXX,2026-01-31,,0,,0
LEXX,2026-02-28,,0,,0
LFAC,2026-01-31,,0,,0
LFAC,2026-02-28,,0,,0
LFACU,2026-01-31,,0,,0
LFACU,2026-02-28,,0,,0
LFACW,2026-01-31,,0,,0
LFACW,2026-02-28,,0,,0
LFCR,2026-01-31,,0,,0
LFCR,2026-02-28,,0,,0
LFMD,2026-01-31,,0,,0
LFMD,2026-02-28,,0,,0
LFMDP,2026-01-31,,0,,0
LFMDP,2026-02-28,,0,,0
LFS,2026-01-31,,0,,0
LFS,2026-02-28,,0,,0
LFST,2026-01-31,,0,,0
LFST,2026-02-28,,0,,0
LFT,2026-01-31,,0,,0
LFT,2026-02-28,,0,,0
LFT.PA,2026-01-31,,0,,0
LFT.PA,2026-02-28,,0,,0
LFTO,2026-01-31,,0,,0
LFTO,2026-02-28,,0,,0
LFUS,2026-01-31,,0,,0
LFUS,2026-02-28,,0,,0
LFVN,2026-01-31,,0,,0
LFVN,2026-02-28,,0,,0
LFWD,2026-01-31,,0,,0
LFWD,2026-02-28,,0,,0
LGCL,2026-01-31,,0,,0
LGCL,2026-02-28,,0,,0
LGCY,2026-01-31,,0,,0
LGCY,2026-02-28,,0,,0
LGHL,2026-01-31,,0,,0
LGHL,2026-02-28,,0,,0
LGI,2026-01-31,,0,,0
LGI,2026-02-28,,0,,0
LGIH,2026-01-31,,0,,0
LGIH,2026-02-28,,0,,0
LGL,2026-01-31,,0,,0
LGL,2026-02-28,,0,,0
LGL.RI,2026-01-31,,0,,0
LGL.RI,2026-02-28,,0,,0
LGN,2026-01-31,,0,,0
LGN,2026-02-28,,0,,0
LGND,2026-01-31,,0,2026-04-27,1
LGND,2026-02-28,,0,2026-04-27,1
LGO,2026-01-31,,0,,0
LGO,2026-02-28,,0,,0
LGPS,2026-01-31,,0,,0
LGPS,2026-02-28,,0,,0
LGVN,2026-01-31,,0,,0
LGVN,2026-02-28,,0,,0
LH,2026-01-31,,0,,0
LH,2026-02-28,,0,,0
LHAI,2026-01-31,,0,,0
LHAI,2026-02-28,,0,,0
LHSW,2026-01-31,,0,,0
LHSW,2026-02-28,,0,,0
LHX,2026-01-31,,0,,0
LHX,2026-02-28,,0,,0
LI,2026-01-31,,0,,0
LI,2026-02-28,,0,,0
LICN,2026-01-31,,0,,0
LICN,2026-02-28,,0,,0
LIDR,2026-01-31,,0,,0
LIDR,2026-02-28,,0,,0
LIDRW,2026-01-31,,0,,0
LIDRW,2026-02-28,,0,,0
LIEN,2026-01-31,,0,,0
LIEN,2026-02-28,,0,,0
LIF,2026-01-31,,0,,0
LIF,2026-02-28,,0,,0
LIFE,2026-01-31,,0,,0
LIFE,2026-02-28,,0,,0
LII,2026-01-31,,0,,0
LII,2026-02-28,,0,,0
LILA,2026-01-31,,0,,0
LILA,2026-02-28,,0,,0
LILAK,2026-01-31,,0,,0
LILAK,2026-02-28,,0,,0
LILAV,2026-01-31,,0,,0
LILAV,2026-02-28,,0,,0
LILKV,2026-01-31,,0,,0
LILKV,2026-02-28,,0,,0
LILPV,2026-01-31,,0,,0
LILPV,2026-02-28,,0,,0
LIMN,2026-01-31,,0,,0
LIMN,2026-02-28,,0,,0
LIMNW,2026-01-31,,0,,0
LIMNW,2026-02-28,,0,,0
LIN,2026-01-31,,0,,0
LIN,2026-02-28,,0,,0
LINC,2026-01-31,,0,,0
LINC,2026-02-28,,0,,0
LIND,2026-01-31,,0,,0
LIND,2026-02-28,,0,,0
LINE,2026-01-31,,0,,0
LINE,2026-02-28,,0,,0
LINK,2026-01-31,,0,,0
LINK,2026-02-28,,0,,0
LION,2026-01-31,,0,,0
LION,2026-02-28,,0,,0
LIQT,2026-01-31,,0,,0
LIQT,2026-02-28,,0,,0
LITB,2026-01-31,,0,,0
LITB,2026-02-28,,0,,0
LITE,2026-01-31,,0,,0
LITE,2026-02-28,,0,,0
LITS,2026-01-31,,0,,0
LITS,2026-02-28,,0,,0
LIVE,2026-01-31,,0,,0
LIVE,2026-02-28,,0,,0
LIVN,2026-01-31,,0,,0
LIVN,2026-02-28,,0,,0
LIXT,2026-01-31,,0,,0
LIXT,2026-02-28,,0,,0
LKFN,2026-01-31,,0,,0
LKFN,2026-02-28,,0,,0
LKFT,2026-01-31,,0,,0
LKFT,2026-02-28,,0,,0
LKQ,2026-01-31,,0,,0
LKQ,2026-02-28,,0,,0
LKSP,2026-01-31,,0,,0
LKSP,2026-02-28,,0,,0
LKSPR,2026-01-31,,0,,0
LKSPR,2026-02-28,,0,,0
LKSPU,2026-01-31,,0,,0
LKSPU,2026-02-28,,0,,0
LLY,2026-01-31,,0,,0
LLY,2026-02-28,,0,,0
LLYVA,2026-01-31,,0,,0
LLYVA,2026-02-28,,0,,0
LLYVK,2026-01-31,,0,,0
LLYVK,2026-02-28,,0,,0
LMAT,2026-01-31,,0,,0
LMAT,2026-02-28,,0,,0
LMB,2026-01-31,,0,,0
LMB,2026-02-28,,0,,0
LMFA,2026-01-31,,0,,0
LMFA,2026-02-28,,0,,0
LMND,2026-01-31,,0,,0
LMND,2026-02-28,,0,,0
LMNR,2026-01-31,,0,,0
LMNR,2026-02-28,,0,,0
LMRI,2026-01-31,,0,,0
LMRI,2026-02-28,,0,,0
LMT,2026-01-31,,0,,0
LMT,2026-02-28,,0,,0
LNAI,2026-01-31,,0,,0
LNAI,2026-02-28,,0,,0
LNC,2026-01-31,,0,,0
LNC,2026-02-28,,0,,0
LNC.PD,2026-01-31,,0,,0
LNC.PD,2026-02-28,,0,,0
LND,2026-01-31,,0,,0
LND,2026-02-28,,0,,0
LNG,2026-01-31,,0,,0
LNG,2026-02-28,,0,,0
LNKS,2026-01-31,,0,,0
LNKS,2026-02-28,,0,,0
LNN,2026-01-31,,0,,0
LNN,2026-02-28,,0,,0
LNSR,2026-01-31,,0,,0
LNSR,2026-02-28,,0,,0
LNT,2026-01-31,,0,,0
LNT,2026-02-28,,0,,0
LNTH,2026-01-31,,0,,0
LNTH,2026-02-28,,0,,0
LNZA,2026-01-31,,0,,0
LNZA,2026-02-28,,0,,0
LNZAW,2026-01-31,,0,,0
LNZAW,2026-02-28,,0,,0
LOAN,2026-01-31,,0,,0
LOAN,2026-02-28,,0,,0
LOAR,2026-01-31,,0,,0
LOAR,2026-02-28,,0,,0
LOB,2026-01-31,,0,,0
LOB,2026-02-28,,0,,0
LOB.PA,2026-01-31,,0,,0
LOB.PA,2026-02-28,,0,,0
LOBO,2026-01-31,,0,,0
LOBO,2026-02-28,,0,,0
LOCL,2026-01-31,,0,,0
LOCL,2026-02-28,,0,,0
LOCO,2026-01-31,,0,,0
LOCO,2026-02-28,,0,,0
LODE,2026-01-31,,0,,0
LODE,2026-02-28,,0,,0
LOGI,2026-01-31,,0,,0
LOGI,2026-02-28,,0,,0
LOKV,2026-01-31,,0,,0
LOKV,2026-02-28,,0,,0
LOKVU,2026-01-31,,0,,0
LOKVU,2026-02-28,,0,,0
LOKVW,2026-01-31,,0,,0
LOKVW,2026-02-28,,0,,0
LOMA,2026-01-31,,0,,0
LOMA,2026-02-28,,0,,0
LONA,2026-01-31,,0,,0
LONA,2026-02-28,,0,,0
LOOP,2026-01-31,,0,,0
LOOP,2026-02-28,,0,,0
LOPE,2026-01-31,,0,,0
LOPE,2026-02-28,,0,,0
LOT,2026-01-31,,0,,0
LOT,2026-02-28,,0,,0
LOTWW,2026-01-31,,0,,0
LOTWW,2026-02-28,,0,,0
LOVE,2026-01-31,,0,,0
LOVE,2026-02-28,,0,,0
LOW,2026-01-31,,0,,0
LOW,2026-02-28,,0,,0
LPA,2026-01-31,,0,,0
LPA,2026-02-28,,0,,0
LPAA,2026-01-31,,0,,0
LPAA,2026-02-28,,0,,0
LPAAU,2026-01-31,,0,,0
LPAAU,2026-02-28,,0,,0
LPAAW,2026-01-31,,0,,0
LPAAW,2026-02-28,,0,,0
LPBB,2026-01-31,,0,,0
LPBB,2026-02-28,,0,,0
LPBBU,2026-01-31,,0,,0
LPBBU,2026-02-28,,0,,0
LPBBW,2026-01-31,,0,,0
LPBBW,2026-02-28,,0,,0
LPCN,2026-01-31,,0,,0
LPCN,2026-02-28,,0,,0
LPCV,2026-01-31,,0,,0
LPCV,2026-02-28,,0,,0
LPCVU,2026-01-31,,0,,0
LPCVU,2026-02-28,,0,,0
LPCVW,2026-01-31,,0,,0
LPCVW,2026-02-28,,0,,0
LPG,2026-01-31,,0,,0
LPG,2026-02-28,,0,,0
LPL,2026-01-31,,0,,0
LPL,2026-02-28,,0,,0
LPLA,2026-01-31,,0,,0
LPLA,2026-02-28,,0,,0
LPRO,2026-01-31,,0,,0
LPRO,2026-02-28,,0,,0
LPSN,2026-01-31,2026-04-21,1,,0
LPSN,2026-02-28,2026-04-21,1,,0
LPTH,2026-01-31,,0,,0
LPTH,2026-02-28,,0,,0
LPX,2026-01-31,,0,,0
LPX,2026-02-28,,0,,0
LQDA,2026-01-31,,0,,0
LQDA,2026-02-28,,0,,0
LQDT,2026-01-31,,0,,0
LQDT,2026-02-28,,0,,0
LRCX,2026-01-31,,0,,0
LRCX,2026-02-28,,0,,0
LRE,2026-01-31,,0,,0
LRE,2026-02-28,,0,,0
LRHC,2026-01-31,,0,,0
LRHC,2026-02-28,,0,,0
LRMR,2026-01-31,,0,,0
LRMR,2026-02-28,,0,,0
LRN,2026-01-31,,0,,0
LRN,2026-02-28,,0,,0
LSAK,2026-01-31,,0,,0
LSAK,2026-02-28,,0,,0
LSBK,2026-01-31,,0,,0
LSBK,2026-02-28,,0,,0
LSCC,2026-01-31,,0,,0
LSCC,2026-02-28,,0,,0
LSE,2026-01-31,,0,,0
LSE,2026-02-28,,0,,0
LSF,2026-01-31,,0,,0
LSF,2026-02-28,,0,,0
LSH,2026-01-31,,0,,0
LSH,2026-02-28,,0,,0
LSPD,2026-01-31,,0,,0
LSPD,2026-02-28,,0,,0
LSTA,2026-01-31,,0,,0
LSTA,2026-02-28,,0,,0
LSTR,2026-01-31,,0,,0
LSTR,2026-02-28,,0,,0
LTBR,2026-01-31,,0,,0
LTBR,2026-02-28,,0,,0
LTC,2026-01-31,,0,,0
LTC,2026-02-28,,0,,0
LTGRU,2026-01-31,,0,,0
LTGRU,2026-02-28,,0,,0
LTH,2026-01-31,,0,,0
LTH,2026-02-28,,0,,0
LTM,2026-01-31,,0,,0
LTM,2026-02-28,,0,,0
LTRN,2026-01-31,,0,,0
LTRN,2026-02-28,,0,,0
LTRX,2026-01-31,,0,,0
LTRX,2026-02-28,,0,,0
LTRYW,2026-01-31,,0,,0
LTRYW,2026-02-28,,0,,0
LU,2026-01-31,,0,,0
LU,2026-02-28,,0,,0
LUCD,2026-01-31,,0,,0
LUCD,2026-02-28,,0,,0
LUCK,2026-01-31,,0,,0
LUCK,2026-02-28,,0,,0
LUCY,2026-01-31,,0,,0
LUCY,2026-02-28,,0,,0
LUCYW,2026-01-31,,0,,0
LUCYW,2026-02-28,,0,,0
LUD,2026-01-31,,0,,0
LUD,2026-02-28,,0,,0
LULU,2026-01-31,,0,,0
LULU,2026-02-28,,0,,0
LUMN,2026-01-31,,0,,0
LUMN,2026-02-28,,0,,0
LUNG,2026-01-31,,0,,0
LUNG,2026-02-28,,0,,0
LUNR,2026-01-31,,0,,0
LUNR,2026-02-28,,0,,0
LUV,2026-01-31,,0,,0
LUV,2026-02-28,,0,,0
LUXE,2026-01-31,,0,,0
LUXE,2026-02-28,,0,,0
LVLU,2026-01-31,,0,,0
LVLU,2026-02-28,,0,,0
LVO,2026-01-31,,0,,0
LVO,2026-02-28,,0,,0
LVS,2026-01-31,,0,,0
LVS,2026-02-28,,0,,0
LVWR,2026-01-31,,0,,0
LVWR,2026-02-28,,0,,0
LVWR.WT,2026-01-31,,0,,0
LVWR.WT,2026-02-28,,0,,0
LW,2026-01-31,,0,,0
LW,2026-02-28,,0,,0
LWAC,2026-01-31,,0,,0
LWAC,2026-02-28,,0,,0
LWACU,2026-01-31,,0,,0
LWACU,2026-02-28,,0,,0
LWACW,2026-01-31,,0,,0
LWACW,2026-02-28,,0,,0
LWAY,2026-01-31,,0,,0
LWAY,2026-02-28,,0,,0
LWLG,2026-01-31,,0,,0
LWLG,2026-02-28,,0,,0
LX,2026-01-31,,0,,0
LX,2026-02-28,,0,,0
LXEH,2026-01-31,,0,,0
LXEH,2026-02-28,,0,,0
LXEO,2026-01-31,,0,,0
LXEO,2026-02-28,,0,,0
LXFR,2026-01-31,,0,,0
LXFR,2026-02-28,,0,,0
LXP,2026-01-31,,0,,0
LXP,2026-02-28,,0,,0
LXP.PC,2026-01-31,,0,,0
LXP.PC,2026-02-28,,0,,0
LXRX,2026-01-31,,0,,0
LXRX,2026-02-28,,0,,0
LXU,2026-01-31,,0,,0
LXU,2026-02-28,,0,,0
LYB,2026-01-31,,0,,0
LYB,2026-02-28,,0,,0
LYEL,2026-01-31,,0,,0
LYEL,2026-02-28,,0,,0
LYFT,2026-01-31,,0,,0
LYFT,2026-02-28,,0,,0
LYG,2026-01-31,,0,,0
LYG,2026-02-28,,0,,0
LYTS,2026-01-31,,0,,0
LYTS,2026-02-28,,0,,0
LYV,2026-01-31,,0,,0
LYV,2026-02-28,,0,,0
LZ,2026-01-31,,0,,0
LZ,2026-02-28,,0,,0
LZB,2026-01-31,,0,,0
LZB,2026-02-28,,0,,0
LZM,2026-01-31,,0,,0
LZM,2026-02-28,,0,,0
LZM.WT,2026-01-31,,0,,0
LZM.WT,2026-02-28,,0,,0
LZMH,2026-01-31,,0,,0
LZMH,2026-02-28,,0,,0
M,2026-01-31,,0,,0
M,2026-02-28,,0,,0
MA,2026-01-31,,0,,0
MA,2026-02-28,,0,,0
MAA,2026-01-31,,0,,0
MAA,2026-02-28,,0,,0
MAA.PI,2026-01-31,,0,,0
MAA.PI,2026-02-28,,0,,0
MAAS,2026-01-31,,0,,0
MAAS,2026-02-28,,0,,0
MAC,2026-01-31,,0,,0
MAC,2026-02-28,,0,,0
MACI,2026-01-31,,0,,0
MACI,2026-02-28,,0,,0
MACIU,2026-01-31,,0,,0
MACIU,2026-02-28,,0,,0
MACIW,2026-01-31,,0,,0
MACIW,2026-02-28,,0,,0
MAGH,2026-01-31,,0,,0
MAGH,2026-02-28,,0,,0
MAGN,2026-01-31,,0,,0
MAGN,2026-02-28,,0,,0
MAIA,2026-01-31,,0,,0
MAIA,2026-02-28,,0,,0
MAIN,2026-01-31,,0,,0
MAIN,2026-02-28,,0,,0
MAIR,2026-01-31,,0,,0
MAIR,2026-02-28,,0,,0
MAKO,2026-01-31,,0,,0
MAKO,2026-02-28,,0,,0
MAMA,2026-01-31,,0,,0
MAMA,2026-02-28,,0,,0
MAMK,2026-01-31,,0,,0
MAMK,2026-02-28,,0,,0
MAMO,2026-01-31,,0,,0
MAMO,2026-02-28,,0,,0
MAN,2026-01-31,,0,,0
MAN,2026-02-28,,0,,0
MANE,2026-01-31,,0,,0
MANE,2026-02-28,,0,,0
MANH,2026-01-31,,0,,0
MANH,2026-02-28,,0,,0
MANU,2026-01-31,,0,,0
MANU,2026-02-28,,0,,0
MAR,2026-01-31,,0,,0
MAR,2026-02-28,,0,,0
MARA,2026-01-31,,0,,0
MARA,2026-02-28,,0,,0
MARPS,2026-01-31,,0,,0
MARPS,2026-02-28,,0,,0
MAS,2026-01-31,,0,,0
MAS,2026-02-28,,0,,0
MASI,2026-01-31,2026-02-17,1,,0
MASI,2026-02-28,,0,,0
MASK,2026-01-31,,0,,0
MASK,2026-02-28,,0,,0
MASS,2026-01-31,,0,,0
MASS,2026-02-28,,0,,0
MAT,2026-01-31,,0,,0
MAT,2026-02-28,,0,,0
MATH,2026-01-31,,0,,0
MATH,2026-02-28,,0,,0
MATV,2026-01-31,,0,,0
MATV,2026-02-28,,0,,0
MATW,2026-01-31,,0,,0
MATW,2026-02-28,,0,,0
MATX,2026-01-31,,0,,0
MATX,2026-02-28,,0,,0
MAX,2026-01-31,,0,,0
MAX,2026-02-28,,0,,0
MAYS,2026-01-31,,0,,0
MAYS,2026-02-28,,0,,0
MAZE,2026-01-31,,0,,0
MAZE,2026-02-28,,0,,0
MB,2026-01-31,,0,,0
MB,2026-02-28,,0,,0
MBAI,2026-01-31,,0,,0
MBAI,2026-02-28,,0,,0
MBAV,2026-01-31,,0,,0
MBAV,2026-02-28,,0,,0
MBAVU,2026-01-31,,0,,0
MBAVU,2026-02-28,,0,,0
MBAVW,2026-01-31,,0,,0
MBAVW,2026-02-28,,0,,0
MBBC,2026-01-31,,0,,0
MBBC,2026-02-28,,0,,0
MBC,2026-01-31,,0,,0
MBC,2026-02-28,,0,,0
MBI,2026-01-31,,0,,0
MBI,2026-02-28,,0,,0
MBIN,2026-01-31,,0,,0
MBIN,2026-02-28,,0,,0
MBINL,2026-01-31,,0,,0
MBINL,2026-02-28,,0,,0
MBINM,2026-01-31,,0,,0
MBINM,2026-02-28,,0,,0
MBINN,2026-01-31,,0,,0
MBINN,2026-02-28,,0,,0
MBIO,2026-01-31,,0,,0
MBIO,2026-02-28,,0,,0
MBLY,2026-01-31,,0,,0
MBLY,2026-02-28,,0,,0
MBNKO,2026-01-31,,0,,0
MBNKO,2026-02-28,,0,,0
MBOT,2026-01-31,,0,,0
MBOT,2026-02-28,,0,,0
MBRX,2026-01-31,,0,,0
MBRX,2026-02-28,,0,,0
MBUU,2026-01-31,,0,,0
MBUU,2026-02-28,,0,,0
MBVI,2026-01-31,,0,,0
MBVI,2026-02-28,,0,,0
MBVIU,2026-01-31,,0,,0
MBVIU,2026-02-28,,0,,0
MBVIW,2026-01-31,,0,,0
MBVIW,2026-02-28,,0,,0
MBWM,2026-01-31,,0,,0
MBWM,2026-02-28,,0,,0
MBX,2026-01-31,,0,,0
MBX,2026-02-28,,0,,0
MC,2026-01-31,,0,,0
MC,2026-02-28,,0,,0
MCAHU,2026-01-31,,0,,0
MCAHU,2026-02-28,,0,,0
MCB,2026-01-31,,0,,0
MCB,2026-02-28,,0,,0
MCBS,2026-01-31,,0,,0
MCBS,2026-02-28,,0,,0
MCD,2026-01-31,,0,,0
MCD,2026-02-28,,0,,0
MCFT,2026-01-31,,0,,0
MCFT,2026-02-28,,0,,0
MCGA,2026-01-31,,0,,0
MCGA,2026-02-28,,0,,0
MCGAU,2026-01-31,,0,,0
MCGAU,2026-02-28,,0,,0
MCGAW,2026-01-31,,0,,0
MCGAW,2026-02-28,,0,,0
MCHB,2026-01-31,,0,,0
MCHB,2026-02-28,,0,,0
MCHP,2026-01-31,,0,,0
MCHP,2026-02-28,,0,,0
MCHPP,2026-01-31,,0,,0
MCHPP,2026-02-28,,0,,0
MCHX,2026-01-31,,0,,0
MCHX,2026-02-28,,0,,0
MCI,2026-01-31,,0,,0
MCI,2026-02-28,,0,,0
MCK,2026-01-31,,0,,0
MCK,2026-02-28,,0,,0
MCN,2026-01-31,,0,,0
MCN,2026-02-28,,0,,0
MCO,2026-01-31,,0,,0
MCO,2026-02-28,,0,,0
MCR,2026-01-31,,0,,0
MCR,2026-02-28,,0,,0
MCRB,2026-01-31,,0,,0
MCRB,2026-02-28,,0,,0
MCRI,2026-01-31,,0,,0
MCRI,2026-02-28,,0,,0
MCRP,2026-01-31,,0,,0
MCRP,2026-02-28,,0,,0
MCS,2026-01-31,,0,,0
MCS,2026-02-28,,0,,0
MCTA,2026-01-31,,0,,0
MCTA,2026-02-28,,0,,0
MCY,2026-01-31,2026-03-02,1,,0
MCY,2026-02-28,2026-03-02,1,,0
MD,2026-01-31,,0,,0
MD,2026-02-28,,0,,0
MDA,2026-01-31,,0,,0
MDA,2026-02-28,,0,,0
MDAI,2026-01-31,,0,,0
MDAI,2026-02-28,,0,,0
MDAIW,2026-01-31,,0,,0
MDAIW,2026-02-28,,0,,0
MDB,2026-01-31,,0,,0
MDB,2026-02-28,,0,,0
MDBH,2026-01-31,,0,,0
MDBH,2026-02-28,,0,,0
MDCX,2026-01-31,,0,,0
MDCX,2026-02-28,,0,,0
MDCXW,2026-01-31,,0,,0
MDCXW,2026-02-28,,0,,0
MDGL,2026-01-31,,0,,0
MDGL,2026-02-28,,0,,0
MDIA,2026-01-31,,0,,0
MDIA,2026-02-28,,0,,0
MDLN,2026-01-31,,0,,0
MDLN,2026-02-28,,0,,0
MDLZ,2026-01-31,,0,,0
MDLZ,2026-02-28,,0,,0
MDRR,2026-01-31,,0,,0
MDRR,2026-02-28,,0,,0
MDT,2026-01-31,,0,,0
MDT,2026-02-28,,0,,0
MDU,2026-01-31,,0,,0
MDU,2026-02-28,,0,,0
MDV,2026-01-31,2026-05-04,1,,0
MDV,2026-02-28,2026-05-04,1,,0
MDV.PA,2026-01-31,,0,,0
MDV.PA,2026-02-28,,0,,0
MDWD,2026-01-31,,0,,0
MDWD,2026-02-28,,0,,0
MDXG,2026-01-31,,0,,0
MDXG,2026-02-28,,0,,0
MDXH,2026-01-31,,0,,0
MDXH,2026-02-28,,0,,0
MDY,2026-01-31,,0,,0
MDY,2026-02-28,,0,,0
MEC,2026-01-31,,0,,0
MEC,2026-02-28,,0,,0
MED,2026-01-31,,0,,0
MED,2026-02-28,,0,,0
MEDP,2026-01-31,,0,,0
MEDP,2026-02-28,,0,,0
MEGI,2026-01-31,,0,,0
MEGI,2026-02-28,,0,,0
MEGL,2026-01-31,,0,,0
MEGL,2026-02-28,,0,,0
MEHA,2026-01-31,,0,,0
MEHA,2026-02-28,,0,,0
MEI,2026-01-31,,0,,0
MEI,2026-02-28,,0,,0
MELI,2026-01-31,,0,,0
MELI,2026-02-28,,0,,0
MENS,2026-01-31,,0,,0
MENS,2026-02-28,,0,,0
MEOH,2026-01-31,,0,,0
MEOH,2026-02-28,,0,,0
MER.PK,2026-01-31,,0,,0
MER.PK,2026-02-28,,0,,0
MERC,2026-01-31,,0,,0
MERC,2026-02-28,,0,,0
MESH,2026-01-31,,0,,0
MESH,2026-02-28,,0,,0
MESHU,2026-01-31,,0,,0
MESHU,2026-02-28,,0,,0
MESHW,2026-01-31,,0,,0
MESHW,2026-02-28,,0,,0
MESO,2026-01-31,,0,,0
MESO,2026-02-28,,0,,0
MET,2026-01-31,,0,,0
MET,2026-02-28,,0,,0
MET.PA,2026-01-31,,0,,0
MET.PA,2026-02-28,,0,,0
MET.PE,2026-01-31,,0,,0
MET.PE,2026-02-28,,0,,0
MET.PF,2026-01-31,,0,,0
MET.PF,2026-02-28,,0,,0
META,2026-01-31,,0,,0
META,2026-02-28,,0,,0
METC,2026-01-31,,0,,0
METC,2026-02-28,,0,,0
METCB,2026-01-31,,0,,0
METCB,2026-02-28,,0,,0
METCI,2026-01-31,,0,,0
METCI,2026-02-28,,0,,0
METCZ,2026-01-31,,0,,0
METCZ,2026-02-28,,0,,0
MEVO,2026-01-31,,0,,0
MEVO,2026-02-28,,0,,0
MEVOU,2026-01-31,,0,,0
MEVOU,2026-02-28,,0,,0
MEVOW,2026-01-31,,0,,0
MEVOW,2026-02-28,,0,,0
MFA,2026-01-31,,0,,0
MFA,2026-02-28,,0,,0
MFA.PB,2026-01-31,,0,,0
MFA.PB,2026-02-28,,0,,0
MFA.PC,2026-01-31,,0,,0
MFA.PC,2026-02-28,,0,,0
MFAN,2026-01-31,,0,,0
MFAN,2026-02-28,,0,,0
MFAO,2026-01-31,,0,,0
MFAO,2026-02-28,,0,,0
MFC,2026-01-31,,0,,0
MFC,2026-02-28,,0,,0
MFG,2026-01-31,,0,,0
MFG,2026-02-28,,0,,0
MFI,2026-01-31,,0,,0
MFI,2026-02-28,,0,,0
MFIC,2026-01-31,,0,,0
MFIC,2026-02-28,,0,,0
MFICL,2026-01-31,,0,,0
MFICL,2026-02-28,,0,,0
MFIN,2026-01-31,,0,,0
MFIN,2026-02-28,,0,,0
MFM,2026-01-31,,0,,0
MFM,2026-02-28,,0,,0
MG,2026-01-31,,0,,0
MG,2026-02-28,,0,,0
MGA,2026-01-31,,0,,0
MGA,2026-02-28,,0,,0
MGEE,2026-01-31,,0,,0
MGEE,2026-02-28,,0,,0
MGF,2026-01-31,,0,,0
MGF,2026-02-28,,0,,0
MGIH,2026-01-31,,0,,0
MGIH,2026-02-28,,0,,0
MGLD,2026-01-31,,0,,0
MGLD,2026-02-28,,0,,0
MGM,2026-01-31,2026-06-01,1,,0
MGM,2026-02-28,2026-06-01,1,,0
MGN,2026-01-31,,0,,0
MGN,2026-02-28,,0,,0
MGNI,2026-01-31,,0,,0
MGNI,2026-02-28,,0,,0
MGNX,2026-01-31,,0,,0
MGNX,2026-02-28,,0,,0
MGPI,2026-01-31,,0,,0
MGPI,2026-02-28,,0,,0
MGR,2026-01-31,,0,,0
MGR,2026-02-28,,0,,0
MGRB,2026-01-31,,0,,0
MGRB,2026-02-28,,0,,0
MGRC,2026-01-31,,0,,0
MGRC,2026-02-28,,0,,0
MGRD,2026-01-31,,0,,0
MGRD,2026-02-28,,0,,0
MGRE,2026-01-31,,0,,0
MGRE,2026-02-28,,0,,0
MGRT,2026-01-31,,0,,0
MGRT,2026-02-28,,0,,0
MGRX,2026-01-31,,0,,0
MGRX,2026-02-28,,0,,0
MGTX,2026-01-31,,0,,0
MGTX,2026-02-28,,0,,0
MGX,2026-01-31,,0,,0
MGX,2026-02-28,,0,,0
MGY,2026-01-31,,0,,0
MGY,2026-02-28,,0,,0
MGYR,2026-01-31,,0,,0
MGYR,2026-02-28,,0,,0
MH,2026-01-31,,0,,0
MH,2026-02-28,,0,,0
MHD,2026-01-31,,0,,0
MHD,2026-02-28,,0,,0
MHF,2026-01-31,,0,,0
MHF,2026-02-28,,0,,0
MHH,2026-01-31,,0,,0
MHH,2026-02-28,,0,,0
MHK,2026-01-31,,0,,0
MHK,2026-02-28,,0,,0
MHLA,2026-01-31,,0,,0
MHLA,2026-02-28,,0,,0
MHNC,2026-01-31,,0,,0
MHNC,2026-02-28,,0,,0
MHO,2026-01-31,,0,,0
MHO,2026-02-28,,0,,0
MI,2026-01-31,,0,,0
MI,2026-02-28,,0,,0
MIAX,2026-01-31,,0,,0
MIAX,2026-02-28,,0,,0
MICC,2026-01-31,,0,,0
MICC,2026-02-28,,0,,0
MIDD,2026-01-31,,0,,0
MIDD,2026-02-28,,0,,0
MIMI,2026-01-31,,0,,0
MIMI,2026-02-28,,0,,0
MIN,2026-01-31,,0,,0
MIN,2026-02-28,,0,,0
MIND,2026-01-31,,0,,0
MIND,2026-02-28,,0,,0
MINE,2026-01-31,,0,,0
MINE,2026-02-28,,0,,0
MIR,2026-01-31,,0,,0
MIR,2026-02-28,,0,,0
MIRA,2026-01-31,,0,,0
MIRA,2026-02-28,,0,,0
MIRM,2026-01-31,,0,,0
MIRM,2026-02-28,,0,,0
MIST,2026-01-31,,0,,0
MIST,2026-02-28,,0,,0
MITK,2026-01-31,,0,,0
MITK,2026-02-28,,0,,0
MITN,2026-01-31,,0,,0
MITN,2026-02-28,,0,,0
MITP,2026-01-31,,0,,0
MITP,2026-02-28,,0,,0
MITQ,2026-01-31,,0,,0
MITQ,2026-02-28,,0,,0
MITT,2026-01-31,,0,,0
MITT,2026-02-28,,0,,0
MITT.PA,2026-01-31,,0,,0
MITT.PA,2026-02-28,,0,,0
MITT.PB,2026-01-31,,0,,0
MITT.PB,2026-02-28,,0,,0
MITT.PC,2026-01-31,,0,,0
MITT.PC,2026-02-28,,0,,0
MIY,2026-01-31,,0,,0
MIY,2026-02-28,,0,,0
MKC,2026-01-31,,0,,0
MKC,2026-02-28,,0,,0
MKC.V,2026-01-31,,0,,0
MKC.V,2026-02-28,,0,,0
MKDW,2026-01-31,,0,,0
MKDW,2026-02-28,,0,,0
MKDWW,2026-01-31,,0,,0
MKDWW,2026-02-28,,0,,0
MKL,2026-01-31,,0,,0
MKL,2026-02-28,,0,,0
MKLY,2026-01-31,,0,,0
MKLY,2026-02-28,,0,,0
MKLYR,2026-01-31,,0,,0
MKLYR,2026-02-28,,0,,0
MKLYU,2026-01-31,,0,,0
MKLYU,2026-02-28,,0,,0
MKSI,2026-01-31,,0,,0
MKSI,2026-02-28,,0,,0
MKTW,2026-01-31,,0,,0
MKTW,2026-02-28,,0,,0
MKTX,2026-01-31,,0,,0
MKTX,2026-02-28,,0,,0
MKZR,2026-01-31,,0,,0
MKZR,2026-02-28,,0,,0
MLAA,2026-01-31,2026-04-09,1,,0
MLAA,2026-02-28,2026-04-09,1,,0
MLAAU,2026-01-31,,0,,0
MLAAU,2026-02-28,,0,,0
MLAAW,2026-01-31,,0,,0
MLAAW,2026-02-28,,0,,0
MLAB,2026-01-31,,0,,0
MLAB,2026-02-28,,0,,0
MLAC,2026-01-31,,0,,0
MLAC,2026-02-28,,0,,0
MLACR,2026-01-31,,0,,0
MLACR,2026-02-28,,0,,0
MLACU,2026-01-31,,0,,0
MLACU,2026-02-28,,0,,0
MLCI,2026-01-31,,0,,0
MLCI,2026-02-28,,0,,0
MLCIL,2026-01-31,,0,,0
MLCIL,2026-02-28,,0,,0
MLCO,2026-01-31,,0,,0
MLCO,2026-02-28,,0,,0
MLEC,2026-01-31,,0,,0
MLEC,2026-02-28,,0,,0
MLECW,2026-01-31,,0,,0
MLECW,2026-02-28,,0,,0
MLGO,2026-01-31,,0,,0
MLGO,2026-02-28,,0,,0
MLI,2026-01-31,,0,,0
MLI,2026-02-28,,0,,0
MLKN,2026-01-31,,0,,0
MLKN,2026-02-28,,0,,0
MLM,2026-01-31,,0,,0
MLM,2026-02-28,,0,,0
MLP,2026-01-31,,0,,0
MLP,2026-02-28,,0,,0
MLPB,2026-01-31,,0,,0
MLPB,2026-02-28,,0,,0
MLPR,2026-01-31,,0,,0
MLPR,2026-02-28,,0,,0
MLR,2026-01-31,,0,,0
MLR,2026-02-28,,0,,0
MLSS,2026-01-31,,0,,0
MLSS,2026-02-28,,0,,0
MLTX,2026-01-31,,0,,0
MLTX,2026-02-28,,0,,0
MLYS,2026-01-31,,0,,0
MLYS,2026-02-28,,0,,0
MMA,2026-01-31,,0,,0
MMA,2026-02-28,,0,,0
MMD,2026-01-31,,0,,0
MMD,2026-02-28,,0,,0
MMED,2026-01-31,,0,,0
MMED,2026-02-28,,0,,0
MMI,2026-01-31,,0,,0
MMI,2026-02-28,,0,,0
MMLP,2026-01-31,,0,,0
MMLP,2026-02-28,,0,,0
MMM,2026-01-31,,0,,0
MMM,2026-02-28,,0,,0
MMS,2026-01-31,,0,,0
MMS,2026-02-28,,0,,0
MMSI,2026-01-31,,0,,0
MMSI,2026-02-28,,0,,0
MMT,2026-01-31,,0,,0
MMT,2026-02-28,,0,,0
MMTX,2026-01-31,,0,,0
MMTX,2026-02-28,,0,,0
MMTXU,2026-01-31,,0,,0
MMTXU,2026-02-28,,0,,0
MMTXW,2026-01-31,,0,,0
MMTXW,2026-02-28,,0,,0
MMU,2026-01-31,,0,,0
MMU,2026-02-28,,0,,0
MMYT,2026-01-31,,0,,0
MMYT,2026-02-28,,0,,0
MNDO,2026-01-31,,0,,0
MNDO,2026-02-28,,0,,0
MNDR,2026-01-31,,0,,0
MNDR,2026-02-28,,0,,0
MNDY,2026-01-31,,0,,0
MNDY,2026-02-28,,0,,0
MNKD,2026-01-31,,0,,0
MNKD,2026-02-28,,0,,0
MNOV,2026-01-31,,0,,0
MNOV,2026-02-28,,0,,0
MNPR,2026-01-31,,0,,0
MNPR,2026-02-28,,0,,0
MNR,2026-01-31,,0,,0
MNR,2026-02-28,,0,,0
MNRO,2026-01-31,,0,,0
MNRO,2026-02-28,,0,,0
MNSB,2026-01-31,,0,,0
MNSB,2026-02-28,,0,,0
MNSBP,2026-01-31,,0,,0
MNSBP,2026-02-28,,0,,0
MNSO,2026-01-31,,0,,0
MNSO,2026-02-28,,0,,0
MNST,2026-01-31,,0,,0
MNST,2026-02-28,,0,,0
MNTK,2026-01-31,,0,,0
MNTK,2026-02-28,,0,,0
MNTN,2026-01-31,,0,,0
MNTN,2026-02-28,,0,,0
MNTS,2026-01-31,,0,,0
MNTS,2026-02-28,,0,,0
MNTSW,2026-01-31,,0,,0
MNTSW,2026-02-28,,0,,0
MNY,2026-01-31,,0,,0
MNY,2026-02-28,,0,,0
MNYWW,2026-01-31,,0,,0
MNYWW,2026-02-28,,0,,0
MO,2026-01-31,,0,,0
MO,2026-02-28,,0,,0
MOB,2026-01-31,,0,,0
MOB,2026-02-28,,0,,0
MOBBW,2026-01-31,,0,,0
MOBBW,2026-02-28,,0,,0
MOBI,2026-01-31,,0,,0
MOBI,2026-02-28,,0,,0
MOBX,2026-01-31,,0,,0
MOBX,2026-02-28,,0,,0
MOBXW,2026-01-31,,0,,0
MOBXW,2026-02-28,,0,,0
MOD,2026-01-31,,0,,0
MOD,2026-02-28,,0,,0
MODD,2026-01-31,,0,,0
MODD,2026-02-28,,0,,0
MOG.A,2026-01-31,,0,,0
MOG.A,2026-02-28,,0,,0
MOG.B,2026-01-31,,0,,0
MOG.B,2026-02-28,,0,,0
MOGU,2026-01-31,,0,,0
MOGU,2026-02-28,,0,,0
MOH,2026-01-31,,0,,0
MOH,2026-02-28,,0,,0
MOLN,2026-01-31,,0,,0
MOLN,2026-02-28,,0,,0
MOMO,2026-01-31,,0,,0
MOMO,2026-02-28,,0,,0
MORN,2026-01-31,,0,,0
MORN,2026-02-28,,0,,0
MOS,2026-01-31,,0,,0
MOS,2026-02-28,,0,,0
MOV,2026-01-31,,0,,0
MOV,2026-02-28,,0,,0
MOVE,2026-01-31,,0,,0
MOVE,2026-02-28,,0,,0
MP,2026-01-31,,0,,0
MP,2026-02-28,,0,,0
MPA,2026-01-31,,0,,0
MPA,2026-02-28,,0,,0
MPAA,2026-01-31,,0,,0
MPAA,2026-02-28,,0,,0
MPB,2026-01-31,,0,,0
MPB,2026-02-28,,0,,0
MPC,2026-01-31,,0,,0
MPC,2026-02-28,,0,,0
MPLT,2026-01-31,,0,,0
MPLT,2026-02-28,,0,,0
MPLX,2026-01-31,,0,,0
MPLX,2026-02-28,,0,,0
MPT,2026-01-31,,0,,0
MPT,2026-02-28,,0,,0
MPTI,2026-01-31,,0,,0
MPTI,2026-02-28,,0,,0
MPU,2026-01-31,,0,,0
MPU,2026-02-28,,0,,0
MPV,2026-01-31,,0,,0
MPV,2026-02-28,,0,,0
MPWR,2026-01-31,,0,,0
MPWR,2026-02-28,,0,,0
MQ,2026-01-31,,0,,0
MQ,2026-02-28,,0,,0
MQY,2026-01-31,,0,,0
MQY,2026-02-28,,0,,0
MRAM,2026-01-31,,0,,0
MRAM,2026-02-28,,0,,0
MRBK,2026-01-31,2026-02-03,1,,0
MRBK,2026-02-28,,0,,0
MRCY,2026-01-31,,0,,0
MRCY,2026-02-28,,0,,0
MRDN,2026-01-31,,0,,0
MRDN,2026-02-28,,0,,0
MREO,2026-01-31,,0,,0
MREO,2026-02-28,,0,,0
MRK,2026-01-31,,0,,0
MRK,2026-02-28,,0,,0
MRKR,2026-01-31,,0,,0
MRKR,2026-02-28,,0,,0
MRLN,2026-01-31,2026-04-29,1,,0
MRLN,2026-02-28,2026-04-29,1,,0
MRM,2026-01-31,,0,,0
MRM,2026-02-28,,0,,0
MRNA,2026-01-31,,0,,0
MRNA,2026-02-28,,0,,0
MRNO,2026-01-31,,0,,0
MRNO,2026-02-28,,0,,0
MRNOW,2026-01-31,,0,,0
MRNOW,2026-02-28,,0,,0
MRP,2026-01-31,,0,,0
MRP,2026-02-28,,0,,0
MRSH,2026-01-31,,0,,0
MRSH,2026-02-28,,0,,0
MRT,2026-01-31,,0,,0
MRT,2026-02-28,,0,,0
MRTN,2026-01-31,,0,,0
MRTN,2026-02-28,,0,,0
MRVI,2026-01-31,,0,,0
MRVI,2026-02-28,,0,,0
MRVL,2026-01-31,,0,,0
MRVL,2026-02-28,,0,,0
MRX,2026-01-31,,0,,0
MRX,2026-02-28,,0,,0
MS,2026-01-31,,0,,0
MS,2026-02-28,,0,,0
MS.PA,2026-01-31,,0,,0
MS.PA,2026-02-28,,0,,0
MS.PE,2026-01-31,,0,,0
MS.PE,2026-02-28,,0,,0
MS.PF,2026-01-31,,0,,0
MS.PF,2026-02-28,,0,,0
MS.PI,2026-01-31,,0,,0
MS.PI,2026-02-28,,0,,0
MS.PK,2026-01-31,,0,,0
MS.PK,2026-02-28,,0,,0
MS.PL,2026-01-31,,0,,0
MS.PL,2026-02-28,,0,,0
MS.PO,2026-01-31,,0,,0
MS.PO,2026-02-28,,0,,0
MS.PP,2026-01-31,,0,,0
MS.PP,2026-02-28,,0,,0
MS.PQ,2026-01-31,,0,,0
MS.PQ,2026-02-28,,0,,0
MSA,2026-01-31,,0,,0
MSA,2026-02-28,,0,,0
MSAI,2026-01-31,,0,,0
MSAI,2026-02-28,,0,,0
MSAIW,2026-01-31,,0,,0
MSAIW,2026-02-28,,0,,0
MSB,2026-01-31,,0,,0
MSB,2026-02-28,,0,,0
MSBI,2026-01-31,,0,,0
MSBI,2026-02-28,,0,,0
MSBIP,2026-01-31,,0,,0
MSBIP,2026-02-28,,0,,0
MSBT,2026-01-31,,0,,0
MSBT,2026-02-28,,0,,0
MSC,2026-01-31,,0,,0
MSC,2026-02-28,,0,,0
MSCI,2026-01-31,,0,,0
MSCI,2026-02-28,,0,,0
MSD,2026-01-31,,0,,0
MSD,2026-02-28,,0,,0
MSDL,2026-01-31,,0,,0
MSDL,2026-02-28,,0,,0
MSEX,2026-01-31,,0,,0
MSEX,2026-02-28,,0,,0
MSFT,2026-01-31,,0,,0
MSFT,2026-02-28,,0,,0
MSGE,2026-01-31,,0,,0
MSGE,2026-02-28,,0,,0
MSGM,2026-01-31,,0,,0
MSGM,2026-02-28,,0,,0
MSGS,2026-01-31,,0,,0
MSGS,2026-02-28,,0,,0
MSGY,2026-01-31,,0,,0
MSGY,2026-02-28,,0,,0
MSI,2026-01-31,,0,,0
MSI,2026-02-28,,0,,0
MSIF,2026-01-31,,0,,0
MSIF,2026-02-28,,0,,0
MSLE,2026-01-31,,0,,0
MSLE,2026-02-28,,0,,0
MSM,2026-01-31,,0,,0
MSM,2026-02-28,,0,,0
MSN,2026-01-31,,0,,0
MSN,2026-02-28,,0,,0
MSS,2026-01-31,,0,,0
MSS,2026-02-28,,0,,0
MSTR,2026-01-31,,0,,0
MSTR,2026-02-28,,0,,0
MSW,2026-01-31,,0,,0
MSW,2026-02-28,,0,,0
MT,2026-01-31,,0,,0
MT,2026-02-28,,0,,0
MTA,2026-01-31,,0,,0
MTA,2026-02-28,,0,,0
MTAL,2026-01-31,,0,,0
MTAL,2026-02-28,,0,,0
MTAL.UN,2026-01-31,,0,,0
MTAL.UN,2026-02-28,,0,,0
MTAL.WT,2026-01-31,,0,,0
MTAL.WT,2026-02-28,,0,,0
MTB,2026-01-31,,0,,0
MTB,2026-02-28,,0,,0
MTB.PH,2026-01-31,,0,,0
MTB.PH,2026-02-28,,0,,0
MTB.PJ,2026-01-31,,0,,0
MTB.PJ,2026-02-28,,0,,0
MTB.PK,2026-01-31,,0,,0
MTB.PK,2026-02-28,,0,,0
MTC,2026-01-31,,0,,0
MTC,2026-02-28,,0,,0
MTCH,2026-01-31,,0,,0
MTCH,2026-02-28,,0,,0
MTD,2026-01-31,,0,,0
MTD,2026-02-28,,0,,0
MTDR,2026-01-31,,0,,0
MTDR,2026-02-28,,0,,0
MTEK,2026-01-31,,0,,0
MTEK,2026-02-28,,0,,0
MTEKW,2026-01-31,,0,,0
MTEKW,2026-02-28,,0,,0
MTEN,2026-01-31,,0,,0
MTEN,2026-02-28,,0,,0
MTEX,2026-01-31,,0,,0
MTEX,2026-02-28,,0,,0
MTG,2026-01-31,,0,,0
MTG,2026-02-28,,0,,0
MTH,2026-01-31,,0,,0
MTH,2026-02-28,,0,,0
MTLS,2026-01-31,,0,,0
MTLS,2026-02-28,,0,,0
MTN,2026-01-31,,0,,0
MTN,2026-02-28,,0,,0
MTNB,2026-01-31,,0,,0
MTNB,2026-02-28,,0,,0
MTNE.UN,2026-01-31,,0,,0
MTNE.UN,2026-02-28,,0,,0
MTR,2026-01-31,,0,,0
MTR,2026-02-28,,0,,0
MTRN,2026-01-31,,0,,0
MTRN,2026-02-28,,0,,0
MTRX,2026-01-31,,0,,0
MTRX,2026-02-28,,0,,0
MTSI,2026-01-31,,0,,0
MTSI,2026-02-28,,0,,0
MTUL,2026-01-31,,0,,0
MTUL,2026-02-28,,0,,0
MTUS,2026-01-31,,0,,0
MTUS,2026-02-28,,0,,0
MTVA,2026-01-31,,0,,0
MTVA,2026-02-28,,0,,0
MTW,2026-01-31,,0,,0
MTW,2026-02-28,,0,,0
MTX,2026-01-31,,0,,0
MTX,2026-02-28,,0,,0
MTZ,2026-01-31,,0,,0
MTZ,2026-02-28,,0,,0
MU,2026-01-31,,0,,0
MU,2026-02-28,,0,,0
MUA,2026-01-31,,0,,0
MUA,2026-02-28,,0,,0
MUC,2026-01-31,,0,,0
MUC,2026-02-28,,0,,0
MUFG,2026-01-31,,0,,0
MUFG,2026-02-28,,0,,0
MUJ,2026-01-31,,0,,0
MUJ,2026-02-28,,0,,0
MUR,2026-01-31,,0,,0
MUR,2026-02-28,,0,,0
MUSA,2026-01-31,,0,,0
MUSA,2026-02-28,,0,,0
MUX,2026-01-31,2026-05-19,1,,0
MUX,2026-02-28,2026-05-19,1,,0
MUZE,2026-01-31,,0,,0
MUZE,2026-02-28,,0,,0
MUZEU,2026-01-31,,0,,0
MUZEU,2026-02-28,,0,,0
MUZEW,2026-01-31,,0,,0
MUZEW,2026-02-28,,0,,0
MVBF,2026-01-31,,0,,0
MVBF,2026-02-28,,0,,0
MVIS,2026-01-31,,0,,0
MVIS,2026-02-28,,0,,0
MVO,2026-01-31,,0,,0
MVO,2026-02-28,,0,,0
MVRL,2026-01-31,,0,,0
MVRL,2026-02-28,,0,,0
MVST,2026-01-31,,0,,0
MVST,2026-02-28,,0,,0
MVSTW,2026-01-31,,0,,0
MVSTW,2026-02-28,,0,,0
MWA,2026-01-31,,0,,0
MWA,2026-02-28,,0,,0
MWC,2026-01-31,,0,,0
MWC,2026-02-28,,0,,0
MWG,2026-01-31,,0,,0
MWG,2026-02-28,,0,,0
MWH,2026-01-31,,0,,0
MWH,2026-02-28,,0,,0
MWYN,2026-01-31,,0,,0
MWYN,2026-02-28,,0,,0
MX,2026-01-31,,0,,0
MX,2026-02-28,,0,,0
MXC,2026-01-31,,0,,0
MXC,2026-02-28,,0,,0
MXCT,2026-01-31,,0,,0
MXCT,2026-02-28,,0,,0
MXE,2026-01-31,,0,,0
MXE,2026-02-28,,0,,0
MXF,2026-01-31,,0,,0
MXF,2026-02-28,,0,,0
MXL,2026-01-31,,0,,0
MXL,2026-02-28,,0,,0
MYE,2026-01-31,,0,,0
MYE,2026-02-28,,0,,0
MYFW,2026-01-31,,0,,0
MYFW,2026-02-28,,0,,0
MYGN,2026-01-31,,0,,0
MYGN,2026-02-28,,0,,0
MYI,2026-01-31,,0,,0
MYI,2026-02-28,,0,,0
MYN,2026-01-31,,0,,0
MYN,2026-02-28,,0,,0
MYND,2026-01-31,,0,,0
MYND,2026-02-28,,0,,0
MYO,2026-01-31,,0,,0
MYO,2026-02-28,,0,,0
MYPS,2026-01-31,,0,,0
MYPS,2026-02-28,,0,,0
MYPSW,2026-01-31,,0,,0
MYPSW,2026-02-28,,0,,0
MYRG,2026-01-31,,0,,0
MYRG,2026-02-28,,0,,0
MYSE,2026-01-31,,0,,0
MYSE,2026-02-28,,0,,0
MYSEW,2026-01-31,,0,,0
MYSEW,2026-02-28,,0,,0
MYSZ,2026-01-31,,0,,0
MYSZ,2026-02-28,,0,,0
MYX,2026-01-31,,0,,0
MYX,2026-02-28,,0,,0
MYXXR,2026-01-31,,0,,0
MYXXR,2026-02-28,,0,,0
MYXXU,2026-01-31,,0,,0
MYXXU,2026-02-28,,0,,0
MYXXW,2026-01-31,,0,,0
MYXXW,2026-02-28,,0,,0
MZTI,2026-01-31,,0,,0
MZTI,2026-02-28,,0,,0
MZYX,2026-01-31,,0,,0
MZYX,2026-02-28,,0,,0
MZYX.UN,2026-01-31,,0,,0
MZYX.UN,2026-02-28,,0,,0
MZYX.WT,2026-01-31,,0,,0
MZYX.WT,2026-02-28,,0,,0
NAAS,2026-01-31,,0,,0
NAAS,2026-02-28,,0,,0
NABL,2026-01-31,,0,,0
NABL,2026-02-28,,0,,0
NAC,2026-01-31,,0,,0
NAC,2026-02-28,,0,,0
NAD,2026-01-31,,0,,0
NAD,2026-02-28,,0,,0
NAGE,2026-01-31,,0,,0
NAGE,2026-02-28,,0,,0
NAII,2026-01-31,,0,,0
NAII,2026-02-28,,0,,0
NAK,2026-01-31,,0,,0
NAK,2026-02-28,,0,,0
NAKA,2026-01-31,,0,,0
NAKA,2026-02-28,,0,,0
NAMI,2026-01-31,,0,,0
NAMI,2026-02-28,,0,,0
NAMM,2026-01-31,,0,,0
NAMM,2026-02-28,,0,,0
NAMMW,2026-01-31,,0,,0
NAMMW,2026-02-28,,0,,0
NAMS,2026-01-31,,0,,0
NAMS,2026-02-28,,0,,0
NAMSW,2026-01-31,,0,,0
NAMSW,2026-02-28,,0,,0
NAT,2026-01-31,,0,,0
NAT,2026-02-28,,0,,0
NATH,2026-01-31,,0,,0
NATH,2026-02-28,,0,,0
NATL,2026-01-31,2026-02-26,1,,0
NATL,2026-02-28,,0,,0
NATR,2026-01-31,,0,,0
NATR,2026-02-28,,0,,0
NAUT,2026-01-31,,0,,0
NAUT,2026-02-28,,0,,0
NAVI,2026-01-31,,0,,0
NAVI,2026-02-28,,0,,0
NAVN,2026-01-31,,0,,0
NAVN,2026-02-28,,0,,0
NAZ,2026-01-31,,0,,0
NAZ,2026-02-28,,0,,0
NB,2026-01-31,,0,,0
NB,2026-02-28,,0,,0
NBB,2026-01-31,,0,,0
NBB,2026-02-28,,0,,0
NBBK,2026-01-31,,0,,0
NBBK,2026-02-28,,0,,0
NBH,2026-01-31,,0,,0
NBH,2026-02-28,,0,,0
NBHC,2026-01-31,,0,,0
NBHC,2026-02-28,,0,,0
NBIS,2026-01-31,,0,,0
NBIS,2026-02-28,,0,,0
NBIX,2026-01-31,,0,,0
NBIX,2026-02-28,,0,,0
NBP,2026-01-31,,0,,0
NBP,2026-02-28,,0,,0
NBR,2026-01-31,,0,,0
NBR,2026-02-28,,0,,0
NBRG,2026-01-31,,0,,0
NBRG,2026-02-28,,0,,0
NBRGR,2026-01-31,,0,,0
NBRGR,2026-02-28,,0,,0
NBRGU,2026-01-31,,0,,0
NBRGU,2026-02-28,,0,,0
NBTB,2026-01-31,,0,,0
NBTB,2026-02-28,,0,,0
NBTX,2026-01-31,,0,,0
NBTX,2026-02-28,,0,,0
NBXG,2026-01-31,,0,,0
NBXG,2026-02-28,,0,,0
NC,2026-01-31,,0,,0
NC,2026-02-28,,0,,0
NCA,2026-01-31,,0,,0
NCA,2026-02-28,,0,,0
NCDL,2026-01-31,,0,,0
NCDL,2026-02-28,,0,,0
NCEL,2026-01-31,,0,,0
NCEL,2026-02-28,,0,,0
NCEW,2026-01-31,,0,,0
NCEW,2026-02-28,,0,,0
NCI,2026-01-31,,0,,0
NCI,2026-02-28,,0,,0
NCIQ,2026-01-31,,0,,0
NCIQ,2026-02-28,,0,,0
NCL,2026-01-31,,0,,0
NCL,2026-02-28,,0,,0
NCLH,2026-01-31,,0,,0
NCLH,2026-02-28,,0,,0
NCMI,2026-01-31,,0,,0
NCMI,2026-02-28,,0,,0
NCNA,2026-01-31,,0,,0
NCNA,2026-02-28,,0,,0
NCNO,2026-01-31,,0,,0
NCNO,2026-02-28,,0,,0
NCPL,2026-01-31,,0,,0
NCPL,2026-02-28,,0,,0
NCPLW,2026-01-31,,0,,0
NCPLW,2026-02-28,,0,,0
NCRA,2026-01-31,,0,,0
NCRA,2026-02-28,,0,,0
NCSM,2026-01-31,2026-06-01,1,,0
NCSM,2026-02-28,2026-06-01,1,,0
NCT,2026-01-31,,0,,0
NCT,2026-02-28,,0,,0
NCTY,2026-01-31,,0,,0
NCTY,2026-02-28,,0,,0
NCV,2026-01-31,,0,,0
NCV,2026-02-28,,0,,0
NCV.PA,2026-01-31,,0,,0
NCV.PA,2026-02-28,,0,,0
NCZ,2026-01-31,,0,,0
NCZ,2026-02-28,,0,,0
NCZ.PA,2026-01-31,,0,,0
NCZ.PA,2026-02-28,,0,,0
NDAQ,2026-01-31,,0,,0
NDAQ,2026-02-28,,0,,0
NDLS,2026-01-31,,0,,0
NDLS,2026-02-28,,0,,0
NDMO,2026-01-31,,0,,0
NDMO,2026-02-28,,0,,0
NDRA,2026-01-31,,0,,0
NDRA,2026-02-28,,0,,0
NDSN,2026-01-31,,0,,0
NDSN,2026-02-28,,0,,0
NE,2026-01-31,,0,,0
NE,2026-02-28,,0,,0
NE.WT,2026-01-31,,0,,0
NE.WT,2026-02-28,,0,,0
NE.WTA,2026-01-31,,0,,0
NE.WTA,2026-02-28,,0,,0
NEA,2026-01-31,,0,,0
NEA,2026-02-28,,0,,0
NECB,2026-01-31,,0,,0
NECB,2026-02-28,,0,,0
NEE,2026-01-31,,0,2026-05-18,1
NEE,2026-02-28,,0,2026-05-18,1
NEE.PN,2026-01-31,,0,,0
NEE.PN,2026-02-28,,0,,0
NEE.PS,2026-01-31,,0,,0
NEE.PS,2026-02-28,,0,,0
NEE.PT,2026-01-31,,0,,0
NEE.PT,2026-02-28,,0,,0
NEE.PU,2026-01-31,,0,,0
NEE.PU,2026-02-28,,0,,0
NEE.PV,2026-01-31,,0,,0
NEE.PV,2026-02-28,,0,,0
NEE.PW,2026-01-31,,0,,0
NEE.PW,2026-02-28,,0,,0
NEGG,2026-01-31,,0,,0
NEGG,2026-02-28,,0,,0
NEM,2026-01-31,,0,,0
NEM,2026-02-28,,0,,0
NEN,2026-01-31,,0,,0
NEN,2026-02-28,,0,,0
NEO,2026-01-31,,0,,0
NEO,2026-02-28,,0,,0
NEOG,2026-01-31,,0,,0
NEOG,2026-02-28,,0,,0
NEON,2026-01-31,,0,,0
NEON,2026-02-28,,0,,0
NEOV,2026-01-31,,0,,0
NEOV,2026-02-28,,0,,0
NEOVW,2026-01-31,,0,,0
NEOVW,2026-02-28,,0,,0
NEPH,2026-01-31,,0,,0
NEPH,2026-02-28,,0,,0
NERV,2026-01-31,,0,,0
NERV,2026-02-28,,0,,0
NESR,2026-01-31,,0,,0
NESR,2026-02-28,,0,,0
NET,2026-01-31,,0,,0
NET,2026-02-28,,0,,0
NEU,2026-01-31,,0,,0
NEU,2026-02-28,,0,,0
NEUP,2026-01-31,,0,,0
NEUP,2026-02-28,,0,,0
NEWP,2026-01-31,,0,,0
NEWP,2026-02-28,,0,,0
NEWT,2026-01-31,,0,,0
NEWT,2026-02-28,,0,,0
NEWTG,2026-01-31,,0,,0
NEWTG,2026-02-28,,0,,0
NEWTH,2026-01-31,,0,,0
NEWTH,2026-02-28,,0,,0
NEWTI,2026-01-31,,0,,0
NEWTI,2026-02-28,,0,,0
NEWTO,2026-01-31,,0,,0
NEWTO,2026-02-28,,0,,0
NEWTP,2026-01-31,,0,,0
NEWTP,2026-02-28,,0,,0
NEXA,2026-01-31,,0,,0
NEXA,2026-02-28,,0,,0
NEXM,2026-01-31,,0,,0
NEXM,2026-02-28,,0,,0
NEXN,2026-01-31,,0,,0
NEXN,2026-02-28,,0,,0
NEXR,2026-01-31,,0,,0
NEXR,2026-02-28,,0,,0
NEXRW,2026-01-31,,0,,0
NEXRW,2026-02-28,,0,,0
NEXT,2026-01-31,,0,,0
NEXT,2026-02-28,,0,,0
NFBK,2026-01-31,2026-02-02,1,,0
NFBK,2026-02-28,,0,,0
NFE,2026-01-31,,0,,0
NFE,2026-02-28,,0,,0
NFG,2026-01-31,,0,,0
NFG,2026-02-28,,0,,0
NFGC,2026-01-31,,0,,0
NFGC,2026-02-28,,0,,0
NFJ,2026-01-31,,0,,0
NFJ,2026-02-28,,0,,0
NFLX,2026-01-31,,0,,0
NFLX,2026-02-28,,0,,0
NG,2026-01-31,,0,,0
NG,2026-02-28,,0,,0
NGEN,2026-01-31,,0,,0
NGEN,2026-02-28,,0,,0
NGG,2026-01-31,,0,,0
NGG,2026-02-28,,0,,0
NGL,2026-01-31,,0,,0
NGL,2026-02-28,,0,,0
NGL.PB,2026-01-31,,0,,0
NGL.PB,2026-02-28,,0,,0
NGL.PC,2026-01-31,,0,,0
NGL.PC,2026-02-28,,0,,0
NGNE,2026-01-31,,0,,0
NGNE,2026-02-28,,0,,0
NGS,2026-01-31,,0,,0
NGS,2026-02-28,,0,,0
NGVC,2026-01-31,,0,,0
NGVC,2026-02-28,,0,,0
NGVT,2026-01-31,,0,,0
NGVT,2026-02-28,,0,,0
NHC,2026-01-31,,0,,0
NHC,2026-02-28,,0,,0
NHI,2026-01-31,,0,,0
NHI,2026-02-28,,0,,0
NHIC,2026-01-31,2026-05-27,1,,0
NHIC,2026-02-28,2026-05-27,1,,0
NHICU,2026-01-31,,0,,0
NHICU,2026-02-28,,0,,0
NHICW,2026-01-31,,0,,0
NHICW,2026-02-28,,0,,0
NHIV,2026-01-31,,0,,0
NHIV,2026-02-28,,0,,0
NHIVU,2026-01-31,,0,,0
NHIVU,2026-02-28,,0,,0
NHIVW,2026-01-31,,0,,0
NHIVW,2026-02-28,,0,,0
NHP,2026-01-31,,0,,0
NHP,2026-02-28,,0,,0
NHPAP,2026-01-31,,0,,0
NHPAP,2026-02-28,,0,,0
NHPBP,2026-01-31,,0,,0
NHPBP,2026-02-28,,0,,0
NHS,2026-01-31,,0,,0
NHS,2026-02-28,,0,,0
NHTC,2026-01-31,,0,,0
NHTC,2026-02-28,,0,,0
NI,2026-01-31,,0,,0
NI,2026-02-28,,0,,0
NIC,2026-01-31,,0,,0
NIC,2026-02-28,,0,,0
NICE,2026-01-31,,0,,0
NICE,2026-02-28,,0,,0
NICM,2026-01-31,,0,,0
NICM,2026-02-28,,0,,0
NIE,2026-01-31,,0,,0
NIE,2026-02-28,,0,,0
NIM,2026-01-31,,0,,0
NIM,2026-02-28,,0,,0
NINE,2026-01-31,,0,,0
NINE,2026-02-28,,0,,0
NIO,2026-01-31,,0,,0
NIO,2026-02-28,,0,,0
NIOBW,2026-01-31,,0,,0
NIOBW,2026-02-28,,0,,0
NIPG,2026-01-31,,0,,0
NIPG,2026-02-28,,0,,0
NIQ,2026-01-31,,0,,0
NIQ,2026-02-28,,0,,0
NIU,2026-01-31,,0,,0
NIU,2026-02-28,,0,,0
NIVF,2026-01-31,,0,,0
NIVF,2026-02-28,,0,,0
NIVFW,2026-01-31,,0,,0
NIVFW,2026-02-28,,0,,0
NIXX,2026-01-31,,0,,0
NIXX,2026-02-28,,0,,0
NIXXW,2026-01-31,,0,,0
NIXXW,2026-02-28,,0,,0
NJR,2026-01-31,,0,,0
NJR,2026-02-28,,0,,0
NKE,2026-01-31,,0,,0
NKE,2026-02-28,,0,,0
NKLR,2026-01-31,,0,,0
NKLR,2026-02-28,,0,,0
NKSH,2026-01-31,,0,,0
NKSH,2026-02-28,,0,,0
NKTR,2026-01-31,,0,,0
NKTR,2026-02-28,,0,,0
NKTX,2026-01-31,,0,,0
NKTX,2026-02-28,,0,,0
NKX,2026-01-31,,0,,0
NKX,2026-02-28,,0,,0
NL,2026-01-31,,0,,0
NL,2026-02-28,,0,,0
NLOP,2026-01-31,,0,,0
NLOP,2026-02-28,,0,,0
NLY,2026-01-31,,0,,0
NLY,2026-02-28,,0,,0
NLY.PF,2026-01-31,,0,,0
NLY.PF,2026-02-28,,0,,0
NLY.PG,2026-01-31,,0,,0
NLY.PG,2026-02-28,,0,,0
NLY.PI,2026-01-31,,0,,0
NLY.PI,2026-02-28,,0,,0
NLY.PJ,2026-01-31,,0,,0
NLY.PJ,2026-02-28,,0,,0
NMAI,2026-01-31,,0,,0
NMAI,2026-02-28,,0,,0
NMAX,2026-01-31,,0,,0
NMAX,2026-02-28,,0,,0
NMCO,2026-01-31,,0,,0
NMCO,2026-02-28,,0,,0
NMFC,2026-01-31,,0,,0
NMFC,2026-02-28,,0,,0
NMFCZ,2026-01-31,,0,,0
NMFCZ,2026-02-28,,0,,0
NMG,2026-01-31,,0,,0
NMG,2026-02-28,,0,,0
NMI,2026-01-31,,0,,0
NMI,2026-02-28,,0,,0
NMIH,2026-01-31,,0,,0
NMIH,2026-02-28,,0,,0
NML,2026-01-31,,0,,0
NML,2026-02-28,,0,,0
NMM,2026-01-31,,0,,0
NMM,2026-02-28,,0,,0
NMP,2026-01-31,,0,,0
NMP,2026-02-28,,0,,0
NMPAR,2026-01-31,,0,,0
NMPAR,2026-02-28,,0,,0
NMPAU,2026-01-31,,0,,0
NMPAU,2026-02-28,,0,,0
NMR,2026-01-31,,0,,0
NMR,2026-02-28,,0,,0
NMRA,2026-01-31,,0,,0
NMRA,2026-02-28,,0,,0
NMRK,2026-01-31,,0,,0
NMRK,2026-02-28,,0,,0
NMS,2026-01-31,,0,,0
NMS,2026-02-28,,0,,0
NMT,2026-01-31,,0,,0
NMT,2026-02-28,,0,,0
NMTC,2026-01-31,,0,,0
NMTC,2026-02-28,,0,,0
NMZ,2026-01-31,,0,,0
NMZ,2026-02-28,,0,,0
NN,2026-01-31,,0,,0
NN,2026-02-28,,0,,0
NNAVW,2026-01-31,,0,,0
NNAVW,2026-02-28,,0,,0
NNBR,2026-01-31,,0,,0
NNBR,2026-02-28,,0,,0
NNDM,2026-01-31,,0,,0
NNDM,2026-02-28,,0,,0
NNE,2026-01-31,,0,,0
NNE,2026-02-28,,0,,0
NNI,2026-01-31,,0,,0
NNI,2026-02-28,,0,,0
NNN,2026-01-31,,0,,0
NNN,2026-02-28,,0,,0
NNNN,2026-01-31,,0,,0
NNNN,2026-02-28,,0,,0
NNOX,2026-01-31,,0,,0
NNOX,2026-02-28,,0,,0
NNVC,2026-01-31,,0,,0
NNVC,2026-02-28,,0,,0
NNY,2026-01-31,,0,,0
NNY,2026-02-28,,0,,0
NOA,2026-01-31,,0,,0
NOA,2026-02-28,,0,,0
NOAH,2026-01-31,,0,,0
NOAH,2026-02-28,,0,,0
NOC,2026-01-31,,0,,0
NOC,2026-02-28,,0,,0
NODK,2026-01-31,,0,,0
NODK,2026-02-28,,0,,0
NOEM,2026-01-31,,0,,0
NOEM,2026-02-28,,0,,0
NOEMR,2026-01-31,,0,,0
NOEMR,2026-02-28,,0,,0
NOEMU,2026-01-31,,0,,0
NOEMU,2026-02-28,,0,,0
NOEMW,2026-01-31,,0,,0
NOEMW,2026-02-28,,0,,0
NOG,2026-01-31,,0,,0
NOG,2026-02-28,,0,,0
NOK,2026-01-31,,0,,0
NOK,2026-02-28,,0,,0
NOMA,2026-01-31,,0,,0
NOMA,2026-02-28,,0,,0
NOMD,2026-01-31,,0,,0
NOMD,2026-02-28,,0,,0
NOTV,2026-01-31,,0,,0
NOTV,2026-02-28,,0,,0
NOV,2026-01-31,,0,,0
NOV,2026-02-28,,0,,0
NOVT,2026-01-31,,0,,0
NOVT,2026-02-28,,0,,0
NOVTU,2026-01-31,,0,,0
NOVTU,2026-02-28,,0,,0
NOW,2026-01-31,,0,,0
NOW,2026-02-28,,0,,0
NP,2026-01-31,,0,,0
NP,2026-02-28,,0,,0
NPAC,2026-01-31,2026-03-16,1,,0
NPAC,2026-02-28,2026-03-16,1,,0
NPACU,2026-01-31,,0,,0
NPACU,2026-02-28,,0,,0
NPACW,2026-01-31,,0,,0
NPACW,2026-02-28,,0,,0
NPB,2026-01-31,,0,,0
NPB,2026-02-28,,0,,0
NPCE,2026-01-31,,0,,0
NPCE,2026-02-28,,0,,0
NPCT,2026-01-31,,0,,0
NPCT,2026-02-28,,0,,0
NPFD,2026-01-31,,0,,0
NPFD,2026-02-28,,0,,0
NPK,2026-01-31,,0,,0
NPK,2026-02-28,,0,,0
NPKI,2026-01-31,,0,,0
NPKI,2026-02-28,,0,,0
NPO,2026-01-31,,0,,0
NPO,2026-02-28,,0,,0
NPT,2026-01-31,,0,,0
NPT,2026-02-28,,0,,0
NPV,2026-01-31,,0,,0
NPV,2026-02-28,,0,,0
NPWR,2026-01-31,,0,,0
NPWR,2026-02-28,,0,,0
NPWR.WT,2026-01-31,,0,,0
NPWR.WT,2026-02-28,,0,,0
NRC,2026-01-31,,0,,0
NRC,2026-02-28,,0,,0
NRDS,2026-01-31,,0,,0
NRDS,2026-02-28,,0,,0
NRDY,2026-01-31,,0,,0
NRDY,2026-02-28,,0,,0
NREF,2026-01-31,,0,,0
NREF,2026-02-28,,0,,0
NREF.PA,2026-01-31,,0,,0
NREF.PA,2026-02-28,,0,,0
NRG,2026-01-31,,0,,0
NRG,2026-02-28,,0,,0
NRGD,2026-01-31,,0,,0
NRGD,2026-02-28,,0,,0
NRGU,2026-01-31,,0,,0
NRGU,2026-02-28,,0,,0
NRGV,2026-01-31,,0,,0
NRGV,2026-02-28,,0,,0
NRIM,2026-01-31,,0,,0
NRIM,2026-02-28,,0,,0
NRIX,2026-01-31,,0,,0
NRIX,2026-02-28,,0,,0
NRK,2026-01-31,,0,,0
NRK,2026-02-28,,0,,0
NRO,2026-01-31,,0,,0
NRO,2026-02-28,,0,,0
NRP,2026-01-31,,0,,0
NRP,2026-02-28,,0,,0
NRSN,2026-01-31,,0,,0
NRSN,2026-02-28,,0,,0
NRSNW,2026-01-31,,0,,0
NRSNW,2026-02-28,,0,,0
NRT,2026-01-31,,0,,0
NRT,2026-02-28,,0,,0
NRUC,2026-01-31,,0,,0
NRUC,2026-02-28,,0,,0
NRXP,2026-01-31,,0,,0
NRXP,2026-02-28,,0,,0
NRXS,2026-01-31,,0,,0
NRXS,2026-02-28,,0,,0
NSA,2026-01-31,2026-03-16,1,,0
NSA,2026-02-28,2026-03-16,1,,0
NSA.PA,2026-01-31,,0,,0
NSA.PA,2026-02-28,,0,,0
NSA.PB,2026-01-31,,0,,0
NSA.PB,2026-02-28,,0,,0
NSC,2026-01-31,,0,,0
NSC,2026-02-28,,0,,0
NSIT,2026-01-31,,0,,0
NSIT,2026-02-28,,0,,0
NSP,2026-01-31,,0,,0
NSP,2026-02-28,,0,,0
NSPR,2026-01-31,,0,,0
NSPR,2026-02-28,,0,,0
NSRX,2026-01-31,,0,,0
NSRX,2026-02-28,,0,,0
NSSC,2026-01-31,,0,,0
NSSC,2026-02-28,,0,,0
NSTS,2026-01-31,2026-05-12,1,,0
NSTS,2026-02-28,2026-05-12,1,,0
NSYS,2026-01-31,,0,,0
NSYS,2026-02-28,,0,,0
NTAP,2026-01-31,,0,,0
NTAP,2026-02-28,,0,,0
NTB,2026-01-31,,0,,0
NTB,2026-02-28,,0,,0
NTCL,2026-01-31,,0,,0
NTCL,2026-02-28,,0,,0
NTCT,2026-01-31,,0,,0
NTCT,2026-02-28,,0,,0
NTES,2026-01-31,,0,,0
NTES,2026-02-28,,0,,0
NTGR,2026-01-31,,0,,0
NTGR,2026-02-28,,0,,0
NTHI,2026-01-31,,0,,0
NTHI,2026-02-28,,0,,0
NTIC,2026-01-31,,0,,0
NTIC,2026-02-28,,0,,0
NTIP,2026-01-31,,0,,0
NTIP,2026-02-28,,0,,0
NTLA,2026-01-31,,0,,0
NTLA,2026-02-28,,0,,0
NTNX,2026-01-31,,0,,0
NTNX,2026-02-28,,0,,0
NTR,2026-01-31,,0,,0
NTR,2026-02-28,,0,,0
NTRA,2026-01-31,,0,,0
NTRA,2026-02-28,,0,,0
NTRB,2026-01-31,,0,,0
NTRB,2026-02-28,,0,,0
NTRBW,2026-01-31,,0,,0
NTRBW,2026-02-28,,0,,0
NTRP,2026-01-31,,0,,0
NTRP,2026-02-28,,0,,0
NTRS,2026-01-31,,0,,0
NTRS,2026-02-28,,0,,0
NTRSO,2026-01-31,,0,,0
NTRSO,2026-02-28,,0,,0
NTSK,2026-01-31,,0,,0
NTSK,2026-02-28,,0,,0
NTST,2026-01-31,,0,,0
NTST,2026-02-28,,0,,0
NTWK,2026-01-31,,0,,0
NTWK,2026-02-28,,0,,0
NTWO,2026-01-31,,0,,0
NTWO,2026-02-28,,0,,0
NTWOU,2026-01-31,,0,,0
NTWOU,2026-02-28,,0,,0
NTWOW,2026-01-31,,0,,0
NTWOW,2026-02-28,,0,,0
NTZ,2026-01-31,,0,,0
NTZ,2026-02-28,,0,,0
NU,2026-01-31,,0,,0
NU,2026-02-28,,0,,0
NUAI,2026-01-31,,0,,0
NUAI,2026-02-28,,0,,0
NUAIW,2026-01-31,,0,,0
NUAIW,2026-02-28,,0,,0
NUCL,2026-01-31,,0,,0
NUCL,2026-02-28,,0,,0
NUCLW,2026-01-31,,0,,0
NUCLW,2026-02-28,,0,,0
NUE,2026-01-31,,0,,0
NUE,2026-02-28,,0,,0
NUS,2026-01-31,,0,,0
NUS,2026-02-28,,0,,0
NUTR,2026-01-31,,0,,0
NUTR,2026-02-28,,0,,0
NUTX,2026-01-31,,0,,0
NUTX,2026-02-28,,0,,0
NUV,2026-01-31,,0,,0
NUV,2026-02-28,,0,,0
NUVB,2026-01-31,,0,,0
NUVB,2026-02-28,,0,,0
NUVL,2026-01-31,2026-06-09,1,,0
NUVL,2026-02-28,2026-06-09,1,,0
NUW,2026-01-31,,0,,0
NUW,2026-02-28,,0,,0
NUWE,2026-01-31,,0,,0
NUWE,2026-02-28,,0,,0
NVA,2026-01-31,,0,,0
NVA,2026-02-28,,0,,0
NVAWW,2026-01-31,,0,,0
NVAWW,2026-02-28,,0,,0
NVAX,2026-01-31,,0,,0
NVAX,2026-02-28,,0,,0
NVCR,2026-01-31,,0,,0
NVCR,2026-02-28,,0,,0
NVCT,2026-01-31,,0,,0
NVCT,2026-02-28,,0,,0
NVDA,2026-01-31,,0,,0
NVDA,2026-02-28,,0,,0
NVEC,2026-01-31,,0,,0
NVEC,2026-02-28,,0,,0
NVG,2026-01-31,,0,,0
NVG,2026-02-28,,0,,0
NVGS,2026-01-31,,0,,0
NVGS,2026-02-28,,0,,0
NVMI,2026-01-31,,0,,0
NVMI,2026-02-28,,0,,0
NVNI,2026-01-31,,0,,0
NVNI,2026-02-28,,0,,0
NVNIW,2026-01-31,,0,,0
NVNIW,2026-02-28,,0,,0
NVNO,2026-01-31,,0,,0
NVNO,2026-02-28,,0,,0
NVO,2026-01-31,,0,,0
NVO,2026-02-28,,0,,0
NVR,2026-01-31,,0,,0
NVR,2026-02-28,,0,,0
NVRI,2026-01-31,,0,,0
NVRI,2026-02-28,,0,,0
NVS,2026-01-31,,0,,0
NVS,2026-02-28,,0,,0
NVST,2026-01-31,,0,,0
NVST,2026-02-28,,0,,0
NVT,2026-01-31,,0,,0
NVT,2026-02-28,,0,,0
NVTS,2026-01-31,,0,,0
NVTS,2026-02-28,,0,,0
NVVE,2026-01-31,,0,,0
NVVE,2026-02-28,,0,,0
NVX,2026-01-31,,0,,0
NVX,2026-02-28,,0,,0
NWAX,2026-01-31,,0,,0
NWAX,2026-02-28,,0,,0
NWAX.UN,2026-01-31,,0,,0
NWAX.UN,2026-02-28,,0,,0
NWAX.WT,2026-01-31,,0,,0
NWAX.WT,2026-02-28,,0,,0
NWBI,2026-01-31,,0,,0
NWBI,2026-02-28,,0,,0
NWE,2026-01-31,,0,,0
NWE,2026-02-28,,0,,0
NWFL,2026-01-31,,0,,0
NWFL,2026-02-28,,0,,0
NWG,2026-01-31,,0,,0
NWG,2026-02-28,,0,,0
NWGL,2026-01-31,,0,,0
NWGL,2026-02-28,,0,,0
NWL,2026-01-31,,0,,0
NWL,2026-02-28,,0,,0
NWN,2026-01-31,,0,,0
NWN,2026-02-28,,0,,0
NWPX,2026-01-31,,0,,0
NWPX,2026-02-28,,0,,0
NWS,2026-01-31,,0,,0
NWS,2026-02-28,,0,,0
NWSA,2026-01-31,,0,,0
NWSA,2026-02-28,,0,,0
NWTG,2026-01-31,,0,,0
NWTG,2026-02-28,,0,,0
NX,2026-01-31,,0,,0
NX,2026-02-28,,0,,0
NXB,2026-01-31,,0,,0
NXB,2026-02-28,,0,,0
NXDR,2026-01-31,,0,,0
NXDR,2026-02-28,,0,,0
NXDT,2026-01-31,,0,,0
NXDT,2026-02-28,,0,,0
NXDT.PA,2026-01-31,,0,,0
NXDT.PA,2026-02-28,,0,,0
NXE,2026-01-31,,0,,0
NXE,2026-02-28,,0,,0
NXG,2026-01-31,,0,,0
NXG,2026-02-28,,0,,0
NXGL,2026-01-31,,0,,0
NXGL,2026-02-28,,0,,0
NXGLW,2026-01-31,,0,,0
NXGLW,2026-02-28,,0,,0
NXL,2026-01-31,,0,,0
NXL,2026-02-28,,0,,0
NXP,2026-01-31,,0,,0
NXP,2026-02-28,,0,,0
NXPI,2026-01-31,,0,,0
NXPI,2026-02-28,,0,,0
NXPL,2026-01-31,,0,,0
NXPL,2026-02-28,,0,,0
NXPLW,2026-01-31,,0,,0
NXPLW,2026-02-28,,0,,0
NXRT,2026-01-31,,0,,0
NXRT,2026-02-28,,0,,0
NXST,2026-01-31,,0,,0
NXST,2026-02-28,,0,,0
NXT,2026-01-31,,0,,0
NXT,2026-02-28,,0,,0
NXTC,2026-01-31,,0,,0
NXTC,2026-02-28,,0,,0
NXTS,2026-01-31,,0,,0
NXTS,2026-02-28,,0,,0
NXTT,2026-01-31,,0,,0
NXTT,2026-02-28,,0,,0
NXXT,2026-01-31,,0,,0
NXXT,2026-02-28,,0,,0
NYAX,2026-01-31,,0,,0
NYAX,2026-02-28,,0,,0
NYC,2026-01-31,,0,,0
NYC,2026-02-28,,0,,0
NYT,2026-01-31,,0,,0
NYT,2026-02-28,,0,,0
NYXH,2026-01-31,,0,,0
NYXH,2026-02-28,,0,,0
NZF,2026-01-31,,0,,0
NZF,2026-02-28,,0,,0
O,2026-01-31,,0,,0
O,2026-02-28,,0,,0
OABI,2026-01-31,,0,,0
OABI,2026-02-28,,0,,0
OABIW,2026-01-31,,0,,0
OABIW,2026-02-28,,0,,0
OACC,2026-01-31,,0,,0
OACC,2026-02-28,,0,,0
OACCU,2026-01-31,,0,,0
OACCU,2026-02-28,,0,,0
OACCW,2026-01-31,,0,,0
OACCW,2026-02-28,,0,,0
OAK.PA,2026-01-31,,0,,0
OAK.PA,2026-02-28,,0,,0
OAK.PB,2026-01-31,,0,,0
OAK.PB,2026-02-28,,0,,0
OBA,2026-01-31,,0,,0
OBA,2026-02-28,,0,,0
OBAI,2026-01-31,,0,,0
OBAI,2026-02-28,,0,,0
OBAWU,2026-01-31,,0,,0
OBAWU,2026-02-28,,0,,0
OBAWW,2026-01-31,,0,,0
OBAWW,2026-02-28,,0,,0
OBDC,2026-01-31,,0,,0
OBDC,2026-02-28,,0,,0
OBE,2026-01-31,,0,,0
OBE,2026-02-28,,0,,0
OBIO,2026-01-31,,0,,0
OBIO,2026-02-28,,0,,0
OBK,2026-01-31,,0,,0
OBK,2026-02-28,,0,,0
OBT,2026-01-31,,0,,0
OBT,2026-02-28,,0,,0
OBTC,2026-01-31,,0,,0
OBTC,2026-02-28,,0,,0
OC,2026-01-31,,0,,0
OC,2026-02-28,,0,,0
OCAC.UN,2026-01-31,,0,,0
OCAC.UN,2026-02-28,,0,,0
OCC,2026-01-31,,0,,0
OCC,2026-02-28,,0,,0
OCCI,2026-01-31,,0,,0
OCCI,2026-02-28,,0,,0
OCCIM,2026-01-31,,0,,0
OCCIM,2026-02-28,,0,,0
OCCIN,2026-01-31,,0,,0
OCCIN,2026-02-28,,0,,0
OCFC,2026-01-31,,0,,0
OCFC,2026-02-28,,0,,0
OCG,2026-01-31,,0,,0
OCG,2026-02-28,,0,,0
OCGN,2026-01-31,,0,,0
OCGN,2026-02-28,,0,,0
OCS,2026-01-31,,0,,0
OCS,2026-02-28,,0,,0
OCSAW,2026-01-31,,0,,0
OCSAW,2026-02-28,,0,,0
OCSL,2026-01-31,,0,,0
OCSL,2026-02-28,,0,,0
OCTV,2026-01-31,,0,,0
OCTV,2026-02-28,,0,,0
OCUL,2026-01-31,,0,,0
OCUL,2026-02-28,,0,,0
ODC,2026-01-31,,0,,0
ODC,2026-02-28,,0,,0
ODD,2026-01-31,,0,,0
ODD,2026-02-28,,0,,0
ODFL,2026-01-31,,0,,0
ODFL,2026-02-28,,0,,0
ODTX,2026-01-31,,0,,0
ODTX,2026-02-28,,0,,0
ODV,2026-01-31,,0,,0
ODV,2026-02-28,,0,,0
ODVWZ,2026-01-31,,0,,0
ODVWZ,2026-02-28,,0,,0
ODYS,2026-01-31,,0,,0
ODYS,2026-02-28,,0,,0
OEC,2026-01-31,,0,,0
OEC,2026-02-28,,0,,0
OESX,2026-01-31,,0,,0
OESX,2026-02-28,,0,,0
OFAL,2026-01-31,,0,,0
OFAL,2026-02-28,,0,,0
OFG,2026-01-31,,0,,0
OFG,2026-02-28,,0,,0
OFIX,2026-01-31,,0,,0
OFIX,2026-02-28,,0,,0
OFLX,2026-01-31,,0,,0
OFLX,2026-02-28,,0,,0
OFRM,2026-01-31,,0,,0
OFRM,2026-02-28,,0,,0
OFS,2026-01-31,,0,,0
OFS,2026-02-28,,0,,0
OFSSH,2026-01-31,,0,,0
OFSSH,2026-02-28,,0,,0
OFSSO,2026-01-31,,0,,0
OFSSO,2026-02-28,,0,,0
OGC,2026-01-31,,0,,0
OGC,2026-02-28,,0,,0
OGCP,2026-01-31,,0,,0
OGCP,2026-02-28,,0,,0
OGE,2026-01-31,,0,,0
OGE,2026-02-28,,0,,0
OGEN,2026-01-31,,0,,0
OGEN,2026-02-28,,0,,0
OGI,2026-01-31,,0,,0
OGI,2026-02-28,,0,,0
OGN,2026-01-31,2026-04-26,1,,0
OGN,2026-02-28,2026-04-26,1,,0
OGS,2026-01-31,,0,,0
OGS,2026-02-28,,0,,0
OHAC,2026-01-31,,0,,0
OHAC,2026-02-28,,0,,0
OHACR,2026-01-31,,0,,0
OHACR,2026-02-28,,0,,0
OHACU,2026-01-31,,0,,0
OHACU,2026-02-28,,0,,0
OHI,2026-01-31,,0,,0
OHI,2026-02-28,,0,,0
OI,2026-01-31,,0,,0
OI,2026-02-28,,0,,0
OIA,2026-01-31,,0,,0
OIA,2026-02-28,,0,,0
OII,2026-01-31,,0,,0
OII,2026-02-28,,0,,0
OILD,2026-01-31,,0,,0
OILD,2026-02-28,,0,,0
OILU,2026-01-31,,0,,0
OILU,2026-02-28,,0,,0
OIM,2026-01-31,,0,,0
OIM,2026-02-28,,0,,0
OIMAU,2026-01-31,,0,,0
OIMAU,2026-02-28,,0,,0
OIMAW,2026-01-31,,0,,0
OIMAW,2026-02-28,,0,,0
OIO,2026-01-31,,0,,0
OIO,2026-02-28,,0,,0
OIOWW,2026-01-31,,0,,0
OIOWW,2026-02-28,,0,,0
OIS,2026-01-31,,0,,0
OIS,2026-02-28,,0,,0
OKE,2026-01-31,,0,,0
OKE,2026-02-28,,0,,0
OKLO,2026-01-31,,0,,0
OKLO,2026-02-28,,0,,0
OKTA,2026-01-31,,0,,0
OKTA,2026-02-28,,0,,0
OKUR,2026-01-31,,0,,0
OKUR,2026-02-28,,0,,0
OKYO,2026-01-31,,0,,0
OKYO,2026-02-28,,0,,0
OLB,2026-01-31,,0,,0
OLB,2026-02-28,,0,,0
OLED,2026-01-31,,0,,0
OLED,2026-02-28,,0,,0
OLLI,2026-01-31,,0,,0
OLLI,2026-02-28,,0,,0
OLMA,2026-01-31,,0,,0
OLMA,2026-02-28,,0,,0
OLN,2026-01-31,,0,,0
OLN,2026-02-28,,0,,0
OLOX,2026-01-31,,0,,0
OLOX,2026-02-28,,0,,0
OLP,2026-01-31,,0,,0
OLP,2026-02-28,,0,,0
OLPX,2026-01-31,2026-03-26,1,,0
OLPX,2026-02-28,2026-03-26,1,,0
OM,2026-01-31,,0,,0
OM,2026-02-28,,0,,0
OMAB,2026-01-31,,0,,0
OMAB,2026-02-28,,0,,0
OMC,2026-01-31,,0,,0
OMC,2026-02-28,,0,,0
OMCL,2026-01-31,,0,,0
OMCL,2026-02-28,,0,,0
OMDA,2026-01-31,,0,,0
OMDA,2026-02-28,,0,,0
OMER,2026-01-31,,0,,0
OMER,2026-02-28,,0,,0
OMEX,2026-01-31,2026-04-08,1,,0
OMEX,2026-02-28,2026-04-08,1,,0
OMF,2026-01-31,,0,,0
OMF,2026-02-28,,0,,0
OMH,2026-01-31,,0,,0
OMH,2026-02-28,,0,,0
OMSE,2026-01-31,,0,,0
OMSE,2026-02-28,,0,,0
ON,2026-01-31,,0,,0
ON,2026-02-28,,0,,0
ONB,2026-01-31,,0,,0
ONB,2026-02-28,,0,,0
ONBPO,2026-01-31,,0,,0
ONBPO,2026-02-28,,0,,0
ONBPP,2026-01-31,,0,,0
ONBPP,2026-02-28,,0,,0
ONC,2026-01-31,,0,,0
ONC,2026-02-28,,0,,0
ONCH,2026-01-31,,0,,0
ONCH,2026-02-28,,0,,0
ONCHU,2026-01-31,,0,,0
ONCHU,2026-02-28,,0,,0
ONCHW,2026-01-31,,0,,0
ONCHW,2026-02-28,,0,,0
ONCO,2026-01-31,2026-02-12,1,,0
ONCO,2026-02-28,,0,,0
ONCY,2026-01-31,,0,,0
ONCY,2026-02-28,,0,,0
ONDS,2026-01-31,,0,,0
ONDS,2026-02-28,,0,,0
ONEG,2026-01-31,,0,,0
ONEG,2026-02-28,,0,,0
ONEW,2026-01-31,,0,,0
ONEW,2026-02-28,,0,,0
ONFO,2026-01-31,,0,,0
ONFO,2026-02-28,,0,,0
ONFOW,2026-01-31,,0,,0
ONFOW,2026-02-28,,0,,0
ONIT,2026-01-31,,0,,0
ONIT,2026-02-28,,0,,0
ONL,2026-01-31,,0,,0
ONL,2026-02-28,,0,,0
ONMD,2026-01-31,,0,,0
ONMD,2026-02-28,,0,,0
ONMDW,2026-01-31,,0,,0
ONMDW,2026-02-28,,0,,0
ONON,2026-01-31,,0,,0
ONON,2026-02-28,,0,,0
ONT,2026-01-31,,0,,0
ONT,2026-02-28,,0,,0
ONTO,2026-01-31,,0,,0
ONTO,2026-02-28,,0,,0
OOMA,2026-01-31,,0,,0
OOMA,2026-02-28,,0,,0
OPAD,2026-01-31,,0,,0
OPAD,2026-02-28,,0,,0
OPAL,2026-01-31,,0,,0
OPAL,2026-02-28,,0,,0
OPBK,2026-01-31,,0,,0
OPBK,2026-02-28,,0,,0
OPCH,2026-01-31,,0,,0
OPCH,2026-02-28,,0,,0
OPEN,2026-01-31,,0,,0
OPEN,2026-02-28,,0,,0
OPENL,2026-01-31,,0,,0
OPENL,2026-02-28,,0,,0
OPENW,2026-01-31,,0,,0
OPENW,2026-02-28,,0,,0
OPENZ,2026-01-31,,0,,0
OPENZ,2026-02-28,,0,,0
OPFI,2026-01-31,,0,,0
OPFI,2026-02-28,,0,,0
OPFI.WT,2026-01-31,,0,,0
OPFI.WT,2026-02-28,,0,,0
OPHC,2026-01-31,,0,,0
OPHC,2026-02-28,,0,,0
OPK,2026-01-31,,0,,0
OPK,2026-02-28,,0,,0
OPLN,2026-01-31,,0,,0
OPLN,2026-02-28,,0,,0
OPP,2026-01-31,,0,,0
OPP,2026-02-28,,0,,0
OPP.PA,2026-01-31,,0,,0
OPP.PA,2026-02-28,,0,,0
OPP.PB,2026-01-31,,0,,0
OPP.PB,2026-02-28,,0,,0
OPP.PC,2026-01-31,,0,,0
OPP.PC,2026-02-28,,0,,0
OPRA,2026-01-31,,0,,0
OPRA,2026-02-28,,0,,0
OPRT,2026-01-31,,0,,0
OPRT,2026-02-28,,0,,0
OPRX,2026-01-31,,0,,0
OPRX,2026-02-28,,0,,0
OPTH,2026-01-31,,0,,0
OPTH,2026-02-28,,0,,0
OPTT,2026-01-31,,0,,0
OPTT,2026-02-28,,0,,0
OPTU,2026-01-31,,0,,0
OPTU,2026-02-28,,0,,0
OPTX,2026-01-31,,0,,0
OPTX,2026-02-28,,0,,0
OPTXW,2026-01-31,,0,,0
OPTXW,2026-02-28,,0,,0
OPXS,2026-01-31,,0,,0
OPXS,2026-02-28,,0,,0
OPY,2026-01-31,,0,,0
OPY,2026-02-28,,0,,0
OR,2026-01-31,,0,,0
OR,2026-02-28,,0,,0
ORA,2026-01-31,,0,,0
ORA,2026-02-28,,0,,0
ORBS,2026-01-31,,0,,0
ORBS,2026-02-28,,0,,0
ORC,2026-01-31,,0,,0
ORC,2026-02-28,,0,,0
ORCL,2026-01-31,,0,,0
ORCL,2026-02-28,,0,,0
ORCL.PD,2026-01-31,,0,,0
ORCL.PD,2026-02-28,,0,,0
ORGN,2026-01-31,,0,,0
ORGN,2026-02-28,,0,,0
ORGNW,2026-01-31,,0,,0
ORGNW,2026-02-28,,0,,0
ORGO,2026-01-31,,0,,0
ORGO,2026-02-28,,0,,0
ORI,2026-01-31,,0,,0
ORI,2026-02-28,,0,,0
ORIC,2026-01-31,,0,,0
ORIC,2026-02-28,,0,,0
ORIO,2026-01-31,,0,,0
ORIO,2026-02-28,,0,,0
ORIQ,2026-01-31,,0,,0
ORIQ,2026-02-28,,0,,0
ORIQU,2026-01-31,,0,,0
ORIQU,2026-02-28,,0,,0
ORIQW,2026-01-31,,0,,0
ORIQW,2026-02-28,,0,,0
ORIS,2026-01-31,,0,,0
ORIS,2026-02-28,,0,,0
ORKA,2026-01-31,,0,,0
ORKA,2026-02-28,,0,,0
ORKT,2026-01-31,,0,,0
ORKT,2026-02-28,,0,,0
ORLA,2026-01-31,,0,,0
ORLA,2026-02-28,,0,,0
ORLY,2026-01-31,,0,,0
ORLY,2026-02-28,,0,,0
ORMP,2026-01-31,,0,,0
ORMP,2026-02-28,,0,,0
ORN,2026-01-31,,0,,0
ORN,2026-02-28,,0,,0
ORRF,2026-01-31,,0,,0
ORRF,2026-02-28,,0,,0
OSBC,2026-01-31,,0,,0
OSBC,2026-02-28,,0,,0
OSCR,2026-01-31,,0,,0
OSCR,2026-02-28,,0,,0
OSG,2026-01-31,,0,,0
OSG,2026-02-28,,0,,0
OSIS,2026-01-31,,0,,0
OSIS,2026-02-28,,0,,0
OSK,2026-01-31,,0,,0
OSK,2026-02-28,,0,,0
OSPN,2026-01-31,,0,,0
OSPN,2026-02-28,,0,,0
OSRH,2026-01-31,,0,,0
OSRH,2026-02-28,,0,,0
OSRHW,2026-01-31,,0,,0
OSRHW,2026-02-28,,0,,0
OSS,2026-01-31,,0,,0
OSS,2026-02-28,,0,,0
OST,2026-01-31,,0,,0
OST,2026-02-28,,0,,0
OSTX,2026-01-31,,0,,0
OSTX,2026-02-28,,0,,0
OSUR,2026-01-31,,0,,0
OSUR,2026-02-28,,0,,0
OSW,2026-01-31,,0,,0
OSW,2026-02-28,,0,,0
OTAI.UN,2026-01-31,,0,,0
OTAI.UN,2026-02-28,,0,,0
OTEX,2026-01-31,,0,,0
OTEX,2026-02-28,,0,,0
OTF,2026-01-31,,0,,0
OTF,2026-02-28,,0,,0
OTGA,2026-01-31,,0,,0
OTGA,2026-02-28,,0,,0
OTGAU,2026-01-31,,0,,0
OTGAU,2026-02-28,,0,,0
OTGAW,2026-01-31,,0,,0
OTGAW,2026-02-28,,0,,0
OTIS,2026-01-31,,0,,0
OTIS,2026-02-28,,0,,0
OTLK,2026-01-31,,0,,0
OTLK,2026-02-28,,0,,0
OTLY,2026-01-31,,0,,0
OTLY,2026-02-28,,0,,0
OTTR,2026-01-31,,0,,0
OTTR,2026-02-28,,0,,0
OUNZ,2026-01-31,,0,,0
OUNZ,2026-02-28,,0,,0
OUST,2026-01-31,,0,,0
OUST,2026-02-28,,0,,0
OUT,2026-01-31,,0,,0
OUT,2026-02-28,,0,,0
OVBC,2026-01-31,,0,,0
OVBC,2026-02-28,,0,,0
OVID,2026-01-31,,0,,0
OVID,2026-02-28,,0,,0
OVLY,2026-01-31,,0,,0
OVLY,2026-02-28,,0,,0
OVV,2026-01-31,,0,,0
OVV,2026-02-28,,0,,0
OWL,2026-01-31,,0,,0
OWL,2026-02-28,,0,,0
OWLS,2026-01-31,,0,,0
OWLS,2026-02-28,,0,,0
OWLT,2026-01-31,,0,,0
OWLT,2026-02-28,,0,,0
OXBR,2026-01-31,,0,,0
OXBR,2026-02-28,,0,,0
OXBRW,2026-01-31,,0,,0
OXBRW,2026-02-28,,0,,0
OXLC,2026-01-31,,0,,0
OXLC,2026-02-28,,0,,0
OXLCG,2026-01-31,,0,,0
OXLCG,2026-02-28,,0,,0
OXLCI,2026-01-31,,0,,0
OXLCI,2026-02-28,,0,,0
OXLCL,2026-01-31,,0,,0
OXLCL,2026-02-28,,0,,0
OXLCM,2026-01-31,,0,,0
OXLCM,2026-02-28,,0,,0
OXLCN,2026-01-31,,0,,0
OXLCN,2026-02-28,,0,,0
OXLCO,2026-01-31,,0,,0
OXLCO,2026-02-28,,0,,0
OXLCZ,2026-01-31,,0,,0
OXLCZ,2026-02-28,,0,,0
OXM,2026-01-31,,0,,0
OXM,2026-02-28,,0,,0
OXSQ,2026-01-31,,0,,0
OXSQ,2026-02-28,,0,,0
OXSQG,2026-01-31,,0,,0
OXSQG,2026-02-28,,0,,0
OXSQH,2026-01-31,,0,,0
OXSQH,2026-02-28,,0,,0
OXY,2026-01-31,,0,,0
OXY,2026-02-28,,0,,0
OXY.WT,2026-01-31,,0,,0
OXY.WT,2026-02-28,,0,,0
OYSE,2026-01-31,,0,,0
OYSE,2026-02-28,,0,,0
OYSER,2026-01-31,,0,,0
OYSER,2026-02-28,,0,,0
OYSEU,2026-01-31,,0,,0
OYSEU,2026-02-28,,0,,0
OZ,2026-01-31,,0,,0
OZ,2026-02-28,,0,,0
OZK,2026-01-31,,0,,0
OZK,2026-02-28,,0,,0
OZKAP,2026-01-31,,0,,0
OZKAP,2026-02-28,,0,,0
P,2026-01-31,,0,,0
P,2026-02-28,,0,,0
PAA,2026-01-31,,0,,0
PAA,2026-02-28,,0,,0
PAAC,2026-01-31,,0,,0
PAAC,2026-02-28,,0,,0
PAACU,2026-01-31,,0,,0
PAACU,2026-02-28,,0,,0
PAACW,2026-01-31,,0,,0
PAACW,2026-02-28,,0,,0
PAAS,2026-01-31,,0,,0
PAAS,2026-02-28,,0,,0
PAC,2026-01-31,,0,,0
PAC,2026-02-28,,0,,0
PACB,2026-01-31,,0,,0
PACB,2026-02-28,,0,,0
PACH,2026-01-31,,0,,0
PACH,2026-02-28,,0,,0
PACHU,2026-01-31,,0,,0
PACHU,2026-02-28,,0,,0
PACHW,2026-01-31,,0,,0
PACHW,2026-02-28,,0,,0
PACK,2026-01-31,,0,,0
PACK,2026-02-28,,0,,0
PACS,2026-01-31,,0,,0
PACS,2026-02-28,,0,,0
PAG,2026-01-31,,0,,0
PAG,2026-02-28,,0,,0
PAGP,2026-01-31,,0,,0
PAGP,2026-02-28,,0,,0
PAGS,2026-01-31,,0,,0
PAGS,2026-02-28,,0,,0
PAHC,2026-01-31,,0,,0
PAHC,2026-02-28,,0,,0
PAI,2026-01-31,,0,,0
PAI,2026-02-28,,0,,0
PAII,2026-01-31,,0,,0
PAII,2026-02-28,,0,,0
PAII.UN,2026-01-31,,0,,0
PAII.UN,2026-02-28,,0,,0
PAII.WT,2026-01-31,,0,,0
PAII.WT,2026-02-28,,0,,0
PAL,2026-01-31,,0,,0
PAL,2026-02-28,,0,,0
PALI,2026-01-31,,0,,0
PALI,2026-02-28,,0,,0
PALL,2026-01-31,,0,,0
PALL,2026-02-28,,0,,0
PALO,2026-01-31,,0,,0
PALO,2026-02-28,,0,,0
PALOU,2026-01-31,,0,,0
PALOU,2026-02-28,,0,,0
PALOW,2026-01-31,,0,,0
PALOW,2026-02-28,,0,,0
PAM,2026-01-31,,0,,0
PAM,2026-02-28,,0,,0
PAMT,2026-01-31,,0,,0
PAMT,2026-02-28,,0,,0
PANL,2026-01-31,,0,,0
PANL,2026-02-28,,0,,0
PANW,2026-01-31,,0,,0
PANW,2026-02-28,,0,,0
PAPL,2026-01-31,,0,,0
PAPL,2026-02-28,,0,,0
PAR,2026-01-31,,0,,0
PAR,2026-02-28,,0,,0
PARK,2026-01-31,,0,,0
PARK,2026-02-28,,0,,0
PARR,2026-01-31,,0,,0
PARR,2026-02-28,,0,,0
PASG,2026-01-31,,0,,0
PASG,2026-02-28,,0,,0
PASW,2026-01-31,,0,,0
PASW,2026-02-28,,0,,0
PATH,2026-01-31,,0,,0
PATH,2026-02-28,,0,,0
PATK,2026-01-31,,0,,0
PATK,2026-02-28,,0,,0
PAVM,2026-01-31,,0,,0
PAVM,2026-02-28,,0,,0
PAVS,2026-01-31,,0,,0
PAVS,2026-02-28,,0,,0
PAX,2026-01-31,,0,,0
PAX,2026-02-28,,0,,0
PAXS,2026-01-31,,0,,0
PAXS,2026-02-28,,0,,0
PAY,2026-01-31,,0,,0
PAY,2026-02-28,,0,,0
PAYC,2026-01-31,,0,,0
PAYC,2026-02-28,,0,,0
PAYO,2026-01-31,,0,,0
PAYO,2026-02-28,,0,,0
PAYP,2026-01-31,,0,,0
PAYP,2026-02-28,,0,,0
PAYS,2026-01-31,,0,,0
PAYS,2026-02-28,,0,,0
PAYX,2026-01-31,,0,,0
PAYX,2026-02-28,,0,,0
PB,2026-01-31,,0,,0
PB,2026-02-28,,0,,0
PBA,2026-01-31,,0,,0
PBA,2026-02-28,,0,,0
PBF,2026-01-31,,0,,0
PBF,2026-02-28,,0,,0
PBFS,2026-01-31,,0,,0
PBFS,2026-02-28,,0,,0
PBH,2026-01-31,,0,,0
PBH,2026-02-28,,0,,0
PBHC,2026-01-31,,0,,0
PBHC,2026-02-28,,0,,0
PBI,2026-01-31,,0,,0
PBI,2026-02-28,,0,,0
PBI.PB,2026-01-31,,0,,0
PBI.PB,2026-02-28,,0,,0
PBK,2026-01-31,,0,,0
PBK,2026-02-28,,0,,0
PBLS,2026-01-31,,0,,0
PBLS,2026-02-28,,0,,0
PBM,2026-01-31,,0,,0
PBM,2026-02-28,,0,,0
PBMWW,2026-01-31,,0,,0
PBMWW,2026-02-28,,0,,0
PBR,2026-01-31,,0,,0
PBR,2026-02-28,,0,,0
PBR.A,2026-01-31,,0,,0
PBR.A,2026-02-28,,0,,0
PBT,2026-01-31,,0,,0
PBT,2026-02-28,,0,,0
PBYI,2026-01-31,,0,,0
PBYI,2026-02-28,,0,,0
PC,2026-01-31,,0,,0
PC,2026-02-28,,0,,0
PCAP,2026-01-31,,0,,0
PCAP,2026-02-28,,0,,0
PCAPU,2026-01-31,,0,,0
PCAPU,2026-02-28,,0,,0
PCAPW,2026-01-31,,0,,0
PCAPW,2026-02-28,,0,,0
PCAR,2026-01-31,,0,,0
PCAR,2026-02-28,,0,,0
PCB,2026-01-31,,0,,0
PCB,2026-02-28,,0,,0
PCF,2026-01-31,,0,,0
PCF,2026-02-28,,0,,0
PCG,2026-01-31,,0,,0
PCG,2026-02-28,,0,,0
PCG.PA,2026-01-31,,0,,0
PCG.PA,2026-02-28,,0,,0
PCG.PB,2026-01-31,,0,,0
PCG.PB,2026-02-28,,0,,0
PCG.PC,2026-01-31,,0,,0
PCG.PC,2026-02-28,,0,,0
PCG.PD,2026-01-31,,0,,0
PCG.PD,2026-02-28,,0,,0
PCG.PE,2026-01-31,,0,,0
PCG.PE,2026-02-28,,0,,0
PCG.PG,2026-01-31,,0,,0
PCG.PG,2026-02-28,,0,,0
PCG.PH,2026-01-31,,0,,0
PCG.PH,2026-02-28,,0,,0
PCG.PI,2026-01-31,,0,,0
PCG.PI,2026-02-28,,0,,0
PCG.PX,2026-01-31,,0,,0
PCG.PX,2026-02-28,,0,,0
PCLA,2026-01-31,,0,,0
PCLA,2026-02-28,,0,,0
PCM,2026-01-31,,0,,0
PCM,2026-02-28,,0,,0
PCN,2026-01-31,,0,,0
PCN,2026-02-28,,0,,0
PCOR,2026-01-31,,0,,0
PCOR,2026-02-28,,0,,0
PCQ,2026-01-31,,0,,0
PCQ,2026-02-28,,0,,0
PCRX,2026-01-31,,0,,0
PCRX,2026-02-28,,0,,0
PCSA,2026-01-31,,0,,0
PCSA,2026-02-28,,0,,0
PCSC,2026-01-31,,0,,0
PCSC,2026-02-28,,0,,0
PCT,2026-01-31,,0,,0
PCT,2026-02-28,,0,,0
PCTTU,2026-01-31,,0,,0
PCTTU,2026-02-28,,0,,0
PCTTW,2026-01-31,,0,,0
PCTTW,2026-02-28,,0,,0
PCTY,2026-01-31,,0,,0
PCTY,2026-02-28,,0,,0
PCVX,2026-01-31,,0,,0
PCVX,2026-02-28,,0,,0
PCYO,2026-01-31,,0,,0
PCYO,2026-02-28,,0,,0
PD,2026-01-31,,0,,0
PD,2026-02-28,,0,,0
PDC,2026-01-31,,0,,0
PDC,2026-02-28,,0,,0
PDCC,2026-01-31,,0,,0
PDCC,2026-02-28,,0,,0
PDD,2026-01-31,,0,,0
PDD,2026-02-28,,0,,0
PDEX,2026-01-31,,0,,0
PDEX,2026-02-28,,0,,0
PDFS,2026-01-31,,0,,0
PDFS,2026-02-28,,0,,0
PDI,2026-01-31,,0,,0
PDI,2026-02-28,,0,,0
PDLB,2026-01-31,,0,,0
PDLB,2026-02-28,,0,,0
PDM,2026-01-31,,0,,0
PDM,2026-02-28,,0,,0
PDO,2026-01-31,,0,,0
PDO,2026-02-28,,0,,0
PDPA,2026-01-31,,0,,0
PDPA,2026-02-28,,0,,0
PDS,2026-01-31,,0,,0
PDS,2026-02-28,,0,,0
PDSB,2026-01-31,,0,,0
PDSB,2026-02-28,,0,,0
PDT,2026-01-31,,0,,0
PDT,2026-02-28,,0,,0
PDX,2026-01-31,,0,,0
PDX,2026-02-28,,0,,0
PDYN,2026-01-31,,0,,0
PDYN,2026-02-28,,0,,0
PDYNW,2026-01-31,,0,,0
PDYNW,2026-02-28,,0,,0
PEB,2026-01-31,,0,,0
PEB,2026-02-28,,0,,0
PEB.PE,2026-01-31,,0,,0
PEB.PE,2026-02-28,,0,,0
PEB.PF,2026-01-31,,0,,0
PEB.PF,2026-02-28,,0,,0
PEB.PG,2026-01-31,,0,,0
PEB.PG,2026-02-28,,0,,0
PEB.PH,2026-01-31,,0,,0
PEB.PH,2026-02-28,,0,,0
PEBK,2026-01-31,,0,,0
PEBK,2026-02-28,,0,,0
PEBO,2026-01-31,,0,,0
PEBO,2026-02-28,,0,,0
PECE,2026-01-31,,0,,0
PECE,2026-02-28,,0,,0
PECER,2026-01-31,,0,,0
PECER,2026-02-28,,0,,0
PECEU,2026-01-31,,0,,0
PECEU,2026-02-28,,0,,0
PECEW,2026-01-31,,0,,0
PECEW,2026-02-28,,0,,0
PECO,2026-01-31,,0,,0
PECO,2026-02-28,,0,,0
PED,2026-01-31,,0,,0
PED,2026-02-28,,0,,0
PEG,2026-01-31,,0,,0
PEG,2026-02-28,,0,,0
PEGA,2026-01-31,,0,,0
PEGA,2026-02-28,,0,,0
PEN,2026-01-31,,0,,0
PEN,2026-02-28,,0,,0
PENG,2026-01-31,,0,,0
PENG,2026-02-28,,0,,0
PENN,2026-01-31,,0,,0
PENN,2026-02-28,,0,,0
PEO,2026-01-31,,0,,0
PEO,2026-02-28,,0,,0
PEP,2026-01-31,,0,,0
PEP,2026-02-28,,0,,0
PEPG,2026-01-31,,0,,0
PEPG,2026-02-28,,0,,0
PERF,2026-01-31,,0,,0
PERF,2026-02-28,,0,,0
PERI,2026-01-31,,0,,0
PERI,2026-02-28,,0,,0
PESI,2026-01-31,,0,,0
PESI,2026-02-28,,0,,0
PETS,2026-01-31,,0,,0
PETS,2026-02-28,,0,,0
PETZ,2026-01-31,,0,,0
PETZ,2026-02-28,,0,,0
PEW,2026-01-31,,0,,0
PEW,2026-02-28,,0,,0
PEW.WT,2026-01-31,,0,,0
PEW.WT,2026-02-28,,0,,0
PFAI,2026-01-31,,0,,0
PFAI,2026-02-28,,0,,0
PFBC,2026-01-31,,0,,0
PFBC,2026-02-28,,0,,0
PFD,2026-01-31,,0,,0
PFD,2026-02-28,,0,,0
PFE,2026-01-31,,0,,0
PFE,2026-02-28,,0,,0
PFFL,2026-01-31,,0,,0
PFFL,2026-02-28,,0,,0
PFG,2026-01-31,,0,,0
PFG,2026-02-28,,0,,0
PFGC,2026-01-31,,0,,0
PFGC,2026-02-28,,0,,0
PFH,2026-01-31,,0,,0
PFH,2026-02-28,,0,,0
PFIS,2026-01-31,,0,,0
PFIS,2026-02-28,,0,,0
PFL,2026-01-31,,0,,0
PFL,2026-02-28,,0,,0
PFLA,2026-01-31,,0,,0
PFLA,2026-02-28,,0,,0
PFLT,2026-01-31,,0,,0
PFLT,2026-02-28,,0,,0
PFN,2026-01-31,,0,,0
PFN,2026-02-28,,0,,0
PFO,2026-01-31,,0,,0
PFO,2026-02-28,,0,,0
PFS,2026-01-31,,0,,0
PFS,2026-02-28,,0,,0
PFSA,2026-01-31,,0,,0
PFSA,2026-02-28,,0,,0
PFSI,2026-01-31,,0,,0
PFSI,2026-02-28,,0,,0
PFX,2026-01-31,,0,,0
PFX,2026-02-28,,0,,0
PFXNZ,2026-01-31,,0,,0
PFXNZ,2026-02-28,,0,,0
PG,2026-01-31,,0,,0
PG,2026-02-28,,0,,0
PGAC,2026-01-31,,0,,0
PGAC,2026-02-28,,0,,0
PGACR,2026-01-31,,0,,0
PGACR,2026-02-28,,0,,0
PGACU,2026-01-31,,0,,0
PGACU,2026-02-28,,0,,0
PGC,2026-01-31,,0,,0
PGC,2026-02-28,,0,,0
PGEN,2026-01-31,,0,,0
PGEN,2026-02-28,,0,,0
PGNY,2026-01-31,,0,,0
PGNY,2026-02-28,,0,,0
PGP,2026-01-31,,0,,0
PGP,2026-02-28,,0,,0
PGR,2026-01-31,,0,,0
PGR,2026-02-28,,0,,0
PGY,2026-01-31,,0,,0
PGY,2026-02-28,,0,,0
PGYWW,2026-01-31,,0,,0
PGYWW,2026-02-28,,0,,0
PGZ,2026-01-31,,0,,0
PGZ,2026-02-28,,0,,0
PH,2026-01-31,,0,,0
PH,2026-02-28,,0,,0
PHAR,2026-01-31,,0,,0
PHAR,2026-02-28,,0,,0
PHAT,2026-01-31,,0,,0
PHAT,2026-02-28,,0,,0
PHG,2026-01-31,,0,,0
PHG,2026-02-28,,0,,0
PHGE,2026-01-31,,0,,0
PHGE,2026-02-28,,0,,0
PHI,2026-01-31,,0,,0
PHI,2026-02-28,,0,,0
PHIN,2026-01-31,,0,,0
PHIN,2026-02-28,,0,,0
PHIO,2026-01-31,,0,,0
PHIO,2026-02-28,,0,,0
PHK,2026-01-31,,0,,0
PHK,2026-02-28,,0,,0
PHM,2026-01-31,,0,,0
PHM,2026-02-28,,0,,0
PHOE,2026-01-31,,0,,0
PHOE,2026-02-28,,0,,0
PHR,2026-01-31,,0,,0
PHR,2026-02-28,,0,,0
PHUN,2026-01-31,,0,,0
PHUN,2026-02-28,,0,,0
PHVS,2026-01-31,,0,,0
PHVS,2026-02-28,,0,,0
PHXE.P,2026-01-31,,0,,0
PHXE.P,2026-02-28,,0,,0
PHYS,2026-01-31,,0,,0
PHYS,2026-02-28,,0,,0
PI,2026-01-31,,0,,0
PI,2026-02-28,,0,,0
PICS,2026-01-31,,0,,0
PICS,2026-02-28,,0,,0
PII,2026-01-31,,0,,0
PII,2026-02-28,,0,,0
PIII,2026-01-31,,0,,0
PIII,2026-02-28,,0,,0
PIIIW,2026-01-31,,0,,0
PIIIW,2026-02-28,,0,,0
PIM,2026-01-31,,0,,0
PIM,2026-02-28,,0,,0
PINE,2026-01-31,,0,,0
PINE,2026-02-28,,0,,0
PINE.PA,2026-01-31,,0,,0
PINE.PA,2026-02-28,,0,,0
PINS,2026-01-31,,0,,0
PINS,2026-02-28,,0,,0
PIPR,2026-01-31,,0,,0
PIPR,2026-02-28,,0,,0
PJT,2026-01-31,,0,,0
PJT,2026-02-28,,0,,0
PK,2026-01-31,,0,,0
PK,2026-02-28,,0,,0
PKBK,2026-01-31,,0,,0
PKBK,2026-02-28,,0,,0
PKE,2026-01-31,,0,,0
PKE,2026-02-28,,0,,0
PKG,2026-01-31,,0,,0
PKG,2026-02-28,,0,,0
PKOH,2026-01-31,,0,,0
PKOH,2026-02-28,,0,,0
PKX,2026-01-31,,0,,0
PKX,2026-02-28,,0,,0
PL,2026-01-31,,0,,0
PL,2026-02-28,,0,,0
PLAB,2026-01-31,,0,,0
PLAB,2026-02-28,,0,,0
PLAG,2026-01-31,,0,,0
PLAG,2026-02-28,,0,,0
PLAY,2026-01-31,,0,,0
PLAY,2026-02-28,,0,,0
PLBC,2026-01-31,,0,,0
PLBC,2026-02-28,,0,,0
PLBL,2026-01-31,,0,,0
PLBL,2026-02-28,,0,,0
PLBY,2026-01-31,,0,,0
PLBY,2026-02-28,,0,,0
PLCE,2026-01-31,,0,,0
PLCE,2026-02-28,,0,,0
PLD,2026-01-31,,0,,0
PLD,2026-02-28,,0,,0
PLG,2026-01-31,,0,,0
PLG,2026-02-28,,0,,0
PLGO,2026-01-31,,0,,0
PLGO,2026-02-28,,0,,0
PLMK,2026-01-31,,0,,0
PLMK,2026-02-28,,0,,0
PLMKU,2026-01-31,,0,,0
PLMKU,2026-02-28,,0,,0
PLMKW,2026-01-31,,0,,0
PLMKW,2026-02-28,,0,,0
PLMR,2026-01-31,,0,,0
PLMR,2026-02-28,,0,,0
PLNT,2026-01-31,,0,,0
PLNT,2026-02-28,,0,,0
PLOW,2026-01-31,,0,,0
PLOW,2026-02-28,,0,,0
PLPC,2026-01-31,,0,,0
PLPC,2026-02-28,,0,,0
PLRX,2026-01-31,,0,,0
PLRX,2026-02-28,,0,,0
PLRZ,2026-01-31,,0,,0
PLRZ,2026-02-28,,0,,0
PLSE,2026-01-31,,0,,0
PLSE,2026-02-28,,0,,0
PLSM,2026-01-31,,0,,0
PLSM,2026-02-28,,0,,0
PLTK,2026-01-31,,0,,0
PLTK,2026-02-28,,0,,0
PLTM,2026-01-31,,0,,0
PLTM,2026-02-28,,0,,0
PLTR,2026-01-31,,0,,0
PLTR,2026-02-28,,0,,0
PLTS,2026-01-31,,0,,0
PLTS,2026-02-28,,0,,0
PLUG,2026-01-31,,0,,0
PLUG,2026-02-28,,0,,0
PLUN.UN,2026-01-31,,0,,0
PLUN.UN,2026-02-28,,0,,0
PLUR,2026-01-31,,0,,0
PLUR,2026-02-28,,0,,0
PLUS,2026-01-31,,0,,0
PLUS,2026-02-28,,0,,0
PLUT,2026-01-31,,0,,0
PLUT,2026-02-28,,0,,0
PLX,2026-01-31,,0,,0
PLX,2026-02-28,,0,,0
PLXS,2026-01-31,,0,,0
PLXS,2026-02-28,,0,,0
PLYX,2026-01-31,,0,,0
PLYX,2026-02-28,,0,,0
PM,2026-01-31,,0,,0
PM,2026-02-28,,0,,0
PMAX,2026-01-31,,0,,0
PMAX,2026-02-28,,0,,0
PMCB,2026-01-31,,0,,0
PMCB,2026-02-28,,0,,0
PMEC,2026-01-31,,0,,0
PMEC,2026-02-28,,0,,0
PMI,2026-01-31,,0,,0
PMI,2026-02-28,,0,,0
PML,2026-01-31,,0,,0
PML,2026-02-28,,0,,0
PMM,2026-01-31,,0,,0
PMM,2026-02-28,,0,,0
PMN,2026-01-31,,0,,0
PMN,2026-02-28,,0,,0
PMNT,2026-01-31,,0,,0
PMNT,2026-02-28,,0,,0
PMO,2026-01-31,,0,,0
PMO,2026-02-28,,0,,0
PMT,2026-01-31,,0,,0
PMT,2026-02-28,,0,,0
PMT.PA,2026-01-31,,0,,0
PMT.PA,2026-02-28,,0,,0
PMT.PB,2026-01-31,,0,,0
PMT.PB,2026-02-28,,0,,0
PMT.PC,2026-01-31,,0,,0
PMT.PC,2026-02-28,,0,,0
PMTR,2026-01-31,,0,,0
PMTR,2026-02-28,,0,,0
PMTRU,2026-01-31,,0,,0
PMTRU,2026-02-28,,0,,0
PMTRW,2026-01-31,,0,,0
PMTRW,2026-02-28,,0,,0
PMTS,2026-01-31,,0,,0
PMTS,2026-02-28,,0,,0
PMTU,2026-01-31,,0,,0
PMTU,2026-02-28,,0,,0
PMTV,2026-01-31,,0,,0
PMTV,2026-02-28,,0,,0
PMTW,2026-01-31,,0,,0
PMTW,2026-02-28,,0,,0
PMVP,2026-01-31,,0,,0
PMVP,2026-02-28,,0,,0
PN,2026-01-31,,0,,0
PN,2026-02-28,,0,,0
PNBK,2026-01-31,,0,,0
PNBK,2026-02-28,,0,,0
PNC,2026-01-31,,0,,0
PNC,2026-02-28,,0,,0
PNFP,2026-01-31,,0,,0
PNFP,2026-02-28,,0,,0
PNFP.PA,2026-01-31,,0,,0
PNFP.PA,2026-02-28,,0,,0
PNFP.PB,2026-01-31,,0,,0
PNFP.PB,2026-02-28,,0,,0
PNFP.PC,2026-01-31,,0,,0
PNFP.PC,2026-02-28,,0,,0
PNI,2026-01-31,,0,,0
PNI,2026-02-28,,0,,0
PNNT,2026-01-31,,0,,0
PNNT,2026-02-28,,0,,0
PNR,2026-01-31,,0,,0
PNR,2026-02-28,,0,,0
PNRG,2026-01-31,,0,,0
PNRG,2026-02-28,,0,,0
PNTG,2026-01-31,,0,,0
PNTG,2026-02-28,,0,,0
PNW,2026-01-31,,0,,0
PNW,2026-02-28,,0,,0
POAS,2026-01-31,,0,,0
POAS,2026-02-28,,0,,0
POCI,2026-01-31,,0,,0
POCI,2026-02-28,,0,,0
PODC,2026-01-31,,0,,0
PODC,2026-02-28,,0,,0
PODD,2026-01-31,,0,,0
PODD,2026-02-28,,0,,0
POET,2026-01-31,,0,,0
POET,2026-02-28,,0,,0
POLA,2026-01-31,,0,,0
POLA,2026-02-28,,0,,0
POLE,2026-01-31,,0,,0
POLE,2026-02-28,,0,,0
POLEU,2026-01-31,,0,,0
POLEU,2026-02-28,,0,,0
POLEW,2026-01-31,,0,,0
POLEW,2026-02-28,,0,,0
POM,2026-01-31,,0,,0
POM,2026-02-28,,0,,0
PONO,2026-01-31,,0,,0
PONO,2026-02-28,,0,,0
PONOR,2026-01-31,,0,,0
PONOR,2026-02-28,,0,,0
PONOU,2026-01-31,,0,,0
PONOU,2026-02-28,,0,,0
PONY,2026-01-31,,0,,0
PONY,2026-02-28,,0,,0
POOL,2026-01-31,,0,,0
POOL,2026-02-28,,0,,0
POR,2026-01-31,,0,,0
POR,2026-02-28,,0,,0
POST,2026-01-31,,0,,0
POST,2026-02-28,,0,,0
POWI,2026-01-31,,0,,0
POWI,2026-02-28,,0,,0
POWL,2026-01-31,,0,,0
POWL,2026-02-28,,0,,0
POWW,2026-01-31,,0,,0
POWW,2026-02-28,,0,,0
POWWP,2026-01-31,,0,,0
POWWP,2026-02-28,,0,,0
PPBT,2026-01-31,,0,,0
PPBT,2026-02-28,,0,,0
PPC,2026-01-31,,0,,0
PPC,2026-02-28,,0,,0
PPCB,2026-01-31,,0,,0
PPCB,2026-02-28,,0,,0
PPG,2026-01-31,,0,,0
PPG,2026-02-28,,0,,0
PPHC,2026-01-31,,0,,0
PPHC,2026-02-28,,0,,0
PPIH,2026-01-31,,0,,0
PPIH,2026-02-28,,0,,0
PPL,2026-01-31,,0,,0
PPL,2026-02-28,,0,,0
PPLC,2026-01-31,,0,,0
PPLC,2026-02-28,,0,,0
PPLI,2026-01-31,,0,,0
PPLI,2026-02-28,,0,,0
PPLT,2026-01-31,,0,,0
PPLT,2026-02-28,,0,,0
PPSI,2026-01-31,,0,,0
PPSI,2026-02-28,,0,,0
PPT,2026-01-31,,0,,0
PPT,2026-02-28,,0,,0
PPTA,2026-01-31,,0,,0
PPTA,2026-02-28,,0,,0
PR,2026-01-31,,0,,0
PR,2026-02-28,,0,,0
PRA,2026-01-31,,0,,0
PRA,2026-02-28,,0,,0
PRAA,2026-01-31,,0,,0
PRAA,2026-02-28,,0,,0
PRAX,2026-01-31,,0,,0
PRAX,2026-02-28,,0,,0
PRCH,2026-01-31,,0,,0
PRCH,2026-02-28,,0,,0
PRCT,2026-01-31,,0,,0
PRCT,2026-02-28,,0,,0
PRDO,2026-01-31,,0,,0
PRDO,2026-02-28,,0,,0
PRE,2026-01-31,,0,,0
PRE,2026-02-28,,0,,0
PRENW,2026-01-31,,0,,0
PRENW,2026-02-28,,0,,0
PRFX,2026-01-31,,0,,0
PRFX,2026-02-28,,0,,0
PRG,2026-01-31,,0,,0
PRG,2026-02-28,,0,,0
PRGO,2026-01-31,,0,,0
PRGO,2026-02-28,,0,,0
PRGS,2026-01-31,,0,,0
PRGS,2026-02-28,,0,,0
PRH,2026-01-31,,0,,0
PRH,2026-02-28,,0,,0
PRHI,2026-01-31,,0,,0
PRHI,2026-02-28,,0,,0
PRHIZ,2026-01-31,,0,,0
PRHIZ,2026-02-28,,0,,0
PRI,2026-01-31,,0,,0
PRI,2026-02-28,,0,,0
PRIF.PD,2026-01-31,,0,,0
PRIF.PD,2026-02-28,,0,,0
PRIF.PK,2026-01-31,,0,,0
PRIF.PK,2026-02-28,,0,,0
PRIF.PL,2026-01-31,,0,,0
PRIF.PL,2026-02-28,,0,,0
PRIM,2026-01-31,,0,,0
PRIM,2026-02-28,,0,,0
PRK,2026-01-31,,0,,0
PRK,2026-02-28,,0,,0
PRKS,2026-01-31,,0,,0
PRKS,2026-02-28,,0,,0
PRLB,2026-01-31,,0,,0
PRLB,2026-02-28,,0,,0
PRLD,2026-01-31,,0,,0
PRLD,2026-02-28,,0,,0
PRM,2026-01-31,,0,,0
PRM,2026-02-28,,0,,0
PRMB,2026-01-31,,0,,0
PRMB,2026-02-28,,0,,0
PRME,2026-01-31,,0,,0
PRME,2026-02-28,,0,,0
PROF,2026-01-31,,0,,0
PROF,2026-02-28,,0,,0
PROK,2026-01-31,,0,,0
PROK,2026-02-28,,0,,0
PROP,2026-01-31,,0,,0
PROP,2026-02-28,,0,,0
PROV,2026-01-31,,0,,0
PROV,2026-02-28,,0,,0
PRPL,2026-01-31,,0,,0
PRPL,2026-02-28,,0,,0
PRPO,2026-01-31,,0,,0
PRPO,2026-02-28,,0,,0
PRQR,2026-01-31,,0,,0
PRQR,2026-02-28,,0,,0
PRS,2026-01-31,,0,,0
PRS,2026-02-28,,0,,0
PRSO,2026-01-31,,0,,0
PRSO,2026-02-28,,0,,0
PRSU,2026-01-31,,0,,0
PRSU,2026-02-28,,0,,0
PRT,2026-01-31,,0,,0
PRT,2026-02-28,,0,,0
PRTA,2026-01-31,,0,,0
PRTA,2026-02-28,,0,,0
PRTH,2026-01-31,,0,,0
PRTH,2026-02-28,,0,,0
PRTS,2026-01-31,,0,,0
PRTS,2026-02-28,,0,,0
PRU,2026-01-31,,0,,0
PRU,2026-02-28,,0,,0
PRVA,2026-01-31,,0,,0
PRVA,2026-02-28,,0,,0
PRZO,2026-01-31,,0,,0
PRZO,2026-02-28,,0,,0
PS,2026-01-31,,0,,0
PS,2026-02-28,,0,,0
PSA,2026-01-31,,0,2026-03-16,1
PSA,2026-02-28,,0,2026-03-16,1
PSA.PF,2026-01-31,,0,,0
PSA.PF,2026-02-28,,0,,0
PSA.PG,2026-01-31,,0,,0
PSA.PG,2026-02-28,,0,,0
PSA.PH,2026-01-31,,0,,0
PSA.PH,2026-02-28,,0,,0
PSA.PI,2026-01-31,,0,,0
PSA.PI,2026-02-28,,0,,0
PSA.PJ,2026-01-31,,0,,0
PSA.PJ,2026-02-28,,0,,0
PSA.PK,2026-01-31,,0,,0
PSA.PK,2026-02-28,,0,,0
PSA.PL,2026-01-31,,0,,0
PSA.PL,2026-02-28,,0,,0
PSA.PM,2026-01-31,,0,,0
PSA.PM,2026-02-28,,0,,0
PSA.PN,2026-01-31,,0,,0
PSA.PN,2026-02-28,,0,,0
PSA.PO,2026-01-31,,0,,0
PSA.PO,2026-02-28,,0,,0
PSA.PP,2026-01-31,,0,,0
PSA.PP,2026-02-28,,0,,0
PSA.PQ,2026-01-31,,0,,0
PSA.PQ,2026-02-28,,0,,0
PSA.PR,2026-01-31,,0,,0
PSA.PR,2026-02-28,,0,,0
PSA.PS,2026-01-31,,0,,0
PSA.PS,2026-02-28,,0,,0
PSBD,2026-01-31,,0,,0
PSBD,2026-02-28,,0,,0
PSEC,2026-01-31,,0,,0
PSEC,2026-02-28,,0,,0
PSEC.PA,2026-01-31,,0,,0
PSEC.PA,2026-02-28,,0,,0
PSF,2026-01-31,,0,,0
PSF,2026-02-28,,0,,0
PSFE,2026-01-31,,0,,0
PSFE,2026-02-28,,0,,0
PSHG,2026-01-31,,0,,0
PSHG,2026-02-28,,0,,0
PSIG,2026-01-31,,0,,0
PSIG,2026-02-28,,0,,0
PSIX,2026-01-31,,0,,0
PSIX,2026-02-28,,0,,0
PSKY,2026-01-31,,0,,0
PSKY,2026-02-28,,0,,0
PSLV,2026-01-31,,0,,0
PSLV,2026-02-28,,0,,0
PSMT,2026-01-31,,0,,0
PSMT,2026-02-28,,0,,0
PSN,2026-01-31,,0,,0
PSN,2026-02-28,,0,,0
PSNL,2026-01-31,,0,,0
PSNL,2026-02-28,,0,,0
PSNY,2026-01-31,,0,,0
PSNY,2026-02-28,,0,,0
PSNYW,2026-01-31,,0,,0
PSNYW,2026-02-28,,0,,0
PSO,2026-01-31,,0,,0
PSO,2026-02-28,,0,,0
PSQH,2026-01-31,,0,,0
PSQH,2026-02-28,,0,,0
PSQH.WT,2026-01-31,,0,,0
PSQH.WT,2026-02-28,,0,,0
PSTL,2026-01-31,,0,,0
PSTL,2026-02-28,,0,,0
PSTV,2026-01-31,,0,,0
PSTV,2026-02-28,,0,,0
PSUS,2026-01-31,,0,,0
PSUS,2026-02-28,,0,,0
PSX,2026-01-31,,0,,0
PSX,2026-02-28,,0,,0
PTA,2026-01-31,,0,,0
PTA,2026-02-28,,0,,0
PTACU,2026-01-31,,0,,0
PTACU,2026-02-28,,0,,0
PTC,2026-01-31,,0,,0
PTC,2026-02-28,,0,,0
PTCT,2026-01-31,,0,,0
PTCT,2026-02-28,,0,,0
PTEN,2026-01-31,,0,,0
PTEN,2026-02-28,,0,,0
PTGX,2026-01-31,,0,,0
PTGX,2026-02-28,,0,,0
PTHS,2026-01-31,,0,,0
PTHS,2026-02-28,,0,,0
PTLE,2026-01-31,,0,,0
PTLE,2026-02-28,,0,,0
PTLO,2026-01-31,,0,,0
PTLO,2026-02-28,,0,,0
PTN,2026-01-31,,0,,0
PTN,2026-02-28,,0,,0
PTNM,2026-01-31,,0,,0
PTNM,2026-02-28,,0,,0
PTON,2026-01-31,,0,,0
PTON,2026-02-28,,0,,0
PTOR,2026-01-31,,0,,0
PTOR,2026-02-28,,0,,0
PTORU,2026-01-31,,0,,0
PTORU,2026-02-28,,0,,0
PTORW,2026-01-31,,0,,0
PTORW,2026-02-28,,0,,0
PTRN,2026-01-31,,0,,0
PTRN,2026-02-28,,0,,0
PTY,2026-01-31,,0,,0
PTY,2026-02-28,,0,,0
PUBM,2026-01-31,,0,,0
PUBM,2026-02-28,,0,,0
PUK,2026-01-31,,0,,0
PUK,2026-02-28,,0,,0
PULM,2026-01-31,2026-03-26,1,,0
PULM,2026-02-28,2026-03-26,1,,0
PUMP,2026-01-31,,0,,0
PUMP,2026-02-28,,0,,0
PURR,2026-01-31,,0,,0
PURR,2026-02-28,,0,,0
PUSA,2026-01-31,2026-03-09,1,,0
PUSA,2026-02-28,2026-03-09,1,,0
PVH,2026-01-31,,0,,0
PVH,2026-02-28,,0,,0
PVL,2026-01-31,,0,,0
PVL,2026-02-28,,0,,0
PVLA,2026-01-31,,0,,0
PVLA,2026-02-28,,0,,0
PW,2026-01-31,,0,,0
PW,2026-02-28,,0,,0
PW.PA,2026-01-31,,0,,0
PW.PA,2026-02-28,,0,,0
PWP,2026-01-31,,0,,0
PWP,2026-02-28,,0,,0
PWR,2026-01-31,,0,,0
PWR,2026-02-28,,0,,0
PWRL,2026-01-31,,0,,0
PWRL,2026-02-28,,0,,0
PXED,2026-01-31,,0,,0
PXED,2026-02-28,,0,,0
PXLW,2026-01-31,,0,,0
PXLW,2026-02-28,,0,,0
PXS,2026-01-31,,0,,0
PXS,2026-02-28,,0,,0
PYPD,2026-01-31,,0,,0
PYPD,2026-02-28,,0,,0
PYPL,2026-01-31,,0,,0
PYPL,2026-02-28,,0,,0
PYT,2026-01-31,,0,,0
PYT,2026-02-28,,0,,0
PYXS,2026-01-31,,0,,0
PYXS,2026-02-28,,0,,0
PZG,2026-01-31,,0,,0
PZG,2026-02-28,,0,,0
PZZA,2026-01-31,,0,,0
PZZA,2026-02-28,,0,,0
Q,2026-01-31,,0,,0
Q,2026-02-28,,0,,0
QADR,2026-01-31,,0,,0
QADR,2026-02-28,,0,,0
QADRU,2026-01-31,,0,,0
QADRU,2026-02-28,,0,,0
QADRW,2026-01-31,,0,,0
QADRW,2026-02-28,,0,,0
QBTS,2026-01-31,,0,,0
QBTS,2026-02-28,,0,,0
QCLS,2026-01-31,,0,,0
QCLS,2026-02-28,,0,,0
QCOM,2026-01-31,,0,,0
QCOM,2026-02-28,,0,,0
QCRH,2026-01-31,,0,,0
QCRH,2026-02-28,,0,,0
QDEL,2026-01-31,,0,,0
QDEL,2026-02-28,,0,,0
QETA,2026-01-31,2026-03-12,1,,0
QETA,2026-02-28,2026-03-12,1,,0
QETAR,2026-01-31,,0,,0
QETAR,2026-02-28,,0,,0
QETAU,2026-01-31,,0,,0
QETAU,2026-02-28,,0,,0
QFIN,2026-01-31,,0,,0
QFIN,2026-02-28,,0,,0
QGEN,2026-01-31,,0,,0
QGEN,2026-02-28,,0,,0
QH,2026-01-31,,0,,0
QH,2026-02-28,,0,,0
QLEP.UN,2026-01-31,,0,,0
QLEP.UN,2026-02-28,,0,,0
QLYS,2026-01-31,,0,,0
QLYS,2026-02-28,,0,,0
QMCO,2026-01-31,2026-02-13,1,,0
QMCO,2026-02-28,,0,,0
QMMM,2026-01-31,,0,,0
QMMM,2026-02-28,,0,,0
QNC,2026-01-31,,0,,0
QNC,2026-02-28,,0,,0
QNCX,2026-01-31,,0,,0
QNCX,2026-02-28,,0,,0
QNRX,2026-01-31,,0,,0
QNRX,2026-02-28,,0,,0
QNST,2026-01-31,,0,,0
QNST,2026-02-28,,0,,0
QNT,2026-01-31,,0,,0
QNT,2026-02-28,,0,,0
QNTM,2026-01-31,,0,,0
QNTM,2026-02-28,,0,,0
QQQ,2026-01-31,,0,,0
QQQ,2026-02-28,,0,,0
QQQX,2026-01-31,,0,,0
QQQX,2026-02-28,,0,,0
QRED,2026-01-31,2026-05-07,1,,0
QRED,2026-02-28,2026-05-07,1,,0
QRED.RI,2026-01-31,,0,,0
QRED.RI,2026-02-28,,0,,0
QRED.UN,2026-01-31,,0,,0
QRED.UN,2026-02-28,,0,,0
QRHC,2026-01-31,,0,,0
QRHC,2026-02-28,,0,,0
QRVO,2026-01-31,,0,,0
QRVO,2026-02-28,,0,,0
QS,2026-01-31,,0,,0
QS,2026-02-28,,0,,0
QSEA,2026-01-31,2026-05-14,1,,0
QSEA,2026-02-28,2026-05-14,1,,0
QSEAR,2026-01-31,,0,,0
QSEAR,2026-02-28,,0,,0
QSEAU,2026-01-31,,0,,0
QSEAU,2026-02-28,,0,,0
QSI,2026-01-31,,0,,0
QSI,2026-02-28,,0,,0
QSIAW,2026-01-31,,0,,0
QSIAW,2026-02-28,,0,,0
QSR,2026-01-31,,0,,0
QSR,2026-02-28,,0,,0
QTEX,2026-01-31,,0,,0
QTEX,2026-02-28,,0,,0
QTEXW,2026-01-31,,0,,0
QTEXW,2026-02-28,,0,,0
QTI,2026-01-31,,0,,0
QTI,2026-02-28,,0,,0
QTRX,2026-01-31,,0,,0
QTRX,2026-02-28,,0,,0
QTTB,2026-01-31,,0,,0
QTTB,2026-02-28,,0,,0
QTWO,2026-01-31,,0,,0
QTWO,2026-02-28,,0,,0
QUAD,2026-01-31,2026-02-24,1,,0
QUAD,2026-02-28,,0,,0
QUBT,2026-01-31,,0,,0
QUBT,2026-02-28,,0,,0
QUCY,2026-01-31,,0,,0
QUCY,2026-02-28,,0,,0
QUIK,2026-01-31,,0,,0
QUIK,2026-02-28,,0,,0
QULL,2026-01-31,,0,,0
QULL,2026-02-28,,0,,0
QUMS,2026-01-31,,0,,0
QUMS,2026-02-28,,0,,0
QUMSR,2026-01-31,,0,,0
QUMSR,2026-02-28,,0,,0
QUMSU,2026-01-31,,0,,0
QUMSU,2026-02-28,,0,,0
QURE,2026-01-31,,0,,0
QURE,2026-02-28,,0,,0
QXL,2026-01-31,,0,,0
QXL,2026-02-28,,0,,0
QXO,2026-01-31,,0,2026-04-19,1
QXO,2026-02-28,,0,2026-04-19,1
QXO.PB,2026-01-31,,0,,0
QXO.PB,2026-02-28,,0,,0
R,2026-01-31,,0,,0
R,2026-02-28,,0,,0
RA,2026-01-31,,0,,0
RA,2026-02-28,,0,,0
RAAQ,2026-01-31,2026-02-23,1,,0
RAAQ,2026-02-28,,0,,0
RAAQU,2026-01-31,,0,,0
RAAQU,2026-02-28,,0,,0
RAAQW,2026-01-31,,0,,0
RAAQW,2026-02-28,,0,,0
RAC,2026-01-31,,0,,0
RAC,2026-02-28,,0,,0
RAC.UN,2026-01-31,,0,,0
RAC.UN,2026-02-28,,0,,0
RAC.WT,2026-01-31,,0,,0
RAC.WT,2026-02-28,,0,,0
RACC,2026-01-31,,0,,0
RACC,2026-02-28,,0,,0
RACE,2026-01-31,,0,,0
RACE,2026-02-28,,0,,0
RADX,2026-01-31,,0,,0
RADX,2026-02-28,,0,,0
RAIL,2026-01-31,,0,,0
RAIL,2026-02-28,,0,,0
RAIN,2026-01-31,,0,,0
RAIN,2026-02-28,,0,,0
RAINW,2026-01-31,,0,,0
RAINW,2026-02-28,,0,,0
RAL,2026-01-31,,0,,0
RAL,2026-02-28,,0,,0
RAMP,2026-01-31,2026-05-17,1,,0
RAMP,2026-02-28,2026-05-17,1,,0
RAND,2026-01-31,,0,,0
RAND,2026-02-28,,0,,0
RANG,2026-01-31,,0,,0
RANG,2026-02-28,,0,,0
RANGR,2026-01-31,,0,,0
RANGR,2026-02-28,,0,,0
RANGU,2026-01-31,,0,,0
RANGU,2026-02-28,,0,,0
RANI,2026-01-31,,0,,0
RANI,2026-02-28,,0,,0
RAPP,2026-01-31,,0,,0
RAPP,2026-02-28,,0,,0
RARE,2026-01-31,,0,,0
RARE,2026-02-28,,0,,0
RAVE,2026-01-31,,0,,0
RAVE,2026-02-28,,0,,0
RAY,2026-01-31,,0,,0
RAY,2026-02-28,,0,,0
RAYA,2026-01-31,,0,,0
RAYA,2026-02-28,,0,,0
RBA,2026-01-31,,0,,0
RBA,2026-02-28,,0,,0
RBB,2026-01-31,,0,,0
RBB,2026-02-28,,0,,0
RBBN,2026-01-31,,0,,0
RBBN,2026-02-28,,0,,0
RBC,2026-01-31,,0,,0
RBC,2026-02-28,,0,,0
RBCAA,2026-01-31,,0,,0
RBCAA,2026-02-28,,0,,0
RBKB,2026-01-31,,0,,0
RBKB,2026-02-28,,0,,0
RBLX,2026-01-31,,0,,0
RBLX,2026-02-28,,0,,0
RBNE,2026-01-31,,0,,0
RBNE,2026-02-28,,0,,0
RBRK,2026-01-31,,0,,0
RBRK,2026-02-28,,0,,0
RC,2026-01-31,,0,,0
RC,2026-02-28,,0,,0
RC.PC,2026-01-31,,0,,0
RC.PC,2026-02-28,,0,,0
RC.PE,2026-01-31,,0,,0
RC.PE,2026-02-28,,0,,0
RCAT,2026-01-31,,0,,0
RCAT,2026-02-28,,0,,0
RCD,2026-01-31,,0,,0
RCD,2026-02-28,,0,,0
RCEL,2026-01-31,,0,,0
RCEL,2026-02-28,,0,,0
RCG,2026-01-31,,0,,0
RCG,2026-02-28,,0,,0
RCI,2026-01-31,,0,,0
RCI,2026-02-28,,0,,0
RCKT,2026-01-31,,0,,0
RCKT,2026-02-28,,0,,0
RCKTW,2026-01-31,,0,,0
RCKTW,2026-02-28,,0,,0
RCKY,2026-01-31,,0,,0
RCKY,2026-02-28,,0,,0
RCL,2026-01-31,,0,,0
RCL,2026-02-28,,0,,0
RCMT,2026-01-31,,0,,0
RCMT,2026-02-28,,0,,0
RCON,2026-01-31,,0,,0
RCON,2026-02-28,,0,,0
RCS,2026-01-31,,0,,0
RCS,2026-02-28,,0,,0
RCT,2026-01-31,,0,,0
RCT,2026-02-28,,0,,0
RCUS,2026-01-31,,0,,0
RCUS,2026-02-28,,0,,0
RDAC,2026-01-31,,0,,0
RDAC,2026-02-28,,0,,0
RDACR,2026-01-31,,0,,0
RDACR,2026-02-28,,0,,0
RDACU,2026-01-31,,0,,0
RDACU,2026-02-28,,0,,0
RDAG,2026-01-31,,0,,0
RDAG,2026-02-28,,0,,0
RDAGU,2026-01-31,,0,,0
RDAGU,2026-02-28,,0,,0
RDAGW,2026-01-31,,0,,0
RDAGW,2026-02-28,,0,,0
RDCM,2026-01-31,,0,,0
RDCM,2026-02-28,,0,,0
RDDT,2026-01-31,,0,,0
RDDT,2026-02-28,,0,,0
RDGT,2026-01-31,,0,,0
RDGT,2026-02-28,,0,,0
RDHL,2026-01-31,,0,,0
RDHL,2026-02-28,,0,,0
RDI,2026-01-31,,0,,0
RDI,2026-02-28,,0,,0
RDIB,2026-01-31,,0,,0
RDIB,2026-02-28,,0,,0
RDN,2026-01-31,,0,,0
RDN,2026-02-28,,0,,0
RDNT,2026-01-31,,0,,0
RDNT,2026-02-28,,0,,0
RDNW,2026-01-31,,0,,0
RDNW,2026-02-28,,0,,0
RDVT,2026-01-31,,0,,0
RDVT,2026-02-28,,0,,0
RDW,2026-01-31,,0,,0
RDW,2026-02-28,,0,,0
RDWR,2026-01-31,,0,,0
RDWR,2026-02-28,,0,,0
RDY,2026-01-31,,0,,0
RDY,2026-02-28,,0,,0
RDZN,2026-01-31,,0,,0
RDZN,2026-02-28,,0,,0
RDZNW,2026-01-31,,0,,0
RDZNW,2026-02-28,,0,,0
REA,2026-01-31,,0,,0
REA,2026-02-28,,0,,0
REAL,2026-01-31,,0,,0
REAL,2026-02-28,,0,,0
REAX,2026-01-31,,0,,0
REAX,2026-02-28,,0,,0
REBN,2026-01-31,,0,,0
REBN,2026-02-28,,0,,0
RECT,2026-01-31,,0,,0
RECT,2026-02-28,,0,,0
REE,2026-01-31,,0,,0
REE,2026-02-28,,0,,0
REED,2026-01-31,,0,,0
REED,2026-02-28,,0,,0
REFI,2026-01-31,,0,,0
REFI,2026-02-28,,0,,0
REFR,2026-01-31,,0,,0
REFR,2026-02-28,,0,,0
REG,2026-01-31,,0,,0
REG,2026-02-28,,0,,0
REGCO,2026-01-31,,0,,0
REGCO,2026-02-28,,0,,0
REGCP,2026-01-31,,0,,0
REGCP,2026-02-28,,0,,0
REGN,2026-01-31,,0,,0
REGN,2026-02-28,,0,,0
REI,2026-01-31,,0,,0
REI,2026-02-28,,0,,0
REKR,2026-01-31,,0,,0
REKR,2026-02-28,,0,,0
RELL,2026-01-31,,0,,0
RELL,2026-02-28,,0,,0
RELX,2026-01-31,,0,,0
RELX,2026-02-28,,0,,0
RELY,2026-01-31,,0,,0
RELY,2026-02-28,,0,,0
RENT,2026-01-31,,0,,0
RENT,2026-02-28,,0,,0
RENX,2026-01-31,,0,,0
RENX,2026-02-28,,0,,0
REPL,2026-01-31,,0,,0
REPL,2026-02-28,,0,,0
REPX,2026-01-31,,0,,0
REPX,2026-02-28,,0,,0
RERE,2026-01-31,,0,,0
RERE,2026-02-28,,0,,0
RES,2026-01-31,,0,,0
RES,2026-02-28,,0,,0
RETO,2026-01-31,,0,,0
RETO,2026-02-28,,0,,0
REVB,2026-01-31,,0,,0
REVB,2026-02-28,,0,,0
REVBW,2026-01-31,,0,,0
REVBW,2026-02-28,,0,,0
REX,2026-01-31,,0,,0
REX,2026-02-28,,0,,0
REXR,2026-01-31,,0,,0
REXR,2026-02-28,,0,,0
REXR.PB,2026-01-31,,0,,0
REXR.PB,2026-02-28,,0,,0
REXR.PC,2026-01-31,,0,,0
REXR.PC,2026-02-28,,0,,0
REYN,2026-01-31,,0,,0
REYN,2026-02-28,,0,,0
REZI,2026-01-31,,0,,0
REZI,2026-02-28,,0,,0
RF,2026-01-31,,0,,0
RF,2026-02-28,,0,,0
RF.PC,2026-01-31,,0,,0
RF.PC,2026-02-28,,0,,0
RF.PE,2026-01-31,,0,,0
RF.PE,2026-02-28,,0,,0
RF.PF,2026-01-31,,0,,0
RF.PF,2026-02-28,,0,,0
RFAI,2026-01-31,,0,,0
RFAI,2026-02-28,,0,,0
RFAIR,2026-01-31,,0,,0
RFAIR,2026-02-28,,0,,0
RFAIU,2026-01-31,,0,,0
RFAIU,2026-02-28,,0,,0
RFAM,2026-01-31,,0,,0
RFAM,2026-02-28,,0,,0
RFAMR,2026-01-31,,0,,0
RFAMR,2026-02-28,,0,,0
RFAMU,2026-01-31,,0,,0
RFAMU,2026-02-28,,0,,0
RFI,2026-01-31,,0,,0
RFI,2026-02-28,,0,,0
RFIL,2026-01-31,,0,,0
RFIL,2026-02-28,,0,,0
RFL,2026-01-31,,0,,0
RFL,2026-02-28,,0,,0
RFM,2026-01-31,,0,,0
RFM,2026-02-28,,0,,0
RFMZ,2026-01-31,,0,,0
RFMZ,2026-02-28,,0,,0
RGA,2026-01-31,,0,,0
RGA,2026-02-28,,0,,0
RGC,2026-01-31,,0,,0
RGC,2026-02-28,,0,,0
RGCO,2026-01-31,,0,,0
RGCO,2026-02-28,,0,,0
RGEN,2026-01-31,,0,,0
RGEN,2026-02-28,,0,,0
RGLD,2026-01-31,,0,,0
RGLD,2026-02-28,,0,,0
RGNT,2026-01-31,,0,,0
RGNT,2026-02-28,,0,,0
RGNX,2026-01-31,,0,,0
RGNX,2026-02-28,,0,,0
RGP,2026-01-31,,0,,0
RGP,2026-02-28,,0,,0
RGR,2026-01-31,2026-03-25,1,,0
RGR,2026-02-28,2026-03-25,1,,0
RGS,2026-01-31,,0,,0
RGS,2026-02-28,,0,,0
RGT,2026-01-31,,0,,0
RGT,2026-02-28,,0,,0
RGTI,2026-01-31,,0,,0
RGTI,2026-02-28,,0,,0
RGTIW,2026-01-31,,0,,0
RGTIW,2026-02-28,,0,,0
RH,2026-01-31,,0,,0
RH,2026-02-28,,0,,0
RHI,2026-01-31,,0,,0
RHI,2026-02-28,,0,,0
RHLD,2026-01-31,,0,,0
RHLD,2026-02-28,,0,,0
RHP,2026-01-31,,0,,0
RHP,2026-02-28,,0,,0
RIBB,2026-01-31,,0,,0
RIBB,2026-02-28,,0,,0
RIBBR,2026-01-31,,0,,0
RIBBR,2026-02-28,,0,,0
RIBBU,2026-01-31,,0,,0
RIBBU,2026-02-28,,0,,0
RICK,2026-01-31,,0,,0
RICK,2026-02-28,,0,,0
RIG,2026-01-31,,0,,0
RIG,2026-02-28,,0,,0
RIGL,2026-01-31,,0,,0
RIGL,2026-02-28,,0,,0
RILY,2026-01-31,,0,,0
RILY,2026-02-28,,0,,0
RILYG,2026-01-31,,0,,0
RILYG,2026-02-28,,0,,0
RILYL,2026-01-31,,0,,0
RILYL,2026-02-28,,0,,0
RILYN,2026-01-31,,0,,0
RILYN,2026-02-28,,0,,0
RILYP,2026-01-31,,0,,0
RILYP,2026-02-28,,0,,0
RILYT,2026-01-31,,0,,0
RILYT,2026-02-28,,0,,0
RILYZ,2026-01-31,,0,,0
RILYZ,2026-02-28,,0,,0
RIME,2026-01-31,,0,,0
RIME,2026-02-28,,0,,0
RIO,2026-01-31,,0,,0
RIO,2026-02-28,,0,,0
RIOT,2026-01-31,,0,,0
RIOT,2026-02-28,,0,,0
RITM,2026-01-31,,0,,0
RITM,2026-02-28,,0,,0
RITM.PA,2026-01-31,,0,,0
RITM.PA,2026-02-28,,0,,0
RITM.PB,2026-01-31,,0,,0
RITM.PB,2026-02-28,,0,,0
RITM.PC,2026-01-31,,0,,0
RITM.PC,2026-02-28,,0,,0
RITM.PD,2026-01-31,,0,,0
RITM.PD,2026-02-28,,0,,0
RITM.PE,2026-01-31,,0,,0
RITM.PE,2026-02-28,,0,,0
RITM.PF,2026-01-31,,0,,0
RITM.PF,2026-02-28,,0,,0
RITR,2026-01-31,,0,,0
RITR,2026-02-28,,0,,0
RIV,2026-01-31,,0,,0
RIV,2026-02-28,,0,,0
RIV.PA,2026-01-31,,0,,0
RIV.PA,2026-02-28,,0,,0
RIVN,2026-01-31,,0,,0
RIVN,2026-02-28,,0,,0
RJET,2026-01-31,,0,,0
RJET,2026-02-28,,0,,0
RJF,2026-01-31,,0,,0
RJF,2026-02-28,,0,,0
RKDA,2026-01-31,,0,,0
RKDA,2026-02-28,,0,,0
RKLB,2026-01-31,,0,,0
RKLB,2026-02-28,,0,,0
RKT,2026-01-31,,0,,0
RKT,2026-02-28,,0,,0
RKTO,2026-01-31,,0,,0
RKTO,2026-02-28,,0,,0
RL,2026-01-31,,0,,0
RL,2026-02-28,,0,,0
RLAY,2026-01-31,,0,,0
RLAY,2026-02-28,,0,,0
RLGT,2026-01-31,,0,,0
RLGT,2026-02-28,,0,,0
RLI,2026-01-31,,0,,0
RLI,2026-02-28,,0,,0
RLJ,2026-01-31,,0,,0
RLJ,2026-02-28,,0,,0
RLJ.PA,2026-01-31,,0,,0
RLJ.PA,2026-02-28,,0,,0
RLMD,2026-01-31,,0,,0
RLMD,2026-02-28,,0,,0
RLTY,2026-01-31,,0,,0
RLTY,2026-02-28,,0,,0
RLX,2026-01-31,,0,,0
RLX,2026-02-28,,0,,0
RLYB,2026-01-31,2026-06-01,1,,0
RLYB,2026-02-28,2026-06-01,1,,0
RM,2026-01-31,,0,,0
RM,2026-02-28,,0,,0
RMAX,2026-01-31,,0,,0
RMAX,2026-02-28,,0,,0
RMBI,2026-01-31,,0,,0
RMBI,2026-02-28,,0,,0
RMBS,2026-01-31,,0,,0
RMBS,2026-02-28,,0,,0
RMCF,2026-01-31,,0,,0
RMCF,2026-02-28,,0,,0
RMCO,2026-01-31,,0,,0
RMCO,2026-02-28,,0,,0
RMCOW,2026-01-31,,0,,0
RMCOW,2026-02-28,,0,,0
RMD,2026-01-31,,0,,0
RMD,2026-02-28,,0,,0
RMI,2026-01-31,,0,,0
RMI,2026-02-28,,0,,0
RMIX,2026-01-31,,0,,0
RMIX,2026-02-28,,0,,0
RMM,2026-01-31,,0,,0
RMM,2026-02-28,,0,,0
RMMZ,2026-01-31,,0,,0
RMMZ,2026-02-28,,0,,0
RMNI,2026-01-31,,0,,0
RMNI,2026-02-28,,0,,0
RMR,2026-01-31,,0,,0
RMR,2026-02-28,,0,,0
RMSG,2026-01-31,,0,,0
RMSG,2026-02-28,,0,,0
RMSGW,2026-01-31,,0,,0
RMSGW,2026-02-28,,0,,0
RMT,2026-01-31,,0,,0
RMT,2026-02-28,,0,,0
RMTI,2026-01-31,,0,,0
RMTI,2026-02-28,,0,,0
RNA,2026-01-31,,0,,0
RNA,2026-02-28,,0,,0
RNAC,2026-01-31,,0,,0
RNAC,2026-02-28,,0,,0
RNAZ,2026-01-31,,0,,0
RNAZ,2026-02-28,,0,,0
RNG,2026-01-31,,0,,0
RNG,2026-02-28,,0,,0
RNGR,2026-01-31,,0,,0
RNGR,2026-02-28,,0,,0
RNGT,2026-01-31,,0,,0
RNGT,2026-02-28,,0,,0
RNGTU,2026-01-31,,0,,0
RNGTU,2026-02-28,,0,,0
RNGTW,2026-01-31,,0,,0
RNGTW,2026-02-28,,0,,0
RNP,2026-01-31,,0,,0
RNP,2026-02-28,,0,,0
RNR,2026-01-31,,0,,0
RNR,2026-02-28,,0,,0
RNR.PF,2026-01-31,,0,,0
RNR.PF,2026-02-28,,0,,0
RNR.PG,2026-01-31,,0,,0
RNR.PG,2026-02-28,,0,,0
RNST,2026-01-31,,0,,0
RNST,2026-02-28,,0,,0
RNTX,2026-01-31,,0,,0
RNTX,2026-02-28,,0,,0
RNW,2026-01-31,,0,,0
RNW,2026-02-28,,0,,0
RNWWW,2026-01-31,,0,,0
RNWWW,2026-02-28,,0,,0
RNXT,2026-01-31,,0,,0
RNXT,2026-02-28,,0,,0
ROAD,2026-01-31,,0,,0
ROAD,2026-02-28,,0,,0
ROC,2026-01-31,,0,,0
ROC,2026-02-28,,0,,0
ROCK,2026-01-31,,0,,0
ROCK,2026-02-28,,0,,0
ROG,2026-01-31,,0,,0
ROG,2026-02-28,,0,,0
ROIV,2026-01-31,,0,,0
ROIV,2026-02-28,,0,,0
ROK,2026-01-31,,0,,0
ROK,2026-02-28,,0,,0
ROKU,2026-01-31,,0,,0
ROKU,2026-02-28,,0,,0
ROL,2026-01-31,,0,,0
ROL,2026-02-28,,0,,0
ROLR,2026-01-31,,0,,0
ROLR,2026-02-28,,0,,0
ROMA,2026-01-31,,0,,0
ROMA,2026-02-28,,0,,0
ROOT,2026-01-31,,0,,0
ROOT,2026-02-28,,0,,0
ROP,2026-01-31,,0,,0
ROP,2026-02-28,,0,,0
ROST,2026-01-31,,0,,0
ROST,2026-02-28,,0,,0
RPAY,2026-01-31,2026-04-17,1,,0
RPAY,2026-02-28,2026-04-17,1,,0
RPC,2026-01-31,,0,,0
RPC,2026-02-28,,0,,0
RPD,2026-01-31,,0,,0
RPD,2026-02-28,,0,,0
RPGL,2026-01-31,,0,,0
RPGL,2026-02-28,,0,,0
RPID,2026-01-31,,0,,0
RPID,2026-02-28,,0,,0
RPM,2026-01-31,,0,,0
RPM,2026-02-28,,0,,0
RPRX,2026-01-31,,0,,0
RPRX,2026-02-28,,0,,0
RPT,2026-01-31,,0,,0
RPT,2026-02-28,,0,,0
RPT.PC,2026-01-31,,0,,0
RPT.PC,2026-02-28,,0,,0
RQI,2026-01-31,,0,,0
RQI,2026-02-28,,0,,0
RR,2026-01-31,,0,,0
RR,2026-02-28,,0,,0
RRBI,2026-01-31,,0,,0
RRBI,2026-02-28,,0,,0
RRC,2026-01-31,,0,,0
RRC,2026-02-28,,0,,0
RREV,2026-01-31,,0,,0
RREV,2026-02-28,,0,,0
RREVU,2026-01-31,,0,,0
RREVU,2026-02-28,,0,,0
RREVW,2026-01-31,,0,,0
RREVW,2026-02-28,,0,,0
RRGB,2026-01-31,,0,,0
RRGB,2026-02-28,,0,,0
RRR,2026-01-31,,0,,0
RRR,2026-02-28,,0,,0
RRX,2026-01-31,,0,,0
RRX,2026-02-28,,0,,0
RS,2026-01-31,,0,,0
RS,2026-02-28,,0,,0
RSF,2026-01-31,,0,,0
RSF,2026-02-28,,0,,0
RSG,2026-01-31,,0,,0
RSG,2026-02-28,,0,,0
RSI,2026-01-31,,0,,0
RSI,2026-02-28,,0,,0
RSKD,2026-01-31,,0,,0
RSKD,2026-02-28,,0,,0
RSSS,2026-01-31,,0,,0
RSSS,2026-02-28,,0,,0
RSVR,2026-01-31,2026-03-03,1,,0
RSVR,2026-02-28,2026-03-03,1,,0
RSVRW,2026-01-31,,0,,0
RSVRW,2026-02-28,,0,,0
RTAC,2026-01-31,,0,,0
RTAC,2026-02-28,,0,,0
RTACU,2026-01-31,,0,,0
RTACU,2026-02-28,,0,,0
RTACW,2026-01-31,,0,,0
RTACW,2026-02-28,,0,,0
RTB,2026-01-31,,0,,0
RTB,2026-02-28,,0,,0
RTO,2026-01-31,,0,,0
RTO,2026-02-28,,0,,0
RTX,2026-01-31,,0,,0
RTX,2026-02-28,,0,,0
RUBI,2026-01-31,,0,,0
RUBI,2026-02-28,,0,,0
RUM,2026-01-31,,0,,0
RUM,2026-02-28,,0,,0
RUMBW,2026-01-31,,0,,0
RUMBW,2026-02-28,,0,,0
RUN,2026-01-31,,0,,0
RUN,2026-02-28,,0,,0
RUSHA,2026-01-31,,0,,0
RUSHA,2026-02-28,,0,,0
RUSHB,2026-01-31,,0,,0
RUSHB,2026-02-28,,0,,0
RVI,2026-01-31,,0,,0
RVI,2026-02-28,,0,,0
RVLV,2026-01-31,,0,,0
RVLV,2026-02-28,,0,,0
RVMD,2026-01-31,,0,,0
RVMD,2026-02-28,,0,,0
RVMDW,2026-01-31,,0,,0
RVMDW,2026-02-28,,0,,0
RVP,2026-01-31,,0,,0
RVP,2026-02-28,,0,,0
RVSB,2026-01-31,,0,,0
RVSB,2026-02-28,,0,,0
RVSN,2026-01-31,,0,,0
RVSN,2026-02-28,,0,,0
RVSNW,2026-01-31,,0,,0
RVSNW,2026-02-28,,0,,0
RVT,2026-01-31,,0,,0
RVT,2026-02-28,,0,,0
RVTY,2026-01-31,,0,,0
RVTY,2026-02-28,,0,,0
RWAY,2026-01-31,,0,,0
RWAY,2026-02-28,,0,,0
RWAYI,2026-01-31,,0,,0
RWAYI,2026-02-28,,0,,0
RWAYL,2026-01-31,,0,,0
RWAYL,2026-02-28,,0,,0
RWT,2026-01-31,,0,,0
RWT,2026-02-28,,0,,0
RWT.PA,2026-01-31,,0,,0
RWT.PA,2026-02-28,,0,,0
RWTN,2026-01-31,,0,,0
RWTN,2026-02-28,,0,,0
RWTO,2026-01-31,,0,,0
RWTO,2026-02-28,,0,,0
RWTP,2026-01-31,,0,,0
RWTP,2026-02-28,,0,,0
RWTQ,2026-01-31,,0,,0
RWTQ,2026-02-28,,0,,0
RWTS,2026-01-31,,0,,0
RWTS,2026-02-28,,0,,0
RXO,2026-01-31,,0,,0
RXO,2026-02-28,,0,,0
RXRX,2026-01-31,,0,,0
RXRX,2026-02-28,,0,,0
RXST,2026-01-31,,0,,0
RXST,2026-02-28,,0,,0
RXT,2026-01-31,,0,,0
RXT,2026-02-28,,0,,0
RY,2026-01-31,,0,,0
RY,2026-02-28,,0,,0
RYAAY,2026-01-31,,0,,0
RYAAY,2026-02-28,,0,,0
RYAM,2026-01-31,,0,,0
RYAM,2026-02-28,,0,,0
RYAN,2026-01-31,,0,,0
RYAN,2026-02-28,,0,,0
RYDE,2026-01-31,,0,,0
RYDE,2026-02-28,,0,,0
RYET,2026-01-31,,0,,0
RYET,2026-02-28,,0,,0
RYM,2026-01-31,,0,,0
RYM,2026-02-28,,0,,0
RYN,2026-01-31,,0,,0
RYN,2026-02-28,,0,,0
RYOJ,2026-01-31,,0,,0
RYOJ,2026-02-28,,0,,0
RYTM,2026-01-31,,0,,0
RYTM,2026-02-28,,0,,0
RYZ,2026-01-31,,0,,0
RYZ,2026-02-28,,0,,0
RZB,2026-01-31,,0,,0
RZB,2026-02-28,,0,,0
RZC,2026-01-31,,0,,0
RZC,2026-02-28,,0,,0
RZLT,2026-01-31,,0,,0
RZLT,2026-02-28,,0,,0
RZLV,2026-01-31,,0,,0
RZLV,2026-02-28,,0,,0
RZLVW,2026-01-31,,0,,0
RZLVW,2026-02-28,,0,,0
S,2026-01-31,,0,,0
S,2026-02-28,,0,,0
SA,2026-01-31,,0,,0
SA,2026-02-28,,0,,0
SAAQ,2026-01-31,,0,,0
SAAQ,2026-02-28,,0,,0
SAAQU,2026-01-31,,0,,0
SAAQU,2026-02-28,,0,,0
SAAQW,2026-01-31,,0,,0
SAAQW,2026-02-28,,0,,0
SABA,2026-01-31,,0,,0
SABA,2026-02-28,,0,,0
SABR,2026-01-31,,0,,0
SABR,2026-02-28,,0,,0
SABS,2026-01-31,,0,,0
SABS,2026-02-28,,0,,0
SABSW,2026-01-31,,0,,0
SABSW,2026-02-28,,0,,0
SAC,2026-01-31,,0,,0
SAC,2026-02-28,,0,,0
SAC.UN,2026-01-31,,0,,0
SAC.UN,2026-02-28,,0,,0
SAC.WT,2026-01-31,,0,,0
SAC.WT,2026-02-28,,0,,0
SACH,2026-01-31,2026-05-18,1,,0
SACH,2026-02-28,2026-05-18,1,,0
SACH.PA,2026-01-31,,0,,0
SACH.PA,2026-02-28,,0,,0
SAFE,2026-01-31,,0,,0
SAFE,2026-02-28,,0,,0
SAFT,2026-01-31,,0,,0
SAFT,2026-02-28,,0,,0
SAFX,2026-01-31,,0,,0
SAFX,2026-02-28,,0,,0
SAGT,2026-01-31,,0,,0
SAGT,2026-02-28,,0,,0
SAGU,2026-01-31,,0,,0
SAGU,2026-02-28,,0,,0
SAGU.RI,2026-01-31,,0,,0
SAGU.RI,2026-02-28,,0,,0
SAGU.UN,2026-01-31,,0,,0
SAGU.UN,2026-02-28,,0,,0
SAGU.WT,2026-01-31,,0,,0
SAGU.WT,2026-02-28,,0,,0
SAH,2026-01-31,,0,,0
SAH,2026-02-28,,0,,0
SAIA,2026-01-31,,0,,0
SAIA,2026-02-28,,0,,0
SAIC,2026-01-31,,0,,0
SAIC,2026-02-28,,0,,0
SAIH,2026-01-31,,0,,0
SAIH,2026-02-28,,0,,0
SAIHW,2026-01-31,,0,,0
SAIHW,2026-02-28,,0,,0
SAIL,2026-01-31,,0,,0
SAIL,2026-02-28,,0,,0
SAJ,2026-01-31,,0,,0
SAJ,2026-02-28,,0,,0
SAM,2026-01-31,,0,,0
SAM,2026-02-28,,0,,0
SAMG,2026-01-31,,0,,0
SAMG,2026-02-28,,0,,0
SAN,2026-01-31,,0,2026-02-03,1
SAN,2026-02-28,,0,,0
SANA,2026-01-31,,0,,0
SANA,2026-02-28,,0,,0
SANG,2026-01-31,,0,,0
SANG,2026-02-28,,0,,0
SANM,2026-01-31,,0,,0
SANM,2026-02-28,,0,,0
SAP,2026-01-31,,0,,0
SAP,2026-02-28,,0,,0
SAR,2026-01-31,,0,,0
SAR,2026-02-28,,0,,0
SARO,2026-01-31,,0,,0
SARO,2026-02-28,,0,,0
SAT,2026-01-31,,0,,0
SAT,2026-02-28,,0,,0
SATA,2026-01-31,,0,,0
SATA,2026-02-28,,0,,0
SATL,2026-01-31,,0,,0
SATL,2026-02-28,,0,,0
SATLW,2026-01-31,,0,,0
SATLW,2026-02-28,,0,,0
SATS,2026-01-31,,0,,0
SATS,2026-02-28,,0,,0
SAV,2026-01-31,,0,,0
SAV,2026-02-28,,0,,0
SAY,2026-01-31,,0,,0
SAY,2026-02-28,,0,,0
SAZ,2026-01-31,,0,,0
SAZ,2026-02-28,,0,,0
SB,2026-01-31,,0,,0
SB,2026-02-28,,0,,0
SB.PC,2026-01-31,,0,,0
SB.PC,2026-02-28,,0,,0
SB.PD,2026-01-31,,0,,0
SB.PD,2026-02-28,,0,,0
SBAC,2026-01-31,,0,,0
SBAC,2026-02-28,,0,,0
SBC,2026-01-31,,0,,0
SBC,2026-02-28,,0,,0
SBCF,2026-01-31,,0,,0
SBCF,2026-02-28,,0,,0
SBCWW,2026-01-31,,0,,0
SBCWW,2026-02-28,,0,,0
SBET,2026-01-31,,0,,0
SBET,2026-02-28,,0,,0
SBEV,2026-01-31,,0,,0
SBEV,2026-02-28,,0,,0
SBFG,2026-01-31,,0,,0
SBFG,2026-02-28,,0,,0
SBFM,2026-01-31,,0,,0
SBFM,2026-02-28,,0,,0
SBFMW,2026-01-31,,0,,0
SBFMW,2026-02-28,,0,,0
SBGI,2026-01-31,,0,,0
SBGI,2026-02-28,,0,,0
SBH,2026-01-31,,0,,0
SBH,2026-02-28,,0,,0
SBI,2026-01-31,,0,,0
SBI,2026-02-28,,0,,0
SBLK,2026-01-31,,0,,0
SBLK,2026-02-28,,0,,0
SBMT,2026-01-31,,0,,0
SBMT,2026-02-28,,0,,0
SBR,2026-01-31,,0,,0
SBR,2026-02-28,,0,,0
SBRA,2026-01-31,,0,,0
SBRA,2026-02-28,,0,,0
SBS,2026-01-31,,0,,0
SBS,2026-02-28,,0,,0
SBSI,2026-01-31,,0,,0
SBSI,2026-02-28,,0,,0
SBSW,2026-01-31,,0,,0
SBSW,2026-02-28,,0,,0
SBUX,2026-01-31,,0,,0
SBUX,2026-02-28,,0,,0
SBXD,2026-01-31,,0,,0
SBXD,2026-02-28,,0,,0
SBXD.UN,2026-01-31,,0,,0
SBXD.UN,2026-02-28,,0,,0
SBXD.WT,2026-01-31,,0,,0
SBXD.WT,2026-02-28,,0,,0
SBXE,2026-01-31,,0,,0
SBXE,2026-02-28,,0,,0
SBXE.UN,2026-01-31,,0,,0
SBXE.UN,2026-02-28,,0,,0
SBXE.WT,2026-01-31,,0,,0
SBXE.WT,2026-02-28,,0,,0
SCAG,2026-01-31,,0,,0
SCAG,2026-02-28,,0,,0
SCAGW,2026-01-31,,0,,0
SCAGW,2026-02-28,,0,,0
SCCD,2026-01-31,,0,,0
SCCD,2026-02-28,,0,,0
SCCE,2026-01-31,,0,,0
SCCE,2026-02-28,,0,,0
SCCF,2026-01-31,,0,,0
SCCF,2026-02-28,,0,,0
SCCG,2026-01-31,,0,,0
SCCG,2026-02-28,,0,,0
SCCO,2026-01-31,,0,,0
SCCO,2026-02-28,,0,,0
SCD,2026-01-31,,0,,0
SCD,2026-02-28,,0,,0
SCDL,2026-01-31,,0,,0
SCDL,2026-02-28,,0,,0
SCE.PG,2026-01-31,,0,,0
SCE.PG,2026-02-28,,0,,0
SCE.PL,2026-01-31,,0,,0
SCE.PL,2026-02-28,,0,,0
SCE.PM,2026-01-31,,0,,0
SCE.PM,2026-02-28,,0,,0
SCE.PN,2026-01-31,,0,,0
SCE.PN,2026-02-28,,0,,0
SCHL,2026-01-31,,0,,0
SCHL,2026-02-28,,0,,0
SCHW,2026-01-31,,0,,0
SCHW,2026-02-28,,0,,0
SCHW.PD,2026-01-31,,0,,0
SCHW.PD,2026-02-28,,0,,0
SCHW.PJ,2026-01-31,,0,,0
SCHW.PJ,2026-02-28,,0,,0
SCI,2026-01-31,,0,,0
SCI,2026-02-28,,0,,0
SCII,2026-01-31,,0,,0
SCII,2026-02-28,,0,,0
SCIIR,2026-01-31,,0,,0
SCIIR,2026-02-28,,0,,0
SCIIU,2026-01-31,,0,,0
SCIIU,2026-02-28,,0,,0
SCKT,2026-01-31,,0,,0
SCKT,2026-02-28,,0,,0
SCL,2026-01-31,,0,,0
SCL,2026-02-28,,0,,0
SCLX,2026-01-31,,0,,0
SCLX,2026-02-28,,0,,0
SCLXW,2026-01-31,,0,,0
SCLXW,2026-02-28,,0,,0
SCM,2026-01-31,,0,,0
SCM,2026-02-28,,0,,0
SCNI,2026-01-31,,0,,0
SCNI,2026-02-28,,0,,0
SCNX,2026-01-31,,0,,0
SCNX,2026-02-28,,0,,0
SCO,2026-01-31,,0,,0
SCO,2026-02-28,,0,,0
SCOP,2026-01-31,,0,,0
SCOP,2026-02-28,,0,,0
SCOR,2026-01-31,,0,,0
SCOR,2026-02-28,,0,,0
SCPQ,2026-01-31,,0,,0
SCPQ,2026-02-28,,0,,0
SCPQU,2026-01-31,,0,,0
SCPQU,2026-02-28,,0,,0
SCPQW,2026-01-31,,0,,0
SCPQW,2026-02-28,,0,,0
SCSC,2026-01-31,,0,,0
SCSC,2026-02-28,,0,,0
SCVL,2026-01-31,,0,,0
SCVL,2026-02-28,,0,,0
SCWO,2026-01-31,,0,,0
SCWO,2026-02-28,,0,,0
SCYX,2026-01-31,,0,,0
SCYX,2026-02-28,,0,,0
SCZM,2026-01-31,,0,,0
SCZM,2026-02-28,,0,,0
SD,2026-01-31,,0,,0
SD,2026-02-28,,0,,0
SDA,2026-01-31,,0,,0
SDA,2026-02-28,,0,,0
SDAWW,2026-01-31,,0,,0
SDAWW,2026-02-28,,0,,0
SDEV,2026-01-31,,0,,0
SDEV,2026-02-28,,0,,0
SDGR,2026-01-31,,0,,0
SDGR,2026-02-28,,0,,0
SDHC,2026-01-31,,0,,0
SDHC,2026-02-28,,0,,0
SDHI,2026-01-31,,0,,0
SDHI,2026-02-28,,0,,0
SDHIR,2026-01-31,,0,,0
SDHIR,2026-02-28,,0,,0
SDHIU,2026-01-31,,0,,0
SDHIU,2026-02-28,,0,,0
SDHY,2026-01-31,,0,,0
SDHY,2026-02-28,,0,,0
SDM,2026-01-31,,0,,0
SDM,2026-02-28,,0,,0
SDOT,2026-01-31,,0,,0
SDOT,2026-02-28,,0,,0
SDRL,2026-01-31,,0,,0
SDRL,2026-02-28,,0,,0
SDST,2026-01-31,,0,,0
SDST,2026-02-28,,0,,0
SDSTW,2026-01-31,,0,,0
SDSTW,2026-02-28,,0,,0
SE,2026-01-31,,0,,0
SE,2026-02-28,,0,,0
SEAL.PA,2026-01-31,,0,,0
SEAL.PA,2026-02-28,,0,,0
SEAL.PB,2026-01-31,,0,,0
SEAL.PB,2026-02-28,,0,,0
SEAT,2026-01-31,,0,,0
SEAT,2026-02-28,,0,,0
SEATW,2026-01-31,,0,,0
SEATW,2026-02-28,,0,,0
SEB,2026-01-31,,0,,0
SEB,2026-02-28,,0,,0
SEDG,2026-01-31,,0,,0
SEDG,2026-02-28,,0,,0
SEED,2026-01-31,,0,,0
SEED,2026-02-28,,0,,0
SEER,2026-01-31,,0,,0
SEER,2026-02-28,,0,,0
SEG,2026-01-31,,0,,0
SEG,2026-02-28,,0,,0
SEGG,2026-01-31,,0,,0
SEGG,2026-02-28,,0,,0
SEI,2026-01-31,,0,,0
SEI,2026-02-28,,0,,0
SEIC,2026-01-31,,0,,0
SEIC,2026-02-28,,0,,0
SELF,2026-01-31,,0,,0
SELF,2026-02-28,,0,,0
SELX,2026-01-31,,0,,0
SELX,2026-02-28,,0,,0
SEM,2026-01-31,,0,,0
SEM,2026-02-28,,0,,0
SENEA,2026-01-31,,0,,0
SENEA,2026-02-28,,0,,0
SENEB,2026-01-31,,0,,0
SENEB,2026-02-28,,0,,0
SENS,2026-01-31,,0,,0
SENS,2026-02-28,,0,,0
SEPN,2026-01-31,,0,,0
SEPN,2026-02-28,,0,,0
SER,2026-01-31,,0,,0
SER,2026-02-28,,0,,0
SERA,2026-01-31,,0,,0
SERA,2026-02-28,,0,,0
SERV,2026-01-31,,0,,0
SERV,2026-02-28,,0,,0
SES,2026-01-31,,0,,0
SES,2026-02-28,,0,,0
SES.WT,2026-01-31,,0,,0
SES.WT,2026-02-28,,0,,0
SEV,2026-01-31,,0,,0
SEV,2026-02-28,,0,,0
SEVN,2026-01-31,,0,,0
SEVN,2026-02-28,,0,,0
SEZL,2026-01-31,,0,,0
SEZL,2026-02-28,,0,,0
SF,2026-01-31,,0,,0
SF,2026-02-28,,0,,0
SF.PB,2026-01-31,,0,,0
SF.PB,2026-02-28,,0,,0
SF.PC,2026-01-31,,0,,0
SF.PC,2026-02-28,,0,,0
SF.PD,2026-01-31,,0,,0
SF.PD,2026-02-28,,0,,0
SFB,2026-01-31,,0,,0
SFB,2026-02-28,,0,,0
SFBC,2026-01-31,,0,,0
SFBC,2026-02-28,,0,,0
SFBS,2026-01-31,,0,,0
SFBS,2026-02-28,,0,,0
SFD,2026-01-31,,0,,0
SFD,2026-02-28,,0,,0
SFHG,2026-01-31,,0,,0
SFHG,2026-02-28,,0,,0
SFIX,2026-01-31,,0,,0
SFIX,2026-02-28,,0,,0
SFL,2026-01-31,,0,,0
SFL,2026-02-28,,0,,0
SFM,2026-01-31,,0,,0
SFM,2026-02-28,,0,,0
SFNC,2026-01-31,,0,,0
SFNC,2026-02-28,,0,,0
SFST,2026-01-31,,0,,0
SFST,2026-02-28,,0,,0
SFWL,2026-01-31,,0,,0
SFWL,2026-02-28,,0,,0
SG,2026-01-31,,0,,0
SG,2026-02-28,,0,,0
SGA,2026-01-31,,0,,0
SGA,2026-02-28,,0,,0
SGC,2026-01-31,,0,,0
SGC,2026-02-28,,0,,0
SGHC,2026-01-31,,0,,0
SGHC,2026-02-28,,0,,0
SGHT,2026-01-31,,0,,0
SGHT,2026-02-28,,0,,0
SGI,2026-01-31,,0,,0
SGI,2026-02-28,,0,,0
SGLY,2026-01-31,,0,,0
SGLY,2026-02-28,,0,,0
SGML,2026-01-31,,0,,0
SGML,2026-02-28,,0,,0
SGMT,2026-01-31,,0,,0
SGMT,2026-02-28,,0,,0
SGOL,2026-01-31,,0,,0
SGOL,2026-02-28,,0,,0
SGP,2026-01-31,,0,,0
SGP,2026-02-28,,0,,0
SGRP,2026-01-31,,0,,0
SGRP,2026-02-28,,0,,0
SGRY,2026-01-31,,0,,0
SGRY,2026-02-28,,0,,0
SGU,2026-01-31,,0,,0
SGU,2026-02-28,,0,,0
SHAK,2026-01-31,,0,,0
SHAK,2026-02-28,,0,,0
SHAZ,2026-01-31,,0,,0
SHAZ,2026-02-28,,0,,0
SHBI,2026-01-31,,0,,0
SHBI,2026-02-28,,0,,0
SHC,2026-01-31,,0,,0
SHC,2026-02-28,,0,,0
SHEL,2026-01-31,,0,,0
SHEL,2026-02-28,,0,,0
SHEN,2026-01-31,,0,,0
SHEN,2026-02-28,,0,,0
SHFS,2026-01-31,,0,,0
SHFS,2026-02-28,,0,,0
SHFSW,2026-01-31,,0,,0
SHFSW,2026-02-28,,0,,0
SHG,2026-01-31,,0,,0
SHG,2026-02-28,,0,,0
SHIM,2026-01-31,,0,,0
SHIM,2026-02-28,,0,,0
SHIP,2026-01-31,,0,,0
SHIP,2026-02-28,,0,,0
SHLS,2026-01-31,,0,,0
SHLS,2026-02-28,,0,,0
SHMD,2026-01-31,,0,,0
SHMD,2026-02-28,,0,,0
SHMDW,2026-01-31,,0,,0
SHMDW,2026-02-28,,0,,0
SHNY,2026-01-31,,0,,0
SHNY,2026-02-28,,0,,0
SHO,2026-01-31,,0,,0
SHO,2026-02-28,,0,,0
SHO.PH,2026-01-31,,0,,0
SHO.PH,2026-02-28,,0,,0
SHO.PI,2026-01-31,,0,,0
SHO.PI,2026-02-28,,0,,0
SHOE,2026-01-31,,0,,0
SHOE,2026-02-28,,0,,0
SHOO,2026-01-31,,0,,0
SHOO,2026-02-28,,0,,0
SHOP,2026-01-31,,0,,0
SHOP,2026-02-28,,0,,0
SHOTU,2026-01-31,,0,,0
SHOTU,2026-02-28,,0,,0
SHPH,2026-01-31,,0,,0
SHPH,2026-02-28,,0,,0
SHW,2026-01-31,,0,,0
SHW,2026-02-28,,0,,0
SI,2026-01-31,,0,,0
SI,2026-02-28,,0,,0
SIBN,2026-01-31,,0,,0
SIBN,2026-02-28,,0,,0
SID,2026-01-31,,0,,0
SID,2026-02-28,,0,,0
SIDU,2026-01-31,,0,,0
SIDU,2026-02-28,,0,,0
SIEB,2026-01-31,,0,,0
SIEB,2026-02-28,,0,,0
SIF,2026-01-31,,0,,0
SIF,2026-02-28,,0,,0
SIFY,2026-01-31,,0,,0
SIFY,2026-02-28,,0,,0
SIG,2026-01-31,,0,,0
SIG,2026-02-28,,0,,0
SIGA,2026-01-31,,0,,0
SIGA,2026-02-28,,0,,0
SIGI,2026-01-31,,0,,0
SIGI,2026-02-28,,0,,0
SIGIP,2026-01-31,,0,,0
SIGIP,2026-02-28,,0,,0
SII,2026-01-31,,0,,0
SII,2026-02-28,,0,,0
SILA,2026-01-31,2026-04-20,1,,0
SILA,2026-02-28,2026-04-20,1,,0
SILC,2026-01-31,,0,,0
SILC,2026-02-28,,0,,0
SILO,2026-01-31,,0,,0
SILO,2026-02-28,,0,,0
SIM,2026-01-31,,0,,0
SIM,2026-02-28,,0,,0
SIMA,2026-01-31,2026-04-28,1,,0
SIMA,2026-02-28,2026-04-28,1,,0
SIMAU,2026-01-31,,0,,0
SIMAU,2026-02-28,,0,,0
SIMAW,2026-01-31,,0,,0
SIMAW,2026-02-28,,0,,0
SIMO,2026-01-31,,0,,0
SIMO,2026-02-28,,0,,0
SINT,2026-01-31,,0,,0
SINT,2026-02-28,,0,,0
SION,2026-01-31,,0,,0
SION,2026-02-28,,0,,0
SIRI,2026-01-31,,0,,0
SIRI,2026-02-28,,0,,0
SITC,2026-01-31,,0,,0
SITC,2026-02-28,,0,,0
SITE,2026-01-31,,0,,0
SITE,2026-02-28,,0,,0
SITM,2026-01-31,,0,,0
SITM,2026-02-28,,0,,0
SIVR,2026-01-31,,0,,0
SIVR,2026-02-28,,0,,0
SJ,2026-01-31,,0,,0
SJ,2026-02-28,,0,,0
SJM,2026-01-31,,0,,0
SJM,2026-02-28,,0,,0
SJT,2026-01-31,,0,,0
SJT,2026-02-28,,0,,0
SKBL,2026-01-31,,0,,0
SKBL,2026-02-28,,0,,0
SKE,2026-01-31,,0,,0
SKE,2026-02-28,,0,,0
SKIL,2026-01-31,,0,,0
SKIL,2026-02-28,,0,,0
SKIN,2026-01-31,,0,,0
SKIN,2026-02-28,,0,,0
SKK,2026-01-31,,0,,0
SKK,2026-02-28,,0,,0
SKLZ,2026-01-31,,0,,0
SKLZ,2026-02-28,,0,,0
SKM,2026-01-31,,0,,0
SKM,2026-02-28,,0,,0
SKT,2026-01-31,,0,,0
SKT,2026-02-28,,0,,0
SKWD,2026-01-31,,0,,0
SKWD,2026-02-28,,0,,0
SKY,2026-01-31,,0,,0
SKY,2026-02-28,,0,,0
SKYA,2026-01-31,,0,,0
SKYA,2026-02-28,,0,,0
SKYAW,2026-01-31,,0,,0
SKYAW,2026-02-28,,0,,0
SKYE,2026-01-31,,0,,0
SKYE,2026-02-28,,0,,0
SKYH,2026-01-31,,0,,0
SKYH,2026-02-28,,0,,0
SKYH.WT,2026-01-31,,0,,0
SKYH.WT,2026-02-28,,0,,0
SKYQ,2026-01-31,,0,,0
SKYQ,2026-02-28,,0,,0
SKYT,2026-01-31,,0,,0
SKYT,2026-02-28,,0,,0
SKYW,2026-01-31,,0,,0
SKYW,2026-02-28,,0,,0
SKYX,2026-01-31,,0,,0
SKYX,2026-02-28,,0,,0
SLAB,2026-01-31,2026-02-04,1,,0
SLAB,2026-02-28,,0,,0
SLAI,2026-01-31,2026-03-12,1,,0
SLAI,2026-02-28,2026-03-12,1,,0
SLB,2026-01-31,,0,,0
SLB,2026-02-28,,0,,0
SLDB,2026-01-31,,0,,0
SLDB,2026-02-28,,0,,0
SLDE,2026-01-31,,0,,0
SLDE,2026-02-28,,0,,0
SLDP,2026-01-31,,0,,0
SLDP,2026-02-28,,0,,0
SLDPW,2026-01-31,,0,,0
SLDPW,2026-02-28,,0,,0
SLE,2026-01-31,,0,,0
SLE,2026-02-28,,0,,0
SLF,2026-01-31,,0,,0
SLF,2026-02-28,,0,,0
SLG,2026-01-31,,0,,0
SLG,2026-02-28,,0,,0
SLG.PI,2026-01-31,,0,,0
SLG.PI,2026-02-28,,0,,0
SLGB,2026-01-31,,0,,0
SLGB,2026-02-28,,0,,0
SLGL,2026-01-31,,0,,0
SLGL,2026-02-28,,0,,0
SLGN,2026-01-31,,0,,0
SLGN,2026-02-28,,0,,0
SLI,2026-01-31,,0,,0
SLI,2026-02-28,,0,,0
SLM,2026-01-31,,0,,0
SLM,2026-02-28,,0,,0
SLMBP,2026-01-31,,0,,0
SLMBP,2026-02-28,,0,,0
SLMT,2026-01-31,,0,,0
SLMT,2026-02-28,,0,,0
SLN,2026-01-31,,0,,0
SLN,2026-02-28,,0,,0
SLND,2026-01-31,,0,,0
SLND,2026-02-28,,0,,0
SLND.WT,2026-01-31,,0,,0
SLND.WT,2026-02-28,,0,,0
SLNG,2026-01-31,,0,,0
SLNG,2026-02-28,,0,,0
SLNH,2026-01-31,,0,,0
SLNH,2026-02-28,,0,,0
SLNHP,2026-01-31,,0,,0
SLNHP,2026-02-28,,0,,0
SLP,2026-01-31,,0,,0
SLP,2026-02-28,,0,,0
SLQT,2026-01-31,,0,,0
SLQT,2026-02-28,,0,,0
SLRC,2026-01-31,,0,,0
SLRC,2026-02-28,,0,,0
SLS,2026-01-31,,0,,0
SLS,2026-02-28,,0,,0
SLSN,2026-01-31,,0,,0
SLSN,2026-02-28,,0,,0
SLSR,2026-01-31,,0,,0
SLSR,2026-02-28,,0,,0
SLV,2026-01-31,,0,,0
SLV,2026-02-28,,0,,0
SLVM,2026-01-31,,0,,0
SLVM,2026-02-28,,0,,0
SLVO,2026-01-31,,0,,0
SLVO,2026-02-28,,0,,0
SLXN,2026-01-31,,0,,0
SLXN,2026-02-28,,0,,0
SLXNW,2026-01-31,,0,,0
SLXNW,2026-02-28,,0,,0
SM,2026-01-31,,0,,0
SM,2026-02-28,,0,,0
SMA,2026-01-31,,0,,0
SMA,2026-02-28,,0,,0
SMBC,2026-01-31,,0,,0
SMBC,2026-02-28,,0,,0
SMBK,2026-01-31,,0,,0
SMBK,2026-02-28,,0,,0
SMC,2026-01-31,,0,,0
SMC,2026-02-28,,0,,0
SMCI,2026-01-31,,0,,0
SMCI,2026-02-28,,0,,0
SMFG,2026-01-31,,0,,0
SMFG,2026-02-28,,0,,0
SMG,2026-01-31,,0,,0
SMG,2026-02-28,,0,,0
SMHB,2026-01-31,,0,,0
SMHB,2026-02-28,,0,,0
SMHI,2026-01-31,,0,,0
SMHI,2026-02-28,,0,,0
SMID,2026-01-31,,0,,0
SMID,2026-02-28,,0,,0
SMJF,2026-01-31,,0,,0
SMJF,2026-02-28,,0,,0
SMMT,2026-01-31,,0,,0
SMMT,2026-02-28,,0,,0
SMP,2026-01-31,,0,,0
SMP,2026-02-28,,0,,0
SMPL,2026-01-31,,0,,0
SMPL,2026-02-28,,0,,0
SMR,2026-01-31,2026-04-23,1,,0
SMR,2026-02-28,2026-04-23,1,,0
SMRT,2026-01-31,,0,,0
SMRT,2026-02-28,,0,,0
SMSI,2026-01-31,,0,,0
SMSI,2026-02-28,,0,,0
SMTC,2026-01-31,,0,,0
SMTC,2026-02-28,,0,,0
SMTI,2026-01-31,,0,,0
SMTI,2026-02-28,,0,,0
SMTK,2026-01-31,,0,,0
SMTK,2026-02-28,,0,,0
SMWB,2026-01-31,,0,,0
SMWB,2026-02-28,,0,,0
SMX,2026-01-31,,0,,0
SMX,2026-02-28,,0,,0
SMXT,2026-01-31,,0,,0
SMXT,2026-02-28,,0,,0
SMXWW,2026-01-31,,0,,0
SMXWW,2026-02-28,,0,,0
SN,2026-01-31,,0,,0
SN,2026-02-28,,0,,0
SNA,2026-01-31,,0,,0
SNA,2026-02-28,,0,,0
SNAL,2026-01-31,,0,,0
SNAL,2026-02-28,,0,,0
SNAP,2026-01-31,,0,,0
SNAP,2026-02-28,,0,,0
SNBR,2026-01-31,,0,,0
SNBR,2026-02-28,,0,,0
SND,2026-01-31,,0,,0
SND,2026-02-28,,0,,0
SNDA,2026-01-31,,0,,0
SNDA,2026-02-28,,0,,0
SNDK,2026-01-31,,0,,0
SNDK,2026-02-28,,0,,0
SNDL,2026-01-31,,0,,0
SNDL,2026-02-28,,0,,0
SNDR,2026-01-31,,0,,0
SNDR,2026-02-28,,0,,0
SNDX,2026-01-31,,0,,0
SNDX,2026-02-28,,0,,0
SNES,2026-01-31,,0,,0
SNES,2026-02-28,,0,,0
SNEX,2026-01-31,,0,,0
SNEX,2026-02-28,,0,,0
SNFCA,2026-01-31,,0,,0
SNFCA,2026-02-28,,0,,0
SNGX,2026-01-31,,0,,0
SNGX,2026-02-28,,0,,0
SNN,2026-01-31,,0,,0
SNN,2026-02-28,,0,,0
SNOA,2026-01-31,,0,,0
SNOA,2026-02-28,,0,,0
SNOW,2026-01-31,,0,,0
SNOW,2026-02-28,,0,,0
SNPS,2026-01-31,,0,,0
SNPS,2026-02-28,,0,,0
SNSE,2026-01-31,,0,,0
SNSE,2026-02-28,,0,,0
SNT,2026-01-31,,0,,0
SNT,2026-02-28,,0,,0
SNTG,2026-01-31,,0,,0
SNTG,2026-02-28,,0,,0
SNTI,2026-01-31,,0,,0
SNTI,2026-02-28,,0,,0
SNWV,2026-01-31,,0,,0
SNWV,2026-02-28,,0,,0
SNX,2026-01-31,,0,,0
SNX,2026-02-28,,0,,0
SNY,2026-01-31,,0,,0
SNY,2026-02-28,,0,,0
SNYR,2026-01-31,,0,,0
SNYR,2026-02-28,,0,,0
SO,2026-01-31,,0,,0
SO,2026-02-28,,0,,0
SOAR,2026-01-31,,0,,0
SOAR,2026-02-28,,0,,0
SOBO,2026-01-31,,0,,0
SOBO,2026-02-28,,0,,0
SOBR,2026-01-31,2026-04-30,1,,0
SOBR,2026-02-28,2026-04-30,1,,0
SOC,2026-01-31,,0,,0
SOC,2026-02-28,,0,,0
SOCA,2026-01-31,,0,,0
SOCA,2026-02-28,,0,,0
SOCAU,2026-01-31,,0,,0
SOCAU,2026-02-28,,0,,0
SOCAW,2026-01-31,,0,,0
SOCAW,2026-02-28,,0,,0
SOEZ,2026-01-31,,0,,0
SOEZ,2026-02-28,,0,,0
SOFI,2026-01-31,,0,,0
SOFI,2026-02-28,,0,,0
SOGP,2026-01-31,,0,,0
SOGP,2026-02-28,,0,,0
SOHU,2026-01-31,,0,,0
SOHU,2026-02-28,,0,,0
SOJC,2026-01-31,,0,,0
SOJC,2026-02-28,,0,,0
SOJD,2026-01-31,,0,,0
SOJD,2026-02-28,,0,,0
SOJE,2026-01-31,,0,,0
SOJE,2026-02-28,,0,,0
SOJF,2026-01-31,,0,,0
SOJF,2026-02-28,,0,,0
SOLC,2026-01-31,,0,,0
SOLC,2026-02-28,,0,,0
SOLS,2026-01-31,,0,,0
SOLS,2026-02-28,,0,,0
SOLV,2026-01-31,,0,,0
SOLV,2026-02-28,,0,,0
SOMN,2026-01-31,,0,,0
SOMN,2026-02-28,,0,,0
SON,2026-01-31,,0,,0
SON,2026-02-28,,0,,0
SONM,2026-01-31,,0,,0
SONM,2026-02-28,,0,,0
SONO,2026-01-31,,0,,0
SONO,2026-02-28,,0,,0
SONY,2026-01-31,,0,,0
SONY,2026-02-28,,0,,0
SOPH,2026-01-31,,0,,0
SOPH,2026-02-28,,0,,0
SOR,2026-01-31,,0,,0
SOR,2026-02-28,,0,,0
SORA,2026-01-31,,0,,0
SORA,2026-02-28,,0,,0
SORN,2026-01-31,,0,,0
SORN,2026-02-28,,0,,0
SORNU,2026-01-31,,0,,0
SORNU,2026-02-28,,0,,0
SORNW,2026-01-31,,0,,0
SORNW,2026-02-28,,0,,0
SOS,2026-01-31,,0,,0
SOS,2026-02-28,,0,,0
SOTK,2026-01-31,,0,,0
SOTK,2026-02-28,,0,,0
SOUL,2026-01-31,,0,,0
SOUL,2026-02-28,,0,,0
SOUL.RI,2026-01-31,,0,,0
SOUL.RI,2026-02-28,,0,,0
SOUL.UN,2026-01-31,,0,,0
SOUL.UN,2026-02-28,,0,,0
SOUN,2026-01-31,,0,2026-04-21,1
SOUN,2026-02-28,,0,2026-04-21,1
SOUNW,2026-01-31,,0,,0
SOUNW,2026-02-28,,0,,0
SOWG,2026-01-31,,0,,0
SOWG,2026-02-28,,0,,0
SOYB,2026-01-31,,0,,0
SOYB,2026-02-28,,0,,0
SPAI,2026-01-31,,0,,0
SPAI,2026-02-28,,0,,0
SPB,2026-01-31,,0,,0
SPB,2026-02-28,,0,,0
SPCB,2026-01-31,,0,,0
SPCB,2026-02-28,,0,,0
SPCE,2026-01-31,,0,,0
SPCE,2026-02-28,,0,,0
SPCX,2026-01-31,,0,,0
SPCX,2026-02-28,,0,,0
SPE,2026-01-31,,0,,0
SPE,2026-02-28,,0,,0
SPE.PC,2026-01-31,,0,,0
SPE.PC,2026-02-28,,0,,0
SPEG,2026-01-31,,0,,0
SPEG,2026-02-28,,0,,0
SPEGR,2026-01-31,,0,,0
SPEGR,2026-02-28,,0,,0
SPEGU,2026-01-31,,0,,0
SPEGU,2026-02-28,,0,,0
SPFI,2026-01-31,,0,,0
SPFI,2026-02-28,,0,,0
SPG,2026-01-31,,0,,0
SPG,2026-02-28,,0,,0
SPG.PJ,2026-01-31,,0,,0
SPG.PJ,2026-02-28,,0,,0
SPGI,2026-01-31,,0,,0
SPGI,2026-02-28,,0,,0
SPH,2026-01-31,,0,,0
SPH,2026-02-28,,0,,0
SPHL,2026-01-31,,0,,0
SPHL,2026-02-28,,0,,0
SPHR,2026-01-31,,0,,0
SPHR,2026-02-28,,0,,0
SPIR,2026-01-31,,0,,0
SPIR,2026-02-28,,0,,0
SPKL,2026-01-31,,0,,0
SPKL,2026-02-28,,0,,0
SPKLU,2026-01-31,,0,,0
SPKLU,2026-02-28,,0,,0
SPKLW,2026-01-31,,0,,0
SPKLW,2026-02-28,,0,,0
SPMA,2026-01-31,,0,,0
SPMA,2026-02-28,,0,,0
SPMC,2026-01-31,,0,,0
SPMC,2026-02-28,,0,,0
SPME,2026-01-31,,0,,0
SPME,2026-02-28,,0,,0
SPNT,2026-01-31,,0,,0
SPNT,2026-02-28,,0,,0
SPOK,2026-01-31,,0,,0
SPOK,2026-02-28,,0,,0
SPOT,2026-01-31,,0,,0
SPOT,2026-02-28,,0,,0
SPPL,2026-01-31,,0,,0
SPPL,2026-02-28,,0,,0
SPPP,2026-01-31,,0,,0
SPPP,2026-02-28,,0,,0
SPRB,2026-01-31,,0,,0
SPRB,2026-02-28,,0,,0
SPRC,2026-01-31,,0,,0
SPRC,2026-02-28,,0,,0
SPRO,2026-01-31,,0,,0
SPRO,2026-02-28,,0,,0
SPRU,2026-01-31,,0,,0
SPRU,2026-02-28,,0,,0
SPRY,2026-01-31,,0,,0
SPRY,2026-02-28,,0,,0
SPSC,2026-01-31,,0,,0
SPSC,2026-02-28,,0,,0
SPT,2026-01-31,,0,,0
SPT,2026-02-28,,0,,0
SPTX,2026-01-31,,0,,0
SPTX,2026-02-28,,0,,0
SPWH,2026-01-31,,0,,0
SPWH,2026-02-28,,0,,0
SPWR,2026-01-31,,0,,0
SPWR,2026-02-28,,0,,0
SPWRW,2026-01-31,,0,,0
SPWRW,2026-02-28,,0,,0
SPXC,2026-01-31,,0,,0
SPXC,2026-02-28,,0,,0
SPXX,2026-01-31,,0,,0
SPXX,2026-02-28,,0,,0
SPY,2026-01-31,,0,,0
SPY,2026-02-28,,0,,0
SQFT,2026-01-31,,0,,0
SQFT,2026-02-28,,0,,0
SQFTP,2026-01-31,,0,,0
SQFTP,2026-02-28,,0,,0
SQFTW,2026-01-31,,0,,0
SQFTW,2026-02-28,,0,,0
SQM,2026-01-31,,0,,0
SQM,2026-02-28,,0,,0
SQNS,2026-01-31,,0,,0
SQNS,2026-02-28,,0,,0
SR,2026-01-31,,0,,0
SR,2026-02-28,,0,,0
SRAD,2026-01-31,,0,,0
SRAD,2026-02-28,,0,,0
SRBK,2026-01-31,,0,,0
SRBK,2026-02-28,,0,,0
SRCE,2026-01-31,,0,,0
SRCE,2026-02-28,,0,,0
SRE,2026-01-31,,0,,0
SRE,2026-02-28,,0,,0
SREA,2026-01-31,,0,,0
SREA,2026-02-28,,0,,0
SRFM,2026-01-31,,0,,0
SRFM,2026-02-28,,0,,0
SRG,2026-01-31,,0,,0
SRG,2026-02-28,,0,,0
SRG.PA,2026-01-31,,0,,0
SRG.PA,2026-02-28,,0,,0
SRI,2026-01-31,,0,,0
SRI,2026-02-28,,0,,0
SRJN,2026-01-31,,0,,0
SRJN,2026-02-28,,0,,0
SRL,2026-01-31,,0,,0
SRL,2026-02-28,,0,,0
SRPT,2026-01-31,,0,,0
SRPT,2026-02-28,,0,,0
SRRK,2026-01-31,,0,,0
SRRK,2026-02-28,,0,,0
SRTA,2026-01-31,,0,,0
SRTA,2026-02-28,,0,,0
SRTS,2026-01-31,,0,,0
SRTS,2026-02-28,,0,,0
SRV,2026-01-31,,0,,0
SRV,2026-02-28,,0,,0
SRXH,2026-01-31,,0,,0
SRXH,2026-02-28,,0,,0
SRZN,2026-01-31,,0,,0
SRZN,2026-02-28,,0,,0
SRZNW,2026-01-31,,0,,0
SRZNW,2026-02-28,,0,,0
SSAC,2026-01-31,2026-06-01,1,,0
SSAC,2026-02-28,2026-06-01,1,,0
SSACR,2026-01-31,,0,,0
SSACR,2026-02-28,,0,,0
SSACU,2026-01-31,,0,,0
SSACU,2026-02-28,,0,,0
SSACW,2026-01-31,,0,,0
SSACW,2026-02-28,,0,,0
SSB,2026-01-31,,0,,0
SSB,2026-02-28,,0,,0
SSD,2026-01-31,,0,,0
SSD,2026-02-28,,0,,0
SSEA,2026-01-31,,0,,0
SSEA,2026-02-28,,0,,0
SSEAR,2026-01-31,,0,,0
SSEAR,2026-02-28,,0,,0
SSEAU,2026-01-31,,0,,0
SSEAU,2026-02-28,,0,,0
SSII,2026-01-31,,0,,0
SSII,2026-02-28,,0,,0
SSL,2026-01-31,,0,,0
SSL,2026-02-28,,0,,0
SSM,2026-01-31,,0,,0
SSM,2026-02-28,,0,,0
SSMR,2026-01-31,,0,,0
SSMR,2026-02-28,,0,,0
SSNC,2026-01-31,,0,,0
SSNC,2026-02-28,,0,,0
SSP,2026-01-31,,0,,0
SSP,2026-02-28,,0,,0
SSRM,2026-01-31,,0,,0
SSRM,2026-02-28,,0,,0
SSSS,2026-01-31,,0,,0
SSSS,2026-02-28,,0,,0
SSSSL,2026-01-31,,0,,0
SSSSL,2026-02-28,,0,,0
SST,2026-01-31,,0,,0
SST,2026-02-28,,0,,0
SSTI,2026-01-31,,0,,0
SSTI,2026-02-28,,0,,0
SSTK,2026-01-31,,0,,0
SSTK,2026-02-28,,0,,0
SSYS,2026-01-31,,0,,0
SSYS,2026-02-28,,0,,0
ST,2026-01-31,,0,,0
ST,2026-02-28,,0,,0
STAA,2026-01-31,,0,,0
STAA,2026-02-28,,0,,0
STAG,2026-01-31,,0,,0
STAG,2026-02-28,,0,,0
STAK,2026-01-31,,0,,0
STAK,2026-02-28,,0,,0
STBA,2026-01-31,,0,,0
STBA,2026-02-28,,0,,0
STC,2026-01-31,,0,,0
STC,2026-02-28,,0,,0
STE,2026-01-31,,0,,0
STE,2026-02-28,,0,,0
STEL,2026-01-31,,0,,0
STEL,2026-02-28,,0,,0
STEM,2026-01-31,,0,,0
STEM,2026-02-28,,0,,0
STEP,2026-01-31,,0,,0
STEP,2026-02-28,,0,,0
STEW,2026-01-31,,0,,0
STEW,2026-02-28,,0,,0
STEX,2026-01-31,,0,,0
STEX,2026-02-28,,0,,0
STFS,2026-01-31,,0,,0
STFS,2026-02-28,,0,,0
STG,2026-01-31,,0,,0
STG,2026-02-28,,0,,0
STGW,2026-01-31,,0,,0
STGW,2026-02-28,,0,,0
STHO,2026-01-31,,0,,0
STHO,2026-02-28,,0,,0
STI,2026-01-31,,0,,0
STI,2026-02-28,,0,,0
STIM,2026-01-31,,0,,0
STIM,2026-02-28,,0,,0
STK,2026-01-31,,0,,0
STK,2026-02-28,,0,,0
STKE,2026-01-31,,0,,0
STKE,2026-02-28,,0,,0
STKH,2026-01-31,,0,,0
STKH,2026-02-28,,0,,0
STKS,2026-01-31,,0,,0
STKS,2026-02-28,,0,,0
STLA,2026-01-31,,0,,0
STLA,2026-02-28,,0,,0
STLD,2026-01-31,,0,,0
STLD,2026-02-28,,0,,0
STM,2026-01-31,,0,,0
STM,2026-02-28,,0,,0
STN,2026-01-31,,0,,0
STN,2026-02-28,,0,,0
STNE,2026-01-31,,0,,0
STNE,2026-02-28,,0,,0
STNG,2026-01-31,,0,,0
STNG,2026-02-28,,0,,0
STOK,2026-01-31,,0,,0
STOK,2026-02-28,,0,,0
STRA,2026-01-31,,0,,0
STRA,2026-02-28,,0,,0
STRC,2026-01-31,,0,,0
STRC,2026-02-28,,0,,0
STRD,2026-01-31,,0,,0
STRD,2026-02-28,,0,,0
STRF,2026-01-31,,0,,0
STRF,2026-02-28,,0,,0
STRK,2026-01-31,,0,,0
STRK,2026-02-28,,0,,0
STRL,2026-01-31,,0,,0
STRL,2026-02-28,,0,,0
STRO,2026-01-31,,0,,0
STRO,2026-02-28,,0,,0
STRR,2026-01-31,,0,2026-05-06,1
STRR,2026-02-28,,0,2026-05-06,1
STRRP,2026-01-31,,0,,0
STRRP,2026-02-28,,0,,0
STRS,2026-01-31,,0,,0
STRS,2026-02-28,,0,,0
STRT,2026-01-31,,0,,0
STRT,2026-02-28,,0,,0
STRW,2026-01-31,,0,,0
STRW,2026-02-28,,0,,0
STRZ,2026-01-31,,0,,0
STRZ,2026-02-28,,0,,0
STT,2026-01-31,,0,,0
STT,2026-02-28,,0,,0
STT.PG,2026-01-31,,0,,0
STT.PG,2026-02-28,,0,,0
STTK,2026-01-31,,0,,0
STTK,2026-02-28,,0,,0
STUB,2026-01-31,,0,,0
STUB,2026-02-28,,0,,0
STVN,2026-01-31,,0,,0
STVN,2026-02-28,,0,,0
STWD,2026-01-31,,0,,0
STWD,2026-02-28,,0,,0
STX,2026-01-31,,0,,0
STX,2026-02-28,,0,,0
STXS,2026-01-31,,0,,0
STXS,2026-02-28,,0,,0
STZ,2026-01-31,,0,,0
STZ,2026-02-28,,0,,0
SU,2026-01-31,,0,,0
SU,2026-02-28,,0,,0
SUGP,2026-01-31,,0,,0
SUGP,2026-02-28,,0,,0
SUI,2026-01-31,,0,,0
SUI,2026-02-28,,0,,0
SUIG,2026-01-31,,0,,0
SUIG,2026-02-28,,0,,0
SUIS,2026-01-31,,0,,0
SUIS,2026-02-28,,0,,0
SUJA,2026-01-31,,0,,0
SUJA,2026-02-28,,0,,0
SUMA,2026-01-31,,0,,0
SUMA,2026-02-28,,0,,0
SUMAR,2026-01-31,,0,,0
SUMAR,2026-02-28,,0,,0
SUMAU,2026-01-31,,0,,0
SUMAU,2026-02-28,,0,,0
SUN,2026-01-31,,0,,0
SUN,2026-02-28,,0,,0
SUNB,2026-01-31,,0,,0
SUNB,2026-02-28,,0,,0
SUNC,2026-01-31,,0,,0
SUNC,2026-02-28,,0,,0
SUNE,2026-01-31,2026-06-08,1,,0
SUNE,2026-02-28,2026-06-08,1,,0
SUNS,2026-01-31,,0,,0
SUNS,2026-02-28,,0,,0
SUPN,2026-01-31,,0,,0
SUPN,2026-02-28,,0,,0
SUPV,2026-01-31,,0,,0
SUPV,2026-02-28,,0,,0
SUPX,2026-01-31,,0,,0
SUPX,2026-02-28,,0,,0
SURG,2026-01-31,,0,,0
SURG,2026-02-28,,0,,0
SUUN,2026-01-31,,0,,0
SUUN,2026-02-28,,0,,0
SUZ,2026-01-31,,0,,0
SUZ,2026-02-28,,0,,0
SVA,2026-01-31,,0,,0
SVA,2026-02-28,,0,,0
SVAC,2026-01-31,,0,,0
SVAC,2026-02-28,,0,,0
SVACU,2026-01-31,,0,,0
SVACU,2026-02-28,,0,,0
SVACW,2026-01-31,,0,,0
SVACW,2026-02-28,,0,,0
SVAQ,2026-01-31,,0,,0
SVAQ,2026-02-28,,0,,0
SVAQU,2026-01-31,,0,,0
SVAQU,2026-02-28,,0,,0
SVAQW,2026-01-31,,0,,0
SVAQW,2026-02-28,,0,,0
SVC,2026-01-31,,0,,0
SVC,2026-02-28,,0,,0
SVCC,2026-01-31,,0,,0
SVCC,2026-02-28,,0,,0
SVCCU,2026-01-31,,0,,0
SVCCU,2026-02-28,,0,,0
SVCCW,2026-01-31,,0,,0
SVCCW,2026-02-28,,0,,0
SVCO,2026-01-31,,0,,0
SVCO,2026-02-28,,0,,0
SVIV,2026-01-31,,0,,0
SVIV,2026-02-28,,0,,0
SVIVU,2026-01-31,,0,,0
SVIVU,2026-02-28,,0,,0
SVIVW,2026-01-31,,0,,0
SVIVW,2026-02-28,,0,,0
SVM,2026-01-31,,0,,0
SVM,2026-02-28,,0,,0
SVRA,2026-01-31,,0,,0
SVRA,2026-02-28,,0,,0
SVRE,2026-01-31,,0,,0
SVRE,2026-02-28,,0,,0
SVREW,2026-01-31,,0,,0
SVREW,2026-02-28,,0,,0
SVRN,2026-01-31,,0,,0
SVRN,2026-02-28,,0,,0
SVV,2026-01-31,,0,,0
SVV,2026-02-28,,0,,0
SW,2026-01-31,,0,,0
SW,2026-02-28,,0,,0
SWAG,2026-01-31,,0,,0
SWAG,2026-02-28,,0,,0
SWAGW,2026-01-31,,0,,0
SWAGW,2026-02-28,,0,,0
SWBI,2026-01-31,,0,,0
SWBI,2026-02-28,,0,,0
SWIM,2026-01-31,,0,,0
SWIM,2026-02-28,,0,,0
SWK,2026-01-31,,0,,0
SWK,2026-02-28,,0,,0
SWKHL,2026-01-31,,0,,0
SWKHL,2026-02-28,,0,,0
SWKS,2026-01-31,,0,,0
SWKS,2026-02-28,,0,,0
SWMR,2026-01-31,,0,,0
SWMR,2026-02-28,,0,,0
SWVL,2026-01-31,,0,,0
SWVL,2026-02-28,,0,,0
SWVLW,2026-01-31,,0,,0
SWVLW,2026-02-28,,0,,0
SWX,2026-01-31,,0,,0
SWX,2026-02-28,,0,,0
SWZ,2026-01-31,,0,,0
SWZ,2026-02-28,,0,,0
SXC,2026-01-31,,0,,0
SXC,2026-02-28,,0,,0
SXI,2026-01-31,,0,,0
SXI,2026-02-28,,0,,0
SXT,2026-01-31,,0,,0
SXT,2026-02-28,,0,,0
SXTC,2026-01-31,,0,,0
SXTC,2026-02-28,,0,,0
SXTP,2026-01-31,,0,,0
SXTP,2026-02-28,,0,,0
SXTPW,2026-01-31,,0,,0
SXTPW,2026-02-28,,0,,0
SY,2026-01-31,,0,,0
SY,2026-02-28,,0,,0
SYBT,2026-01-31,,0,,0
SYBT,2026-02-28,,0,,0
SYF,2026-01-31,,0,,0
SYF,2026-02-28,,0,,0
SYF.PA,2026-01-31,,0,,0
SYF.PA,2026-02-28,,0,,0
SYF.PB,2026-01-31,,0,,0
SYF.PB,2026-02-28,,0,,0
SYK,2026-01-31,,0,,0
SYK,2026-02-28,,0,,0
SYM,2026-01-31,,0,,0
SYM,2026-02-28,,0,,0
SYNA,2026-01-31,,0,,0
SYNA,2026-02-28,,0,,0
SYNX,2026-01-31,,0,,0
SYNX,2026-02-28,,0,,0
SYPR,2026-01-31,,0,,0
SYPR,2026-02-28,,0,,0
SYRE,2026-01-31,,0,,0
SYRE,2026-02-28,,0,,0
SYY,2026-01-31,,0,,0
SYY,2026-02-28,,0,,0
SZZL,2026-01-31,2026-04-13,1,,0
SZZL,2026-02-28,2026-04-13,1,,0
SZZLR,2026-01-31,,0,,0
SZZLR,2026-02-28,,0,,0
SZZLU,2026-01-31,,0,,0
SZZLU,2026-02-28,,0,,0
T,2026-01-31,,0,,0
T,2026-02-28,,0,,0
T.PA,2026-01-31,,0,,0
T.PA,2026-02-28,,0,,0
T.PC,2026-01-31,,0,,0
T.PC,2026-02-28,,0,,0
TAC,2026-01-31,,0,,0
TAC,2026-02-28,,0,,0
TACH,2026-01-31,2026-06-01,1,,0
TACH,2026-02-28,2026-06-01,1,,0
TACHU,2026-01-31,,0,,0
TACHU,2026-02-28,,0,,0
TACHW,2026-01-31,,0,,0
TACHW,2026-02-28,,0,,0
TACO,2026-01-31,,0,,0
TACO,2026-02-28,,0,,0
TACOU,2026-01-31,,0,,0
TACOU,2026-02-28,,0,,0
TACOW,2026-01-31,,0,,0
TACOW,2026-02-28,,0,,0
TACT,2026-01-31,,0,,0
TACT,2026-02-28,,0,,0
TAGS,2026-01-31,,0,,0
TAGS,2026-02-28,,0,,0
TAK,2026-01-31,,0,,0
TAK,2026-02-28,,0,,0
TAL,2026-01-31,,0,,0
TAL,2026-02-28,,0,,0
TALK,2026-01-31,2026-03-09,1,,0
TALK,2026-02-28,2026-03-09,1,,0
TALKW,2026-01-31,,0,,0
TALKW,2026-02-28,,0,,0
TALO,2026-01-31,,0,,0
TALO,2026-02-28,,0,,0
TANH,2026-01-31,,0,,0
TANH,2026-02-28,,0,,0
TAOP,2026-01-31,,0,,0
TAOP,2026-02-28,,0,,0
TAOX,2026-01-31,,0,,0
TAOX,2026-02-28,,0,,0
TAP,2026-01-31,,0,,0
TAP,2026-02-28,,0,,0
TAP.A,2026-01-31,,0,,0
TAP.A,2026-02-28,,0,,0
TARA,2026-01-31,,0,,0
TARA,2026-02-28,,0,,0
TARS,2026-01-31,,0,,0
TARS,2026-02-28,,0,,0
TASK,2026-01-31,,0,,0
TASK,2026-02-28,,0,,0
TATT,2026-01-31,,0,,0
TATT,2026-02-28,,0,,0
TAVI,2026-01-31,,0,,0
TAVI,2026-02-28,,0,,0
TAVIR,2026-01-31,,0,,0
TAVIR,2026-02-28,,0,,0
TAVIU,2026-01-31,,0,,0
TAVIU,2026-02-28,,0,,0
TAYD,2026-01-31,,0,,0
TAYD,2026-02-28,,0,,0
TBB,2026-01-31,,0,,0
TBB,2026-02-28,,0,,0
TBBB,2026-01-31,,0,,0
TBBB,2026-02-28,,0,,0
TBBK,2026-01-31,,0,,0
TBBK,2026-02-28,,0,,0
TBCH,2026-01-31,,0,,0
TBCH,2026-02-28,,0,,0
TBH,2026-01-31,,0,,0
TBH,2026-02-28,,0,,0
TBI,2026-01-31,,0,,0
TBI,2026-02-28,,0,,0
TBLA,2026-01-31,,0,,0
TBLA,2026-02-28,,0,,0
TBLAW,2026-01-31,,0,,0
TBLAW,2026-02-28,,0,,0
TBLD,2026-01-31,,0,,0
TBLD,2026-02-28,,0,,0
TBN,2026-01-31,,0,,0
TBN,2026-02-28,,0,,0
TBPH,2026-01-31,,0,,0
TBPH,2026-02-28,,0,,0
TBRG,2026-01-31,2026-04-23,1,,0
TBRG,2026-02-28,2026-04-23,1,,0
TC,2026-01-31,,0,,0
TC,2026-02-28,,0,,0
TCBI,2026-01-31,,0,,0
TCBI,2026-02-28,,0,,0
TCBIO,2026-01-31,,0,,0
TCBIO,2026-02-28,,0,,0
TCBK,2026-01-31,,0,,0
TCBK,2026-02-28,,0,,0
TCBS,2026-01-31,,0,,0
TCBS,2026-02-28,,0,,0
TCBX,2026-01-31,,0,,0
TCBX,2026-02-28,,0,,0
TCGL,2026-01-31,,0,,0
TCGL,2026-02-28,,0,,0
TCI,2026-01-31,,0,,0
TCI,2026-02-28,,0,,0
TCMD,2026-01-31,,0,,0
TCMD,2026-02-28,,0,,0
TCOM,2026-01-31,,0,,0
TCOM,2026-02-28,,0,,0
TCPA,2026-01-31,,0,,0
TCPA,2026-02-28,,0,,0
TCPC,2026-01-31,,0,,0
TCPC,2026-02-28,,0,,0
TCRT,2026-01-31,,0,,0
TCRT,2026-02-28,,0,,0
TCRX,2026-01-31,,0,,0
TCRX,2026-02-28,,0,,0
TCX,2026-01-31,,0,,0
TCX,2026-02-28,,0,,0
TD,2026-01-31,,0,,0
TD,2026-02-28,,0,,0
TDAC,2026-01-31,2026-05-27,1,,0
TDAC,2026-02-28,2026-05-27,1,,0
TDACU,2026-01-31,,0,,0
TDACU,2026-02-28,,0,,0
TDACW,2026-01-31,,0,,0
TDACW,2026-02-28,,0,,0
TDAY,2026-01-31,,0,,0
TDAY,2026-02-28,,0,,0
TDC,2026-01-31,,0,,0
TDC,2026-02-28,,0,,0
TDF,2026-01-31,,0,,0
TDF,2026-02-28,,0,,0
TDG,2026-01-31,,0,,0
TDG,2026-02-28,,0,,0
TDIC,2026-01-31,,0,,0
TDIC,2026-02-28,,0,,0
TDOC,2026-01-31,,0,,0
TDOC,2026-02-28,,0,,0
TDOG,2026-01-31,,0,,0
TDOG,2026-02-28,,0,,0
TDS,2026-01-31,,0,2026-05-08,1
TDS,2026-02-28,,0,2026-05-08,1
TDS.PU,2026-01-31,,0,,0
TDS.PU,2026-02-28,,0,,0
TDS.PV,2026-01-31,,0,,0
TDS.PV,2026-02-28,,0,,0
TDTH,2026-01-31,,0,,0
TDTH,2026-02-28,,0,,0
TDUP,2026-01-31,,0,,0
TDUP,2026-02-28,,0,,0
TDW,2026-01-31,,0,,0
TDW,2026-02-28,,0,,0
TDWD,2026-01-31,,0,,0
TDWD,2026-02-28,,0,,0
TDWDR,2026-01-31,,0,,0
TDWDR,2026-02-28,,0,,0
TDWDU,2026-01-31,,0,,0
TDWDU,2026-02-28,,0,,0
TDY,2026-01-31,,0,,0
TDY,2026-02-28,,0,,0
TE,2026-01-31,,0,,0
TE,2026-02-28,,0,,0
TE.WT,2026-01-31,,0,,0
TE.WT,2026-02-28,,0,,0
TEAD,2026-01-31,,0,,0
TEAD,2026-02-28,,0,,0
TEAM,2026-01-31,,0,,0
TEAM,2026-02-28,,0,,0
TECH,2026-01-31,,0,,0
TECH,2026-02-28,,0,,0
TECK,2026-01-31,,0,,0
TECK,2026-02-28,,0,,0
TECX,2026-01-31,,0,,0
TECX,2026-02-28,,0,,0
TEI,2026-01-31,,0,,0
TEI,2026-02-28,,0,,0
TEL,2026-01-31,,0,,0
TEL,2026-02-28,,0,,0
TELA,2026-01-31,,0,,0
TELA,2026-02-28,,0,,0
TELO,2026-01-31,,0,,0
TELO,2026-02-28,,0,,0
TEM,2026-01-31,,0,,0
TEM,2026-02-28,,0,,0
TEN,2026-01-31,,0,,0
TEN,2026-02-28,,0,,0
TEN.PE,2026-01-31,,0,,0
TEN.PE,2026-02-28,,0,,0
TEN.PF,2026-01-31,,0,,0
TEN.PF,2026-02-28,,0,,0
TENB,2026-01-31,,0,,0
TENB,2026-02-28,,0,,0
TENX,2026-01-31,,0,,0
TENX,2026-02-28,,0,,0
TEO,2026-01-31,,0,,0
TEO,2026-02-28,,0,,0
TER,2026-01-31,,0,,0
TER,2026-02-28,,0,,0
TEVA,2026-01-31,,0,,0
TEVA,2026-02-28,,0,,0
TEX,2026-01-31,,0,,0
TEX,2026-02-28,,0,,0
TFC,2026-01-31,,0,,0
TFC,2026-02-28,,0,,0
TFC.PI,2026-01-31,,0,,0
TFC.PI,2026-02-28,,0,,0
TFC.PO,2026-01-31,,0,,0
TFC.PO,2026-02-28,,0,,0
TFC.PR,2026-01-31,,0,,0
TFC.PR,2026-02-28,,0,,0
TFII,2026-01-31,,0,,0
TFII,2026-02-28,,0,,0
TFIN,2026-01-31,,0,,0
TFIN,2026-02-28,,0,,0
TFIN.P,2026-01-31,,0,,0
TFIN.P,2026-02-28,,0,,0
TFPM,2026-01-31,,0,,0
TFPM,2026-02-28,,0,,0
TFSL,2026-01-31,,0,,0
TFSL,2026-02-28,,0,,0
TFX,2026-01-31,,0,,0
TFX,2026-02-28,,0,,0
TG,2026-01-31,,0,,0
TG,2026-02-28,,0,,0
TGB,2026-01-31,,0,,0
TGB,2026-02-28,,0,,0
TGE,2026-01-31,,0,,0
TGE,2026-02-28,,0,,0
TGE.WT,2026-01-31,,0,,0
TGE.WT,2026-02-28,,0,,0
TGEN,2026-01-31,,0,,0
TGEN,2026-02-28,,0,,0
TGHL,2026-01-31,,0,,0
TGHL,2026-02-28,,0,,0
TGL,2026-01-31,,0,,0
TGL,2026-02-28,,0,,0
TGLS,2026-01-31,,0,,0
TGLS,2026-02-28,,0,,0
TGS,2026-01-31,,0,,0
TGS,2026-02-28,,0,,0
TGT,2026-01-31,,0,,0
TGT,2026-02-28,,0,,0
TGTX,2026-01-31,,0,,0
TGTX,2026-02-28,,0,,0
TH,2026-01-31,,0,,0
TH,2026-02-28,,0,,0
THC,2026-01-31,,0,,0
THC,2026-02-28,,0,,0
THCH,2026-01-31,,0,,0
THCH,2026-02-28,,0,,0
THFF,2026-01-31,,0,,0
THFF,2026-02-28,,0,,0
THG,2026-01-31,,0,,0
THG,2026-02-28,,0,,0
THH,2026-01-31,,0,,0
THH,2026-02-28,,0,,0
THM,2026-01-31,,0,,0
THM,2026-02-28,,0,,0
THO,2026-01-31,,0,,0
THO,2026-02-28,,0,,0
THQ,2026-01-31,,0,,0
THQ,2026-02-28,,0,,0
THRM,2026-01-31,,0,,0
THRM,2026-02-28,,0,,0
THRY,2026-01-31,,0,,0
THRY,2026-02-28,,0,,0
THW,2026-01-31,,0,,0
THW,2026-02-28,,0,,0
THYP,2026-01-31,,0,,0
THYP,2026-02-28,,0,,0
TIC,2026-01-31,,0,,0
TIC,2026-02-28,,0,,0
TIGO,2026-01-31,,0,,0
TIGO,2026-02-28,,0,,0
TIGR,2026-01-31,,0,,0
TIGR,2026-02-28,,0,,0
TII,2026-01-31,,0,,0
TII,2026-02-28,,0,,0
TIL,2026-01-31,,0,,0
TIL,2026-02-28,,0,,0
TILE,2026-01-31,,0,,0
TILE,2026-02-28,,0,,0
TIMB,2026-01-31,,0,,0
TIMB,2026-02-28,,0,,0
TIPT,2026-01-31,,0,,0
TIPT,2026-02-28,,0,,0
TISI,2026-01-31,,0,,0
TISI,2026-02-28,,0,,0
TITN,2026-01-31,,0,,0
TITN,2026-02-28,,0,,0
TJGC,2026-01-31,,0,,0
TJGC,2026-02-28,,0,,0
TJX,2026-01-31,,0,,0
TJX,2026-02-28,,0,,0
TK,2026-01-31,,0,,0
TK,2026-02-28,,0,,0
TKC,2026-01-31,,0,,0
TKC,2026-02-28,,0,,0
TKLF,2026-01-31,,0,,0
TKLF,2026-02-28,,0,,0
TKNO,2026-01-31,,0,,0
TKNO,2026-02-28,,0,,0
TKO,2026-01-31,,0,,0
TKO,2026-02-28,,0,,0
TKR,2026-01-31,,0,,0
TKR,2026-02-28,,0,,0
TLF,2026-01-31,,0,,0
TLF,2026-02-28,,0,,0
TLIH,2026-01-31,,0,,0
TLIH,2026-02-28,,0,,0
TLK,2026-01-31,,0,,0
TLK,2026-02-28,,0,,0
TLN,2026-01-31,,0,,0
TLN,2026-02-28,,0,,0
TLNC,2026-01-31,,0,,0
TLNC,2026-02-28,,0,,0
TLNCU,2026-01-31,,0,,0
TLNCU,2026-02-28,,0,,0
TLNCW,2026-01-31,,0,,0
TLNCW,2026-02-28,,0,,0
TLPH,2026-01-31,,0,,0
TLPH,2026-02-28,,0,,0
TLRY,2026-01-31,,0,,0
TLRY,2026-02-28,,0,,0
TLS,2026-01-31,,0,,0
TLS,2026-02-28,,0,,0
TLSA,2026-01-31,,0,,0
TLSA,2026-02-28,,0,,0
TLSI,2026-01-31,,0,,0
TLSI,2026-02-28,,0,,0
TLSIW,2026-01-31,,0,,0
TLSIW,2026-02-28,,0,,0
TLX,2026-01-31,,0,,0
TLX,2026-02-28,,0,,0
TLYS,2026-01-31,,0,,0
TLYS,2026-02-28,,0,,0
TM,2026-01-31,,0,,0
TM,2026-02-28,,0,,0
TMC,2026-01-31,,0,,0
TMC,2026-02-28,,0,,0
TMCI,2026-01-31,,0,,0
TMCI,2026-02-28,,0,,0
TMCR,2026-01-31,,0,,0
TMCR,2026-02-28,,0,,0
TMCWW,2026-01-31,,0,,0
TMCWW,2026-02-28,,0,,0
TMDE,2026-01-31,,0,,0
TMDE,2026-02-28,,0,,0
TMDX,2026-01-31,,0,,0
TMDX,2026-02-28,,0,,0
TME,2026-01-31,,0,,0
TME,2026-02-28,,0,,0
TMHC,2026-01-31,2026-05-31,1,,0
TMHC,2026-02-28,2026-05-31,1,,0
TMO,2026-01-31,,0,,0
TMO,2026-02-28,,0,,0
TMP,2026-01-31,,0,,0
TMP,2026-02-28,,0,,0
TMQ,2026-01-31,,0,,0
TMQ,2026-02-28,,0,,0
TMTS,2026-01-31,,0,,0
TMTS,2026-02-28,,0,,0
TMTSU,2026-01-31,,0,,0
TMTSU,2026-02-28,,0,,0
TMTSW,2026-01-31,,0,,0
TMTSW,2026-02-28,,0,,0
TMUS,2026-01-31,,0,,0
TMUS,2026-02-28,,0,,0
TMUSI,2026-01-31,,0,,0
TMUSI,2026-02-28,,0,,0
TMUSL,2026-01-31,,0,,0
TMUSL,2026-02-28,,0,,0
TMUSZ,2026-01-31,,0,,0
TMUSZ,2026-02-28,,0,,0
TNC,2026-01-31,,0,,0
TNC,2026-02-28,,0,,0
TNDM,2026-01-31,,0,,0
TNDM,2026-02-28,,0,,0
TNET,2026-01-31,,0,,0
TNET,2026-02-28,,0,,0
TNGX,2026-01-31,,0,,0
TNGX,2026-02-28,,0,,0
TNK,2026-01-31,,0,,0
TNK,2026-02-28,,0,,0
TNL,2026-01-31,,0,,0
TNL,2026-02-28,,0,,0
TNMG,2026-01-31,,0,,0
TNMG,2026-02-28,,0,,0
TNON,2026-01-31,,0,,0
TNON,2026-02-28,,0,,0
TNONW,2026-01-31,,0,,0
TNONW,2026-02-28,,0,,0
TNXP,2026-01-31,,0,,0
TNXP,2026-02-28,,0,,0
TNYA,2026-01-31,,0,,0
TNYA,2026-02-28,,0,,0
TOI,2026-01-31,,0,,0
TOI,2026-02-28,,0,,0
TOIIW,2026-01-31,,0,,0
TOIIW,2026-02-28,,0,,0
TOL,2026-01-31,,0,,0
TOL,2026-02-28,,0,,0
TOMZ,2026-01-31,,0,,0
TOMZ,2026-02-28,,0,,0
TONX,2026-01-31,,0,,0
TONX,2026-02-28,,0,,0
TOON,2026-01-31,,0,,0
TOON,2026-02-28,,0,,0
TOP,2026-01-31,,0,,0
TOP,2026-02-28,,0,,0
TOPP,2026-01-31,,0,,0
TOPP,2026-02-28,,0,,0
TOPS,2026-01-31,,0,,0
TOPS,2026-02-28,,0,,0
TORO,2026-01-31,,0,,0
TORO,2026-02-28,,0,,0
TOST,2026-01-31,,0,,0
TOST,2026-02-28,,0,,0
TOUR,2026-01-31,,0,,0
TOUR,2026-02-28,,0,,0
TOVX,2026-01-31,,0,,0
TOVX,2026-02-28,,0,,0
TOYO,2026-01-31,,0,,0
TOYO,2026-02-28,,0,,0
TPB,2026-01-31,,0,,0
TPB,2026-02-28,,0,,0
TPC,2026-01-31,,0,,0
TPC,2026-02-28,,0,,0
TPCS,2026-01-31,,0,,0
TPCS,2026-02-28,,0,,0
TPET,2026-01-31,,0,,0
TPET,2026-02-28,,0,,0
TPG,2026-01-31,,0,,0
TPG,2026-02-28,,0,,0
TPGXL,2026-01-31,,0,,0
TPGXL,2026-02-28,,0,,0
TPL,2026-01-31,,0,,0
TPL,2026-02-28,,0,,0
TPR,2026-01-31,,0,,0
TPR,2026-02-28,,0,,0
TPST,2026-01-31,,0,,0
TPST,2026-02-28,,0,,0
TPTA,2026-01-31,,0,,0
TPTA,2026-02-28,,0,,0
TPVG,2026-01-31,,0,,0
TPVG,2026-02-28,,0,,0
TR,2026-01-31,,0,,0
TR,2026-02-28,,0,,0
TRAD,2026-01-31,,0,,0
TRAD,2026-02-28,,0,,0
TRAD.RI,2026-01-31,,0,,0
TRAD.RI,2026-02-28,,0,,0
TRAD.UN,2026-01-31,,0,,0
TRAD.UN,2026-02-28,,0,,0
TRAK,2026-01-31,,0,,0
TRAK,2026-02-28,,0,,0
TRAW,2026-01-31,,0,,0
TRAW,2026-02-28,,0,,0
TRAX,2026-01-31,,0,,0
TRAX,2026-02-28,,0,,0
TRC,2026-01-31,,0,,0
TRC,2026-02-28,,0,,0
TRDA,2026-01-31,,0,,0
TRDA,2026-02-28,,0,,0
TREE,2026-01-31,,0,,0
TREE,2026-02-28,,0,,0
TREX,2026-01-31,,0,,0
TREX,2026-02-28,,0,,0
TRGP,2026-01-31,,0,,0
TRGP,2026-02-28,,0,,0
TRGS,2026-01-31,,0,,0
TRGS,2026-02-28,,0,,0
TRGSR,2026-01-31,,0,,0
TRGSR,2026-02-28,,0,,0
TRGSU,2026-01-31,,0,,0
TRGSU,2026-02-28,,0,,0
TRI,2026-01-31,,0,,0
TRI,2026-02-28,,0,,0
TRIB,2026-01-31,,0,,0
TRIB,2026-02-28,,0,,0
TRIN,2026-01-31,,0,,0
TRIN,2026-02-28,,0,,0
TRINI,2026-01-31,,0,,0
TRINI,2026-02-28,,0,,0
TRINZ,2026-01-31,,0,,0
TRINZ,2026-02-28,,0,,0
TRIP,2026-01-31,,0,,0
TRIP,2026-02-28,,0,,0
TRLV,2026-01-31,,0,,0
TRLV,2026-02-28,,0,,0
TRMB,2026-01-31,,0,,0
TRMB,2026-02-28,,0,,0
TRMD,2026-01-31,,0,,0
TRMD,2026-02-28,,0,,0
TRMK,2026-01-31,,0,,0
TRMK,2026-02-28,,0,,0
TRN,2026-01-31,,0,,0
TRN,2026-02-28,,0,,0
TRNO,2026-01-31,,0,,0
TRNO,2026-02-28,,0,,0
TRNR,2026-01-31,,0,,0
TRNR,2026-02-28,,0,,0
TRNS,2026-01-31,,0,,0
TRNS,2026-02-28,,0,,0
TRON,2026-01-31,,0,,0
TRON,2026-02-28,,0,,0
TROO,2026-01-31,,0,,0
TROO,2026-02-28,,0,,0
TROW,2026-01-31,,0,,0
TROW,2026-02-28,,0,,0
TROX,2026-01-31,,0,,0
TROX,2026-02-28,,0,,0
TRP,2026-01-31,,0,,0
TRP,2026-02-28,,0,,0
TRS,2026-01-31,,0,,0
TRS,2026-02-28,,0,,0
TRSG,2026-01-31,,0,,0
TRSG,2026-02-28,,0,,0
TRST,2026-01-31,,0,,0
TRST,2026-02-28,,0,,0
TRT,2026-01-31,,0,,0
TRT,2026-02-28,,0,,0
TRTN.PA,2026-01-31,,0,,0
TRTN.PA,2026-02-28,,0,,0
TRTN.PB,2026-01-31,,0,,0
TRTN.PB,2026-02-28,,0,,0
TRTN.PC,2026-01-31,,0,,0
TRTN.PC,2026-02-28,,0,,0
TRTN.PD,2026-01-31,,0,,0
TRTN.PD,2026-02-28,,0,,0
TRTN.PE,2026-01-31,,0,,0
TRTN.PE,2026-02-28,,0,,0
TRTN.PF,2026-01-31,,0,,0
TRTN.PF,2026-02-28,,0,,0
TRTN.PG,2026-01-31,,0,,0
TRTN.PG,2026-02-28,,0,,0
TRTX,2026-01-31,,0,,0
TRTX,2026-02-28,,0,,0
TRTX.PC,2026-01-31,,0,,0
TRTX.PC,2026-02-28,,0,,0
TRU,2026-01-31,,0,,0
TRU,2026-02-28,,0,,0
TRUG,2026-01-31,,0,,0
TRUG,2026-02-28,,0,,0
TRUP,2026-01-31,,0,,0
TRUP,2026-02-28,,0,,0
TRV,2026-01-31,,0,,0
TRV,2026-02-28,,0,,0
TRVG,2026-01-31,,0,,0
TRVG,2026-02-28,,0,,0
TRVI,2026-01-31,,0,,0
TRVI,2026-02-28,,0,,0
TRX,2026-01-31,,0,,0
TRX,2026-02-28,,0,,0
TS,2026-01-31,,0,,0
TS,2026-02-28,,0,,0
TSAT,2026-01-31,,0,,0
TSAT,2026-02-28,,0,,0
TSBK,2026-01-31,,0,,0
TSBK,2026-02-28,,0,,0
TSCO,2026-01-31,,0,,0
TSCO,2026-02-28,,0,,0
TSEM,2026-01-31,,0,,0
TSEM,2026-02-28,,0,,0
TSHA,2026-01-31,,0,,0
TSHA,2026-02-28,,0,,0
TSI,2026-01-31,,0,,0
TSI,2026-02-28,,0,,0
TSLA,2026-01-31,,0,,0
TSLA,2026-02-28,,0,,0
TSLX,2026-01-31,,0,,0
TSLX,2026-02-28,,0,,0
TSM,2026-01-31,,0,,0
TSM,2026-02-28,,0,,0
TSN,2026-01-31,,0,,0
TSN,2026-02-28,,0,,0
TSQ,2026-01-31,,0,,0
TSQ,2026-02-28,,0,,0
TSSI,2026-01-31,,0,,0
TSSI,2026-02-28,,0,,0
TSUI,2026-01-31,,0,,0
TSUI,2026-02-28,,0,,0
TT,2026-01-31,,0,,0
TT,2026-02-28,,0,,0
TTAM,2026-01-31,,0,,0
TTAM,2026-02-28,,0,,0
TTAN,2026-01-31,,0,,0
TTAN,2026-02-28,,0,,0
TTC,2026-01-31,,0,,0
TTC,2026-02-28,,0,,0
TTD,2026-01-31,,0,,0
TTD,2026-02-28,,0,,0
TTE,2026-01-31,,0,,0
TTE,2026-02-28,,0,,0
TTEC,2026-01-31,,0,,0
TTEC,2026-02-28,,0,,0
TTEK,2026-01-31,,0,,0
TTEK,2026-02-28,,0,,0
TTGT,2026-01-31,,0,,0
TTGT,2026-02-28,,0,,0
TTI,2026-01-31,,0,,0
TTI,2026-02-28,,0,,0
TTMI,2026-01-31,,0,,0
TTMI,2026-02-28,,0,,0
TTRX,2026-01-31,,0,,0
TTRX,2026-02-28,,0,,0
TTWO,2026-01-31,,0,,0
TTWO,2026-02-28,,0,,0
TU,2026-01-31,,0,,0
TU,2026-02-28,,0,,0
TULP,2026-01-31,,0,,0
TULP,2026-02-28,,0,,0
TURB,2026-01-31,,0,,0
TURB,2026-02-28,,0,,0
TUSK,2026-01-31,,0,,0
TUSK,2026-02-28,,0,,0
TUYA,2026-01-31,,0,,0
TUYA,2026-02-28,,0,,0
TV,2026-01-31,,0,,0
TV,2026-02-28,,0,,0
TVA,2026-01-31,,0,,0
TVA,2026-02-28,,0,,0
TVACU,2026-01-31,,0,,0
TVACU,2026-02-28,,0,,0
TVACW,2026-01-31,,0,,0
TVACW,2026-02-28,,0,,0
TVAI,2026-01-31,,0,,0
TVAI,2026-02-28,,0,,0
TVAIR,2026-01-31,,0,,0
TVAIR,2026-02-28,,0,,0
TVAIU,2026-01-31,,0,,0
TVAIU,2026-02-28,,0,,0
TVC,2026-01-31,,0,,0
TVC,2026-02-28,,0,,0
TVE,2026-01-31,,0,,0
TVE,2026-02-28,,0,,0
TVGN,2026-01-31,,0,,0
TVGN,2026-02-28,,0,,0
TVGNW,2026-01-31,,0,,0
TVGNW,2026-02-28,,0,,0
TVRD,2026-01-31,,0,,0
TVRD,2026-02-28,,0,,0
TVTX,2026-01-31,,0,,0
TVTX,2026-02-28,,0,,0
TW,2026-01-31,,0,,0
TW,2026-02-28,,0,,0
TWAV,2026-01-31,,0,,0
TWAV,2026-02-28,,0,,0
TWFG,2026-01-31,,0,,0
TWFG,2026-02-28,,0,,0
TWG,2026-01-31,,0,,0
TWG,2026-02-28,,0,,0
TWI,2026-01-31,,0,,0
TWI,2026-02-28,,0,,0
TWIN,2026-01-31,,0,,0
TWIN,2026-02-28,,0,,0
TWLO,2026-01-31,,0,,0
TWLO,2026-02-28,,0,,0
TWLV,2026-01-31,,0,,0
TWLV,2026-02-28,,0,,0
TWLVR,2026-01-31,,0,,0
TWLVR,2026-02-28,,0,,0
TWLVU,2026-01-31,,0,,0
TWLVU,2026-02-28,,0,,0
TWN,2026-01-31,,0,,0
TWN,2026-02-28,,0,,0
TWO,2026-01-31,2026-03-19,1,,0
TWO,2026-02-28,2026-03-19,1,,0
TWO.PA,2026-01-31,,0,,0
TWO.PA,2026-02-28,,0,,0
TWO.PB,2026-01-31,,0,,0
TWO.PB,2026-02-28,,0,,0
TWO.PC,2026-01-31,,0,,0
TWO.PC,2026-02-28,,0,,0
TWOD,2026-01-31,,0,,0
TWOD,2026-02-28,,0,,0
TWST,2026-01-31,,0,,0
TWST,2026-02-28,,0,,0
TX,2026-01-31,,0,,0
TX,2026-02-28,,0,,0
TXG,2026-01-31,,0,,0
TXG,2026-02-28,,0,,0
TXMD,2026-01-31,,0,,0
TXMD,2026-02-28,,0,,0
TXN,2026-01-31,,0,2026-02-04,1
TXN,2026-02-28,,0,,0
TXNM,2026-01-31,,0,,0
TXNM,2026-02-28,,0,,0
TXO,2026-01-31,,0,,0
TXO,2026-02-28,,0,,0
TXRH,2026-01-31,,0,,0
TXRH,2026-02-28,,0,,0
TXT,2026-01-31,,0,,0
TXT,2026-02-28,,0,,0
TY,2026-01-31,,0,,0
TY,2026-02-28,,0,,0
TY.P,2026-01-31,,0,,0
TY.P,2026-02-28,,0,,0
TYG,2026-01-31,,0,,0
TYG,2026-02-28,,0,,0
TYG.RI,2026-01-31,,0,,0
TYG.RI,2026-02-28,,0,,0
TYGO,2026-01-31,,0,,0
TYGO,2026-02-28,,0,,0
TYL,2026-01-31,,0,,0
TYL,2026-02-28,,0,,0
TYRA,2026-01-31,,0,,0
TYRA,2026-02-28,,0,,0
TZOO,2026-01-31,,0,,0
TZOO,2026-02-28,,0,,0
U,2026-01-31,,0,,0
U,2026-02-28,,0,,0
UA,2026-01-31,,0,,0
UA,2026-02-28,,0,,0
UAA,2026-01-31,,0,,0
UAA,2026-02-28,,0,,0
UAC,2026-01-31,,0,,0
UAC,2026-02-28,,0,,0
UAC.UN,2026-01-31,,0,,0
UAC.UN,2026-02-28,,0,,0
UAC.WT,2026-01-31,,0,,0
UAC.WT,2026-02-28,,0,,0
UAL,2026-01-31,,0,,0
UAL,2026-02-28,,0,,0
UAMY,2026-01-31,,0,,0
UAMY,2026-02-28,,0,,0
UAN,2026-01-31,,0,,0
UAN,2026-02-28,,0,,0
UAVS,2026-01-31,,0,,0
UAVS,2026-02-28,,0,,0
UBCP,2026-01-31,,0,,0
UBCP,2026-02-28,,0,,0
UBER,2026-01-31,,0,,0
UBER,2026-02-28,,0,,0
UBS,2026-01-31,,0,,0
UBS,2026-02-28,,0,,0
UBSI,2026-01-31,,0,,0
UBSI,2026-02-28,,0,,0
UBXG,2026-01-31,,0,,0
UBXG,2026-02-28,,0,,0
UCAR,2026-01-31,,0,,0
UCAR,2026-02-28,,0,,0
UCB,2026-01-31,,0,,0
UCB,2026-02-28,,0,,0
UCFI,2026-01-31,,0,,0
UCFI,2026-02-28,,0,,0
UCFIW,2026-01-31,,0,,0
UCFIW,2026-02-28,,0,,0
UCIB,2026-01-31,,0,,0
UCIB,2026-02-28,,0,,0
UCL,2026-01-31,,0,,0
UCL,2026-02-28,,0,,0
UCO,2026-01-31,,0,,0
UCO,2026-02-28,,0,,0
UCTT,2026-01-31,,0,,0
UCTT,2026-02-28,,0,,0
UDN,2026-01-31,,0,,0
UDN,2026-02-28,,0,,0
UDR,2026-01-31,,0,,0
UDR,2026-02-28,,0,,0
UE,2026-01-31,,0,,0
UE,2026-02-28,,0,,0
UEC,2026-01-31,,0,,0
UEC,2026-02-28,,0,,0
UEIC,2026-01-31,,0,,0
UEIC,2026-02-28,,0,,0
UFCS,2026-01-31,,0,,0
UFCS,2026-02-28,,0,,0
UFG,2026-01-31,,0,,0
UFG,2026-02-28,,0,,0
UFI,2026-01-31,,0,,0
UFI,2026-02-28,,0,,0
UFPI,2026-01-31,,0,,0
UFPI,2026-02-28,,0,,0
UFPT,2026-01-31,,0,,0
UFPT,2026-02-28,,0,,0
UG,2026-01-31,,0,,0
UG,2026-02-28,,0,,0
UGA,2026-01-31,,0,,0
UGA,2026-02-28,,0,,0
UGI,2026-01-31,,0,,0
UGI,2026-02-28,,0,,0
UGL,2026-01-31,,0,,0
UGL,2026-02-28,,0,,0
UGP,2026-01-31,,0,,0
UGP,2026-02-28,,0,,0
UGRO,2026-01-31,,0,,0
UGRO,2026-02-28,,0,,0
UHAL,2026-01-31,,0,,0
UHAL,2026-02-28,,0,,0
UHAL.B,2026-01-31,,0,,0
UHAL.B,2026-02-28,,0,,0
UHS,2026-01-31,,0,2026-03-09,1
UHS,2026-02-28,,0,2026-03-09,1
UHT,2026-01-31,,0,,0
UHT,2026-02-28,,0,,0
UI,2026-01-31,,0,,0
UI,2026-02-28,,0,,0
UIS,2026-01-31,,0,,0
UIS,2026-02-28,,0,,0
UK,2026-01-31,,0,,0
UK,2026-02-28,,0,,0
UL,2026-01-31,,0,,0
UL,2026-02-28,,0,,0
ULBI,2026-01-31,,0,,0
ULBI,2026-02-28,,0,,0
ULCC,2026-01-31,,0,,0
ULCC,2026-02-28,,0,,0
ULE,2026-01-31,,0,,0
ULE,2026-02-28,,0,,0
ULH,2026-01-31,,0,,0
ULH,2026-02-28,,0,,0
ULS,2026-01-31,,0,,0
ULS,2026-02-28,,0,,0
ULTA,2026-01-31,,0,,0
ULTA,2026-02-28,,0,,0
UMAC,2026-01-31,,0,,0
UMAC,2026-02-28,,0,,0
UMBF,2026-01-31,,0,,0
UMBF,2026-02-28,,0,,0
UMBFO,2026-01-31,,0,,0
UMBFO,2026-02-28,,0,,0
UMC,2026-01-31,,0,,0
UMC,2026-02-28,,0,,0
UMH,2026-01-31,,0,,0
UMH,2026-02-28,,0,,0
UMH.PD,2026-01-31,,0,,0
UMH.PD,2026-02-28,,0,,0
UNB,2026-01-31,,0,,0
UNB,2026-02-28,,0,,0
UNCY,2026-01-31,,0,,0
UNCY,2026-02-28,,0,,0
UNF,2026-01-31,,0,,0
UNF,2026-02-28,,0,,0
UNFI,2026-01-31,,0,,0
UNFI,2026-02-28,,0,,0
UNG,2026-01-31,,0,,0
UNG,2026-02-28,,0,,0
UNH,2026-01-31,,0,,0
UNH,2026-02-28,,0,,0
UNIT,2026-01-31,,0,,0
UNIT,2026-02-28,,0,,0
UNL,2026-01-31,,0,,0
UNL,2026-02-28,,0,,0
UNM,2026-01-31,,0,,0
UNM,2026-02-28,,0,,0
UNMA,2026-01-31,,0,,0
UNMA,2026-02-28,,0,,0
UNP,2026-01-31,,0,,0
UNP,2026-02-28,,0,,0
UNTY,2026-01-31,,0,,0
UNTY,2026-02-28,,0,,0
UONE,2026-01-31,,0,,0
UONE,2026-02-28,,0,,0
UONEK,2026-01-31,,0,,0
UONEK,2026-02-28,,0,,0
UP,2026-01-31,,0,,0
UP,2026-02-28,,0,,0
UPB,2026-01-31,,0,,0
UPB,2026-02-28,,0,,0
UPBD,2026-01-31,,0,,0
UPBD,2026-02-28,,0,,0
UPC,2026-01-31,,0,,0
UPC,2026-02-28,,0,,0
UPLD,2026-01-31,,0,,0
UPLD,2026-02-28,,0,,0
UPS,2026-01-31,,0,,0
UPS,2026-02-28,,0,,0
UPST,2026-01-31,,0,,0
UPST,2026-02-28,,0,,0
UPWK,2026-01-31,,0,,0
UPWK,2026-02-28,,0,,0
UPXI,2026-01-31,,0,,0
UPXI,2026-02-28,,0,,0
URBN,2026-01-31,,0,,0
URBN,2026-02-28,,0,,0
URG,2026-01-31,,0,,0
URG,2026-02-28,,0,,0
URGN,2026-01-31,,0,,0
URGN,2026-02-28,,0,,0
URI,2026-01-31,,0,,0
URI,2026-02-28,,0,,0
UROY,2026-01-31,,0,,0
UROY,2026-02-28,,0,,0
USA,2026-01-31,,0,,0
USA,2026-02-28,,0,,0
USAC,2026-01-31,,0,,0
USAC,2026-02-28,,0,,0
USAR,2026-01-31,,0,,0
USAR,2026-02-28,,0,,0
USAS,2026-01-31,,0,,0
USAS,2026-02-28,,0,,0
USAU,2026-01-31,,0,,0
USAU,2026-02-28,,0,,0
USB,2026-01-31,,0,,0
USB,2026-02-28,,0,,0
USB.PA,2026-01-31,,0,,0
USB.PA,2026-02-28,,0,,0
USB.PH,2026-01-31,,0,,0
USB.PH,2026-02-28,,0,,0
USB.PP,2026-01-31,,0,,0
USB.PP,2026-02-28,,0,,0
USB.PQ,2026-01-31,,0,,0
USB.PQ,2026-02-28,,0,,0
USB.PR,2026-01-31,,0,,0
USB.PR,2026-02-28,,0,,0
USB.PS,2026-01-31,,0,,0
USB.PS,2026-02-28,,0,,0
USBC,2026-01-31,,0,,0
USBC,2026-02-28,,0,,0
USCB,2026-01-31,,0,,0
USCB,2026-02-28,,0,,0
USCI,2026-01-31,,0,,0
USCI,2026-02-28,,0,,0
USEA,2026-01-31,,0,,0
USEA,2026-02-28,,0,,0
USEG,2026-01-31,,0,,0
USEG,2026-02-28,,0,,0
USFD,2026-01-31,,0,,0
USFD,2026-02-28,,0,,0
USGO,2026-01-31,,0,,0
USGO,2026-02-28,,0,,0
USIO,2026-01-31,,0,,0
USIO,2026-02-28,,0,,0
USL,2026-01-31,,0,,0
USL,2026-02-28,,0,,0
USLM,2026-01-31,,0,,0
USLM,2026-02-28,,0,,0
USML,2026-01-31,,0,,0
USML,2026-02-28,,0,,0
USNA,2026-01-31,,0,,0
USNA,2026-02-28,,0,,0
USO,2026-01-31,,0,,0
USO,2026-02-28,,0,,0
USOI,2026-01-31,,0,,0
USOI,2026-02-28,,0,,0
USPH,2026-01-31,,0,,0
USPH,2026-02-28,,0,,0
UTF,2026-01-31,,0,,0
UTF,2026-02-28,,0,,0
UTG,2026-01-31,,0,,0
UTG,2026-02-28,,0,,0
UTHR,2026-01-31,,0,,0
UTHR,2026-02-28,,0,,0
UTI,2026-01-31,,0,,0
UTI,2026-02-28,,0,,0
UTL,2026-01-31,,0,,0
UTL,2026-02-28,,0,,0
UTMD,2026-01-31,,0,,0
UTMD,2026-02-28,,0,,0
UTSI,2026-01-31,,0,,0
UTSI,2026-02-28,,0,,0
UTZ,2026-01-31,,0,,0
UTZ,2026-02-28,,0,,0
UUU,2026-01-31,,0,,0
UUU,2026-02-28,,0,,0
UUUU,2026-01-31,,0,,0
UUUU,2026-02-28,,0,,0
UVE,2026-01-31,,0,,0
UVE,2026-02-28,,0,,0
UVSP,2026-01-31,,0,,0
UVSP,2026-02-28,,0,,0
UVV,2026-01-31,,0,,0
UVV,2026-02-28,,0,,0
UWMC,2026-01-31,,0,,0
UWMC,2026-02-28,,0,,0
UXIN,2026-01-31,,0,,0
UXIN,2026-02-28,,0,,0
UYSC,2026-01-31,,0,,0
UYSC,2026-02-28,,0,,0
UYSCR,2026-01-31,,0,,0
UYSCR,2026-02-28,,0,,0
UYSCU,2026-01-31,,0,,0
UYSCU,2026-02-28,,0,,0
UZD,2026-01-31,,0,,0
UZD,2026-02-28,,0,,0
UZE,2026-01-31,,0,,0
UZE,2026-02-28,,0,,0
UZF,2026-01-31,,0,,0
UZF,2026-02-28,,0,,0
UZX,2026-01-31,,0,,0
UZX,2026-02-28,,0,,0
V,2026-01-31,,0,,0
V,2026-02-28,,0,,0
VABK,2026-01-31,,0,,0
VABK,2026-02-28,,0,,0
VAC,2026-01-31,,0,,0
VAC,2026-02-28,,0,,0
VACH,2026-01-31,,0,,0
VACH,2026-02-28,,0,,0
VACHU,2026-01-31,,0,,0
VACHU,2026-02-28,,0,,0
VACHW,2026-01-31,,0,,0
VACHW,2026-02-28,,0,,0
VACI,2026-01-31,2026-04-17,1,,0
VACI,2026-02-28,2026-04-17,1,,0
VACI.UN,2026-01-31,,0,,0
VACI.UN,2026-02-28,,0,,0
VACI.WT,2026-01-31,,0,,0
VACI.WT,2026-02-28,,0,,0
VAL,2026-01-31,,0,,0
VAL,2026-02-28,,0,,0
VAL.WT,2026-01-31,,0,,0
VAL.WT,2026-02-28,,0,,0
VALE,2026-01-31,,0,,0
VALE,2026-02-28,,0,,0
VALN,2026-01-31,,0,,0
VALN,2026-02-28,,0,,0
VALU,2026-01-31,,0,,0
VALU,2026-02-28,,0,,0
VANI,2026-01-31,,0,,0
VANI,2026-02-28,,0,,0
VATE,2026-01-31,,0,,0
VATE,2026-02-28,,0,,0
VAVX,2026-01-31,,0,,0
VAVX,2026-02-28,,0,,0
VBF,2026-01-31,,0,,0
VBF,2026-02-28,,0,,0
VBIO,2026-01-31,,0,,0
VBIO,2026-02-28,,0,,0
VBNB,2026-01-31,,0,,0
VBNB,2026-02-28,,0,,0
VBNK,2026-01-31,,0,,0
VBNK,2026-02-28,,0,,0
VC,2026-01-31,,0,,0
VC,2026-02-28,,0,,0
VCEL,2026-01-31,,0,,0
VCEL,2026-02-28,,0,,0
VCIG,2026-01-31,,0,,0
VCIG,2026-02-28,,0,,0
VCTR,2026-01-31,,0,,0
VCTR,2026-02-28,,0,,0
VCV,2026-01-31,,0,,0
VCV,2026-02-28,,0,,0
VCX,2026-01-31,,0,,0
VCX,2026-02-28,,0,,0
VCYT,2026-01-31,,0,,0
VCYT,2026-02-28,,0,,0
VECA,2026-01-31,,0,,0
VECA,2026-02-28,,0,,0
VECA.RI,2026-01-31,,0,,0
VECA.RI,2026-02-28,,0,,0
VECA.UN,2026-01-31,,0,,0
VECA.UN,2026-02-28,,0,,0
VECO,2026-01-31,,0,,0
VECO,2026-02-28,,0,,0
VEEA,2026-01-31,,0,,0
VEEA,2026-02-28,,0,,0
VEEAW,2026-01-31,,0,,0
VEEAW,2026-02-28,,0,,0
VEEE,2026-01-31,,0,,0
VEEE,2026-02-28,,0,,0
VEEV,2026-01-31,,0,,0
VEEV,2026-02-28,,0,,0
VEL,2026-01-31,,0,,0
VEL,2026-02-28,,0,,0
VELO,2026-01-31,,0,,0
VELO,2026-02-28,,0,,0
VENU,2026-01-31,,0,,0
VENU,2026-02-28,,0,,0
VEON,2026-01-31,,0,,0
VEON,2026-02-28,,0,,0
VERA,2026-01-31,,0,,0
VERA,2026-02-28,,0,,0
VERI,2026-01-31,,0,,0
VERI,2026-02-28,,0,,0
VERU,2026-01-31,,0,,0
VERU,2026-02-28,,0,,0
VERX,2026-01-31,,0,,0
VERX,2026-02-28,,0,,0
VET,2026-01-31,,0,,0
VET,2026-02-28,,0,,0
VFC,2026-01-31,,0,,0
VFC,2026-02-28,,0,,0
VFF,2026-01-31,,0,,0
VFF,2026-02-28,,0,,0
VFL,2026-01-31,,0,,0
VFL,2026-02-28,,0,,0
VFS,2026-01-31,,0,,0
VFS,2026-02-28,,0,,0
VFSWW,2026-01-31,,0,,0
VFSWW,2026-02-28,,0,,0
VG,2026-01-31,,0,,0
VG,2026-02-28,,0,,0
VGAS,2026-01-31,,0,,0
VGAS,2026-02-28,,0,,0
VGASW,2026-01-31,,0,,0
VGASW,2026-02-28,,0,,0
VGI,2026-01-31,,0,,0
VGI,2026-02-28,,0,,0
VGM,2026-01-31,,0,,0
VGM,2026-02-28,,0,,0
VGNT,2026-01-31,,0,,0
VGNT,2026-02-28,,0,,0
VGZ,2026-01-31,,0,,0
VGZ,2026-02-28,,0,,0
VHC,2026-01-31,,0,,0
VHC,2026-02-28,,0,,0
VHCP,2026-01-31,,0,,0
VHCP,2026-02-28,,0,,0
VHCPU,2026-01-31,,0,,0
VHCPU,2026-02-28,,0,,0
VHCPW,2026-01-31,,0,,0
VHCPW,2026-02-28,,0,,0
VHI,2026-01-31,,0,,0
VHI,2026-02-28,,0,,0
VHUB,2026-01-31,,0,,0
VHUB,2026-02-28,,0,,0
VIA,2026-01-31,,0,,0
VIA,2026-02-28,,0,,0
VIASP,2026-01-31,,0,,0
VIASP,2026-02-28,,0,,0
VIAV,2026-01-31,,0,,0
VIAV,2026-02-28,,0,,0
VICI,2026-01-31,,0,,0
VICI,2026-02-28,,0,,0
VICR,2026-01-31,,0,,0
VICR,2026-02-28,,0,,0
VIDA,2026-01-31,,0,,0
VIDA,2026-02-28,,0,,0
VIK,2026-01-31,,0,,0
VIK,2026-02-28,,0,,0
VINP,2026-01-31,,0,,0
VINP,2026-02-28,,0,,0
VIOT,2026-01-31,,0,,0
VIOT,2026-02-28,,0,,0
VIPS,2026-01-31,,0,,0
VIPS,2026-02-28,,0,,0
VIR,2026-01-31,,0,,0
VIR,2026-02-28,,0,,0
VIRC,2026-01-31,,0,,0
VIRC,2026-02-28,,0,,0
VIRT,2026-01-31,,0,,0
VIRT,2026-02-28,,0,,0
VISN,2026-01-31,,0,,0
VISN,2026-02-28,,0,,0
VIST,2026-01-31,,0,,0
VIST,2026-02-28,,0,,0
VITL,2026-01-31,,0,,0
VITL,2026-02-28,,0,,0
VIV,2026-01-31,,0,,0
VIV,2026-02-28,,0,,0
VIVK,2026-01-31,,0,,0
VIVK,2026-02-28,,0,,0
VIVO,2026-01-31,,0,,0
VIVO,2026-02-28,,0,,0
VIVS,2026-01-31,,0,,0
VIVS,2026-02-28,,0,,0
VKI,2026-01-31,,0,,0
VKI,2026-02-28,,0,,0
VKQ,2026-01-31,,0,,0
VKQ,2026-02-28,,0,,0
VKTX,2026-01-31,,0,,0
VKTX,2026-02-28,,0,,0
VLGEA,2026-01-31,,0,,0
VLGEA,2026-02-28,,0,,0
VLN,2026-01-31,,0,,0
VLN,2026-02-28,,0,,0
VLN.WT,2026-01-31,,0,,0
VLN.WT,2026-02-28,,0,,0
VLO,2026-01-31,,0,,0
VLO,2026-02-28,,0,,0
VLRS,2026-01-31,,0,,0
VLRS,2026-02-28,,0,,0
VLT,2026-01-31,,0,,0
VLT,2026-02-28,,0,,0
VLTO,2026-01-31,,0,,0
VLTO,2026-02-28,,0,,0
VLY,2026-01-31,,0,,0
VLY,2026-02-28,,0,,0
VLYPN,2026-01-31,,0,,0
VLYPN,2026-02-28,,0,,0
VLYPO,2026-01-31,,0,,0
VLYPO,2026-02-28,,0,,0
VLYPP,2026-01-31,,0,,0
VLYPP,2026-02-28,,0,,0
VMAR,2026-01-31,,0,,0
VMAR,2026-02-28,,0,,0
VMC,2026-01-31,,0,,0
VMC,2026-02-28,,0,,0
VMD,2026-01-31,,0,,0
VMD,2026-02-28,,0,,0
VMET,2026-01-31,,0,,0
VMET,2026-02-28,,0,,0
VMI,2026-01-31,,0,,0
VMI,2026-02-28,,0,,0
VMO,2026-01-31,,0,,0
VMO,2026-02-28,,0,,0
VNCE,2026-01-31,,0,,0
VNCE,2026-02-28,,0,,0
VNDA,2026-01-31,,0,,0
VNDA,2026-02-28,,0,,0
VNET,2026-01-31,,0,,0
VNET,2026-02-28,,0,,0
VNME,2026-01-31,,0,,0
VNME,2026-02-28,,0,,0
VNMEU,2026-01-31,,0,,0
VNMEU,2026-02-28,,0,,0
VNMEW,2026-01-31,,0,,0
VNMEW,2026-02-28,,0,,0
VNO,2026-01-31,,0,,0
VNO,2026-02-28,,0,,0
VNO.PL,2026-01-31,,0,,0
VNO.PL,2026-02-28,,0,,0
VNO.PM,2026-01-31,,0,,0
VNO.PM,2026-02-28,,0,,0
VNO.PN,2026-01-31,,0,,0
VNO.PN,2026-02-28,,0,,0
VNO.PO,2026-01-31,,0,,0
VNO.PO,2026-02-28,,0,,0
VNOM,2026-01-31,,0,,0
VNOM,2026-02-28,,0,,0
VNRX,2026-01-31,,0,,0
VNRX,2026-02-28,,0,,0
VNT,2026-01-31,,0,,0
VNT,2026-02-28,,0,,0
VNTG,2026-01-31,,0,,0
VNTG,2026-02-28,,0,,0
VOC,2026-01-31,,0,,0
VOC,2026-02-28,,0,,0
VOD,2026-01-31,,0,,0
VOD,2026-02-28,,0,,0
VOR,2026-01-31,,0,,0
VOR,2026-02-28,,0,,0
VOXR,2026-01-31,,0,,0
VOXR,2026-02-28,,0,,0
VOYA,2026-01-31,,0,,0
VOYA,2026-02-28,,0,,0
VOYA.PB,2026-01-31,,0,,0
VOYA.PB,2026-02-28,,0,,0
VOYG,2026-01-31,,0,,0
VOYG,2026-02-28,,0,,0
VPG,2026-01-31,,0,,0
VPG,2026-02-28,,0,,0
VPV,2026-01-31,,0,,0
VPV,2026-02-28,,0,,0
VRA,2026-01-31,,0,,0
VRA,2026-02-28,,0,,0
VRAX,2026-01-31,,0,,0
VRAX,2026-02-28,,0,,0
VRCA,2026-01-31,,0,,0
VRCA,2026-02-28,,0,,0
VRDN,2026-01-31,,0,,0
VRDN,2026-02-28,,0,,0
VREX,2026-01-31,,0,,0
VREX,2026-02-28,,0,,0
VRM,2026-01-31,,0,,0
VRM,2026-02-28,,0,,0
VRME,2026-01-31,,0,,0
VRME,2026-02-28,,0,,0
VRNS,2026-01-31,,0,,0
VRNS,2026-02-28,,0,,0
VRRM,2026-01-31,,0,,0
VRRM,2026-02-28,,0,,0
VRSK,2026-01-31,,0,,0
VRSK,2026-02-28,,0,,0
VRSN,2026-01-31,,0,,0
VRSN,2026-02-28,,0,,0
VRT,2026-01-31,,0,,0
VRT,2026-02-28,,0,,0
VRTS,2026-01-31,,0,,0
VRTS,2026-02-28,,0,,0
VRTX,2026-01-31,,0,,0
VRTX,2026-02-28,,0,,0
VRXA,2026-01-31,,0,,0
VRXA,2026-02-28,,0,,0
VRXAW,2026-01-31,,0,,0
VRXAW,2026-02-28,,0,,0
VS,2026-01-31,,0,,0
VS,2026-02-28,,0,,0
VSA,2026-01-31,,0,,0
VSA,2026-02-28,,0,,0
VSAT,2026-01-31,,0,,0
VSAT,2026-02-28,,0,,0
VSEC,2026-01-31,,0,,0
VSEC,2026-02-28,,0,,0
VSECU,2026-01-31,,0,,0
VSECU,2026-02-28,,0,,0
VSEE,2026-01-31,,0,,0
VSEE,2026-02-28,,0,,0
VSEEW,2026-01-31,,0,,0
VSEEW,2026-02-28,,0,,0
VSH,2026-01-31,,0,,0
VSH,2026-02-28,,0,,0
VSME,2026-01-31,,0,,0
VSME,2026-02-28,,0,,0
VSNT,2026-01-31,,0,,0
VSNT,2026-02-28,,0,,0
VST,2026-01-31,,0,,0
VST,2026-02-28,,0,,0
VSTD,2026-01-31,,0,,0
VSTD,2026-02-28,,0,,0
VSTM,2026-01-31,,0,,0
VSTM,2026-02-28,,0,,0
VSTS,2026-01-31,,0,,0
VSTS,2026-02-28,,0,,0
VSXY,2026-01-31,,0,,0
VSXY,2026-02-28,,0,,0
VTAK,2026-01-31,,0,,0
VTAK,2026-02-28,,0,,0
VTEX,2026-01-31,,0,,0
VTEX,2026-02-28,,0,,0
VTGN,2026-01-31,,0,,0
VTGN,2026-02-28,,0,,0
VTIX,2026-01-31,,0,,0
VTIX,2026-02-28,,0,,0
VTMX,2026-01-31,,0,,0
VTMX,2026-02-28,,0,,0
VTN,2026-01-31,,0,,0
VTN,2026-02-28,,0,,0
VTOL,2026-01-31,,0,,0
VTOL,2026-02-28,,0,,0
VTR,2026-01-31,,0,,0
VTR,2026-02-28,,0,,0
VTRS,2026-01-31,,0,,0
VTRS,2026-02-28,,0,,0
VTS,2026-01-31,,0,,0
VTS,2026-02-28,,0,,0
VTSI,2026-01-31,,0,,0
VTSI,2026-02-28,,0,,0
VTVT,2026-01-31,,0,,0
VTVT,2026-02-28,,0,,0
VUZI,2026-01-31,,0,,0
VUZI,2026-02-28,,0,,0
VVOS,2026-01-31,,0,,0
VVOS,2026-02-28,,0,,0
VVR,2026-01-31,,0,,0
VVR,2026-02-28,,0,,0
VVV,2026-01-31,,0,,0
VVV,2026-02-28,,0,,0
VVX,2026-01-31,,0,,0
VVX,2026-02-28,,0,,0
VWAV,2026-01-31,,0,,0
VWAV,2026-02-28,,0,,0
VWAVW,2026-01-31,,0,,0
VWAVW,2026-02-28,,0,,0
VYGR,2026-01-31,,0,,0
VYGR,2026-02-28,,0,,0
VYLD,2026-01-31,,0,,0
VYLD,2026-02-28,,0,,0
VYNE,2026-01-31,,0,,0
VYNE,2026-02-28,,0,,0
VYX,2026-01-31,,0,,0
VYX,2026-02-28,,0,,0
VZ,2026-01-31,,0,,0
VZ,2026-02-28,,0,,0
VZLA,2026-01-31,,0,,0
VZLA,2026-02-28,,0,,0
W,2026-01-31,,0,,0
W,2026-02-28,,0,,0
WAB,2026-01-31,,0,,0
WAB,2026-02-28,,0,,0
WABC,2026-01-31,,0,,0
WABC,2026-02-28,,0,,0
WAFD,2026-01-31,,0,,0
WAFD,2026-02-28,,0,,0
WAFDP,2026-01-31,,0,,0
WAFDP,2026-02-28,,0,,0
WAFU,2026-01-31,,0,,0
WAFU,2026-02-28,,0,,0
WAI,2026-01-31,,0,,0
WAI,2026-02-28,,0,,0
WAL,2026-01-31,,0,,0
WAL,2026-02-28,,0,,0
WAL.PA,2026-01-31,,0,,0
WAL.PA,2026-02-28,,0,,0
WALD,2026-01-31,,0,,0
WALD,2026-02-28,,0,,0
WALDW,2026-01-31,,0,,0
WALDW,2026-02-28,,0,,0
WASH,2026-01-31,,0,,0
WASH,2026-02-28,,0,,0
WAT,2026-01-31,,0,,0
WAT,2026-02-28,,0,,0
WATT,2026-01-31,,0,,0
WATT,2026-02-28,,0,,0
WAVE,2026-01-31,,0,,0
WAVE,2026-02-28,,0,,0
WAY,2026-01-31,,0,,0
WAY,2026-02-28,,0,,0
WB,2026-01-31,,0,,0
WB,2026-02-28,,0,,0
WBD,2026-01-31,,0,,0
WBD,2026-02-28,,0,,0
WBI,2026-01-31,,0,,0
WBI,2026-02-28,,0,,0
WBS,2026-01-31,2026-02-03,1,,0
WBS,2026-02-28,,0,,0
WBS.PF,2026-01-31,,0,,0
WBS.PF,2026-02-28,,0,,0
WBS.PG,2026-01-31,,0,,0
WBS.PG,2026-02-28,,0,,0
WBTN,2026-01-31,,0,,0
WBTN,2026-02-28,,0,,0
WBUY,2026-01-31,,0,,0
WBUY,2026-02-28,,0,,0
WBX,2026-01-31,,0,,0
WBX,2026-02-28,,0,,0
WCC,2026-01-31,,0,,0
WCC,2026-02-28,,0,,0
WCN,2026-01-31,,0,,0
WCN,2026-02-28,,0,,0
WCT,2026-01-31,,0,,0
WCT,2026-02-28,,0,,0
WD,2026-01-31,,0,,0
WD,2026-02-28,,0,,0
WDAY,2026-01-31,,0,,0
WDAY,2026-02-28,,0,,0
WDC,2026-01-31,,0,,0
WDC,2026-02-28,,0,,0
WDFC,2026-01-31,,0,,0
WDFC,2026-02-28,,0,,0
WDH,2026-01-31,,0,,0
WDH,2026-02-28,,0,,0
WDI,2026-01-31,,0,,0
WDI,2026-02-28,,0,,0
WDS,2026-01-31,,0,,0
WDS,2026-02-28,,0,,0
WEA,2026-01-31,,0,,0
WEA,2026-02-28,,0,,0
WEAT,2026-01-31,,0,,0
WEAT,2026-02-28,,0,,0
WEAV,2026-01-31,,0,,0
WEAV,2026-02-28,,0,,0
WEC,2026-01-31,,0,,0
WEC,2026-02-28,,0,,0
WELL,2026-01-31,,0,,0
WELL,2026-02-28,,0,,0
WEN,2026-01-31,,0,,0
WEN,2026-02-28,,0,,0
WENC,2026-01-31,,0,,0
WENC,2026-02-28,,0,,0
WENC.RI,2026-01-31,,0,,0
WENC.RI,2026-02-28,,0,,0
WENC.UN,2026-01-31,,0,,0
WENC.UN,2026-02-28,,0,,0
WENN,2026-01-31,,0,,0
WENN,2026-02-28,,0,,0
WENNU,2026-01-31,,0,,0
WENNU,2026-02-28,,0,,0
WENNW,2026-01-31,,0,,0
WENNW,2026-02-28,,0,,0
WERN,2026-01-31,,0,,0
WERN,2026-02-28,,0,,0
WES,2026-01-31,,0,,0
WES,2026-02-28,,0,,0
WEST,2026-01-31,,0,,0
WEST,2026-02-28,,0,,0
WETH,2026-01-31,,0,,0
WETH,2026-02-28,,0,,0
WETO,2026-01-31,,0,,0
WETO,2026-02-28,,0,,0
WEX,2026-01-31,,0,,0
WEX,2026-02-28,,0,,0
WEYS,2026-01-31,,0,,0
WEYS,2026-02-28,,0,,0
WF,2026-01-31,,0,,0
WF,2026-02-28,,0,,0
WFC,2026-01-31,,0,,0
WFC,2026-02-28,,0,,0
WFC.PA,2026-01-31,,0,,0
WFC.PA,2026-02-28,,0,,0
WFC.PC,2026-01-31,,0,,0
WFC.PC,2026-02-28,,0,,0
WFC.PD,2026-01-31,,0,,0
WFC.PD,2026-02-28,,0,,0
WFC.PL,2026-01-31,,0,,0
WFC.PL,2026-02-28,,0,,0
WFC.PY,2026-01-31,,0,,0
WFC.PY,2026-02-28,,0,,0
WFC.PZ,2026-01-31,,0,,0
WFC.PZ,2026-02-28,,0,,0
WFCF,2026-01-31,,0,,0
WFCF,2026-02-28,,0,,0
WFF,2026-01-31,,0,,0
WFF,2026-02-28,,0,,0
WFG,2026-01-31,,0,,0
WFG,2026-02-28,,0,,0
WFRD,2026-01-31,,0,2026-06-01,1
WFRD,2026-02-28,,0,2026-06-01,1
WGO,2026-01-31,,0,,0
WGO,2026-02-28,,0,,0
WGRX,2026-01-31,,0,,0
WGRX,2026-02-28,,0,,0
WGS,2026-01-31,,0,,0
WGS,2026-02-28,,0,,0
WGSWW,2026-01-31,,0,,0
WGSWW,2026-02-28,,0,,0
WH,2026-01-31,,0,,0
WH,2026-02-28,,0,,0
WHD,2026-01-31,,0,,0
WHD,2026-02-28,,0,,0
WHF,2026-01-31,,0,,0
WHF,2026-02-28,,0,,0
WHFCL,2026-01-31,,0,,0
WHFCL,2026-02-28,,0,,0
WHG,2026-01-31,,0,,0
WHG,2026-02-28,,0,,0
WHK,2026-01-31,,0,,0
WHK,2026-02-28,,0,,0
WHLR,2026-01-31,,0,,0
WHLR,2026-02-28,,0,,0
WHLRD,2026-01-31,,0,,0
WHLRD,2026-02-28,,0,,0
WHLRL,2026-01-31,,0,,0
WHLRL,2026-02-28,,0,,0
WHLRP,2026-01-31,,0,,0
WHLRP,2026-02-28,,0,,0
WHR,2026-01-31,,0,,0
WHR,2026-02-28,,0,,0
WHR.PA,2026-01-31,,0,,0
WHR.PA,2026-02-28,,0,,0
WHWK,2026-01-31,,0,,0
WHWK,2026-02-28,,0,,0
WIA,2026-01-31,,0,,0
WIA,2026-02-28,,0,,0
WILC,2026-01-31,,0,,0
WILC,2026-02-28,,0,,0
WIMI,2026-01-31,,0,,0
WIMI,2026-02-28,,0,,0
WINA,2026-01-31,,0,,0
WINA,2026-02-28,,0,,0
WING,2026-01-31,,0,,0
WING,2026-02-28,,0,,0
WIT,2026-01-31,,0,,0
WIT,2026-02-28,,0,,0
WIW,2026-01-31,,0,,0
WIW,2026-02-28,,0,,0
WIX,2026-01-31,,0,,0
WIX,2026-02-28,,0,,0
WK,2026-01-31,,0,,0
WK,2026-02-28,,0,,0
WKC,2026-01-31,,0,,0
WKC,2026-02-28,,0,,0
WKEY,2026-01-31,,0,,0
WKEY,2026-02-28,,0,,0
WKHS,2026-01-31,,0,,0
WKHS,2026-02-28,,0,,0
WKSP,2026-01-31,,0,,0
WKSP,2026-02-28,,0,,0
WLDN,2026-01-31,,0,,0
WLDN,2026-02-28,,0,,0
WLDS,2026-01-31,,0,,0
WLDS,2026-02-28,,0,,0
WLDSW,2026-01-31,,0,,0
WLDSW,2026-02-28,,0,,0
WLFC,2026-01-31,,0,,0
WLFC,2026-02-28,,0,,0
WLII,2026-01-31,,0,,0
WLII,2026-02-28,,0,,0
WLIIU,2026-01-31,,0,,0
WLIIU,2026-02-28,,0,,0
WLIIW,2026-01-31,,0,,0
WLIIW,2026-02-28,,0,,0
WLK,2026-01-31,,0,,0
WLK,2026-02-28,,0,,0
WLKP,2026-01-31,,0,,0
WLKP,2026-02-28,,0,,0
WLTH,2026-01-31,,0,,0
WLTH,2026-02-28,,0,,0
WLY,2026-01-31,,0,,0
WLY,2026-02-28,,0,,0
WLYB,2026-01-31,,0,,0
WLYB,2026-02-28,,0,,0
WM,2026-01-31,,0,,0
WM,2026-02-28,,0,,0
WMB,2026-01-31,,0,,0
WMB,2026-02-28,,0,,0
WMG,2026-01-31,,0,,0
WMG,2026-02-28,,0,,0
WMK,2026-01-31,,0,,0
WMK,2026-02-28,,0,,0
WMS,2026-01-31,,0,,0
WMS,2026-02-28,,0,,0
WMT,2026-01-31,,0,,0
WMT,2026-02-28,,0,,0
WNC,2026-01-31,,0,,0
WNC,2026-02-28,,0,,0
WNEB,2026-01-31,,0,,0
WNEB,2026-02-28,,0,,0
WNW,2026-01-31,,0,,0
WNW,2026-02-28,,0,,0
WOK,2026-01-31,,0,,0
WOK,2026-02-28,,0,,0
WOLF,2026-01-31,,0,,0
WOLF,2026-02-28,,0,,0
WOOF,2026-01-31,,0,,0
WOOF,2026-02-28,,0,,0
WOR,2026-01-31,,0,,0
WOR,2026-02-28,,0,,0
WPAC,2026-01-31,,0,,0
WPAC,2026-02-28,,0,,0
WPAC.RI,2026-01-31,,0,,0
WPAC.RI,2026-02-28,,0,,0
WPAC.UN,2026-01-31,,0,,0
WPAC.UN,2026-02-28,,0,,0
WPC,2026-01-31,,0,,0
WPC,2026-02-28,,0,,0
WPM,2026-01-31,,0,,0
WPM,2026-02-28,,0,,0
WPP,2026-01-31,,0,,0
WPP,2026-02-28,,0,,0
WPRT,2026-01-31,,0,,0
WPRT,2026-02-28,,0,,0
WRAP,2026-01-31,,0,,0
WRAP,2026-02-28,,0,,0
WRB,2026-01-31,,0,,0
WRB,2026-02-28,,0,,0
WRB.PE,2026-01-31,,0,,0
WRB.PE,2026-02-28,,0,,0
WRB.PF,2026-01-31,,0,,0
WRB.PF,2026-02-28,,0,,0
WRB.PG,2026-01-31,,0,,0
WRB.PG,2026-02-28,,0,,0
WRB.PH,2026-01-31,,0,,0
WRB.PH,2026-02-28,,0,,0
WRBY,2026-01-31,,0,,0
WRBY,2026-02-28,,0,,0
WRD,2026-01-31,,0,,0
WRD,2026-02-28,,0,,0
WRLD,2026-01-31,,0,,0
WRLD,2026-02-28,,0,,0
WRN,2026-01-31,,0,,0
WRN,2026-02-28,,0,,0
WS,2026-01-31,,0,,0
WS,2026-02-28,,0,,0
WSBC,2026-01-31,,0,,0
WSBC,2026-02-28,,0,,0
WSBCO,2026-01-31,,0,,0
WSBCO,2026-02-28,,0,,0
WSBF,2026-01-31,,0,,0
WSBF,2026-02-28,,0,,0
WSBK,2026-01-31,,0,,0
WSBK,2026-02-28,,0,,0
WSC,2026-01-31,,0,,0
WSC,2026-02-28,,0,,0
WSE,2026-01-31,,0,,0
WSE,2026-02-28,,0,,0
WSFS,2026-01-31,,0,,0
WSFS,2026-02-28,,0,,0
WSHP,2026-01-31,,0,,0
WSHP,2026-02-28,,0,,0
WSM,2026-01-31,,0,,0
WSM,2026-02-28,,0,,0
WSO,2026-01-31,,0,,0
WSO,2026-02-28,,0,,0
WSO.B,2026-01-31,,0,,0
WSO.B,2026-02-28,,0,,0
WSR,2026-01-31,2026-04-09,1,,0
WSR,2026-02-28,2026-04-09,1,,0
WST,2026-01-31,,0,,0
WST,2026-02-28,,0,,0
WSTN,2026-01-31,,0,,0
WSTN,2026-02-28,,0,,0
WSTNR,2026-01-31,,0,,0
WSTNR,2026-02-28,,0,,0
WSTNU,2026-01-31,,0,,0
WSTNU,2026-02-28,,0,,0
WT,2026-01-31,,0,,0
WT,2026-02-28,,0,,0
WTBA,2026-01-31,,0,,0
WTBA,2026-02-28,,0,,0
WTF,2026-01-31,,0,,0
WTF,2026-02-28,,0,,0
WTFC,2026-01-31,,0,,0
WTFC,2026-02-28,,0,,0
WTFCN,2026-01-31,,0,,0
WTFCN,2026-02-28,,0,,0
WTG,2026-01-31,,0,,0
WTG,2026-02-28,,0,,0
WTGUR,2026-01-31,,0,,0
WTGUR,2026-02-28,,0,,0
WTGUU,2026-01-31,,0,,0
WTGUU,2026-02-28,,0,,0
WTI,2026-01-31,,0,,0
WTI,2026-02-28,,0,,0
WTID,2026-01-31,,0,,0
WTID,2026-02-28,,0,,0
WTIU,2026-01-31,,0,,0
WTIU,2026-02-28,,0,,0
WTM,2026-01-31,,0,,0
WTM,2026-02-28,,0,,0
WTO,2026-01-31,,0,,0
WTO,2026-02-28,,0,,0
WTRG,2026-01-31,,0,,0
WTRG,2026-02-28,,0,,0
WTS,2026-01-31,,0,,0
WTS,2026-02-28,,0,,0
WTTR,2026-01-31,,0,,0
WTTR,2026-02-28,,0,,0
WTW,2026-01-31,,0,,0
WTW,2026-02-28,,0,,0
WU,2026-01-31,,0,,0
WU,2026-02-28,,0,,0
WULF,2026-01-31,,0,,0
WULF,2026-02-28,,0,,0
WVE,2026-01-31,,0,,0
WVE,2026-02-28,,0,,0
WVVI,2026-01-31,,0,,0
WVVI,2026-02-28,,0,,0
WVVIP,2026-01-31,,0,,0
WVVIP,2026-02-28,,0,,0
WW,2026-01-31,,0,,0
WW,2026-02-28,,0,,0
WWD,2026-01-31,,0,,0
WWD,2026-02-28,,0,,0
WWR,2026-01-31,,0,,0
WWR,2026-02-28,,0,,0
WWW,2026-01-31,,0,,0
WWW,2026-02-28,,0,,0
WXM,2026-01-31,,0,,0
WXM,2026-02-28,,0,,0
WY,2026-01-31,,0,,0
WY,2026-02-28,,0,,0
WYFI,2026-01-31,,0,,0
WYFI,2026-02-28,,0,,0
WYHG,2026-01-31,,0,,0
WYHG,2026-02-28,,0,,0
WYNN,2026-01-31,,0,,0
WYNN,2026-02-28,,0,,0
WYY,2026-01-31,,0,,0
WYY,2026-02-28,,0,,0
XAIR,2026-01-31,,0,,0
XAIR,2026-02-28,,0,,0
XBIO,2026-01-31,,0,,0
XBIO,2026-02-28,,0,,0
XBIT,2026-01-31,,0,,0
XBIT,2026-02-28,,0,,0
XBP,2026-01-31,,0,,0
XBP,2026-02-28,,0,,0
XBPEW,2026-01-31,,0,,0
XBPEW,2026-02-28,,0,,0
XCBE,2026-01-31,,0,,0
XCBE,2026-02-28,,0,,0
XCBEU,2026-01-31,,0,,0
XCBEU,2026-02-28,,0,,0
XCBEW,2026-01-31,,0,,0
XCBEW,2026-02-28,,0,,0
XCH,2026-01-31,,0,,0
XCH,2026-02-28,,0,,0
XCUR,2026-01-31,,0,,0
XCUR,2026-02-28,,0,,0
XE,2026-01-31,,0,,0
XE,2026-02-28,,0,,0
XEL,2026-01-31,,0,,0
XEL,2026-02-28,,0,,0
XELB,2026-01-31,,0,,0
XELB,2026-02-28,,0,,0
XELLL,2026-01-31,,0,,0
XELLL,2026-02-28,,0,,0
XENE,2026-01-31,,0,,0
XENE,2026-02-28,,0,,0
XERS,2026-01-31,,0,,0
XERS,2026-02-28,,0,,0
XFLH,2026-01-31,,0,,0
XFLH,2026-02-28,,0,,0
XFLH.RI,2026-01-31,,0,,0
XFLH.RI,2026-02-28,,0,,0
XFLH.UN,2026-01-31,,0,,0
XFLH.UN,2026-02-28,,0,,0
XFLT,2026-01-31,,0,,0
XFLT,2026-02-28,,0,,0
XFOR,2026-01-31,,0,,0
XFOR,2026-02-28,,0,,0
XGN,2026-01-31,,0,,0
XGN,2026-02-28,,0,,0
XHG,2026-01-31,,0,,0
XHG,2026-02-28,,0,,0
XHLD,2026-01-31,,0,,0
XHLD,2026-02-28,,0,,0
XHR,2026-01-31,,0,,0
XHR,2026-02-28,,0,,0
XIFR,2026-01-31,,0,,0
XIFR,2026-02-28,,0,,0
XLO,2026-01-31,,0,,0
XLO,2026-02-28,,0,,0
XMAX,2026-01-31,,0,,0
XMAX,2026-02-28,,0,,0
XMTR,2026-01-31,,0,,0
XMTR,2026-02-28,,0,,0
XNCR,2026-01-31,,0,,0
XNCR,2026-02-28,,0,,0
XNDU,2026-01-31,,0,,0
XNDU,2026-02-28,,0,,0
XNET,2026-01-31,,0,,0
XNET,2026-02-28,,0,,0
XOM,2026-01-31,,0,,0
XOM,2026-02-28,,0,,0
XOMA,2026-01-31,2026-04-27,1,,0
XOMA,2026-02-28,2026-04-27,1,,0
XOMAO,2026-01-31,,0,,0
XOMAO,2026-02-28,,0,,0
XOMAP,2026-01-31,,0,,0
XOMAP,2026-02-28,,0,,0
XOS,2026-01-31,,0,,0
XOS,2026-02-28,,0,,0
XOSWW,2026-01-31,,0,,0
XOSWW,2026-02-28,,0,,0
XP,2026-01-31,,0,,0
XP,2026-02-28,,0,,0
XPEL,2026-01-31,,0,,0
XPEL,2026-02-28,,0,,0
XPER,2026-01-31,,0,,0
XPER,2026-02-28,,0,,0
XPEV,2026-01-31,,0,,0
XPEV,2026-02-28,,0,,0
XPL,2026-01-31,,0,,0
XPL,2026-02-28,,0,,0
XPO,2026-01-31,,0,,0
XPO,2026-02-28,,0,,0
XPOF,2026-01-31,,0,,0
XPOF,2026-02-28,,0,,0
XPON,2026-01-31,,0,,0
XPON,2026-02-28,,0,,0
XPRO,2026-01-31,,0,,0
XPRO,2026-02-28,,0,,0
XRAY,2026-01-31,,0,,0
XRAY,2026-02-28,,0,,0
XRN,2026-01-31,,0,,0
XRN,2026-02-28,,0,,0
XRN.PA,2026-01-31,,0,,0
XRN.PA,2026-02-28,,0,,0
XRN.PB,2026-01-31,,0,,0
XRN.PB,2026-02-28,,0,,0
XRP,2026-01-31,,0,,0
XRP,2026-02-28,,0,,0
XRPN,2026-01-31,,0,,0
XRPN,2026-02-28,,0,,0
XRPNU,2026-01-31,,0,,0
XRPNU,2026-02-28,,0,,0
XRPNW,2026-01-31,,0,,0
XRPNW,2026-02-28,,0,,0
XRPZ,2026-01-31,,0,,0
XRPZ,2026-02-28,,0,,0
XRTX,2026-01-31,,0,,0
XRTX,2026-02-28,,0,,0
XRX,2026-01-31,,0,,0
XRX,2026-02-28,,0,,0
XRXDW,2026-01-31,,0,,0
XRXDW,2026-02-28,,0,,0
XSLL,2026-01-31,,0,,0
XSLL,2026-02-28,,0,,0
XSLLU,2026-01-31,,0,,0
XSLLU,2026-02-28,,0,,0
XSLLW,2026-01-31,,0,,0
XSLLW,2026-02-28,,0,,0
XTIA,2026-01-31,,0,,0
XTIA,2026-02-28,,0,,0
XTLB,2026-01-31,,0,,0
XTLB,2026-02-28,,0,,0
XTNT,2026-01-31,,0,,0
XTNT,2026-02-28,,0,,0
XWEL,2026-01-31,,0,,0
XWEL,2026-02-28,,0,,0
XXI,2026-01-31,2026-05-19,1,,0
XXI,2026-02-28,2026-05-19,1,,0
XXII,2026-01-31,,0,,0
XXII,2026-02-28,,0,,0
XYF,2026-01-31,,0,,0
XYF,2026-02-28,,0,,0
XYL,2026-01-31,,0,,0
XYL,2026-02-28,,0,,0
XYZ,2026-01-31,,0,,0
XYZ,2026-02-28,,0,,0
XZO,2026-01-31,,0,,0
XZO,2026-02-28,,0,,0
YAAS,2026-01-31,,0,,0
YAAS,2026-02-28,,0,,0
YALA,2026-01-31,,0,,0
YALA,2026-02-28,,0,,0
YB,2026-01-31,,0,,0
YB,2026-02-28,,0,,0
YCBD,2026-01-31,,0,,0
YCBD,2026-02-28,,0,,0
YCL,2026-01-31,,0,,0
YCL,2026-02-28,,0,,0
YCS,2026-01-31,,0,,0
YCS,2026-02-28,,0,,0
YCY,2026-01-31,,0,,0
YCY,2026-02-28,,0,,0
YCY.UN,2026-01-31,,0,,0
YCY.UN,2026-02-28,,0,,0
YCY.WT,2026-01-31,,0,,0
YCY.WT,2026-02-28,,0,,0
YDDL,2026-01-31,,0,,0
YDDL,2026-02-28,,0,,0
YDES,2026-01-31,,0,,0
YDES,2026-02-28,,0,,0
YDESW,2026-01-31,,0,,0
YDESW,2026-02-28,,0,,0
YDKG,2026-01-31,,0,,0
YDKG,2026-02-28,,0,,0
YELP,2026-01-31,,0,,0
YELP,2026-02-28,,0,,0
YETI,2026-01-31,,0,,0
YETI,2026-02-28,,0,,0
YEXT,2026-01-31,,0,,0
YEXT,2026-02-28,,0,,0
YHC,2026-01-31,,0,,0
YHC,2026-02-28,,0,,0
YHGJ,2026-01-31,,0,,0
YHGJ,2026-02-28,,0,,0
YHNA,2026-01-31,,0,,0
YHNA,2026-02-28,,0,,0
YHNAR,2026-01-31,,0,,0
YHNAR,2026-02-28,,0,,0
YHNAU,2026-01-31,,0,,0
YHNAU,2026-02-28,,0,,0
YI,2026-01-31,,0,,0
YI,2026-02-28,,0,,0
YIBO,2026-01-31,,0,,0
YIBO,2026-02-28,,0,,0
YJ,2026-01-31,,0,,0
YJ,2026-02-28,,0,,0
YMAT,2026-01-31,,0,,0
YMAT,2026-02-28,,0,,0
YMM,2026-01-31,,0,,0
YMM,2026-02-28,,0,,0
YMT,2026-01-31,,0,,0
YMT,2026-02-28,,0,,0
YOOV,2026-01-31,,0,,0
YOOV,2026-02-28,,0,,0
YORW,2026-01-31,,0,,0
YORW,2026-02-28,,0,,0
YOU,2026-01-31,,0,,0
YOU,2026-02-28,,0,,0
YOUL,2026-01-31,,0,,0
YOUL,2026-02-28,,0,,0
YPF,2026-01-31,,0,,0
YPF,2026-02-28,,0,,0
YQ,2026-01-31,,0,,0
YQ,2026-02-28,,0,,0
YRD,2026-01-31,,0,,0
YRD,2026-02-28,,0,,0
YSG,2026-01-31,,0,,0
YSG,2026-02-28,,0,,0
YSS,2026-01-31,,0,,0
YSS,2026-02-28,,0,,0
YSWY,2026-01-31,,0,,0
YSWY,2026-02-28,,0,,0
YSXT,2026-01-31,,0,,0
YSXT,2026-02-28,,0,,0
YTRA,2026-01-31,,0,,0
YTRA,2026-02-28,,0,,0
YUM,2026-01-31,,0,,0
YUM,2026-02-28,,0,,0
YUMC,2026-01-31,,0,,0
YUMC,2026-02-28,,0,,0
YXT,2026-01-31,,0,,0
YXT,2026-02-28,,0,,0
YYAI,2026-01-31,,0,,0
YYAI,2026-02-28,,0,,0
YYGH,2026-01-31,,0,,0
YYGH,2026-02-28,,0,,0
Z,2026-01-31,,0,,0
Z,2026-02-28,,0,,0
ZBAO,2026-01-31,,0,,0
ZBAO,2026-02-28,,0,,0
ZBH,2026-01-31,,0,,0
ZBH,2026-02-28,,0,,0
ZBIO,2026-01-31,,0,,0
ZBIO,2026-02-28,,0,,0
ZBRA,2026-01-31,,0,,0
ZBRA,2026-02-28,,0,,0
ZCMD,2026-01-31,,0,,0
ZCMD,2026-02-28,,0,,0
ZD,2026-01-31,,0,,0
ZD,2026-02-28,,0,,0
ZDAI,2026-01-31,,0,,0
ZDAI,2026-02-28,,0,,0
ZDGE,2026-01-31,,0,,0
ZDGE,2026-02-28,,0,,0
ZENA,2026-01-31,,0,,0
ZENA,2026-02-28,,0,,0
ZEO,2026-01-31,,0,,0
ZEO,2026-02-28,,0,,0
ZEOWW,2026-01-31,,0,,0
ZEOWW,2026-02-28,,0,,0
ZEPP,2026-01-31,,0,,0
ZEPP,2026-02-28,,0,,0
ZETA,2026-01-31,,0,,0
ZETA,2026-02-28,,0,,0
ZG,2026-01-31,,0,,0
ZG,2026-02-28,,0,,0
ZGN,2026-01-31,,0,,0
ZGN,2026-02-28,,0,,0
ZH,2026-01-31,,0,,0
ZH,2026-02-28,,0,,0
ZIM,2026-01-31,,0,,0
ZIM,2026-02-28,,0,,0
ZION,2026-01-31,,0,,0
ZION,2026-02-28,,0,,0
ZIONP,2026-01-31,,0,,0
ZIONP,2026-02-28,,0,,0
ZIP,2026-01-31,,0,,0
ZIP,2026-02-28,,0,,0
ZJK,2026-01-31,,0,,0
ZJK,2026-02-28,,0,,0
ZJYL,2026-01-31,,0,,0
ZJYL,2026-02-28,,0,,0
ZKH,2026-01-31,,0,,0
ZKH,2026-02-28,,0,,0
ZKIN,2026-01-31,,0,,0
ZKIN,2026-02-28,,0,,0
ZKP,2026-01-31,,0,,0
ZKP,2026-02-28,,0,,0
ZKPU,2026-01-31,,0,,0
ZKPU,2026-02-28,,0,,0
ZKPW,2026-01-31,,0,,0
ZKPW,2026-02-28,,0,,0
ZLAB,2026-01-31,,0,,0
ZLAB,2026-02-28,,0,,0
ZM,2026-01-31,,0,,0
ZM,2026-02-28,,0,,0
ZNB,2026-01-31,,0,,0
ZNB,2026-02-28,,0,,0
ZNTL,2026-01-31,,0,,0
ZNTL,2026-02-28,,0,,0
ZONE,2026-01-31,,0,,0
ZONE,2026-02-28,,0,,0
ZOOZ,2026-01-31,,0,,0
ZOOZ,2026-02-28,,0,,0
ZOOZW,2026-01-31,,0,,0
ZOOZW,2026-02-28,,0,,0
ZS,2026-01-31,,0,,0
ZS,2026-02-28,,0,,0
ZSL,2026-01-31,,0,,0
ZSL,2026-02-28,,0,,0
ZSQR,2026-01-31,,0,,0
ZSQR,2026-02-28,,0,,0
ZSTK,2026-01-31,,0,,0
ZSTK,2026-02-28,,0,,0
ZTEK,2026-01-31,,0,,0
ZTEK,2026-02-28,,0,,0
ZTG,2026-01-31,,0,,0
ZTG,2026-02-28,,0,,0
ZTO,2026-01-31,,0,,0
ZTO,2026-02-28,,0,,0
ZTR,2026-01-31,,0,,0
ZTR,2026-02-28,,0,,0
ZTS,2026-01-31,,0,,0
ZTS,2026-02-28,,0,,0
ZUMZ,2026-01-31,,0,,0
ZUMZ,2026-02-28,,0,,0
ZURA,2026-01-31,,0,,0
ZURA,2026-02-28,,0,,0
ZVIA,2026-01-31,,0,,0
ZVIA,2026-02-28,,0,,0
ZVRA,2026-01-31,,0,,0
ZVRA,2026-02-28,,0,,0
ZWS,2026-01-31,,0,,0
ZWS,2026-02-28,,0,,0
ZYBT,2026-01-31,,0,,0
ZYBT,2026-02-28,,0,,0
ZYME,2026-01-31,,0,,0
ZYME,2026-02-28,,0,,0
