ticker,first_date,last_date,trading_days,missing_close,missing_volume,avg_dollar_volume,annualized_vol,cumulative_return,has_price_data
A,,,,,,,,,False
AA,,,,,,,,,False
AACB,,,,,,,,,False
AACBR,,,,,,,,,False
AACBU,,,,,,,,,False
AACG,,,,,,,,,False
AACI,,,,,,,,,False
AACIU,,,,,,,,,False
AACIW,,,,,,,,,False
AACO,,,,,,,,,False
AACOU,,,,,,,,,False
AACOW,,,,,,,,,False
AACP,,,,,,,,,False
AACPR,,,,,,,,,False
AACPU,,,,,,,,,False
AACPW,,,,,,,,,False
AADX,,,,,,,,,False
AAL,,,,,,,,,False
AAME,,,,,,,,,False
AAMI,,,,,,,,,False
AAOI,,,,,,,,,False
AAON,,,,,,,,,False
AAP,,,,,,,,,False
AAPG,,,,,,,,,False
AAPL,,,,,,,,,False
AARD,,,,,,,,,False
AAT,,,,,,,,,False
AAUC,,,,,,,,,False
AB,,,,,,,,,False
ABAT,,,,,,,,,False
ABBV,,,,,,,,,False
ABCB,,,,,,,,,False
ABCL,,,,,,,,,False
ABEO,,,,,,,,,False
ABEV,,,,,,,,,False
ABG,,,,,,,,,False
ABLV,,,,,,,,,False
ABLVW,,,,,,,,,False
ABM,,,,,,,,,False
ABNB,,,,,,,,,False
ABOS,,,,,,,,,False
ABR,,,,,,,,,False
ABR.PD,,,,,,,,,False
ABR.PE,,,,,,,,,False
ABR.PF,,,,,,,,,False
ABSI,,,,,,,,,False
ABT,,,,,,,,,False
ABTC,,,,,,,,,False
ABTS,,,,,,,,,False
ABUS,,,,,,,,,False
ABVC,,,,,,,,,False
ABVE,,,,,,,,,False
ABVX,,,,,,,,,False
ABX,,,,,,,,,False
ABXL,,,,,,,,,False
ACA,,,,,,,,,False
ACAA,,,,,,,,,False
ACAAU,,,,,,,,,False
ACAAW,,,,,,,,,False
ACAD,,,,,,,,,False
ACB,,,,,,,,,False
ACCL,,,,,,,,,False
ACCO,,,,,,,,,False
ACCS,,,,,,,,,False
ACDC,,,,,,,,,False
ACEL,,,,,,,,,False
ACET,,,,,,,,,False
ACFN,,,,,,,,,False
ACGC,,,,,,,,,False
ACGCU,,,,,,,,,False
ACGCW,,,,,,,,,False
ACGL,,,,,,,,,False
ACGLN,,,,,,,,,False
ACGLO,,,,,,,,,False
ACH,,,,,,,,,False
ACHC,,,,,,,,,False
ACHR,,,,,,,,,False
ACHR.WT,,,,,,,,,False
ACHV,,,,,,,,,False
ACI,,,,,,,,,False
ACIC,,,,,,,,,False
ACIU,,,,,,,,,False
ACIW,,,,,,,,,False
ACLS,2026-01-02,2026-02-27,39.0,0.0,0.0,23570981.904102564,0.626575375270061,-0.040757083139804084,True
ACM,,,,,,,,,False
ACMR,,,,,,,,,False
ACN,,,,,,,,,False
ACNB,,,,,,,,,False
ACNT,,,,,,,,,False
ACOG,,,,,,,,,False
ACON,,,,,,,,,False
ACONW,,,,,,,,,False
ACP,,,,,,,,,False
ACP.PA,,,,,,,,,False
ACR,,,,,,,,,False
ACR.PC,,,,,,,,,False
ACR.PD,,,,,,,,,False
ACRE,,,,,,,,,False
ACRS,,,,,,,,,False
ACRV,,,,,,,,,False
ACT,,,,,,,,,False
ACTG,,,,,,,,,False
ACTU,,,,,,,,,False
ACU,,,,,,,,,False
ACV,,,,,,,,,False
ACVA,,,,,,,,,False
ACXP,,,,,,,,,False
AD,2026-01-02,2026-02-27,39.0,0.0,0.0,1634508.576923077,0.628606630583295,-0.09766493699036283,True
ADAC,,,,,,,,,False
ADACU,,,,,,,,,False
ADACW,,,,,,,,,False
ADAG,,,,,,,,,False
ADAM,,,,,,,,,False
ADAMG,,,,,,,,,False
ADAMH,,,,,,,,,False
ADAMI,,,,,,,,,False
ADAML,,,,,,,,,False
ADAMM,,,,,,,,,False
ADAMN,,,,,,,,,False
ADAMO,,,,,,,,,False
ADAMZ,,,,,,,,,False
ADBE,,,,,,,,,False
ADC,,,,,,,,,False
ADC.PA,,,,,,,,,False
ADCT,,,,,,,,,False
ADEA,,,,,,,,,False
ADGM,,,,,,,,,False
ADI,,,,,,,,,False
ADIL,,,,,,,,,False
ADM,,,,,,,,,False
ADMA,,,,,,,,,False
ADNT,,,,,,,,,False
ADP,,,,,,,,,False
ADPT,,,,,,,,,False
ADSE,,,,,,,,,False
ADSEW,,,,,,,,,False
ADSK,,,,,,,,,False
ADT,,,,,,,,,False
ADTN,,,,,,,,,False
ADTX,,,,,,,,,False
ADUR,,,,,,,,,False
ADUS,,,,,,,,,False
ADV,,,,,,,,,False
ADVB,,,,,,,,,False
ADX,,,,,,,,,False
ADXN,,,,,,,,,False
AEAQ,,,,,,,,,False
AEAQU,,,,,,,,,False
AEAQW,,,,,,,,,False
AEBI,,,,,,,,,False
AEC,,,,,,,,,False
AEE,,,,,,,,,False
AEF,,,,,,,,,False
AEFC,,,,,,,,,False
AEG,,,,,,,,,False
AEHL,,,,,,,,,False
AEHR,,,,,,,,,False
AEI,,,,,,,,,False
AEIS,,,,,,,,,False
AEM,,,,,,,,,False
AEMD,,,,,,,,,False
AENT,,,,,,,,,False
AENTW,,,,,,,,,False
AEO,,,,,,,,,False
AEON,,,,,,,,,False
AEP,,,,,,,,,False
AER,,,,,,,,,False
AERO,,,,,,,,,False
AERT,,,,,,,,,False
AERTW,,,,,,,,,False
AES,2026-01-02,2026-02-27,39.0,0.0,0.0,13030188.70051282,0.38469269911954856,0.16115981119352818,True
AESI,,,,,,,,,False
AESPU,,,,,,,,,False
AEVA,,,,,,,,,False
AEXA,,,,,,,,,False
AEYE,,,,,,,,,False
AFB,,,,,,,,,False
AFBI,2026-01-02,2026-02-27,39.0,0.0,0.0,23305.733333333334,0.18745512522281318,-0.026894865525670997,True
AFCG,,,,,,,,,False
AFG,,,,,,,,,False
AFGB,,,,,,,,,False
AFGC,,,,,,,,,False
AFGD,,,,,,,,,False
AFGE,,,,,,,,,False
AFJK,,,,,,,,,False
AFJKR,,,,,,,,,False
AFJKU,,,,,,,,,False
AFL,,,,,,,,,False
AFRI,,,,,,,,,False
AFRIW,,,,,,,,,False
AFRM,,,,,,,,,False
AFYA,,,,,,,,,False
AG,,,,,,,,,False
AGBK,,,,,,,,,False
AGCC,,,,,,,,,False
AGCO,,,,,,,,,False
AGD,,,,,,,,,False
AGEN,,,,,,,,,False
AGI,,,,,,,,,False
AGIG,,,,,,,,,False
AGIO,,,,,,,,,False
AGL,,,,,,,,,False
AGM,,,,,,,,,False
AGM.A,,,,,,,,,False
AGM.PD,,,,,,,,,False
AGM.PE,,,,,,,,,False
AGM.PF,,,,,,,,,False
AGM.PG,,,,,,,,,False
AGM.PH,,,,,,,,,False
AGM.PI,,,,,,,,,False
AGMB,,,,,,,,,False
AGMH,,,,,,,,,False
AGNC,,,,,,,,,False
AGNCL,,,,,,,,,False
AGNCM,,,,,,,,,False
AGNCN,,,,,,,,,False
AGNCO,,,,,,,,,False
AGNCP,,,,,,,,,False
AGNCZ,,,,,,,,,False
AGNT,,,,,,,,,False
AGO,,,,,,,,,False
AGPU,,,,,,,,,False
AGQ,,,,,,,,,False
AGRO,,,,,,,,,False
AGRZ,,,,,,,,,False
AGX,,,,,,,,,False
AGYS,,,,,,,,,False
AHCO,,,,,,,,,False
AHG,,,,,,,,,False
AHL.PD,,,,,,,,,False
AHL.PE,,,,,,,,,False
AHL.PF,,,,,,,,,False
AHMA,,,,,,,,,False
AHR,,,,,,,,,False
AHRT,,,,,,,,,False
AHRT.PA,,,,,,,,,False
AHT,,,,,,,,,False
AHT.PD,,,,,,,,,False
AHT.PF,,,,,,,,,False
AHT.PG,,,,,,,,,False
AHT.PH,,,,,,,,,False
AHT.PI,,,,,,,,,False
AI,,,,,,,,,False
AIAI,,,,,,,,,False
AIB,,,,,,,,,False
AIBZ,,,,,,,,,False
AIDX,,,,,,,,,False
AIFA,,,,,,,,,False
AIFC,,,,,,,,,False
AIFF,,,,,,,,,False
AIFU,,,,,,,,,False
AIG,,,,,,,,,False
AIHS,,,,,,,,,False
AII,,,,,,,,,False
AIIA,,,,,,,,,False
AIIA.RI,,,,,,,,,False
AIIA.UN,,,,,,,,,False
AIIO,,,,,,,,,False
AIIOW,,,,,,,,,False
AIIR,,,,,,,,,False
AIM,,,,,,,,,False
AIMD,,,,,,,,,False
AIMDW,,,,,,,,,False
AIN,,,,,,,,,False
AIO,,,,,,,,,False
AIOS,,,,,,,,,False
AIOT,,,,,,,,,False
AIP,,,,,,,,,False
AIQD,,,,,,,,,False
AIQU,,,,,,,,,False
AIR,,,,,,,,,False
AIRE,,,,,,,,,False
AIRG,,,,,,,,,False
AIRI,2026-01-02,2026-02-27,39.0,0.0,0.0,11819.997564102565,0.3362688742335449,0.1136363636363642,True
AIRJ,,,,,,,,,False
AIRJW,,,,,,,,,False
AIRO,,,,,,,,,False
AIRS,,,,,,,,,False
AIRT,,,,,,,,,False
AIRTP,,,,,,,,,False
AISP,,,,,,,,,False
AISPW,,,,,,,,,False
AIT,,,,,,,,,False
AIV,,,,,,,,,False
AIXC,,,,,,,,,False
AIXI,,,,,,,,,False
AIZ,,,,,,,,,False
AIZN,,,,,,,,,False
AJG,,,,,,,,,False
AKA,,,,,,,,,False
AKAM,,,,,,,,,False
AKAN,,,,,,,,,False
AKBA,,,,,,,,,False
AKO.A,,,,,,,,,False
AKO.B,,,,,,,,,False
AKR,,,,,,,,,False
AKTS,,,,,,,,,False
AKTX,,,,,,,,,False
ALAB,,,,,,,,,False
ALAR,,,,,,,,,False
ALB,2026-01-02,2026-02-27,39.0,0.0,0.0,56454109.77282051,0.7049623497380194,0.24399247753709163,True
ALB.PA,,,,,,,,,False
ALBT,,,,,,,,,False
ALC,,,,,,,,,False
ALCO,,,,,,,,,False
ALDF,,,,,,,,,False
ALDFU,,,,,,,,,False
ALDFW,,,,,,,,,False
ALDX,,,,,,,,,False
ALEC,,,,,,,,,False
ALF,,,,,,,,,False
ALFUU,,,,,,,,,False
ALFUW,,,,,,,,,False
ALG,,,,,,,,,False
ALGM,,,,,,,,,False
ALGN,,,,,,,,,False
ALGS,,,,,,,,,False
ALGT,,,,,,,,,False
ALH,,,,,,,,,False
ALHC,,,,,,,,,False
ALIS,2026-01-02,2026-02-26,23.0,0.0,0.0,144873.7013043478,0.033038575613057695,0.005025125628141502,True
ALISR,,,,,,,,,False
ALISU,,,,,,,,,False
ALIT,,,,,,,,,False
ALK,,,,,,,,,False
ALKS,,,,,,,,,False
ALKT,,,,,,,,,False
ALL,,,,,,,,,False
ALL.PB,,,,,,,,,False
ALL.PH,,,,,,,,,False
ALL.PI,,,,,,,,,False
ALL.PJ,,,,,,,,,False
ALLE,,,,,,,,,False
ALLO,,,,,,,,,False
ALLR,,,,,,,,,False
ALLT,,,,,,,,,False
ALLY,,,,,,,,,False
ALM,,,,,,,,,False
ALMR,,,,,,,,,False
ALMS,,,,,,,,,False
ALMU,,,,,,,,,False
ALNT,,,,,,,,,False
ALNY,,,,,,,,,False
ALOT,,,,,,,,,False
ALOV,,,,,,,,,False
ALOVU,,,,,,,,,False
ALOVW,,,,,,,,,False
ALOY,,,,,,,,,False
ALP,,,,,,,,,False
ALPS,,,,,,,,,False
ALRM,,,,,,,,,False
ALRS,,,,,,,,,False
ALSN,,,,,,,,,False
ALT,,,,,,,,,False
ALTG,,,,,,,,,False
ALTG.PA,,,,,,,,,False
ALTI,,,,,,,,,False
ALTO,,,,,,,,,False
ALUB,,,,,,,,,False
ALUB.UN,,,,,,,,,False
ALUB.WT,,,,,,,,,False
ALV,,,,,,,,,False
ALVO,,,,,,,,,False
ALVOW,,,,,,,,,False
ALX,,,,,,,,,False
ALXO,,,,,,,,,False
ALZN,,,,,,,,,False
AM,,,,,,,,,False
AMAL,,,,,,,,,False
AMAN,,,,,,,,,False
AMAT,,,,,,,,,False
AMBA,,,,,,,,,False
AMBO,,,,,,,,,False
AMBP,,,,,,,,,False
AMBQ,,,,,,,,,False
AMBR,,,,,,,,,False
AMC,,,,,,,,,False
AMCI,,,,,,,,,False
AMCR,,,,,,,,,False
AMCX,,,,,,,,,False
AMD,,,,,,,,,False
AME,,,,,,,,,False
AMG,,,,,,,,,False
AMGN,,,,,,,,,False
AMH,,,,,,,,,False
AMH.PG,,,,,,,,,False
AMH.PH,,,,,,,,,False
AMIX,,,,,,,,,False
AMJB,,,,,,,,,False
AMKR,,,,,,,,,False
AMLX,,,,,,,,,False
AMN,,,,,,,,,False
AMOD,,,,,,,,,False
AMODW,,,,,,,,,False
AMP,,,,,,,,,False
AMPG,,,,,,,,,False
AMPGR,,,,,,,,,False
AMPGZ,,,,,,,,,False
AMPH,,,,,,,,,False
AMPL,,,,,,,,,False
AMPX,,,,,,,,,False
AMPX.WT,,,,,,,,,False
AMPY,,,,,,,,,False
AMR,,,,,,,,,False
AMRC,,,,,,,,,False
AMRN,,,,,,,,,False
AMRX,,,,,,,,,False
AMRZ,,,,,,,,,False
AMS,,,,,,,,,False
AMSC,,,,,,,,,False
AMSF,,,,,,,,,False
AMSS,,,,,,,,,False
AMST,,,,,,,,,False
AMT,,,,,,,,,False
AMTB,,,,,,,,,False
AMTD,,,,,,,,,False
AMTM,,,,,,,,,False
AMTX,,,,,,,,,False
AMUB,,,,,,,,,False
AMWL,,,,,,,,,False
AMX,,,,,,,,,False
AMZE,,,,,,,,,False
AMZN,2026-01-02,2026-02-27,39.0,0.0,0.0,3536540767.354359,0.5011421299480688,-0.07596611964002109,True
AN,,,,,,,,,False
ANAB,,,,,,,,,False
ANDE,,,,,,,,,False
ANDG,,,,,,,,,False
ANET,,,,,,,,,False
ANF,,,,,,,,,False
ANG.PD,,,,,,,,,False
ANGH,,,,,,,,,False
ANGHW,,,,,,,,,False
ANGI,,,,,,,,,False
ANGO,,,,,,,,,False
ANGX,,,,,,,,,False
ANIK,,,,,,,,,False
ANIP,,,,,,,,,False
ANIX,,,,,,,,,False
ANL,,,,,,,,,False
ANNA,,,,,,,,,False
ANNAW,,,,,,,,,False
ANNX,,,,,,,,,False
ANPA,,,,,,,,,False
ANRO,,,,,,,,,False
ANSC,,,,,,,,,False
ANSCU,,,,,,,,,False
ANSCW,,,,,,,,,False
ANTA,,,,,,,,,False
ANTX,,,,,,,,,False
ANVS,,,,,,,,,False
ANY,,,,,,,,,False
AOD,,,,,,,,,False
AOMD,,,,,,,,,False
AOMN,,,,,,,,,False
AOMR,,,,,,,,,False
AON,,,,,,,,,False
AORT,,,,,,,,,False
AOS,,,,,,,,,False
AOSL,,,,,,,,,False
AOUT,,,,,,,,,False
AP,,,,,,,,,False
APA,,,,,,,,,False
APAC,,,,,,,,,False
APACR,,,,,,,,,False
APACU,,,,,,,,,False
APAM,,,,,,,,,False
APC,,,,,,,,,False
APD,,,,,,,,,False
APEI,,,,,,,,,False
APG,,,,,,,,,False
APGE,,,,,,,,,False
APH,,,,,,,,,False
API,,,,,,,,,False
APLD,,,,,,,,,False
APLE,,,,,,,,,False
APLM,,,,,,,,,False
APLMW,,,,,,,,,False
APM,,,,,,,,,False
APMCU,,,,,,,,,False
APO,2026-01-02,2026-02-27,39.0,0.0,0.0,75233802.11948718,0.4566187768541764,-0.2832764505119446,True
APO.PA,,,,,,,,,False
APOG,,,,,,,,,False
APOS,,,,,,,,,False
APP,,,,,,,,,False
APPF,,,,,,,,,False
APPN,,,,,,,,,False
APPS,,,,,,,,,False
APRE,,,,,,,,,False
APT,,,,,,,,,False
APTV,,,,,,,,,False
APUR,,,,,,,,,False
APURR,,,,,,,,,False
APURU,,,,,,,,,False
APUS,2026-01-02,2026-02-27,37.0,0.0,0.0,13730.847297297296,1.7283538560501417,-0.18674698795180655,True
APVO,,,,,,,,,False
APWC,,,,,,,,,False
APXT,,,,,,,,,False
APXTU,,,,,,,,,False
APXTW,,,,,,,,,False
APYX,,,,,,,,,False
AQB,,,,,,,,,False
AQMS,,,,,,,,,False
AQN,,,,,,,,,False
AQNB,,,,,,,,,False
AQST,,,,,,,,,False
AR,,,,,,,,,False
ARAI,,,,,,,,,False
ARAY,,,,,,,,,False
ARBB,,,,,,,,,False
ARBE,,,,,,,,,False
ARBEW,,,,,,,,,False
ARBK,,,,,,,,,False
ARCB,,,,,,,,,False
ARCC,,,,,,,,,False
ARCI,,,,,,,,,False
ARCIU,,,,,,,,,False
ARCIW,,,,,,,,,False
ARCL,,,,,,,,,False
ARCLR,,,,,,,,,False
ARCLU,,,,,,,,,False
ARCLW,,,,,,,,,False
ARCO,,,,,,,,,False
ARCT,,,,,,,,,False
ARDC,,,,,,,,,False
ARDT,,,,,,,,,False
ARDX,,,,,,,,,False
ARE,,,,,,,,,False
AREC,,,,,,,,,False
AREN,,,,,,,,,False
ARES,,,,,,,,,False
ARES.PB,,,,,,,,,False
ARGX,,,,,,,,,False
ARHS,,,,,,,,,False
ARI,,,,,,,,,False
ARIS,,,,,,,,,False
ARKO,,,,,,,,,False
ARKR,,,,,,,,,False
ARL,,,,,,,,,False
ARLO,,,,,,,,,False
ARLP,,,,,,,,,False
ARM,,,,,,,,,False
ARMK,,,,,,,,,False
ARMP,,,,,,,,,False
AROC,,,,,,,,,False
AROW,,,,,,,,,False
ARQ,,,,,,,,,False
ARQQ,,,,,,,,,False
ARQQW,,,,,,,,,False
ARQT,,,,,,,,,False
ARR,,,,,,,,,False
ARR.PC,,,,,,,,,False
ARRY,,,,,,,,,False
ARTC,,,,,,,,,False
ARTCU,,,,,,,,,False
ARTCW,,,,,,,,,False
ARTL,,,,,,,,,False
ARTNA,,,,,,,,,False
ARTV,,,,,,,,,False
ARTW,,,,,,,,,False
ARVN,,,,,,,,,False
ARW,,,,,,,,,False
ARWR,,,,,,,,,False
ARX,,,,,,,,,False
ARXS,,,,,,,,,False
AS,,,,,,,,,False
ASA,,,,,,,,,False
ASAN,,,,,,,,,False
ASB,,,,,,,,,False
ASB.PE,,,,,,,,,False
ASB.PF,,,,,,,,,False
ASBA,,,,,,,,,False
ASBP,,,,,,,,,False
ASBPW,,,,,,,,,False
ASC,,,,,,,,,False
ASG,,,,,,,,,False
ASGI,,,,,,,,,False
ASH,,,,,,,,,False
ASIC,,,,,,,,,False
ASIX,,,,,,,,,False
ASLE,,,,,,,,,False
ASM,,,,,,,,,False
ASMB,,,,,,,,,False
ASML,,,,,,,,,False
ASND,,,,,,,,,False
ASO,,,,,,,,,False
ASPC,,,,,,,,,False
ASPCR,,,,,,,,,False
ASPCU,,,,,,,,,False
ASPI,,,,,,,,,False
ASPN,,,,,,,,,False
ASPS,,,,,,,,,False
ASPSW,,,,,,,,,False
ASPSZ,,,,,,,,,False
ASR,,,,,,,,,False
ASRT,2026-01-02,2026-02-27,39.0,0.0,0.0,139994.28,0.5783334684979701,0.2757111597374191,True
ASRV,,,,,,,,,False
ASST,,,,,,,,,False
ASTC,,,,,,,,,False
ASTE,,,,,,,,,False
ASTH,,,,,,,,,False
ASTI,,,,,,,,,False
ASTL,,,,,,,,,False
ASTLW,,,,,,,,,False
ASTS,,,,,,,,,False
ASUR,,,,,,,,,False
ASX,,,,,,,,,False
ASYS,,,,,,,,,False
ATAI,,,,,,,,,False
ATAT,,,,,,,,,False
ATCH,,,,,,,,,False
ATCX,,,,,,,,,False
ATEC,,,,,,,,,False
ATEN,,,,,,,,,False
ATER,,,,,,,,,False
ATEX,,,,,,,,,False
ATGL,,,,,,,,,False
ATH.PA,,,,,,,,,False
ATH.PB,,,,,,,,,False
ATH.PD,,,,,,,,,False
ATH.PE,,,,,,,,,False
ATHE,,,,,,,,,False
ATHM,,,,,,,,,False
ATHR,,,,,,,,,False
ATHS,,,,,,,,,False
ATI,,,,,,,,,False
ATII,2026-01-02,2026-02-27,37.0,0.0,0.0,102718.21783783784,0.054972116549251084,0.017391304347826653,True
ATIIU,,,,,,,,,False
ATIIW,,,,,,,,,False
ATKR,,,,,,,,,False
ATLC,,,,,,,,,False
ATLCL,,,,,,,,,False
ATLCP,,,,,,,,,False
ATLCZ,,,,,,,,,False
ATLN,,,,,,,,,False
ATLO,,,,,,,,,False
ATLX,,,,,,,,,False
ATMU,,,,,,,,,False
ATNI,,,,,,,,,False
ATNM,,,,,,,,,False
ATO,,,,,,,,,False
ATOM,,,,,,,,,False
ATOS,,,,,,,,,False
ATPC,,,,,,,,,False
ATR,,,,,,,,,False
ATRA,,,,,,,,,False
ATRC,,,,,,,,,False
ATRO,,,,,,,,,False
ATS,,,,,,,,,False
ATXG,,,,,,,,,False
ATYR,,,,,,,,,False
AU,,,,,,,,,False
AUB,,,,,,,,,False
AUB.PA,,,,,,,,,False
AUBN,,,,,,,,,False
AUC,,,,,,,,,False
AUDC,,,,,,,,,False
AUGO,,,,,,,,,False
AUID,,,,,,,,,False
AUNA,,,,,,,,,False
AUPH,,,,,,,,,False
AUR,,,,,,,,,False
AURA,,,,,,,,,False
AURE,,,,,,,,,False
AUROW,,,,,,,,,False
AUST,,,,,,,,,False
AUTL,,,,,,,,,False
AUUD,2026-01-02,2026-02-27,39.0,0.0,0.0,281171.6003512821,3.305754821409829,-0.17519607843137197,True
AVA,,,,,,,,,False
AVAH,,,,,,,,,False
AVAL,,,,,,,,,False
AVAT,,,,,,,,,False
AVAV,,,,,,,,,False
AVB,2026-01-02,2026-02-27,39.0,0.0,0.0,19464389.53153846,0.21509332536805703,-0.01917322398315413,True
AVBC,,,,,,,,,False
AVBH,,,,,,,,,False
AVBP,,,,,,,,,False
AVD,,,,,,,,,False
AVEX,,,,,,,,,False
AVGO,,,,,,,,,False
AVIR,,,,,,,,,False
AVK,,,,,,,,,False
AVLN,,,,,,,,,False
AVNS,2026-01-02,2026-02-27,39.0,0.0,0.0,1056801.3975641027,0.5118221260595326,0.25770433229120226,True
AVNT,,,,,,,,,False
AVNW,,,,,,,,,False
AVO,,,,,,,,,False
AVPT,,,,,,,,,False
AVR,,,,,,,,,False
AVT,,,,,,,,,False
AVTR,,,,,,,,,False
AVTX,,,,,,,,,False
AVX,,,,,,,,,False
AVXL,,,,,,,,,False
AVY,,,,,,,,,False
AWF,,,,,,,,,False
AWI,,,,,,,,,False
AWK,2026-01-02,2026-02-27,39.0,0.0,0.0,22331548.28371795,0.2633047999864538,0.05187231430325445,True
AWP,,,,,,,,,False
AWR,,,,,,,,,False
AWRE,,,,,,,,,False
AWX,,,,,,,,,False
AX,,,,,,,,,False
AXG,,,,,,,,,False
AXGN,,,,,,,,,False
AXIA,,,,,,,,,False
AXIA.P,,,,,,,,,False
AXIA.PC,,,,,,,,,False
AXIL,,,,,,,,,False
AXIN,,,,,,,,,False
AXINR,,,,,,,,,False
AXINU,,,,,,,,,False
AXON,,,,,,,,,False
AXP,,,,,,,,,False
AXR,,,,,,,,,False
AXS,,,,,,,,,False
AXS.PE,,,,,,,,,False
AXSM,,,,,,,,,False
AXTA,2026-01-02,2026-02-27,39.0,0.0,0.0,12265650.418461539,0.267812240341303,0.011960635881909099,True
AXTI,,,,,,,,,False
AYA,,,,,,,,,False
AYI,,,,,,,,,False
AYTU,,,,,,,,,False
AZ,,,,,,,,,False
AZI,,,,,,,,,False
AZN,,,,,,,,,False
AZO,,,,,,,,,False
AZTA,,,,,,,,,False
AZTR,,,,,,,,,False
AZUL,,,,,,,,,False
AZZ,,,,,,,,,False
B,,,,,,,,,False
BA,,,,,,,,,False
BA.PA,,,,,,,,,False
BABA,,,,,,,,,False
BAC,,,,,,,,,False
BAC.PB,,,,,,,,,False
BAC.PE,,,,,,,,,False
BAC.PK,,,,,,,,,False
BAC.PL,,,,,,,,,False
BAC.PM,,,,,,,,,False
BAC.PN,,,,,,,,,False
BAC.PO,,,,,,,,,False
BAC.PP,,,,,,,,,False
BAC.PQ,,,,,,,,,False
BAC.PS,,,,,,,,,False
BACC,2026-01-02,2026-02-27,39.0,0.0,0.0,161665.53435897434,0.03569948886513276,-0.0029354207436397273,True
BACCR,,,,,,,,,False
BACCU,,,,,,,,,False
BAER,,,,,,,,,False
BAERW,,,,,,,,,False
BAFN,,,,,,,,,False
BAH,,,,,,,,,False
BAK,,,,,,,,,False
BALL,,,,,,,,,False
BALY,,,,,,,,,False
BAM,,,,,,,,,False
BANC,,,,,,,,,False
BANC.PF,,,,,,,,,False
BAND,,,,,,,,,False
BANF,,,,,,,,,False
BANFP,,,,,,,,,False
BANL,,,,,,,,,False
BANR,,,,,,,,,False
BANX,,,,,,,,,False
BAOS,,,,,,,,,False
BAP,,,,,,,,,False
BAR,,,,,,,,,False
BARK,2026-01-02,2026-02-27,39.0,0.0,0.0,65188.97348461539,1.3090969900483402,0.3765421372719391,True
BATL,,,,,,,,,False
BATRA,,,,,,,,,False
BATRK,,,,,,,,,False
BAVA,,,,,,,,,False
BAX,,,,,,,,,False
BAYA,,,,,,,,,False
BAYAR,,,,,,,,,False
BAYAU,,,,,,,,,False
BB,,,,,,,,,False
BBAI,,,,,,,,,False
BBAI.WT,,,,,,,,,False
BBAR,,,,,,,,,False
BBBY,,,,,,,,,False
BBBY.WT,,,,,,,,,False
BBCP,,,,,,,,,False
BBCQ,2026-01-28,2026-02-27,21.0,0.0,0.0,122870.75047619047,0.06503534000409202,-0.001007049345417066,True
BBCQU,,,,,,,,,False
BBCQW,,,,,,,,,False
BBD,,,,,,,,,False
BBDC,,,,,,,,,False
BBDO,,,,,,,,,False
BBGI,,,,,,,,,False
BBIO,,,,,,,,,False
BBLG,,,,,,,,,False
BBLGW,,,,,,,,,False
BBN,,,,,,,,,False
BBNX,,,,,,,,,False
BBOT,,,,,,,,,False
BBSI,,,,,,,,,False
BBT,,,,,,,,,False
BBUC,,,,,,,,,False
BBVA,,,,,,,,,False
BBW,,,,,,,,,False
BBWI,,,,,,,,,False
BBY,,,,,,,,,False
BC,,,,,,,,,False
BC.PC,,,,,,,,,False
BCAB,,,,,,,,,False
BCAL,,,,,,,,,False
BCAR,2026-01-02,2026-02-27,39.0,0.0,0.0,1789365.8653846155,0.10777241787587405,0.0034825870646768564,True
BCARU,,,,,,,,,False
BCARW,,,,,,,,,False
BCAT,,,,,,,,,False
BCAX,,,,,,,,,False
BCBP,,,,,,,,,False
BCC,,,,,,,,,False
BCDA,,,,,,,,,False
BCE,,,,,,,,,False
BCG,,,,,,,,,False
BCGWW,,,,,,,,,False
BCH,,,,,,,,,False
BCHT,,,,,,,,,False
BCIC,,,,,,,,,False
BCML,,,,,,,,,False
BCO,,,,,,,,,False
BCPC,,,,,,,,,False
BCRX,,,,,,,,,False
BCS,,,,,,,,,False
BCSF,,,,,,,,,False
BCSS,,,,,,,,,False
BCSS.UN,,,,,,,,,False
BCSS.WT,,,,,,,,,False
BCTX,,,,,,,,,False
BCTXL,,,,,,,,,False
BCTXZ,,,,,,,,,False
BCV,,,,,,,,,False
BCV.PA,,,,,,,,,False
BCX,,,,,,,,,False
BCYC,,,,,,,,,False
BDC,,,,,,,,,False
BDCI,,,,,,,,,False
BDCIU,,,,,,,,,False
BDCIW,,,,,,,,,False
BDCX,,,,,,,,,False
BDCZ,,,,,,,,,False
BDJ,,,,,,,,,False
BDL,,,,,,,,,False
BDMD,,,,,,,,,False
BDMDW,,,,,,,,,False
BDN,,,,,,,,,False
BDRX,,,,,,,,,False
BDRY,,,,,,,,,False
BDSX,,,,,,,,,False
BDTX,,,,,,,,,False
BDX,,,,,,,,,False
BE,,,,,,,,,False
BEAG,,,,,,,,,False
BEAGR,,,,,,,,,False
BEAGU,,,,,,,,,False
BEAM,,,,,,,,,False
BEAT,,,,,,,,,False
BEATW,,,,,,,,,False
BEBE,,,,,,,,,False
BEBE.UN,,,,,,,,,False
BEBE.WT,,,,,,,,,False
BEEM,,,,,,,,,False
BEEP,,,,,,,,,False
BEKE,,,,,,,,,False
BELFA,,,,,,,,,False
BELFB,,,,,,,,,False
BEN,,,,,,,,,False
BENF,,,,,,,,,False
BENFW,,,,,,,,,False
BEP,,,,,,,,,False
BEP.PA,,,,,,,,,False
BEPC,,,,,,,,,False
BEPH,,,,,,,,,False
BEPI,,,,,,,,,False
BEPJ,,,,,,,,,False
BERZ,,,,,,,,,False
BESS,,,,,,,,,False
BESS.WT,,,,,,,,,False
BETA,,,,,,,,,False
BETR,,,,,,,,,False
BETRW,,,,,,,,,False
BF.A,,,,,,,,,False
BF.B,,,,,,,,,False
BFAM,,,,,,,,,False
BFC,,,,,,,,,False
BFH,,,,,,,,,False
BFH.PA,,,,,,,,,False
BFH.PB,,,,,,,,,False
BFLY,,,,,,,,,False
BFRG,,,,,,,,,False
BFRGW,,,,,,,,,False
BFRI,,,,,,,,,False
BFRIW,,,,,,,,,False
BFS,,,,,,,,,False
BFS.PD,,,,,,,,,False
BFS.PE,,,,,,,,,False
BFST,,,,,,,,,False
BG,,,,,,,,,False
BGB,,,,,,,,,False
BGC,,,,,,,,,False
BGDE,,,,,,,,,False
BGH,,,,,,,,,False
BGI,,,,,,,,,False
BGIN,,,,,,,,,False
BGL,,,,,,,,,False
BGLC,,,,,,,,,False
BGLWW,,,,,,,,,False
BGM,,,,,,,,,False
BGMS,,,,,,,,,False
BGR,,,,,,,,,False
BGS,,,,,,,,,False
BGSF,,,,,,,,,False
BGSI,,,,,,,,,False
BGT,,,,,,,,,False
BGX,,,,,,,,,False
BGY,,,,,,,,,False
BH,,,,,,,,,False
BH.A,,,,,,,,,False
BHAV,,,,,,,,,False
BHAVR,,,,,,,,,False
BHAVU,,,,,,,,,False
BHB,,,,,,,,,False
BHC,,,,,,,,,False
BHE,,,,,,,,,False
BHF,2026-01-02,2026-02-27,39.0,0.0,0.0,17289818.71717949,0.09662416305298885,-0.07108564348768698,True
BHFAL,,,,,,,,,False
BHFAM,,,,,,,,,False
BHFAN,,,,,,,,,False
BHFAO,,,,,,,,,False
BHFAP,,,,,,,,,False
BHK,,,,,,,,,False
BHM,,,,,,,,,False
BHP,,,,,,,,,False
BHR,,,,,,,,,False
BHR.PB,,,,,,,,,False
BHR.PD,,,,,,,,,False
BHRB,,,,,,,,,False
BHST,,,,,,,,,False
BHV,,,,,,,,,False
BHVN,,,,,,,,,False
BHYP,,,,,,,,,False
BIAF,,,,,,,,,False
BIAFW,,,,,,,,,False
BIDU,,,,,,,,,False
BIDWU,,,,,,,,,False
BIIB,,,,,,,,,False
BIII,,,,,,,,,False
BIII.UN,,,,,,,,,False
BIII.WT,,,,,,,,,False
BILI,,,,,,,,,False
BILL,,,,,,,,,False
BIO,,,,,,,,,False
BIO.B,,,,,,,,,False
BIOA,,,,,,,,,False
BIOX,,,,,,,,,False
BIP,,,,,,,,,False
BIP.PA,,,,,,,,,False
BIP.PB,,,,,,,,,False
BIPC,,,,,,,,,False
BIPH,,,,,,,,,False
BIPI,,,,,,,,,False
BIPJ,,,,,,,,,False
BIRD,,,,,,,,,False
BIRK,,,,,,,,,False
BIT,,,,,,,,,False
BITB,,,,,,,,,False
BITW,,,,,,,,,False
BIVI,,,,,,,,,False
BIVIW,,,,,,,,,False
BIXI,,,,,,,,,False
BIXIU,,,,,,,,,False
BIXIW,,,,,,,,,False
BIYA,,,,,,,,,False
BJ,,,,,,,,,False
BJDX,,,,,,,,,False
BJRI,,,,,,,,,False
BKD,,,,,,,,,False
BKE,,,,,,,,,False
BKH,2026-01-02,2026-02-27,39.0,0.0,0.0,6868124.585897435,0.19258145644226993,0.057987656093010154,True
BKHA,,,,,,,,,False
BKHAR,,,,,,,,,False
BKHAU,,,,,,,,,False
BKKT,,,,,,,,,False
BKKT.WT,,,,,,,,,False
BKNG,,,,,,,,,False
BKR,2026-01-02,2026-02-27,39.0,0.0,0.0,210377684.60589743,0.3345177853893126,0.3838812301166501,True
BKSY,,,,,,,,,False
BKSY.WT,,,,,,,,,False
BKT,,,,,,,,,False
BKTI,,,,,,,,,False
BKU,,,,,,,,,False
BKV,,,,,,,,,False
BL,,,,,,,,,False
BLBD,,,,,,,,,False
BLCO,,,,,,,,,False
BLD,2026-01-02,2026-02-27,39.0,0.0,0.0,18900293.62846154,0.4818515604765335,0.037807139545665835,True
BLDP,,,,,,,,,False
BLDR,,,,,,,,,False
BLFS,,,,,,,,,False
BLIN,,,,,,,,,False
BLIV,,,,,,,,,False
BLK,,,,,,,,,False
BLKB,,,,,,,,,False
BLLN,,,,,,,,,False
BLMN,,,,,,,,,False
BLND,,,,,,,,,False
BLNE,,,,,,,,,False
BLNK,,,,,,,,,False
BLRK,,,,,,,,,False
BLRKU,,,,,,,,,False
BLRKW,,,,,,,,,False
BLRX,,,,,,,,,False
BLSH,,,,,,,,,False
BLTE,,,,,,,,,False
BLUW,,,,,,,,,False
BLUWU,,,,,,,,,False
BLUWW,,,,,,,,,False
BLW,,,,,,,,,False
BLX,,,,,,,,,False
BLZE,,,,,,,,,False
BLZR,,,,,,,,,False
BLZRU,,,,,,,,,False
BLZRW,,,,,,,,,False
BMA,,,,,,,,,False
BMBL,,,,,,,,,False
BME,,,,,,,,,False
BMEA,,,,,,,,,False
BMEZ,,,,,,,,,False
BMGL,,,,,,,,,False
BMHL,,,,,,,,,False
BMI,,,,,,,,,False
BML.PG,,,,,,,,,False
BML.PH,,,,,,,,,False
BML.PJ,,,,,,,,,False
BML.PL,,,,,,,,,False
BMM,,,,,,,,,False
BMN,,,,,,,,,False
BMNR,,,,,,,,,False
BMO,,,,,,,,,False
BMR,,,,,,,,,False
BMRA,,,,,,,,,False
BMRC,,,,,,,,,False
BMRN,,,,,,,,,False
BMY,,,,,,,,,False
BN,,,,,,,,,False
BNAI,,,,,,,,,False
BNAIW,,,,,,,,,False
BNBX,,,,,,,,,False
BNC,,,,,,,,,False
BNCWW,,,,,,,,,False
BNCWZ,,,,,,,,,False
BNED,,,,,,,,,False
BNGO,,,,,,,,,False
BNH,,,,,,,,,False
BNJ,,,,,,,,,False
BNKD,,,,,,,,,False
BNKK,,,,,,,,,False
BNKU,,,,,,,,,False
BNL,,,,,,,,,False
BNO,,,,,,,,,False
BNR,,,,,,,,,False
BNRG,,,,,,,,,False
BNS,,,,,,,,,False
BNT,,,,,,,,,False
BNTC,,,,,,,,,False
BNTX,,,,,,,,,False
BNY,,,,,,,,,False
BNY.PK,,,,,,,,,False
BNZI,,,,,,,,,False
BNZIW,,,,,,,,,False
BOBS,,,,,,,,,False
BOC,,,,,,,,,False
BODI,,,,,,,,,False
BOE,,,,,,,,,False
BOF,,,,,,,,,False
BOH,,,,,,,,,False
BOH.PA,,,,,,,,,False
BOH.PB,,,,,,,,,False
BOIL,,,,,,,,,False
BOKF,,,,,,,,,False
BOLD,,,,,,,,,False
BOLT,,,,,,,,,False
BON,,,,,,,,,False
BOOM,,,,,,,,,False
BOOT,,,,,,,,,False
BORR,,,,,,,,,False
BOSC,,,,,,,,,False
BOT,,,,,,,,,False
BOTJ,,,,,,,,,False
BOW,,,,,,,,,False
BOX,,,,,,,,,False
BOXL,,,,,,,,,False
BP,,,,,,,,,False
BPAC,2026-01-06,2026-02-24,23.0,0.0,0.0,297921.9452173913,0.016451630187153683,0.0060544904137240785,True
BPACR,,,,,,,,,False
BPACU,,,,,,,,,False
BPOP,,,,,,,,,False
BPOPM,,,,,,,,,False
BPRE,,,,,,,,,False
BPRN,,,,,,,,,False
BPYPM,,,,,,,,,False
BPYPN,,,,,,,,,False
BPYPO,,,,,,,,,False
BPYPP,,,,,,,,,False
BQ,,,,,,,,,False
BR,,,,,,,,,False
BRAG,,,,,,,,,False
BRAI,,,,,,,,,False
BRBI,,,,,,,,,False
BRBR,,,,,,,,,False
BRBS,,,,,,,,,False
BRC,,,,,,,,,False
BRCB,,,,,,,,,False
BRCC,,,,,,,,,False
BREZ,,,,,,,,,False
BREZR,,,,,,,,,False
BREZU,,,,,,,,,False
BRFH,,,,,,,,,False
BRIA,,,,,,,,,False
BRID,,,,,,,,,False
BRK.A,,,,,,,,,False
BRK.B,2026-01-02,2026-02-27,39.0,0.0,0.0,181357612.2725641,0.14109879837720363,0.015305096335626933,True
BRKHU,,,,,,,,,False
BRKR,,,,,,,,,False
BRKRP,,,,,,,,,False
BRLS,,,,,,,,,False
BRLSW,,,,,,,,,False
BRLT,,,,,,,,,False
BRN,,,,,,,,,False
BRNS,2026-01-02,2026-02-27,39.0,0.0,0.0,4178.927897435898,0.6004025419045639,-0.17732394366197124,True
BRO,,,,,,,,,False
BROS,,,,,,,,,False
BRR,,,,,,,,,False
BRRR,,,,,,,,,False
BRRWW,,,,,,,,,False
BRSL,,,,,,,,,False
BRSP,,,,,,,,,False
BRT,,,,,,,,,False
BRTX,,,,,,,,,False
BRUN,,,,,,,,,False
BRUNW,,,,,,,,,False
BRW,,,,,,,,,False
BRX,,,,,,,,,False
BRZE,,,,,,,,,False
BSAA,,,,,,,,,False
BSAAR,,,,,,,,,False
BSAAU,,,,,,,,,False
BSAC,,,,,,,,,False
BSBK,,,,,,,,,False
BSBR,,,,,,,,,False
BSET,,,,,,,,,False
BSIN,,,,,,,,,False
BSL,,,,,,,,,False
BSM,,,,,,,,,False
BSOL,,,,,,,,,False
BSRR,,,,,,,,,False
BST,,,,,,,,,False
BSTZ,,,,,,,,,False
BSVN,,,,,,,,,False
BSX,2026-01-02,2026-02-27,39.0,0.0,0.0,163371619.33820513,0.4853162052535777,-0.19164021164021072,True
BSY,,,,,,,,,False
BTAI,,,,,,,,,False
BTBD,,,,,,,,,False
BTBDW,,,,,,,,,False
BTBT,,,,,,,,,False
BTC,,,,,,,,,False
BTCK,,,,,,,,,False
BTCS,,,,,,,,,False
BTCT,,,,,,,,,False
BTDR,,,,,,,,,False
BTE,,,,,,,,,False
BTG,,,,,,,,,False
BTGO,,,,,,,,,False
BTI,,,,,,,,,False
BTMD,,,,,,,,,False
BTO,,,,,,,,,False
BTOC,,,,,,,,,False
BTOG,,,,,,,,,False
BTQ,,,,,,,,,False
BTSG,,,,,,,,,False
BTSGU,,,,,,,,,False
BTT,,,,,,,,,False
BTTC,,,,,,,,,False
BTU,,,,,,,,,False
BTX,,,,,,,,,False
BTZ,,,,,,,,,False
BUD,,,,,,,,,False
BUDA,,,,,,,,,False
BUI,,,,,,,,,False
BULL,,,,,,,,,False
BULLW,,,,,,,,,False
BULZ,,,,,,,,,False
BUR,,,,,,,,,False
BURL,,,,,,,,,False
BURU,,,,,,,,,False
BUSE,,,,,,,,,False
BUSEP,,,,,,,,,False
BUUU,,,,,,,,,False
BV,,,,,,,,,False
BVC,,,,,,,,,False
BVFL,,,,,,,,,False
BVN,,,,,,,,,False
BVS,,,,,,,,,False
BW,,,,,,,,,False
BW.PA,,,,,,,,,False
BWA,,,,,,,,,False
BWAY,,,,,,,,,False
BWB,,,,,,,,,False
BWBBP,,,,,,,,,False
BWEN,,,,,,,,,False
BWET,,,,,,,,,False
BWFG,,,,,,,,,False
BWG,,,,,,,,,False
BWIN,,,,,,,,,False
BWIV,,,,,,,,,False
BWIV.UN,,,,,,,,,False
BWIV.WT,,,,,,,,,False
BWLP,,,,,,,,,False
BWMN,,,,,,,,,False
BWMX,,,,,,,,,False
BWNB,,,,,,,,,False
BWOW,,,,,,,,,False
BWXT,,,,,,,,,False
BX,,,,,,,,,False
BXC,,,,,,,,,False
BXDC,,,,,,,,,False
BXMT,,,,,,,,,False
BXP,,,,,,,,,False
BXSL,,,,,,,,,False
BY,,,,,,,,,False
BYAH,,,,,,,,,False
BYD,,,,,,,,,False
BYFC,,,,,,,,,False
BYND,,,,,,,,,False
BYRN,,,,,,,,,False
BYSI,,,,,,,,,False
BZ,,,,,,,,,False
BZAI,,,,,,,,,False
BZAIW,,,,,,,,,False
BZFD,,,,,,,,,False
BZFDW,,,,,,,,,False
BZH,,,,,,,,,False
BZUN,,,,,,,,,False
C,,,,,,,,,False
C.PN,,,,,,,,,False
C.PR,,,,,,,,,False
CAAP,,,,,,,,,False
CAAS,,,,,,,,,False
CABA,,,,,,,,,False
CABO,,,,,,,,,False
CABR,,,,,,,,,False
CAC,,,,,,,,,False
CACC,,,,,,,,,False
CACI,,,,,,,,,False
CADL,,,,,,,,,False
CAE,,,,,,,,,False
CAF,,,,,,,,,False
CAG,,,,,,,,,False
CAH,,,,,,,,,False
CAI,,,,,,,,,False
CAIIU,,,,,,,,,False
CAKE,,,,,,,,,False
CAL,,,,,,,,,False
CALC,,,,,,,,,False
CALM,,,,,,,,,False
CALX,,,,,,,,,False
CALY,,,,,,,,,False
CAMP,,,,,,,,,False
CAMT,,,,,,,,,False
CAN,,,,,,,,,False
CANE,,,,,,,,,False
CANF,,,,,,,,,False
CANG,,,,,,,,,False
CAPL,,,,,,,,,False
CAPN,2026-01-02,2026-02-27,34.0,0.0,0.0,29873.431470588235,0.040231662235628934,0.015962441314554487,True
CAPNR,,,,,,,,,False
CAPNU,,,,,,,,,False
CAPR,,,,,,,,,False
CAPS,,,,,,,,,False
CAQ,,,,,,,,,False
CAQUU,,,,,,,,,False
CAQUW,,,,,,,,,False
CAR,,,,,,,,,False
CARD,,,,,,,,,False
CARE,,,,,,,,,False
CARG,,,,,,,,,False
CARL,,,,,,,,,False
CARR,,,,,,,,,False
CARS,,,,,,,,,False
CART,,,,,,,,,False
CARU,,,,,,,,,False
CASH,,,,,,,,,False
CASS,,,,,,,,,False
CAST,,,,,,,,,False
CASY,,,,,,,,,False
CAT,,,,,,,,,False
CATO,,,,,,,,,False
CATX,,,,,,,,,False
CATY,,,,,,,,,False
CAVA,,,,,,,,,False
CB,,,,,,,,,False
CBAN,,,,,,,,,False
CBAT,,,,,,,,,False
CBC,,,,,,,,,False
CBFV,,,,,,,,,False
CBIO,,,,,,,,,False
CBK,,,,,,,,,False
CBL,,,,,,,,,False
CBLL,,,,,,,,,False
CBNA,,,,,,,,,False
CBNK,,,,,,,,,False
CBRE,,,,,,,,,False
CBRL,,,,,,,,,False
CBRS,,,,,,,,,False
CBSH,,,,,,,,,False
CBT,,,,,,,,,False
CBU,,,,,,,,,False
CBUS,,,,,,,,,False
CBZ,,,,,,,,,False
CC,,,,,,,,,False
CCAP,,,,,,,,,False
CCAQ,,,,,,,,,False
CCAQU,,,,,,,,,False
CCAQW,,,,,,,,,False
CCB,,,,,,,,,False
CCBG,,,,,,,,,False
CCC,,,,,,,,,False
CCCC,,,,,,,,,False
CCD,,,,,,,,,False
CCEC,,,,,,,,,False
CCEL,,,,,,,,,False
CCEP,,,,,,,,,False
CCG,,,,,,,,,False
CCGWW,,,,,,,,,False
CCHH,,,,,,,,,False
CCI,,,,,,,,,False
CCID,,,,,,,,,False
CCIF,,,,,,,,,False
CCII,,,,,,,,,False
CCIIU,,,,,,,,,False
CCIIW,,,,,,,,,False
CCIX,,,,,,,,,False
CCIXU,,,,,,,,,False
CCIXW,,,,,,,,,False
CCJ,,,,,,,,,False
CCK,,,,,,,,,False
CCL,,,,,,,,,False
CCLD,,,,,,,,,False
CCM,,,,,,,,,False
CCNE,,,,,,,,,False
CCNEP,,,,,,,,,False
CCO,2026-01-02,2026-02-27,39.0,0.0,0.0,1123995.3726923077,0.4873645871611827,0.12705882352941145,True
CCOI,,,,,,,,,False
CCRN,2026-01-02,2026-02-27,39.0,0.0,0.0,1564118.1335897436,0.340931652813846,0.07940446650124144,True
CCS,,,,,,,,,False
CCSI,,,,,,,,,False
CCTG,,,,,,,,,False
CCU,,,,,,,,,False
CCXI,,,,,,,,,False
CCXIU,,,,,,,,,False
CCXIW,,,,,,,,,False
CCZ,,,,,,,,,False
CD,2026-01-02,2026-02-27,39.0,0.0,0.0,310640.3514102564,1.6241044085684422,0.261467889908259,True
CDE,,,,,,,,,False
CDIO,,,,,,,,,False
CDIOW,,,,,,,,,False
CDLR,,,,,,,,,False
CDLX,,,,,,,,,False
CDNA,,,,,,,,,False
CDNL,,,,,,,,,False
CDNS,,,,,,,,,False
CDP,,,,,,,,,False
CDR.PB,,,,,,,,,False
CDR.PC,,,,,,,,,False
CDRE,,,,,,,,,False
CDRO,,,,,,,,,False
CDROW,,,,,,,,,False
CDT,,,,,,,,,False
CDTG,,,,,,,,,False
CDTTW,,,,,,,,,False
CDW,,,,,,,,,False
CDXS,,,,,,,,,False
CDZI,,,,,,,,,False
CDZIP,,,,,,,,,False
CE,,,,,,,,,False
CECO,,,,,,,,,False
CEE,,,,,,,,,False
CEF,,,,,,,,,False
CEFD,,,,,,,,,False
CEG,,,,,,,,,False
CELC,,,,,,,,,False
CELG.RI,,,,,,,,,False
CELH,,,,,,,,,False
CELU,,,,,,,,,False
CELUW,,,,,,,,,False
CELZ,,,,,,,,,False
CENN,,,,,,,,,False
CENT,,,,,,,,,False
CENTA,,,,,,,,,False
CENX,,,,,,,,,False
CEPF,,,,,,,,,False
CEPO,2026-01-02,2026-02-27,39.0,0.0,0.0,128046.67858974359,0.032007544396252065,0.0057636887608070175,True
CEPS,,,,,,,,,False
CEPT,2026-01-02,2026-02-27,39.0,0.0,0.0,1371197.1335897436,0.4471684953024774,-0.013333333333332642,True
CEPU,,,,,,,,,False
CEPV,,,,,,,,,False
CERS,,,,,,,,,False
CERT,,,,,,,,,False
CET,,,,,,,,,False
CETX,,,,,,,,,False
CETY,,,,,,,,,False
CEV,,,,,,,,,False
CEVA,,,,,,,,,False
CF,,,,,,,,,False
CFBK,,,,,,,,,False
CFFI,,,,,,,,,False
CFFN,,,,,,,,,False
CFG,,,,,,,,,False
CFG.PE,,,,,,,,,False
CFG.PH,,,,,,,,,False
CFG.PI,,,,,,,,,False
CFND,,,,,,,,,False
CFR,,,,,,,,,False
CFR.PB,,,,,,,,,False
CFTR.PA,,,,,,,,,False
CG,,,,,,,,,False
CGABL,,,,,,,,,False
CGAU,,,,,,,,,False
CGBD,,,,,,,,,False
CGC,,,,,,,,,False
CGCT,,,,,,,,,False
CGCTU,,,,,,,,,False
CGCTW,,,,,,,,,False
CGEM,,,,,,,,,False
CGEN,,,,,,,,,False
CGNT,,,,,,,,,False
CGNX,,,,,,,,,False
CGO,,,,,,,,,False
CGON,,,,,,,,,False
CGTL,,,,,,,,,False
CGTX,,,,,,,,,False
CHA,,,,,,,,,False
CHAI,,,,,,,,,False
CHAR,,,,,,,,,False
CHARR,,,,,,,,,False
CHARU,,,,,,,,,False
CHCI,,,,,,,,,False
CHCO,,,,,,,,,False
CHCT,,,,,,,,,False
CHD,,,,,,,,,False
CHDN,,,,,,,,,False
CHE,,,,,,,,,False
CHEC,,,,,,,,,False
CHECU,,,,,,,,,False
CHECW,,,,,,,,,False
CHEF,,,,,,,,,False
CHGG,,,,,,,,,False
CHH,,,,,,,,,False
CHI,,,,,,,,,False
CHKP,,,,,,,,,False
CHMG,,,,,,,,,False
CHMI,,,,,,,,,False
CHMI.PA,,,,,,,,,False
CHMI.PB,,,,,,,,,False
CHNR,,,,,,,,,False
CHOW,,,,,,,,,False
CHPG,,,,,,,,,False
CHPGR,,,,,,,,,False
CHPGU,,,,,,,,,False
CHPT,,,,,,,,,False
CHR,,,,,,,,,False
CHRD,,,,,,,,,False
CHRN,,,,,,,,,False
CHRS,,,,,,,,,False
CHRW,,,,,,,,,False
CHSCL,,,,,,,,,False
CHSCM,,,,,,,,,False
CHSCN,,,,,,,,,False
CHSCO,,,,,,,,,False
CHSCP,2026-01-02,2026-02-27,39.0,0.0,0.0,146989.63948717946,0.05964345503546372,-0.003228120516498123,True
CHSN,,,,,,,,,False
CHT,,,,,,,,,False
CHTR,,,,,,,,,False
CHW,,,,,,,,,False
CHWY,,,,,,,,,False
CHY,,,,,,,,,False
CHYM,,,,,,,,,False
CI,,,,,,,,,False
CIA,,,,,,,,,False
CIB,,,,,,,,,False
CICB,,,,,,,,,False
CICC,,,,,,,,,False
CIEN,,,,,,,,,False
CIF,,,,,,,,,False
CIFR,,,,,,,,,False
CIG,,,,,,,,,False
CIG.C,,,,,,,,,False
CIGI,,,,,,,,,False
CII,,,,,,,,,False
CIIT,,,,,,,,,False
CIK,,,,,,,,,False
CIM,,,,,,,,,False
CIM.PA,,,,,,,,,False
CIM.PB,,,,,,,,,False
CIM.PC,,,,,,,,,False
CIM.PD,,,,,,,,,False
CIMN,,,,,,,,,False
CIMO,,,,,,,,,False
CIMP,,,,,,,,,False
CINF,,,,,,,,,False
CING,,,,,,,,,False
CINGW,,,,,,,,,False
CINT,,,,,,,,,False
CION,,,,,,,,,False
CISO,,,,,,,,,False
CISS,,,,,,,,,False
CITR,,,,,,,,,False
CIVB,,,,,,,,,False
CIX,,,,,,,,,False
CJMB,,,,,,,,,False
CKX,,,,,,,,,False
CL,,,,,,,,,False
CLAR,,,,,,,,,False
CLB,,,,,,,,,False
CLBK,2026-01-02,2026-02-27,39.0,0.0,0.0,1882191.3653846155,0.368326383808434,0.1608300907911815,True
CLBR,,,,,,,,,False
CLBR.UN,,,,,,,,,False
CLBR.WT,,,,,,,,,False
CLBT,,,,,,,,,False
CLDI,,,,,,,,,False
CLDT,,,,,,,,,False
CLDT.PA,,,,,,,,,False
CLDX,,,,,,,,,False
CLF,,,,,,,,,False
CLFD,,,,,,,,,False
CLGN,,,,,,,,,False
CLH,,,,,,,,,False
CLIK,,,,,,,,,False
CLIR,,,,,,,,,False
CLLS,,,,,,,,,False
CLM,,,,,,,,,False
CLMB,,,,,,,,,False
CLMT,,,,,,,,,False
CLNE,,,,,,,,,False
CLNK,,,,,,,,,False
CLNN,,,,,,,,,False
CLOV,,,,,,,,,False
CLPR,,,,,,,,,False
CLPS,,,,,,,,,False
CLPT,,,,,,,,,False
CLRB,,,,,,,,,False
CLRO,,,,,,,,,False
CLS,,,,,,,,,False
CLSK,,,,,,,,,False
CLSKW,,,,,,,,,False
CLST,,,,,,,,,False
CLVT,,,,,,,,,False
CLW,,,,,,,,,False
CLWT,,,,,,,,,False
CLX,,,,,,,,,False
CLYM,,,,,,,,,False
CM,,,,,,,,,False
CMBT,,,,,,,,,False
CMC,,,,,,,,,False
CMCL,,,,,,,,,False
CMCM,,,,,,,,,False
CMCO,,,,,,,,,False
CMCSA,,,,,,,,,False
CMCT,,,,,,,,,False
CMDB,,,,,,,,,False
CME,,,,,,,,,False
CMG,,,,,,,,,False
CMI,,,,,,,,,False
CMII,,,,,,,,,False
CMIIU,,,,,,,,,False
CMIIW,,,,,,,,,False
CMMB,,,,,,,,,False
CMND,,,,,,,,,False
CMP,,,,,,,,,False
CMPR,,,,,,,,,False
CMPS,,,,,,,,,False
CMPX,,,,,,,,,False
CMRC,,,,,,,,,False
CMRE,,,,,,,,,False
CMRE.PB,,,,,,,,,False
CMRE.PC,,,,,,,,,False
CMRE.PD,,,,,,,,,False
CMS,,,,,,,,,False
CMS.PB,,,,,,,,,False
CMS.PC,,,,,,,,,False
CMSA,,,,,,,,,False
CMSC,,,,,,,,,False
CMSD,,,,,,,,,False
CMT,,,,,,,,,False
CMTG,,,,,,,,,False
CMTL,,,,,,,,,False
CMTV,,,,,,,,,False
CMU,,,,,,,,,False
CNA,,,,,,,,,False
CNC,,,,,,,,,False
CNCK,,,,,,,,,False
CNCKW,,,,,,,,,False
CNDT,,,,,,,,,False
CNET,,,,,,,,,False
CNEY,,,,,,,,,False
CNF,,,,,,,,,False
CNH,,,,,,,,,False
CNI,,,,,,,,,False
CNK,,,,,,,,,False
CNL,,,,,,,,,False
CNM,,,,,,,,,False
CNMD,,,,,,,,,False
CNNE,,,,,,,,,False
CNO,,,,,,,,,False
CNO.PA,,,,,,,,,False
CNOB,,,,,,,,,False
CNOBP,,,,,,,,,False
CNP,,,,,,,,,False
CNQ,,,,,,,,,False
CNR,,,,,,,,,False
CNS,,,,,,,,,False
CNSP,,,,,,,,,False
CNTA,,,,,,,,,False
CNTB,,,,,,,,,False
CNTN,,,,,,,,,False
CNTX,,,,,,,,,False
CNTY,,,,,,,,,False
CNVS,,,,,,,,,False
CNX,,,,,,,,,False
CNXC,,,,,,,,,False
CNXN,,,,,,,,,False
CNXU,,,,,,,,,False
COAG,,,,,,,,,False
COCH,,,,,,,,,False
COCHW,,,,,,,,,False
COCO,,,,,,,,,False
COCP,,,,,,,,,False
CODA,,,,,,,,,False
CODI,,,,,,,,,False
CODI.PA,,,,,,,,,False
CODI.PB,,,,,,,,,False
CODI.PC,,,,,,,,,False
CODX,,,,,,,,,False
COE,,,,,,,,,False
COF,,,,,,,,,False
COF.PI,,,,,,,,,False
COF.PJ,,,,,,,,,False
COF.PK,,,,,,,,,False
COF.PL,,,,,,,,,False
COF.PN,,,,,,,,,False
COFS,,,,,,,,,False
COGT,,,,,,,,,False
COHN,,,,,,,,,False
COHR,,,,,,,,,False
COHU,,,,,,,,,False
COIN,,,,,,,,,False
COKE,,,,,,,,,False
COLA,,,,,,,,,False
COLAR,,,,,,,,,False
COLAU,,,,,,,,,False
COLB,,,,,,,,,False
COLD,,,,,,,,,False
COLL,,,,,,,,,False
COLM,,,,,,,,,False
COMP,,,,,,,,,False
CON,,,,,,,,,False
COO,,,,,,,,,False
COOK,,,,,,,,,False
COOT,,,,,,,,,False
COOTW,,,,,,,,,False
COP,,,,,,,,,False
COPL,,,,,,,,,False
COPL.UN,,,,,,,,,False
COPL.WT,,,,,,,,,False
COR,,,,,,,,,False
CORN,,,,,,,,,False
CORT,,,,,,,,,False
CORZ,,,,,,,,,False
CORZW,,,,,,,,,False
CORZZ,,,,,,,,,False
COSM,,,,,,,,,False
COSO,,,,,,,,,False
COST,,,,,,,,,False
COTY,,,,,,,,,False
COUR,,,,,,,,,False
COYA,,,,,,,,,False
CP,,,,,,,,,False
CPA,,,,,,,,,False
CPAC,,,,,,,,,False
CPAY,,,,,,,,,False
CPB,,,,,,,,,False
CPBI,,,,,,,,,False
CPER,,,,,,,,,False
CPF,,,,,,,,,False
CPHC,,,,,,,,,False
CPHI,,,,,,,,,False
CPIX,,,,,,,,,False
CPK,,,,,,,,,False
CPNG,,,,,,,,,False
CPOP,,,,,,,,,False
CPRI,,,,,,,,,False
CPRT,,,,,,,,,False
CPRX,2026-01-02,2026-02-27,39.0,0.0,0.0,11564588.765384614,0.3426384385132813,0.01684665226781945,True
CPS,,,,,,,,,False
CPSH,,,,,,,,,False
CPSS,,,,,,,,,False
CPT,,,,,,,,,False
CPZ,,,,,,,,,False
CQP,,,,,,,,,False
CR,,,,,,,,,False
CRAC,,,,,,,,,False
CRACR,,,,,,,,,False
CRACU,,,,,,,,,False
CRACW,,,,,,,,,False
CRAI,,,,,,,,,False
CRAN,,,,,,,,,False
CRANR,,,,,,,,,False
CRANU,,,,,,,,,False
CRAQ,,,,,,,,,False
CRAQR,,,,,,,,,False
CRAQU,,,,,,,,,False
CRBD,,,,,,,,,False
CRBG,2026-01-02,2026-02-27,39.0,0.0,0.0,9564448.861410256,0.42619273484773784,-0.14897119341563725,True
CRBP,,,,,,,,,False
CRBU,,,,,,,,,False
CRC,,,,,,,,,False
CRCL,,,,,,,,,False
CRCT,,,,,,,,,False
CRD.A,,,,,,,,,False
CRD.B,,,,,,,,,False
CRDF,,,,,,,,,False
CRDL,,,,,,,,,False
CRDO,,,,,,,,,False
CRE,,,,,,,,,False
CREG,,,,,,,,,False
CRESY,,,,,,,,,False
CREX,,,,,,,,,False
CRF,,,,,,,,,False
CRGO,,,,,,,,,False
CRGOW,,,,,,,,,False
CRGY,,,,,,,,,False
CRH,,,,,,,,,False
CRI,,,,,,,,,False
CRIS,,,,,,,,,False
CRK,,,,,,,,,False
CRL,,,,,,,,,False
CRM,,,,,,,,,False
CRMD,,,,,,,,,False
CRML,,,,,,,,,False
CRMLW,,,,,,,,,False
CRMT,,,,,,,,,False
CRNC,,,,,,,,,False
CRNT,,,,,,,,,False
CRNX,,,,,,,,,False
CRON,,,,,,,,,False
CROX,,,,,,,,,False
CRS,,,,,,,,,False
CRSP,,,,,,,,,False
CRSR,,,,,,,,,False
CRT,,,,,,,,,False
CRTO,,,,,,,,,False
CRUS,,,,,,,,,False
CRVL,,,,,,,,,False
CRVO,,,,,,,,,False
CRVS,,,,,,,,,False
CRWD,,,,,,,,,False
CRWS,,,,,,,,,False
CRWV,,,,,,,,,False
CSAI,,,,,,,,,False
CSAN,,,,,,,,,False
CSBR,,,,,,,,,False
CSCO,,,,,,,,,False
CSGP,,,,,,,,,False
CSHR,,,,,,,,,False
CSHRW,,,,,,,,,False
CSIQ,,,,,,,,,False
CSL,,,,,,,,,False
CSPI,,,,,,,,,False
CSQ,,,,,,,,,False
CSR,,,,,,,,,False
CSTE,,,,,,,,,False
CSTL,,,,,,,,,False
CSTM,,,,,,,,,False
CSV,,,,,,,,,False
CSW,,,,,,,,,False
CSWC,,,,,,,,,False
CSX,,,,,,,,,False
CTA.PA,,,,,,,,,False
CTA.PB,,,,,,,,,False
CTAA,,,,,,,,,False
CTAAR,,,,,,,,,False
CTAAU,,,,,,,,,False
CTAS,2026-01-02,2026-02-27,39.0,0.0,0.0,150644047.4369231,0.17240810779123292,0.08930408881668095,True
CTBI,,,,,,,,,False
CTEV,,,,,,,,,False
CTGO,,,,,,,,,False
CTKB,,,,,,,,,False
CTM,,,,,,,,,False
CTMX,,,,,,,,,False
CTNM,,,,,,,,,False
CTNT,,,,,,,,,False
CTO,,,,,,,,,False
CTO.PA,,,,,,,,,False
CTOR,,,,,,,,,False
CTOS,,,,,,,,,False
CTRE,,,,,,,,,False
CTRI,,,,,,,,,False
CTRM,,,,,,,,,False
CTRN,,,,,,,,,False
CTS,,,,,,,,,False
CTSH,,,,,,,,,False
CTSO,,,,,,,,,False
CTVA,,,,,,,,,False
CTW,,,,,,,,,False
CTWO,,,,,,,,,False
CTXR,,,,,,,,,False
CUB,,,,,,,,,False
CUBB,,,,,,,,,False
CUBE,,,,,,,,,False
CUBI,,,,,,,,,False
CUBWU,,,,,,,,,False
CUBWW,,,,,,,,,False
CUE,,,,,,,,,False
CULP,,,,,,,,,False
CUPR,,,,,,,,,False
CURB,,,,,,,,,False
CURI,,,,,,,,,False
CURR,,,,,,,,,False
CURV,,,,,,,,,False
CURX,,,,,,,,,False
CUZ,,,,,,,,,False
CV,,,,,,,,,False
CVBF,,,,,,,,,False
CVCO,,,,,,,,,False
CVE,,,,,,,,,False
CVEO,,,,,,,,,False
CVGI,,,,,,,,,False
CVI,,,,,,,,,False
CVKD,,,,,,,,,False
CVLG,,,,,,,,,False
CVLT,,,,,,,,,False
CVM,,,,,,,,,False
CVNA,,,,,,,,,False
CVR,,,,,,,,,False
CVRX,,,,,,,,,False
CVS,,,,,,,,,False
CVSA,,,,,,,,,False
CVU,,,,,,,,,False
CVV,,,,,,,,,False
CVX,,,,,,,,,False
CW,,,,,,,,,False
CWAN,2026-01-02,2026-02-27,39.0,0.0,0.0,27983453.25230769,0.10985353808391587,-0.029442255857348942,True
CWBC,,,,,,,,,False
CWCO,,,,,,,,,False
CWD,,,,,,,,,False
CWEN,,,,,,,,,False
CWH,,,,,,,,,False
CWK,,,,,,,,,False
CWST,,,,,,,,,False
CWT,,,,,,,,,False
CX,,,,,,,,,False
CXAI,,,,,,,,,False
CXAIW,,,,,,,,,False
CXDO,,,,,,,,,False
CXE,,,,,,,,,False
CXH,,,,,,,,,False
CXIIU,,,,,,,,,False
CXM,,,,,,,,,False
CXT,,,,,,,,,False
CXW,,,,,,,,,False
CYAB,,,,,,,,,False
CYCN,2026-01-02,2026-02-27,39.0,0.0,0.0,361431.10846153845,1.7043830259864967,0.007462686567164978,True
CYCU,,,,,,,,,False
CYCUW,,,,,,,,,False
CYD,,,,,,,,,False
CYH,,,,,,,,,False
CYN,,,,,,,,,False
CYPH,,,,,,,,,False
CYRX,,,,,,,,,False
CYTK,,,,,,,,,False
CZFS,,,,,,,,,False
CZNC,,,,,,,,,False
CZR,2026-01-02,2026-02-27,39.0,0.0,0.0,49016438.48076923,0.7876246520162422,0.07130730050933787,True
CZWI,,,,,,,,,False
D,2026-01-02,2026-02-27,39.0,0.0,0.0,49775764.686153844,0.21495149699165253,0.06359649122807154,True
DAAQ,2026-01-02,2026-02-27,39.0,0.0,0.0,103324.16525641026,0.034631420915742665,0.006876227897839815,True
DAAQU,,,,,,,,,False
DAAQW,,,,,,,,,False
DAC,,,,,,,,,False
DAIC,,,,,,,,,False
DAICW,,,,,,,,,False
DAIO,,,,,,,,,False
DAKT,,,,,,,,,False
DAL,,,,,,,,,False
DAN,,,,,,,,,False
DAO,,,,,,,,,False
DAR,,,,,,,,,False
DARE,,,,,,,,,False
DASH,,,,,,,,,False
DAVA,,,,,,,,,False
DAVE,,,,,,,,,False
DAVEW,,,,,,,,,False
DB,,,,,,,,,False
DBA,,,,,,,,,False
DBB,,,,,,,,,False
DBC,,,,,,,,,False
DBCA,,,,,,,,,False
DBCAU,,,,,,,,,False
DBCAW,,,,,,,,,False
DBD,,,,,,,,,False
DBE,,,,,,,,,False
DBGI,,,,,,,,,False
DBI,,,,,,,,,False
DBL,,,,,,,,,False
DBO,,,,,,,,,False
DBP,,,,,,,,,False
DBRG,2026-01-02,2026-02-27,39.0,0.0,0.0,5852251.182307692,0.04282249732541486,0.0032552083333343695,True
DBRG.PH,,,,,,,,,False
DBRG.PI,,,,,,,,,False
DBRG.PJ,,,,,,,,,False
DBVT,,,,,,,,,False
DBX,,,,,,,,,False
DC,,,,,,,,,False
DCBG,,,,,,,,,False
DCBO,,,,,,,,,False
DCGO,,,,,,,,,False
DCH,,,,,,,,,False
DCI,,,,,,,,,False
DCO,,,,,,,,,False
DCOM,,,,,,,,,False
DCOM.P,,,,,,,,,False
DCOY,,,,,,,,,False
DCTH,,,,,,,,,False
DCX,,,,,,,,,False
DD,,,,,,,,,False
DDC,,,,,,,,,False
DDD,,,,,,,,,False
DDI,,,,,,,,,False
DDL,,,,,,,,,False
DDOG,,,,,,,,,False
DDS,,,,,,,,,False
DDT,,,,,,,,,False
DE,,,,,,,,,False
DEA,,,,,,,,,False
DEC,,,,,,,,,False
DECK,,,,,,,,,False
DEFI,,,,,,,,,False
DEFT,,,,,,,,,False
DEI,,,,,,,,,False
DELL,,,,,,,,,False
DEO,,,,,,,,,False
DERM,,,,,,,,,False
DETX,,,,,,,,,False
DEVS,,,,,,,,,False
DFDV,,,,,,,,,False
DFDVW,,,,,,,,,False
DFH,,,,,,,,,False
DFIN,,,,,,,,,False
DFLI,,,,,,,,,False
DFLIW,,,,,,,,,False
DFNS,,,,,,,,,False
DFNSW,,,,,,,,,False
DFP,,,,,,,,,False
DFSC,,,,,,,,,False
DFSCW,,,,,,,,,False
DFTX,,,,,,,,,False
DG,,,,,,,,,False
DGAC.UN,,,,,,,,,False
DGICA,,,,,,,,,False
DGICB,,,,,,,,,False
DGII,,,,,,,,,False
DGNX,,,,,,,,,False
DGP,,,,,,,,,False
DGX,,,,,,,,,False
DGXX,,,,,,,,,False
DGZ,,,,,,,,,False
DH,,,,,,,,,False
DHC,,,,,,,,,False
DHCNI,,,,,,,,,False
DHCNL,,,,,,,,,False
DHF,,,,,,,,,False
DHI,,,,,,,,,False
DHR,2026-01-02,2026-02-27,39.0,0.0,0.0,106696500.93923077,0.2485599035063689,-0.08653011629925178,True
DHT,,,,,,,,,False
DHX,,,,,,,,,False
DHY,,,,,,,,,False
DIA,,,,,,,,,False
DIBS,,,,,,,,,False
DIN,,,,,,,,,False
DINO,,,,,,,,,False
DIOD,,,,,,,,,False
DIS,,,,,,,,,False
DIT,,,,,,,,,False
DJCO,,,,,,,,,False
DJP,,,,,,,,,False
DJT,,,,,,,,,False
DJTWW,,,,,,,,,False
DK,,,,,,,,,False
DKI,,,,,,,,,False
DKL,,,,,,,,,False
DKNG,,,,,,,,,False
DKS,,,,,,,,,False
DLB,,,,,,,,,False
DLHC,,,,,,,,,False
DLNG,,,,,,,,,False
DLNG.PA,,,,,,,,,False
DLO,,,,,,,,,False
DLPN,,,,,,,,,False
DLR,,,,,,,,,False
DLR.PJ,,,,,,,,,False
DLR.PK,,,,,,,,,False
DLR.PL,,,,,,,,,False
DLTH,,,,,,,,,False
DLTR,,,,,,,,,False
DLX,,,,,,,,,False
DLXY,,,,,,,,,False
DLY,,,,,,,,,False
DMA,,,,,,,,,False
DMAA,2026-01-02,2026-02-27,39.0,0.0,0.0,28745.12730769231,0.03202495237737937,0.008196721311476862,True
DMAAR,,,,,,,,,False
DMAAU,,,,,,,,,False
DMAC,,,,,,,,,False
DMB,,,,,,,,,False
DMII,,,,,,,,,False
DMIIR,,,,,,,,,False
DMIIU,,,,,,,,,False
DMLP,,,,,,,,,False
DMO,,,,,,,,,False
DMRA,,,,,,,,,False
DMRC,,,,,,,,,False
DNA,,,,,,,,,False
DNLI,,,,,,,,,False
DNMX,,,,,,,,,False
DNMXU,,,,,,,,,False
DNMXW,,,,,,,,,False
DNN,,,,,,,,,False
DNOW,,,,,,,,,False
DNP,,,,,,,,,False
DNTH,,,,,,,,,False
DNUT,,,,,,,,,False
DOC,,,,,,,,,False
DOCN,,,,,,,,,False
DOCS,,,,,,,,,False
DOCU,,,,,,,,,False
DOGZ,,,,,,,,,False
DOLE,,,,,,,,,False
DOMH,,,,,,,,,False
DOMO,,,,,,,,,False
DOO,,,,,,,,,False
DORM,,,,,,,,,False
DOUG,,,,,,,,,False
DOV,,,,,,,,,False
DOW,,,,,,,,,False
DOX,,,,,,,,,False
DOYU,,,,,,,,,False
DPG,,,,,,,,,False
DPRO,,,,,,,,,False
DPZ,,,,,,,,,False
DQ,,,,,,,,,False
DRCT,,,,,,,,,False
DRD,,,,,,,,,False
DRDB,2026-01-08,2026-02-27,35.0,0.0,0.0,80584.26028571429,0.033015558599556016,1.5543122344752192e-15,True
DRDBU,,,,,,,,,False
DRDBW,,,,,,,,,False
DRH,,,,,,,,,False
DRI,,,,,,,,,False
DRIO,,,,,,,,,False
DRMA,,,,,,,,,False
DRMAW,,,,,,,,,False
DRS,,,,,,,,,False
DRTS,,,,,,,,,False
DRTSW,,,,,,,,,False
DRUG,,,,,,,,,False
DRVN,2026-01-02,2026-02-27,39.0,0.0,0.0,7253520.766153846,0.8699180623777577,-0.24137931034482707,True
DSAC,,,,,,,,,False
DSACU,,,,,,,,,False
DSACW,,,,,,,,,False
DSGN,,,,,,,,,False
DSGR,,,,,,,,,False
DSGX,,,,,,,,,False
DSL,,,,,,,,,False
DSM,,,,,,,,,False
DSP,,,,,,,,,False
DSS,,,,,,,,,False
DSU,,,,,,,,,False
DSWL,,,,,,,,,False
DSX,,,,,,,,,False
DSX.PB,,,,,,,,,False
DSX.WT,,,,,,,,,False
DSY,,,,,,,,,False
DSYWW,,,,,,,,,False
DT,,,,,,,,,False
DTB,,,,,,,,,False
DTCX,,,,,,,,,False
DTE,,,,,,,,,False
DTF,,,,,,,,,False
DTG,,,,,,,,,False
DTI,,,,,,,,,False
DTIL,,,,,,,,,False
DTK,,,,,,,,,False
DTM,,,,,,,,,False
DTSQ,2026-01-02,2026-02-27,39.0,0.0,0.0,17866.219230769228,0.14697381485213296,0.007393715341960538,True
DTSQR,,,,,,,,,False
DTSQU,,,,,,,,,False
DTSS,,,,,,,,,False
DTST,,,,,,,,,False
DTW,,,,,,,,,False
DUK,,,,,,,,,False
DUK.PA,,,,,,,,,False
DUKB,,,,,,,,,False
DUKR,,,,,,,,,False
DUKRW,,,,,,,,,False
DULL,,,,,,,,,False
DUO,,,,,,,,,False
DUOL,,,,,,,,,False
DUOT,,,,,,,,,False
DV,,,,,,,,,False
DVA,,,,,,,,,False
DVLT,,,,,,,,,False
DVN,,,,,,,,,False
DWSN,,,,,,,,,False
DWTX,,,,,,,,,False
DX,,,,,,,,,False
DX.PC,,,,,,,,,False
DXC,,,,,,,,,False
DXCM,,,,,,,,,False
DXF,,,,,,,,,False
DXLG,2026-01-02,2026-02-27,39.0,0.0,0.0,20053.674494871793,0.7207160810902089,-0.44981165521825794,True
DXPE,,,,,,,,,False
DXR,,,,,,,,,False
DXST,2026-01-02,2026-02-27,39.0,0.0,0.0,825475.5751846153,2.8882155690366798,-0.9242857142857143,True
DXYZ,,,,,,,,,False
DY,,,,,,,,,False
DYAI,,,,,,,,,False
DYN,,,,,,,,,False
DYNC,,,,,,,,,False
DYNCU,,,,,,,,,False
DYNCW,,,,,,,,,False
DYOR,,,,,,,,,False
DYORU,,,,,,,,,False
DYORW,,,,,,,,,False
DZZ,,,,,,,,,False
E,,,,,,,,,False
EA,2026-01-02,2026-02-27,39.0,0.0,0.0,193292662.25820512,0.10233362332021213,-0.019762265812257263,True
EAD,,,,,,,,,False
EAF,,,,,,,,,False
EAI,,,,,,,,,False
EARN,,,,,,,,,False
EAT,,,,,,,,,False
EBAY,,,,,,,,,False
EBC,,,,,,,,,False
EBF,,,,,,,,,False
EBMT,,,,,,,,,False
EBON,,,,,,,,,False
EBS,,,,,,,,,False
EC,,,,,,,,,False
ECAT,,,,,,,,,False
ECBK,,,,,,,,,False
ECC,,,,,,,,,False
ECC.PD,,,,,,,,,False
ECCC,,,,,,,,,False
ECCU,,,,,,,,,False
ECCV,,,,,,,,,False
ECF,,,,,,,,,False
ECF.PA,,,,,,,,,False
ECG,,,,,,,,,False
ECL,,,,,,,,,False
ECO,,,,,,,,,False
ECOR,,,,,,,,,False
ECPG,,,,,,,,,False
ECVT,,,,,,,,,False
ECX,,,,,,,,,False
ECXWW,,,,,,,,,False
ED,,,,,,,,,False
EDBL,,,,,,,,,False
EDBLW,,,,,,,,,False
EDD,,,,,,,,,False
EDF,,,,,,,,,False
EDHL,,,,,,,,,False
EDIT,,,,,,,,,False
EDN,,,,,,,,,False
EDRY,,,,,,,,,False
EDSA,,,,,,,,,False
EDTK,,,,,,,,,False
EDU,,,,,,,,,False
EDUC,,,,,,,,,False
EE,,,,,,,,,False
EEA,,,,,,,,,False
EEFT,,,,,,,,,False
EEIQ,,,,,,,,,False
EEX,2026-01-02,2026-02-27,39.0,0.0,0.0,16533.201794871795,0.5616851365571665,-0.06256860592755109,True
EFC,,,,,,,,,False
EFC.PB,,,,,,,,,False
EFC.PC,,,,,,,,,False
EFC.PD,,,,,,,,,False
EFOI,,,,,,,,,False
EFOR,,,,,,,,,False
EFR,,,,,,,,,False
EFSC,,,,,,,,,False
EFSCP,,,,,,,,,False
EFSI,,,,,,,,,False
EFT,,,,,,,,,False
EFTY,,,,,,,,,False
EFX,,,,,,,,,False
EFXT,,,,,,,,,False
EG,,,,,,,,,False
EGAN,,,,,,,,,False
EGBN,,,,,,,,,False
EGG,,,,,,,,,False
EGHA,2026-01-05,2026-02-27,32.0,0.0,0.0,294483.95218749996,0.050057680885086275,0.006910167818360513,True
EGHAR,,,,,,,,,False
EGHAU,,,,,,,,,False
EGHT,,,,,,,,,False
EGO,,,,,,,,,False
EGP,,,,,,,,,False
EGY,,,,,,,,,False
EH,,,,,,,,,False
EHC,,,,,,,,,False
EHGO,,,,,,,,,False
EHI,,,,,,,,,False
EHLD,,,,,,,,,False
EHTH,,,,,,,,,False
EIC,,,,,,,,,False
EICA,,,,,,,,,False
EIG,,,,,,,,,False
EIIA,,,,,,,,,False
EIKN,,,,,,,,,False
EIM,,,,,,,,,False
EIX,,,,,,,,,False
EJH,,,,,,,,,False
EL,,,,,,,,,False
ELA,,,,,,,,,False
ELAB,,,,,,,,,False
ELAN,,,,,,,,,False
ELBM,,,,,,,,,False
ELC,,,,,,,,,False
ELDN,,,,,,,,,False
ELE,,,,,,,,,False
ELF,,,,,,,,,False
ELLA,,,,,,,,,False
ELLO,,,,,,,,,False
ELMD,,,,,,,,,False
ELME,,,,,,,,,False
ELMT,,,,,,,,,False
ELOG,,,,,,,,,False
ELOX,,,,,,,,,False
ELPC,,,,,,,,,False
ELPW,,,,,,,,,False
ELS,,,,,,,,,False
ELSE,2026-01-02,2026-02-27,39.0,0.0,0.0,2489.140641025641,0.25226423028674927,0.038369304556356676,True
ELTK,,,,,,,,,False
ELTX,,,,,,,,,False
ELUT,,,,,,,,,False
ELV,,,,,,,,,False
ELVA,,,,,,,,,False
ELVN,,,,,,,,,False
ELVR,,,,,,,,,False
ELWT,,,,,,,,,False
EMA,,,,,,,,,False
EMAT,,,,,,,,,False
EMBC,,,,,,,,,False
EMBJ,,,,,,,,,False
EMD,,,,,,,,,False
EME,,,,,,,,,False
EMF,,,,,,,,,False
EMIS,,,,,,,,,False
EMISR,,,,,,,,,False
EML,,,,,,,,,False
EMN,,,,,,,,,False
EMO,,,,,,,,,False
EMP,,,,,,,,,False
EMPD,,,,,,,,,False
EMPG,,,,,,,,,False
EMR,,,,,,,,,False
ENB,,,,,,,,,False
ENGN,,,,,,,,,False
ENGNW,,,,,,,,,False
ENGS,,,,,,,,,False
ENHA,,,,,,,,,False
ENIC,,,,,,,,,False
ENJ,,,,,,,,,False
ENLT,,,,,,,,,False
ENLV,,,,,,,,,False
ENO,,,,,,,,,False
ENOV,,,,,,,,,False
ENPH,,,,,,,,,False
ENR,,,,,,,,,False
ENRD,,,,,,,,,False
ENRDW,,,,,,,,,False
ENS,,,,,,,,,False
ENSC,,,,,,,,,False
ENSG,,,,,,,,,False
ENTA,,,,,,,,,False
ENTG,,,,,,,,,False
ENTX,,,,,,,,,False
ENVA,,,,,,,,,False
ENVB,,,,,,,,,False
ENVX,,,,,,,,,False
EOD,,,,,,,,,False
EOG,,,,,,,,,False
EOI,,,,,,,,,False
EOLS,,,,,,,,,False
EONR,,,,,,,,,False
EONR.WT,,,,,,,,,False
EOS,,,,,,,,,False
EOSE,,,,,,,,,False
EOT,,,,,,,,,False
EP,,,,,,,,,False
EP.PC,,,,,,,,,False
EPAC,,,,,,,,,False
EPAM,,,,,,,,,False
EPC,,,,,,,,,False
EPD,,,,,,,,,False
EPM,,,,,,,,,False
EPOW,,,,,,,,,False
EPR,,,,,,,,,False
EPR.PC,,,,,,,,,False
EPR.PE,,,,,,,,,False
EPR.PG,,,,,,,,,False
EPRT,,,,,,,,,False
EPRX,,,,,,,,,False
EPSM,,,,,,,,,False
EPSN,,,,,,,,,False
EQ,,,,,,,,,False
EQBK,2026-01-02,2026-02-27,39.0,0.0,0.0,434883.6917948718,0.31432861062181583,-0.0028972587474918043,True
EQH,2026-01-02,2026-02-27,39.0,0.0,0.0,14482585.411923079,0.40576601189426265,-0.16195935383011895,True
EQH.PA,,,,,,,,,False
EQH.PC,,,,,,,,,False
EQIX,,,,,,,,,False
EQNR,,,,,,,,,False
EQPT,,,,,,,,,False
EQR,2026-01-02,2026-02-27,39.0,0.0,0.0,20521330.73923077,0.22714506835339196,0.019185812172511918,True
EQS,,,,,,,,,False
EQT,,,,,,,,,False
EQX,,,,,,,,,False
ERAS,,,,,,,,,False
ERC,,,,,,,,,False
ERH,,,,,,,,,False
ERIC,,,,,,,,,False
ERIE,,,,,,,,,False
ERII,,,,,,,,,False
ERNA,,,,,,,,,False
ERNAW,,,,,,,,,False
ERO,,,,,,,,,False
EROC,,,,,,,,,False
EROK,,,,,,,,,False
ES,,,,,,,,,False
ESAB,,,,,,,,,False
ESBA,,,,,,,,,False
ESCA,,,,,,,,,False
ESE,,,,,,,,,False
ESEA,,,,,,,,,False
ESI,,,,,,,,,False
ESLA,,,,,,,,,False
ESLAW,,,,,,,,,False
ESLT,,,,,,,,,False
ESNT,,,,,,,,,False
ESOA,,,,,,,,,False
ESP,,,,,,,,,False
ESPR,2026-01-02,2026-02-27,39.0,0.0,0.0,3402581.563589744,0.6030480713079053,-0.09459459459459363,True
ESQ,,,,,,,,,False
ESRT,,,,,,,,,False
ESS,,,,,,,,,False
ESTA,,,,,,,,,False
ESTC,,,,,,,,,False
ET,,,,,,,,,False
ET.PI,,,,,,,,,False
ETB,,,,,,,,,False
ETD,,,,,,,,,False
ETG,,,,,,,,,False
ETH,,,,,,,,,False
ETHA,,,,,,,,,False
ETHB,,,,,,,,,False
ETHE,,,,,,,,,False
ETHW,,,,,,,,,False
ETI.P,,,,,,,,,False
ETJ,,,,,,,,,False
ETN,,,,,,,,,False
ETO,,,,,,,,,False
ETON,,,,,,,,,False
ETOR,,,,,,,,,False
ETR,,,,,,,,,False
ETS,,,,,,,,,False
ETSS,,,,,,,,,False
ETSS.UN,,,,,,,,,False
ETSS.WT,,,,,,,,,False
ETSY,,,,,,,,,False
ETV,,,,,,,,,False
ETW,,,,,,,,,False
ETX,,,,,,,,,False
ETY,,,,,,,,,False
EU,,,,,,,,,False
EUDA,,,,,,,,,False
EUDAW,,,,,,,,,False
EUO,,,,,,,,,False
EURK,,,,,,,,,False
EURKR,,,,,,,,,False
EURKU,,,,,,,,,False
EVAC,,,,,,,,,False
EVAC.UN,,,,,,,,,False
EVAC.WT,,,,,,,,,False
EVAX,,,,,,,,,False
EVC,,,,,,,,,False
EVCM,,,,,,,,,False
EVER,,,,,,,,,False
EVEX,,,,,,,,,False
EVEX.WT,,,,,,,,,False
EVF,,,,,,,,,False
EVG,,,,,,,,,False
EVGN,,,,,,,,,False
EVGO,,,,,,,,,False
EVGOW,,,,,,,,,False
EVH,,,,,,,,,False
EVI,,,,,,,,,False
EVLV,,,,,,,,,False
EVLVW,,,,,,,,,False
EVMN,,,,,,,,,False
EVN,,,,,,,,,False
EVO,,,,,,,,,False
EVOX,,,,,,,,,False
EVOXU,,,,,,,,,False
EVOXW,,,,,,,,,False
EVR,,,,,,,,,False
EVRG,,,,,,,,,False
EVT,,,,,,,,,False
EVTC,,,,,,,,,False
EVTL,,,,,,,,,False
EVTV,,,,,,,,,False
EVV,,,,,,,,,False
EW,,,,,,,,,False
EWBC,,,,,,,,,False
EWTX,,,,,,,,,False
EXC,,,,,,,,,False
EXE,,,,,,,,,False
EXEL,,,,,,,,,False
EXFY,,,,,,,,,False
EXG,,,,,,,,,False
EXK,,,,,,,,,False
EXLS,,,,,,,,,False
EXOD,,,,,,,,,False
EXOZ,,,,,,,,,False
EXP,,,,,,,,,False
EXPD,,,,,,,,,False
EXPE,,,,,,,,,False
EXPO,,,,,,,,,False
EXR,,,,,,,,,False
EXTR,,,,,,,,,False
EXYN,,,,,,,,,False
EXYNW,,,,,,,,,False
EYE,,,,,,,,,False
EYPT,,,,,,,,,False
EZGO,,,,,,,,,False
EZPW,,,,,,,,,False
EZRA,,,,,,,,,False
F,,,,,,,,,False
F.PB,,,,,,,,,False
F.PC,,,,,,,,,False
F.PD,,,,,,,,,False
FA,,,,,,,,,False
FABC,,,,,,,,,False
FAC,,,,,,,,,False
FACT,2026-01-02,2026-02-27,39.0,0.0,0.0,164490.64294871796,0.05131748092080367,0.006724303554274558,True
FACTU,,,,,,,,,False
FACTW,,,,,,,,,False
FACWW,,,,,,,,,False
FAF,,,,,,,,,False
FAMI,,,,,,,,,False
FANG,,,,,,,,,False
FAST,,,,,,,,,False
FATE,,,,,,,,,False
FATN,,,,,,,,,False
FAX,,,,,,,,,False
FBGL,,,,,,,,,False
FBIN,,,,,,,,,False
FBIO,,,,,,,,,False
FBIOP,,,,,,,,,False
FBIZ,,,,,,,,,False
FBK,,,,,,,,,False
FBLA,,,,,,,,,False
FBLG,,,,,,,,,False
FBNC,,,,,,,,,False
FBP,,,,,,,,,False
FBRT,,,,,,,,,False
FBRT.PE,,,,,,,,,False
FBRX,,,,,,,,,False
FBYD,,,,,,,,,False
FBYDP,,,,,,,,,False
FBYDW,,,,,,,,,False
FC,,,,,,,,,False
FCAP,,,,,,,,,False
FCBC,,,,,,,,,False
FCCO,,,,,,,,,False
FCEL,,,,,,,,,False
FCF,,,,,,,,,False
FCFS,,,,,,,,,False
FCHL,,,,,,,,,False
FCN,,,,,,,,,False
FCNCA,2026-01-02,2026-02-27,39.0,0.0,0.0,69247044.2525641,0.3642599301636599,-0.11813624601032235,True
FCNCN,,,,,,,,,False
FCNCO,,,,,,,,,False
FCNCP,,,,,,,,,False
FCPT,,,,,,,,,False
FCRS,,,,,,,,,False
FCRS.UN,,,,,,,,,False
FCRS.WT,,,,,,,,,False
FCT,,,,,,,,,False
FCUV,,,,,,,,,False
FCX,,,,,,,,,False
FDBC,,,,,,,,,False
FDMT,,,,,,,,,False
FDP,,,,,,,,,False
FDS,,,,,,,,,False
FDSB,,,,,,,,,False
FDUS,,,,,,,,,False
FDX,,,,,,,,,False
FDXF,,,,,,,,,False
FE,,,,,,,,,False
FEAM,,,,,,,,,False
FEBO,,,,,,,,,False
FEDU,,,,,,,,,False
FEED,,,,,,,,,False
FEIM,,,,,,,,,False
FELE,,,,,,,,,False
FEMY,,,,,,,,,False
FENC,,,,,,,,,False
FENG,,,,,,,,,False
FER,,,,,,,,,False
FERA,,,,,,,,,False
FERAR,,,,,,,,,False
FERAU,,,,,,,,,False
FERG,,,,,,,,,False
FET,,,,,,,,,False
FF,,,,,,,,,False
FFA,,,,,,,,,False
FFAI,,,,,,,,,False
FFAIW,,,,,,,,,False
FFBC,,,,,,,,,False
FFC,,,,,,,,,False
FFIN,,,,,,,,,False
FFIV,,,,,,,,,False
FG,2026-01-02,2026-02-27,39.0,0.0,0.0,1764820.460128205,0.4862647505088591,-0.2559973710154452,True
FGBI,,,,,,,,,False
FGBIP,,,,,,,,,False
FGDL,,,,,,,,,False
FGI,,,,,,,,,False
FGII,,,,,,,,,False
FGIIU,,,,,,,,,False
FGIIW,,,,,,,,,False
FGIWW,,,,,,,,,False
FGL,,,,,,,,,False
FGMC,2026-01-02,2026-02-27,39.0,0.0,0.0,61051.985128205124,0.03729506813436137,0.0009940357852888937,True
FGMCR,,,,,,,,,False
FGMCU,,,,,,,,,False
FGN,,,,,,,,,False
FGNX,,,,,,,,,False
FGNXP,,,,,,,,,False
FGSN,,,,,,,,,False
FHB,,,,,,,,,False
FHI,,,,,,,,,False
FHN,,,,,,,,,False
FHN.PE,,,,,,,,,False
FHN.PF,,,,,,,,,False
FHN.PH,,,,,,,,,False
FHTX,,,,,,,,,False
FIBK,,,,,,,,,False
FICO,,,,,,,,,False
FIEE,,,,,,,,,False
FIG,,,,,,,,,False
FIGR,,,,,,,,,False
FIGS,,,,,,,,,False
FIGX,,,,,,,,,False
FIGXU,,,,,,,,,False
FIGXW,,,,,,,,,False
FINS,,,,,,,,,False
FINV,,,,,,,,,False
FINW,,,,,,,,,False
FIP,,,,,,,,,False
FIS,,,,,,,,,False
FISI,,,,,,,,,False
FISK,,,,,,,,,False
FISV,,,,,,,,,False
FITB,,,,,,,,,False
FITB.PA,,,,,,,,,False
FITB.PI,,,,,,,,,False
FITB.PK,,,,,,,,,False
FITB.PM,,,,,,,,,False
FITBI,,,,,,,,,False
FITBM,,,,,,,,,False
FITBO,,,,,,,,,False
FITBP,,,,,,,,,False
FIVE,,,,,,,,,False
FIVN,,,,,,,,,False
FIX,,,,,,,,,False
FIZZ,,,,,,,,,False
FJET,,,,,,,,,False
FKWL,,,,,,,,,False
FLC,,,,,,,,,False
FLD,,,,,,,,,False
FLDDW,,,,,,,,,False
FLEX,,,,,,,,,False
FLG,,,,,,,,,False
FLG.PA,,,,,,,,,False
FLG.PU,,,,,,,,,False
FLGT,,,,,,,,,False
FLL,,,,,,,,,False
FLNA,,,,,,,,,False
FLNC,,,,,,,,,False
FLNG,,,,,,,,,False
FLNT,2026-01-02,2026-02-27,39.0,0.0,0.0,31574.75371794872,0.8344191903757044,0.35684647302904793,True
FLO,,,,,,,,,False
FLOC,,,,,,,,,False
FLR,,,,,,,,,False
FLS,,,,,,,,,False
FLUT,,,,,,,,,False
FLUX,,,,,,,,,False
FLWS,,,,,,,,,False
FLX,,,,,,,,,False
FLXS,,,,,,,,,False
FLY,,,,,,,,,False
FLYD,,,,,,,,,False
FLYE,,,,,,,,,False
FLYU,,,,,,,,,False
FLYW,,,,,,,,,False
FLYX,,,,,,,,,False
FLYX.WT,,,,,,,,,False
FMAC,,,,,,,,,False
FMACR,,,,,,,,,False
FMACU,,,,,,,,,False
FMAO,,,,,,,,,False
FMBH,,,,,,,,,False
FMC,,,,,,,,,False
FMFC,,,,,,,,,False
FMN,,,,,,,,,False
FMNB,,,,,,,,,False
FMS,,,,,,,,,False
FMST,,,,,,,,,False
FMSTW,,,,,,,,,False
FMX,,,,,,,,,False
FMY,,,,,,,,,False
FN,,,,,,,,,False
FNB,,,,,,,,,False
FND,,,,,,,,,False
FNF,,,,,,,,,False
FNGD,,,,,,,,,False
FNGO,,,,,,,,,False
FNGR,,,,,,,,,False
FNGS,,,,,,,,,False
FNGU,,,,,,,,,False
FNKO,,,,,,,,,False
FNLC,,,,,,,,,False
FNRN,,,,,,,,,False
FNUC,,,,,,,,,False
FNV,,,,,,,,,False
FNWB,,,,,,,,,False
FNWD,,,,,,,,,False
FOA,,,,,,,,,False
FOCL,,,,,,,,,False
FOF,,,,,,,,,False
FOFO,,,,,,,,,False
FONR,2026-01-02,2026-02-27,39.0,0.0,0.0,364454.63205128204,0.047213502177228486,0.0037776578521322435,True
FOR,,,,,,,,,False
FORM,,,,,,,,,False
FORR,,,,,,,,,False
FORTY,,,,,,,,,False
FOSL,,,,,,,,,False
FOUR,,,,,,,,,False
FOUR.PA,,,,,,,,,False
FOX,,,,,,,,,False
FOXA,,,,,,,,,False
FOXF,,,,,,,,,False
FOXX,,,,,,,,,False
FOXXW,,,,,,,,,False
FPF,,,,,,,,,False
FPH,,,,,,,,,False
FPI,,,,,,,,,False
FPS,,,,,,,,,False
FR,,,,,,,,,False
FRA,,,,,,,,,False
FRAF,,,,,,,,,False
FRBT,,,,,,,,,False
FRD,,,,,,,,,False
FRGT,,,,,,,,,False
FRHC,,,,,,,,,False
FRME,,,,,,,,,False
FRMEP,,,,,,,,,False
FRMI,,,,,,,,,False
FRMM,,,,,,,,,False
FRO,,,,,,,,,False
FROG,,,,,,,,,False
FRPH,,,,,,,,,False
FRPT,,,,,,,,,False
FRSH,,,,,,,,,False
FRST,,,,,,,,,False
FRSX,,,,,,,,,False
FRT,,,,,,,,,False
FRT.PC,,,,,,,,,False
FRTT,,,,,,,,,False
FRVO,,,,,,,,,False
FSBC,,,,,,,,,False
FSBW,,,,,,,,,False
FSCO,,,,,,,,,False
FSEA,2026-01-02,2026-02-27,39.0,0.0,0.0,9587.547564102564,0.2021797901523158,0.002311248073961103,True
FSHP,2026-01-02,2026-02-27,28.0,0.0,0.0,11560.493214285714,0.07141671374011177,0.005565862708720504,True
FSHPR,,,,,,,,,False
FSHPU,,,,,,,,,False
FSI,,,,,,,,,False
FSK,,,,,,,,,False
FSLR,,,,,,,,,False
FSLY,,,,,,,,,False
FSM,,,,,,,,,False
FSOL,,,,,,,,,False
FSP,,,,,,,,,False
FSS,,,,,,,,,False
FSSL,,,,,,,,,False
FSTR,,,,,,,,,False
FSUN,2026-01-02,2026-02-27,39.0,0.0,0.0,2395458.743846154,0.39857479903195075,-0.03544035969320225,True
FSV,,,,,,,,,False
FT,,,,,,,,,False
FTAI,,,,,,,,,False
FTAIM,,,,,,,,,False
FTAIN,,,,,,,,,False
FTCI,,,,,,,,,False
FTDR,,,,,,,,,False
FTEK,,,,,,,,,False
FTF,,,,,,,,,False
FTFT,,,,,,,,,False
FTHAU,,,,,,,,,False
FTHM,,,,,,,,,False
FTHY,,,,,,,,,False
FTI,,,,,,,,,False
FTK,,,,,,,,,False
FTLF,,,,,,,,,False
FTNT,,,,,,,,,False
FTRA.UN,,,,,,,,,False
FTRE,,,,,,,,,False
FTRK,,,,,,,,,False
FTS,,,,,,,,,False
FTV,,,,,,,,,False
FTW,,,,,,,,,False
FTW.WT,,,,,,,,,False
FUBO,,,,,,,,,False
FUFU,,,,,,,,,False
FUFUW,,,,,,,,,False
FUL,,,,,,,,,False
FULC,,,,,,,,,False
FULT,,,,,,,,,False
FULTP,,,,,,,,,False
FUN,,,,,,,,,False
FUNC,,,,,,,,,False
FUND,,,,,,,,,False
FURY,,,,,,,,,False
FUSB,,,,,,,,,False
FUSE,,,,,,,,,False
FUSEW,,,,,,,,,False
FUTU,,,,,,,,,False
FVAV,,,,,,,,,False
FVCB,,,,,,,,,False
FVN,,,,,,,,,False
FVNNR,,,,,,,,,False
FVNNU,,,,,,,,,False
FVR,,,,,,,,,False
FVRR,,,,,,,,,False
FWDI,,,,,,,,,False
FWONA,,,,,,,,,False
FWONK,,,,,,,,,False
FWRD,,,,,,,,,False
FWRG,,,,,,,,,False
FXA,,,,,,,,,False
FXACU,,,,,,,,,False
FXB,,,,,,,,,False
FXC,,,,,,,,,False
FXE,,,,,,,,,False
FXF,,,,,,,,,False
FXNC,,,,,,,,,False
FXY,,,,,,,,,False
G,,,,,,,,,False
GAB,,,,,,,,,False
GAB.PG,,,,,,,,,False
GAB.PH,,,,,,,,,False
GAB.PK,,,,,,,,,False
GABC,,,,,,,,,False
GAIA,,,,,,,,,False
GAIN,,,,,,,,,False
GAING,,,,,,,,,False
GAINI,,,,,,,,,False
GAINZ,,,,,,,,,False
GALT,,,,,,,,,False
GAM,,,,,,,,,False
GAM.PB,,,,,,,,,False
GAMB,,,,,,,,,False
GAME,,,,,,,,,False
GANX,,,,,,,,,False
GAP,,,,,,,,,False
GASS,,,,,,,,,False
GATX,,,,,,,,,False
GAU,,,,,,,,,False
GAUZ,,,,,,,,,False
GAVA,,,,,,,,,False
GBAB,,,,,,,,,False
GBCI,,,,,,,,,False
GBDC,,,,,,,,,False
GBFH,,,,,,,,,False
GBLI,,,,,,,,,False
GBR,,,,,,,,,False
GBTC,,,,,,,,,False
GBTG,,,,,,,,,False
GBUG,,,,,,,,,False
GBX,,,,,,,,,False
GCBC,,,,,,,,,False
GCDT,,,,,,,,,False
GCGRU,,,,,,,,,False
GCL,,,,,,,,,False
GCLWW,,,,,,,,,False
GCMG,,,,,,,,,False
GCO,,,,,,,,,False
GCT,,,,,,,,,False
GCTK,,,,,,,,,False
GCTS,,,,,,,,,False
GCTS.WT,,,,,,,,,False
GCV,,,,,,,,,False
GD,,,,,,,,,False
GDC,2026-01-02,2026-02-27,39.0,0.0,0.0,40529.74538461539,1.0024452679773592,-0.2745490981963917,True
GDDY,,,,,,,,,False
GDEV,,,,,,,,,False
GDEVW,,,,,,,,,False
GDHG,,,,,,,,,False
GDL,,,,,,,,,False
GDLC,,,,,,,,,False
GDO,,,,,,,,,False
GDOG,,,,,,,,,False
GDOT,2026-01-02,2026-02-27,39.0,0.0,0.0,826257.338076923,0.2400680655656309,-0.08247422680412231,True
GDRX,,,,,,,,,False
GDS,,,,,,,,,False
GDTC,,,,,,,,,False
GDV,,,,,,,,,False
GDV.PH,,,,,,,,,False
GDV.PK,,,,,,,,,False
GDXD,,,,,,,,,False
GDXU,,,,,,,,,False
GDYN,,,,,,,,,False
GE,,,,,,,,,False
GECC,,,,,,,,,False
GECCG,,,,,,,,,False
GECCH,,,,,,,,,False
GECCI,,,,,,,,,False
GEF,,,,,,,,,False
GEF.B,,,,,,,,,False
GEG,,,,,,,,,False
GEGGL,,,,,,,,,False
GEHC,,,,,,,,,False
GEL,,,,,,,,,False
GELS,,,,,,,,,False
GEMI,,,,,,,,,False
GEN,,,,,,,,,False
GENB,,,,,,,,,False
GENC,,,,,,,,,False
GENI,,,,,,,,,False
GENK,,,,,,,,,False
GENVR,,,,,,,,,False
GEO,,,,,,,,,False
GEOS,,,,,,,,,False
GERN,,,,,,,,,False
GETY,,,,,,,,,False
GEV,,,,,,,,,False
GEVO,,,,,,,,,False
GF,,,,,,,,,False
GFAI,,,,,,,,,False
GFAIW,,,,,,,,,False
GFF,,,,,,,,,False
GFI,,,,,,,,,False
GFL,,,,,,,,,False
GFR,,,,,,,,,False
GFS,,,,,,,,,False
GGAL,,,,,,,,,False
GGB,,,,,,,,,False
GGG,,,,,,,,,False
GGN,,,,,,,,,False
GGN.PB,,,,,,,,,False
GGR,,,,,,,,,False
GGROW,,,,,,,,,False
GGRP,,,,,,,,,False
GGT,,,,,,,,,False
GGT.PE,,,,,,,,,False
GGT.PG,,,,,,,,,False
GGZ,,,,,,,,,False
GH,,,,,,,,,False
GHC,,,,,,,,,False
GHG,,,,,,,,,False
GHI,,,,,,,,,False
GHM,,,,,,,,,False
GHRS,,,,,,,,,False
GHY,,,,,,,,,False
GIB,,,,,,,,,False
GIBO,,,,,,,,,False
GIBOW,,,,,,,,,False
GIC,,,,,,,,,False
GIFT,,,,,,,,,False
GIGM,,,,,,,,,False
GIII,,,,,,,,,False
GIL,,,,,,,,,False
GILD,,,,,,,,,False
GILT,,,,,,,,,False
GIPR,,,,,,,,,False
GIPRW,,,,,,,,,False
GIS,,,,,,,,,False
GITS,,,,,,,,,False
GIW,,,,,,,,,False
GIWWR,,,,,,,,,False
GIWWU,,,,,,,,,False
GIX,,,,,,,,,False
GIXXR,,,,,,,,,False
GIXXU,,,,,,,,,False
GJH,,,,,,,,,False
GJO,,,,,,,,,False
GJP,,,,,,,,,False
GJR,,,,,,,,,False
GJS,,,,,,,,,False
GJT,,,,,,,,,False
GKOS,,,,,,,,,False
GL,,,,,,,,,False
GL.PD,,,,,,,,,False
GLAD,,,,,,,,,False
GLBE,,,,,,,,,False
GLBS,,,,,,,,,False
GLD,,,,,,,,,False
GLDG,,,,,,,,,False
GLDI,,,,,,,,,False
GLDM,,,,,,,,,False
GLE,,,,,,,,,False
GLED,,,,,,,,,False
GLED.RI,,,,,,,,,False
GLED.UN,,,,,,,,,False
GLIBA,,,,,,,,,False
GLIBK,,,,,,,,,False
GLL,,,,,,,,,False
GLMD,,,,,,,,,False
GLND,,,,,,,,,False
GLNDW,,,,,,,,,False
GLNG,,,,,,,,,False
GLNK,,,,,,,,,False
GLO,,,,,,,,,False
GLOB,,,,,,,,,False
GLOO,,,,,,,,,False
GLOP.PA,,,,,,,,,False
GLOP.PB,,,,,,,,,False
GLOP.PC,,,,,,,,,False
GLP,,,,,,,,,False
GLP.PB,,,,,,,,,False
GLPI,,,,,,,,,False
GLQ,,,,,,,,,False
GLRE,,,,,,,,,False
GLSI,,,,,,,,,False
GLTR,,,,,,,,,False
GLU,,,,,,,,,False
GLU.PA,,,,,,,,,False
GLU.PB,,,,,,,,,False
GLUE,,,,,,,,,False
GLV,,,,,,,,,False
GLW,,,,,,,,,False
GLXG,,,,,,,,,False
GLXY,2026-01-02,2026-02-27,39.0,0.0,0.0,58689661.18820513,1.1844371960822258,-0.1716237942122183,True
GM,,,,,,,,,False
GMAB,,,,,,,,,False
GME,,,,,,,,,False
GME.WT,,,,,,,,,False
GMED,,,,,,,,,False
GMEX,,,,,,,,,False
GMHS,,,,,,,,,False
GMM,,,,,,,,,False
GMRS,,,,,,,,,False
GMTL,,,,,,,,,False
GNE,,,,,,,,,False
GNK,,,,,,,,,False
GNL,2026-01-02,2026-02-27,39.0,0.0,0.0,1232466.9037179488,0.1877111216989314,0.06920022688599059,True
GNL.PA,,,,,,,,,False
GNL.PB,,,,,,,,,False
GNL.PD,,,,,,,,,False
GNL.PE,,,,,,,,,False
GNLN,,,,,,,,,False
GNLX,,,,,,,,,False
GNPX,,,,,,,,,False
GNRC,,,,,,,,,False
GNS,,,,,,,,,False
GNSS,,,,,,,,,False
GNT,,,,,,,,,False
GNT.PA,,,,,,,,,False
GNTA,,,,,,,,,False
GNTX,,,,,,,,,False
GNW,,,,,,,,,False
GO,,,,,,,,,False
GOAI,,,,,,,,,False
GOCO,,,,,,,,,False
GOF,,,,,,,,,False
GOGO,,,,,,,,,False
GOLD,,,,,,,,,False
GOLF,,,,,,,,,False
GOOD,,,,,,,,,False
GOODN,,,,,,,,,False
GOODO,,,,,,,,,False
GOOG,,,,,,,,,False
GOOGL,,,,,,,,,False
GOOGM,,,,,,,,,False
GOOGN,,,,,,,,,False
GOOS,,,,,,,,,False
GORO,2026-01-02,2026-02-27,39.0,0.0,0.0,649093.0556794871,1.5457919383287961,0.8423256370379248,True
GOSS,,,,,,,,,False
GOTU,,,,,,,,,False
GOVX,,,,,,,,,False
GP,,,,,,,,,False
GPAC,,,,,,,,,False
GPACU,,,,,,,,,False
GPACW,,,,,,,,,False
GPAT,,,,,,,,,False
GPATU,,,,,,,,,False
GPATW,,,,,,,,,False
GPC,,,,,,,,,False
GPCR,,,,,,,,,False
GPGI,,,,,,,,,False
GPI,,,,,,,,,False
GPJA,,,,,,,,,False
GPK,,,,,,,,,False
GPMT,,,,,,,,,False
GPMT.PA,,,,,,,,,False
GPN,,,,,,,,,False
GPOR,,,,,,,,,False
GPRE,,,,,,,,,False
GPRK,,,,,,,,,False
GPRO,,,,,,,,,False
GPUS,,,,,,,,,False
GPUS.PD,,,,,,,,,False
GRAB,,,,,,,,,False
GRABW,,,,,,,,,False
GRAF,,,,,,,,,False
GRAF.UN,,,,,,,,,False
GRAF.WT,,,,,,,,,False
GRAL,,,,,,,,,False
GRAN,,,,,,,,,False
GRBK,,,,,,,,,False
GRBK.PA,,,,,,,,,False
GRC,,,,,,,,,False
GRCE,,,,,,,,,False
GRDN,,,,,,,,,False
GRDX,,,,,,,,,False
GREE,,,,,,,,,False
GREEL,,,,,,,,,False
GRF,,,,,,,,,False
GRFS,,,,,,,,,False
GRI,,,,,,,,,False
GRML,,,,,,,,,False
GRMLW,,,,,,,,,False
GRMN,,,,,,,,,False
GRN,,,,,,,,,False
GRND,,,,,,,,,False
GRNQ,,,,,,,,,False
GRNT,,,,,,,,,False
GRO,,,,,,,,,False
GROV,,,,,,,,,False
GROW,,,,,,,,,False
GROY,,,,,,,,,False
GROY.WT,,,,,,,,,False
GRPN,,,,,,,,,False
GRRR,,,,,,,,,False
GRRRW,,,,,,,,,False
GRVY,,,,,,,,,False
GRWG,,,,,,,,,False
GRX,,,,,,,,,False
GS,,,,,,,,,False
GS.PA,,,,,,,,,False
GS.PC,,,,,,,,,False
GS.PD,,,,,,,,,False
GSAT,2026-01-02,2026-02-27,39.0,0.0,0.0,13417668.574615385,0.719730802842198,-0.0329739021722133,True
GSBC,,,,,,,,,False
GSBD,,,,,,,,,False
GSG,,,,,,,,,False
GSHD,,,,,,,,,False
GSHR,,,,,,,,,False
GSHRU,,,,,,,,,False
GSHRW,,,,,,,,,False
GSIT,,,,,,,,,False
GSIW,,,,,,,,,False
GSK,,,,,,,,,False
GSL,,,,,,,,,False
GSL.PB,,,,,,,,,False
GSM,,,,,,,,,False
GSOL,,,,,,,,,False
GSRF,,,,,,,,,False
GSRFR,,,,,,,,,False
GSRFU,,,,,,,,,False
GSRVU,,,,,,,,,False
GSUI,,,,,,,,,False
GSUN,,,,,,,,,False
GT,,,,,,,,,False
GTBP,,,,,,,,,False
GTE,,,,,,,,,False
GTEC,,,,,,,,,False
GTEN,,,,,,,,,False
GTENU,,,,,,,,,False
GTENW,,,,,,,,,False
GTERA,,,,,,,,,False
GTERR,,,,,,,,,False
GTERU,,,,,,,,,False
GTERW,,,,,,,,,False
GTES,,,,,,,,,False
GTIM,,,,,,,,,False
GTLB,,,,,,,,,False
GTLS,2026-01-02,2026-02-27,39.0,0.0,0.0,46031437.4726923,0.01963469220141709,0.006405590333381728,True
GTM,,,,,,,,,False
GTN,,,,,,,,,False
GTN.A,,,,,,,,,False
GTX,,,,,,,,,False
GTY,,,,,,,,,False
GUACU,,,,,,,,,False
GUG,,,,,,,,,False
GURE,,,,,,,,,False
GUT,,,,,,,,,False
GUT.PC,,,,,,,,,False
GUTS,,,,,,,,,False
GV,,,,,,,,,False
GVA,,,,,,,,,False
GVH,,,,,,,,,False
GWAV,,,,,,,,,False
GWH,,,,,,,,,False
GWH.WT,,,,,,,,,False
GWRE,,,,,,,,,False
GWRS,,,,,,,,,False
GWW,,,,,,,,,False
GXAI,,,,,,,,,False
GXO,,,,,,,,,False
GXRP,,,,,,,,,False
GYRE,,,,,,,,,False
GYRO,,,,,,,,,False
H,,,,,,,,,False
HACQ,,,,,,,,,False
HACQU,,,,,,,,,False
HACQW,,,,,,,,,False
HAE,,,,,,,,,False
HAFC,,,,,,,,,False
HAFN,,,,,,,,,False
HAIN,,,,,,,,,False
HAL,,,,,,,,,False
HALO,,,,,,,,,False
HAO,,,,,,,,,False
HAS,,,,,,,,,False
HASI,,,,,,,,,False
HAVA,,,,,,,,,False
HAVAR,,,,,,,,,False
HAVAU,,,,,,,,,False
HAWK,,,,,,,,,False
HAYW,,,,,,,,,False
HBAN,,,,,,,,,False
HBANL,,,,,,,,,False
HBANM,,,,,,,,,False
HBANP,,,,,,,,,False
HBANZ,,,,,,,,,False
HBB,,,,,,,,,False
HBCP,,,,,,,,,False
HBIO,,,,,,,,,False
HBM,,,,,,,,,False
HBNB,,,,,,,,,False
HBNC,,,,,,,,,False
HBT,,,,,,,,,False
HCA,,,,,,,,,False
HCAC,,,,,,,,,False
HCACR,,,,,,,,,False
HCACU,,,,,,,,,False
HCAI,,,,,,,,,False
HCAT,,,,,,,,,False
HCC,,,,,,,,,False
HCHL,,,,,,,,,False
HCI,,,,,,,,,False
HCIC,,,,,,,,,False
HCICR,,,,,,,,,False
HCICU,,,,,,,,,False
HCKT,,,,,,,,,False
HCM,,,,,,,,,False
HCMA,,,,,,,,,False
HCMAU,,,,,,,,,False
HCMAW,,,,,,,,,False
HCSG,,,,,,,,,False
HCTI,,,,,,,,,False
HCWB,,,,,,,,,False
HCWC,2026-01-02,2026-02-27,39.0,0.0,0.0,21002.30036410256,1.31885864595284,0.11230714029422417,True
HCXY,,,,,,,,,False
HD,,,,,,,,,False
HDB,,,,,,,,,False
HDL,,,,,,,,,False
HDLB,,,,,,,,,False
HDRN,,,,,,,,,False
HDRNW,,,,,,,,,False
HDSN,2026-01-02,2026-02-27,39.0,0.0,0.0,648320.3453846154,0.31767041559077186,0.04558823529411793,True
HE,,,,,,,,,False
HEI,,,,,,,,,False
HEI.A,,,,,,,,,False
HELE,,,,,,,,,False
HELP,,,,,,,,,False
HEPS,,,,,,,,,False
HEQ,,,,,,,,,False
HERE,,,,,,,,,False
HERZ,,,,,,,,,False
HESM,,,,,,,,,False
HFBL,,,,,,,,,False
HFFG,,,,,,,,,False
HFRO,,,,,,,,,False
HFRO.PA,,,,,,,,,False
HFRO.PB,,,,,,,,,False
HFWA,,,,,,,,,False
HG,,,,,,,,,False
HGBL,,,,,,,,,False
HGLB,,,,,,,,,False
HGTY,,,,,,,,,False
HGV,,,,,,,,,False
HHH,,,,,,,,,False
HHS,,,,,,,,,False
HIG,,,,,,,,,False
HIG.PG,,,,,,,,,False
HIHO,,,,,,,,,False
HII,,,,,,,,,False
HIMS,,,,,,,,,False
HIMX,,,,,,,,,False
HIND,,,,,,,,,False
HIO,,,,,,,,,False
HIPO,,,,,,,,,False
HIT,,,,,,,,,False
HITI,,,,,,,,,False
HIVE,,,,,,,,,False
HIW,,,,,,,,,False
HIX,,,,,,,,,False
HKD,,,,,,,,,False
HKIT,,,,,,,,,False
HKPD,,,,,,,,,False
HL,,,,,,,,,False
HL.PB,,,,,,,,,False
HLF,,,,,,,,,False
HLI,,,,,,,,,False
HLIO,,,,,,,,,False
HLIT,,,,,,,,,False
HLLY,,,,,,,,,False
HLLY.WT,,,,,,,,,False
HLMN,,,,,,,,,False
HLN,,,,,,,,,False
HLNE,,,,,,,,,False
HLP,,,,,,,,,False
HLT,,,,,,,,,False
HLX,2026-01-02,2026-02-27,39.0,0.0,0.0,1771224.836923077,0.6129560137779505,0.4355971896955513,True
HLXC,,,,,,,,,False
HMC,,,,,,,,,False
HMH,,,,,,,,,False
HMN,,,,,,,,,False
HMR,,,,,,,,,False
HMY,,,,,,,,,False
HNGE,,,,,,,,,False
HNI,,,,,,,,,False
HNNA,,,,,,,,,False
HNNAZ,,,,,,,,,False
HNRG,,,,,,,,,False
HNST,,,,,,,,,False
HNVR,,,,,,,,,False
HOFT,,,,,,,,,False
HOG,,,,,,,,,False
HOLO,,,,,,,,,False
HOLOW,,,,,,,,,False
HOMB,,,,,,,,,False
HON,,,,,,,,,False
HOOD,,,,,,,,,False
HOPE,,,,,,,,,False
HOUR,,,,,,,,,False
HOV,,,,,,,,,False
HOVNP,,,,,,,,,False
HOVR,,,,,,,,,False
HOVRW,,,,,,,,,False
HOWL,,,,,,,,,False
HP,,,,,,,,,False
HPAI,,,,,,,,,False
HPAIW,,,,,,,,,False
HPE,,,,,,,,,False
HPE.PC,,,,,,,,,False
HPF,,,,,,,,,False
HPI,,,,,,,,,False
HPK,,,,,,,,,False
HPP,,,,,,,,,False
HPP.PC,,,,,,,,,False
HPQ,,,,,,,,,False
HPS,,,,,,,,,False
HQ,,,,,,,,,False
HQH,,,,,,,,,False
HQI,,,,,,,,,False
HQL,,,,,,,,,False
HQWWW,,,,,,,,,False
HQY,,,,,,,,,False
HR,,,,,,,,,False
HRB,,,,,,,,,False
HRI,,,,,,,,,False
HRL,,,,,,,,,False
HRMY,,,,,,,,,False
HROW,,,,,,,,,False
HRTG,,,,,,,,,False
HRTX,,,,,,,,,False
HRZN,,,,,,,,,False
HSAI,,,,,,,,,False
HSBC,,,,,,,,,False
HSCS,,,,,,,,,False
HSCSW,,,,,,,,,False
HSDT,,,,,,,,,False
HSHP,,,,,,,,,False
HSIC,,,,,,,,,False
HSLV,,,,,,,,,False
HSPT,,,,,,,,,False
HSPTR,,,,,,,,,False
HSPTU,,,,,,,,,False
HST,,,,,,,,,False
HSTM,,,,,,,,,False
HSY,,,,,,,,,False
HTB,,,,,,,,,False
HTCO,,,,,,,,,False
HTCR,,,,,,,,,False
HTD,,,,,,,,,False
HTFC,,,,,,,,,False
HTFL,,,,,,,,,False
HTGC,,,,,,,,,False
HTH,,,,,,,,,False
HTHT,,,,,,,,,False
HTLD,,,,,,,,,False
HTLM,,,,,,,,,False
HTO,,,,,,,,,False
HTOO,,,,,,,,,False
HTT,,,,,,,,,False
HTZ,,,,,,,,,False
HTZWW,,,,,,,,,False
HUBB,,,,,,,,,False
HUBC,,,,,,,,,False
HUBCW,,,,,,,,,False
HUBCZ,,,,,,,,,False
HUBG,,,,,,,,,False
HUBS,,,,,,,,,False
HUDI,,,,,,,,,False
HUHU,,,,,,,,,False
HUIZ,,,,,,,,,False
HUM,,,,,,,,,False
HUMA,,,,,,,,,False
HUMAW,,,,,,,,,False
HUN,,,,,,,,,False
HURA,,,,,,,,,False
HURC,,,,,,,,,False
HURN,,,,,,,,,False
HUT,,,,,,,,,False
HUYA,,,,,,,,,False
HVII,2026-01-02,2026-02-27,39.0,0.0,0.0,111802.42346153848,0.03833046301914976,-0.006262042389209244,True
HVIIR,,,,,,,,,False
HVIIU,,,,,,,,,False
HVMC,,,,,,,,,False
HVMCU,,,,,,,,,False
HVMCW,,,,,,,,,False
HVT,,,,,,,,,False
HVT.A,,,,,,,,,False
HWBK,,,,,,,,,False
HWC,,,,,,,,,False
HWCPZ,,,,,,,,,False
HWH,,,,,,,,,False
HWKN,,,,,,,,,False
HWM,,,,,,,,,False
HXHX,,,,,,,,,False
HXL,,,,,,,,,False
HY,,,,,,,,,False
HYFM,,,,,,,,,False
HYFT,,,,,,,,,False
HYI,,,,,,,,,False
HYLN,,,,,,,,,False
HYMC,2026-01-02,2026-02-27,39.0,0.0,0.0,47955027.834358975,1.8751574322704767,1.0730706075533654,True
HYNE,,,,,,,,,False
HYPD,,,,,,,,,False
HYPG,,,,,,,,,False
HYPR,,,,,,,,,False
HYT,,,,,,,,,False
HZO,2026-01-02,2026-02-27,39.0,0.0,0.0,2047642.628846154,0.7128426194817031,0.26755297050270266,True
IACO,,,,,,,,,False
IACOU,,,,,,,,,False
IACOW,,,,,,,,,False
IACQU,,,,,,,,,False
IAE,,,,,,,,,False
IAF,,,,,,,,,False
IAG,,,,,,,,,False
IART,,,,,,,,,False
IAU,,,,,,,,,False
IAUM,,,,,,,,,False
IAUX,,,,,,,,,False
IAUX.WT,,,,,,,,,False
IBAC,2026-01-02,2026-02-27,37.0,0.0,0.0,23416.258918918917,0.032475971899191304,0.023877745940782846,True
IBACR,,,,,,,,,False
IBCP,,,,,,,,,False
IBEX,,,,,,,,,False
IBG,,,,,,,,,False
IBIO,,,,,,,,,False
IBIT,,,,,,,,,False
IBKR,,,,,,,,,False
IBM,,,,,,,,,False
IBN,,,,,,,,,False
IBO,2026-01-02,2026-02-27,38.0,0.0,0.0,706.3918578947369,0.587336460908489,-0.11631696883275533,True
IBOC,,,,,,,,,False
IBP,,,,,,,,,False
IBRX,,,,,,,,,False
IBTA,,,,,,,,,False
ICCC,,,,,,,,,False
ICCM,,,,,,,,,False
ICE,,,,,,,,,False
ICFI,,,,,,,,,False
ICG,,,,,,,,,False
ICHR,,,,,,,,,False
ICL,,,,,,,,,False
ICLR,,,,,,,,,False
ICMB,,,,,,,,,False
ICON,,,,,,,,,False
ICR.PA,,,,,,,,,False
ICU,,,,,,,,,False
ICUCW,,,,,,,,,False
ICUI,,,,,,,,,False
IDA,,,,,,,,,False
IDACU,,,,,,,,,False
IDAI,,,,,,,,,False
IDCC,,,,,,,,,False
IDE,,,,,,,,,False
IDN,,,,,,,,,False
IDR,,,,,,,,,False
IDT,,,,,,,,,False
IDXX,,,,,,,,,False
IDYA,,,,,,,,,False
IE,,,,,,,,,False
IEAG,,,,,,,,,False
IEAGR,,,,,,,,,False
IEAGU,,,,,,,,,False
IEP,,,,,,,,,False
IESC,,,,,,,,,False
IEX,,,,,,,,,False
IFBD,,,,,,,,,False
IFED,,,,,,,,,False
IFF,,,,,,,,,False
IFN,,,,,,,,,False
IFRX,,,,,,,,,False
IFS,,,,,,,,,False
IGA,,,,,,,,,False
IGAC,,,,,,,,,False
IGACR,,,,,,,,,False
IGACU,,,,,,,,,False
IGC,,,,,,,,,False
IGD,,,,,,,,,False
IGI,,,,,,,,,False
IGIC,,,,,,,,,False
IGR,,,,,,,,,False
IH,,,,,,,,,False
IHD,,,,,,,,,False
IHG,,,,,,,,,False
IHRT,,,,,,,,,False
IHS,,,,,,,,,False
IHT,,,,,,,,,False
IIF,,,,,,,,,False
III,,,,,,,,,False
IIIN,,,,,,,,,False
IIIV,,,,,,,,,False
IIM,,,,,,,,,False
IIPR,,,,,,,,,False
IIPR.PA,,,,,,,,,False
IKT,,,,,,,,,False
ILAG,,,,,,,,,False
ILLR,,,,,,,,,False
ILLRW,,,,,,,,,False
ILLU,,,,,,,,,False
ILLUU,,,,,,,,,False
ILLUW,,,,,,,,,False
ILMN,,,,,,,,,False
ILPT,,,,,,,,,False
IMA,,,,,,,,,False
IMAX,,,,,,,,,False
IMCC,,,,,,,,,False
IMCR,,,,,,,,,False
IMDX,,,,,,,,,False
IMKTA,,,,,,,,,False
IMMP,,,,,,,,,False
IMMR,,,,,,,,,False
IMMX,,,,,,,,,False
IMNM,,,,,,,,,False
IMNN,,,,,,,,,False
IMO,,,,,,,,,False
IMOS,,,,,,,,,False
IMPP,,,,,,,,,False
IMPPP,,,,,,,,,False
IMRN,,,,,,,,,False
IMRX,,,,,,,,,False
IMSR,,,,,,,,,False
IMSRW,,,,,,,,,False
IMTE,,,,,,,,,False
IMTX,,,,,,,,,False
IMUX,,,,,,,,,False
IMVT,,,,,,,,,False
IMXI,2026-01-02,2026-02-27,39.0,0.0,0.0,883976.7423076924,0.04494108699704265,0.028013029315961502,True
INAB,,,,,,,,,False
INAC,,,,,,,,,False
INACR,,,,,,,,,False
INACU,,,,,,,,,False
INBK,,,,,,,,,False
INBKZ,,,,,,,,,False
INBS,,,,,,,,,False
INBX,,,,,,,,,False
INCR,,,,,,,,,False
INCY,,,,,,,,,False
INDB,,,,,,,,,False
INDI,,,,,,,,,False
INDO,,,,,,,,,False
INDP,,,,,,,,,False
INDV,,,,,,,,,False
INEO,,,,,,,,,False
INFQ,,,,,,,,,False
INFQ.WT,,,,,,,,,False
INFU,,,,,,,,,False
INFY,,,,,,,,,False
ING,,,,,,,,,False
INGM,,,,,,,,,False
INGN,,,,,,,,,False
INGR,,,,,,,,,False
INHD,,,,,,,,,False
INIO,,,,,,,,,False
INKT,,,,,,,,,False
INLF,,,,,,,,,False
INLX,,,,,,,,,False
INM,,,,,,,,,False
INMB,,,,,,,,,False
INMD,,,,,,,,,False
INN,,,,,,,,,False
INN.PE,,,,,,,,,False
INN.PF,,,,,,,,,False
INNV,,,,,,,,,False
INO,,,,,,,,,False
INOD,,,,,,,,,False
INR,,,,,,,,,False
INSE,,,,,,,,,False
INSG,,,,,,,,,False
INSM,,,,,,,,,False
INSP,,,,,,,,,False
INSW,,,,,,,,,False
INTA,,,,,,,,,False
INTC,,,,,,,,,False
INTG,,,,,,,,,False
INTJ,,,,,,,,,False
INTR,,,,,,,,,False
INTS,,,,,,,,,False
INTT,,,,,,,,,False
INTU,,,,,,,,,False
INTZ,,,,,,,,,False
INUV,,,,,,,,,False
INV,,,,,,,,,False
INVA,,,,,,,,,False
INVE,,,,,,,,,False
INVH,,,,,,,,,False
INVX,,,,,,,,,False
INVZ,,,,,,,,,False
IONQ,2026-01-02,2026-02-27,39.0,0.0,0.0,103121086.1623077,1.021074190840637,-0.18736616702355402,True
IONQ.WT,,,,,,,,,False
IONR,,,,,,,,,False
IONS,,,,,,,,,False
IOR,,,,,,,,,False
IOSP,,,,,,,,,False
IOT,,,,,,,,,False
IOTR,,,,,,,,,False
IOVA,,,,,,,,,False
IP,,,,,,,,,False
IPAR,,,,,,,,,False
IPB,,,,,,,,,False
IPCX,2026-01-02,2026-02-27,39.0,0.0,0.0,139657.35,0.15486625491961548,0.0049261083743845635,True
IPCXR,,,,,,,,,False
IPCXU,,,,,,,,,False
IPDN,,,,,,,,,False
IPEX,,,,,,,,,False
IPEXR,,,,,,,,,False
IPEXU,,,,,,,,,False
IPFX,,,,,,,,,False
IPFXU,,,,,,,,,False
IPFXW,,,,,,,,,False
IPGP,,,,,,,,,False
IPHA,,,,,,,,,False
IPI,,,,,,,,,False
IPM,,,,,,,,,False
IPSC,,,,,,,,,False
IPST,,,,,,,,,False
IPVVU,,,,,,,,,False
IPW,,,,,,,,,False
IPWR,,,,,,,,,False
IPX,,,,,,,,,False
IQ,,,,,,,,,False
IQI,,,,,,,,,False
IQST,,,,,,,,,False
IQV,,,,,,,,,False
IR,,,,,,,,,False
IRAB,,,,,,,,,False
IRAB.UN,,,,,,,,,False
IRAB.WT,,,,,,,,,False
IRD,,,,,,,,,False
IRDM,,,,,,,,,False
IREN,,,,,,,,,False
IRHO,,,,,,,,,False
IRHOR,,,,,,,,,False
IRHOU,,,,,,,,,False
IRIX,,,,,,,,,False
IRM,,,,,,,,,False
IRMD,,,,,,,,,False
IRON,,,,,,,,,False
IRS,,,,,,,,,False
IRT,,,,,,,,,False
IRTC,,,,,,,,,False
IRWD,,,,,,,,,False
ISBA,,,,,,,,,False
ISD,,,,,,,,,False
ISNRU,,,,,,,,,False
ISOU,,,,,,,,,False
ISPC,,,,,,,,,False
ISPR,,,,,,,,,False
ISRG,,,,,,,,,False
ISSC,,,,,,,,,False
ISTR,,,,,,,,,False
IT,,,,,,,,,False
ITGR,,,,,,,,,False
ITHA,,,,,,,,,False
ITHAU,,,,,,,,,False
ITHAW,,,,,,,,,False
ITIC,,,,,,,,,False
ITOC,2026-01-16,2026-02-27,29.0,0.0,0.0,17350.784834482758,1.0943428075792707,-0.4218134034165568,True
ITP,,,,,,,,,False
ITRG,,,,,,,,,False
ITRI,,,,,,,,,False
ITRN,,,,,,,,,False
ITT,,,,,,,,,False
ITUB,,,,,,,,,False
ITW,,,,,,,,,False
IVA,,,,,,,,,False
IVDA,,,,,,,,,False
IVDAW,,,,,,,,,False
IVF,,,,,,,,,False
IVR,,,,,,,,,False
IVR.PC,,,,,,,,,False
IVT,,,,,,,,,False
IVVD,,,,,,,,,False
IVZ,,,,,,,,,False
IWDL,,,,,,,,,False
IWFL,,,,,,,,,False
IWML,,,,,,,,,False
IX,,,,,,,,,False
IXHL,,,,,,,,,False
IZEA,,,,,,,,,False
IZM,,,,,,,,,False
J,,,,,,,,,False
JABRU,,,,,,,,,False
JACK,,,,,,,,,False
JACS,,,,,,,,,False
JACS.RI,,,,,,,,,False
JACS.UN,,,,,,,,,False
JAGU,,,,,,,,,False
JAGX,,,,,,,,,False
JAKK,,,,,,,,,False
JAN,,,,,,,,,False
JANX,,,,,,,,,False
JATT,,,,,,,,,False
JAZZ,,,,,,,,,False
JBDI,,,,,,,,,False
JBGS,,,,,,,,,False
JBHT,,,,,,,,,False
JBI,,,,,,,,,False
JBIO,,,,,,,,,False
JBK,,,,,,,,,False
JBL,,,,,,,,,False
JBLU,,,,,,,,,False
JBS,,,,,,,,,False
JBSS,,,,,,,,,False
JBTM,,,,,,,,,False
JCAP,,,,,,,,,False
JCE,,,,,,,,,False
JCI,,,,,,,,,False
JCSE,,,,,,,,,False
JCTC,,,,,,,,,False
JD,,,,,,,,,False
JDZG,,,,,,,,,False
JEF,,,,,,,,,False
JELD,,,,,,,,,False
JEM,,,,,,,,,False
JENA,,,,,,,,,False
JENA.RI,,,,,,,,,False
JENA.UN,,,,,,,,,False
JETD,,,,,,,,,False
JETU,,,,,,,,,False
JF,,,,,,,,,False
JFB,2026-01-02,2026-02-27,39.0,0.0,0.0,581589.5055128206,1.9042607230865893,-0.019354838709676803,True
JFIN,,,,,,,,,False
JFR,,,,,,,,,False
JFU,,,,,,,,,False
JG,,,,,,,,,False
JGH,,,,,,,,,False
JHG,,,,,,,,,False
JHI,,,,,,,,,False
JHS,,,,,,,,,False
JHX,,,,,,,,,False
JILL,,,,,,,,,False
JJSF,,,,,,,,,False
JKHY,,,,,,,,,False
JKS,,,,,,,,,False
JL,,,,,,,,,False
JLHL,,,,,,,,,False
JLL,,,,,,,,,False
JLS,,,,,,,,,False
JMG,,,,,,,,,False
JMIA,,,,,,,,,False
JMM,,,,,,,,,False
JMSB,,,,,,,,,False
JNJ,,,,,,,,,False
JOB,2026-01-02,2026-02-27,39.0,0.0,0.0,1717.5475666666666,0.8509378805845387,0.20101010101010264,True
JOBY,,,,,,,,,False
JOBY.WT,,,,,,,,,False
JOE,,,,,,,,,False
JOF,,,,,,,,,False
JOUT,,,,,,,,,False
JOYY,,,,,,,,,False
JPC,,,,,,,,,False
JPM,,,,,,,,,False
JPM.PC,,,,,,,,,False
JPM.PD,,,,,,,,,False
JPM.PJ,,,,,,,,,False
JPM.PK,,,,,,,,,False
JPM.PL,,,,,,,,,False
JPM.PM,,,,,,,,,False
JQC,,,,,,,,,False
JRI,,,,,,,,,False
JRS,,,,,,,,,False
JRSH,,,,,,,,,False
JRVR,,,,,,,,,False
JSM,,,,,,,,,False
JSPR,,,,,,,,,False
JSPRW,,,,,,,,,False
JTAI,,,,,,,,,False
JUNS,,,,,,,,,False
JVA,,,,,,,,,False
JWEL,,,,,,,,,False
JXG,,,,,,,,,False
JXN,,,,,,,,,False
JXN.PA,,,,,,,,,False
JYD,,,,,,,,,False
JYNT,,,,,,,,,False
JZ,,,,,,,,,False
JZXN,,,,,,,,,False
KAI,,,,,,,,,False
KALA,,,,,,,,,False
KALU,,,,,,,,,False
KALV,2026-01-02,2026-02-27,39.0,0.0,0.0,4941718.957948718,0.6374004112946451,0.053040103492886015,True
KAPA,,,,,,,,,False
KARO,,,,,,,,,False
KB,,,,,,,,,False
KBDC,,,,,,,,,False
KBH,,,,,,,,,False
KBON,,,,,,,,,False
KBONU,,,,,,,,,False
KBONW,,,,,,,,,False
KBR,,,,,,,,,False
KBSX,,,,,,,,,False
KC,,,,,,,,,False
KCA.UN,,,,,,,,,False
KCAC.UN,,,,,,,,,False
KCAC.WT,,,,,,,,,False
KCHV,,,,,,,,,False
KCHVR,,,,,,,,,False
KCHVU,,,,,,,,,False
KD,,,,,,,,,False
KDK,,,,,,,,,False
KDKRW,,,,,,,,,False
KDP,,,,,,,,,False
KE,,,,,,,,,False
KEEL,,,,,,,,,False
KELYA,2026-01-02,2026-02-27,39.0,0.0,0.0,1975838.6525641026,0.8302358621817476,0.123842592592593,True
KELYB,,,,,,,,,False
KEN,,,,,,,,,False
KEP,,,,,,,,,False
KEQU,,,,,,,,,False
KEX,,,,,,,,,False
KEY,,,,,,,,,False
KEY.PI,,,,,,,,,False
KEY.PJ,,,,,,,,,False
KEY.PK,,,,,,,,,False
KEY.PL,,,,,,,,,False
KEYS,,,,,,,,,False
KEYYU,,,,,,,,,False
KF,,,,,,,,,False
KFFB,,,,,,,,,False
KFII,,,,,,,,,False
KFIIR,,,,,,,,,False
KFIIU,,,,,,,,,False
KFRC,,,,,,,,,False
KFY,,,,,,,,,False
KG,,,,,,,,,False
KGC,,,,,,,,,False
KGEI,,,,,,,,,False
KGS,,,,,,,,,False
KHC,,,,,,,,,False
KIDS,,,,,,,,,False
KIDZ,,,,,,,,,False
KIDZW,,,,,,,,,False
KIM,,,,,,,,,False
KIM.PL,,,,,,,,,False
KIM.PM,,,,,,,,,False
KIM.PN,,,,,,,,,False
KINS,,,,,,,,,False
KIO,,,,,,,,,False
KITT,,,,,,,,,False
KITTW,,,,,,,,,False
KKR,,,,,,,,,False
KKR.PD,,,,,,,,,False
KKRS,,,,,,,,,False
KKRT,,,,,,,,,False
KLAC,,,,,,,,,False
KLAR,,,,,,,,,False
KLC,,,,,,,,,False
KLIC,,,,,,,,,False
KLRA,,,,,,,,,False
KLRS,,,,,,,,,False
KLTR,,,,,,,,,False
KLXE,,,,,,,,,False
KMB,2026-01-02,2026-02-27,39.0,0.0,0.0,207090598.54589742,0.1967765277356718,0.10079129574678647,True
KMDA,,,,,,,,,False
KMI,,,,,,,,,False
KMPB,,,,,,,,,False
KMPR,,,,,,,,,False
KMRK,,,,,,,,,False
KMT,,,,,,,,,False
KMTS,,,,,,,,,False
KMX,,,,,,,,,False
KN,,,,,,,,,False
KNDI,,,,,,,,,False
KNF,,,,,,,,,False
KNOP,,,,,,,,,False
KNRX,,,,,,,,,False
KNSA,,,,,,,,,False
KNSL,,,,,,,,,False
KNTK,,,,,,,,,False
KNX,,,,,,,,,False
KO,,,,,,,,,False
KOD,,,,,,,,,False
KODK,,,,,,,,,False
KOF,,,,,,,,,False
KOLD,,,,,,,,,False
KOP,,,,,,,,,False
KOPN,,,,,,,,,False
KORE,2026-01-02,2026-02-27,39.0,0.0,0.0,98678.25423076923,2.0955988467251307,1.0316027088036126,True
KOS,,,,,,,,,False
KOSS,,,,,,,,,False
KOYN,2026-01-02,2026-02-27,35.0,0.0,0.0,89101.15342857143,0.03253798041663273,0.008032128514056991,True
KOYNU,,,,,,,,,False
KOYNW,,,,,,,,,False
KPET,,,,,,,,,False
KPET.UN,,,,,,,,,False
KPET.WT,,,,,,,,,False
KPLT,2026-01-02,2026-02-27,39.0,0.0,0.0,55045.13038461538,0.4915994804854353,-0.047913446676969396,True
KPLTW,,,,,,,,,False
KPRX,,,,,,,,,False
KPTI,,,,,,,,,False
KR,,,,,,,,,False
KRAQ,,,,,,,,,False
KRAQU,,,,,,,,,False
KRAQW,,,,,,,,,False
KRC,,,,,,,,,False
KREF,,,,,,,,,False
KREF.PA,,,,,,,,,False
KRG,,,,,,,,,False
KRKR,,,,,,,,,False
KRMD,,,,,,,,,False
KRMN,,,,,,,,,False
KRNT,,,,,,,,,False
KRNY,,,,,,,,,False
KRO,,,,,,,,,False
KROS,,,,,,,,,False
KRP,,,,,,,,,False
KRRO,,,,,,,,,False
KRSP,,,,,,,,,False
KRSP.UN,,,,,,,,,False
KRSP.WT,,,,,,,,,False
KRT,,,,,,,,,False
KRUS,,,,,,,,,False
KRYS,,,,,,,,,False
KSCP,,,,,,,,,False
KSPI,,,,,,,,,False
KSS,,,,,,,,,False
KT,,,,,,,,,False
KTB,,,,,,,,,False
KTCC,,,,,,,,,False
KTF,,,,,,,,,False
KTH,,,,,,,,,False
KTN,,,,,,,,,False
KTOS,,,,,,,,,False
KTTA,,,,,,,,,False
KTTAW,,,,,,,,,False
KTWO,,,,,,,,,False
KTWOR,,,,,,,,,False
KTWOU,,,,,,,,,False
KULR,,,,,,,,,False
KURA,,,,,,,,,False
KUST,,,,,,,,,False
KVAC,,,,,,,,,False
KVACU,,,,,,,,,False
KVACW,,,,,,,,,False
KVHI,,,,,,,,,False
KVUE,2026-01-02,2026-02-27,39.0,0.0,0.0,35470044.435512826,0.1789396180995227,0.10602549246813453,True
KVYO,,,,,,,,,False
KW,2026-01-02,2026-02-27,39.0,0.0,0.0,1067022.136025641,0.29023481446153837,0.1251948051948064,True
KWM,,,,,,,,,False
KWMWW,,,,,,,,,False
KWR,,,,,,,,,False
KWY,,,,,,,,,False
KXIN,,,,,,,,,False
KYIV,,,,,,,,,False
KYIVW,,,,,,,,,False
KYMR,,,,,,,,,False
KYN,,,,,,,,,False
KYNB,,,,,,,,,False
KYTX,,,,,,,,,False
KZIA,,,,,,,,,False
L,,,,,,,,,False
LAB,2026-01-02,2026-02-27,39.0,0.0,0.0,650420.6579487179,0.786757091858949,-0.11023622047243997,True
LABT,,,,,,,,,False
LAC,,,,,,,,,False
LAD,,,,,,,,,False
LADR,,,,,,,,,False
LAES,,,,,,,,,False
LAFA,,,,,,,,,False
LAFAR,,,,,,,,,False
LAFAU,,,,,,,,,False
LAKE,,,,,,,,,False
LAMR,,,,,,,,,False
LAND,,,,,,,,,False
LANDO,,,,,,,,,False
LANDP,,,,,,,,,False
LANV,,,,,,,,,False
LANV.WT,,,,,,,,,False
LAR,,,,,,,,,False
LARK,,,,,,,,,False
LASE,,,,,,,,,False
LASR,,,,,,,,,False
LATA,,,,,,,,,False
LATAU,,,,,,,,,False
LATAW,,,,,,,,,False
LAUR,,,,,,,,,False
LAW,,,,,,,,,False
LAWR,,,,,,,,,False
LAZ,,,,,,,,,False
LB,,,,,,,,,False
LBGJ,,,,,,,,,False
LBRDA,,,,,,,,,False
LBRDK,,,,,,,,,False
LBRDP,,,,,,,,,False
LBRT,,,,,,,,,False
LBRX,,,,,,,,,False
LBTYA,,,,,,,,,False
LBTYB,,,,,,,,,False
LBTYK,,,,,,,,,False
LC,,,,,,,,,False
LCCC,2026-01-07,2026-02-25,26.0,0.0,0.0,35349.95269230769,0.03199093584387967,0.004901960784313486,True
LCCCR,,,,,,,,,False
LCCCU,,,,,,,,,False
LCFY,,,,,,,,,False
LCFYW,,,,,,,,,False
LCID,,,,,,,,,False
LCII,,,,,,,,,False
LCLN,,,,,,,,,False
LCNB,,,,,,,,,False
LCTX,,,,,,,,,False
LCUT,,,,,,,,,False
LDI,,,,,,,,,False
LDOS,,,,,,,,,False
LDP,,,,,,,,,False
LE,2026-01-02,2026-02-27,39.0,0.0,0.0,1507612.4812820512,1.079181093233446,0.10143934201507943,True
LEA,,,,,,,,,False
LECO,,,,,,,,,False
LEDS,,,,,,,,,False
LEE,,,,,,,,,False
LEG,2026-01-02,2026-02-27,39.0,0.0,0.0,1773209.1926923078,0.43454834524618785,0.06281292671825356,True
LEGH,,,,,,,,,False
LEGN,,,,,,,,,False
LEGO,,,,,,,,,False
LEGO.UN,,,,,,,,,False
LEGO.WT,,,,,,,,,False
LEGT,2026-01-02,2026-02-27,32.0,0.0,0.0,22474.12609375,0.10727445499812206,0.010128913443831156,True
LEN,2026-01-02,2026-02-27,39.0,0.0,0.0,37238003.74615385,0.41832980741957015,0.09300095877277248,True
LEN.B,,,,,,,,,False
LENZ,,,,,,,,,False
LEO,,,,,,,,,False
LESL,,,,,,,,,False
LEU,,,,,,,,,False
LEVI,,,,,,,,,False
LEXX,,,,,,,,,False
LFAC,,,,,,,,,False
LFACU,,,,,,,,,False
LFACW,,,,,,,,,False
LFCR,,,,,,,,,False
LFMD,,,,,,,,,False
LFMDP,,,,,,,,,False
LFS,,,,,,,,,False
LFST,,,,,,,,,False
LFT,,,,,,,,,False
LFT.PA,,,,,,,,,False
LFTO,,,,,,,,,False
LFUS,,,,,,,,,False
LFVN,,,,,,,,,False
LFWD,,,,,,,,,False
LGCL,,,,,,,,,False
LGCY,,,,,,,,,False
LGHL,,,,,,,,,False
LGI,,,,,,,,,False
LGIH,,,,,,,,,False
LGL,,,,,,,,,False
LGL.RI,,,,,,,,,False
LGN,,,,,,,,,False
LGND,2026-01-02,2026-02-27,39.0,0.0,0.0,11867273.016666666,0.33431701605055114,0.02724738309399921,True
LGO,,,,,,,,,False
LGPS,,,,,,,,,False
LGVN,,,,,,,,,False
LH,,,,,,,,,False
LHAI,,,,,,,,,False
LHSW,,,,,,,,,False
LHX,,,,,,,,,False
LI,,,,,,,,,False
LICN,,,,,,,,,False
LIDR,,,,,,,,,False
LIDRW,,,,,,,,,False
LIEN,,,,,,,,,False
LIF,,,,,,,,,False
LIFE,,,,,,,,,False
LII,,,,,,,,,False
LILA,,,,,,,,,False
LILAK,,,,,,,,,False
LILAV,,,,,,,,,False
LILKV,,,,,,,,,False
LILPV,,,,,,,,,False
LIMN,2026-01-02,2026-02-27,39.0,0.0,0.0,1514567.333297436,3.272826272457229,-0.6019978148899638,True
LIMNW,,,,,,,,,False
LIN,,,,,,,,,False
LINC,,,,,,,,,False
LIND,,,,,,,,,False
LINE,,,,,,,,,False
LINK,,,,,,,,,False
LION,,,,,,,,,False
LIQT,,,,,,,,,False
LITB,,,,,,,,,False
LITE,,,,,,,,,False
LITS,,,,,,,,,False
LIVE,,,,,,,,,False
LIVN,,,,,,,,,False
LIXT,,,,,,,,,False
LKFN,,,,,,,,,False
LKFT,,,,,,,,,False
LKQ,,,,,,,,,False
LKSP,2026-01-05,2026-02-27,19.0,0.0,0.0,93132.98789473684,0.02789027248270386,0.009054325955734521,True
LKSPR,,,,,,,,,False
LKSPU,,,,,,,,,False
LLY,,,,,,,,,False
LLYVA,,,,,,,,,False
LLYVK,,,,,,,,,False
LMAT,,,,,,,,,False
LMB,,,,,,,,,False
LMFA,,,,,,,,,False
LMND,,,,,,,,,False
LMNR,,,,,,,,,False
LMRI,,,,,,,,,False
LMT,,,,,,,,,False
LNAI,,,,,,,,,False
LNC,,,,,,,,,False
LNC.PD,,,,,,,,,False
LND,,,,,,,,,False
LNG,,,,,,,,,False
LNKS,,,,,,,,,False
LNN,,,,,,,,,False
LNSR,,,,,,,,,False
LNT,,,,,,,,,False
LNTH,,,,,,,,,False
LNZA,,,,,,,,,False
LNZAW,,,,,,,,,False
LOAN,,,,,,,,,False
LOAR,,,,,,,,,False
LOB,,,,,,,,,False
LOB.PA,,,,,,,,,False
LOBO,,,,,,,,,False
LOCL,,,,,,,,,False
LOCO,,,,,,,,,False
LODE,,,,,,,,,False
LOGI,,,,,,,,,False
LOKV,2026-01-02,2026-02-27,36.0,0.0,0.0,68763.90861111111,0.04093772944834105,0.002912621359223211,True
LOKVU,,,,,,,,,False
LOKVW,,,,,,,,,False
LOMA,,,,,,,,,False
LONA,,,,,,,,,False
LOOP,,,,,,,,,False
LOPE,,,,,,,,,False
LOT,,,,,,,,,False
LOTWW,,,,,,,,,False
LOVE,,,,,,,,,False
LOW,,,,,,,,,False
LPA,,,,,,,,,False
LPAA,,,,,,,,,False
LPAAU,,,,,,,,,False
LPAAW,,,,,,,,,False
LPBB,,,,,,,,,False
LPBBU,,,,,,,,,False
LPBBW,,,,,,,,,False
LPCN,,,,,,,,,False
LPCV,,,,,,,,,False
LPCVU,,,,,,,,,False
LPCVW,,,,,,,,,False
LPG,,,,,,,,,False
LPL,,,,,,,,,False
LPLA,,,,,,,,,False
LPRO,,,,,,,,,False
LPSN,2026-01-02,2026-02-27,39.0,0.0,0.0,121043.55743589744,0.6852074157160646,-0.26221079691516636,True
LPTH,,,,,,,,,False
LPX,,,,,,,,,False
LQDA,,,,,,,,,False
LQDT,,,,,,,,,False
LRCX,,,,,,,,,False
LRE,,,,,,,,,False
LRHC,,,,,,,,,False
LRMR,,,,,,,,,False
LRN,,,,,,,,,False
LSAK,,,,,,,,,False
LSBK,,,,,,,,,False
LSCC,,,,,,,,,False
LSE,,,,,,,,,False
LSF,,,,,,,,,False
LSH,,,,,,,,,False
LSPD,,,,,,,,,False
LSTA,2026-01-02,2026-02-27,39.0,0.0,0.0,214883.4212820513,2.2693484252924083,1.168367346938778,True
LSTR,,,,,,,,,False
LTBR,,,,,,,,,False
LTC,,,,,,,,,False
LTGRU,,,,,,,,,False
LTH,,,,,,,,,False
LTM,,,,,,,,,False
LTRN,,,,,,,,,False
LTRX,,,,,,,,,False
LTRYW,,,,,,,,,False
LU,,,,,,,,,False
LUCD,,,,,,,,,False
LUCK,,,,,,,,,False
LUCY,,,,,,,,,False
LUCYW,,,,,,,,,False
LUD,,,,,,,,,False
LULU,,,,,,,,,False
LUMN,,,,,,,,,False
LUNG,,,,,,,,,False
LUNR,,,,,,,,,False
LUV,,,,,,,,,False
LUXE,,,,,,,,,False
LVLU,2026-01-02,2026-02-27,39.0,0.0,0.0,982066.7682051283,2.612358244212439,1.8348623853211001,True
LVO,,,,,,,,,False
LVS,,,,,,,,,False
LVWR,,,,,,,,,False
LVWR.WT,,,,,,,,,False
LW,,,,,,,,,False
LWAC,,,,,,,,,False
LWACU,,,,,,,,,False
LWACW,,,,,,,,,False
LWAY,,,,,,,,,False
LWLG,,,,,,,,,False
LX,,,,,,,,,False
LXEH,,,,,,,,,False
LXEO,,,,,,,,,False
LXFR,,,,,,,,,False
LXP,,,,,,,,,False
LXP.PC,,,,,,,,,False
LXRX,,,,,,,,,False
LXU,,,,,,,,,False
LYB,,,,,,,,,False
LYEL,,,,,,,,,False
LYFT,,,,,,,,,False
LYG,,,,,,,,,False
LYTS,,,,,,,,,False
LYV,,,,,,,,,False
LZ,,,,,,,,,False
LZB,,,,,,,,,False
LZM,,,,,,,,,False
LZM.WT,,,,,,,,,False
LZMH,,,,,,,,,False
M,,,,,,,,,False
MA,,,,,,,,,False
MAA,,,,,,,,,False
MAA.PI,,,,,,,,,False
MAAS,,,,,,,,,False
MAC,,,,,,,,,False
MACI,2026-01-02,2026-02-27,38.0,0.0,0.0,20208.91802631579,0.028311740348611534,0.007532956685499803,True
MACIU,,,,,,,,,False
MACIW,,,,,,,,,False
MAGH,,,,,,,,,False
MAGN,,,,,,,,,False
MAIA,,,,,,,,,False
MAIN,,,,,,,,,False
MAIR,,,,,,,,,False
MAKO,,,,,,,,,False
MAMA,,,,,,,,,False
MAMK,,,,,,,,,False
MAMO,,,,,,,,,False
MAN,,,,,,,,,False
MANE,,,,,,,,,False
MANH,,,,,,,,,False
MANU,,,,,,,,,False
MAR,,,,,,,,,False
MARA,,,,,,,,,False
MARPS,,,,,,,,,False
MAS,,,,,,,,,False
MASI,2026-01-02,2026-02-27,39.0,0.0,0.0,68615815.97153845,0.9312011815469272,0.37637362637362815,True
MASK,,,,,,,,,False
MASS,,,,,,,,,False
MAT,,,,,,,,,False
MATH,,,,,,,,,False
MATV,,,,,,,,,False
MATW,,,,,,,,,False
MATX,,,,,,,,,False
MAX,,,,,,,,,False
MAYS,,,,,,,,,False
MAZE,,,,,,,,,False
MB,,,,,,,,,False
MBAI,,,,,,,,,False
MBAV,2026-01-02,2026-02-27,39.0,0.0,0.0,108761.97217948719,0.061598415492015696,0.003762935089371089,True
MBAVU,,,,,,,,,False
MBAVW,,,,,,,,,False
MBBC,,,,,,,,,False
MBC,,,,,,,,,False
MBI,,,,,,,,,False
MBIN,,,,,,,,,False
MBINL,,,,,,,,,False
MBINM,,,,,,,,,False
MBINN,,,,,,,,,False
MBIO,,,,,,,,,False
MBLY,,,,,,,,,False
MBNKO,,,,,,,,,False
MBOT,,,,,,,,,False
MBRX,,,,,,,,,False
MBUU,,,,,,,,,False
MBVI,,,,,,,,,False
MBVIU,,,,,,,,,False
MBVIW,,,,,,,,,False
MBWM,,,,,,,,,False
MBX,,,,,,,,,False
MC,,,,,,,,,False
MCAHU,,,,,,,,,False
MCB,,,,,,,,,False
MCBS,,,,,,,,,False
MCD,,,,,,,,,False
MCFT,,,,,,,,,False
MCGA,,,,,,,,,False
MCGAU,,,,,,,,,False
MCGAW,,,,,,,,,False
MCHB,,,,,,,,,False
MCHP,,,,,,,,,False
MCHPP,,,,,,,,,False
MCHX,,,,,,,,,False
MCI,,,,,,,,,False
MCK,,,,,,,,,False
MCN,,,,,,,,,False
MCO,,,,,,,,,False
MCR,,,,,,,,,False
MCRB,,,,,,,,,False
MCRI,,,,,,,,,False
MCRP,,,,,,,,,False
MCS,,,,,,,,,False
MCTA,,,,,,,,,False
MCY,2026-01-02,2026-02-27,39.0,0.0,0.0,2551258.0348717947,0.3712969375622198,-0.014481707317071768,True
MD,,,,,,,,,False
MDA,,,,,,,,,False
MDAI,,,,,,,,,False
MDAIW,,,,,,,,,False
MDB,,,,,,,,,False
MDBH,,,,,,,,,False
MDCX,,,,,,,,,False
MDCXW,,,,,,,,,False
MDGL,,,,,,,,,False
MDIA,,,,,,,,,False
MDLN,,,,,,,,,False
MDLZ,,,,,,,,,False
MDRR,,,,,,,,,False
MDT,,,,,,,,,False
MDU,,,,,,,,,False
MDV,2026-01-02,2026-02-27,39.0,0.0,0.0,41189.87589743589,0.2357383609779837,0.07500000000000018,True
MDV.PA,,,,,,,,,False
MDWD,,,,,,,,,False
MDXG,,,,,,,,,False
MDXH,,,,,,,,,False
MDY,,,,,,,,,False
MEC,,,,,,,,,False
MED,,,,,,,,,False
MEDP,,,,,,,,,False
MEGI,,,,,,,,,False
MEGL,,,,,,,,,False
MEHA,,,,,,,,,False
MEI,,,,,,,,,False
MELI,,,,,,,,,False
MENS,,,,,,,,,False
MEOH,,,,,,,,,False
MER.PK,,,,,,,,,False
MERC,,,,,,,,,False
MESH,,,,,,,,,False
MESHU,,,,,,,,,False
MESHW,,,,,,,,,False
MESO,,,,,,,,,False
MET,,,,,,,,,False
MET.PA,,,,,,,,,False
MET.PE,,,,,,,,,False
MET.PF,,,,,,,,,False
META,,,,,,,,,False
METC,,,,,,,,,False
METCB,,,,,,,,,False
METCI,,,,,,,,,False
METCZ,,,,,,,,,False
MEVO,,,,,,,,,False
MEVOU,,,,,,,,,False
MEVOW,,,,,,,,,False
MFA,,,,,,,,,False
MFA.PB,,,,,,,,,False
MFA.PC,,,,,,,,,False
MFAN,,,,,,,,,False
MFAO,,,,,,,,,False
MFC,,,,,,,,,False
MFG,,,,,,,,,False
MFI,,,,,,,,,False
MFIC,,,,,,,,,False
MFICL,,,,,,,,,False
MFIN,,,,,,,,,False
MFM,,,,,,,,,False
MG,,,,,,,,,False
MGA,,,,,,,,,False
MGEE,,,,,,,,,False
MGF,,,,,,,,,False
MGIH,,,,,,,,,False
MGLD,,,,,,,,,False
MGM,2026-01-02,2026-02-27,39.0,0.0,0.0,22213666.87333333,0.5346951775570024,0.010692254969159043,True
MGN,,,,,,,,,False
MGNI,,,,,,,,,False
MGNX,,,,,,,,,False
MGPI,,,,,,,,,False
MGR,,,,,,,,,False
MGRB,,,,,,,,,False
MGRC,,,,,,,,,False
MGRD,,,,,,,,,False
MGRE,,,,,,,,,False
MGRT,,,,,,,,,False
MGRX,,,,,,,,,False
MGTX,,,,,,,,,False
MGX,,,,,,,,,False
MGY,,,,,,,,,False
MGYR,,,,,,,,,False
MH,,,,,,,,,False
MHD,,,,,,,,,False
MHF,,,,,,,,,False
MHH,,,,,,,,,False
MHK,,,,,,,,,False
MHLA,,,,,,,,,False
MHNC,,,,,,,,,False
MHO,,,,,,,,,False
MI,,,,,,,,,False
MIAX,,,,,,,,,False
MICC,,,,,,,,,False
MIDD,,,,,,,,,False
MIMI,,,,,,,,,False
MIN,,,,,,,,,False
MIND,,,,,,,,,False
MINE,,,,,,,,,False
MIR,,,,,,,,,False
MIRA,,,,,,,,,False
MIRM,,,,,,,,,False
MIST,,,,,,,,,False
MITK,,,,,,,,,False
MITN,,,,,,,,,False
MITP,,,,,,,,,False
MITQ,,,,,,,,,False
MITT,,,,,,,,,False
MITT.PA,,,,,,,,,False
MITT.PB,,,,,,,,,False
MITT.PC,,,,,,,,,False
MIY,,,,,,,,,False
MKC,,,,,,,,,False
MKC.V,,,,,,,,,False
MKDW,,,,,,,,,False
MKDWW,,,,,,,,,False
MKL,,,,,,,,,False
MKLY,,,,,,,,,False
MKLYR,,,,,,,,,False
MKLYU,,,,,,,,,False
MKSI,,,,,,,,,False
MKTW,,,,,,,,,False
MKTX,,,,,,,,,False
MKZR,,,,,,,,,False
MLAA,,,,,,,,,False
MLAAU,,,,,,,,,False
MLAAW,,,,,,,,,False
MLAB,,,,,,,,,False
MLAC,2026-01-02,2026-02-27,39.0,0.0,0.0,318075.69448717945,0.022522790257422615,0.007684918347742986,True
MLACR,,,,,,,,,False
MLACU,,,,,,,,,False
MLCI,,,,,,,,,False
MLCIL,,,,,,,,,False
MLCO,,,,,,,,,False
MLEC,,,,,,,,,False
MLECW,,,,,,,,,False
MLGO,,,,,,,,,False
MLI,,,,,,,,,False
MLKN,,,,,,,,,False
MLM,,,,,,,,,False
MLP,,,,,,,,,False
MLPB,,,,,,,,,False
MLPR,,,,,,,,,False
MLR,,,,,,,,,False
MLSS,,,,,,,,,False
MLTX,,,,,,,,,False
MLYS,,,,,,,,,False
MMA,,,,,,,,,False
MMD,,,,,,,,,False
MMED,,,,,,,,,False
MMI,,,,,,,,,False
MMLP,,,,,,,,,False
MMM,,,,,,,,,False
MMS,,,,,,,,,False
MMSI,,,,,,,,,False
MMT,,,,,,,,,False
MMTX,,,,,,,,,False
MMTXU,,,,,,,,,False
MMTXW,,,,,,,,,False
MMU,,,,,,,,,False
MMYT,,,,,,,,,False
MNDO,,,,,,,,,False
MNDR,,,,,,,,,False
MNDY,,,,,,,,,False
MNKD,,,,,,,,,False
MNOV,,,,,,,,,False
MNPR,,,,,,,,,False
MNR,,,,,,,,,False
MNRO,,,,,,,,,False
MNSB,,,,,,,,,False
MNSBP,,,,,,,,,False
MNSO,,,,,,,,,False
MNST,,,,,,,,,False
MNTK,,,,,,,,,False
MNTN,,,,,,,,,False
MNTS,,,,,,,,,False
MNTSW,,,,,,,,,False
MNY,,,,,,,,,False
MNYWW,,,,,,,,,False
MO,,,,,,,,,False
MOB,,,,,,,,,False
MOBBW,,,,,,,,,False
MOBI,,,,,,,,,False
MOBX,2026-01-02,2026-02-27,39.0,0.0,0.0,267205.8956410256,1.5238587166192457,-0.38888888888888806,True
MOBXW,,,,,,,,,False
MOD,,,,,,,,,False
MODD,,,,,,,,,False
MOG.A,,,,,,,,,False
MOG.B,,,,,,,,,False
MOGU,,,,,,,,,False
MOH,,,,,,,,,False
MOLN,,,,,,,,,False
MOMO,,,,,,,,,False
MORN,,,,,,,,,False
MOS,,,,,,,,,False
MOV,,,,,,,,,False
MOVE,,,,,,,,,False
MP,,,,,,,,,False
MPA,,,,,,,,,False
MPAA,,,,,,,,,False
MPB,,,,,,,,,False
MPC,,,,,,,,,False
MPLT,,,,,,,,,False
MPLX,,,,,,,,,False
MPT,,,,,,,,,False
MPTI,,,,,,,,,False
MPU,,,,,,,,,False
MPV,,,,,,,,,False
MPWR,,,,,,,,,False
MQ,,,,,,,,,False
MQY,,,,,,,,,False
MRAM,,,,,,,,,False
MRBK,2026-01-02,2026-02-27,39.0,0.0,0.0,799808.0494871795,0.3031053559945021,0.13551401869158952,True
MRCY,,,,,,,,,False
MRDN,,,,,,,,,False
MREO,,,,,,,,,False
MRK,,,,,,,,,False
MRKR,,,,,,,,,False
MRLN,,,,,,,,,False
MRM,,,,,,,,,False
MRNA,,,,,,,,,False
MRNO,,,,,,,,,False
MRNOW,,,,,,,,,False
MRP,2026-01-02,2026-02-27,39.0,0.0,0.0,4045440.6507692304,0.4000510223156199,0.04187437686939255,True
MRSH,,,,,,,,,False
MRT,,,,,,,,,False
MRTN,,,,,,,,,False
MRVI,,,,,,,,,False
MRVL,,,,,,,,,False
MRX,,,,,,,,,False
MS,,,,,,,,,False
MS.PA,,,,,,,,,False
MS.PE,,,,,,,,,False
MS.PF,,,,,,,,,False
MS.PI,,,,,,,,,False
MS.PK,,,,,,,,,False
MS.PL,,,,,,,,,False
MS.PO,,,,,,,,,False
MS.PP,,,,,,,,,False
MS.PQ,,,,,,,,,False
MSA,,,,,,,,,False
MSAI,,,,,,,,,False
MSAIW,,,,,,,,,False
MSB,,,,,,,,,False
MSBI,,,,,,,,,False
MSBIP,,,,,,,,,False
MSBT,,,,,,,,,False
MSC,,,,,,,,,False
MSCI,,,,,,,,,False
MSD,,,,,,,,,False
MSDL,,,,,,,,,False
MSEX,,,,,,,,,False
MSFT,,,,,,,,,False
MSGE,,,,,,,,,False
MSGM,,,,,,,,,False
MSGS,,,,,,,,,False
MSGY,,,,,,,,,False
MSI,,,,,,,,,False
MSIF,,,,,,,,,False
MSLE,,,,,,,,,False
MSM,,,,,,,,,False
MSN,,,,,,,,,False
MSS,,,,,,,,,False
MSTR,,,,,,,,,False
MSW,,,,,,,,,False
MT,,,,,,,,,False
MTA,,,,,,,,,False
MTAL,,,,,,,,,False
MTAL.UN,,,,,,,,,False
MTAL.WT,,,,,,,,,False
MTB,,,,,,,,,False
MTB.PH,,,,,,,,,False
MTB.PJ,,,,,,,,,False
MTB.PK,,,,,,,,,False
MTC,,,,,,,,,False
MTCH,,,,,,,,,False
MTD,,,,,,,,,False
MTDR,,,,,,,,,False
MTEK,,,,,,,,,False
MTEKW,,,,,,,,,False
MTEN,,,,,,,,,False
MTEX,,,,,,,,,False
MTG,,,,,,,,,False
MTH,,,,,,,,,False
MTLS,,,,,,,,,False
MTN,,,,,,,,,False
MTNB,,,,,,,,,False
MTNE.UN,,,,,,,,,False
MTR,,,,,,,,,False
MTRN,,,,,,,,,False
MTRX,,,,,,,,,False
MTSI,,,,,,,,,False
MTUL,,,,,,,,,False
MTUS,,,,,,,,,False
MTVA,,,,,,,,,False
MTW,,,,,,,,,False
MTX,,,,,,,,,False
MTZ,,,,,,,,,False
MU,,,,,,,,,False
MUA,,,,,,,,,False
MUC,,,,,,,,,False
MUFG,,,,,,,,,False
MUJ,,,,,,,,,False
MUR,,,,,,,,,False
MUSA,,,,,,,,,False
MUX,2026-01-02,2026-02-27,39.0,0.0,0.0,3115052.247307692,0.8700771340247492,0.4620617477760349,True
MUZE,,,,,,,,,False
MUZEU,,,,,,,,,False
MUZEW,,,,,,,,,False
MVBF,,,,,,,,,False
MVIS,,,,,,,,,False
MVO,,,,,,,,,False
MVRL,,,,,,,,,False
MVST,,,,,,,,,False
MVSTW,,,,,,,,,False
MWA,,,,,,,,,False
MWC,,,,,,,,,False
MWG,,,,,,,,,False
MWH,,,,,,,,,False
MWYN,,,,,,,,,False
MX,,,,,,,,,False
MXC,,,,,,,,,False
MXCT,,,,,,,,,False
MXE,,,,,,,,,False
MXF,,,,,,,,,False
MXL,,,,,,,,,False
MYE,,,,,,,,,False
MYFW,,,,,,,,,False
MYGN,,,,,,,,,False
MYI,,,,,,,,,False
MYN,,,,,,,,,False
MYND,,,,,,,,,False
MYO,,,,,,,,,False
MYPS,,,,,,,,,False
MYPSW,,,,,,,,,False
MYRG,,,,,,,,,False
MYSE,,,,,,,,,False
MYSEW,,,,,,,,,False
MYSZ,,,,,,,,,False
MYX,,,,,,,,,False
MYXXR,,,,,,,,,False
MYXXU,,,,,,,,,False
MYXXW,,,,,,,,,False
MZTI,,,,,,,,,False
MZYX,,,,,,,,,False
MZYX.UN,,,,,,,,,False
MZYX.WT,,,,,,,,,False
,,,,,,,,,False
NAAS,,,,,,,,,False
NABL,,,,,,,,,False
NAC,,,,,,,,,False
NAD,,,,,,,,,False
NAGE,,,,,,,,,False
NAII,,,,,,,,,False
NAK,,,,,,,,,False
NAKA,,,,,,,,,False
NAMI,,,,,,,,,False
NAMM,,,,,,,,,False
NAMMW,,,,,,,,,False
NAMS,,,,,,,,,False
NAMSW,,,,,,,,,False
NAT,,,,,,,,,False
NATH,,,,,,,,,False
NATL,2026-01-02,2026-02-27,39.0,0.0,0.0,2760873.3855128204,0.5734062891251135,0.1820013431833447,True
NATR,,,,,,,,,False
NAUT,,,,,,,,,False
NAVI,,,,,,,,,False
NAVN,,,,,,,,,False
NAZ,,,,,,,,,False
NB,,,,,,,,,False
NBB,,,,,,,,,False
NBBK,,,,,,,,,False
NBH,,,,,,,,,False
NBHC,,,,,,,,,False
NBIS,,,,,,,,,False
NBIX,,,,,,,,,False
NBP,,,,,,,,,False
NBR,,,,,,,,,False
NBRG,,,,,,,,,False
NBRGR,,,,,,,,,False
NBRGU,,,,,,,,,False
NBTB,,,,,,,,,False
NBTX,,,,,,,,,False
NBXG,,,,,,,,,False
NC,,,,,,,,,False
NCA,,,,,,,,,False
NCDL,,,,,,,,,False
NCEL,,,,,,,,,False
NCEW,,,,,,,,,False
NCI,,,,,,,,,False
NCIQ,,,,,,,,,False
NCL,,,,,,,,,False
NCLH,,,,,,,,,False
NCMI,,,,,,,,,False
NCNA,,,,,,,,,False
NCNO,,,,,,,,,False
NCPL,,,,,,,,,False
NCPLW,,,,,,,,,False
NCRA,,,,,,,,,False
NCSM,2026-01-02,2026-02-27,39.0,0.0,0.0,82861.30307692307,0.3251891223468982,0.004791929382094162,True
NCT,,,,,,,,,False
NCTY,,,,,,,,,False
NCV,,,,,,,,,False
NCV.PA,,,,,,,,,False
NCZ,,,,,,,,,False
NCZ.PA,,,,,,,,,False
NDAQ,,,,,,,,,False
NDLS,,,,,,,,,False
NDMO,,,,,,,,,False
NDRA,,,,,,,,,False
NDSN,,,,,,,,,False
NE,,,,,,,,,False
NE.WT,,,,,,,,,False
NE.WTA,,,,,,,,,False
NEA,,,,,,,,,False
NECB,,,,,,,,,False
NEE,2026-01-02,2026-02-27,39.0,0.0,0.0,95094994.92282051,0.2297811738329598,0.15530864197530936,True
NEE.PN,,,,,,,,,False
NEE.PS,,,,,,,,,False
NEE.PT,,,,,,,,,False
NEE.PU,,,,,,,,,False
NEE.PV,,,,,,,,,False
NEE.PW,,,,,,,,,False
NEGG,,,,,,,,,False
NEM,,,,,,,,,False
NEN,,,,,,,,,False
NEO,,,,,,,,,False
NEOG,,,,,,,,,False
NEON,,,,,,,,,False
NEOV,,,,,,,,,False
NEOVW,,,,,,,,,False
NEPH,,,,,,,,,False
NERV,,,,,,,,,False
NESR,,,,,,,,,False
NET,,,,,,,,,False
NEU,,,,,,,,,False
NEUP,,,,,,,,,False
NEWP,,,,,,,,,False
NEWT,,,,,,,,,False
NEWTG,,,,,,,,,False
NEWTH,,,,,,,,,False
NEWTI,,,,,,,,,False
NEWTO,,,,,,,,,False
NEWTP,,,,,,,,,False
NEXA,,,,,,,,,False
NEXM,,,,,,,,,False
NEXN,,,,,,,,,False
NEXR,,,,,,,,,False
NEXRW,,,,,,,,,False
NEXT,,,,,,,,,False
NFBK,2026-01-02,2026-02-27,39.0,0.0,0.0,1811193.723076923,0.3721092023137635,0.1774051191526922,True
NFE,,,,,,,,,False
NFG,,,,,,,,,False
NFGC,,,,,,,,,False
NFJ,,,,,,,,,False
NFLX,,,,,,,,,False
NG,,,,,,,,,False
NGEN,,,,,,,,,False
NGG,,,,,,,,,False
NGL,,,,,,,,,False
NGL.PB,,,,,,,,,False
NGL.PC,,,,,,,,,False
NGNE,,,,,,,,,False
NGS,,,,,,,,,False
NGVC,,,,,,,,,False
NGVT,,,,,,,,,False
NHC,,,,,,,,,False
NHI,,,,,,,,,False
NHIC,2026-01-02,2026-02-26,24.0,0.0,0.0,85310.306875,0.04048329298540144,0.004826254826255427,True
NHICU,,,,,,,,,False
NHICW,,,,,,,,,False
NHIV,,,,,,,,,False
NHIVU,,,,,,,,,False
NHIVW,,,,,,,,,False
NHP,,,,,,,,,False
NHPAP,,,,,,,,,False
NHPBP,,,,,,,,,False
NHS,,,,,,,,,False
NHTC,,,,,,,,,False
NI,,,,,,,,,False
NIC,,,,,,,,,False
NICE,,,,,,,,,False
NICM,,,,,,,,,False
NIE,,,,,,,,,False
NIM,,,,,,,,,False
NINE,,,,,,,,,False
NIO,,,,,,,,,False
NIOBW,,,,,,,,,False
NIPG,,,,,,,,,False
NIQ,,,,,,,,,False
NIU,,,,,,,,,False
NIVF,,,,,,,,,False
NIVFW,,,,,,,,,False
NIXX,,,,,,,,,False
NIXXW,,,,,,,,,False
NJR,,,,,,,,,False
NKE,,,,,,,,,False
NKLR,,,,,,,,,False
NKSH,,,,,,,,,False
NKTR,,,,,,,,,False
NKTX,,,,,,,,,False
NKX,,,,,,,,,False
NL,,,,,,,,,False
NLOP,,,,,,,,,False
NLY,,,,,,,,,False
NLY.PF,,,,,,,,,False
NLY.PG,,,,,,,,,False
NLY.PI,,,,,,,,,False
NLY.PJ,,,,,,,,,False
NMAI,,,,,,,,,False
NMAX,,,,,,,,,False
NMCO,,,,,,,,,False
NMFC,,,,,,,,,False
NMFCZ,,,,,,,,,False
NMG,,,,,,,,,False
NMI,,,,,,,,,False
NMIH,,,,,,,,,False
NML,,,,,,,,,False
NMM,,,,,,,,,False
NMP,,,,,,,,,False
NMPAR,,,,,,,,,False
NMPAU,,,,,,,,,False
NMR,,,,,,,,,False
NMRA,,,,,,,,,False
NMRK,,,,,,,,,False
NMS,,,,,,,,,False
NMT,,,,,,,,,False
NMTC,,,,,,,,,False
NMZ,,,,,,,,,False
NN,,,,,,,,,False
NNAVW,,,,,,,,,False
NNBR,,,,,,,,,False
NNDM,,,,,,,,,False
NNE,,,,,,,,,False
NNI,,,,,,,,,False
NNN,,,,,,,,,False
NNNN,,,,,,,,,False
NNOX,,,,,,,,,False
NNVC,,,,,,,,,False
NNY,,,,,,,,,False
NOA,,,,,,,,,False
NOAH,,,,,,,,,False
NOC,,,,,,,,,False
NODK,,,,,,,,,False
NOEM,,,,,,,,,False
NOEMR,,,,,,,,,False
NOEMU,,,,,,,,,False
NOEMW,,,,,,,,,False
NOG,,,,,,,,,False
NOK,,,,,,,,,False
NOMA,,,,,,,,,False
NOMD,,,,,,,,,False
NOTV,,,,,,,,,False
NOV,,,,,,,,,False
NOVT,,,,,,,,,False
NOVTU,,,,,,,,,False
NOW,,,,,,,,,False
NP,,,,,,,,,False
NPAC,2026-01-02,2026-02-27,39.0,0.0,0.0,56977.789487179485,0.057964905869842015,0.0009727626459150596,True
NPACU,,,,,,,,,False
NPACW,,,,,,,,,False
NPB,,,,,,,,,False
NPCE,,,,,,,,,False
NPCT,,,,,,,,,False
NPFD,,,,,,,,,False
NPK,,,,,,,,,False
NPKI,,,,,,,,,False
NPO,,,,,,,,,False
NPT,,,,,,,,,False
NPV,,,,,,,,,False
NPWR,,,,,,,,,False
NPWR.WT,,,,,,,,,False
NRC,,,,,,,,,False
NRDS,,,,,,,,,False
NRDY,,,,,,,,,False
NREF,,,,,,,,,False
NREF.PA,,,,,,,,,False
NRG,,,,,,,,,False
NRGD,,,,,,,,,False
NRGU,,,,,,,,,False
NRGV,,,,,,,,,False
NRIM,,,,,,,,,False
NRIX,,,,,,,,,False
NRK,,,,,,,,,False
NRO,,,,,,,,,False
NRP,,,,,,,,,False
NRSN,,,,,,,,,False
NRSNW,,,,,,,,,False
NRT,,,,,,,,,False
NRUC,,,,,,,,,False
NRXP,,,,,,,,,False
NRXS,,,,,,,,,False
NSA,2026-01-02,2026-02-27,39.0,0.0,0.0,4956122.248846154,0.28958656493066304,0.25627690100430467,True
NSA.PA,,,,,,,,,False
NSA.PB,,,,,,,,,False
NSC,2026-01-02,2026-02-27,39.0,0.0,0.0,34849002.383589745,0.21338951708442314,0.09756097560975707,True
NSIT,,,,,,,,,False
NSP,,,,,,,,,False
NSPR,,,,,,,,,False
NSRX,,,,,,,,,False
NSSC,,,,,,,,,False
NSTS,2026-01-02,2026-02-27,39.0,0.0,0.0,7458.08141025641,0.2188373159060687,-0.036949685534590215,True
NSYS,,,,,,,,,False
NTAP,,,,,,,,,False
NTB,,,,,,,,,False
NTCL,,,,,,,,,False
NTCT,,,,,,,,,False
NTES,,,,,,,,,False
NTGR,,,,,,,,,False
NTHI,,,,,,,,,False
NTIC,,,,,,,,,False
NTIP,,,,,,,,,False
NTLA,,,,,,,,,False
NTNX,,,,,,,,,False
NTR,,,,,,,,,False
NTRA,,,,,,,,,False
NTRB,,,,,,,,,False
NTRBW,,,,,,,,,False
NTRP,,,,,,,,,False
NTRS,,,,,,,,,False
NTRSO,,,,,,,,,False
NTSK,,,,,,,,,False
NTST,,,,,,,,,False
NTWK,,,,,,,,,False
NTWO,,,,,,,,,False
NTWOU,,,,,,,,,False
NTWOW,,,,,,,,,False
NTZ,,,,,,,,,False
NU,,,,,,,,,False
NUAI,,,,,,,,,False
NUAIW,,,,,,,,,False
NUCL,,,,,,,,,False
NUCLW,,,,,,,,,False
NUE,,,,,,,,,False
NUS,,,,,,,,,False
NUTR,,,,,,,,,False
NUTX,,,,,,,,,False
NUV,,,,,,,,,False
NUVB,,,,,,,,,False
NUVL,2026-01-02,2026-02-27,39.0,0.0,0.0,17611924.986923076,0.5025431088440806,0.01100753669179011,True
NUW,,,,,,,,,False
NUWE,,,,,,,,,False
NVA,,,,,,,,,False
NVAWW,,,,,,,,,False
NVAX,,,,,,,,,False
NVCR,,,,,,,,,False
NVCT,,,,,,,,,False
NVDA,,,,,,,,,False
NVEC,,,,,,,,,False
NVG,,,,,,,,,False
NVGS,,,,,,,,,False
NVMI,,,,,,,,,False
NVNI,,,,,,,,,False
NVNIW,,,,,,,,,False
NVNO,,,,,,,,,False
NVO,,,,,,,,,False
NVR,,,,,,,,,False
NVRI,,,,,,,,,False
NVS,,,,,,,,,False
NVST,,,,,,,,,False
NVT,,,,,,,,,False
NVTS,,,,,,,,,False
NVVE,,,,,,,,,False
NVX,,,,,,,,,False
NWAX,,,,,,,,,False
NWAX.UN,,,,,,,,,False
NWAX.WT,,,,,,,,,False
NWBI,,,,,,,,,False
NWE,2026-01-02,2026-02-27,39.0,0.0,0.0,15163787.364871796,0.22377932096792585,0.08046332046332183,True
NWFL,,,,,,,,,False
NWG,,,,,,,,,False
NWGL,,,,,,,,,False
NWL,,,,,,,,,False
NWN,,,,,,,,,False
NWPX,,,,,,,,,False
NWS,,,,,,,,,False
NWSA,,,,,,,,,False
NWTG,,,,,,,,,False
NX,,,,,,,,,False
NXB,,,,,,,,,False
NXDR,,,,,,,,,False
NXDT,,,,,,,,,False
NXDT.PA,,,,,,,,,False
NXE,,,,,,,,,False
NXG,,,,,,,,,False
NXGL,,,,,,,,,False
NXGLW,,,,,,,,,False
NXL,,,,,,,,,False
NXP,,,,,,,,,False
NXPI,,,,,,,,,False
NXPL,,,,,,,,,False
NXPLW,,,,,,,,,False
NXRT,,,,,,,,,False
NXST,,,,,,,,,False
NXT,,,,,,,,,False
NXTC,,,,,,,,,False
NXTS,,,,,,,,,False
NXTT,,,,,,,,,False
NXXT,,,,,,,,,False
NYAX,,,,,,,,,False
NYC,,,,,,,,,False
NYT,,,,,,,,,False
NYXH,,,,,,,,,False
NZF,,,,,,,,,False
O,,,,,,,,,False
OABI,,,,,,,,,False
OABIW,,,,,,,,,False
OACC,,,,,,,,,False
OACCU,,,,,,,,,False
OACCW,,,,,,,,,False
OAK.PA,,,,,,,,,False
OAK.PB,,,,,,,,,False
OBA,,,,,,,,,False
OBAI,,,,,,,,,False
OBAWU,,,,,,,,,False
OBAWW,,,,,,,,,False
OBDC,,,,,,,,,False
OBE,,,,,,,,,False
OBIO,,,,,,,,,False
OBK,,,,,,,,,False
OBT,,,,,,,,,False
OBTC,,,,,,,,,False
OC,,,,,,,,,False
OCAC.UN,,,,,,,,,False
OCC,,,,,,,,,False
OCCI,,,,,,,,,False
OCCIM,,,,,,,,,False
OCCIN,,,,,,,,,False
OCFC,,,,,,,,,False
OCG,,,,,,,,,False
OCGN,,,,,,,,,False
OCS,,,,,,,,,False
OCSAW,,,,,,,,,False
OCSL,,,,,,,,,False
OCTV,,,,,,,,,False
OCUL,,,,,,,,,False
ODC,,,,,,,,,False
ODD,,,,,,,,,False
ODFL,,,,,,,,,False
ODTX,,,,,,,,,False
ODV,,,,,,,,,False
ODVWZ,,,,,,,,,False
ODYS,,,,,,,,,False
OEC,,,,,,,,,False
OESX,,,,,,,,,False
OFAL,,,,,,,,,False
OFG,,,,,,,,,False
OFIX,,,,,,,,,False
OFLX,,,,,,,,,False
OFRM,,,,,,,,,False
OFS,,,,,,,,,False
OFSSH,,,,,,,,,False
OFSSO,,,,,,,,,False
OGC,,,,,,,,,False
OGCP,,,,,,,,,False
OGE,,,,,,,,,False
OGEN,,,,,,,,,False
OGI,,,,,,,,,False
OGN,2026-01-02,2026-02-27,39.0,0.0,0.0,4892597.485897436,0.5971943233169488,0.005513439007580834,True
OGS,,,,,,,,,False
OHAC,,,,,,,,,False
OHACR,,,,,,,,,False
OHACU,,,,,,,,,False
OHI,,,,,,,,,False
OI,,,,,,,,,False
OIA,,,,,,,,,False
OII,,,,,,,,,False
OILD,,,,,,,,,False
OILU,,,,,,,,,False
OIM,,,,,,,,,False
OIMAU,,,,,,,,,False
OIMAW,,,,,,,,,False
OIO,,,,,,,,,False
OIOWW,,,,,,,,,False
OIS,,,,,,,,,False
OKE,,,,,,,,,False
OKLO,,,,,,,,,False
OKTA,,,,,,,,,False
OKUR,,,,,,,,,False
OKYO,,,,,,,,,False
OLB,,,,,,,,,False
OLED,,,,,,,,,False
OLLI,,,,,,,,,False
OLMA,,,,,,,,,False
OLN,,,,,,,,,False
OLOX,,,,,,,,,False
OLP,,,,,,,,,False
OLPX,2026-01-02,2026-02-27,39.0,0.0,0.0,634739.0964102565,0.7769506257836337,0.1925925925925922,True
OM,,,,,,,,,False
OMAB,,,,,,,,,False
OMC,,,,,,,,,False
OMCL,,,,,,,,,False
OMDA,,,,,,,,,False
OMER,,,,,,,,,False
OMEX,2026-01-02,2026-02-27,39.0,0.0,0.0,346974.27743589744,0.894200925527538,-0.32258064516128937,True
OMF,,,,,,,,,False
OMH,,,,,,,,,False
OMSE,,,,,,,,,False
ON,,,,,,,,,False
ONB,,,,,,,,,False
ONBPO,,,,,,,,,False
ONBPP,,,,,,,,,False
ONC,,,,,,,,,False
ONCH,,,,,,,,,False
ONCHU,,,,,,,,,False
ONCHW,,,,,,,,,False
ONCO,2026-01-02,2026-02-27,39.0,0.0,0.0,56068.28318974359,1.8980086445042486,-0.5844720496894407,True
ONCY,,,,,,,,,False
ONDS,,,,,,,,,False
ONEG,,,,,,,,,False
ONEW,,,,,,,,,False
ONFO,,,,,,,,,False
ONFOW,,,,,,,,,False
ONIT,,,,,,,,,False
ONL,,,,,,,,,False
ONMD,,,,,,,,,False
ONMDW,,,,,,,,,False
ONON,,,,,,,,,False
ONT,,,,,,,,,False
ONTO,,,,,,,,,False
OOMA,,,,,,,,,False
OPAD,,,,,,,,,False
OPAL,,,,,,,,,False
OPBK,,,,,,,,,False
OPCH,,,,,,,,,False
OPEN,,,,,,,,,False
OPENL,,,,,,,,,False
OPENW,,,,,,,,,False
OPENZ,,,,,,,,,False
OPFI,,,,,,,,,False
OPFI.WT,,,,,,,,,False
OPHC,,,,,,,,,False
OPK,,,,,,,,,False
OPLN,,,,,,,,,False
OPP,,,,,,,,,False
OPP.PA,,,,,,,,,False
OPP.PB,,,,,,,,,False
OPP.PC,,,,,,,,,False
OPRA,,,,,,,,,False
OPRT,,,,,,,,,False
OPRX,,,,,,,,,False
OPTH,,,,,,,,,False
OPTT,,,,,,,,,False
OPTU,,,,,,,,,False
OPTX,,,,,,,,,False
OPTXW,,,,,,,,,False
OPXS,,,,,,,,,False
OPY,,,,,,,,,False
OR,,,,,,,,,False
ORA,,,,,,,,,False
ORBS,,,,,,,,,False
ORC,,,,,,,,,False
ORCL,,,,,,,,,False
ORCL.PD,,,,,,,,,False
ORGN,,,,,,,,,False
ORGNW,,,,,,,,,False
ORGO,,,,,,,,,False
ORI,,,,,,,,,False
ORIC,,,,,,,,,False
ORIO,,,,,,,,,False
ORIQ,,,,,,,,,False
ORIQU,,,,,,,,,False
ORIQW,,,,,,,,,False
ORIS,,,,,,,,,False
ORKA,,,,,,,,,False
ORKT,,,,,,,,,False
ORLA,,,,,,,,,False
ORLY,,,,,,,,,False
ORMP,,,,,,,,,False
ORN,,,,,,,,,False
ORRF,,,,,,,,,False
OSBC,,,,,,,,,False
OSCR,,,,,,,,,False
OSG,,,,,,,,,False
OSIS,,,,,,,,,False
OSK,,,,,,,,,False
OSPN,,,,,,,,,False
OSRH,,,,,,,,,False
OSRHW,,,,,,,,,False
OSS,,,,,,,,,False
OST,,,,,,,,,False
OSTX,,,,,,,,,False
OSUR,,,,,,,,,False
OSW,,,,,,,,,False
OTAI.UN,,,,,,,,,False
OTEX,,,,,,,,,False
OTF,,,,,,,,,False
OTGA,,,,,,,,,False
OTGAU,,,,,,,,,False
OTGAW,,,,,,,,,False
OTIS,,,,,,,,,False
OTLK,,,,,,,,,False
OTLY,,,,,,,,,False
OTTR,,,,,,,,,False
OUNZ,,,,,,,,,False
OUST,,,,,,,,,False
OUT,,,,,,,,,False
OVBC,,,,,,,,,False
OVID,,,,,,,,,False
OVLY,,,,,,,,,False
OVV,,,,,,,,,False
OWL,,,,,,,,,False
OWLS,,,,,,,,,False
OWLT,,,,,,,,,False
OXBR,,,,,,,,,False
OXBRW,,,,,,,,,False
OXLC,,,,,,,,,False
OXLCG,,,,,,,,,False
OXLCI,,,,,,,,,False
OXLCL,,,,,,,,,False
OXLCM,,,,,,,,,False
OXLCN,,,,,,,,,False
OXLCO,,,,,,,,,False
OXLCZ,,,,,,,,,False
OXM,,,,,,,,,False
OXSQ,,,,,,,,,False
OXSQG,,,,,,,,,False
OXSQH,,,,,,,,,False
OXY,,,,,,,,,False
OXY.WT,,,,,,,,,False
OYSE,,,,,,,,,False
OYSER,,,,,,,,,False
OYSEU,,,,,,,,,False
OZ,,,,,,,,,False
OZK,,,,,,,,,False
OZKAP,,,,,,,,,False
P,,,,,,,,,False
PAA,,,,,,,,,False
PAAC,,,,,,,,,False
PAACU,,,,,,,,,False
PAACW,,,,,,,,,False
PAAS,,,,,,,,,False
PAC,,,,,,,,,False
PACB,,,,,,,,,False
PACH,,,,,,,,,False
PACHU,,,,,,,,,False
PACHW,,,,,,,,,False
PACK,,,,,,,,,False
PACS,,,,,,,,,False
PAG,,,,,,,,,False
PAGP,,,,,,,,,False
PAGS,,,,,,,,,False
PAHC,,,,,,,,,False
PAI,,,,,,,,,False
PAII,,,,,,,,,False
PAII.UN,,,,,,,,,False
PAII.WT,,,,,,,,,False
PAL,,,,,,,,,False
PALI,,,,,,,,,False
PALL,,,,,,,,,False
PALO,,,,,,,,,False
PALOU,,,,,,,,,False
PALOW,,,,,,,,,False
PAM,,,,,,,,,False
PAMT,,,,,,,,,False
PANL,,,,,,,,,False
PANW,,,,,,,,,False
PAPL,,,,,,,,,False
PAR,,,,,,,,,False
PARK,,,,,,,,,False
PARR,,,,,,,,,False
PASG,,,,,,,,,False
PASW,,,,,,,,,False
PATH,,,,,,,,,False
PATK,,,,,,,,,False
PAVM,,,,,,,,,False
PAVS,,,,,,,,,False
PAX,,,,,,,,,False
PAXS,,,,,,,,,False
PAY,,,,,,,,,False
PAYC,,,,,,,,,False
PAYO,,,,,,,,,False
PAYP,,,,,,,,,False
PAYS,,,,,,,,,False
PAYX,,,,,,,,,False
PB,2026-01-02,2026-02-27,39.0,0.0,0.0,10662964.731923077,0.3339240931581334,0.023983914979175847,True
PBA,,,,,,,,,False
PBF,,,,,,,,,False
PBFS,,,,,,,,,False
PBH,,,,,,,,,False
PBHC,,,,,,,,,False
PBI,,,,,,,,,False
PBI.PB,,,,,,,,,False
PBK,,,,,,,,,False
PBLS,,,,,,,,,False
PBM,,,,,,,,,False
PBMWW,,,,,,,,,False
PBR,,,,,,,,,False
PBR.A,,,,,,,,,False
PBT,,,,,,,,,False
PBYI,,,,,,,,,False
PC,,,,,,,,,False
PCAP,,,,,,,,,False
PCAPU,,,,,,,,,False
PCAPW,,,,,,,,,False
PCAR,,,,,,,,,False
PCB,,,,,,,,,False
PCF,,,,,,,,,False
PCG,,,,,,,,,False
PCG.PA,,,,,,,,,False
PCG.PB,,,,,,,,,False
PCG.PC,,,,,,,,,False
PCG.PD,,,,,,,,,False
PCG.PE,,,,,,,,,False
PCG.PG,,,,,,,,,False
PCG.PH,,,,,,,,,False
PCG.PI,,,,,,,,,False
PCG.PX,,,,,,,,,False
PCLA,,,,,,,,,False
PCM,,,,,,,,,False
PCN,,,,,,,,,False
PCOR,,,,,,,,,False
PCQ,,,,,,,,,False
PCRX,,,,,,,,,False
PCSA,,,,,,,,,False
PCSC,2026-01-02,2026-02-27,39.0,0.0,0.0,92846.90705128205,0.33994760991116646,-0.023076923076922662,True
PCT,,,,,,,,,False
PCTTU,,,,,,,,,False
PCTTW,,,,,,,,,False
PCTY,,,,,,,,,False
PCVX,,,,,,,,,False
PCYO,,,,,,,,,False
PD,,,,,,,,,False
PDC,,,,,,,,,False
PDCC,,,,,,,,,False
PDD,,,,,,,,,False
PDEX,,,,,,,,,False
PDFS,,,,,,,,,False
PDI,,,,,,,,,False
PDLB,,,,,,,,,False
PDM,,,,,,,,,False
PDO,,,,,,,,,False
PDPA,,,,,,,,,False
PDS,,,,,,,,,False
PDSB,,,,,,,,,False
PDT,,,,,,,,,False
PDX,,,,,,,,,False
PDYN,,,,,,,,,False
PDYNW,,,,,,,,,False
PEB,,,,,,,,,False
PEB.PE,,,,,,,,,False
PEB.PF,,,,,,,,,False
PEB.PG,,,,,,,,,False
PEB.PH,,,,,,,,,False
PEBK,,,,,,,,,False
PEBO,2026-01-02,2026-02-27,39.0,0.0,0.0,4445449.921794872,0.2895813888823697,0.06996021220159188,True
PECE,,,,,,,,,False
PECER,,,,,,,,,False
PECEU,,,,,,,,,False
PECEW,,,,,,,,,False
PECO,,,,,,,,,False
PED,,,,,,,,,False
PEG,,,,,,,,,False
PEGA,,,,,,,,,False
PEN,2026-01-02,2026-02-27,39.0,0.0,0.0,78244416.59230769,0.3898320413977592,0.11342772174812632,True
PENG,,,,,,,,,False
PENN,,,,,,,,,False
PEO,,,,,,,,,False
PEP,,,,,,,,,False
PEPG,,,,,,,,,False
PERF,,,,,,,,,False
PERI,,,,,,,,,False
PESI,,,,,,,,,False
PETS,2026-01-02,2026-02-27,39.0,0.0,0.0,139604.2071794872,0.47036193958216077,-0.16969696969696868,True
PETZ,,,,,,,,,False
PEW,,,,,,,,,False
PEW.WT,,,,,,,,,False
PFAI,,,,,,,,,False
PFBC,,,,,,,,,False
PFD,,,,,,,,,False
PFE,,,,,,,,,False
PFFL,,,,,,,,,False
PFG,,,,,,,,,False
PFGC,,,,,,,,,False
PFH,,,,,,,,,False
PFIS,,,,,,,,,False
PFL,,,,,,,,,False
PFLA,,,,,,,,,False
PFLT,,,,,,,,,False
PFN,,,,,,,,,False
PFO,,,,,,,,,False
PFS,,,,,,,,,False
PFSA,,,,,,,,,False
PFSI,,,,,,,,,False
PFX,,,,,,,,,False
PFXNZ,,,,,,,,,False
PG,,,,,,,,,False
PGAC,2026-01-05,2026-02-27,22.0,0.0,0.0,48282.70181818181,0.021806385498615837,0.006756756756756355,True
PGACR,,,,,,,,,False
PGACU,,,,,,,,,False
PGC,,,,,,,,,False
PGEN,,,,,,,,,False
PGNY,,,,,,,,,False
PGP,,,,,,,,,False
PGR,,,,,,,,,False
PGY,,,,,,,,,False
PGYWW,,,,,,,,,False
PGZ,,,,,,,,,False
PH,,,,,,,,,False
PHAR,,,,,,,,,False
PHAT,,,,,,,,,False
PHG,,,,,,,,,False
PHGE,,,,,,,,,False
PHI,,,,,,,,,False
PHIN,,,,,,,,,False
PHIO,,,,,,,,,False
PHK,,,,,,,,,False
PHM,,,,,,,,,False
PHOE,,,,,,,,,False
PHR,,,,,,,,,False
PHUN,,,,,,,,,False
PHVS,,,,,,,,,False
PHXE.P,,,,,,,,,False
PHYS,,,,,,,,,False
PI,,,,,,,,,False
PICS,,,,,,,,,False
PII,,,,,,,,,False
PIII,,,,,,,,,False
PIIIW,,,,,,,,,False
PIM,,,,,,,,,False
PINE,,,,,,,,,False
PINE.PA,,,,,,,,,False
PINS,,,,,,,,,False
PIPR,,,,,,,,,False
PJT,,,,,,,,,False
PK,,,,,,,,,False
PKBK,,,,,,,,,False
PKE,,,,,,,,,False
PKG,,,,,,,,,False
PKOH,,,,,,,,,False
PKX,,,,,,,,,False
PL,,,,,,,,,False
PLAB,,,,,,,,,False
PLAG,,,,,,,,,False
PLAY,,,,,,,,,False
PLBC,,,,,,,,,False
PLBL,,,,,,,,,False
PLBY,,,,,,,,,False
PLCE,,,,,,,,,False
PLD,,,,,,,,,False
PLG,,,,,,,,,False
PLGO,,,,,,,,,False
PLMK,2026-01-02,2026-02-27,37.0,0.0,0.0,79985.79675675674,0.04084855583037704,0.007677543186179969,True
PLMKU,,,,,,,,,False
PLMKW,,,,,,,,,False
PLMR,,,,,,,,,False
PLNT,,,,,,,,,False
PLOW,,,,,,,,,False
PLPC,,,,,,,,,False
PLRX,,,,,,,,,False
PLRZ,,,,,,,,,False
PLSE,,,,,,,,,False
PLSM,,,,,,,,,False
PLTK,,,,,,,,,False
PLTM,,,,,,,,,False
PLTR,,,,,,,,,False
PLTS,,,,,,,,,False
PLUG,,,,,,,,,False
PLUN.UN,,,,,,,,,False
PLUR,,,,,,,,,False
PLUS,,,,,,,,,False
PLUT,,,,,,,,,False
PLX,,,,,,,,,False
PLXS,,,,,,,,,False
PLYX,,,,,,,,,False
PM,,,,,,,,,False
PMAX,,,,,,,,,False
PMCB,,,,,,,,,False
PMEC,,,,,,,,,False
PMI,,,,,,,,,False
PML,,,,,,,,,False
PMM,,,,,,,,,False
PMN,,,,,,,,,False
PMNT,,,,,,,,,False
PMO,,,,,,,,,False
PMT,,,,,,,,,False
PMT.PA,,,,,,,,,False
PMT.PB,,,,,,,,,False
PMT.PC,,,,,,,,,False
PMTR,,,,,,,,,False
PMTRU,,,,,,,,,False
PMTRW,,,,,,,,,False
PMTS,2026-01-02,2026-02-27,39.0,0.0,0.0,155596.7794871795,0.4614002811215563,-0.13748241912798775,True
PMTU,,,,,,,,,False
PMTV,,,,,,,,,False
PMTW,,,,,,,,,False
PMVP,,,,,,,,,False
PN,,,,,,,,,False
PNBK,,,,,,,,,False
PNC,,,,,,,,,False
PNFP,,,,,,,,,False
PNFP.PA,,,,,,,,,False
PNFP.PB,,,,,,,,,False
PNFP.PC,,,,,,,,,False
PNI,,,,,,,,,False
PNNT,,,,,,,,,False
PNR,,,,,,,,,False
PNRG,,,,,,,,,False
PNTG,,,,,,,,,False
PNW,,,,,,,,,False
POAS,,,,,,,,,False
POCI,,,,,,,,,False
PODC,,,,,,,,,False
PODD,,,,,,,,,False
POET,,,,,,,,,False
POLA,,,,,,,,,False
POLE,,,,,,,,,False
POLEU,,,,,,,,,False
POLEW,,,,,,,,,False
POM,,,,,,,,,False
PONO,,,,,,,,,False
PONOR,,,,,,,,,False
PONOU,,,,,,,,,False
PONY,,,,,,,,,False
POOL,,,,,,,,,False
POR,,,,,,,,,False
POST,,,,,,,,,False
POWI,,,,,,,,,False
POWL,,,,,,,,,False
POWW,,,,,,,,,False
POWWP,,,,,,,,,False
PPBT,,,,,,,,,False
PPC,,,,,,,,,False
PPCB,,,,,,,,,False
PPG,,,,,,,,,False
PPHC,,,,,,,,,False
PPIH,,,,,,,,,False
PPL,,,,,,,,,False
PPLC,,,,,,,,,False
PPLI,,,,,,,,,False
PPLT,,,,,,,,,False
PPSI,,,,,,,,,False
PPT,,,,,,,,,False
PPTA,,,,,,,,,False
PR,,,,,,,,,False
PRA,,,,,,,,,False
PRAA,,,,,,,,,False
PRAX,,,,,,,,,False
PRCH,,,,,,,,,False
PRCT,,,,,,,,,False
PRDO,,,,,,,,,False
PRE,,,,,,,,,False
PRENW,,,,,,,,,False
PRFX,,,,,,,,,False
PRG,,,,,,,,,False
PRGO,,,,,,,,,False
PRGS,,,,,,,,,False
PRH,,,,,,,,,False
PRHI,,,,,,,,,False
PRHIZ,,,,,,,,,False
PRI,,,,,,,,,False
PRIF.PD,,,,,,,,,False
PRIF.PK,,,,,,,,,False
PRIF.PL,,,,,,,,,False
PRIM,,,,,,,,,False
PRK,2026-01-02,2026-02-27,39.0,0.0,0.0,1282657.4235897437,0.3102183448216327,0.06943005181347184,True
PRKS,,,,,,,,,False
PRLB,,,,,,,,,False
PRLD,,,,,,,,,False
PRM,,,,,,,,,False
PRMB,,,,,,,,,False
PRME,,,,,,,,,False
PROF,,,,,,,,,False
PROK,,,,,,,,,False
PROP,,,,,,,,,False
PROV,,,,,,,,,False
PRPL,,,,,,,,,False
PRPO,,,,,,,,,False
PRQR,,,,,,,,,False
PRS,,,,,,,,,False
PRSO,2026-01-02,2026-02-27,39.0,0.0,0.0,44817.63610769231,0.9063281888131579,-0.035374149659862186,True
PRSU,,,,,,,,,False
PRT,,,,,,,,,False
PRTA,,,,,,,,,False
PRTH,2026-01-02,2026-02-27,39.0,0.0,0.0,687868.7117948717,0.40563620164110475,0.04887218045112873,True
PRTS,,,,,,,,,False
PRU,,,,,,,,,False
PRVA,,,,,,,,,False
PRZO,,,,,,,,,False
PS,,,,,,,,,False
PSA,2026-01-02,2026-02-27,39.0,0.0,0.0,37086794.77064103,0.26185238860064847,0.18274582560296837,True
PSA.PF,,,,,,,,,False
PSA.PG,,,,,,,,,False
PSA.PH,,,,,,,,,False
PSA.PI,,,,,,,,,False
PSA.PJ,,,,,,,,,False
PSA.PK,,,,,,,,,False
PSA.PL,,,,,,,,,False
PSA.PM,,,,,,,,,False
PSA.PN,,,,,,,,,False
PSA.PO,,,,,,,,,False
PSA.PP,,,,,,,,,False
PSA.PQ,,,,,,,,,False
PSA.PR,,,,,,,,,False
PSA.PS,,,,,,,,,False
PSBD,,,,,,,,,False
PSEC,,,,,,,,,False
PSEC.PA,,,,,,,,,False
PSF,,,,,,,,,False
PSFE,,,,,,,,,False
PSHG,,,,,,,,,False
PSIG,,,,,,,,,False
PSIX,,,,,,,,,False
PSKY,2026-01-02,2026-02-27,39.0,0.0,0.0,32637732.613589738,0.7195463451899249,0.06600910470409871,True
PSLV,,,,,,,,,False
PSMT,,,,,,,,,False
PSN,,,,,,,,,False
PSNL,,,,,,,,,False
PSNY,,,,,,,,,False
PSNYW,,,,,,,,,False
PSO,,,,,,,,,False
PSQH,,,,,,,,,False
PSQH.WT,,,,,,,,,False
PSTL,,,,,,,,,False
PSTV,,,,,,,,,False
PSUS,,,,,,,,,False
PSX,,,,,,,,,False
PTA,,,,,,,,,False
PTACU,,,,,,,,,False
PTC,,,,,,,,,False
PTCT,,,,,,,,,False
PTEN,,,,,,,,,False
PTGX,,,,,,,,,False
PTHS,,,,,,,,,False
PTLE,,,,,,,,,False
PTLO,,,,,,,,,False
PTN,,,,,,,,,False
PTNM,,,,,,,,,False
PTON,,,,,,,,,False
PTOR,,,,,,,,,False
PTORU,,,,,,,,,False
PTORW,,,,,,,,,False
PTRN,,,,,,,,,False
PTY,,,,,,,,,False
PUBM,,,,,,,,,False
PUK,,,,,,,,,False
PULM,2026-01-02,2026-02-27,39.0,0.0,0.0,8396.414615384614,0.5687414352444458,0.3230088495575245,True
PUMP,,,,,,,,,False
PURR,,,,,,,,,False
PUSA,,,,,,,,,False
PVH,,,,,,,,,False
PVL,,,,,,,,,False
PVLA,,,,,,,,,False
PW,,,,,,,,,False
PW.PA,,,,,,,,,False
PWP,,,,,,,,,False
PWR,,,,,,,,,False
PWRL,,,,,,,,,False
PXED,,,,,,,,,False
PXLW,,,,,,,,,False
PXS,,,,,,,,,False
PYPD,,,,,,,,,False
PYPL,,,,,,,,,False
PYT,,,,,,,,,False
PYXS,,,,,,,,,False
PZG,,,,,,,,,False
PZZA,,,,,,,,,False
Q,,,,,,,,,False
QADR,,,,,,,,,False
QADRU,,,,,,,,,False
QADRW,,,,,,,,,False
QBTS,,,,,,,,,False
QCLS,,,,,,,,,False
QCOM,,,,,,,,,False
QCRH,,,,,,,,,False
QDEL,,,,,,,,,False
QETA,2026-01-02,2026-02-27,29.0,0.0,0.0,34213.77379310345,0.23728188281468654,0.015845070422535468,True
QETAR,,,,,,,,,False
QETAU,,,,,,,,,False
QFIN,,,,,,,,,False
QGEN,,,,,,,,,False
QH,,,,,,,,,False
QLEP.UN,,,,,,,,,False
QLYS,,,,,,,,,False
QMCO,2026-01-02,2026-02-27,39.0,0.0,0.0,847324.2105128205,0.9364085546108146,-0.21571428571428486,True
QMMM,,,,,,,,,False
QNC,,,,,,,,,False
QNCX,,,,,,,,,False
QNRX,,,,,,,,,False
QNST,,,,,,,,,False
QNT,,,,,,,,,False
QNTM,,,,,,,,,False
QQQ,,,,,,,,,False
QQQX,,,,,,,,,False
QRED,,,,,,,,,False
QRED.RI,,,,,,,,,False
QRED.UN,,,,,,,,,False
QRHC,,,,,,,,,False
QRVO,2026-01-02,2026-02-27,39.0,0.0,0.0,36101761.44307692,0.42380391546333956,-0.03906340558710952,True
QS,,,,,,,,,False
QSEA,2026-01-02,2026-02-27,39.0,0.0,0.0,3684.6128205128202,0.5028074011773938,0.0058651026392961825,True
QSEAR,,,,,,,,,False
QSEAU,,,,,,,,,False
QSI,,,,,,,,,False
QSIAW,,,,,,,,,False
QSR,,,,,,,,,False
QTEX,,,,,,,,,False
QTEXW,,,,,,,,,False
QTI,,,,,,,,,False
QTRX,,,,,,,,,False
QTTB,,,,,,,,,False
QTWO,,,,,,,,,False
QUAD,2026-01-02,2026-02-27,39.0,0.0,0.0,85843.60282051281,0.5393289757752946,0.2048192771084334,True
QUBT,,,,,,,,,False
QUCY,,,,,,,,,False
QUIK,,,,,,,,,False
QULL,,,,,,,,,False
QUMS,2026-01-02,2026-02-26,33.0,0.0,0.0,41402.96924242424,0.024179709061534944,0.004990019960080305,True
QUMSR,,,,,,,,,False
QUMSU,,,,,,,,,False
QURE,,,,,,,,,False
QXL,,,,,,,,,False
QXO,2026-01-02,2026-02-27,39.0,0.0,0.0,31370731.12333333,0.7922445401947539,0.21187515858919248,True
QXO.PB,,,,,,,,,False
R,,,,,,,,,False
RA,,,,,,,,,False
RAAQ,2026-01-02,2026-02-27,39.0,0.0,0.0,258022.34102564104,0.08530142716070048,0.0431372549019613,True
RAAQU,,,,,,,,,False
RAAQW,,,,,,,,,False
RAC,,,,,,,,,False
RAC.UN,,,,,,,,,False
RAC.WT,,,,,,,,,False
RACC,,,,,,,,,False
RACE,,,,,,,,,False
RADX,,,,,,,,,False
RAIL,,,,,,,,,False
RAIN,,,,,,,,,False
RAINW,,,,,,,,,False
RAL,,,,,,,,,False
RAMP,2026-01-02,2026-02-27,39.0,0.0,0.0,2201336.286025641,0.4755499197360756,-0.007667031763416432,True
RAND,,,,,,,,,False
RANG,,,,,,,,,False
RANGR,,,,,,,,,False
RANGU,,,,,,,,,False
RANI,,,,,,,,,False
RAPP,,,,,,,,,False
RARE,,,,,,,,,False
RAVE,,,,,,,,,False
RAY,,,,,,,,,False
RAYA,,,,,,,,,False
RBA,,,,,,,,,False
RBB,,,,,,,,,False
RBBN,,,,,,,,,False
RBC,,,,,,,,,False
RBCAA,,,,,,,,,False
RBKB,,,,,,,,,False
RBLX,,,,,,,,,False
RBNE,,,,,,,,,False
RBRK,,,,,,,,,False
RC,,,,,,,,,False
RC.PC,,,,,,,,,False
RC.PE,,,,,,,,,False
RCAT,,,,,,,,,False
RCD,,,,,,,,,False
RCEL,,,,,,,,,False
RCG,,,,,,,,,False
RCI,,,,,,,,,False
RCKT,,,,,,,,,False
RCKTW,,,,,,,,,False
RCKY,,,,,,,,,False
RCL,,,,,,,,,False
RCMT,,,,,,,,,False
RCON,,,,,,,,,False
RCS,,,,,,,,,False
RCT,,,,,,,,,False
RCUS,,,,,,,,,False
RDAC,,,,,,,,,False
RDACR,,,,,,,,,False
RDACU,,,,,,,,,False
RDAG,,,,,,,,,False
RDAGU,,,,,,,,,False
RDAGW,,,,,,,,,False
RDCM,,,,,,,,,False
RDDT,,,,,,,,,False
RDGT,,,,,,,,,False
RDHL,,,,,,,,,False
RDI,,,,,,,,,False
RDIB,,,,,,,,,False
RDN,,,,,,,,,False
RDNT,,,,,,,,,False
RDNW,,,,,,,,,False
RDVT,,,,,,,,,False
RDW,,,,,,,,,False
RDWR,,,,,,,,,False
RDY,,,,,,,,,False
RDZN,,,,,,,,,False
RDZNW,,,,,,,,,False
REA,,,,,,,,,False
REAL,,,,,,,,,False
REAX,,,,,,,,,False
REBN,,,,,,,,,False
RECT,,,,,,,,,False
REE,,,,,,,,,False
REED,,,,,,,,,False
REFI,,,,,,,,,False
REFR,,,,,,,,,False
REG,,,,,,,,,False
REGCO,,,,,,,,,False
REGCP,,,,,,,,,False
REGN,,,,,,,,,False
REI,,,,,,,,,False
REKR,,,,,,,,,False
RELL,,,,,,,,,False
RELX,,,,,,,,,False
RELY,,,,,,,,,False
RENT,,,,,,,,,False
RENX,,,,,,,,,False
REPL,,,,,,,,,False
REPX,,,,,,,,,False
RERE,,,,,,,,,False
RES,,,,,,,,,False
RETO,,,,,,,,,False
REVB,,,,,,,,,False
REVBW,,,,,,,,,False
REX,,,,,,,,,False
REXR,,,,,,,,,False
REXR.PB,,,,,,,,,False
REXR.PC,,,,,,,,,False
REYN,,,,,,,,,False
REZI,,,,,,,,,False
RF,,,,,,,,,False
RF.PC,,,,,,,,,False
RF.PE,,,,,,,,,False
RF.PF,,,,,,,,,False
RFAI,,,,,,,,,False
RFAIR,,,,,,,,,False
RFAIU,,,,,,,,,False
RFAM,,,,,,,,,False
RFAMR,,,,,,,,,False
RFAMU,,,,,,,,,False
RFI,,,,,,,,,False
RFIL,,,,,,,,,False
RFL,,,,,,,,,False
RFM,,,,,,,,,False
RFMZ,,,,,,,,,False
RGA,,,,,,,,,False
RGC,,,,,,,,,False
RGCO,,,,,,,,,False
RGEN,,,,,,,,,False
RGLD,,,,,,,,,False
RGNT,,,,,,,,,False
RGNX,,,,,,,,,False
RGP,,,,,,,,,False
RGR,2026-01-02,2026-02-27,39.0,0.0,0.0,583034.8633333334,0.32385465059135965,0.13860182370820873,True
RGS,,,,,,,,,False
RGT,,,,,,,,,False
RGTI,,,,,,,,,False
RGTIW,,,,,,,,,False
RH,,,,,,,,,False
RHI,,,,,,,,,False
RHLD,,,,,,,,,False
RHP,,,,,,,,,False
RIBB,,,,,,,,,False
RIBBR,,,,,,,,,False
RIBBU,,,,,,,,,False
RICK,,,,,,,,,False
RIG,,,,,,,,,False
RIGL,,,,,,,,,False
RILY,,,,,,,,,False
RILYG,,,,,,,,,False
RILYL,,,,,,,,,False
RILYN,,,,,,,,,False
RILYP,,,,,,,,,False
RILYT,,,,,,,,,False
RILYZ,,,,,,,,,False
RIME,,,,,,,,,False
RIO,,,,,,,,,False
RIOT,,,,,,,,,False
RITM,,,,,,,,,False
RITM.PA,,,,,,,,,False
RITM.PB,,,,,,,,,False
RITM.PC,,,,,,,,,False
RITM.PD,,,,,,,,,False
RITM.PE,,,,,,,,,False
RITM.PF,,,,,,,,,False
RITR,,,,,,,,,False
RIV,,,,,,,,,False
RIV.PA,,,,,,,,,False
RIVN,,,,,,,,,False
RJET,,,,,,,,,False
RJF,,,,,,,,,False
RKDA,,,,,,,,,False
RKLB,,,,,,,,,False
RKT,,,,,,,,,False
RKTO,,,,,,,,,False
RL,,,,,,,,,False
RLAY,,,,,,,,,False
RLGT,,,,,,,,,False
RLI,,,,,,,,,False
RLJ,,,,,,,,,False
RLJ.PA,,,,,,,,,False
RLMD,,,,,,,,,False
RLTY,,,,,,,,,False
RLX,,,,,,,,,False
RLYB,2026-01-02,2026-02-27,39.0,0.0,0.0,44701.60862307692,17.473715606928728,9.660257316555933,True
RM,,,,,,,,,False
RMAX,,,,,,,,,False
RMBI,,,,,,,,,False
RMBS,,,,,,,,,False
RMCF,,,,,,,,,False
RMCO,2026-01-02,2026-02-27,39.0,0.0,0.0,25044.455384615383,0.9760628902078059,0.2402597402597404,True
RMCOW,,,,,,,,,False
RMD,,,,,,,,,False
RMI,,,,,,,,,False
RMIX,,,,,,,,,False
RMM,,,,,,,,,False
RMMZ,,,,,,,,,False
RMNI,,,,,,,,,False
RMR,,,,,,,,,False
RMSG,,,,,,,,,False
RMSGW,,,,,,,,,False
RMT,,,,,,,,,False
RMTI,,,,,,,,,False
RNA,2026-01-02,2026-02-27,38.0,0.0,0.0,38443903.70184211,2.120013283690737,-0.8101582014987508,True
RNAC,,,,,,,,,False
RNAZ,,,,,,,,,False
RNG,,,,,,,,,False
RNGR,,,,,,,,,False
RNGT,,,,,,,,,False
RNGTU,,,,,,,,,False
RNGTW,,,,,,,,,False
RNP,,,,,,,,,False
RNR,,,,,,,,,False
RNR.PF,,,,,,,,,False
RNR.PG,,,,,,,,,False
RNST,,,,,,,,,False
RNTX,,,,,,,,,False
RNW,,,,,,,,,False
RNWWW,,,,,,,,,False
RNXT,,,,,,,,,False
ROAD,,,,,,,,,False
ROC,,,,,,,,,False
ROCK,,,,,,,,,False
ROG,,,,,,,,,False
ROIV,,,,,,,,,False
ROK,,,,,,,,,False
ROKU,,,,,,,,,False
ROL,,,,,,,,,False
ROLR,,,,,,,,,False
ROMA,,,,,,,,,False
ROOT,2026-01-02,2026-02-27,39.0,0.0,0.0,7448706.634358974,0.7945329166328673,-0.26247165532879746,True
ROP,,,,,,,,,False
ROST,,,,,,,,,False
RPAY,2026-01-02,2026-02-27,39.0,0.0,0.0,884906.6876923078,0.4848478250771602,-0.23204419889502725,True
RPC,,,,,,,,,False
RPD,,,,,,,,,False
RPGL,,,,,,,,,False
RPID,,,,,,,,,False
RPM,,,,,,,,,False
RPRX,,,,,,,,,False
RPT,,,,,,,,,False
RPT.PC,,,,,,,,,False
RQI,,,,,,,,,False
RR,,,,,,,,,False
RRBI,,,,,,,,,False
RRC,,,,,,,,,False
RREV,,,,,,,,,False
RREVU,,,,,,,,,False
RREVW,,,,,,,,,False
RRGB,,,,,,,,,False
RRR,,,,,,,,,False
RRX,,,,,,,,,False
RS,,,,,,,,,False
RSF,,,,,,,,,False
RSG,,,,,,,,,False
RSI,,,,,,,,,False
RSKD,,,,,,,,,False
RSSS,,,,,,,,,False
RSVR,2026-01-02,2026-02-27,39.0,0.0,0.0,242056.84846153847,0.5150427765349868,0.20454545454545459,True
RSVRW,,,,,,,,,False
RTAC,,,,,,,,,False
RTACU,,,,,,,,,False
RTACW,,,,,,,,,False
RTB,,,,,,,,,False
RTO,,,,,,,,,False
RTX,,,,,,,,,False
RUBI,,,,,,,,,False
RUM,,,,,,,,,False
RUMBW,,,,,,,,,False
RUN,,,,,,,,,False
RUSHA,,,,,,,,,False
RUSHB,,,,,,,,,False
RVI,,,,,,,,,False
RVLV,,,,,,,,,False
RVMD,,,,,,,,,False
RVMDW,,,,,,,,,False
RVP,,,,,,,,,False
RVSB,,,,,,,,,False
RVSN,,,,,,,,,False
RVSNW,,,,,,,,,False
RVT,,,,,,,,,False
RVTY,,,,,,,,,False
RWAY,,,,,,,,,False
RWAYI,,,,,,,,,False
RWAYL,,,,,,,,,False
RWT,,,,,,,,,False
RWT.PA,,,,,,,,,False
RWTN,,,,,,,,,False
RWTO,,,,,,,,,False
RWTP,,,,,,,,,False
RWTQ,,,,,,,,,False
RWTS,,,,,,,,,False
RXO,,,,,,,,,False
RXRX,,,,,,,,,False
RXST,,,,,,,,,False
RXT,,,,,,,,,False
RY,,,,,,,,,False
RYAAY,,,,,,,,,False
RYAM,,,,,,,,,False
RYAN,2026-01-02,2026-02-27,39.0,0.0,0.0,9851321.67948718,0.48112148030048424,-0.22237596362917522,True
RYDE,,,,,,,,,False
RYET,,,,,,,,,False
RYM,,,,,,,,,False
RYN,,,,,,,,,False
RYOJ,,,,,,,,,False
RYTM,,,,,,,,,False
RYZ,,,,,,,,,False
RZB,,,,,,,,,False
RZC,,,,,,,,,False
RZLT,,,,,,,,,False
RZLV,,,,,,,,,False
RZLVW,,,,,,,,,False
S,,,,,,,,,False
SA,,,,,,,,,False
SAAQ,,,,,,,,,False
SAAQU,,,,,,,,,False
SAAQW,,,,,,,,,False
SABA,,,,,,,,,False
SABR,,,,,,,,,False
SABS,,,,,,,,,False
SABSW,,,,,,,,,False
SAC,,,,,,,,,False
SAC.UN,,,,,,,,,False
SAC.WT,,,,,,,,,False
SACH,2026-01-02,2026-02-27,39.0,0.0,0.0,5633.505384615385,0.19218774772904074,-0.02380952380952306,True
SACH.PA,,,,,,,,,False
SAFE,,,,,,,,,False
SAFT,,,,,,,,,False
SAFX,,,,,,,,,False
SAGT,,,,,,,,,False
SAGU,,,,,,,,,False
SAGU.RI,,,,,,,,,False
SAGU.UN,,,,,,,,,False
SAGU.WT,,,,,,,,,False
SAH,,,,,,,,,False
SAIA,,,,,,,,,False
SAIC,,,,,,,,,False
SAIH,,,,,,,,,False
SAIHW,,,,,,,,,False
SAIL,,,,,,,,,False
SAJ,,,,,,,,,False
SAM,,,,,,,,,False
SAMG,,,,,,,,,False
SAN,2026-01-02,2026-02-27,39.0,0.0,0.0,25946689.31076923,0.383586342672998,0.03228476821192072,True
SANA,,,,,,,,,False
SANG,,,,,,,,,False
SANM,,,,,,,,,False
SAP,,,,,,,,,False
SAR,,,,,,,,,False
SARO,,,,,,,,,False
SAT,,,,,,,,,False
SATA,,,,,,,,,False
SATL,,,,,,,,,False
SATLW,,,,,,,,,False
SATS,,,,,,,,,False
SAV,,,,,,,,,False
SAY,,,,,,,,,False
SAZ,,,,,,,,,False
SB,,,,,,,,,False
SB.PC,,,,,,,,,False
SB.PD,,,,,,,,,False
SBAC,,,,,,,,,False
SBC,,,,,,,,,False
SBCF,,,,,,,,,False
SBCWW,,,,,,,,,False
SBET,,,,,,,,,False
SBEV,,,,,,,,,False
SBFG,,,,,,,,,False
SBFM,,,,,,,,,False
SBFMW,,,,,,,,,False
SBGI,2026-01-02,2026-02-27,39.0,0.0,0.0,2176999.5900000003,0.6251765513259161,0.0733157199471608,True
SBH,,,,,,,,,False
SBI,,,,,,,,,False
SBLK,,,,,,,,,False
SBMT,,,,,,,,,False
SBR,,,,,,,,,False
SBRA,,,,,,,,,False
SBS,,,,,,,,,False
SBSI,,,,,,,,,False
SBSW,,,,,,,,,False
SBUX,,,,,,,,,False
SBXD,,,,,,,,,False
SBXD.UN,,,,,,,,,False
SBXD.WT,,,,,,,,,False
SBXE,,,,,,,,,False
SBXE.UN,,,,,,,,,False
SBXE.WT,,,,,,,,,False
SCAG,,,,,,,,,False
SCAGW,,,,,,,,,False
SCCD,,,,,,,,,False
SCCE,,,,,,,,,False
SCCF,,,,,,,,,False
SCCG,,,,,,,,,False
SCCO,,,,,,,,,False
SCD,,,,,,,,,False
SCDL,,,,,,,,,False
SCE.PG,,,,,,,,,False
SCE.PL,,,,,,,,,False
SCE.PM,,,,,,,,,False
SCE.PN,,,,,,,,,False
SCHL,,,,,,,,,False
SCHW,,,,,,,,,False
SCHW.PD,,,,,,,,,False
SCHW.PJ,,,,,,,,,False
SCI,,,,,,,,,False
SCII,,,,,,,,,False
SCIIR,,,,,,,,,False
SCIIU,,,,,,,,,False
SCKT,,,,,,,,,False
SCL,,,,,,,,,False
SCLX,,,,,,,,,False
SCLXW,,,,,,,,,False
SCM,,,,,,,,,False
SCNI,,,,,,,,,False
SCNX,,,,,,,,,False
SCO,,,,,,,,,False
SCOP,,,,,,,,,False
SCOR,,,,,,,,,False
SCPQ,,,,,,,,,False
SCPQU,,,,,,,,,False
SCPQW,,,,,,,,,False
SCSC,,,,,,,,,False
SCVL,,,,,,,,,False
SCWO,,,,,,,,,False
SCYX,,,,,,,,,False
SCZM,,,,,,,,,False
SD,,,,,,,,,False
SDA,,,,,,,,,False
SDAWW,,,,,,,,,False
SDEV,,,,,,,,,False
SDGR,,,,,,,,,False
SDHC,,,,,,,,,False
SDHI,,,,,,,,,False
SDHIR,,,,,,,,,False
SDHIU,,,,,,,,,False
SDHY,,,,,,,,,False
SDM,,,,,,,,,False
SDOT,,,,,,,,,False
SDRL,,,,,,,,,False
SDST,,,,,,,,,False
SDSTW,,,,,,,,,False
SE,,,,,,,,,False
SEAL.PA,,,,,,,,,False
SEAL.PB,,,,,,,,,False
SEAT,,,,,,,,,False
SEATW,,,,,,,,,False
SEB,,,,,,,,,False
SEDG,,,,,,,,,False
SEED,,,,,,,,,False
SEER,,,,,,,,,False
SEG,,,,,,,,,False
SEGG,,,,,,,,,False
SEI,,,,,,,,,False
SEIC,,,,,,,,,False
SELF,,,,,,,,,False
SELX,,,,,,,,,False
SEM,2026-01-02,2026-02-27,39.0,0.0,0.0,1334036.7508974357,0.2265639530296925,0.008766014834795444,True
SENEA,,,,,,,,,False
SENEB,,,,,,,,,False
SENS,,,,,,,,,False
SEPN,,,,,,,,,False
SER,,,,,,,,,False
SERA,,,,,,,,,False
SERV,,,,,,,,,False
SES,,,,,,,,,False
SES.WT,,,,,,,,,False
SEV,,,,,,,,,False
SEVN,,,,,,,,,False
SEZL,,,,,,,,,False
SF,,,,,,,,,False
SF.PB,,,,,,,,,False
SF.PC,,,,,,,,,False
SF.PD,,,,,,,,,False
SFB,,,,,,,,,False
SFBC,,,,,,,,,False
SFBS,,,,,,,,,False
SFD,,,,,,,,,False
SFHG,,,,,,,,,False
SFIX,,,,,,,,,False
SFL,,,,,,,,,False
SFM,,,,,,,,,False
SFNC,,,,,,,,,False
SFST,,,,,,,,,False
SFWL,,,,,,,,,False
SG,,,,,,,,,False
SGA,,,,,,,,,False
SGC,,,,,,,,,False
SGHC,,,,,,,,,False
SGHT,,,,,,,,,False
SGI,2026-01-02,2026-02-27,39.0,0.0,0.0,17007014.53153846,0.41449231254593194,0.005274971941639617,True
SGLY,,,,,,,,,False
SGML,,,,,,,,,False
SGMT,,,,,,,,,False
SGOL,,,,,,,,,False
SGP,,,,,,,,,False
SGRP,,,,,,,,,False
SGRY,,,,,,,,,False
SGU,,,,,,,,,False
SHAK,,,,,,,,,False
SHAZ,,,,,,,,,False
SHBI,,,,,,,,,False
SHC,,,,,,,,,False
SHEL,,,,,,,,,False
SHEN,,,,,,,,,False
SHFS,,,,,,,,,False
SHFSW,,,,,,,,,False
SHG,,,,,,,,,False
SHIM,,,,,,,,,False
SHIP,,,,,,,,,False
SHLS,,,,,,,,,False
SHMD,,,,,,,,,False
SHMDW,,,,,,,,,False
SHNY,,,,,,,,,False
SHO,,,,,,,,,False
SHO.PH,,,,,,,,,False
SHO.PI,,,,,,,,,False
SHOE,,,,,,,,,False
SHOO,,,,,,,,,False
SHOP,,,,,,,,,False
SHOTU,,,,,,,,,False
SHPH,,,,,,,,,False
SHW,,,,,,,,,False
SI,,,,,,,,,False
SIBN,,,,,,,,,False
SID,,,,,,,,,False
SIDU,,,,,,,,,False
SIEB,,,,,,,,,False
SIF,,,,,,,,,False
SIFY,,,,,,,,,False
SIG,,,,,,,,,False
SIGA,,,,,,,,,False
SIGI,,,,,,,,,False
SIGIP,,,,,,,,,False
SII,,,,,,,,,False
SILA,2026-01-02,2026-02-27,39.0,0.0,0.0,676945.9242307692,0.23628180651479638,0.09434764130896856,True
SILC,,,,,,,,,False
SILO,,,,,,,,,False
SIM,,,,,,,,,False
SIMA,2026-01-02,2026-02-27,37.0,0.0,0.0,60874.2327027027,0.05989682010727153,0.012298959318827185,True
SIMAU,,,,,,,,,False
SIMAW,,,,,,,,,False
SIMO,,,,,,,,,False
SINT,,,,,,,,,False
SION,,,,,,,,,False
SIRI,,,,,,,,,False
SITC,,,,,,,,,False
SITE,,,,,,,,,False
SITM,,,,,,,,,False
SIVR,,,,,,,,,False
SJ,,,,,,,,,False
SJM,,,,,,,,,False
SJT,,,,,,,,,False
SKBL,,,,,,,,,False
SKE,,,,,,,,,False
SKIL,,,,,,,,,False
SKIN,,,,,,,,,False
SKK,,,,,,,,,False
SKLZ,,,,,,,,,False
SKM,,,,,,,,,False
SKT,,,,,,,,,False
SKWD,,,,,,,,,False
SKY,,,,,,,,,False
SKYA,,,,,,,,,False
SKYAW,,,,,,,,,False
SKYE,,,,,,,,,False
SKYH,,,,,,,,,False
SKYH.WT,,,,,,,,,False
SKYQ,,,,,,,,,False
SKYT,2026-01-02,2026-02-27,39.0,0.0,0.0,23900741.013846155,0.8407915347419893,0.3178571428571453,True
SKYW,,,,,,,,,False
SKYX,,,,,,,,,False
SLAB,2026-01-02,2026-02-27,39.0,0.0,0.0,48791677.666666664,0.8311631088904949,0.5705418039696559,True
SLAI,2026-01-02,2026-02-27,39.0,0.0,0.0,5550.657233333333,1.4753403485290972,0.27332293291731724,True
SLB,,,,,,,,,False
SLDB,,,,,,,,,False
SLDE,,,,,,,,,False
SLDP,,,,,,,,,False
SLDPW,,,,,,,,,False
SLE,,,,,,,,,False
SLF,,,,,,,,,False
SLG,,,,,,,,,False
SLG.PI,,,,,,,,,False
SLGB,,,,,,,,,False
SLGL,,,,,,,,,False
SLGN,,,,,,,,,False
SLI,,,,,,,,,False
SLM,,,,,,,,,False
SLMBP,,,,,,,,,False
SLMT,,,,,,,,,False
SLN,,,,,,,,,False
SLND,,,,,,,,,False
SLND.WT,,,,,,,,,False
SLNG,,,,,,,,,False
SLNH,,,,,,,,,False
SLNHP,,,,,,,,,False
SLP,,,,,,,,,False
SLQT,,,,,,,,,False
SLRC,,,,,,,,,False
SLS,,,,,,,,,False
SLSN,,,,,,,,,False
SLSR,,,,,,,,,False
SLV,,,,,,,,,False
SLVM,,,,,,,,,False
SLVO,,,,,,,,,False
SLXN,,,,,,,,,False
SLXNW,,,,,,,,,False
SM,,,,,,,,,False
SMA,,,,,,,,,False
SMBC,,,,,,,,,False
SMBK,,,,,,,,,False
SMC,,,,,,,,,False
SMCI,,,,,,,,,False
SMFG,,,,,,,,,False
SMG,,,,,,,,,False
SMHB,,,,,,,,,False
SMHI,,,,,,,,,False
SMID,,,,,,,,,False
SMJF,,,,,,,,,False
SMMT,,,,,,,,,False
SMP,,,,,,,,,False
SMPL,,,,,,,,,False
SMR,2026-01-02,2026-02-27,39.0,0.0,0.0,65648535.546153836,1.0915621681211007,-0.22450211225105587,True
SMRT,,,,,,,,,False
SMSI,,,,,,,,,False
SMTC,,,,,,,,,False
SMTI,,,,,,,,,False
SMTK,,,,,,,,,False
SMWB,,,,,,,,,False
SMX,,,,,,,,,False
SMXT,,,,,,,,,False
SMXWW,,,,,,,,,False
SN,,,,,,,,,False
SNA,,,,,,,,,False
SNAL,,,,,,,,,False
SNAP,,,,,,,,,False
SNBR,,,,,,,,,False
SND,,,,,,,,,False
SNDA,,,,,,,,,False
SNDK,,,,,,,,,False
SNDL,,,,,,,,,False
SNDR,,,,,,,,,False
SNDX,,,,,,,,,False
SNES,,,,,,,,,False
SNEX,,,,,,,,,False
SNFCA,,,,,,,,,False
SNGX,,,,,,,,,False
SNN,,,,,,,,,False
SNOA,,,,,,,,,False
SNOW,,,,,,,,,False
SNPS,,,,,,,,,False
SNSE,,,,,,,,,False
SNT,,,,,,,,,False
SNTG,,,,,,,,,False
SNTI,,,,,,,,,False
SNWV,,,,,,,,,False
SNX,,,,,,,,,False
SNY,,,,,,,,,False
SNYR,,,,,,,,,False
SO,,,,,,,,,False
SOAR,,,,,,,,,False
SOBO,,,,,,,,,False
SOBR,2026-01-02,2026-02-27,39.0,0.0,0.0,36884.33837692308,1.1158282805608009,-0.6693693693693694,True
SOC,,,,,,,,,False
SOCA,,,,,,,,,False
SOCAU,,,,,,,,,False
SOCAW,,,,,,,,,False
SOEZ,,,,,,,,,False
SOFI,,,,,,,,,False
SOGP,,,,,,,,,False
SOHU,,,,,,,,,False
SOJC,,,,,,,,,False
SOJD,,,,,,,,,False
SOJE,,,,,,,,,False
SOJF,,,,,,,,,False
SOLC,,,,,,,,,False
SOLS,,,,,,,,,False
SOLV,,,,,,,,,False
SOMN,,,,,,,,,False
SON,,,,,,,,,False
SONM,,,,,,,,,False
SONO,,,,,,,,,False
SONY,,,,,,,,,False
SOPH,,,,,,,,,False
SOR,,,,,,,,,False
SORA,,,,,,,,,False
SORN,,,,,,,,,False
SORNU,,,,,,,,,False
SORNW,,,,,,,,,False
SOS,,,,,,,,,False
SOTK,,,,,,,,,False
SOUL,2026-01-02,2026-02-27,31.0,0.0,0.0,39630.958387096776,0.026911563757333133,0.008866995073893102,True
SOUL.RI,,,,,,,,,False
SOUL.UN,,,,,,,,,False
SOUN,2026-01-02,2026-02-27,39.0,0.0,0.0,46972152.12461538,0.9144605038194561,-0.1971698113207544,True
SOUNW,,,,,,,,,False
SOWG,,,,,,,,,False
SOYB,,,,,,,,,False
SPAI,,,,,,,,,False
SPB,,,,,,,,,False
SPCB,,,,,,,,,False
SPCE,,,,,,,,,False
SPCX,,,,,,,,,False
SPE,,,,,,,,,False
SPE.PC,,,,,,,,,False
SPEG,,,,,,,,,False
SPEGR,,,,,,,,,False
SPEGU,,,,,,,,,False
SPFI,,,,,,,,,False
SPG,,,,,,,,,False
SPG.PJ,,,,,,,,,False
SPGI,,,,,,,,,False
SPH,,,,,,,,,False
SPHL,,,,,,,,,False
SPHR,,,,,,,,,False
SPIR,,,,,,,,,False
SPKL,,,,,,,,,False
SPKLU,,,,,,,,,False
SPKLW,,,,,,,,,False
SPMA,,,,,,,,,False
SPMC,,,,,,,,,False
SPME,,,,,,,,,False
SPNT,,,,,,,,,False
SPOK,,,,,,,,,False
SPOT,,,,,,,,,False
SPPL,,,,,,,,,False
SPPP,,,,,,,,,False
SPRB,,,,,,,,,False
SPRC,,,,,,,,,False
SPRO,,,,,,,,,False
SPRU,,,,,,,,,False
SPRY,,,,,,,,,False
SPSC,,,,,,,,,False
SPT,,,,,,,,,False
SPTX,,,,,,,,,False
SPWH,,,,,,,,,False
SPWR,,,,,,,,,False
SPWRW,,,,,,,,,False
SPXC,,,,,,,,,False
SPXX,,,,,,,,,False
SPY,,,,,,,,,False
SQFT,,,,,,,,,False
SQFTP,,,,,,,,,False
SQFTW,,,,,,,,,False
SQM,,,,,,,,,False
SQNS,,,,,,,,,False
SR,,,,,,,,,False
SRAD,,,,,,,,,False
SRBK,,,,,,,,,False
SRCE,,,,,,,,,False
SRE,,,,,,,,,False
SREA,,,,,,,,,False
SRFM,,,,,,,,,False
SRG,,,,,,,,,False
SRG.PA,,,,,,,,,False
SRI,,,,,,,,,False
SRJN,,,,,,,,,False
SRL,,,,,,,,,False
SRPT,,,,,,,,,False
SRRK,,,,,,,,,False
SRTA,,,,,,,,,False
SRTS,,,,,,,,,False
SRV,,,,,,,,,False
SRXH,2026-01-02,2026-02-27,39.0,0.0,0.0,208096.82987948717,2.0807756922919323,-0.46969054684188194,True
SRZN,,,,,,,,,False
SRZNW,,,,,,,,,False
SSAC,2026-02-27,2026-02-27,1.0,0.0,0.0,180952.2,,,True
SSACR,,,,,,,,,False
SSACU,,,,,,,,,False
SSACW,,,,,,,,,False
SSB,,,,,,,,,False
SSD,,,,,,,,,False
SSEA,,,,,,,,,False
SSEAR,,,,,,,,,False
SSEAU,,,,,,,,,False
SSII,,,,,,,,,False
SSL,,,,,,,,,False
SSM,,,,,,,,,False
SSMR,,,,,,,,,False
SSNC,,,,,,,,,False
SSP,2026-01-02,2026-02-27,39.0,0.0,0.0,613940.36,0.6153304224797885,0.05063291139240644,True
SSRM,,,,,,,,,False
SSSS,,,,,,,,,False
SSSSL,,,,,,,,,False
SST,,,,,,,,,False
SSTI,,,,,,,,,False
SSTK,,,,,,,,,False
SSYS,,,,,,,,,False
ST,,,,,,,,,False
STAA,,,,,,,,,False
STAG,,,,,,,,,False
STAK,,,,,,,,,False
STBA,,,,,,,,,False
STC,,,,,,,,,False
STE,,,,,,,,,False
STEL,2026-01-02,2026-02-27,39.0,0.0,0.0,3008758.045384615,0.4129792113405799,0.22337662337662523,True
STEM,,,,,,,,,False
STEP,,,,,,,,,False
STEW,,,,,,,,,False
STEX,,,,,,,,,False
STFS,,,,,,,,,False
STG,,,,,,,,,False
STGW,,,,,,,,,False
STHO,,,,,,,,,False
STI,,,,,,,,,False
STIM,,,,,,,,,False
STK,,,,,,,,,False
STKE,,,,,,,,,False
STKH,,,,,,,,,False
STKS,,,,,,,,,False
STLA,,,,,,,,,False
STLD,,,,,,,,,False
STM,,,,,,,,,False
STN,,,,,,,,,False
STNE,,,,,,,,,False
STNG,,,,,,,,,False
STOK,,,,,,,,,False
STRA,,,,,,,,,False
STRC,,,,,,,,,False
STRD,,,,,,,,,False
STRF,,,,,,,,,False
STRK,,,,,,,,,False
STRL,,,,,,,,,False
STRO,,,,,,,,,False
STRR,2026-01-02,2026-02-27,39.0,0.0,0.0,16634.63782051282,0.25890232887434,-0.10573476702508966,True
STRRP,,,,,,,,,False
STRS,,,,,,,,,False
STRT,,,,,,,,,False
STRW,,,,,,,,,False
STRZ,,,,,,,,,False
STT,,,,,,,,,False
STT.PG,,,,,,,,,False
STTK,,,,,,,,,False
STUB,,,,,,,,,False
STVN,,,,,,,,,False
STWD,,,,,,,,,False
STX,,,,,,,,,False
STXS,,,,,,,,,False
STZ,,,,,,,,,False
SU,,,,,,,,,False
SUGP,,,,,,,,,False
SUI,,,,,,,,,False
SUIG,,,,,,,,,False
SUIS,,,,,,,,,False
SUJA,,,,,,,,,False
SUMA,,,,,,,,,False
SUMAR,,,,,,,,,False
SUMAU,,,,,,,,,False
SUN,,,,,,,,,False
SUNB,,,,,,,,,False
SUNC,,,,,,,,,False
SUNE,2026-01-02,2026-02-27,39.0,0.0,0.0,762222.5593794872,2.3441385446516243,0.26666666666666905,True
SUNS,,,,,,,,,False
SUPN,,,,,,,,,False
SUPV,,,,,,,,,False
SUPX,,,,,,,,,False
SURG,,,,,,,,,False
SUUN,,,,,,,,,False
SUZ,,,,,,,,,False
SVA,,,,,,,,,False
SVAC,2026-01-02,2026-02-27,37.0,0.0,0.0,1544393.3932432435,0.3767301339618108,0.028571428571429802,True
SVACU,,,,,,,,,False
SVACW,,,,,,,,,False
SVAQ,,,,,,,,,False
SVAQU,,,,,,,,,False
SVAQW,,,,,,,,,False
SVC,,,,,,,,,False
SVCC,,,,,,,,,False
SVCCU,,,,,,,,,False
SVCCW,,,,,,,,,False
SVCO,,,,,,,,,False
SVIV,,,,,,,,,False
SVIVU,,,,,,,,,False
SVIVW,,,,,,,,,False
SVM,,,,,,,,,False
SVRA,,,,,,,,,False
SVRE,,,,,,,,,False
SVREW,,,,,,,,,False
SVRN,,,,,,,,,False
SVV,,,,,,,,,False
SW,,,,,,,,,False
SWAG,,,,,,,,,False
SWAGW,,,,,,,,,False
SWBI,,,,,,,,,False
SWIM,,,,,,,,,False
SWK,,,,,,,,,False
SWKHL,2026-01-02,2026-02-27,36.0,0.0,0.0,18919.987222222222,0.03509807758348557,0.0078125,True
SWKS,2026-01-02,2026-02-27,39.0,0.0,0.0,100919815.0846154,0.46636579729907174,-0.08312616532007411,True
SWMR,,,,,,,,,False
SWVL,,,,,,,,,False
SWVLW,,,,,,,,,False
SWX,,,,,,,,,False
SWZ,,,,,,,,,False
SXC,,,,,,,,,False
SXI,,,,,,,,,False
SXT,,,,,,,,,False
SXTC,,,,,,,,,False
SXTP,,,,,,,,,False
SXTPW,,,,,,,,,False
SY,,,,,,,,,False
SYBT,,,,,,,,,False
SYF,,,,,,,,,False
SYF.PA,,,,,,,,,False
SYF.PB,,,,,,,,,False
SYK,,,,,,,,,False
SYM,,,,,,,,,False
SYNA,,,,,,,,,False
SYNX,,,,,,,,,False
SYPR,,,,,,,,,False
SYRE,,,,,,,,,False
SYY,,,,,,,,,False
SZZL,2026-01-02,2026-02-27,39.0,0.0,0.0,39350.848974358974,0.030361428859568964,0.00787401574803237,True
SZZLR,,,,,,,,,False
SZZLU,,,,,,,,,False
T,,,,,,,,,False
T.PA,,,,,,,,,False
T.PC,,,,,,,,,False
TAC,,,,,,,,,False
TACH,2026-01-06,2026-02-27,32.0,0.0,0.0,33462.0228125,0.04243185254133104,0.0019493177387923666,True
TACHU,,,,,,,,,False
TACHW,,,,,,,,,False
TACO,2026-01-02,2026-02-27,39.0,0.0,0.0,91348.4141025641,0.02011284481499166,0.00393313667649986,True
TACOU,,,,,,,,,False
TACOW,,,,,,,,,False
TACT,,,,,,,,,False
TAGS,,,,,,,,,False
TAK,,,,,,,,,False
TAL,,,,,,,,,False
TALK,2026-01-02,2026-02-27,39.0,0.0,0.0,1914365.225897436,0.6802822263695063,0.3732193732193747,True
TALKW,,,,,,,,,False
TALO,,,,,,,,,False
TANH,,,,,,,,,False
TAOP,,,,,,,,,False
TAOX,,,,,,,,,False
TAP,,,,,,,,,False
TAP.A,,,,,,,,,False
TARA,,,,,,,,,False
TARS,,,,,,,,,False
TASK,,,,,,,,,False
TATT,,,,,,,,,False
TAVI,,,,,,,,,False
TAVIR,,,,,,,,,False
TAVIU,,,,,,,,,False
TAYD,,,,,,,,,False
TBB,,,,,,,,,False
TBBB,,,,,,,,,False
TBBK,,,,,,,,,False
TBCH,,,,,,,,,False
TBH,2026-01-02,2026-02-27,39.0,0.0,0.0,11972.145502564103,1.1690988129477458,-0.356781609195402,True
TBI,,,,,,,,,False
TBLA,,,,,,,,,False
TBLAW,,,,,,,,,False
TBLD,,,,,,,,,False
TBN,,,,,,,,,False
TBPH,,,,,,,,,False
TBRG,2026-01-02,2026-02-27,39.0,0.0,0.0,1023056.1202564102,0.456042305096597,-0.07703349282296501,True
TC,,,,,,,,,False
TCBI,,,,,,,,,False
TCBIO,,,,,,,,,False
TCBK,,,,,,,,,False
TCBS,,,,,,,,,False
TCBX,,,,,,,,,False
TCGL,,,,,,,,,False
TCI,,,,,,,,,False
TCMD,,,,,,,,,False
TCOM,,,,,,,,,False
TCPA,,,,,,,,,False
TCPC,,,,,,,,,False
TCRT,,,,,,,,,False
TCRX,,,,,,,,,False
TCX,,,,,,,,,False
TD,,,,,,,,,False
TDAC,2026-01-02,2026-02-26,19.0,0.0,0.0,56864.055789473685,0.05329969571965484,0.008620689655172153,True
TDACU,,,,,,,,,False
TDACW,,,,,,,,,False
TDAY,,,,,,,,,False
TDC,,,,,,,,,False
TDF,,,,,,,,,False
TDG,,,,,,,,,False
TDIC,,,,,,,,,False
TDOC,,,,,,,,,False
TDOG,,,,,,,,,False
TDS,2026-01-02,2026-02-27,39.0,0.0,0.0,5221773.400769231,0.271863497879392,0.07389635316698762,True
TDS.PU,,,,,,,,,False
TDS.PV,,,,,,,,,False
TDTH,,,,,,,,,False
TDUP,,,,,,,,,False
TDW,,,,,,,,,False
TDWD,,,,,,,,,False
TDWDR,,,,,,,,,False
TDWDU,,,,,,,,,False
TDY,,,,,,,,,False
TE,,,,,,,,,False
TE.WT,,,,,,,,,False
TEAD,,,,,,,,,False
TEAM,,,,,,,,,False
TECH,,,,,,,,,False
TECK,,,,,,,,,False
TECX,,,,,,,,,False
TEI,,,,,,,,,False
TEL,,,,,,,,,False
TELA,,,,,,,,,False
TELO,,,,,,,,,False
TEM,,,,,,,,,False
TEN,,,,,,,,,False
TEN.PE,,,,,,,,,False
TEN.PF,,,,,,,,,False
TENB,,,,,,,,,False
TENX,,,,,,,,,False
TEO,,,,,,,,,False
TER,,,,,,,,,False
TEVA,,,,,,,,,False
TEX,,,,,,,,,False
TFC,,,,,,,,,False
TFC.PI,,,,,,,,,False
TFC.PO,,,,,,,,,False
TFC.PR,,,,,,,,,False
TFII,,,,,,,,,False
TFIN,,,,,,,,,False
TFIN.P,,,,,,,,,False
TFPM,,,,,,,,,False
TFSL,,,,,,,,,False
TFX,,,,,,,,,False
TG,,,,,,,,,False
TGB,,,,,,,,,False
TGE,,,,,,,,,False
TGE.WT,,,,,,,,,False
TGEN,,,,,,,,,False
TGHL,,,,,,,,,False
TGL,,,,,,,,,False
TGLS,,,,,,,,,False
TGS,,,,,,,,,False
TGT,,,,,,,,,False
TGTX,,,,,,,,,False
TH,,,,,,,,,False
THC,,,,,,,,,False
THCH,,,,,,,,,False
THFF,,,,,,,,,False
THG,,,,,,,,,False
THH,,,,,,,,,False
THM,,,,,,,,,False
THO,,,,,,,,,False
THQ,,,,,,,,,False
THRM,,,,,,,,,False
THRY,,,,,,,,,False
THW,,,,,,,,,False
THYP,,,,,,,,,False
TIC,,,,,,,,,False
TIGO,,,,,,,,,False
TIGR,,,,,,,,,False
TII,,,,,,,,,False
TIL,,,,,,,,,False
TILE,,,,,,,,,False
TIMB,,,,,,,,,False
TIPT,,,,,,,,,False
TISI,,,,,,,,,False
TITN,,,,,,,,,False
TJGC,,,,,,,,,False
TJX,,,,,,,,,False
TK,,,,,,,,,False
TKC,,,,,,,,,False
TKLF,,,,,,,,,False
TKNO,,,,,,,,,False
TKO,,,,,,,,,False
TKR,,,,,,,,,False
TLF,,,,,,,,,False
TLIH,,,,,,,,,False
TLK,,,,,,,,,False
TLN,,,,,,,,,False
TLNC,,,,,,,,,False
TLNCU,,,,,,,,,False
TLNCW,,,,,,,,,False
TLPH,,,,,,,,,False
TLRY,,,,,,,,,False
TLS,,,,,,,,,False
TLSA,,,,,,,,,False
TLSI,,,,,,,,,False
TLSIW,,,,,,,,,False
TLX,,,,,,,,,False
TLYS,,,,,,,,,False
TM,,,,,,,,,False
TMC,,,,,,,,,False
TMCI,,,,,,,,,False
TMCR,,,,,,,,,False
TMCWW,,,,,,,,,False
TMDE,,,,,,,,,False
TMDX,,,,,,,,,False
TME,,,,,,,,,False
TMHC,2026-01-02,2026-02-27,39.0,0.0,0.0,7938243.948205128,0.3592861951334628,0.1201767805541405,True
TMO,,,,,,,,,False
TMP,,,,,,,,,False
TMQ,,,,,,,,,False
TMTS,,,,,,,,,False
TMTSU,,,,,,,,,False
TMTSW,,,,,,,,,False
TMUS,,,,,,,,,False
TMUSI,,,,,,,,,False
TMUSL,,,,,,,,,False
TMUSZ,,,,,,,,,False
TNC,,,,,,,,,False
TNDM,,,,,,,,,False
TNET,,,,,,,,,False
TNGX,,,,,,,,,False
TNK,,,,,,,,,False
TNL,,,,,,,,,False
TNMG,,,,,,,,,False
TNON,,,,,,,,,False
TNONW,,,,,,,,,False
TNXP,,,,,,,,,False
TNYA,,,,,,,,,False
TOI,,,,,,,,,False
TOIIW,,,,,,,,,False
TOL,,,,,,,,,False
TOMZ,,,,,,,,,False
TONX,,,,,,,,,False
TOON,,,,,,,,,False
TOP,,,,,,,,,False
TOPP,,,,,,,,,False
TOPS,,,,,,,,,False
TORO,,,,,,,,,False
TOST,,,,,,,,,False
TOUR,,,,,,,,,False
TOVX,,,,,,,,,False
TOYO,,,,,,,,,False
TPB,,,,,,,,,False
TPC,,,,,,,,,False
TPCS,,,,,,,,,False
TPET,,,,,,,,,False
TPG,,,,,,,,,False
TPGXL,,,,,,,,,False
TPL,,,,,,,,,False
TPR,,,,,,,,,False
TPST,,,,,,,,,False
TPTA,,,,,,,,,False
TPVG,,,,,,,,,False
TR,,,,,,,,,False
TRAD,,,,,,,,,False
TRAD.RI,,,,,,,,,False
TRAD.UN,,,,,,,,,False
TRAK,,,,,,,,,False
TRAW,,,,,,,,,False
TRAX,,,,,,,,,False
TRC,,,,,,,,,False
TRDA,,,,,,,,,False
TREE,,,,,,,,,False
TREX,,,,,,,,,False
TRGP,,,,,,,,,False
TRGS,,,,,,,,,False
TRGSR,,,,,,,,,False
TRGSU,,,,,,,,,False
TRI,,,,,,,,,False
TRIB,,,,,,,,,False
TRIN,,,,,,,,,False
TRINI,,,,,,,,,False
TRINZ,,,,,,,,,False
TRIP,,,,,,,,,False
TRLV,,,,,,,,,False
TRMB,,,,,,,,,False
TRMD,,,,,,,,,False
TRMK,,,,,,,,,False
TRN,,,,,,,,,False
TRNO,,,,,,,,,False
TRNR,,,,,,,,,False
TRNS,,,,,,,,,False
TRON,,,,,,,,,False
TROO,,,,,,,,,False
TROW,,,,,,,,,False
TROX,,,,,,,,,False
TRP,,,,,,,,,False
TRS,,,,,,,,,False
TRSG,,,,,,,,,False
TRST,,,,,,,,,False
TRT,,,,,,,,,False
TRTN.PA,,,,,,,,,False
TRTN.PB,,,,,,,,,False
TRTN.PC,,,,,,,,,False
TRTN.PD,,,,,,,,,False
TRTN.PE,,,,,,,,,False
TRTN.PF,,,,,,,,,False
TRTN.PG,,,,,,,,,False
TRTX,,,,,,,,,False
TRTX.PC,,,,,,,,,False
TRU,,,,,,,,,False
TRUG,,,,,,,,,False
TRUP,,,,,,,,,False
TRV,,,,,,,,,False
TRVG,,,,,,,,,False
TRVI,,,,,,,,,False
TRX,,,,,,,,,False
TS,,,,,,,,,False
TSAT,,,,,,,,,False
TSBK,,,,,,,,,False
TSCO,,,,,,,,,False
TSEM,,,,,,,,,False
TSHA,,,,,,,,,False
TSI,,,,,,,,,False
TSLA,,,,,,,,,False
TSLX,,,,,,,,,False
TSM,,,,,,,,,False
TSN,,,,,,,,,False
TSQ,,,,,,,,,False
TSSI,,,,,,,,,False
TSUI,,,,,,,,,False
TT,,,,,,,,,False
TTAM,,,,,,,,,False
TTAN,,,,,,,,,False
TTC,,,,,,,,,False
TTD,,,,,,,,,False
TTE,,,,,,,,,False
TTEC,,,,,,,,,False
TTEK,,,,,,,,,False
TTGT,,,,,,,,,False
TTI,,,,,,,,,False
TTMI,,,,,,,,,False
TTRX,,,,,,,,,False
TTWO,,,,,,,,,False
TU,,,,,,,,,False
TULP,,,,,,,,,False
TURB,,,,,,,,,False
TUSK,,,,,,,,,False
TUYA,,,,,,,,,False
TV,,,,,,,,,False
TVA,,,,,,,,,False
TVACU,,,,,,,,,False
TVACW,,,,,,,,,False
TVAI,,,,,,,,,False
TVAIR,,,,,,,,,False
TVAIU,,,,,,,,,False
TVC,,,,,,,,,False
TVE,,,,,,,,,False
TVGN,,,,,,,,,False
TVGNW,,,,,,,,,False
TVRD,,,,,,,,,False
TVTX,,,,,,,,,False
TW,,,,,,,,,False
TWAV,,,,,,,,,False
TWFG,,,,,,,,,False
TWG,,,,,,,,,False
TWI,,,,,,,,,False
TWIN,,,,,,,,,False
TWLO,,,,,,,,,False
TWLV,,,,,,,,,False
TWLVR,,,,,,,,,False
TWLVU,,,,,,,,,False
TWN,,,,,,,,,False
TWO,2026-01-02,2026-02-27,39.0,0.0,0.0,4722241.241282051,0.6997108372101357,-0.024113475177303334,True
TWO.PA,,,,,,,,,False
TWO.PB,,,,,,,,,False
TWO.PC,,,,,,,,,False
TWOD,,,,,,,,,False
TWST,,,,,,,,,False
TX,,,,,,,,,False
TXG,,,,,,,,,False
TXMD,,,,,,,,,False
TXN,2026-01-02,2026-02-27,39.0,0.0,0.0,663994083.788718,0.39274643841778145,0.19398691335740081,True
TXNM,,,,,,,,,False
TXO,,,,,,,,,False
TXRH,,,,,,,,,False
TXT,,,,,,,,,False
TY,,,,,,,,,False
TY.P,,,,,,,,,False
TYG,,,,,,,,,False
TYG.RI,,,,,,,,,False
TYGO,,,,,,,,,False
TYL,,,,,,,,,False
TYRA,,,,,,,,,False
TZOO,,,,,,,,,False
U,,,,,,,,,False
UA,,,,,,,,,False
UAA,,,,,,,,,False
UAC,,,,,,,,,False
UAC.UN,,,,,,,,,False
UAC.WT,,,,,,,,,False
UAL,,,,,,,,,False
UAMY,,,,,,,,,False
UAN,,,,,,,,,False
UAVS,,,,,,,,,False
UBCP,,,,,,,,,False
UBER,,,,,,,,,False
UBS,,,,,,,,,False
UBSI,,,,,,,,,False
UBXG,,,,,,,,,False
UCAR,,,,,,,,,False
UCB,,,,,,,,,False
UCFI,,,,,,,,,False
UCFIW,,,,,,,,,False
UCIB,,,,,,,,,False
UCL,,,,,,,,,False
UCO,,,,,,,,,False
UCTT,,,,,,,,,False
UDN,,,,,,,,,False
UDR,,,,,,,,,False
UE,,,,,,,,,False
UEC,,,,,,,,,False
UEIC,,,,,,,,,False
UFCS,,,,,,,,,False
UFG,,,,,,,,,False
UFI,,,,,,,,,False
UFPI,,,,,,,,,False
UFPT,,,,,,,,,False
UG,,,,,,,,,False
UGA,,,,,,,,,False
UGI,,,,,,,,,False
UGL,,,,,,,,,False
UGP,,,,,,,,,False
UGRO,,,,,,,,,False
UHAL,,,,,,,,,False
UHAL.B,,,,,,,,,False
UHS,2026-01-02,2026-02-27,39.0,0.0,0.0,19855320.421153843,0.4172619215461739,-0.06823529411764662,True
UHT,,,,,,,,,False
UI,,,,,,,,,False
UIS,,,,,,,,,False
UK,,,,,,,,,False
UL,,,,,,,,,False
ULBI,,,,,,,,,False
ULCC,2026-01-02,2026-02-27,39.0,0.0,0.0,5199541.038717949,0.8663469276380211,-0.028446389496716185,True
ULE,,,,,,,,,False
ULH,,,,,,,,,False
ULS,,,,,,,,,False
ULTA,,,,,,,,,False
UMAC,,,,,,,,,False
UMBF,,,,,,,,,False
UMBFO,,,,,,,,,False
UMC,,,,,,,,,False
UMH,,,,,,,,,False
UMH.PD,,,,,,,,,False
UNB,,,,,,,,,False
UNCY,,,,,,,,,False
UNF,2026-01-02,2026-02-27,39.0,0.0,0.0,4101322.254102564,0.4886538890171834,0.20874700224348297,True
UNFI,,,,,,,,,False
UNG,,,,,,,,,False
UNH,,,,,,,,,False
UNIT,,,,,,,,,False
UNL,,,,,,,,,False
UNM,,,,,,,,,False
UNMA,,,,,,,,,False
UNP,2026-01-02,2026-02-27,39.0,0.0,0.0,98491995.30179487,0.2511370300754557,0.14233985688421513,True
UNTY,,,,,,,,,False
UONE,,,,,,,,,False
UONEK,,,,,,,,,False
UP,,,,,,,,,False
UPB,,,,,,,,,False
UPBD,,,,,,,,,False
UPC,,,,,,,,,False
UPLD,,,,,,,,,False
UPS,,,,,,,,,False
UPST,,,,,,,,,False
UPWK,,,,,,,,,False
UPXI,,,,,,,,,False
URBN,,,,,,,,,False
URG,,,,,,,,,False
URGN,,,,,,,,,False
URI,,,,,,,,,False
UROY,,,,,,,,,False
USA,,,,,,,,,False
USAC,,,,,,,,,False
USAR,,,,,,,,,False
USAS,,,,,,,,,False
USAU,,,,,,,,,False
USB,,,,,,,,,False
USB.PA,,,,,,,,,False
USB.PH,,,,,,,,,False
USB.PP,,,,,,,,,False
USB.PQ,,,,,,,,,False
USB.PR,,,,,,,,,False
USB.PS,,,,,,,,,False
USBC,,,,,,,,,False
USCB,,,,,,,,,False
USCI,,,,,,,,,False
USEA,,,,,,,,,False
USEG,,,,,,,,,False
USFD,,,,,,,,,False
USGO,,,,,,,,,False
USIO,,,,,,,,,False
USL,,,,,,,,,False
USLM,,,,,,,,,False
USML,,,,,,,,,False
USNA,,,,,,,,,False
USO,,,,,,,,,False
USOI,,,,,,,,,False
USPH,,,,,,,,,False
UTF,,,,,,,,,False
UTG,,,,,,,,,False
UTHR,,,,,,,,,False
UTI,,,,,,,,,False
UTL,,,,,,,,,False
UTMD,,,,,,,,,False
UTSI,,,,,,,,,False
UTZ,,,,,,,,,False
UUU,,,,,,,,,False
UUUU,2026-01-02,2026-02-27,39.0,0.0,0.0,34096357.39333333,1.0772507769198647,0.2740784780023795,True
UVE,,,,,,,,,False
UVSP,,,,,,,,,False
UVV,,,,,,,,,False
UWMC,,,,,,,,,False
UXIN,,,,,,,,,False
UYSC,2026-01-02,2026-02-27,38.0,0.0,0.0,90980.70184210528,0.013695837017917493,0.004878048780487809,True
UYSCR,,,,,,,,,False
UYSCU,,,,,,,,,False
UZD,,,,,,,,,False
UZE,,,,,,,,,False
UZF,,,,,,,,,False
UZX,,,,,,,,,False
V,,,,,,,,,False
VABK,,,,,,,,,False
VAC,,,,,,,,,False
VACH,,,,,,,,,False
VACHU,,,,,,,,,False
VACHW,,,,,,,,,False
VACI,2026-01-02,2026-02-27,22.0,0.0,0.0,101090.16977272727,0.03712667234910668,0.0060544904137240785,True
VACI.UN,,,,,,,,,False
VACI.WT,,,,,,,,,False
VAL,,,,,,,,,False
VAL.WT,,,,,,,,,False
VALE,,,,,,,,,False
VALN,,,,,,,,,False
VALU,,,,,,,,,False
VANI,,,,,,,,,False
VATE,,,,,,,,,False
VAVX,,,,,,,,,False
VBF,,,,,,,,,False
VBIO,,,,,,,,,False
VBNB,,,,,,,,,False
VBNK,,,,,,,,,False
VC,,,,,,,,,False
VCEL,,,,,,,,,False
VCIG,,,,,,,,,False
VCTR,,,,,,,,,False
VCV,,,,,,,,,False
VCX,,,,,,,,,False
VCYT,,,,,,,,,False
VECA,,,,,,,,,False
VECA.RI,,,,,,,,,False
VECA.UN,,,,,,,,,False
VECO,2026-01-02,2026-02-27,39.0,0.0,0.0,9190178.77102564,0.6121110372318878,0.0006548788474141087,True
VEEA,,,,,,,,,False
VEEAW,,,,,,,,,False
VEEE,,,,,,,,,False
VEEV,,,,,,,,,False
VEL,,,,,,,,,False
VELO,,,,,,,,,False
VENU,,,,,,,,,False
VEON,,,,,,,,,False
VERA,,,,,,,,,False
VERI,,,,,,,,,False
VERU,,,,,,,,,False
VERX,,,,,,,,,False
VET,,,,,,,,,False
VFC,,,,,,,,,False
VFF,,,,,,,,,False
VFL,,,,,,,,,False
VFS,,,,,,,,,False
VFSWW,,,,,,,,,False
VG,,,,,,,,,False
VGAS,,,,,,,,,False
VGASW,,,,,,,,,False
VGI,,,,,,,,,False
VGM,,,,,,,,,False
VGNT,,,,,,,,,False
VGZ,,,,,,,,,False
VHC,,,,,,,,,False
VHCP,,,,,,,,,False
VHCPU,,,,,,,,,False
VHCPW,,,,,,,,,False
VHI,,,,,,,,,False
VHUB,,,,,,,,,False
VIA,,,,,,,,,False
VIASP,,,,,,,,,False
VIAV,,,,,,,,,False
VICI,,,,,,,,,False
VICR,,,,,,,,,False
VIDA,,,,,,,,,False
VIK,,,,,,,,,False
VINP,,,,,,,,,False
VIOT,,,,,,,,,False
VIPS,,,,,,,,,False
VIR,,,,,,,,,False
VIRC,,,,,,,,,False
VIRT,,,,,,,,,False
VISN,,,,,,,,,False
VIST,,,,,,,,,False
VITL,,,,,,,,,False
VIV,,,,,,,,,False
VIVK,,,,,,,,,False
VIVO,,,,,,,,,False
VIVS,,,,,,,,,False
VKI,,,,,,,,,False
VKQ,,,,,,,,,False
VKTX,,,,,,,,,False
VLGEA,,,,,,,,,False
VLN,,,,,,,,,False
VLN.WT,,,,,,,,,False
VLO,,,,,,,,,False
VLRS,,,,,,,,,False
VLT,,,,,,,,,False
VLTO,,,,,,,,,False
VLY,,,,,,,,,False
VLYPN,,,,,,,,,False
VLYPO,,,,,,,,,False
VLYPP,,,,,,,,,False
VMAR,,,,,,,,,False
VMC,,,,,,,,,False
VMD,,,,,,,,,False
VMET,,,,,,,,,False
VMI,,,,,,,,,False
VMO,,,,,,,,,False
VNCE,,,,,,,,,False
VNDA,,,,,,,,,False
VNET,,,,,,,,,False
VNME,,,,,,,,,False
VNMEU,,,,,,,,,False
VNMEW,,,,,,,,,False
VNO,,,,,,,,,False
VNO.PL,,,,,,,,,False
VNO.PM,,,,,,,,,False
VNO.PN,,,,,,,,,False
VNO.PO,,,,,,,,,False
VNOM,,,,,,,,,False
VNRX,,,,,,,,,False
VNT,,,,,,,,,False
VNTG,,,,,,,,,False
VOC,,,,,,,,,False
VOD,,,,,,,,,False
VOR,,,,,,,,,False
VOXR,,,,,,,,,False
VOYA,,,,,,,,,False
VOYA.PB,,,,,,,,,False
VOYG,,,,,,,,,False
VPG,,,,,,,,,False
VPV,,,,,,,,,False
VRA,,,,,,,,,False
VRAX,,,,,,,,,False
VRCA,,,,,,,,,False
VRDN,,,,,,,,,False
VREX,,,,,,,,,False
VRM,,,,,,,,,False
VRME,2026-01-02,2026-02-27,39.0,0.0,0.0,487229.68833076925,1.9560300542140037,0.40705743392883664,True
VRNS,,,,,,,,,False
VRRM,,,,,,,,,False
VRSK,,,,,,,,,False
VRSN,,,,,,,,,False
VRT,,,,,,,,,False
VRTS,,,,,,,,,False
VRTX,,,,,,,,,False
VRXA,,,,,,,,,False
VRXAW,,,,,,,,,False
VS,,,,,,,,,False
VSA,,,,,,,,,False
VSAT,,,,,,,,,False
VSEC,,,,,,,,,False
VSECU,,,,,,,,,False
VSEE,,,,,,,,,False
VSEEW,,,,,,,,,False
VSH,,,,,,,,,False
VSME,,,,,,,,,False
VSNT,,,,,,,,,False
VST,,,,,,,,,False
VSTD,,,,,,,,,False
VSTM,,,,,,,,,False
VSTS,,,,,,,,,False
VSXY,,,,,,,,,False
VTAK,,,,,,,,,False
VTEX,,,,,,,,,False
VTGN,,,,,,,,,False
VTIX,,,,,,,,,False
VTMX,,,,,,,,,False
VTN,,,,,,,,,False
VTOL,,,,,,,,,False
VTR,,,,,,,,,False
VTRS,,,,,,,,,False
VTS,,,,,,,,,False
VTSI,,,,,,,,,False
VTVT,,,,,,,,,False
VUZI,,,,,,,,,False
VVOS,,,,,,,,,False
VVR,,,,,,,,,False
VVV,,,,,,,,,False
VVX,,,,,,,,,False
VWAV,,,,,,,,,False
VWAVW,,,,,,,,,False
VYGR,,,,,,,,,False
VYLD,,,,,,,,,False
VYNE,2026-01-02,2026-02-27,39.0,0.0,0.0,61741.9381051282,0.2598545661628841,0.03535092257285832,True
VYX,,,,,,,,,False
VZ,,,,,,,,,False
VZLA,,,,,,,,,False
W,,,,,,,,,False
WAB,,,,,,,,,False
WABC,,,,,,,,,False
WAFD,,,,,,,,,False
WAFDP,,,,,,,,,False
WAFU,,,,,,,,,False
WAI,,,,,,,,,False
WAL,,,,,,,,,False
WAL.PA,,,,,,,,,False
WALD,,,,,,,,,False
WALDW,,,,,,,,,False
WASH,,,,,,,,,False
WAT,,,,,,,,,False
WATT,,,,,,,,,False
WAVE,,,,,,,,,False
WAY,,,,,,,,,False
WB,,,,,,,,,False
WBD,2026-01-02,2026-02-27,39.0,0.0,0.0,182018149.28897437,0.18374989789705012,-0.010888654724270475,True
WBI,,,,,,,,,False
WBS,2026-01-02,2026-02-27,39.0,0.0,0.0,42484725.25692308,0.3725755429684741,0.12954260651629168,True
WBS.PF,,,,,,,,,False
WBS.PG,,,,,,,,,False
WBTN,,,,,,,,,False
WBUY,,,,,,,,,False
WBX,,,,,,,,,False
WCC,,,,,,,,,False
WCN,,,,,,,,,False
WCT,,,,,,,,,False
WD,,,,,,,,,False
WDAY,,,,,,,,,False
WDC,,,,,,,,,False
WDFC,,,,,,,,,False
WDH,,,,,,,,,False
WDI,,,,,,,,,False
WDS,,,,,,,,,False
WEA,,,,,,,,,False
WEAT,,,,,,,,,False
WEAV,,,,,,,,,False
WEC,,,,,,,,,False
WELL,,,,,,,,,False
WEN,,,,,,,,,False
WENC,,,,,,,,,False
WENC.RI,,,,,,,,,False
WENC.UN,,,,,,,,,False
WENN,,,,,,,,,False
WENNU,,,,,,,,,False
WENNW,,,,,,,,,False
WERN,,,,,,,,,False
WES,,,,,,,,,False
WEST,,,,,,,,,False
WETH,,,,,,,,,False
WETO,,,,,,,,,False
WEX,,,,,,,,,False
WEYS,,,,,,,,,False
WF,,,,,,,,,False
WFC,,,,,,,,,False
WFC.PA,,,,,,,,,False
WFC.PC,,,,,,,,,False
WFC.PD,,,,,,,,,False
WFC.PL,,,,,,,,,False
WFC.PY,,,,,,,,,False
WFC.PZ,,,,,,,,,False
WFCF,,,,,,,,,False
WFF,,,,,,,,,False
WFG,,,,,,,,,False
WFRD,2026-01-02,2026-02-27,39.0,0.0,0.0,41554195.099487185,0.4581769767004231,0.3037458276672038,True
WGO,,,,,,,,,False
WGRX,,,,,,,,,False
WGS,,,,,,,,,False
WGSWW,,,,,,,,,False
WH,,,,,,,,,False
WHD,,,,,,,,,False
WHF,,,,,,,,,False
WHFCL,,,,,,,,,False
WHG,,,,,,,,,False
WHK,,,,,,,,,False
WHLR,,,,,,,,,False
WHLRD,,,,,,,,,False
WHLRL,,,,,,,,,False
WHLRP,,,,,,,,,False
WHR,,,,,,,,,False
WHR.PA,,,,,,,,,False
WHWK,,,,,,,,,False
WIA,,,,,,,,,False
WILC,,,,,,,,,False
WIMI,,,,,,,,,False
WINA,,,,,,,,,False
WING,,,,,,,,,False
WIT,,,,,,,,,False
WIW,,,,,,,,,False
WIX,,,,,,,,,False
WK,,,,,,,,,False
WKC,,,,,,,,,False
WKEY,,,,,,,,,False
WKHS,2026-01-02,2026-02-27,39.0,0.0,0.0,125356.47538461539,0.614195875299761,-0.3830935251798553,True
WKSP,,,,,,,,,False
WLDN,,,,,,,,,False
WLDS,,,,,,,,,False
WLDSW,,,,,,,,,False
WLFC,,,,,,,,,False
WLII,,,,,,,,,False
WLIIU,,,,,,,,,False
WLIIW,,,,,,,,,False
WLK,,,,,,,,,False
WLKP,,,,,,,,,False
WLTH,,,,,,,,,False
WLY,,,,,,,,,False
WLYB,,,,,,,,,False
WM,,,,,,,,,False
WMB,,,,,,,,,False
WMG,,,,,,,,,False
WMK,,,,,,,,,False
WMS,,,,,,,,,False
WMT,,,,,,,,,False
WNC,,,,,,,,,False
WNEB,,,,,,,,,False
WNW,,,,,,,,,False
WOK,,,,,,,,,False
WOLF,,,,,,,,,False
WOOF,,,,,,,,,False
WOR,,,,,,,,,False
WPAC,,,,,,,,,False
WPAC.RI,,,,,,,,,False
WPAC.UN,,,,,,,,,False
WPC,,,,,,,,,False
WPM,,,,,,,,,False
WPP,,,,,,,,,False
WPRT,,,,,,,,,False
WRAP,,,,,,,,,False
WRB,,,,,,,,,False
WRB.PE,,,,,,,,,False
WRB.PF,,,,,,,,,False
WRB.PG,,,,,,,,,False
WRB.PH,,,,,,,,,False
WRBY,,,,,,,,,False
WRD,,,,,,,,,False
WRLD,,,,,,,,,False
WRN,,,,,,,,,False
WS,,,,,,,,,False
WSBC,,,,,,,,,False
WSBCO,,,,,,,,,False
WSBF,,,,,,,,,False
WSBK,,,,,,,,,False
WSC,,,,,,,,,False
WSE,,,,,,,,,False
WSFS,,,,,,,,,False
WSHP,,,,,,,,,False
WSM,,,,,,,,,False
WSO,,,,,,,,,False
WSO.B,,,,,,,,,False
WSR,2026-01-02,2026-02-27,39.0,0.0,0.0,286075.5617948718,0.19631201974703075,0.09931134469010572,True
WST,,,,,,,,,False
WSTN,,,,,,,,,False
WSTNR,,,,,,,,,False
WSTNU,,,,,,,,,False
WT,,,,,,,,,False
WTBA,,,,,,,,,False
WTF,,,,,,,,,False
WTFC,,,,,,,,,False
WTFCN,,,,,,,,,False
WTG,,,,,,,,,False
WTGUR,,,,,,,,,False
WTGUU,,,,,,,,,False
WTI,,,,,,,,,False
WTID,,,,,,,,,False
WTIU,,,,,,,,,False
WTM,,,,,,,,,False
WTO,,,,,,,,,False
WTRG,2026-01-02,2026-02-27,39.0,0.0,0.0,10875546.081410257,0.24386844671086666,0.05651105651105781,True
WTS,,,,,,,,,False
WTTR,,,,,,,,,False
WTW,,,,,,,,,False
WU,2026-01-02,2026-02-27,39.0,0.0,0.0,7118466.935512821,0.2973559807127545,0.041711809317444004,True
WULF,,,,,,,,,False
WVE,,,,,,,,,False
WVVI,,,,,,,,,False
WVVIP,,,,,,,,,False
WW,,,,,,,,,False
WWD,,,,,,,,,False
WWR,,,,,,,,,False
WWW,,,,,,,,,False
WXM,,,,,,,,,False
WY,,,,,,,,,False
WYFI,,,,,,,,,False
WYHG,,,,,,,,,False
WYNN,,,,,,,,,False
WYY,,,,,,,,,False
XAIR,,,,,,,,,False
XBIO,,,,,,,,,False
XBIT,,,,,,,,,False
XBP,,,,,,,,,False
XBPEW,,,,,,,,,False
XCBE,,,,,,,,,False
XCBEU,,,,,,,,,False
XCBEW,,,,,,,,,False
XCH,,,,,,,,,False
XCUR,2026-01-02,2026-02-27,39.0,0.0,0.0,22175.99358974359,0.7737403770565693,-0.32974910394265167,True
XE,,,,,,,,,False
XEL,,,,,,,,,False
XELB,,,,,,,,,False
XELLL,,,,,,,,,False
XENE,,,,,,,,,False
XERS,,,,,,,,,False
XFLH,,,,,,,,,False
XFLH.RI,,,,,,,,,False
XFLH.UN,,,,,,,,,False
XFLT,,,,,,,,,False
XFOR,,,,,,,,,False
XGN,,,,,,,,,False
XHG,,,,,,,,,False
XHLD,,,,,,,,,False
XHR,,,,,,,,,False
XIFR,,,,,,,,,False
XLO,,,,,,,,,False
XMAX,,,,,,,,,False
XMTR,,,,,,,,,False
XNCR,,,,,,,,,False
XNDU,,,,,,,,,False
XNET,,,,,,,,,False
XOM,,,,,,,,,False
XOMA,2026-01-02,2026-02-27,39.0,0.0,0.0,3033564.7733333334,0.6955399276733669,-0.11965517241379198,True
XOMAO,,,,,,,,,False
XOMAP,,,,,,,,,False
XOS,,,,,,,,,False
XOSWW,,,,,,,,,False
XP,,,,,,,,,False
XPEL,,,,,,,,,False
XPER,,,,,,,,,False
XPEV,,,,,,,,,False
XPL,,,,,,,,,False
XPO,,,,,,,,,False
XPOF,,,,,,,,,False
XPON,,,,,,,,,False
XPRO,,,,,,,,,False
XRAY,,,,,,,,,False
XRN,,,,,,,,,False
XRN.PA,,,,,,,,,False
XRN.PB,,,,,,,,,False
XRP,,,,,,,,,False
XRPN,2026-01-02,2026-02-27,39.0,0.0,0.0,167939.50025641025,0.07262045543812388,0.008806262230920403,True
XRPNU,,,,,,,,,False
XRPNW,,,,,,,,,False
XRPZ,,,,,,,,,False
XRTX,,,,,,,,,False
XRX,,,,,,,,,False
XRXDW,,,,,,,,,False
XSLL,,,,,,,,,False
XSLLU,,,,,,,,,False
XSLLW,,,,,,,,,False
XTIA,,,,,,,,,False
XTLB,,,,,,,,,False
XTNT,,,,,,,,,False
XWEL,,,,,,,,,False
XXI,2026-01-02,2026-02-27,39.0,0.0,0.0,628569.2064102564,0.8224807238655258,-0.3766094420600846,True
XXII,,,,,,,,,False
XYF,,,,,,,,,False
XYL,,,,,,,,,False
XYZ,,,,,,,,,False
XZO,,,,,,,,,False
YAAS,,,,,,,,,False
YALA,,,,,,,,,False
YB,,,,,,,,,False
YCBD,,,,,,,,,False
YCL,,,,,,,,,False
YCS,,,,,,,,,False
YCY,,,,,,,,,False
YCY.UN,,,,,,,,,False
YCY.WT,,,,,,,,,False
YDDL,,,,,,,,,False
YDES,,,,,,,,,False
YDESW,,,,,,,,,False
YDKG,,,,,,,,,False
YELP,,,,,,,,,False
YETI,,,,,,,,,False
YEXT,,,,,,,,,False
YHC,,,,,,,,,False
YHGJ,,,,,,,,,False
YHNA,,,,,,,,,False
YHNAR,,,,,,,,,False
YHNAU,,,,,,,,,False
YI,,,,,,,,,False
YIBO,,,,,,,,,False
YJ,,,,,,,,,False
YMAT,,,,,,,,,False
YMM,,,,,,,,,False
YMT,,,,,,,,,False
YOOV,,,,,,,,,False
YORW,,,,,,,,,False
YOU,,,,,,,,,False
YOUL,,,,,,,,,False
YPF,,,,,,,,,False
YQ,,,,,,,,,False
YRD,,,,,,,,,False
YSG,,,,,,,,,False
YSS,,,,,,,,,False
YSWY,,,,,,,,,False
YSXT,,,,,,,,,False
YTRA,,,,,,,,,False
YUM,,,,,,,,,False
YUMC,,,,,,,,,False
YXT,,,,,,,,,False
YYAI,,,,,,,,,False
YYGH,,,,,,,,,False
Z,,,,,,,,,False
ZBAO,,,,,,,,,False
ZBH,,,,,,,,,False
ZBIO,,,,,,,,,False
ZBRA,,,,,,,,,False
ZCMD,,,,,,,,,False
ZD,,,,,,,,,False
ZDAI,,,,,,,,,False
ZDGE,,,,,,,,,False
ZENA,,,,,,,,,False
ZEO,,,,,,,,,False
ZEOWW,,,,,,,,,False
ZEPP,,,,,,,,,False
ZETA,,,,,,,,,False
ZG,,,,,,,,,False
ZGN,,,,,,,,,False
ZH,,,,,,,,,False
ZIM,,,,,,,,,False
ZION,,,,,,,,,False
ZIONP,,,,,,,,,False
ZIP,,,,,,,,,False
ZJK,,,,,,,,,False
ZJYL,,,,,,,,,False
ZKH,,,,,,,,,False
ZKIN,,,,,,,,,False
ZKP,,,,,,,,,False
ZKPU,,,,,,,,,False
ZKPW,,,,,,,,,False
ZLAB,,,,,,,,,False
ZM,,,,,,,,,False
ZNB,,,,,,,,,False
ZNTL,,,,,,,,,False
ZONE,,,,,,,,,False
ZOOZ,,,,,,,,,False
ZOOZW,,,,,,,,,False
ZS,,,,,,,,,False
ZSL,,,,,,,,,False
ZSQR,,,,,,,,,False
ZSTK,,,,,,,,,False
ZTEK,,,,,,,,,False
ZTG,,,,,,,,,False
ZTO,,,,,,,,,False
ZTR,,,,,,,,,False
ZTS,,,,,,,,,False
ZUMZ,,,,,,,,,False
ZURA,,,,,,,,,False
ZVIA,,,,,,,,,False
ZVRA,,,,,,,,,False
ZWS,,,,,,,,,False
ZYBT,,,,,,,,,False
ZYME,,,,,,,,,False
